site YYMMMDD yyyy.yyyy __MJD week d reflon _e0(m) __east(m) ____n0(m) _north(m) u0(m) ____up(m) _ant(m) sig_e(m) sig_n(m) sig_u(m) __corr_en __corr_eu __corr_nu _latitude(deg) _longitude(deg) __height(m)
J157 96MAR25 1996.2300 50167 846 1 141.1 -2000 -0.360702 4461849 0.400026 203 0.100618 0.0000 0.001878 0.002164 0.008288 0.051566 0.046278 -0.031134 40.2910763466 -218.9235253062 203.10062
J157 96MAR26 1996.2327 50168 846 2 141.1 -2000 -0.358377 4461849 0.399933 203 0.089789 0.0000 0.001177 0.001539 0.005660 -0.029977 0.047021 -0.156002 40.2910763457 -218.9235252789 203.08979
J157 96MAR27 1996.2355 50169 846 3 141.1 -2000 -0.356144 4461849 0.398217 203 0.078536 0.0000 0.001108 0.001458 0.005236 -0.018647 0.009143 -0.120519 40.2910763303 -218.9235252526 203.07854
J157 96MAR28 1996.2382 50170 846 4 141.1 -2000 -0.353763 4461849 0.397624 203 0.091517 0.0000 0.001125 0.001457 0.005377 0.012296 -0.037945 -0.145668 40.2910763249 -218.9235252246 203.09152
J157 96MAR29 1996.2409 50171 846 5 141.1 -2000 -0.352016 4461849 0.402137 203 0.088183 0.0000 0.001105 0.001447 0.005201 -0.016718 0.038552 -0.118911 40.2910763656 -218.9235252041 203.08818
J157 96MAR30 1996.2437 50172 846 6 141.1 -2000 -0.357906 4461849 0.397883 203 0.077526 0.0000 0.001111 0.001423 0.005177 0.006500 0.013259 -0.129642 40.2910763273 -218.9235252733 203.07753
J157 96MAR31 1996.2464 50173 847 0 141.1 -2000 -0.364068 4461849 0.404005 203 0.080360 0.0000 0.001117 0.001465 0.005349 0.006296 -0.057663 -0.171390 40.2910763824 -218.9235253458 203.08036
J157 96APR01 1996.2491 50174 847 1 141.1 -2000 -0.353189 4461849 0.399409 203 0.089688 0.0000 0.001139 0.001464 0.005460 -0.008997 0.044710 -0.197855 40.2910763410 -218.9235252179 203.08969
J157 96APR02 1996.2519 50175 847 2 141.1 -2000 -0.356988 4461849 0.403789 203 0.081707 0.0000 0.001136 0.001456 0.005295 -0.002893 0.006138 -0.145366 40.2910763804 -218.9235252626 203.08171
J157 96APR03 1996.2546 50176 847 3 141.1 -2000 -0.356007 4461849 0.404590 203 0.084577 0.0000 0.001120 0.001466 0.005272 -0.007802 0.008811 -0.090143 40.2910763876 -218.9235252510 203.08458
J157 96APR04 1996.2574 50177 847 4 141.1 -2000 -0.359460 4461849 0.400187 203 0.088352 0.0000 0.001099 0.001421 0.005133 -0.011660 0.022054 -0.156652 40.2910763480 -218.9235252916 203.08835
J157 96APR05 1996.2601 50178 847 5 141.1 -2000 -0.354303 4461849 0.402368 203 0.083359 0.0000 0.001186 0.001492 0.005468 -0.029460 -0.003700 -0.154005 40.2910763676 -218.9235252310 203.08336
J157 96APR06 1996.2628 50179 847 6 141.1 -2000 -0.357116 4461849 0.398092 203 0.090522 0.0000 0.001109 0.001424 0.005202 -0.013442 -0.011320 -0.172389 40.2910763291 -218.9235252640 203.09052
J157 96APR07 1996.2656 50180 848 0 141.1 -2000 -0.354557 4461849 0.396652 203 0.089596 0.0000 0.001123 0.001447 0.005263 0.003485 0.027173 -0.186107 40.2910763162 -218.9235252339 203.08960
J157 96APR08 1996.2683 50181 848 1 141.1 -2000 -0.356415 4461849 0.398021 203 0.082554 0.0000 0.001138 0.001490 0.005410 -0.039019 -0.014629 -0.145738 40.2910763285 -218.9235252558 203.08255
J157 96APR09 1996.2710 50182 848 2 141.1 -2000 -0.359204 4461849 0.402269 203 0.073082 0.0000 0.001144 0.001492 0.005377 -0.023737 0.004868 -0.080642 40.2910763667 -218.9235252886 203.07308
J157 96APR10 1996.2738 50183 848 3 141.1 -2000 -0.356110 4461849 0.400198 203 0.089223 0.0000 0.001127 0.001471 0.005349 -0.052049 0.059040 -0.169237 40.2910763481 -218.9235252522 203.08922
J157 96APR11 1996.2765 50184 848 4 141.1 -2000 -0.353845 4461849 0.397826 203 0.089537 0.0000 0.001111 0.001437 0.005216 -0.045086 0.041836 -0.188317 40.2910763267 -218.9235252256 203.08954
J157 96APR13 1996.2820 50186 848 6 141.1 -2000 -0.359521 4461849 0.401174 203 0.086831 0.0000 0.001177 0.001485 0.005456 -0.069605 -0.004819 -0.111580 40.2910763569 -218.9235252923 203.08683
J157 96APR14 1996.2847 50187 849 0 141.1 -2000 -0.356903 4461849 0.399287 203 0.087364 0.0000 0.001206 0.001509 0.005578 -0.099434 0.031410 -0.116590 40.2910763399 -218.9235252615 203.08736
J157 96APR15 1996.2875 50188 849 1 141.1 -2000 -0.355822 4461849 0.399256 203 0.083848 0.0000 0.001207 0.001523 0.005500 -0.113050 0.031724 -0.159804 40.2910763396 -218.9235252488 203.08385
J157 96APR16 1996.2902 50189 849 2 141.1 -2000 -0.354149 4461849 0.399238 203 0.090962 0.0000 0.001139 0.001474 0.005269 -0.049731 0.008361 -0.142392 40.2910763395 -218.9235252291 203.09096
J157 96APR17 1996.2930 50190 849 3 141.1 -2000 -0.360044 4461849 0.395688 203 0.070117 0.0000 0.001108 0.001455 0.005257 -0.072665 0.023061 -0.185062 40.2910763075 -218.9235252985 203.07012
J157 96APR18 1996.2957 50191 849 4 141.1 -2000 -0.349612 4461849 0.395211 203 0.067304 0.0000 0.001212 0.001592 0.005615 -0.044325 -0.019760 -0.151440 40.2910763032 -218.9235251758 203.06730
J157 96APR19 1996.2984 50192 849 5 141.1 -2000 -0.353761 4461849 0.397632 203 0.085938 0.0000 0.001154 0.001513 0.005483 -0.044531 0.058027 -0.159674 40.2910763250 -218.9235252246 203.08594
J157 96APR20 1996.3012 50193 849 6 141.1 -2000 -0.353763 4461849 0.397225 203 0.081600 0.0000 0.001173 0.001504 0.005364 -0.109955 0.046941 -0.082327 40.2910763213 -218.9235252246 203.08160
J157 96APR21 1996.3039 50194 850 0 141.1 -2000 -0.360911 4461849 0.396023 203 0.079550 0.0000 0.001208 0.001514 0.005570 -0.124840 0.099370 -0.168624 40.2910763105 -218.9235253087 203.07955
J157 96APR22 1996.3066 50195 850 1 141.1 -2000 -0.355654 4461849 0.397519 203 0.087457 0.0000 0.001237 0.001533 0.005621 -0.147367 0.047528 -0.157161 40.2910763240 -218.9235252468 203.08746
J157 96APR23 1996.3094 50196 850 2 141.1 -2000 -0.356744 4461849 0.396145 203 0.094389 0.0000 0.001154 0.001455 0.005290 -0.051284 0.088310 -0.136987 40.2910763116 -218.9235252597 203.09439
J157 96APR24 1996.3121 50197 850 3 141.1 -2000 -0.353512 4461849 0.397164 203 0.093226 0.0000 0.001136 0.001480 0.005355 -0.066288 0.060964 -0.123404 40.2910763208 -218.9235252217 203.09323
J157 96APR25 1996.3149 50198 850 4 141.1 -2000 -0.354930 4461849 0.396641 203 0.084508 0.0000 0.001154 0.001485 0.005359 -0.066694 0.033247 -0.140082 40.2910763161 -218.9235252383 203.08451
J157 96APR26 1996.3176 50199 850 5 141.1 -2000 -0.357472 4461849 0.403461 203 0.082437 0.0000 0.001167 0.001515 0.005465 -0.029747 0.023217 -0.116194 40.2910763775 -218.9235252682 203.08244
J157 96APR27 1996.3203 50200 850 6 141.1 -2000 -0.345865 4461849 0.398183 203 0.088536 0.0000 0.001125 0.001445 0.005261 -0.026314 0.009128 -0.160052 40.2910763300 -218.9235251317 203.08854
J157 96APR28 1996.3231 50201 851 0 141.1 -2000 -0.354174 4461849 0.397688 203 0.090657 0.0000 0.001131 0.001447 0.005307 -0.033519 -0.017460 -0.191078 40.2910763255 -218.9235252294 203.09066
J157 96APR29 1996.3258 50202 851 1 141.1 -2000 -0.357727 4461849 0.395380 203 0.088678 0.0000 0.001119 0.001508 0.005349 -0.070990 0.032284 -0.127996 40.2910763047 -218.9235252712 203.08868
J157 96APR30 1996.3285 50203 851 2 141.1 -2000 -0.354015 4461849 0.397493 203 0.084526 0.0000 0.001130 0.001460 0.005307 -0.045493 0.014761 -0.145052 40.2910763237 -218.9235252276 203.08453
J157 96MAY01 1996.3313 50204 851 3 141.1 -2000 -0.353901 4461849 0.397420 203 0.089417 0.0000 0.001184 0.001525 0.005501 -0.070832 0.013482 -0.088333 40.2910763231 -218.9235252262 203.08942
J157 96MAY02 1996.3340 50205 851 4 141.1 -2000 -0.357710 4461849 0.396409 203 0.092070 0.0000 0.001187 0.001513 0.005551 -0.017367 -0.036541 -0.151711 40.2910763140 -218.9235252710 203.09207
J157 96MAY03 1996.3368 50206 851 5 141.1 -2000 -0.357284 4461849 0.399659 203 0.099973 0.0000 0.001173 0.001477 0.005470 -0.042564 -0.032738 -0.161469 40.2910763432 -218.9235252660 203.09997
J157 96MAY04 1996.3395 50207 851 6 141.1 -2000 -0.353133 4461849 0.399683 203 0.091412 0.0000 0.001109 0.001437 0.005210 -0.040516 -0.014328 -0.132153 40.2910763435 -218.9235252172 203.09141
J157 96MAY05 1996.3422 50208 852 0 141.1 -2000 -0.352408 4461849 0.398399 203 0.086128 0.0000 0.001113 0.001461 0.005245 -0.045645 -0.019430 -0.136073 40.2910763319 -218.9235252087 203.08613
J157 96MAY06 1996.3450 50209 852 1 141.1 -2000 -0.354834 4461849 0.398759 203 0.087016 0.0000 0.001227 0.001553 0.005619 -0.050337 -0.019480 -0.151672 40.2910763351 -218.9235252372 203.08702
J157 96MAY07 1996.3477 50210 852 2 141.1 -2000 -0.357053 4461849 0.398609 203 0.093666 0.0000 0.001143 0.001459 0.005338 -0.038154 -0.002478 -0.176575 40.2910763338 -218.9235252633 203.09367
J157 96MAY08 1996.3504 50211 852 3 141.1 -2000 -0.355919 4461849 0.394816 203 0.093323 0.0000 0.001148 0.001456 0.005364 -0.042397 0.022028 -0.141310 40.2910762996 -218.9235252500 203.09332
J157 96MAY09 1996.3532 50212 852 4 141.1 -2000 -0.357392 4461849 0.396404 203 0.093358 0.0000 0.001188 0.001566 0.005634 -0.056457 -0.032290 -0.108266 40.2910763139 -218.9235252673 203.09336
J157 96MAY10 1996.3559 50213 852 5 141.1 -2000 -0.360259 4461849 0.399690 203 0.074028 0.0000 0.001195 0.001589 0.005811 -0.006874 0.017010 -0.138818 40.2910763435 -218.9235253010 203.07403
J157 96MAY11 1996.3587 50214 852 6 141.1 -2000 -0.358403 4461849 0.398227 203 0.093674 0.0000 0.001210 0.001560 0.005712 -0.003248 0.002125 -0.186195 40.2910763303 -218.9235252792 203.09367
J157 96MAY12 1996.3614 50215 853 0 141.1 -2000 -0.351292 4461849 0.400823 203 0.088327 0.0000 0.001230 0.001625 0.005899 -0.007266 0.044259 -0.141605 40.2910763537 -218.9235251956 203.08833
J157 96MAY13 1996.3641 50216 853 1 141.1 -2000 -0.352024 4461849 0.399605 203 0.085756 0.0000 0.001211 0.001584 0.005903 -0.016939 -0.028461 -0.171910 40.2910763428 -218.9235252042 203.08576
J157 96MAY14 1996.3669 50217 853 2 141.1 -2000 -0.357260 4461849 0.400608 203 0.079723 0.0000 0.001158 0.001546 0.005628 -0.035163 0.017427 -0.163584 40.2910763518 -218.9235252657 203.07972
J157 96MAY15 1996.3696 50218 853 3 141.1 -2000 -0.356015 4461849 0.399249 203 0.080895 0.0000 0.001232 0.001534 0.005668 -0.039282 -0.010168 -0.201527 40.2910763396 -218.9235252511 203.08090
J157 96MAY16 1996.3723 50219 853 4 141.1 -2000 -0.356399 4461849 0.398059 203 0.082523 0.0000 0.001313 0.001571 0.005946 -0.050559 0.017811 -0.191081 40.2910763288 -218.9235252556 203.08252
J157 96MAY17 1996.3751 50220 853 5 141.1 -2000 -0.353299 4461849 0.397146 203 0.081798 0.0000 0.001335 0.001628 0.006059 -0.034529 0.122457 -0.185533 40.2910763206 -218.9235252191 203.08180
J157 96MAY18 1996.3778 50221 853 6 141.1 -2000 -0.350368 4461849 0.398820 203 0.091019 0.0000 0.001243 0.001611 0.005808 -0.025692 0.046554 -0.169979 40.2910763357 -218.9235251847 203.09102
J157 96MAY19 1996.3806 50222 854 0 141.1 -2000 -0.347984 4461849 0.399231 203 0.087246 0.0000 0.001247 0.001590 0.005751 -0.064966 0.094860 -0.140141 40.2910763394 -218.9235251566 203.08725
J157 96MAY20 1996.3833 50223 854 1 141.1 -2000 -0.351941 4461849 0.395313 203 0.097646 0.0000 0.001146 0.001441 0.005383 -0.032450 0.078990 -0.195981 40.2910763041 -218.9235252032 203.09765
J157 96MAY21 1996.3860 50224 854 2 141.1 -2000 -0.349086 4461849 0.397920 203 0.093086 0.0000 0.001210 0.001631 0.005829 -0.007933 0.024130 -0.137357 40.2910763276 -218.9235251696 203.09309
J157 96MAY22 1996.3888 50225 854 3 141.1 -2000 -0.352201 4461849 0.399323 203 0.093108 0.0000 0.001207 0.001640 0.005737 -0.026674 0.050046 -0.170720 40.2910763402 -218.9235252062 203.09311
J157 96MAY23 1996.3915 50226 854 4 141.1 -2000 -0.352842 4461849 0.400726 203 0.092931 0.0000 0.001242 0.001631 0.005733 0.003169 0.014794 -0.142850 40.2910763529 -218.9235252138 203.09293
J157 96MAY24 1996.3943 50227 854 5 141.1 -2000 -0.354437 4461849 0.397651 203 0.097945 0.0000 0.001265 0.001635 0.006123 -0.089323 0.047262 -0.179538 40.2910763252 -218.9235252325 203.09794
J157 96MAY25 1996.3970 50228 854 6 141.1 -2000 -0.355007 4461849 0.398219 203 0.085778 0.0000 0.001204 0.001562 0.005811 -0.054586 0.027563 -0.152733 40.2910763303 -218.9235252392 203.08578
J157 96MAY26 1996.3997 50229 855 0 141.1 -2000 -0.352401 4461849 0.395633 203 0.102721 0.0000 0.001167 0.001501 0.005459 0.004112 0.031681 -0.157505 40.2910763070 -218.9235252086 203.10272
J157 96MAY27 1996.4025 50230 855 1 141.1 -2000 -0.350016 4461849 0.395557 203 0.098710 0.0000 0.001219 0.001567 0.005697 -0.007309 0.056862 -0.147205 40.2910763063 -218.9235251805 203.09871
J157 96MAY28 1996.4052 50231 855 2 141.1 -2000 -0.355399 4461849 0.395407 203 0.086541 0.0000 0.001270 0.001709 0.005837 -0.001825 -0.006473 -0.107293 40.2910763049 -218.9235252438 203.08654
J157 96MAY29 1996.4079 50232 855 3 141.1 -2000 -0.362363 4461849 0.396173 203 0.088372 0.0000 0.001290 0.001608 0.005977 -0.100706 0.048318 -0.197294 40.2910763119 -218.9235253257 203.08837
J157 96MAY30 1996.4107 50233 855 4 141.1 -2000 -0.355267 4461849 0.390782 203 0.094081 0.0000 0.001225 0.001544 0.005866 -0.002645 0.041264 -0.187694 40.2910762633 -218.9235252423 203.09408
J157 96MAY31 1996.4134 50234 855 5 141.1 -2000 -0.356691 4461849 0.394587 203 0.093708 0.0000 0.001227 0.001590 0.005794 0.031167 -0.001836 -0.189147 40.2910762976 -218.9235252590 203.09371
J157 96JUN01 1996.4162 50235 855 6 141.1 -2000 -0.356800 4461849 0.394417 203 0.093645 0.0000 0.001294 0.001686 0.006055 -0.002988 0.031846 -0.083948 40.2910762960 -218.9235252603 203.09364
J157 96JUN02 1996.4189 50236 856 0 141.1 -2000 -0.355756 4461849 0.396551 203 0.093115 0.0000 0.001305 0.001667 0.006131 -0.007624 0.063383 -0.113549 40.2910763153 -218.9235252480 203.09312
J157 96JUN03 1996.4216 50237 856 1 141.1 -2000 -0.363268 4461849 0.395634 203 0.102616 0.0000 0.001403 0.001810 0.006576 -0.023818 -0.044561 -0.123894 40.2910763070 -218.9235253364 203.10262
J157 96JUN04 1996.4244 50238 856 2 141.1 -2000 -0.361057 4461849 0.397297 203 0.089139 0.0000 0.001203 0.001534 0.005759 -0.025639 -0.025250 -0.173615 40.2910763220 -218.9235253104 203.08914
J157 96JUN05 1996.4271 50239 856 3 141.1 -2000 -0.355202 4461849 0.395079 203 0.103565 0.0000 0.001288 0.001695 0.006085 -0.064074 0.026939 -0.206331 40.2910763020 -218.9235252415 203.10356
J157 96JUN06 1996.4298 50240 856 4 141.1 -2000 -0.356740 4461849 0.391420 203 0.087329 0.0000 0.001211 0.001537 0.005657 0.009007 0.036858 -0.129708 40.2910762690 -218.9235252596 203.08733
J157 96JUN07 1996.4326 50241 856 5 141.1 -2000 -0.354185 4461849 0.398088 203 0.081373 0.0000 0.001204 0.001566 0.005582 0.007738 0.027728 -0.142506 40.2910763291 -218.9235252296 203.08137
J157 96JUN08 1996.4353 50242 856 6 141.1 -2000 -0.354716 4461849 0.396888 203 0.088449 0.0000 0.001265 0.001618 0.005788 -0.054691 0.044907 -0.119850 40.2910763183 -218.9235252358 203.08845
J157 96JUN09 1996.4381 50243 857 0 141.1 -2000 -0.354124 4461849 0.394578 203 0.078950 0.0000 0.001217 0.001613 0.005689 -0.030563 -0.024132 -0.115633 40.2910762975 -218.9235252288 203.07895
J157 96JUN10 1996.4408 50244 857 1 141.1 -2000 -0.356607 4461849 0.393991 203 0.092086 0.0000 0.001236 0.001556 0.005713 0.034307 -0.048644 -0.122413 40.2910762922 -218.9235252580 203.09209
J157 96JUN11 1996.4435 50245 857 2 141.1 -2000 -0.354518 4461849 0.395101 203 0.094079 0.0000 0.001225 0.001531 0.005708 0.013770 -0.014790 -0.174437 40.2910763022 -218.9235252335 203.09408
J157 96JUN12 1996.4463 50246 857 3 141.1 -2000 -0.355049 4461849 0.394704 203 0.086879 0.0000 0.001297 0.001651 0.006070 0.042564 -0.033182 -0.178357 40.2910762986 -218.9235252397 203.08688
J157 96JUN13 1996.4490 50247 857 4 141.1 -2000 -0.353701 4461849 0.392771 203 0.087679 0.0000 0.001243 0.001562 0.005688 -0.027618 0.015113 -0.201466 40.2910762812 -218.9235252239 203.08768
J157 96JUN14 1996.4517 50248 857 5 141.1 -2000 -0.356542 4461849 0.396085 203 0.092341 0.0000 0.001298 0.001614 0.006057 0.033725 -0.124385 -0.135231 40.2910763111 -218.9235252573 203.09234
J157 96JUN15 1996.4545 50249 857 6 141.1 -2000 -0.352624 4461849 0.398639 203 0.098977 0.0000 0.001354 0.001707 0.006330 -0.034761 0.092939 -0.221687 40.2910763341 -218.9235252112 203.09898
J157 96JUN16 1996.4572 50250 858 0 141.1 -2000 -0.351345 4461849 0.398578 203 0.100397 0.0000 0.001307 0.001727 0.006124 0.041582 0.012462 -0.135135 40.2910763335 -218.9235251962 203.10040
J157 96JUN17 1996.4600 50251 858 1 141.1 -2000 -0.354166 4461849 0.396733 203 0.087434 0.0000 0.001267 0.001716 0.005927 0.048863 -0.028488 -0.186260 40.2910763169 -218.9235252293 203.08743
J157 96JUN18 1996.4627 50252 858 2 141.1 -2000 -0.351704 4461849 0.394288 203 0.091219 0.0000 0.001496 0.001891 0.006996 0.047891 0.063121 -0.135128 40.2910762949 -218.9235252004 203.09122
J157 96JUN19 1996.4654 50253 858 3 141.1 -2000 -0.357049 4461849 0.400209 203 0.095753 0.0000 0.001295 0.001691 0.006017 -0.031418 0.009461 -0.116853 40.2910763482 -218.9235252633 203.09575
J157 96JUN20 1996.4682 50254 858 4 141.1 -2000 -0.357626 4461849 0.397631 203 0.089240 0.0000 0.001328 0.001713 0.006240 -0.015389 0.055392 -0.215303 40.2910763250 -218.9235252700 203.08924
J157 96JUN21 1996.4709 50255 858 5 141.1 -2000 -0.352242 4461849 0.400768 203 0.094132 0.0000 0.001224 0.001607 0.005799 -0.030402 0.016308 -0.205039 40.2910763532 -218.9235252067 203.09413
J157 96JUN22 1996.4736 50256 858 6 141.1 -2000 -0.352697 4461849 0.395277 203 0.096085 0.0000 0.001260 0.001631 0.005796 -0.013856 0.063076 -0.141508 40.2910763038 -218.9235252121 203.09608
J157 96JUN23 1996.4764 50257 859 0 141.1 -2000 -0.351001 4461849 0.396211 203 0.090569 0.0000 0.001180 0.001527 0.005526 -0.030253 0.069552 -0.193291 40.2910763122 -218.9235251921 203.09057
J157 96JUN24 1996.4791 50258 859 1 141.1 -2000 -0.352036 4461849 0.398012 203 0.090415 0.0000 0.001174 0.001485 0.005502 -0.011002 -0.031479 -0.185889 40.2910763284 -218.9235252043 203.09041
J157 96JUN25 1996.4819 50259 859 2 141.1 -2000 -0.353538 4461849 0.397495 203 0.095946 0.0000 0.001169 0.001514 0.005511 0.003617 0.040260 -0.152274 40.2910763238 -218.9235252220 203.09595
J157 96JUN26 1996.4846 50260 859 3 141.1 -2000 -0.349625 4461849 0.395892 203 0.090197 0.0000 0.001237 0.001591 0.005702 -0.041073 0.056188 -0.190220 40.2910763093 -218.9235251759 203.09020
J157 96JUN27 1996.4873 50261 859 4 141.1 -2000 -0.355919 4461849 0.396777 203 0.097918 0.0000 0.001235 0.001612 0.005894 -0.031886 0.058484 -0.167249 40.2910763173 -218.9235252500 203.09792
J157 96JUN28 1996.4901 50262 859 5 141.1 -2000 -0.351883 4461849 0.396309 203 0.099480 0.0000 0.001247 0.001629 0.005905 0.002194 0.010495 -0.169874 40.2910763131 -218.9235252025 203.09948
J157 96JUN29 1996.4928 50263 859 6 141.1 -2000 -0.353372 4461849 0.396304 203 0.104531 0.0000 0.001202 0.001547 0.005654 0.033200 -0.015190 -0.168375 40.2910763130 -218.9235252200 203.10453
J157 96JUN30 1996.4956 50264 860 0 141.1 -2000 -0.347120 4461849 0.396379 203 0.092336 0.0000 0.001284 0.001638 0.006029 0.046995 -0.049269 -0.196725 40.2910763137 -218.9235251465 203.09234
J157 96JUL01 1996.4983 50265 860 1 141.1 -2000 -0.354959 4461849 0.398113 203 0.103186 0.0000 0.001204 0.001600 0.005805 -0.026506 0.058435 -0.160657 40.2910763293 -218.9235252387 203.10319
J157 96JUL02 1996.5010 50266 860 2 141.1 -2000 -0.350429 4461849 0.402578 203 0.113803 0.0000 0.001265 0.001661 0.006119 0.005529 -0.002124 -0.179899 40.2910763695 -218.9235251854 203.11380
J157 96JUL03 1996.5038 50267 860 3 141.1 -2000 -0.351671 4461849 0.398910 203 0.085871 0.0000 0.001300 0.001703 0.006221 -0.015758 0.053504 -0.220898 40.2910763365 -218.9235252000 203.08587
J157 96JUL04 1996.5065 50268 860 4 141.1 -2000 -0.349656 4461849 0.398824 203 0.093552 0.0000 0.001199 0.001574 0.005724 0.033443 -0.023262 -0.167832 40.2910763357 -218.9235251763 203.09355
J157 96JUL05 1996.5092 50269 860 5 141.1 -2000 -0.353588 4461849 0.403818 203 0.097965 0.0000 0.001203 0.001611 0.005692 -0.043595 0.032074 -0.143889 40.2910763807 -218.9235252226 203.09796
J157 96JUL06 1996.5120 50270 860 6 141.1 -2000 -0.350052 4461849 0.397085 203 0.095734 0.0000 0.001162 0.001540 0.005546 0.029507 -0.049748 -0.164277 40.2910763201 -218.9235251810 203.09573
J157 96JUL07 1996.5147 50271 861 0 141.1 -2000 -0.353477 4461849 0.394182 203 0.094242 0.0000 0.001177 0.001535 0.005560 -0.026777 -0.021545 -0.189828 40.2910762939 -218.9235252212 203.09424
J157 96JUL08 1996.5175 50272 861 1 141.1 -2000 -0.347937 4461849 0.396721 203 0.099037 0.0000 0.001268 0.001634 0.005932 0.000635 0.032215 -0.156712 40.2910763168 -218.9235251561 203.09904
J157 96JUL09 1996.5202 50273 861 2 141.1 -2000 -0.348007 4461849 0.396773 203 0.089761 0.0000 0.001284 0.001621 0.005852 0.015689 -0.004264 -0.156780 40.2910763173 -218.9235251569 203.08976
J157 96JUL10 1996.5229 50274 861 3 141.1 -2000 -0.349696 4461849 0.402822 203 0.083881 0.0000 0.001283 0.001667 0.006039 -0.108121 0.086027 -0.215499 40.2910763717 -218.9235251768 203.08388
J157 96JUL11 1996.5257 50275 861 4 141.1 -2000 -0.353188 4461849 0.400523 203 0.084285 0.0000 0.001192 0.001574 0.005613 -0.014396 0.061311 -0.162880 40.2910763510 -218.9235252178 203.08429
J157 96JUL12 1996.5284 50276 861 5 141.1 -2000 -0.353193 4461849 0.398510 203 0.097719 0.0000 0.001186 0.001519 0.005574 0.020806 0.026497 -0.170207 40.2910763329 -218.9235252179 203.09772
J157 96JUL13 1996.5311 50277 861 6 141.1 -2000 -0.350454 4461849 0.395544 203 0.110977 0.0000 0.001284 0.001703 0.006082 0.004288 0.012716 -0.197736 40.2910763062 -218.9235251857 203.11098
J157 96JUL14 1996.5339 50278 862 0 141.1 -2000 -0.352517 4461849 0.397361 203 0.094000 0.0000 0.001204 0.001599 0.005677 0.041871 -0.039664 -0.223204 40.2910763226 -218.9235252099 203.09400
J157 96JUL15 1996.5366 50279 862 1 141.1 -2000 -0.350513 4461849 0.399657 203 0.094664 0.0000 0.001296 0.001645 0.006111 0.009161 0.022748 -0.204349 40.2910763432 -218.9235251864 203.09466
J157 96JUL16 1996.5394 50280 862 2 141.1 -2000 -0.350497 4461849 0.400846 203 0.104976 0.0000 0.001303 0.001749 0.006131 -0.028471 0.085992 -0.205009 40.2910763539 -218.9235251862 203.10498
J157 96JUL17 1996.5421 50281 862 3 141.1 -2000 -0.353998 4461849 0.396294 203 0.109367 0.0000 0.001280 0.001614 0.005939 -0.108172 0.052130 -0.177900 40.2910763129 -218.9235252274 203.10937
J157 96JUL18 1996.5448 50282 862 4 141.1 -2000 -0.350278 4461849 0.390012 203 0.095335 0.0000 0.001304 0.001661 0.006226 0.013213 0.011247 -0.204883 40.2910762564 -218.9235251836 203.09534
J157 96JUL19 1996.5476 50283 862 5 141.1 -2000 -0.352237 4461849 0.399664 203 0.099112 0.0000 0.001216 0.001598 0.005824 -0.019004 -0.038166 -0.209269 40.2910763433 -218.9235252067 203.09911
J157 96JUL20 1996.5503 50284 862 6 141.1 -2000 -0.354448 4461849 0.399477 203 0.096032 0.0000 0.001143 0.001510 0.005497 -0.006650 0.003520 -0.186007 40.2910763416 -218.9235252327 203.09603
J157 96JUL21 1996.5530 50285 863 0 141.1 -2000 -0.350434 4461849 0.398427 203 0.091200 0.0000 0.001164 0.001519 0.005529 -0.014044 0.035533 -0.205596 40.2910763321 -218.9235251855 203.09120
J157 96JUL22 1996.5558 50286 863 1 141.1 -2000 -0.349130 4461849 0.402844 203 0.078477 0.0000 0.001332 0.001660 0.006244 -0.038318 -0.016516 -0.175932 40.2910763719 -218.9235251701 203.07848
J157 96JUL23 1996.5585 50287 863 2 141.1 -2000 -0.346118 4461849 0.402472 203 0.090738 0.0000 0.001295 0.001627 0.006171 0.010607 0.006686 -0.238700 40.2910763686 -218.9235251347 203.09074
J157 96JUL24 1996.5613 50288 863 3 141.1 -2000 -0.351405 4461849 0.402141 203 0.095926 0.0000 0.001294 0.001704 0.005967 -0.044368 0.016135 -0.136875 40.2910763656 -218.9235251969 203.09593
J157 96JUL25 1996.5640 50289 863 4 141.1 -2000 -0.344029 4461849 0.397588 203 0.100381 0.0000 0.001198 0.001578 0.005761 -0.012334 -0.023976 -0.202704 40.2910763246 -218.9235251101 203.10038
J157 96JUL26 1996.5667 50290 863 5 141.1 -2000 -0.345835 4461849 0.394865 203 0.102912 0.0000 0.001238 0.001636 0.005819 -0.093509 0.059908 -0.143810 40.2910763001 -218.9235251314 203.10291
J157 96JUL27 1996.5695 50291 863 6 141.1 -2000 -0.345197 4461849 0.398775 203 0.094407 0.0000 0.001210 0.001579 0.005792 -0.006824 0.045416 -0.198844 40.2910763353 -218.9235251239 203.09441
J157 96JUL28 1996.5722 50292 864 0 141.1 -2000 -0.349301 4461849 0.400076 203 0.104600 0.0000 0.001199 0.001584 0.005922 -0.033120 0.082161 -0.228947 40.2910763470 -218.9235251721 203.10460
J157 96JUL29 1996.5749 50293 864 1 141.1 -2000 -0.346971 4461849 0.400338 203 0.101155 0.0000 0.001265 0.001547 0.005792 -0.033048 0.065540 -0.199066 40.2910763494 -218.9235251447 203.10115
J157 96JUL30 1996.5777 50294 864 2 141.1 -2000 -0.343221 4461849 0.394820 203 0.091479 0.0000 0.001173 0.001528 0.005591 -0.020234 -0.010245 -0.155656 40.2910762997 -218.9235251006 203.09148
J157 96JUL31 1996.5804 50295 864 3 141.1 -2000 -0.346603 4461849 0.401348 203 0.102024 0.0000 0.001174 0.001573 0.005690 -0.037775 -0.011775 -0.105437 40.2910763585 -218.9235251404 203.10202
J157 96AUG01 1996.5832 50296 864 4 141.1 -2000 -0.350495 4461849 0.400388 203 0.092389 0.0000 0.001136 0.001528 0.005447 -0.018145 0.049904 -0.135772 40.2910763498 -218.9235251862 203.09239
J157 96AUG02 1996.5859 50297 864 5 141.1 -2000 -0.346630 4461849 0.399024 203 0.086520 0.0000 0.001182 0.001623 0.005541 0.003201 -0.049119 -0.122697 40.2910763375 -218.9235251407 203.08652
J157 96AUG03 1996.5886 50298 864 6 141.1 -2000 -0.346348 4461849 0.400761 203 0.099126 0.0000 0.001168 0.001502 0.005529 0.027879 0.008931 -0.180062 40.2910763532 -218.9235251374 203.09913
J157 96AUG04 1996.5914 50299 865 0 141.1 -2000 -0.349131 4461849 0.402102 203 0.078419 0.0000 0.001378 0.001776 0.006423 0.002965 0.048387 -0.145363 40.2910763652 -218.9235251701 203.07842
J157 96AUG05 1996.5941 50300 865 1 141.1 -2000 -0.346856 4461849 0.398833 203 0.086117 0.0000 0.001243 0.001652 0.005853 0.057687 -0.024894 -0.136231 40.2910763358 -218.9235251434 203.08612
J157 96AUG06 1996.5969 50301 865 2 141.1 -2000 -0.348112 4461849 0.399606 203 0.091584 0.0000 0.001306 0.001675 0.006268 0.058585 -0.013529 -0.178429 40.2910763428 -218.9235251582 203.09158
J157 96AUG07 1996.5996 50302 865 3 141.1 -2000 -0.347292 4461849 0.403437 203 0.100488 0.0000 0.001223 0.001590 0.005722 -0.055787 -0.051552 -0.103510 40.2910763773 -218.9235251485 203.10049
J157 96AUG08 1996.6023 50303 865 4 141.1 -2000 -0.344697 4461849 0.405113 203 0.096349 0.0000 0.001264 0.001645 0.006165 -0.092164 0.033558 -0.133902 40.2910763924 -218.9235251180 203.09635
J157 96AUG09 1996.6051 50304 865 5 141.1 -2000 -0.343858 4461849 0.397962 203 0.101762 0.0000 0.001284 0.001613 0.006077 0.023744 -0.023405 -0.192453 40.2910763280 -218.9235251081 203.10176
J157 96AUG10 1996.6078 50305 865 6 141.1 -2000 -0.346918 4461849 0.396985 203 0.098256 0.0000 0.001281 0.001739 0.006171 0.016534 0.063003 -0.144530 40.2910763192 -218.9235251441 203.09826
J157 96AUG11 1996.6105 50306 866 0 141.1 -2000 -0.353149 4461849 0.398342 203 0.088620 0.0000 0.001234 0.001635 0.005906 -0.043425 0.031043 -0.150627 40.2910763314 -218.9235252174 203.08862
J157 96AUG12 1996.6133 50307 866 1 141.1 -2000 -0.346667 4461849 0.399762 203 0.094492 0.0000 0.001131 0.001475 0.005359 0.031885 -0.029902 -0.142660 40.2910763442 -218.9235251412 203.09449
J157 96AUG13 1996.6160 50308 866 2 141.1 -2000 -0.348016 4461849 0.403664 203 0.087085 0.0000 0.001109 0.001492 0.005284 0.020869 -0.005396 -0.152092 40.2910763793 -218.9235251570 203.08709
J157 96AUG14 1996.6188 50309 866 3 141.1 -2000 -0.345982 4461849 0.401189 203 0.096993 0.0000 0.001149 0.001507 0.005423 0.023863 -0.027065 -0.169955 40.2910763570 -218.9235251331 203.09699
J157 96AUG15 1996.6215 50310 866 4 141.1 -2000 -0.348463 4461849 0.401034 203 0.099925 0.0000 0.001116 0.001510 0.005300 0.014452 0.038983 -0.105960 40.2910763556 -218.9235251623 203.09992
J157 96AUG16 1996.6242 50311 866 5 141.1 -2000 -0.348726 4461849 0.398473 203 0.093433 0.0000 0.001121 0.001458 0.005332 0.048693 -0.092125 -0.196797 40.2910763326 -218.9235251654 203.09343
J157 96AUG17 1996.6270 50312 866 6 141.1 -2000 -0.348930 4461849 0.398735 203 0.086740 0.0000 0.001161 0.001586 0.005714 0.040010 -0.075708 -0.188182 40.2910763349 -218.9235251678 203.08674
J157 96AUG18 1996.6297 50313 867 0 141.1 -2000 -0.347940 4461849 0.402137 203 0.087524 0.0000 0.001118 0.001577 0.005483 0.034637 -0.047858 -0.210655 40.2910763656 -218.9235251561 203.08752
J157 96AUG19 1996.6324 50314 867 1 141.1 -2000 -0.347869 4461849 0.401033 203 0.091229 0.0000 0.001176 0.001601 0.005722 0.000685 0.003265 -0.202266 40.2910763556 -218.9235251553 203.09123
J157 96AUG20 1996.6352 50315 867 2 141.1 -2000 -0.347112 4461849 0.400115 203 0.089257 0.0000 0.001129 0.001547 0.005482 -0.010291 0.028496 -0.132454 40.2910763474 -218.9235251464 203.08926
J157 96AUG21 1996.6379 50316 867 3 141.1 -2000 -0.348515 4461849 0.401004 203 0.101829 0.0000 0.001296 0.001717 0.006190 -0.038685 -0.025714 -0.219916 40.2910763554 -218.9235251629 203.10183
J157 96AUG22 1996.6407 50317 867 4 141.1 -2000 -0.345466 4461849 0.398883 203 0.086088 0.0000 0.001120 0.001498 0.005412 0.036301 -0.051666 -0.177333 40.2910763363 -218.9235251270 203.08609
J157 96AUG23 1996.6434 50318 867 5 141.1 -2000 -0.346202 4461849 0.399146 203 0.102342 0.0000 0.001129 0.001558 0.005525 0.089739 -0.017702 -0.175735 40.2910763386 -218.9235251357 203.10234
J157 96AUG24 1996.6461 50319 867 6 141.1 -2000 -0.342243 4461849 0.393627 203 0.083360 0.0000 0.001157 0.001585 0.005562 0.059602 -0.089743 -0.206297 40.2910762889 -218.9235250891 203.08336
J157 96AUG25 1996.6489 50320 868 0 141.1 -2000 -0.348290 4461849 0.396282 203 0.084789 0.0000 0.001148 0.001597 0.005503 0.005630 0.058836 -0.099714 40.2910763128 -218.9235251602 203.08479
J157 96AUG26 1996.6516 50321 868 1 141.1 -2000 -0.351617 4461849 0.398791 203 0.090106 0.0000 0.001133 0.001477 0.005495 0.011426 0.002652 -0.214323 40.2910763354 -218.9235251994 203.09011
J157 96AUG27 1996.6543 50322 868 2 141.1 -2000 -0.349551 4461849 0.395910 203 0.099116 0.0000 0.001102 0.001475 0.005292 0.041781 -0.011150 -0.181546 40.2910763095 -218.9235251751 203.09912
J157 96AUG28 1996.6571 50323 868 3 141.1 -2000 -0.351101 4461849 0.397578 203 0.088201 0.0000 0.001090 0.001474 0.005251 0.032198 0.019748 -0.148385 40.2910763245 -218.9235251933 203.08820
J157 96AUG29 1996.6598 50324 868 4 141.1 -2000 -0.345270 4461849 0.398522 203 0.074616 0.0000 0.001190 0.001513 0.005645 0.020026 -0.038071 -0.204141 40.2910763330 -218.9235251247 203.07462
J157 96AUG30 1996.6626 50325 868 5 141.1 -2000 -0.351783 4461849 0.397211 203 0.089630 0.0000 0.001247 0.001587 0.005706 0.006398 -0.063910 -0.110866 40.2910763212 -218.9235252013 203.08963
J157 96AUG31 1996.6653 50326 868 6 141.1 -2000 -0.351655 4461849 0.395533 203 0.085028 0.0000 0.001120 0.001497 0.005403 0.037096 -0.043984 -0.190711 40.2910763061 -218.9235251998 203.08503
J157 96SEP01 1996.6680 50327 869 0 141.1 -2000 -0.349523 4461849 0.401978 203 0.095863 0.0000 0.001122 0.001495 0.005334 0.002013 -0.016211 -0.163387 40.2910763641 -218.9235251748 203.09586
J157 96SEP02 1996.6708 50328 869 1 141.1 -2000 -0.342908 4461849 0.400412 203 0.082352 0.0000 0.001120 0.001448 0.005283 0.026964 -0.000686 -0.200915 40.2910763500 -218.9235250969 203.08235
J157 96SEP03 1996.6735 50329 869 2 141.1 -2000 -0.349497 4461849 0.395966 203 0.084479 0.0000 0.001168 0.001564 0.005577 0.035544 -0.015767 -0.144241 40.2910763100 -218.9235251744 203.08448
J157 96SEP04 1996.6762 50330 869 3 141.1 -2000 -0.346020 4461849 0.395895 203 0.088466 0.0000 0.001154 0.001519 0.005498 0.019048 -0.022379 -0.212104 40.2910763093 -218.9235251335 203.08847
J157 96SEP05 1996.6790 50331 869 4 141.1 -2000 -0.347645 4461849 0.397072 203 0.089257 0.0000 0.001127 0.001505 0.005440 0.020078 -0.012170 -0.179713 40.2910763199 -218.9235251527 203.08926
J157 96SEP06 1996.6817 50332 869 5 141.1 -2000 -0.347896 4461849 0.399476 203 0.100341 0.0000 0.001153 0.001483 0.005280 0.001794 -0.002918 -0.129733 40.2910763416 -218.9235251556 203.10034
J157 96SEP07 1996.6845 50333 869 6 141.1 -2000 -0.347511 4461849 0.398326 203 0.074131 0.0000 0.001131 0.001495 0.005383 0.010077 0.006871 -0.187067 40.2910763312 -218.9235251511 203.07413
J157 96SEP08 1996.6872 50334 870 0 141.1 -2000 -0.347122 4461849 0.399422 203 0.081886 0.0000 0.001135 0.001481 0.005377 0.035346 0.018082 -0.174702 40.2910763411 -218.9235251465 203.08189
J157 96SEP09 1996.6899 50335 870 1 141.1 -2000 -0.348483 4461849 0.397527 203 0.070150 0.0000 0.001199 0.001549 0.005553 0.044795 -0.036968 -0.204804 40.2910763240 -218.9235251625 203.07015
J157 96SEP10 1996.6927 50336 870 2 141.1 -2000 -0.341146 4461849 0.400266 203 0.084429 0.0000 0.001210 0.001555 0.005674 0.007716 0.007898 -0.226278 40.2910763487 -218.9235250762 203.08443
J157 96SEP11 1996.6954 50337 870 3 141.1 -2000 -0.344903 4461849 0.400809 203 0.067603 0.0000 0.001226 0.001576 0.005754 0.020472 -0.014845 -0.205916 40.2910763536 -218.9235251204 203.06760
J157 96SEP12 1996.6982 50338 870 4 141.1 -2000 -0.347583 4461849 0.397496 203 0.070043 0.0000 0.001168 0.001489 0.005494 0.004338 0.043472 -0.178860 40.2910763238 -218.9235251519 203.07004
J157 96SEP13 1996.7009 50339 870 5 141.1 -2000 -0.347912 4461849 0.404292 203 0.097199 0.0000 0.001154 0.001499 0.005498 0.007984 -0.068824 -0.136141 40.2910763850 -218.9235251558 203.09720
J157 96SEP14 1996.7036 50340 870 6 141.1 -2000 -0.347792 4461849 0.399283 203 0.079183 0.0000 0.001156 0.001552 0.005598 -0.010271 0.045196 -0.187518 40.2910763399 -218.9235251544 203.07918
J157 96SEP15 1996.7064 50341 871 0 141.1 -2000 -0.351327 4461849 0.398295 203 0.082164 0.0000 0.001181 0.001557 0.005627 0.004469 0.037081 -0.195638 40.2910763310 -218.9235251960 203.08216
J157 96SEP16 1996.7091 50342 871 1 141.1 -2000 -0.347894 4461849 0.399514 203 0.088149 0.0000 0.001129 0.001483 0.005327 0.008482 0.037621 -0.196083 40.2910763419 -218.9235251556 203.08815
J157 96SEP17 1996.7118 50343 871 2 141.1 -2000 -0.349619 4461849 0.397734 203 0.082036 0.0000 0.001120 0.001479 0.005301 0.025429 -0.033350 -0.204146 40.2910763259 -218.9235251759 203.08204
J157 96SEP18 1996.7146 50344 871 3 141.1 -2000 -0.347932 4461849 0.399983 203 0.078386 0.0000 0.001119 0.001478 0.005327 0.009930 0.007633 -0.196601 40.2910763462 -218.9235251560 203.07839
J157 96SEP19 1996.7173 50345 871 4 141.1 -2000 -0.345821 4461849 0.398490 203 0.079484 0.0000 0.001202 0.001633 0.005750 0.007899 0.007634 -0.142432 40.2910763327 -218.9235251312 203.07948
J157 96SEP20 1996.7201 50346 871 5 141.1 -2000 -0.343228 4461849 0.392114 203 0.094311 0.0000 0.001159 0.001554 0.005643 0.002142 0.010099 -0.216140 40.2910762753 -218.9235251007 203.09431
J157 96SEP21 1996.7228 50347 871 6 141.1 -2000 -0.343615 4461849 0.398551 203 0.087586 0.0000 0.001130 0.001491 0.005337 0.003037 0.020477 -0.179173 40.2910763333 -218.9235251053 203.08759
J157 96SEP22 1996.7255 50348 872 0 141.1 -2000 -0.345469 4461849 0.395716 203 0.101699 0.0000 0.001131 0.001490 0.005406 -0.001659 -0.018693 -0.183358 40.2910763077 -218.9235251271 203.10170
J157 96SEP23 1996.7283 50349 872 1 141.1 -2000 -0.348117 4461849 0.394460 203 0.085423 0.0000 0.001168 0.001476 0.005564 -0.006381 -0.030597 -0.260357 40.2910762964 -218.9235251582 203.08542
J157 96SEP24 1996.7310 50350 872 2 141.1 -2000 -0.345235 4461849 0.399148 203 0.060650 0.0000 0.001192 0.001486 0.005515 -0.005134 -0.071168 -0.240790 40.2910763386 -218.9235251243 203.06065
J157 96SEP25 1996.7337 50351 872 3 141.1 -2000 -0.342375 4461849 0.403221 203 0.071665 0.0000 0.001088 0.001430 0.005203 0.027790 -0.028672 -0.231768 40.2910763753 -218.9235250907 203.07167
J157 96SEP26 1996.7365 50352 872 4 141.1 -2000 -0.345478 4461849 0.398460 203 0.071941 0.0000 0.001116 0.001491 0.005533 -0.037302 0.001092 -0.241856 40.2910763324 -218.9235251272 203.07194
J157 96SEP27 1996.7392 50353 872 5 141.1 -2000 -0.347140 4461849 0.401763 203 0.062021 0.0000 0.001147 0.001515 0.005656 -0.055120 0.028564 -0.254011 40.2910763622 -218.9235251467 203.06202
J157 96SEP28 1996.7420 50354 872 6 141.1 -2000 -0.346407 4461849 0.396377 203 0.074499 0.0000 0.001074 0.001431 0.005191 -0.010375 -0.004682 -0.231645 40.2910763137 -218.9235251381 203.07450
J157 96SEP29 1996.7447 50355 873 0 141.1 -2000 -0.345277 4461849 0.397085 203 0.085434 0.0000 0.001089 0.001439 0.005241 -0.014945 -0.017630 -0.210603 40.2910763201 -218.9235251248 203.08543
J157 96SEP30 1996.7474 50356 873 1 141.1 -2000 -0.345742 4461849 0.397876 203 0.077948 0.0000 0.001095 0.001445 0.005299 -0.028716 0.001594 -0.243631 40.2910763272 -218.9235251303 203.07795
J157 96OCT01 1996.7502 50357 873 2 141.1 -2000 -0.340513 4461849 0.400515 203 0.088019 0.0000 0.001141 0.001457 0.005442 -0.029480 -0.016387 -0.245189 40.2910763510 -218.9235250688 203.08802
J157 96OCT02 1996.7529 50358 873 3 141.1 -2000 -0.344229 4461849 0.396895 203 0.092549 0.0000 0.001081 0.001403 0.005159 -0.045030 0.017328 -0.199666 40.2910763184 -218.9235251125 203.09255
J157 96OCT03 1996.7556 50359 873 4 141.1 -2000 -0.341335 4461849 0.398422 203 0.091545 0.0000 0.001096 0.001385 0.005172 -0.041993 0.029162 -0.199877 40.2910763321 -218.9235250784 203.09154
J157 96OCT04 1996.7584 50360 873 5 141.1 -2000 -0.346782 4461849 0.394794 203 0.102956 0.0000 0.001138 0.001474 0.005571 -0.056535 0.049655 -0.241160 40.2910762994 -218.9235251425 203.10296
J157 96OCT05 1996.7611 50361 873 6 141.1 -2000 -0.341314 4461849 0.401974 203 0.084343 0.0000 0.001146 0.001425 0.005384 -0.039215 -0.069631 -0.196818 40.2910763641 -218.9235250782 203.08434
J157 96OCT06 1996.7639 50362 874 0 141.1 -2000 -0.345022 4461849 0.399578 203 0.080904 0.0000 0.001089 0.001394 0.005165 -0.023108 0.001934 -0.224182 40.2910763425 -218.9235251218 203.08090
J157 96OCT07 1996.7666 50363 874 1 141.1 -2000 -0.345605 4461849 0.396180 203 0.086155 0.0000 0.001104 0.001420 0.005187 -0.036566 0.022920 -0.211252 40.2910763119 -218.9235251287 203.08616
J157 96OCT08 1996.7693 50364 874 2 141.1 -2000 -0.342608 4461849 0.399079 203 0.082148 0.0000 0.001152 0.001482 0.005451 -0.072538 0.043515 -0.264382 40.2910763380 -218.9235250934 203.08215
J157 96OCT09 1996.7721 50365 874 3 141.1 -2000 -0.342829 4461849 0.399597 203 0.095814 0.0000 0.001192 0.001500 0.005590 -0.080762 0.049344 -0.227256 40.2910763427 -218.9235250960 203.09581
J157 96OCT10 1996.7748 50366 874 4 141.1 -2000 -0.344887 4461849 0.398600 203 0.074897 0.0000 0.001118 0.001428 0.005236 -0.048564 0.028204 -0.213489 40.2910763337 -218.9235251202 203.07490
J157 96OCT11 1996.7775 50367 874 5 141.1 -2000 -0.344583 4461849 0.399030 203 0.072652 0.0000 0.001078 0.001371 0.005026 -0.029555 -0.014137 -0.205464 40.2910763376 -218.9235251166 203.07265
J157 96OCT12 1996.7803 50368 874 6 141.1 -2000 -0.342751 4461849 0.396851 203 0.083880 0.0000 0.001094 0.001404 0.005150 -0.029525 -0.003651 -0.189104 40.2910763180 -218.9235250951 203.08388
J157 96OCT13 1996.7830 50369 875 0 141.1 -2000 -0.346971 4461849 0.400777 203 0.089119 0.0000 0.001125 0.001419 0.005271 -0.016127 -0.035046 -0.147035 40.2910763533 -218.9235251447 203.08912
J157 96OCT14 1996.7858 50370 875 1 141.1 -2000 -0.346238 4461849 0.397921 203 0.089911 0.0000 0.001158 0.001453 0.005473 0.000192 -0.044409 -0.180978 40.2910763276 -218.9235251361 203.08991
J157 96OCT15 1996.7885 50371 875 2 141.1 -2000 -0.344764 4461849 0.395794 203 0.092904 0.0000 0.001139 0.001435 0.005285 -0.025666 -0.014257 -0.097899 40.2910763084 -218.9235251188 203.09290
J157 96OCT16 1996.7912 50372 875 3 141.1 -2000 -0.345316 4461849 0.398817 203 0.083918 0.0000 0.001138 0.001399 0.005244 -0.009053 -0.035047 -0.146139 40.2910763357 -218.9235251253 203.08392
J157 96OCT17 1996.7940 50373 875 4 141.1 -2000 -0.342913 4461849 0.399761 203 0.091972 0.0000 0.001086 0.001376 0.005030 -0.018429 -0.024791 -0.181904 40.2910763442 -218.9235250970 203.09197
J157 96OCT18 1996.7967 50374 875 5 141.1 -2000 -0.343894 4461849 0.400240 203 0.093515 0.0000 0.001080 0.001396 0.005118 -0.046487 0.011997 -0.185001 40.2910763485 -218.9235251086 203.09351
J157 96OCT19 1996.7995 50375 875 6 141.1 -2000 -0.342708 4461849 0.399399 203 0.098263 0.0000 0.001136 0.001423 0.005302 -0.036769 -0.049600 -0.171724 40.2910763409 -218.9235250946 203.09826
J157 96OCT20 1996.8022 50376 876 0 141.1 -2000 -0.345132 4461849 0.399896 203 0.083985 0.0000 0.001096 0.001417 0.005197 -0.033435 -0.008749 -0.182525 40.2910763454 -218.9235251231 203.08399
J157 96OCT21 1996.8049 50377 876 1 141.1 -2000 -0.345693 4461849 0.396382 203 0.077866 0.0000 0.001074 0.001394 0.005106 -0.051185 -0.007101 -0.171512 40.2910763137 -218.9235251297 203.07787
J157 96OCT22 1996.8077 50378 876 2 141.1 -2000 -0.344284 4461849 0.399883 203 0.067939 0.0000 0.001068 0.001371 0.004940 -0.038169 0.009399 -0.126863 40.2910763453 -218.9235251131 203.06794
J157 96OCT23 1996.8104 50379 876 3 141.1 -2000 -0.343260 4461849 0.399363 203 0.078510 0.0000 0.001095 0.001385 0.005132 -0.060168 0.013938 -0.206535 40.2910763406 -218.9235251011 203.07851
J157 96OCT24 1996.8131 50380 876 4 141.1 -2000 -0.342813 4461849 0.401190 203 0.078192 0.0000 0.001088 0.001400 0.005121 -0.034485 -0.008510 -0.160815 40.2910763570 -218.9235250958 203.07819
J157 96OCT25 1996.8159 50381 876 5 141.1 -2000 -0.348674 4461849 0.399794 203 0.093890 0.0000 0.001077 0.001392 0.005057 -0.060270 0.025865 -0.187415 40.2910763445 -218.9235251648 203.09389
J157 96OCT26 1996.8186 50382 876 6 141.1 -2000 -0.343739 4461849 0.396134 203 0.099058 0.0000 0.001101 0.001407 0.005152 -0.032730 0.017261 -0.156433 40.2910763115 -218.9235251067 203.09906
J157 96OCT27 1996.8214 50383 877 0 141.1 -2000 -0.342711 4461849 0.396141 203 0.096852 0.0000 0.001083 0.001404 0.005067 -0.056248 0.042890 -0.118925 40.2910763116 -218.9235250946 203.09685
J157 96OCT28 1996.8241 50384 877 1 141.1 -2000 -0.340501 4461849 0.402261 203 0.094711 0.0000 0.001090 0.001389 0.005142 -0.071427 0.024778 -0.184428 40.2910763667 -218.9235250687 203.09471
J157 96OCT29 1996.8268 50385 877 2 141.1 -2000 -0.342560 4461849 0.399593 203 0.088398 0.0000 0.001092 0.001393 0.005156 -0.060247 -0.018895 -0.171547 40.2910763426 -218.9235250929 203.08840
J157 96OCT30 1996.8296 50386 877 3 141.1 -2000 -0.343720 4461849 0.398916 203 0.087644 0.0000 0.001184 0.001475 0.005491 -0.015550 -0.061612 -0.178210 40.2910763365 -218.9235251065 203.08764
J157 96OCT31 1996.8323 50387 877 4 141.1 -2000 -0.341005 4461849 0.399886 203 0.092336 0.0000 0.001152 0.001439 0.005344 -0.047820 -0.040111 -0.197411 40.2910763453 -218.9235250746 203.09234
J157 96NOV01 1996.8350 50388 877 5 141.1 -2000 -0.341341 4461849 0.396308 203 0.095898 0.0000 0.001111 0.001395 0.005203 -0.031394 0.014704 -0.202075 40.2910763131 -218.9235250785 203.09590
J157 96NOV02 1996.8378 50389 877 6 141.1 -2000 -0.342989 4461849 0.393680 203 0.090948 0.0000 0.001091 0.001363 0.005043 -0.052204 0.024701 -0.186425 40.2910762894 -218.9235250979 203.09095
J157 96NOV03 1996.8405 50390 878 0 141.1 -2000 -0.343013 4461849 0.394871 203 0.094456 0.0000 0.001084 0.001373 0.005059 -0.047497 0.007876 -0.178913 40.2910763001 -218.9235250982 203.09446
J157 96NOV04 1996.8433 50391 878 1 141.1 -2000 -0.340389 4461849 0.396302 203 0.077980 0.0000 0.001120 0.001431 0.005279 -0.041113 0.003417 -0.197538 40.2910763130 -218.9235250673 203.07798
J157 96NOV05 1996.8460 50392 878 2 141.1 -2000 -0.344281 4461849 0.399304 203 0.098307 0.0000 0.001189 0.001533 0.005690 -0.012238 -0.017396 -0.165632 40.2910763400 -218.9235251131 203.09831
J157 96NOV06 1996.8487 50393 878 3 141.1 -2000 -0.344207 4461849 0.403003 203 0.092133 0.0000 0.001175 0.001502 0.005559 -0.023082 0.025160 -0.238098 40.2910763734 -218.9235251122 203.09213
J157 96NOV07 1996.8515 50394 878 4 141.1 -2000 -0.341736 4461849 0.396756 203 0.081246 0.0000 0.001124 0.001479 0.005311 0.005747 -0.015127 -0.181307 40.2910763171 -218.9235250832 203.08125
J157 96NOV08 1996.8542 50395 878 5 141.1 -2000 -0.344550 4461849 0.397977 203 0.091449 0.0000 0.001165 0.001479 0.005558 -0.035884 0.020490 -0.223845 40.2910763281 -218.9235251163 203.09145
J157 96NOV09 1996.8569 50396 878 6 141.1 -2000 -0.338310 4461849 0.398782 203 0.098492 0.0000 0.001159 0.001499 0.005459 -0.000065 0.040035 -0.226392 40.2910763353 -218.9235250429 203.09849
J157 96NOV10 1996.8597 50397 879 0 141.1 -2000 -0.347207 4461849 0.396687 203 0.092704 0.0000 0.001180 0.001541 0.005608 -0.038428 0.009390 -0.228363 40.2910763165 -218.9235251475 203.09270
J157 96NOV11 1996.8624 50398 879 1 141.1 -2000 -0.340782 4461849 0.399618 203 0.087640 0.0000 0.001139 0.001436 0.005264 -0.027868 0.023084 -0.229847 40.2910763429 -218.9235250719 203.08764
J157 96NOV12 1996.8652 50399 879 2 141.1 -2000 -0.338509 4461849 0.399360 203 0.086504 0.0000 0.001154 0.001471 0.005448 -0.039773 0.002565 -0.239776 40.2910763406 -218.9235250452 203.08650
J157 96NOV13 1996.8679 50400 879 3 141.1 -2000 -0.340748 4461849 0.403075 203 0.079709 0.0000 0.001133 0.001481 0.005323 -0.037294 0.029880 -0.227762 40.2910763740 -218.9235250716 203.07971
J157 96NOV14 1996.8706 50401 879 4 141.1 -2000 -0.345407 4461849 0.397712 203 0.092315 0.0000 0.001135 0.001464 0.005453 -0.031529 0.036274 -0.234446 40.2910763257 -218.9235251263 203.09232
J157 96NOV15 1996.8734 50402 879 5 141.1 -2000 -0.344783 4461849 0.397310 203 0.083538 0.0000 0.001175 0.001494 0.005482 -0.039790 0.048088 -0.177251 40.2910763221 -218.9235251190 203.08354
J157 96NOV16 1996.8761 50403 879 6 141.1 -2000 -0.339204 4461849 0.399637 203 0.079257 0.0000 0.001158 0.001498 0.005392 -0.024231 -0.014725 -0.203255 40.2910763430 -218.9235250534 203.07926
J157 96NOV17 1996.8789 50404 880 0 141.1 -2000 -0.344598 4461849 0.397716 203 0.089543 0.0000 0.001151 0.001459 0.005405 -0.017736 0.037831 -0.222649 40.2910763257 -218.9235251168 203.08954
J157 96NOV18 1996.8816 50405 880 1 141.1 -2000 -0.338628 4461849 0.394598 203 0.089918 0.0000 0.001205 0.001520 0.005808 -0.053762 -0.002542 -0.256575 40.2910762977 -218.9235250466 203.08992
J157 96NOV19 1996.8843 50406 880 2 141.1 -2000 -0.341407 4461849 0.394721 203 0.095510 0.0000 0.001191 0.001477 0.005641 -0.050170 -0.011372 -0.240571 40.2910762988 -218.9235250793 203.09551
J157 96NOV20 1996.8871 50407 880 3 141.1 -2000 -0.339031 4461849 0.395856 203 0.092229 0.0000 0.001117 0.001451 0.005275 -0.053844 0.018268 -0.202628 40.2910763090 -218.9235250513 203.09223
J157 96NOV21 1996.8898 50408 880 4 141.1 -2000 -0.343754 4461849 0.400147 203 0.096727 0.0000 0.001163 0.001465 0.005566 -0.037308 0.021713 -0.224689 40.2910763476 -218.9235251069 203.09673
J157 96NOV22 1996.8925 50409 880 5 141.1 -2000 -0.342025 4461849 0.402755 203 0.098306 0.0000 0.001145 0.001449 0.005350 -0.004833 -0.035225 -0.176521 40.2910763711 -218.9235250866 203.09831
J157 96NOV23 1996.8953 50410 880 6 141.1 -2000 -0.341177 4461849 0.397603 203 0.085364 0.0000 0.001148 0.001477 0.005419 0.013523 -0.056816 -0.232207 40.2910763247 -218.9235250766 203.08536
J157 96NOV24 1996.8980 50411 881 0 141.1 -2000 -0.336389 4461849 0.397762 203 0.083020 0.0000 0.001168 0.001490 0.005509 -0.003628 -0.048742 -0.192115 40.2910763262 -218.9235250203 203.08302
J157 96NOV25 1996.9008 50412 881 1 141.1 -2000 -0.337592 4461849 0.397075 203 0.093998 0.0000 0.001166 0.001492 0.005552 -0.051129 0.038886 -0.265563 40.2910763200 -218.9235250344 203.09400
J157 96NOV26 1996.9035 50413 881 2 141.1 -2000 -0.339982 4461849 0.400271 203 0.094068 0.0000 0.001174 0.001530 0.005615 -0.068245 0.028559 -0.204100 40.2910763488 -218.9235250625 203.09407
J157 96NOV27 1996.9062 50414 881 3 141.1 -2000 -0.336291 4461849 0.401541 203 0.088905 0.0000 0.001179 0.001507 0.005484 -0.035354 0.026467 -0.203126 40.2910763602 -218.9235250191 203.08891
J157 96NOV28 1996.9090 50415 881 4 141.1 -2000 -0.343165 4461849 0.394164 203 0.078326 0.0000 0.001225 0.001522 0.005575 -0.054531 0.003913 -0.193898 40.2910762938 -218.9235251000 203.07833
J157 96NOV29 1996.9117 50416 881 5 141.1 -2000 -0.343734 4461849 0.396796 203 0.077673 0.0000 0.001198 0.001507 0.005475 -0.067772 0.013360 -0.118012 40.2910763175 -218.9235251067 203.07767
J157 96NOV30 1996.9144 50417 881 6 141.1 -2000 -0.341469 4461849 0.405471 203 0.073537 0.0000 0.001275 0.001681 0.005836 -0.058531 -0.039052 -0.165047 40.2910763956 -218.9235250800 203.07354
J157 96DEC01 1996.9172 50418 882 0 141.1 -2000 -0.336269 4461849 0.398951 203 0.094841 0.0000 0.001247 0.001528 0.005753 -0.065686 0.014645 -0.167250 40.2910763369 -218.9235250189 203.09484
J157 96DEC02 1996.9199 50419 882 1 141.1 -2000 -0.342458 4461849 0.396895 203 0.080799 0.0000 0.001179 0.001559 0.005709 -0.016496 -0.008987 -0.217037 40.2910763183 -218.9235250916 203.08080
J157 96DEC03 1996.9227 50420 882 2 141.1 -2000 -0.340110 4461849 0.396947 203 0.082203 0.0000 0.001172 0.001551 0.005665 0.032523 -0.052829 -0.179707 40.2910763188 -218.9235250640 203.08220
J157 96DEC04 1996.9254 50421 882 3 141.1 -2000 -0.342166 4461849 0.400247 203 0.075268 0.0000 0.001157 0.001489 0.005478 -0.027256 -0.012256 -0.188631 40.2910763485 -218.9235250882 203.07527
J157 96DEC05 1996.9281 50422 882 4 141.1 -2000 -0.340588 4461849 0.393821 203 0.076062 0.0000 0.001167 0.001557 0.005595 -0.036800 0.038505 -0.200237 40.2910762907 -218.9235250696 203.07606
J157 96DEC06 1996.9309 50423 882 5 141.1 -2000 -0.342770 4461849 0.392586 203 0.096333 0.0000 0.001144 0.001496 0.005563 -0.024301 0.000231 -0.239026 40.2910762796 -218.9235250953 203.09633
J157 96DEC07 1996.9336 50424 882 6 141.1 -2000 -0.334110 4461849 0.400296 203 0.083859 0.0000 0.001139 0.001496 0.005548 -0.057490 0.051150 -0.218866 40.2910763490 -218.9235249935 203.08386
J157 96DEC08 1996.9363 50425 883 0 141.1 -2000 -0.337285 4461849 0.396232 203 0.068598 0.0000 0.001148 0.001486 0.005566 -0.024805 0.019124 -0.207509 40.2910763124 -218.9235250308 203.06860
J157 96DEC09 1996.9391 50426 883 1 141.1 -2000 -0.337908 4461849 0.394285 203 0.078021 0.0000 0.001173 0.001520 0.005690 -0.006364 -0.025339 -0.222883 40.2910762948 -218.9235250381 203.07802
J157 96DEC10 1996.9418 50427 883 2 141.1 -2000 -0.338695 4461849 0.397260 203 0.091712 0.0000 0.001210 0.001587 0.005874 -0.025731 -0.006525 -0.210132 40.2910763216 -218.9235250474 203.09171
J157 96DEC11 1996.9446 50428 883 3 141.1 -2000 -0.333592 4461849 0.397032 203 0.078560 0.0000 0.001156 0.001504 0.005563 -0.002831 -0.043515 -0.168405 40.2910763196 -218.9235249874 203.07856
J157 96DEC12 1996.9473 50429 883 4 141.1 -2000 -0.337909 4461849 0.398124 203 0.080768 0.0000 0.001139 0.001510 0.005498 -0.020401 0.011426 -0.170325 40.2910763294 -218.9235250381 203.08077
J157 96DEC13 1996.9500 50430 883 5 141.1 -2000 -0.339154 4461849 0.398490 203 0.079369 0.0000 0.001132 0.001467 0.005352 -0.028961 0.025304 -0.211946 40.2910763327 -218.9235250528 203.07937
J157 96DEC14 1996.9528 50431 883 6 141.1 -2000 -0.337951 4461849 0.398808 203 0.078420 0.0000 0.001150 0.001480 0.005410 -0.017719 -0.007977 -0.171965 40.2910763356 -218.9235250386 203.07842
J157 96DEC15 1996.9555 50432 884 0 141.1 -2000 -0.339011 4461849 0.399695 203 0.083645 0.0000 0.001152 0.001499 0.005386 -0.027845 -0.025917 -0.119412 40.2910763436 -218.9235250511 203.08365
J157 96DEC16 1996.9582 50433 884 1 141.1 -2000 -0.338025 4461849 0.400673 203 0.087860 0.0000 0.001197 0.001534 0.005767 0.018123 -0.009579 -0.151431 40.2910763524 -218.9235250395 203.08786
J157 96DEC17 1996.9610 50434 884 2 141.1 -2000 -0.343406 4461849 0.398830 203 0.082357 0.0000 0.001154 0.001587 0.005617 -0.044810 0.004638 -0.224139 40.2910763358 -218.9235251028 203.08236
J157 96DEC18 1996.9637 50435 884 3 141.1 -2000 -0.336951 4461849 0.397109 203 0.084284 0.0000 0.001111 0.001427 0.005227 -0.047358 0.006227 -0.158735 40.2910763203 -218.9235250269 203.08428
J157 96DEC19 1996.9665 50436 884 4 141.1 -2000 -0.344841 4461849 0.397013 203 0.079441 0.0000 0.001124 0.001478 0.005332 -0.001689 -0.014133 -0.164480 40.2910763194 -218.9235251197 203.07944
J157 96DEC20 1996.9692 50437 884 5 141.1 -2000 -0.339320 4461849 0.400030 203 0.068117 0.0000 0.001160 0.001526 0.005471 0.000670 -0.035380 -0.159629 40.2910763466 -218.9235250548 203.06812
J157 96DEC21 1996.9719 50438 884 6 141.1 -2000 -0.339000 4461849 0.399653 203 0.088874 0.0000 0.001131 0.001446 0.005305 -0.019456 -0.022003 -0.149469 40.2910763432 -218.9235250510 203.08887
J157 96DEC22 1996.9747 50439 885 0 141.1 -2000 -0.339753 4461849 0.395004 203 0.094801 0.0000 0.001147 0.001450 0.005346 -0.020684 -0.033604 -0.108649 40.2910763013 -218.9235250598 203.09480
J157 96DEC23 1996.9774 50440 885 1 141.1 -2000 -0.343791 4461849 0.396128 203 0.089469 0.0000 0.001152 0.001433 0.005374 -0.018442 -0.045971 -0.183744 40.2910763114 -218.9235251073 203.08947
J157 96DEC24 1996.9802 50441 885 2 141.1 -2000 -0.338254 4461849 0.397900 203 0.075791 0.0000 0.001142 0.001474 0.005322 0.004812 -0.039319 -0.153841 40.2910763274 -218.9235250422 203.07579
J157 96DEC25 1996.9829 50442 885 3 141.1 -2000 -0.346460 4461849 0.401234 203 0.074190 0.0000 0.001123 0.001422 0.005254 -0.005122 -0.063054 -0.155952 40.2910763574 -218.9235251387 203.07419
J157 96DEC26 1996.9856 50443 885 4 141.1 -2000 -0.344209 4461849 0.401208 203 0.069061 0.0000 0.001118 0.001415 0.005228 -0.001212 -0.064290 -0.160665 40.2910763572 -218.9235251123 203.06906
J157 96DEC27 1996.9884 50444 885 5 141.1 -2000 -0.340290 4461849 0.400391 203 0.079650 0.0000 0.001147 0.001454 0.005381 0.003042 -0.072257 -0.189989 40.2910763498 -218.9235250662 203.07965
J157 96DEC28 1996.9911 50445 885 6 141.1 -2000 -0.342864 4461849 0.400351 203 0.055450 0.0000 0.001218 0.001525 0.005789 -0.026497 -0.104891 -0.176975 40.2910763495 -218.9235250964 203.05545
J157 96DEC29 1996.9938 50446 886 0 141.1 -2000 -0.342020 4461849 0.399667 203 0.074161 0.0000 0.001136 0.001436 0.005300 -0.024970 -0.015040 -0.171788 40.2910763433 -218.9235250865 203.07416
J157 96DEC30 1996.9966 50447 886 1 141.1 -2000 -0.340085 4461849 0.401267 203 0.085819 0.0000 0.001209 0.001558 0.005672 -0.016463 -0.068919 -0.122877 40.2910763577 -218.9235250638 203.08582
J157 96DEC31 1996.9993 50448 886 2 141.1 -2000 -0.344935 4461849 0.402449 203 0.080192 0.0000 0.001226 0.001548 0.005576 -0.001868 -0.053197 -0.112461 40.2910763684 -218.9235251208 203.08019
J157 97JAN01 1997.0021 50449 886 3 141.1 -2000 -0.343889 4461849 0.400966 203 0.073646 0.0000 0.001186 0.001449 0.005387 -0.040749 -0.028436 -0.123161 40.2910763550 -218.9235251085 203.07365
J157 97JAN02 1997.0048 50450 886 4 141.1 -2000 -0.343351 4461849 0.395191 203 0.073176 0.0000 0.001174 0.001536 0.005526 -0.012399 -0.060245 -0.179044 40.2910763030 -218.9235251021 203.07318
J157 97JAN03 1997.0075 50451 886 5 141.1 -2000 -0.342343 4461849 0.398299 203 0.082578 0.0000 0.001155 0.001509 0.005435 0.003540 -0.066791 -0.189416 40.2910763310 -218.9235250903 203.08258
J157 97JAN04 1997.0103 50452 886 6 141.1 -2000 -0.338935 4461849 0.398681 203 0.074785 0.0000 0.001142 0.001484 0.005358 -0.033476 -0.014125 -0.142691 40.2910763344 -218.9235250502 203.07479
J157 97JAN05 1997.0130 50453 887 0 141.1 -2000 -0.341013 4461849 0.392924 203 0.074100 0.0000 0.001132 0.001403 0.005243 -0.023194 -0.046357 -0.196230 40.2910762826 -218.9235250746 203.07410
J157 97JAN06 1997.0157 50454 887 1 141.1 -2000 -0.340325 4461849 0.399263 203 0.014921 0.0000 0.001169 0.001518 0.005471 -0.006808 -0.057255 -0.161919 40.2910763397 -218.9235250666 203.01492
J157 97JAN07 1997.0185 50455 887 2 141.1 -2000 -0.336480 4461849 0.401719 203 0.068678 0.0000 0.001172 0.001427 0.005374 0.025715 -0.053099 -0.180118 40.2910763618 -218.9235250214 203.06868
J157 97JAN08 1997.0212 50456 887 3 141.1 -2000 -0.336827 4461849 0.400918 203 0.079828 0.0000 0.001127 0.001390 0.005172 -0.002592 -0.026197 -0.181209 40.2910763546 -218.9235250254 203.07983
J157 97JAN09 1997.0240 50457 887 4 141.1 -2000 -0.339908 4461849 0.396249 203 0.081970 0.0000 0.001168 0.001473 0.005401 -0.059165 -0.028792 -0.165415 40.2910763125 -218.9235250617 203.08197
J157 97JAN10 1997.0267 50458 887 5 141.1 -2000 -0.338836 4461849 0.396337 203 0.078437 0.0000 0.001145 0.001457 0.005372 -0.006617 -0.052383 -0.177857 40.2910763133 -218.9235250491 203.07844
J157 97JAN11 1997.0294 50459 887 6 141.1 -2000 -0.342261 4461849 0.399547 203 0.074768 0.0000 0.001142 0.001437 0.005321 -0.006917 -0.048639 -0.150063 40.2910763422 -218.9235250893 203.07477
J157 97JAN12 1997.0322 50460 888 0 141.1 -2000 -0.340893 4461849 0.404868 203 0.077221 0.0000 0.001133 0.001416 0.005234 0.001168 -0.041860 -0.185722 40.2910763902 -218.9235250733 203.07722
J157 97JAN13 1997.0349 50461 888 1 141.1 -2000 -0.341608 4461849 0.401050 203 0.080129 0.0000 0.001155 0.001432 0.005342 0.005842 -0.043144 -0.187227 40.2910763558 -218.9235250817 203.08013
J157 97JAN14 1997.0376 50462 888 2 141.1 -2000 -0.342744 4461849 0.403183 203 0.082294 0.0000 0.001173 0.001477 0.005367 -0.073177 0.000285 -0.095680 40.2910763750 -218.9235250950 203.08229
J157 97JAN15 1997.0404 50463 888 3 141.1 -2000 -0.338641 4461849 0.395013 203 0.084368 0.0000 0.001122 0.001459 0.005260 -0.050194 0.023653 -0.130628 40.2910763014 -218.9235250468 203.08437
J157 97JAN16 1997.0431 50464 888 4 141.1 -2000 -0.342438 4461849 0.400790 203 0.075214 0.0000 0.001127 0.001407 0.005234 -0.018029 -0.040113 -0.193637 40.2910763534 -218.9235250914 203.07521
J157 97JAN17 1997.0459 50465 888 5 141.1 -2000 -0.341884 4461849 0.397629 203 0.083915 0.0000 0.001148 0.001510 0.005381 -0.013472 -0.006220 -0.163957 40.2910763250 -218.9235250849 203.08391
J157 97JAN18 1997.0486 50466 888 6 141.1 -2000 -0.342593 4461849 0.395751 203 0.078059 0.0000 0.001155 0.001460 0.005381 0.000588 -0.034668 -0.185435 40.2910763081 -218.9235250932 203.07806
J157 97JAN19 1997.0513 50467 889 0 141.1 -2000 -0.338319 4461849 0.396278 203 0.086234 0.0000 0.001108 0.001441 0.005166 -0.025611 -0.010472 -0.136924 40.2910763128 -218.9235250430 203.08623
J157 97JAN20 1997.0541 50468 889 1 141.1 -2000 -0.343754 4461849 0.395979 203 0.072476 0.0000 0.001163 0.001444 0.005397 0.001212 -0.016343 -0.204104 40.2910763101 -218.9235251069 203.07248
J157 97JAN21 1997.0568 50469 889 2 141.1 -2000 -0.343705 4461849 0.394019 203 0.064528 0.0000 0.001133 0.001433 0.005275 -0.019269 -0.017753 -0.170258 40.2910762925 -218.9235251063 203.06453
J157 97JAN22 1997.0595 50470 889 3 141.1 -2000 -0.343100 4461849 0.403659 203 0.081295 0.0000 0.001202 0.001449 0.005583 -0.006139 -0.069592 -0.203089 40.2910763793 -218.9235250992 203.08129
J157 97JAN23 1997.0623 50471 889 4 141.1 -2000 -0.341438 4461849 0.403771 203 0.080719 0.0000 0.001164 0.001449 0.005344 -0.003372 -0.062256 -0.132615 40.2910763803 -218.9235250797 203.08072
J157 97JAN24 1997.0650 50472 889 5 141.1 -2000 -0.341431 4461849 0.396170 203 0.081504 0.0000 0.001117 0.001398 0.005102 0.022686 -0.057782 -0.194712 40.2910763118 -218.9235250796 203.08150
J157 97JAN25 1997.0678 50473 889 6 141.1 -2000 -0.343327 4461849 0.397158 203 0.096090 0.0000 0.001120 0.001416 0.005200 -0.022604 -0.024268 -0.144086 40.2910763207 -218.9235251019 203.09609
J157 97JAN26 1997.0705 50474 890 0 141.1 -2000 -0.343887 4461849 0.396289 203 0.101201 0.0000 0.001131 0.001415 0.005199 -0.015281 -0.022307 -0.156170 40.2910763129 -218.9235251084 203.10120
J157 97JAN27 1997.0732 50475 890 1 141.1 -2000 -0.342844 4461849 0.399546 203 0.084960 0.0000 0.001267 0.001566 0.005847 0.005616 -0.116573 -0.186342 40.2910763422 -218.9235250962 203.08496
J157 97JAN28 1997.0760 50476 890 2 141.1 -2000 -0.340621 4461849 0.398841 203 0.082124 0.0000 0.001122 0.001439 0.005231 -0.024932 -0.022727 -0.135738 40.2910763359 -218.9235250701 203.08212
J157 97JAN29 1997.0787 50477 890 3 141.1 -2000 -0.343254 4461849 0.400149 203 0.079048 0.0000 0.001190 0.001475 0.005411 0.009256 -0.057954 -0.145913 40.2910763477 -218.9235251010 203.07905
J157 97JAN30 1997.0815 50478 890 4 141.1 -2000 -0.343181 4461849 0.395536 203 0.087890 0.0000 0.001142 0.001439 0.005266 -0.032671 -0.016091 -0.135777 40.2910763061 -218.9235251001 203.08789
J157 97JAN31 1997.0842 50479 890 5 141.1 -2000 -0.342510 4461849 0.396271 203 0.084148 0.0000 0.001106 0.001437 0.005196 -0.016174 -0.006441 -0.135135 40.2910763127 -218.9235250923 203.08415
J157 97FEB01 1997.0869 50480 890 6 141.1 -2000 -0.341519 4461849 0.393127 203 0.084499 0.0000 0.001123 0.001445 0.005312 -0.015854 -0.031184 -0.175401 40.2910762844 -218.9235250806 203.08450
J157 97FEB02 1997.0897 50481 891 0 141.1 -2000 -0.340486 4461849 0.395603 203 0.087447 0.0000 0.001058 0.001350 0.004793 -0.046817 -0.005356 -0.143291 40.2910763067 -218.9235250685 203.08745
J157 97FEB03 1997.0924 50482 891 1 141.1 -2000 -0.340594 4461849 0.394860 203 0.075910 0.0000 0.001057 0.001353 0.004837 -0.025346 -0.011077 -0.149468 40.2910763000 -218.9235250697 203.07591
J157 97FEB04 1997.0951 50483 891 2 141.1 -2000 -0.338991 4461849 0.395865 203 0.073585 0.0000 0.001099 0.001481 0.005039 -0.035722 -0.014050 -0.178484 40.2910763091 -218.9235250509 203.07358
J157 97FEB05 1997.0979 50484 891 3 141.1 -2000 -0.342076 4461849 0.393045 203 0.083254 0.0000 0.001073 0.001401 0.004913 -0.045958 -0.012222 -0.141587 40.2910762837 -218.9235250871 203.08325
J157 97FEB06 1997.1006 50485 891 4 141.1 -2000 -0.342035 4461849 0.394768 203 0.085598 0.0000 0.001044 0.001334 0.004755 -0.032792 -0.021094 -0.144576 40.2910762992 -218.9235250867 203.08560
J157 97FEB07 1997.1034 50486 891 5 141.1 -2000 -0.344656 4461849 0.394490 203 0.084800 0.0000 0.001064 0.001342 0.004831 -0.017564 -0.025499 -0.146045 40.2910762967 -218.9235251175 203.08480
J157 97FEB08 1997.1061 50487 891 6 141.1 -2000 -0.347504 4461849 0.397210 203 0.077111 0.0000 0.001053 0.001337 0.004796 -0.036855 -0.007222 -0.131378 40.2910763212 -218.9235251510 203.07711
J157 97FEB09 1997.1088 50488 892 0 141.1 -2000 -0.344763 4461849 0.399308 203 0.068171 0.0000 0.001082 0.001335 0.004920 -0.056142 0.027351 -0.149775 40.2910763401 -218.9235251188 203.06817
J157 97FEB10 1997.1116 50489 892 1 141.1 -2000 -0.341799 4461849 0.397563 203 0.082908 0.0000 0.001105 0.001460 0.005104 -0.027526 -0.035906 -0.171368 40.2910763244 -218.9235250839 203.08291
J157 97FEB11 1997.1143 50490 892 2 141.1 -2000 -0.344450 4461849 0.393215 203 0.069032 0.0000 0.001057 0.001341 0.004815 -0.027776 -0.011181 -0.134253 40.2910762852 -218.9235251151 203.06903
J157 97FEB12 1997.1170 50491 892 3 141.1 -2000 -0.345266 4461849 0.396518 203 0.072282 0.0000 0.001050 0.001322 0.004754 -0.041363 -0.019319 -0.147514 40.2910763150 -218.9235251247 203.07228
J157 97FEB13 1997.1198 50492 892 4 141.1 -2000 -0.347638 4461849 0.394700 203 0.077101 0.0000 0.001066 0.001333 0.004775 -0.038921 -0.001885 -0.126647 40.2910762986 -218.9235251526 203.07710
J157 97FEB14 1997.1225 50493 892 5 141.1 -2000 -0.348230 4461849 0.395132 203 0.077092 0.0000 0.001074 0.001348 0.004916 -0.036082 -0.013021 -0.142755 40.2910763025 -218.9235251595 203.07709
J157 97FEB15 1997.1253 50494 892 6 141.1 -2000 -0.343999 4461849 0.395355 203 0.076178 0.0000 0.001131 0.001421 0.005175 -0.038394 -0.038810 -0.145838 40.2910763045 -218.9235251098 203.07618
J157 97FEB16 1997.1280 50495 893 0 141.1 -2000 -0.343778 4461849 0.396128 203 0.079577 0.0000 0.001050 0.001359 0.004822 -0.043356 -0.028052 -0.112895 40.2910763114 -218.9235251072 203.07958
J157 97FEB17 1997.1307 50496 893 1 141.1 -2000 -0.343850 4461849 0.396353 203 0.073276 0.0000 0.001069 0.001345 0.004889 -0.018862 -0.008297 -0.151713 40.2910763135 -218.9235251080 203.07328
J157 97FEB18 1997.1335 50497 893 2 141.1 -2000 -0.343352 4461849 0.394402 203 0.072140 0.0000 0.001068 0.001359 0.004830 -0.026482 -0.000119 -0.145064 40.2910762959 -218.9235251022 203.07214
J157 97FEB19 1997.1362 50498 893 3 141.1 -2000 -0.344645 4461849 0.395798 203 0.068146 0.0000 0.001102 0.001364 0.004976 -0.033013 -0.033999 -0.149356 40.2910763085 -218.9235251174 203.06815
J157 97FEB20 1997.1389 50499 893 4 141.1 -2000 -0.347419 4461849 0.394587 203 0.076141 0.0000 0.001067 0.001337 0.004839 -0.044150 0.002877 -0.140584 40.2910762976 -218.9235251500 203.07614
J157 97FEB21 1997.1417 50500 893 5 141.1 -2000 -0.341481 4461849 0.400794 203 0.072566 0.0000 0.001085 0.001340 0.004923 -0.027157 -0.012350 -0.151521 40.2910763535 -218.9235250802 203.07257
J157 97FEB22 1997.1444 50501 893 6 141.1 -2000 -0.345979 4461849 0.393236 203 0.072670 0.0000 0.001058 0.001342 0.004776 -0.019048 -0.006061 -0.106072 40.2910762854 -218.9235251330 203.07267
J157 97FEB23 1997.1472 50502 894 0 141.1 -2000 -0.345226 4461849 0.393750 203 0.080174 0.0000 0.001090 0.001361 0.004889 -0.014455 0.001756 -0.156193 40.2910762900 -218.9235251242 203.08017
J157 97FEB24 1997.1499 50503 894 1 141.1 -2000 -0.347460 4461849 0.392213 203 0.096578 0.0000 0.001178 0.001428 0.005407 -0.007885 0.038275 -0.153212 40.2910762762 -218.9235251505 203.09658
J157 97FEB25 1997.1526 50504 894 2 141.1 -2000 -0.344267 4461849 0.392264 203 0.078041 0.0000 0.001138 0.001424 0.005309 -0.025411 -0.064931 -0.140867 40.2910762767 -218.9235251129 203.07804
J157 97FEB26 1997.1554 50505 894 3 141.1 -2000 -0.345767 4461849 0.394049 203 0.083081 0.0000 0.001172 0.001458 0.005516 -0.027501 -0.038901 -0.175032 40.2910762927 -218.9235251306 203.08308
J157 97FEB27 1997.1581 50506 894 4 141.1 -2000 -0.342518 4461849 0.392643 203 0.091234 0.0000 0.001195 0.001451 0.005439 -0.031335 -0.043057 -0.167632 40.2910762801 -218.9235250923 203.09123
J157 97FEB28 1997.1608 50507 894 5 141.1 -2000 -0.343126 4461849 0.393001 203 0.091472 0.0000 0.001164 0.001501 0.005408 -0.051447 0.011090 -0.129013 40.2910762833 -218.9235250995 203.09147
J157 97MAR01 1997.1636 50508 894 6 141.1 -2000 -0.352880 4461849 0.388341 203 0.092950 0.0000 0.001211 0.001513 0.005532 -0.036750 -0.010394 -0.129139 40.2910762413 -218.9235252142 203.09295
J157 97MAR02 1997.1663 50509 895 0 141.1 -2000 -0.344539 4461849 0.394545 203 0.089765 0.0000 0.001214 0.001504 0.005591 -0.021919 -0.069828 -0.201221 40.2910762972 -218.9235251161 203.08976
J157 97MAR03 1997.1691 50510 895 1 141.1 -2000 -0.342735 4461849 0.393069 203 0.080489 0.0000 0.001135 0.001422 0.005249 0.000206 -0.029640 -0.147110 40.2910762839 -218.9235250949 203.08049
J157 97MAR04 1997.1718 50511 895 2 141.1 -2000 -0.347410 4461849 0.396041 203 0.069351 0.0000 0.001168 0.001439 0.005348 -0.030838 -0.030587 -0.168477 40.2910763107 -218.9235251499 203.06935
J157 97MAR05 1997.1745 50512 895 3 141.1 -2000 -0.345378 4461849 0.397887 203 0.077640 0.0000 0.001122 0.001411 0.005143 -0.035902 -0.005252 -0.123334 40.2910763273 -218.9235251260 203.07764
J157 97MAR06 1997.1773 50513 895 4 141.1 -2000 -0.345426 4461849 0.397428 203 0.095675 0.0000 0.001131 0.001426 0.005219 -0.031489 -0.025911 -0.125840 40.2910763231 -218.9235251266 203.09567
J157 97MAR07 1997.1800 50514 895 5 141.1 -2000 -0.349141 4461849 0.394132 203 0.086244 0.0000 0.001168 0.001455 0.005491 -0.055125 -0.043839 -0.196558 40.2910762935 -218.9235251702 203.08624
J157 97MAR08 1997.1828 50515 895 6 141.1 -2000 -0.340250 4461849 0.393213 203 0.084810 0.0000 0.001205 0.001465 0.005602 -0.015649 -0.047436 -0.187848 40.2910762852 -218.9235250657 203.08481
J157 97MAR09 1997.1855 50516 896 0 141.1 -2000 -0.343745 4461849 0.398210 203 0.081954 0.0000 0.001163 0.001424 0.005362 -0.006080 -0.040048 -0.125237 40.2910763302 -218.9235251068 203.08195
J157 97MAR10 1997.1882 50517 896 1 141.1 -2000 -0.342579 4461849 0.392317 203 0.083955 0.0000 0.001126 0.001404 0.005174 -0.008850 -0.027877 -0.124109 40.2910762771 -218.9235250931 203.08395
J157 97MAR11 1997.1910 50518 896 2 141.1 -2000 -0.346036 4461849 0.394794 203 0.083580 0.0000 0.001144 0.001411 0.005264 -0.023562 -0.020794 -0.140747 40.2910762994 -218.9235251337 203.08358
J157 97MAR12 1997.1937 50519 896 3 141.1 -2000 -0.345834 4461849 0.395870 203 0.084886 0.0000 0.001118 0.001404 0.005179 -0.026460 -0.008473 -0.137706 40.2910763091 -218.9235251314 203.08489
J157 97MAR13 1997.1964 50520 896 4 141.1 -2000 -0.346820 4461849 0.396723 203 0.092080 0.0000 0.001138 0.001400 0.005245 -0.023281 -0.069421 -0.144884 40.2910763168 -218.9235251429 203.09208
J157 97MAR14 1997.1992 50521 896 5 141.1 -2000 -0.341380 4461849 0.392773 203 0.083844 0.0000 0.001099 0.001390 0.005114 -0.016336 -0.006325 -0.132175 40.2910762812 -218.9235250790 203.08384
J157 97MAR15 1997.2019 50522 896 6 141.1 -2000 -0.343155 4461849 0.390278 203 0.083925 0.0000 0.001132 0.001409 0.005290 -0.005907 -0.008517 -0.154291 40.2910762588 -218.9235250998 203.08392
J157 97MAR16 1997.2047 50523 897 0 141.1 -2000 -0.343245 4461849 0.389762 203 0.080650 0.0000 0.001096 0.001374 0.005079 -0.017739 -0.027719 -0.157857 40.2910762541 -218.9235251009 203.08065
J157 97MAR17 1997.2074 50524 897 1 141.1 -2000 -0.346673 4461849 0.393904 203 0.090577 0.0000 0.001145 0.001402 0.005306 -0.022470 -0.011335 -0.191897 40.2910762914 -218.9235251412 203.09058
J157 97MAR18 1997.2101 50525 897 2 141.1 -2000 -0.342855 4461849 0.397491 203 0.093870 0.0000 0.001161 0.001457 0.005529 -0.034563 0.014657 -0.198619 40.2910763237 -218.9235250963 203.09387
J157 97MAR19 1997.2129 50526 897 3 141.1 -2000 -0.346044 4461849 0.391649 203 0.089730 0.0000 0.001101 0.001394 0.005158 -0.035436 -0.012994 -0.187567 40.2910762711 -218.9235251338 203.08973
J157 97MAR20 1997.2156 50527 897 4 141.1 -2000 -0.344117 4461849 0.390420 203 0.087555 0.0000 0.001136 0.001379 0.005219 -0.001255 -0.056929 -0.184854 40.2910762600 -218.9235251111 203.08756
J157 97MAR21 1997.2183 50528 897 5 141.1 -2000 -0.342229 4461849 0.395089 203 0.085691 0.0000 0.001152 0.001427 0.005390 0.005274 0.045435 -0.184265 40.2910763021 -218.9235250889 203.08569
J157 97MAR22 1997.2211 50529 897 6 141.1 -2000 -0.341879 4461849 0.396833 203 0.074566 0.0000 0.001130 0.001417 0.005285 0.026384 -0.033995 -0.193630 40.2910763178 -218.9235250848 203.07457
J157 97MAR23 1997.2238 50530 898 0 141.1 -2000 -0.342736 4461849 0.394257 203 0.081899 0.0000 0.001117 0.001385 0.005155 -0.017008 -0.009676 -0.181006 40.2910762946 -218.9235250949 203.08190
J157 97MAR24 1997.2266 50531 898 1 141.1 -2000 -0.348524 4461849 0.388993 203 0.086922 0.0000 0.001128 0.001410 0.005255 -0.043055 0.007946 -0.210942 40.2910762472 -218.9235251630 203.08692
J157 97MAR25 1997.2293 50532 898 2 141.1 -2000 -0.345415 4461849 0.390377 203 0.090175 0.0000 0.001147 0.001446 0.005456 -0.021440 0.026351 -0.206402 40.2910762596 -218.9235251264 203.09017
J157 97MAR26 1997.2320 50533 898 3 141.1 -2000 -0.345719 4461849 0.391619 203 0.083567 0.0000 0.001119 0.001430 0.005235 -0.024454 -0.006531 -0.182162 40.2910762708 -218.9235251300 203.08357
J157 97MAR27 1997.2348 50534 898 4 141.1 -2000 -0.343317 4461849 0.390002 203 0.077623 0.0000 0.001131 0.001430 0.005298 -0.016569 0.009124 -0.174772 40.2910762563 -218.9235251017 203.07762
J157 97MAR28 1997.2375 50535 898 5 141.1 -2000 -0.346933 4461849 0.394413 203 0.078034 0.0000 0.001109 0.001424 0.005199 -0.012103 -0.016854 -0.142522 40.2910762960 -218.9235251443 203.07803
J157 97MAR29 1997.2402 50536 898 6 141.1 -2000 -0.340912 4461849 0.388801 203 0.084531 0.0000 0.001124 0.001437 0.005223 -0.031794 0.001641 -0.141232 40.2910762455 -218.9235250734 203.08453
J157 97MAR30 1997.2430 50537 899 0 141.1 -2000 -0.347093 4461849 0.391041 203 0.070163 0.0000 0.001102 0.001389 0.005158 -0.022081 0.012002 -0.184323 40.2910762656 -218.9235251461 203.07016
J157 97MAR31 1997.2457 50538 899 1 141.1 -2000 -0.343777 4461849 0.390906 203 0.077727 0.0000 0.001160 0.001462 0.005468 0.021938 -0.017453 -0.159914 40.2910762644 -218.9235251071 203.07773
J157 97APR01 1997.2485 50539 899 2 141.1 -2000 -0.339200 4461849 0.393091 203 0.080960 0.0000 0.001147 0.001436 0.005468 -0.024440 0.019402 -0.225311 40.2910762841 -218.9235250533 203.08096
J157 97APR02 1997.2512 50540 899 3 141.1 -2000 -0.341143 4461849 0.388519 203 0.086957 0.0000 0.001144 0.001427 0.005401 -0.037665 -0.013179 -0.176499 40.2910762429 -218.9235250762 203.08696
J157 97APR03 1997.2539 50541 899 4 141.1 -2000 -0.342639 4461849 0.388156 203 0.085871 0.0000 0.001103 0.001389 0.005132 -0.030817 0.018146 -0.163348 40.2910762396 -218.9235250937 203.08587
J157 97APR04 1997.2567 50542 899 5 141.1 -2000 -0.340930 4461849 0.392080 203 0.084974 0.0000 0.001089 0.001381 0.005071 -0.023531 0.021222 -0.151189 40.2910762750 -218.9235250737 203.08497
J157 97APR05 1997.2594 50543 899 6 141.1 -2000 -0.340863 4461849 0.389837 203 0.090619 0.0000 0.001151 0.001419 0.005317 -0.042623 0.030744 -0.176975 40.2910762548 -218.9235250729 203.09062
J157 97APR06 1997.2621 50544 900 0 141.1 -2000 -0.341225 4461849 0.391955 203 0.092050 0.0000 0.001109 0.001411 0.005233 -0.028210 0.008047 -0.182449 40.2910762739 -218.9235250771 203.09205
J157 97APR07 1997.2649 50545 900 1 141.1 -2000 -0.340708 4461849 0.389975 203 0.089798 0.0000 0.001169 0.001417 0.005316 -0.044625 -0.032065 -0.168195 40.2910762560 -218.9235250710 203.08980
J157 97APR08 1997.2676 50546 900 2 141.1 -2000 -0.345534 4461849 0.393076 203 0.091901 0.0000 0.001100 0.001381 0.005134 -0.025467 -0.028571 -0.161076 40.2910762840 -218.9235251278 203.09190
J157 97APR09 1997.2704 50547 900 3 141.1 -2000 -0.345137 4461849 0.391813 203 0.088144 0.0000 0.001100 0.001385 0.005110 -0.030699 0.029071 -0.137777 40.2910762726 -218.9235251231 203.08814
J157 97APR10 1997.2731 50548 900 4 141.1 -2000 -0.350998 4461849 0.393328 203 0.076413 0.0000 0.001127 0.001405 0.005267 -0.017805 -0.009969 -0.170991 40.2910762862 -218.9235251921 203.07641
J157 97APR11 1997.2758 50549 900 5 141.1 -2000 -0.344856 4461849 0.391979 203 0.086192 0.0000 0.001136 0.001442 0.005347 -0.043542 0.037524 -0.163569 40.2910762741 -218.9235251198 203.08619
J157 97APR12 1997.2786 50550 900 6 141.1 -2000 -0.343153 4461849 0.387996 203 0.090124 0.0000 0.001116 0.001413 0.005236 -0.015941 -0.007693 -0.150356 40.2910762382 -218.9235250998 203.09012
J157 97APR13 1997.2813 50551 901 0 141.1 -2000 -0.340972 4461849 0.390162 203 0.090601 0.0000 0.001099 0.001413 0.005156 -0.031223 -0.010709 -0.153636 40.2910762577 -218.9235250742 203.09060
J157 97APR14 1997.2841 50552 901 1 141.1 -2000 -0.349622 4461849 0.388256 203 0.083445 0.0000 0.001092 0.001397 0.005089 -0.019335 -0.014055 -0.149185 40.2910762405 -218.9235251759 203.08345
J157 97APR15 1997.2868 50553 901 2 141.1 -2000 -0.343986 4461849 0.387946 203 0.090093 0.0000 0.001103 0.001442 0.005197 -0.037277 -0.022498 -0.132389 40.2910762378 -218.9235251096 203.09009
J157 97APR16 1997.2895 50554 901 3 141.1 -2000 -0.343997 4461849 0.390136 203 0.080657 0.0000 0.001107 0.001404 0.005188 -0.039652 -0.008465 -0.169189 40.2910762575 -218.9235251097 203.08066
J157 97APR17 1997.2923 50555 901 4 141.1 -2000 -0.342545 4461849 0.389419 203 0.088742 0.0000 0.001103 0.001400 0.005105 -0.030768 -0.001982 -0.125688 40.2910762510 -218.9235250927 203.08874
J157 97APR18 1997.2950 50556 901 5 141.1 -2000 -0.342173 4461849 0.389294 203 0.083728 0.0000 0.001132 0.001405 0.005261 -0.032650 0.023658 -0.151899 40.2910762499 -218.9235250883 203.08373
J157 97APR19 1997.2977 50557 901 6 141.1 -2000 -0.347012 4461849 0.388813 203 0.079624 0.0000 0.001148 0.001434 0.005406 -0.026211 0.007956 -0.194808 40.2910762456 -218.9235251452 203.07962
J157 97APR20 1997.3005 50558 902 0 141.1 -2000 -0.344909 4461849 0.392682 203 0.077198 0.0000 0.001129 0.001407 0.005338 -0.029064 -0.023920 -0.173316 40.2910762804 -218.9235251205 203.07720
J157 97APR21 1997.3032 50559 902 1 141.1 -2000 -0.344415 4461849 0.392149 203 0.093250 0.0000 0.001127 0.001447 0.005396 -0.046401 -0.059955 -0.164668 40.2910762756 -218.9235251147 203.09325
J157 97APR22 1997.3060 50560 902 2 141.1 -2000 -0.345769 4461849 0.390135 203 0.080436 0.0000 0.001135 0.001416 0.005269 -0.048929 -0.027107 -0.147360 40.2910762575 -218.9235251306 203.08044
J157 97APR23 1997.3087 50561 902 3 141.1 -2000 -0.341932 4461849 0.388777 203 0.086447 0.0000 0.001123 0.001435 0.005277 -0.011026 -0.007685 -0.117185 40.2910762452 -218.9235250854 203.08645
J157 97APR24 1997.3114 50562 902 4 141.1 -2000 -0.344881 4461849 0.389119 203 0.084739 0.0000 0.001125 0.001395 0.005223 -0.047696 0.030129 -0.179007 40.2910762483 -218.9235251201 203.08474
J157 97APR25 1997.3142 50563 902 5 141.1 -2000 -0.343332 4461849 0.390850 203 0.089068 0.0000 0.001123 0.001400 0.005237 -0.031621 -0.027857 -0.168089 40.2910762639 -218.9235251019 203.08907
J157 97APR26 1997.3169 50564 902 6 141.1 -2000 -0.344449 4461849 0.388247 203 0.095556 0.0000 0.001152 0.001444 0.005422 -0.071229 -0.009041 -0.184061 40.2910762405 -218.9235251150 203.09556
J157 97APR27 1997.3196 50565 903 0 141.1 -2000 -0.341946 4461849 0.394734 203 0.089354 0.0000 0.001111 0.001397 0.005219 -0.035818 0.015137 -0.162203 40.2910762989 -218.9235250856 203.08935
J157 97APR28 1997.3224 50566 903 1 141.1 -2000 -0.342580 4461849 0.386551 203 0.086059 0.0000 0.001103 0.001394 0.005153 -0.035783 -0.003444 -0.150854 40.2910762252 -218.9235250930 203.08606
J157 97APR29 1997.3251 50567 903 2 141.1 -2000 -0.342973 4461849 0.388528 203 0.078158 0.0000 0.001153 0.001418 0.005422 -0.053591 0.009653 -0.158831 40.2910762430 -218.9235250977 203.07816
J157 97APR30 1997.3279 50568 903 3 141.1 -2000 -0.344253 4461849 0.387997 203 0.084006 0.0000 0.001119 0.001383 0.005215 -0.045217 0.014014 -0.167384 40.2910762382 -218.9235251127 203.08401
J157 97MAY01 1997.3306 50569 903 4 141.1 -2000 -0.344253 4461849 0.386885 203 0.089112 0.0000 0.001136 0.001421 0.005345 -0.055129 0.038362 -0.161957 40.2910762282 -218.9235251127 203.08911
J157 97MAY02 1997.3333 50570 903 5 141.1 -2000 -0.345530 4461849 0.390011 203 0.085490 0.0000 0.001149 0.001417 0.005373 -0.037500 -0.004930 -0.136492 40.2910762564 -218.9235251278 203.08549
J157 97MAY03 1997.3361 50571 903 6 141.1 -2000 -0.337203 4461849 0.388334 203 0.099630 0.0000 0.001111 0.001407 0.005224 -0.042258 0.012465 -0.138605 40.2910762413 -218.9235250298 203.09963
J157 97MAY04 1997.3388 50572 904 0 141.1 -2000 -0.343071 4461849 0.387884 203 0.095666 0.0000 0.001133 0.001425 0.005395 -0.070555 0.039624 -0.204805 40.2910762372 -218.9235250988 203.09567
J157 97MAY05 1997.3415 50573 904 1 141.1 -2000 -0.340062 4461849 0.387568 203 0.086791 0.0000 0.001141 0.001428 0.005402 -0.057918 0.006091 -0.187320 40.2910762344 -218.9235250634 203.08679
J157 97MAY06 1997.3443 50574 904 2 141.1 -2000 -0.344647 4461849 0.390246 203 0.075217 0.0000 0.001163 0.001426 0.005432 -0.030334 0.004785 -0.174984 40.2910762585 -218.9235251174 203.07522
J157 97MAY07 1997.3470 50575 904 3 141.1 -2000 -0.341650 4461849 0.388750 203 0.094750 0.0000 0.001112 0.001384 0.005221 -0.022887 -0.006907 -0.163182 40.2910762450 -218.9235250821 203.09475
J157 97MAY08 1997.3498 50576 904 4 141.1 -2000 -0.348076 4461849 0.388457 203 0.092533 0.0000 0.001123 0.001421 0.005293 -0.054838 0.029331 -0.165401 40.2910762424 -218.9235251577 203.09253
J157 97MAY09 1997.3525 50577 904 5 141.1 -2000 -0.345435 4461849 0.391411 203 0.102640 0.0000 0.001136 0.001451 0.005373 -0.054866 -0.007298 -0.120407 40.2910762690 -218.9235251266 203.10264
J157 97MAY10 1997.3552 50578 904 6 141.1 -2000 -0.344920 4461849 0.390084 203 0.096036 0.0000 0.001140 0.001421 0.005367 -0.040878 0.035521 -0.174805 40.2910762570 -218.9235251206 203.09604
J157 97MAY11 1997.3580 50579 905 0 141.1 -2000 -0.345272 4461849 0.391107 203 0.089855 0.0000 0.001152 0.001453 0.005472 -0.020176 -0.008260 -0.146043 40.2910762662 -218.9235251247 203.08986
J157 97MAY12 1997.3607 50580 905 1 141.1 -2000 -0.343143 4461849 0.391398 203 0.084842 0.0000 0.001142 0.001440 0.005396 -0.040943 -0.001967 -0.089285 40.2910762688 -218.9235250997 203.08484
J157 97MAY13 1997.3634 50581 905 2 141.1 -2000 -0.341465 4461849 0.392374 203 0.091873 0.0000 0.001084 0.001390 0.005085 -0.039655 0.000174 -0.122720 40.2910762776 -218.9235250800 203.09187
J157 97MAY14 1997.3662 50582 905 3 141.1 -2000 -0.342029 4461849 0.391448 203 0.099145 0.0000 0.001103 0.001408 0.005224 -0.044166 0.018462 -0.120577 40.2910762693 -218.9235250866 203.09915
J157 97MAY15 1997.3689 50583 905 4 141.1 -2000 -0.344800 4461849 0.390392 203 0.101888 0.0000 0.001198 0.001510 0.005571 0.004682 0.021158 -0.138012 40.2910762598 -218.9235251192 203.10189
J157 97MAY16 1997.3717 50584 905 5 141.1 -2000 -0.341713 4461849 0.393182 203 0.093210 0.0000 0.001138 0.001417 0.005325 -0.038660 0.002901 -0.162074 40.2910762849 -218.9235250829 203.09321
J157 97MAY17 1997.3744 50585 905 6 141.1 -2000 -0.343396 4461849 0.393809 203 0.075115 0.0000 0.001168 0.001414 0.005471 -0.016995 0.007433 -0.195404 40.2910762906 -218.9235251027 203.07512
J157 97MAY18 1997.3771 50586 906 0 141.1 -2000 -0.346562 4461849 0.393989 203 0.076933 0.0000 0.001112 0.001399 0.005216 -0.043647 0.029738 -0.172071 40.2910762922 -218.9235251399 203.07693
J157 97MAY19 1997.3799 50587 906 1 141.1 -2000 -0.343702 4461849 0.394436 203 0.092174 0.0000 0.001250 0.001532 0.005974 -0.062028 -0.031845 -0.198889 40.2910762962 -218.9235251063 203.09217
J157 97MAY20 1997.3826 50588 906 2 141.1 -2000 -0.343258 4461849 0.392676 203 0.097679 0.0000 0.001179 0.001436 0.005476 -0.031358 0.009804 -0.145057 40.2910762804 -218.9235251010 203.09768
J157 97MAY21 1997.3854 50589 906 3 141.1 -2000 -0.343424 4461849 0.391487 203 0.096263 0.0000 0.001139 0.001444 0.005410 -0.068448 0.007905 -0.118383 40.2910762697 -218.9235251030 203.09626
J157 97MAY22 1997.3881 50590 906 4 141.1 -2000 -0.343999 4461849 0.390737 203 0.102361 0.0000 0.001201 0.001539 0.005781 -0.041935 -0.021668 -0.089984 40.2910762629 -218.9235251098 203.10236
J157 97MAY23 1997.3908 50591 906 5 141.1 -2000 -0.344879 4461849 0.394919 203 0.076228 0.0000 0.001263 0.001551 0.005914 -0.029002 -0.047567 -0.155488 40.2910763006 -218.9235251201 203.07623
J157 97MAY24 1997.3936 50592 906 6 141.1 -2000 -0.342555 4461849 0.396631 203 0.100211 0.0000 0.001147 0.001423 0.005376 -0.044765 0.043863 -0.150650 40.2910763160 -218.9235250928 203.10021
J157 97MAY25 1997.3963 50593 907 0 141.1 -2000 -0.346686 4461849 0.396678 203 0.107602 0.0000 0.001174 0.001495 0.005762 -0.009651 -0.023328 -0.135292 40.2910763164 -218.9235251414 203.10760
J157 97MAY26 1997.3990 50594 907 1 141.1 -2000 -0.343897 4461849 0.397906 203 0.098421 0.0000 0.001171 0.001504 0.005621 -0.027997 -0.005265 -0.147863 40.2910763275 -218.9235251086 203.09842
J157 97MAY27 1997.4018 50595 907 2 141.1 -2000 -0.343731 4461849 0.391675 203 0.105672 0.0000 0.001231 0.001589 0.005769 -0.043549 -0.000541 -0.161851 40.2910762713 -218.9235251066 203.10567
J157 97MAY28 1997.4045 50596 907 3 141.1 -2000 -0.346335 4461849 0.393400 203 0.097913 0.0000 0.001155 0.001462 0.005592 -0.031841 -0.025679 -0.169128 40.2910762869 -218.9235251372 203.09791
J157 97MAY29 1997.4073 50597 907 4 141.1 -2000 -0.346966 4461849 0.394458 203 0.099009 0.0000 0.001171 0.001460 0.005473 -0.044150 0.018091 -0.150111 40.2910762964 -218.9235251447 203.09901
J157 97MAY30 1997.4100 50598 907 5 141.1 -2000 -0.345481 4461849 0.393236 203 0.092989 0.0000 0.001227 0.001532 0.005880 -0.049527 0.005572 -0.179597 40.2910762854 -218.9235251272 203.09299
J157 97MAY31 1997.4127 50599 907 6 141.1 -2000 -0.346927 4461849 0.396973 203 0.099542 0.0000 0.001162 0.001461 0.005487 -0.036604 -0.002914 -0.171153 40.2910763191 -218.9235251442 203.09954
J157 97JUN01 1997.4155 50600 908 0 141.1 -2000 -0.344909 4461849 0.394321 203 0.089314 0.0000 0.001172 0.001431 0.005431 -0.035517 -0.053894 -0.137216 40.2910762952 -218.9235251205 203.08931
J157 97JUN02 1997.4182 50601 908 1 141.1 -2000 -0.341987 4461849 0.396068 203 0.100292 0.0000 0.001151 0.001428 0.005486 -0.020805 0.024194 -0.167309 40.2910763109 -218.9235250861 203.10029
J157 97JUN03 1997.4209 50602 908 2 141.1 -2000 -0.346262 4461849 0.391629 203 0.098968 0.0000 0.001150 0.001454 0.005488 -0.058439 0.015483 -0.125607 40.2910762709 -218.9235251364 203.09897
J157 97JUN04 1997.4237 50603 908 3 141.1 -2000 -0.342582 4461849 0.393394 203 0.101693 0.0000 0.001168 0.001435 0.005466 -0.034966 0.003614 -0.150192 40.2910762868 -218.9235250931 203.10169
J157 97JUN05 1997.4264 50604 908 4 141.1 -2000 -0.344845 4461849 0.392551 203 0.101251 0.0000 0.001124 0.001420 0.005354 -0.040428 0.006536 -0.122634 40.2910762792 -218.9235251197 203.10125
J157 97JUN06 1997.4292 50605 908 5 141.1 -2000 -0.344125 4461849 0.393550 203 0.097478 0.0000 0.001182 0.001477 0.005672 -0.025531 0.006834 -0.125440 40.2910762882 -218.9235251112 203.09748
J157 97JUN07 1997.4319 50606 908 6 141.1 -2000 -0.347475 4461849 0.392049 203 0.093570 0.0000 0.001239 0.001541 0.005789 -0.016562 -0.028798 -0.138447 40.2910762747 -218.9235251506 203.09357
J157 97JUN08 1997.4346 50607 909 0 141.1 -2000 -0.344043 4461849 0.391490 203 0.091630 0.0000 0.001146 0.001448 0.005420 -0.022399 -0.004434 -0.176092 40.2910762697 -218.9235251103 203.09163
J157 97JUN09 1997.4374 50608 909 1 141.1 -2000 -0.343700 4461849 0.393539 203 0.105516 0.0000 0.001160 0.001486 0.005503 0.031500 -0.032446 -0.154665 40.2910762881 -218.9235251062 203.10552
J157 97JUN10 1997.4401 50609 909 2 141.1 -2000 -0.347514 4461849 0.392723 203 0.088846 0.0000 0.001251 0.001544 0.005760 0.014801 0.011945 -0.085162 40.2910762808 -218.9235251511 203.08885
J157 97JUN11 1997.4428 50610 909 3 141.1 -2000 -0.343742 4461849 0.391684 203 0.087527 0.0000 0.001198 0.001507 0.005683 -0.075501 0.017653 -0.152898 40.2910762714 -218.9235251067 203.08753
J157 97JUN12 1997.4456 50611 909 4 141.1 -2000 -0.346480 4461849 0.392863 203 0.097035 0.0000 0.001185 0.001514 0.005625 -0.029685 0.063622 -0.123046 40.2910762820 -218.9235251389 203.09704
J157 97JUN13 1997.4483 50612 909 5 141.1 -2000 -0.345099 4461849 0.391475 203 0.080479 0.0000 0.001095 0.001381 0.005102 -0.021031 0.009228 -0.122869 40.2910762695 -218.9235251227 203.08048
J157 97JUN14 1997.4511 50613 909 6 141.1 -2000 -0.344991 4461849 0.394393 203 0.085528 0.0000 0.001154 0.001449 0.005492 -0.019658 0.006116 -0.181506 40.2910762958 -218.9235251214 203.08553
J157 97JUN15 1997.4538 50614 910 0 141.1 -2000 -0.345387 4461849 0.386120 203 0.094032 0.0000 0.001156 0.001454 0.005392 -0.054686 -0.025660 -0.115253 40.2910762213 -218.9235251261 203.09403
J157 97JUN16 1997.4565 50615 910 1 141.1 -2000 -0.343937 4461849 0.390623 203 0.090897 0.0000 0.001111 0.001406 0.005202 -0.030598 -0.015260 -0.109181 40.2910762619 -218.9235251090 203.09090
J157 97JUN17 1997.4593 50616 910 2 141.1 -2000 -0.342463 4461849 0.389057 203 0.082399 0.0000 0.001133 0.001440 0.005372 -0.024090 -0.002920 -0.152506 40.2910762478 -218.9235250917 203.08240
J157 97JUN18 1997.4620 50617 910 3 141.1 -2000 -0.344784 4461849 0.389691 203 0.094980 0.0000 0.001184 0.001477 0.005673 -0.060148 -0.018404 -0.135778 40.2910762535 -218.9235251190 203.09498
J157 97JUN19 1997.4648 50618 910 4 141.1 -2000 -0.345751 4461849 0.389750 203 0.092734 0.0000 0.001183 0.001535 0.005708 -0.056974 0.037110 -0.064917 40.2910762540 -218.9235251304 203.09273
J157 97JUN20 1997.4675 50619 910 5 141.1 -2000 -0.343851 4461849 0.387537 203 0.093139 0.0000 0.001163 0.001421 0.005429 -0.097139 0.014012 -0.148316 40.2910762341 -218.9235251080 203.09314
J157 97JUN21 1997.4702 50620 910 6 141.1 -2000 -0.343184 4461849 0.391145 203 0.096493 0.0000 0.001122 0.001421 0.005305 -0.041317 -0.003995 -0.124392 40.2910762666 -218.9235251002 203.09649
J157 97JUN22 1997.4730 50621 911 0 141.1 -2000 -0.342054 4461849 0.392565 203 0.089193 0.0000 0.001124 0.001416 0.005227 -0.032520 -0.033616 -0.127491 40.2910762794 -218.9235250869 203.08919
J157 97JUN23 1997.4757 50622 911 1 141.1 -2000 -0.344111 4461849 0.393021 203 0.088894 0.0000 0.001143 0.001443 0.005343 -0.092314 -0.038441 -0.116431 40.2910762835 -218.9235251111 203.08889
J157 97JUN24 1997.4784 50623 911 2 141.1 -2000 -0.341989 4461849 0.386899 203 0.091374 0.0000 0.001215 0.001481 0.005668 -0.101995 0.024126 -0.215779 40.2910762283 -218.9235250861 203.09137
J157 97JUN25 1997.4812 50624 911 3 141.1 -2000 -0.344290 4461849 0.389081 203 0.105648 0.0000 0.001154 0.001446 0.005507 -0.046765 0.032569 -0.184647 40.2910762480 -218.9235251132 203.10565
J157 97JUN26 1997.4839 50625 911 4 141.1 -2000 -0.341935 4461849 0.391571 203 0.094960 0.0000 0.001140 0.001423 0.005277 -0.055994 0.004178 -0.124033 40.2910762704 -218.9235250855 203.09496
J157 97JUN27 1997.4867 50626 911 5 141.1 -2000 -0.340092 4461849 0.388518 203 0.099277 0.0000 0.001191 0.001469 0.005514 -0.089256 0.044574 -0.113749 40.2910762429 -218.9235250638 203.09928
J157 97JUN28 1997.4894 50627 911 6 141.1 -2000 -0.341550 4461849 0.390496 203 0.097311 0.0000 0.001188 0.001483 0.005509 -0.077793 -0.013086 -0.125709 40.2910762607 -218.9235250809 203.09731
J157 97JUN29 1997.4921 50628 912 0 141.1 -2000 -0.341228 4461849 0.391554 203 0.096219 0.0000 0.001115 0.001399 0.005284 -0.030960 -0.037121 -0.167580 40.2910762703 -218.9235250772 203.09622
J157 97JUN30 1997.4949 50629 912 1 141.1 -2000 -0.345051 4461849 0.388224 203 0.102170 0.0000 0.001151 0.001432 0.005459 -0.043246 -0.060916 -0.125761 40.2910762403 -218.9235251221 203.10217
J157 97JUL01 1997.4976 50630 912 2 141.1 -2000 -0.343884 4461849 0.389980 203 0.091481 0.0000 0.001131 0.001494 0.005472 -0.003854 0.019177 -0.102493 40.2910762561 -218.9235251084 203.09148
J157 97JUL02 1997.5003 50631 912 3 141.1 -2000 -0.345124 4461849 0.390896 203 0.103851 0.0000 0.001219 0.001474 0.005621 -0.107948 0.057023 -0.144821 40.2910762643 -218.9235251230 203.10385
J157 97JUL03 1997.5031 50632 912 4 141.1 -2000 -0.343704 4461849 0.394646 203 0.090305 0.0000 0.001214 0.001464 0.005832 -0.027374 -0.028820 -0.192838 40.2910762981 -218.9235251063 203.09031
J157 97JUL04 1997.5058 50633 912 5 141.1 -2000 -0.351126 4461849 0.392364 203 0.086345 0.0000 0.001126 0.001376 0.005189 -0.046978 -0.015159 -0.141559 40.2910762776 -218.9235251936 203.08634
J157 97JUL05 1997.5086 50634 912 6 141.1 -2000 -0.336315 4461849 0.390935 203 0.102489 0.0000 0.001136 0.001459 0.005399 -0.041573 0.027680 -0.174298 40.2910762647 -218.9235250194 203.10249
J157 97JUL06 1997.5113 50635 913 0 141.1 -2000 -0.344866 4461849 0.393093 203 0.094583 0.0000 0.001170 0.001443 0.005477 -0.032090 -0.028237 -0.151312 40.2910762841 -218.9235251200 203.09458
J157 97JUL07 1997.5140 50636 913 1 141.1 -2000 -0.348762 4461849 0.393330 203 0.086369 0.0000 0.001140 0.001413 0.005392 -0.026005 -0.022551 -0.168469 40.2910762862 -218.9235251658 203.08637
J157 97JUL08 1997.5168 50637 913 2 141.1 -2000 -0.345558 4461849 0.395002 203 0.084195 0.0000 0.001143 0.001473 0.005401 -0.029533 -0.004152 -0.136297 40.2910763013 -218.9235251281 203.08419
J157 97JUL09 1997.5195 50638 913 3 141.1 -2000 -0.344997 4461849 0.395674 203 0.086164 0.0000 0.001111 0.001378 0.005222 -0.031046 0.011792 -0.186895 40.2910763074 -218.9235251215 203.08616
J157 97JUL10 1997.5222 50639 913 4 141.1 -2000 -0.342558 4461849 0.392434 203 0.092829 0.0000 0.001155 0.001423 0.005425 -0.040121 -0.017578 -0.158050 40.2910762782 -218.9235250928 203.09283
J157 97JUL11 1997.5250 50640 913 5 141.1 -2000 -0.342803 4461849 0.395005 203 0.092367 0.0000 0.001198 0.001475 0.005621 -0.010989 -0.004209 -0.185840 40.2910763013 -218.9235250957 203.09237
J157 97JUL12 1997.5277 50641 913 6 141.1 -2000 -0.339560 4461849 0.395478 203 0.097535 0.0000 0.001208 0.001523 0.005805 -0.058180 0.082393 -0.174746 40.2910763056 -218.9235250576 203.09754
J157 97JUL13 1997.5305 50642 914 0 141.1 -2000 -0.341896 4461849 0.394954 203 0.091207 0.0000 0.001209 0.001519 0.005674 -0.061260 -0.015976 -0.136500 40.2910763009 -218.9235250850 203.09121
J157 97JUL14 1997.5332 50643 914 1 141.1 -2000 -0.343134 4461849 0.395931 203 0.102433 0.0000 0.001132 0.001467 0.005391 -0.009101 -0.031933 -0.162273 40.2910763097 -218.9235250996 203.10243
J157 97JUL15 1997.5359 50644 914 2 141.1 -2000 -0.344496 4461849 0.396005 203 0.124049 0.0000 0.001155 0.001544 0.005701 -0.019641 -0.001112 -0.167678 40.2910763103 -218.9235251156 203.12405
J157 97JUL16 1997.5387 50645 914 3 141.1 -2000 -0.344419 4461849 0.395050 203 0.101740 0.0000 0.001177 0.001475 0.005504 -0.062134 -0.047643 -0.128276 40.2910763017 -218.9235251147 203.10174
J157 97JUL17 1997.5414 50646 914 4 141.1 -2000 -0.344047 4461849 0.389452 203 0.094001 0.0000 0.001135 0.001382 0.005244 0.005714 -0.064967 -0.131026 40.2910762513 -218.9235251103 203.09400
J157 97JUL18 1997.5441 50647 914 5 141.1 -2000 -0.338898 4461849 0.394090 203 0.106415 0.0000 0.001131 0.001444 0.005356 -0.051266 -0.026037 -0.154540 40.2910762931 -218.9235250498 203.10642
J157 97JUL19 1997.5469 50648 914 6 141.1 -2000 -0.343343 4461849 0.393486 203 0.089496 0.0000 0.001123 0.001514 0.005353 -0.007796 -0.000908 -0.138198 40.2910762876 -218.9235251020 203.08950
J157 97JUL20 1997.5496 50649 915 0 141.1 -2000 -0.342481 4461849 0.393856 203 0.090088 0.0000 0.001160 0.001466 0.005391 -0.040691 0.028179 -0.098621 40.2910762910 -218.9235250919 203.09009
J157 97JUL21 1997.5524 50650 915 1 141.1 -2000 -0.341517 4461849 0.395643 203 0.093827 0.0000 0.001103 0.001401 0.005150 -0.036507 -0.013016 -0.101132 40.2910763071 -218.9235250806 203.09383
J157 97JUL22 1997.5551 50651 915 2 141.1 -2000 -0.338676 4461849 0.392419 203 0.087775 0.0000 0.001144 0.001386 0.005151 -0.035620 -0.039340 -0.119575 40.2910762780 -218.9235250472 203.08778
J157 97JUL23 1997.5578 50652 915 3 141.1 -2000 -0.344908 4461849 0.395157 203 0.094503 0.0000 0.001227 0.001539 0.005779 0.027642 -0.036248 -0.095790 40.2910763027 -218.9235251205 203.09450
J157 97JUL24 1997.5606 50653 915 4 141.1 -2000 -0.340748 4461849 0.395327 203 0.073649 0.0000 0.001178 0.001476 0.005532 -0.021879 -0.024169 -0.094101 40.2910763042 -218.9235250715 203.07365
J157 97JUL25 1997.5633 50654 915 5 141.1 -2000 -0.341779 4461849 0.395591 203 0.078048 0.0000 0.001116 0.001506 0.005403 -0.014067 -0.018491 -0.131187 40.2910763066 -218.9235250837 203.07805
J157 97JUL26 1997.5661 50655 915 6 141.1 -2000 -0.340686 4461849 0.389247 203 0.095611 0.0000 0.001150 0.001452 0.005410 -0.005753 0.001541 -0.155908 40.2910762495 -218.9235250708 203.09561
J157 97JUL27 1997.5688 50656 916 0 141.1 -2000 -0.337718 4461849 0.399070 203 0.107783 0.0000 0.001205 0.001620 0.005800 -0.026099 0.007795 -0.092474 40.2910763379 -218.9235250359 203.10778
J157 97JUL28 1997.5715 50657 916 1 141.1 -2000 -0.341993 4461849 0.392337 203 0.102485 0.0000 0.001160 0.001511 0.005564 -0.050998 0.055787 -0.128370 40.2910762773 -218.9235250862 203.10249
J157 97JUL29 1997.5743 50658 916 2 141.1 -2000 -0.340304 4461849 0.393852 203 0.095800 0.0000 0.001186 0.001496 0.005644 -0.028250 0.018781 -0.159776 40.2910762909 -218.9235250663 203.09580
J157 97JUL30 1997.5770 50659 916 3 141.1 -2000 -0.340436 4461849 0.395224 203 0.090818 0.0000 0.001130 0.001487 0.005399 -0.018504 -0.015510 -0.115695 40.2910763033 -218.9235250679 203.09082
J157 97JUL31 1997.5797 50660 916 4 141.1 -2000 -0.342280 4461849 0.396757 203 0.095878 0.0000 0.001230 0.001460 0.005714 -0.031604 -0.015774 -0.103986 40.2910763171 -218.9235250896 203.09588
J157 97AUG01 1997.5825 50661 916 5 141.1 -2000 -0.339959 4461849 0.396388 203 0.090896 0.0000 0.001176 0.001462 0.005540 -0.023847 -0.010222 -0.095040 40.2910763138 -218.9235250623 203.09090
J157 97AUG02 1997.5852 50662 916 6 141.1 -2000 -0.341498 4461849 0.393016 203 0.098186 0.0000 0.001142 0.001454 0.005433 -0.053447 -0.001507 -0.129368 40.2910762834 -218.9235250803 203.09819
J157 97AUG03 1997.5880 50663 917 0 141.1 -2000 -0.337398 4461849 0.392863 203 0.105348 0.0000 0.001198 0.001505 0.005751 -0.100865 0.041676 -0.135511 40.2910762820 -218.9235250321 203.10535
J157 97AUG04 1997.5907 50664 917 1 141.1 -2000 -0.339360 4461849 0.394719 203 0.093843 0.0000 0.001188 0.001492 0.005615 -0.035147 -0.013193 -0.127516 40.2910762988 -218.9235250552 203.09384
J157 97AUG05 1997.5934 50665 917 2 141.1 -2000 -0.339781 4461849 0.398672 203 0.106087 0.0000 0.001135 0.001469 0.005446 -0.084391 0.015830 -0.096550 40.2910763344 -218.9235250602 203.10609
J157 97AUG06 1997.5962 50666 917 3 141.1 -2000 -0.341494 4461849 0.396224 203 0.086254 0.0000 0.001124 0.001421 0.005235 -0.054845 -0.007898 -0.065540 40.2910763123 -218.9235250803 203.08625
J157 97AUG07 1997.5989 50667 917 4 141.1 -2000 -0.342062 4461849 0.396110 203 0.092926 0.0000 0.001122 0.001429 0.005341 -0.051906 0.003349 -0.172652 40.2910763113 -218.9235250870 203.09293
J157 97AUG08 1997.6016 50668 917 5 141.1 -2000 -0.346468 4461849 0.396725 203 0.093768 0.0000 0.001154 0.001472 0.005467 -0.009021 -0.040421 -0.117459 40.2910763168 -218.9235251388 203.09377
J157 97AUG09 1997.6044 50669 917 6 141.1 -2000 -0.343022 4461849 0.389825 203 0.081267 0.0000 0.001107 0.001438 0.005272 -0.025761 0.039860 -0.091274 40.2910762547 -218.9235250983 203.08127
J157 97AUG10 1997.6071 50670 918 0 141.1 -2000 -0.343405 4461849 0.393311 203 0.091171 0.0000 0.001144 0.001423 0.005414 -0.013192 0.010809 -0.141558 40.2910762861 -218.9235251028 203.09117
J157 97AUG11 1997.6099 50671 918 1 141.1 -2000 -0.344510 4461849 0.396834 203 0.101319 0.0000 0.001115 0.001418 0.005297 -0.042348 0.005242 -0.143260 40.2910763178 -218.9235251158 203.10132
J157 97AUG12 1997.6126 50672 918 2 141.1 -2000 -0.340490 4461849 0.397027 203 0.108276 0.0000 0.001169 0.001484 0.005497 -0.028715 -0.009790 -0.112540 40.2910763195 -218.9235250685 203.10828
J157 97AUG13 1997.6153 50673 918 3 141.1 -2000 -0.339997 4461849 0.392260 203 0.095365 0.0000 0.001095 0.001433 0.005244 -0.041632 0.024086 -0.139245 40.2910762766 -218.9235250627 203.09537
J157 97AUG14 1997.6181 50674 918 4 141.1 -2000 -0.343672 4461849 0.391070 203 0.092373 0.0000 0.001124 0.001441 0.005299 -0.030099 -0.005022 -0.115308 40.2910762659 -218.9235251059 203.09237
J157 97AUG15 1997.6208 50675 918 5 141.1 -2000 -0.342883 4461849 0.395932 203 0.099429 0.0000 0.001119 0.001426 0.005315 -0.052375 0.015154 -0.105384 40.2910763097 -218.9235250966 203.09943
J157 97AUG16 1997.6235 50676 918 6 141.1 -2000 -0.342072 4461849 0.396878 203 0.099382 0.0000 0.001081 0.001385 0.005127 -0.008447 -0.010024 -0.111843 40.2910763182 -218.9235250871 203.09938
J157 97AUG17 1997.6263 50677 919 0 141.1 -2000 -0.341390 4461849 0.396310 203 0.090732 0.0000 0.001150 0.001420 0.005365 -0.019254 0.038961 -0.092276 40.2910763131 -218.9235250791 203.09073
J157 97AUG18 1997.6290 50678 919 1 141.1 -2000 -0.341051 4461849 0.393876 203 0.085119 0.0000 0.001119 0.001403 0.005235 -0.023275 0.049902 -0.092535 40.2910762912 -218.9235250751 203.08512
J157 97AUG19 1997.6318 50679 919 2 141.1 -2000 -0.341238 4461849 0.391212 203 0.093633 0.0000 0.001106 0.001473 0.005244 -0.051623 0.027228 -0.073982 40.2910762672 -218.9235250773 203.09363
J157 97AUG20 1997.6345 50680 919 3 141.1 -2000 -0.340144 4461849 0.395212 203 0.096788 0.0000 0.001099 0.001411 0.005236 -0.017427 -0.007251 -0.104015 40.2910763032 -218.9235250644 203.09679
J157 97AUG21 1997.6372 50681 919 4 141.1 -2000 -0.343895 4461849 0.394592 203 0.100102 0.0000 0.001151 0.001462 0.005453 -0.010275 0.010737 -0.142129 40.2910762976 -218.9235251085 203.10010
J157 97AUG22 1997.6400 50682 919 5 141.1 -2000 -0.342448 4461849 0.399144 203 0.094319 0.0000 0.001147 0.001429 0.005465 -0.047738 0.011739 -0.100214 40.2910763386 -218.9235250915 203.09432
J157 97AUG23 1997.6427 50683 919 6 141.1 -2000 -0.338975 4461849 0.395075 203 0.094964 0.0000 0.001150 0.001439 0.005432 -0.017733 -0.005810 -0.123911 40.2910763020 -218.9235250507 203.09496
J157 97AUG24 1997.6454 50684 920 0 141.1 -2000 -0.343739 4461849 0.395462 203 0.100869 0.0000 0.001133 0.001414 0.005323 -0.048938 0.048908 -0.146149 40.2910763055 -218.9235251067 203.10087
J157 97AUG25 1997.6482 50685 920 1 141.1 -2000 -0.340756 4461849 0.395834 203 0.094856 0.0000 0.001152 0.001429 0.005376 -0.007164 -0.029884 -0.146364 40.2910763088 -218.9235250716 203.09486
J157 97AUG26 1997.6509 50686 920 2 141.1 -2000 -0.340840 4461849 0.393733 203 0.092352 0.0000 0.001133 0.001443 0.005468 -0.027832 0.000562 -0.139324 40.2910762899 -218.9235250726 203.09235
J157 97AUG27 1997.6537 50687 920 3 141.1 -2000 -0.341092 4461849 0.398253 203 0.106372 0.0000 0.001137 0.001417 0.005410 -0.001356 0.016310 -0.128967 40.2910763306 -218.9235250756 203.10637
J157 97AUG28 1997.6564 50688 920 4 141.1 -2000 -0.344318 4461849 0.395614 203 0.072190 0.0000 0.001129 0.001404 0.005288 -0.046826 0.005038 -0.131059 40.2910763068 -218.9235251135 203.07219
J157 97AUG29 1997.6591 50689 920 5 141.1 -2000 -0.341103 4461849 0.396935 203 0.104256 0.0000 0.001132 0.001426 0.005416 -0.050558 -0.019142 -0.152716 40.2910763187 -218.9235250757 203.10426
J157 97AUG30 1997.6619 50690 920 6 141.1 -2000 -0.340301 4461849 0.395641 203 0.075245 0.0000 0.001142 0.001423 0.005389 -0.046751 0.048945 -0.146506 40.2910763071 -218.9235250663 203.07525
J157 97AUG31 1997.6646 50691 921 0 141.1 -2000 -0.342371 4461849 0.397466 203 0.096258 0.0000 0.001139 0.001425 0.005420 -0.019840 -0.029078 -0.137737 40.2910763235 -218.9235250906 203.09626
J157 97SEP01 1997.6674 50692 921 1 141.1 -2000 -0.341151 4461849 0.395621 203 0.099419 0.0000 0.001150 0.001435 0.005458 -0.043145 -0.014265 -0.136824 40.2910763069 -218.9235250763 203.09942
J157 97SEP02 1997.6701 50693 921 2 141.1 -2000 -0.340050 4461849 0.395560 203 0.103447 0.0000 0.001150 0.001479 0.005609 -0.079219 0.023797 -0.132019 40.2910763063 -218.9235250633 203.10345
J157 97SEP03 1997.6728 50694 921 3 141.1 -2000 -0.337749 4461849 0.392101 203 0.105054 0.0000 0.001130 0.001431 0.005422 -0.023859 -0.014034 -0.131321 40.2910762752 -218.9235250363 203.10505
J157 97SEP04 1997.6756 50695 921 4 141.1 -2000 -0.342527 4461849 0.395785 203 0.086785 0.0000 0.001105 0.001380 0.005203 -0.042156 -0.009919 -0.153518 40.2910763084 -218.9235250925 203.08678
J157 97SEP05 1997.6783 50696 921 5 141.1 -2000 -0.341114 4461849 0.392684 203 0.092709 0.0000 0.001113 0.001387 0.005262 -0.011648 -0.014462 -0.120918 40.2910762804 -218.9235250758 203.09271
J157 97SEP06 1997.6810 50697 921 6 141.1 -2000 -0.341033 4461849 0.394351 203 0.084994 0.0000 0.001083 0.001363 0.005060 -0.042781 0.014600 -0.154178 40.2910762954 -218.9235250749 203.08499
J157 97SEP07 1997.6838 50698 922 0 141.1 -2000 -0.341400 4461849 0.393445 203 0.102250 0.0000 0.001085 0.001378 0.005168 -0.030793 -0.014408 -0.131925 40.2910762873 -218.9235250792 203.10225
J157 97SEP08 1997.6865 50699 922 1 141.1 -2000 -0.338864 4461849 0.391888 203 0.090491 0.0000 0.001107 0.001369 0.005118 -0.041241 -0.002852 -0.115593 40.2910762733 -218.9235250494 203.09049
J157 97SEP09 1997.6893 50700 922 2 141.1 -2000 -0.335823 4461849 0.392007 203 0.097193 0.0000 0.001145 0.001409 0.005479 -0.021645 -0.011943 -0.147409 40.2910762743 -218.9235250136 203.09719
J157 97SEP10 1997.6920 50701 922 3 141.1 -2000 -0.336853 4461849 0.390925 203 0.096299 0.0000 0.001114 0.001396 0.005185 -0.044937 -0.006078 -0.132087 40.2910762646 -218.9235250257 203.09630
J157 97SEP11 1997.6947 50702 922 4 141.1 -2000 -0.336474 4461849 0.393150 203 0.093401 0.0000 0.001139 0.001451 0.005439 -0.043861 0.011557 -0.208855 40.2910762846 -218.9235250213 203.09340
J157 97SEP12 1997.6975 50703 922 5 141.1 -2000 -0.337583 4461849 0.395892 203 0.080658 0.0000 0.001125 0.001454 0.005316 -0.081726 -0.013764 -0.161667 40.2910763093 -218.9235250343 203.08066
J157 97SEP13 1997.7002 50704 922 6 141.1 -2000 -0.339402 4461849 0.396663 203 0.092546 0.0000 0.001080 0.001373 0.005115 -0.038966 -0.020127 -0.117204 40.2910763163 -218.9235250557 203.09255
J157 97SEP14 1997.7029 50705 923 0 141.1 -2000 -0.339528 4461849 0.396421 203 0.093038 0.0000 0.001128 0.001384 0.005306 -0.016856 -0.002384 -0.155944 40.2910763141 -218.9235250572 203.09304
J157 97SEP15 1997.7057 50706 923 1 141.1 -2000 -0.340064 4461849 0.395760 203 0.085920 0.0000 0.001097 0.001363 0.005128 -0.033109 0.027468 -0.144505 40.2910763081 -218.9235250635 203.08592
J157 97SEP16 1997.7084 50707 923 2 141.1 -2000 -0.339326 4461849 0.392999 203 0.099763 0.0000 0.001114 0.001363 0.005218 -0.020938 -0.029781 -0.168927 40.2910762833 -218.9235250548 203.09976
J157 97SEP17 1997.7112 50708 923 3 141.1 -2000 -0.338471 4461849 0.396324 203 0.095112 0.0000 0.001095 0.001375 0.005148 -0.046734 -0.010049 -0.161410 40.2910763132 -218.9235250448 203.09511
J157 97SEP18 1997.7139 50709 923 4 141.1 -2000 -0.339353 4461849 0.395805 203 0.096707 0.0000 0.001170 0.001444 0.005590 -0.041562 0.052286 -0.223019 40.2910763085 -218.9235250551 203.09671
J157 97SEP19 1997.7166 50710 923 5 141.1 -2000 -0.342881 4461849 0.395567 203 0.098421 0.0000 0.001107 0.001377 0.005217 -0.023357 -0.031614 -0.160770 40.2910763064 -218.9235250966 203.09842
J157 97SEP20 1997.7194 50711 923 6 141.1 -2000 -0.335654 4461849 0.394946 203 0.093542 0.0000 0.001122 0.001385 0.005246 -0.047867 0.009077 -0.189556 40.2910763008 -218.9235250116 203.09354
J157 97SEP21 1997.7221 50712 924 0 141.1 -2000 -0.337246 4461849 0.393485 203 0.090862 0.0000 0.001093 0.001339 0.005034 -0.023762 -0.013058 -0.144403 40.2910762876 -218.9235250303 203.09086
J157 97SEP22 1997.7248 50713 924 1 141.1 -2000 -0.340750 4461849 0.395846 203 0.089021 0.0000 0.001145 0.001406 0.005360 -0.054121 0.059018 -0.156595 40.2910763089 -218.9235250716 203.08902
J157 97SEP23 1997.7276 50714 924 2 141.1 -2000 -0.338130 4461849 0.393534 203 0.083741 0.0000 0.001107 0.001415 0.005274 -0.001662 -0.010055 -0.164947 40.2910762881 -218.9235250407 203.08374
J157 97SEP24 1997.7303 50715 924 3 141.1 -2000 -0.341112 4461849 0.393807 203 0.081339 0.0000 0.001098 0.001379 0.005180 -0.050968 0.024834 -0.144447 40.2910762905 -218.9235250758 203.08134
J157 97SEP25 1997.7331 50716 924 4 141.1 -2000 -0.340455 4461849 0.394427 203 0.085872 0.0000 0.001166 0.001411 0.005303 -0.055550 -0.027535 -0.107031 40.2910762961 -218.9235250681 203.08587
J157 97SEP26 1997.7358 50717 924 5 141.1 -2000 -0.341561 4461849 0.392115 203 0.103840 0.0000 0.001105 0.001379 0.005178 -0.040859 0.035325 -0.163876 40.2910762753 -218.9235250811 203.10384
J157 97SEP27 1997.7385 50718 924 6 141.1 -2000 -0.342265 4461849 0.395889 203 0.086830 0.0000 0.001168 0.001448 0.005471 -0.025899 0.014630 -0.173256 40.2910763093 -218.9235250894 203.08683
J157 97SEP28 1997.7413 50719 925 0 141.1 -2000 -0.337077 4461849 0.400869 203 0.091656 0.0000 0.001130 0.001442 0.005285 -0.039835 -0.000078 -0.109915 40.2910763541 -218.9235250284 203.09166
J157 97SEP29 1997.7440 50720 925 1 141.1 -2000 -0.340063 4461849 0.395815 203 0.071953 0.0000 0.001126 0.001408 0.005305 -0.025921 -0.008747 -0.158526 40.2910763086 -218.9235250635 203.07195
J157 97SEP30 1997.7467 50721 925 2 141.1 -2000 -0.337279 4461849 0.393605 203 0.075762 0.0000 0.001098 0.001380 0.005095 -0.040441 -0.002453 -0.127610 40.2910762887 -218.9235250307 203.07576
J157 97OCT01 1997.7495 50722 925 3 141.1 -2000 -0.338659 4461849 0.392250 203 0.073791 0.0000 0.001087 0.001378 0.005110 -0.029076 0.001034 -0.128635 40.2910762765 -218.9235250470 203.07379
J157 97OCT02 1997.7522 50723 925 4 141.1 -2000 -0.339641 4461849 0.395718 203 0.071806 0.0000 0.001106 0.001378 0.005218 -0.031756 -0.012917 -0.124486 40.2910763077 -218.9235250585 203.07181
J157 97OCT03 1997.7550 50724 925 5 141.1 -2000 -0.341180 4461849 0.395019 203 0.073853 0.0000 0.001114 0.001382 0.005235 -0.044969 0.010809 -0.141804 40.2910763015 -218.9235250766 203.07385
J157 97OCT04 1997.7577 50725 925 6 141.1 -2000 -0.337376 4461849 0.393019 203 0.098218 0.0000 0.001115 0.001391 0.005240 -0.039221 -0.004965 -0.115076 40.2910762835 -218.9235250319 203.09822
J157 97OCT05 1997.7604 50726 926 0 141.1 -2000 -0.338496 4461849 0.394532 203 0.090919 0.0000 0.001147 0.001441 0.005425 -0.008159 -0.012919 -0.138806 40.2910762971 -218.9235250450 203.09092
J157 97OCT06 1997.7632 50727 926 1 141.1 -2000 -0.335532 4461849 0.393746 203 0.069740 0.0000 0.001102 0.001371 0.005125 -0.032614 0.012344 -0.122536 40.2910762900 -218.9235250102 203.06974
J157 97OCT07 1997.7659 50728 926 2 141.1 -2000 -0.339665 4461849 0.395777 203 0.103502 0.0000 0.001134 0.001424 0.005418 -0.046208 0.031865 -0.135132 40.2910763083 -218.9235250588 203.10350
J157 97OCT08 1997.7687 50729 926 3 141.1 -2000 -0.340175 4461849 0.394247 203 0.091117 0.0000 0.001112 0.001398 0.005274 -0.020172 -0.005844 -0.104294 40.2910762945 -218.9235250648 203.09112
J157 97OCT09 1997.7714 50730 926 4 141.1 -2000 -0.336402 4461849 0.395698 203 0.085390 0.0000 0.001089 0.001383 0.005147 -0.033773 0.001033 -0.103999 40.2910763076 -218.9235250204 203.08539
J157 97OCT10 1997.7741 50731 926 5 141.1 -2000 -0.337814 4461849 0.394062 203 0.095629 0.0000 0.001118 0.001412 0.005332 -0.014286 -0.028218 -0.151606 40.2910762928 -218.9235250370 203.09563
J157 97OCT11 1997.7769 50732 926 6 141.1 -2000 -0.336172 4461849 0.392494 203 0.096013 0.0000 0.001125 0.001374 0.005276 -0.050223 0.072932 -0.145403 40.2910762787 -218.9235250177 203.09601
J157 97OCT12 1997.7796 50733 927 0 141.1 -2000 -0.338771 4461849 0.395496 203 0.080266 0.0000 0.001119 0.001373 0.005193 -0.013771 -0.013556 -0.109024 40.2910763058 -218.9235250483 203.08027
J157 97OCT13 1997.7823 50734 927 1 141.1 -2000 -0.335811 4461849 0.392722 203 0.110984 0.0000 0.001111 0.001400 0.005309 -0.059238 0.038751 -0.110210 40.2910762808 -218.9235250135 203.11098
J157 97OCT14 1997.7851 50735 927 2 141.1 -2000 -0.335910 4461849 0.391035 203 0.098233 0.0000 0.001108 0.001364 0.005226 -0.025996 0.010523 -0.140530 40.2910762656 -218.9235250146 203.09823
J157 97OCT15 1997.7878 50736 927 3 141.1 -2000 -0.334575 4461849 0.389843 203 0.095073 0.0000 0.001131 0.001399 0.005312 -0.037484 0.035212 -0.102919 40.2910762548 -218.9235249989 203.09507
J157 97OCT16 1997.7906 50737 927 4 141.1 -2000 -0.330689 4461849 0.394320 203 0.086858 0.0000 0.001140 0.001468 0.005495 -0.040194 0.004186 -0.161534 40.2910762952 -218.9235249532 203.08686
J157 97OCT17 1997.7933 50738 927 5 141.1 -2000 -0.333858 4461849 0.396978 203 0.094047 0.0000 0.001115 0.001395 0.005275 -0.039511 0.008954 -0.104357 40.2910763191 -218.9235249905 203.09405
J157 97OCT18 1997.7960 50739 927 6 141.1 -2000 -0.334631 4461849 0.394270 203 0.097765 0.0000 0.001127 0.001381 0.005282 -0.026978 -0.016579 -0.156674 40.2910762947 -218.9235249996 203.09776
J157 97OCT19 1997.7988 50740 928 0 141.1 -2000 -0.334102 4461849 0.395823 203 0.093942 0.0000 0.001135 0.001387 0.005312 -0.042034 -0.005180 -0.154470 40.2910763087 -218.9235249934 203.09394
J157 97OCT20 1997.8015 50741 928 1 141.1 -2000 -0.336509 4461849 0.398086 203 0.080898 0.0000 0.001143 0.001428 0.005399 -0.008485 -0.029738 -0.133603 40.2910763291 -218.9235250217 203.08090
J157 97OCT21 1997.8042 50742 928 2 141.1 -2000 -0.336936 4461849 0.396160 203 0.089799 0.0000 0.001174 0.001437 0.005518 -0.046594 0.031264 -0.165548 40.2910763117 -218.9235250267 203.08980
J157 97OCT22 1997.8070 50743 928 3 141.1 -2000 -0.329857 4461849 0.393971 203 0.083824 0.0000 0.001130 0.001391 0.005275 -0.010131 -0.000674 -0.143150 40.2910762920 -218.9235249434 203.08382
J157 97OCT23 1997.8097 50744 928 4 141.1 -2000 -0.332120 4461849 0.395765 203 0.072788 0.0000 0.001142 0.001386 0.005349 -0.058318 0.047899 -0.185457 40.2910763082 -218.9235249701 203.07279
J157 97OCT24 1997.8125 50745 928 5 141.1 -2000 -0.334598 4461849 0.396630 203 0.093877 0.0000 0.001144 0.001401 0.005411 -0.041530 0.038918 -0.129536 40.2910763160 -218.9235249992 203.09388
J157 97OCT25 1997.8152 50746 928 6 141.1 -2000 -0.334412 4461849 0.390298 203 0.095416 0.0000 0.001153 0.001456 0.005524 -0.033386 0.001487 -0.181456 40.2910762589 -218.9235249970 203.09542
J157 97OCT26 1997.8179 50747 929 0 141.1 -2000 -0.336628 4461849 0.394418 203 0.090217 0.0000 0.001146 0.001386 0.005336 -0.054100 0.029533 -0.149819 40.2910762960 -218.9235250231 203.09022
J157 97OCT27 1997.8207 50748 929 1 141.1 -2000 -0.334683 4461849 0.390385 203 0.087363 0.0000 0.001159 0.001431 0.005545 -0.033893 0.025990 -0.165079 40.2910762597 -218.9235250002 203.08736
J157 97OCT28 1997.8234 50749 929 2 141.1 -2000 -0.336142 4461849 0.395294 203 0.104324 0.0000 0.001173 0.001444 0.005593 -0.044018 0.037292 -0.147717 40.2910763039 -218.9235250174 203.10432
J157 97OCT29 1997.8261 50750 929 3 141.1 -2000 -0.335483 4461849 0.394425 203 0.098956 0.0000 0.001167 0.001467 0.005557 -0.018053 0.030057 -0.164130 40.2910762961 -218.9235250096 203.09896
J157 97OCT30 1997.8289 50751 929 4 141.1 -2000 -0.340975 4461849 0.391735 203 0.094374 0.0000 0.001146 0.001418 0.005431 0.000616 -0.018043 -0.196793 40.2910762719 -218.9235250742 203.09437
J157 97OCT31 1997.8316 50752 929 5 141.1 -2000 -0.339298 4461849 0.392563 203 0.096310 0.0000 0.001136 0.001395 0.005302 -0.034644 0.022536 -0.153651 40.2910762793 -218.9235250545 203.09631
J157 97NOV01 1997.8344 50753 929 6 141.1 -2000 -0.335438 4461849 0.395525 203 0.096036 0.0000 0.001134 0.001390 0.005323 -0.045733 0.001584 -0.181160 40.2910763060 -218.9235250091 203.09604
J157 97NOV02 1997.8371 50754 930 0 141.1 -2000 -0.331657 4461849 0.396069 203 0.092590 0.0000 0.001172 0.001417 0.005540 -0.038042 0.011065 -0.155479 40.2910763109 -218.9235249646 203.09259
J157 97NOV03 1997.8398 50755 930 1 141.1 -2000 -0.332858 4461849 0.396091 203 0.074825 0.0000 0.001209 0.001454 0.005679 -0.012553 -0.005684 -0.157683 40.2910763111 -218.9235249787 203.07482
J157 97NOV04 1997.8426 50756 930 2 141.1 -2000 -0.334326 4461849 0.394211 203 0.089590 0.0000 0.001167 0.001405 0.005523 -0.040057 -0.057502 -0.188394 40.2910762942 -218.9235249960 203.08959
J157 97NOV05 1997.8453 50757 930 3 141.1 -2000 -0.331875 4461849 0.393156 203 0.086012 0.0000 0.001179 0.001436 0.005443 -0.046238 -0.018023 -0.139545 40.2910762847 -218.9235249672 203.08601
J157 97NOV06 1997.8480 50758 930 4 141.1 -2000 -0.338356 4461849 0.394564 203 0.116183 0.0000 0.001178 0.001476 0.005669 -0.024574 -0.020213 -0.156113 40.2910762974 -218.9235250434 203.11618
J157 97NOV07 1997.8508 50759 930 5 141.1 -2000 -0.336602 4461849 0.395347 203 0.086668 0.0000 0.001127 0.001409 0.005374 -0.044380 -0.020781 -0.124053 40.2910763044 -218.9235250228 203.08667
J157 97NOV08 1997.8535 50760 930 6 141.1 -2000 -0.336838 4461849 0.394799 203 0.098263 0.0000 0.001162 0.001427 0.005515 -0.067384 0.053188 -0.167976 40.2910762995 -218.9235250256 203.09826
J157 97NOV09 1997.8563 50761 931 0 141.1 -2000 -0.334843 4461849 0.392546 203 0.088693 0.0000 0.001161 0.001380 0.005358 -0.034227 -0.003755 -0.197524 40.2910762792 -218.9235250021 203.08869
J157 97NOV10 1997.8590 50762 931 1 141.1 -2000 -0.338018 4461849 0.393284 203 0.085804 0.0000 0.001148 0.001421 0.005447 -0.003535 -0.004491 -0.133510 40.2910762858 -218.9235250394 203.08580
J157 97NOV11 1997.8617 50763 931 2 141.1 -2000 -0.331971 4461849 0.392351 203 0.098095 0.0000 0.001167 0.001483 0.005583 0.033161 0.023457 -0.099592 40.2910762774 -218.9235249683 203.09810
J157 97NOV12 1997.8645 50764 931 3 141.1 -2000 -0.335791 4461849 0.390120 203 0.084277 0.0000 0.001136 0.001390 0.005371 -0.043988 0.029101 -0.176837 40.2910762573 -218.9235250132 203.08428
J157 97NOV13 1997.8672 50765 931 4 141.1 -2000 -0.331431 4461849 0.391147 203 0.083717 0.0000 0.001142 0.001380 0.005316 -0.038661 0.055850 -0.174239 40.2910762666 -218.9235249619 203.08372
J157 97NOV14 1997.8700 50766 931 5 141.1 -2000 -0.332381 4461849 0.392508 203 0.100026 0.0000 0.001141 0.001375 0.005331 -0.055854 0.042172 -0.185906 40.2910762788 -218.9235249731 203.10003
J157 97NOV15 1997.8727 50767 931 6 141.1 -2000 -0.332852 4461849 0.392737 203 0.089605 0.0000 0.001131 0.001368 0.005267 -0.037060 0.018996 -0.157116 40.2910762809 -218.9235249787 203.08960
J157 97NOV16 1997.8754 50768 932 0 141.1 -2000 -0.331884 4461849 0.392633 203 0.087189 0.0000 0.001180 0.001489 0.005636 -0.024452 -0.039159 -0.145803 40.2910762800 -218.9235249673 203.08719
J157 97NOV17 1997.8782 50769 932 1 141.1 -2000 -0.332797 4461849 0.391877 203 0.099743 0.0000 0.001145 0.001433 0.005480 -0.002607 0.004245 -0.135193 40.2910762732 -218.9235249780 203.09974
J157 97NOV18 1997.8809 50770 932 2 141.1 -2000 -0.337205 4461849 0.395047 203 0.098951 0.0000 0.001185 0.001423 0.005657 -0.033683 0.013740 -0.121807 40.2910763017 -218.9235250299 203.09895
J157 97NOV19 1997.8836 50771 932 3 141.1 -2000 -0.331519 4461849 0.394335 203 0.081791 0.0000 0.001171 0.001391 0.005457 -0.063162 0.031007 -0.133648 40.2910762953 -218.9235249630 203.08179
J157 97NOV20 1997.8864 50772 932 4 141.1 -2000 -0.330901 4461849 0.392328 203 0.083934 0.0000 0.001205 0.001443 0.005824 -0.081484 0.109021 -0.168637 40.2910762772 -218.9235249557 203.08393
J157 97NOV21 1997.8891 50773 932 5 141.1 -2000 -0.335484 4461849 0.393919 203 0.085222 0.0000 0.001164 0.001424 0.005503 -0.047545 0.050777 -0.170398 40.2910762916 -218.9235250096 203.08522
J157 97NOV22 1997.8919 50774 932 6 141.1 -2000 -0.329245 4461849 0.391818 203 0.084154 0.0000 0.001176 0.001436 0.005656 -0.015600 0.003777 -0.158715 40.2910762726 -218.9235249362 203.08415
J157 97NOV23 1997.8946 50775 933 0 141.1 -2000 -0.333310 4461849 0.394169 203 0.084671 0.0000 0.001171 0.001438 0.005762 -0.056291 0.055913 -0.130290 40.2910762938 -218.9235249840 203.08467
J157 97NOV24 1997.8973 50776 933 1 141.1 -2000 -0.335917 4461849 0.393753 203 0.094286 0.0000 0.001122 0.001437 0.005420 -0.034859 0.023259 -0.130308 40.2910762901 -218.9235250147 203.09429
J157 97NOV25 1997.9001 50777 933 2 141.1 -2000 -0.331800 4461849 0.396569 203 0.085682 0.0000 0.001144 0.001419 0.005490 -0.017345 -0.038038 -0.191539 40.2910763154 -218.9235249663 203.08568
J157 97NOV26 1997.9028 50778 933 3 141.1 -2000 -0.337671 4461849 0.387990 203 0.071514 0.0000 0.001158 0.001430 0.005532 -0.008690 0.003398 -0.138472 40.2910762382 -218.9235250353 203.07151
J157 97NOV27 1997.9055 50779 933 4 141.1 -2000 -0.337617 4461849 0.393960 203 0.077900 0.0000 0.001114 0.001369 0.005243 -0.044288 0.027821 -0.155608 40.2910762919 -218.9235250347 203.07790
J157 97NOV28 1997.9083 50780 933 5 141.1 -2000 -0.333247 4461849 0.395462 203 0.084624 0.0000 0.001112 0.001415 0.005329 -0.027920 -0.004012 -0.121810 40.2910763054 -218.9235249833 203.08462
J157 97NOV29 1997.9110 50781 933 6 141.1 -2000 -0.337240 4461849 0.388798 203 0.084950 0.0000 0.001138 0.001425 0.005464 -0.054668 0.030646 -0.134001 40.2910762454 -218.9235250303 203.08495
J157 97NOV30 1997.9138 50782 934 0 141.1 -2000 -0.330175 4461849 0.394724 203 0.080101 0.0000 0.001133 0.001387 0.005309 -0.004933 -0.000155 -0.139268 40.2910762988 -218.9235249472 203.08010
J157 97DEC01 1997.9165 50783 934 1 141.1 -2000 -0.332893 4461849 0.390162 203 0.078120 0.0000 0.001102 0.001370 0.005196 -0.031305 0.015570 -0.142009 40.2910762577 -218.9235249791 203.07812
J157 97DEC02 1997.9192 50784 934 2 141.1 -2000 -0.333426 4461849 0.392754 203 0.078741 0.0000 0.001123 0.001389 0.005286 -0.044587 -0.015797 -0.124429 40.2910762811 -218.9235249854 203.07874
J157 97DEC03 1997.9220 50785 934 3 141.1 -2000 -0.330769 4461849 0.398396 203 0.077204 0.0000 0.001187 0.001438 0.005561 0.019600 0.002839 -0.118825 40.2910763319 -218.9235249542 203.07720
J157 97DEC04 1997.9247 50786 934 4 141.1 -2000 -0.332806 4461849 0.392091 203 0.079661 0.0000 0.001105 0.001376 0.005286 -0.037972 0.015611 -0.173519 40.2910762751 -218.9235249781 203.07966
J157 97DEC05 1997.9274 50787 934 5 141.1 -2000 -0.336083 4461849 0.396304 203 0.087190 0.0000 0.001163 0.001430 0.005514 -0.046269 -0.043771 -0.193961 40.2910763130 -218.9235250167 203.08719
J157 97DEC06 1997.9302 50788 934 6 141.1 -2000 -0.335283 4461849 0.392775 203 0.087605 0.0000 0.001183 0.001446 0.005636 -0.057452 -0.022024 -0.177587 40.2910762812 -218.9235250073 203.08761
J157 97DEC07 1997.9329 50789 935 0 141.1 -2000 -0.334444 4461849 0.391432 203 0.096617 0.0000 0.001139 0.001396 0.005394 -0.039096 0.023575 -0.166917 40.2910762692 -218.9235249974 203.09662
J157 97DEC08 1997.9357 50790 935 1 141.1 -2000 -0.333171 4461849 0.390558 203 0.080756 0.0000 0.001177 0.001437 0.005587 -0.084355 0.029204 -0.129616 40.2910762613 -218.9235249824 203.08076
J157 97DEC09 1997.9384 50791 935 2 141.1 -2000 -0.334812 4461849 0.390750 203 0.080183 0.0000 0.001106 0.001390 0.005300 -0.014493 -0.002363 -0.133985 40.2910762630 -218.9235250017 203.08018
J157 97DEC10 1997.9411 50792 935 3 141.1 -2000 -0.335074 4461849 0.387052 203 0.086161 0.0000 0.001126 0.001411 0.005372 -0.043562 -0.018728 -0.134390 40.2910762297 -218.9235250048 203.08616
J157 97DEC11 1997.9439 50793 935 4 141.1 -2000 -0.336399 4461849 0.387638 203 0.074214 0.0000 0.001151 0.001400 0.005373 -0.030205 -0.003724 -0.148269 40.2910762350 -218.9235250204 203.07421
J157 97DEC12 1997.9466 50794 935 5 141.1 -2000 -0.335755 4461849 0.392894 203 0.063583 0.0000 0.001129 0.001368 0.005258 -0.039765 -0.007325 -0.158077 40.2910762823 -218.9235250128 203.06358
J157 97DEC13 1997.9493 50795 935 6 141.1 -2000 -0.334339 4461849 0.392052 203 0.088348 0.0000 0.001163 0.001418 0.005448 -0.064701 0.052270 -0.172309 40.2910762747 -218.9235249962 203.08835
J157 97DEC14 1997.9521 50796 936 0 141.1 -2000 -0.332290 4461849 0.389573 203 0.086597 0.0000 0.001111 0.001378 0.005234 -0.015934 -0.006407 -0.163336 40.2910762524 -218.9235249720 203.08660
J157 97DEC15 1997.9548 50797 936 1 141.1 -2000 -0.334502 4461849 0.393638 203 0.083565 0.0000 0.001189 0.001443 0.005672 -0.003617 -0.025510 -0.113807 40.2910762890 -218.9235249981 203.08356
J157 97DEC16 1997.9576 50798 936 2 141.1 -2000 -0.332112 4461849 0.393902 203 0.088144 0.0000 0.001102 0.001352 0.005154 -0.047976 0.000579 -0.157579 40.2910762914 -218.9235249700 203.08814
J157 97DEC17 1997.9603 50799 936 3 141.1 -2000 -0.331253 4461849 0.391593 203 0.091940 0.0000 0.001097 0.001362 0.005163 -0.017813 -0.025274 -0.164585 40.2910762706 -218.9235249599 203.09194
J157 97DEC18 1997.9630 50800 936 4 141.1 -2000 -0.331803 4461849 0.393701 203 0.092783 0.0000 0.001146 0.001394 0.005402 -0.008723 -0.037929 -0.177050 40.2910762896 -218.9235249663 203.09278
J157 97DEC19 1997.9658 50801 936 5 141.1 -2000 -0.334087 4461849 0.392244 203 0.083177 0.0000 0.001108 0.001375 0.005247 -0.053528 -0.008049 -0.189341 40.2910762765 -218.9235249932 203.08318
J157 97DEC20 1997.9685 50802 936 6 141.1 -2000 -0.335684 4461849 0.392576 203 0.077856 0.0000 0.001084 0.001366 0.005098 -0.057376 0.038201 -0.190272 40.2910762795 -218.9235250120 203.07786
J157 97DEC21 1997.9713 50803 937 0 141.1 -2000 -0.336626 4461849 0.394636 203 0.069427 0.0000 0.001057 0.001402 0.005004 -0.071860 0.013767 -0.193636 40.2910762980 -218.9235250231 203.06943
J157 97DEC22 1997.9740 50804 937 1 141.1 -2000 -0.336035 4461849 0.393517 203 0.081869 0.0000 0.001107 0.001427 0.005210 -0.064415 0.018078 -0.179519 40.2910762879 -218.9235250161 203.08187
J157 97DEC23 1997.9767 50805 937 2 141.1 -2000 -0.332809 4461849 0.393190 203 0.074622 0.0000 0.001099 0.001409 0.005229 -0.041496 0.027515 -0.158645 40.2910762850 -218.9235249782 203.07462
J157 97DEC24 1997.9795 50806 937 3 141.1 -2000 -0.333090 4461849 0.394577 203 0.083357 0.0000 0.001120 0.001429 0.005302 -0.034607 0.040488 -0.183192 40.2910762975 -218.9235249815 203.08336
J157 97DEC25 1997.9822 50807 937 4 141.1 -2000 -0.333751 4461849 0.396497 203 0.083298 0.0000 0.001121 0.001474 0.005367 -0.036701 0.045420 -0.204412 40.2910763148 -218.9235249892 203.08330
J157 97DEC26 1997.9849 50808 937 5 141.1 -2000 -0.334383 4461849 0.397789 203 0.081322 0.0000 0.001131 0.001422 0.005433 -0.034048 0.037755 -0.207070 40.2910763264 -218.9235249967 203.08132
J157 97DEC27 1997.9877 50809 937 6 141.1 -2000 -0.336358 4461849 0.396960 203 0.078532 0.0000 0.001132 0.001430 0.005456 -0.044556 0.037334 -0.216421 40.2910763189 -218.9235250199 203.07853
J157 97DEC28 1997.9904 50810 938 0 141.1 -2000 -0.333565 4461849 0.391934 203 0.073788 0.0000 0.001087 0.001375 0.005201 -0.038178 0.005783 -0.206018 40.2910762737 -218.9235249870 203.07379
J157 97DEC29 1997.9932 50811 938 1 141.1 -2000 -0.334292 4461849 0.392264 203 0.078929 0.0000 0.001110 0.001443 0.005315 -0.036148 0.009203 -0.222712 40.2910762766 -218.9235249956 203.07893
J157 97DEC30 1997.9959 50812 938 2 141.1 -2000 -0.332409 4461849 0.398441 203 0.083248 0.0000 0.001153 0.001444 0.005497 -0.048224 -0.044521 -0.221418 40.2910763323 -218.9235249735 203.08325
J157 97DEC31 1997.9986 50813 938 3 141.1 -2000 -0.337364 4461849 0.392363 203 0.082810 0.0000 0.001150 0.001415 0.005472 -0.059347 0.035157 -0.237051 40.2910762775 -218.9235250317 203.08281
J157 98JAN01 1998.0014 50814 938 4 141.1 -2000 -0.335288 4461849 0.389797 203 0.074282 0.0000 0.001166 0.001488 0.005631 -0.039994 0.034256 -0.213335 40.2910762544 -218.9235250073 203.07428
J157 98JAN02 1998.0041 50815 938 5 141.1 -2000 -0.335750 4461849 0.396987 203 0.071027 0.0000 0.001143 0.001429 0.005376 -0.046002 0.004690 -0.208869 40.2910763192 -218.9235250128 203.07103
J157 98JAN03 1998.0068 50816 938 6 141.1 -2000 -0.339162 4461849 0.390640 203 0.084392 0.0000 0.001166 0.001457 0.005535 -0.018415 -0.005173 -0.221643 40.2910762620 -218.9235250529 203.08439
J157 98JAN04 1998.0096 50817 939 0 141.1 -2000 -0.335483 4461849 0.396593 203 0.058573 0.0000 0.001146 0.001463 0.005520 0.015191 -0.017652 -0.232621 40.2910763156 -218.9235250096 203.05857
J157 98JAN05 1998.0123 50818 939 1 141.1 -2000 -0.334709 4461849 0.394810 203 0.046541 0.0000 0.001119 0.001378 0.005319 -0.025599 -0.007105 -0.247611 40.2910762996 -218.9235250005 203.04654
J157 98JAN06 1998.0151 50819 939 2 141.1 -2000 -0.334079 4461849 0.392027 203 0.030756 0.0000 0.001119 0.001385 0.005317 -0.043557 -0.053606 -0.226588 40.2910762745 -218.9235249931 203.03076
J157 98JAN07 1998.0178 50820 939 3 141.1 -2000 -0.335518 4461849 0.395984 203 0.050112 0.0000 0.001118 0.001450 0.005435 -0.018867 -0.003478 -0.255159 40.2910763101 -218.9235250100 203.05011
J157 98JAN08 1998.0205 50821 939 4 141.1 -2000 -0.333250 4461849 0.396272 203 0.065394 0.0000 0.001136 0.001431 0.005414 -0.015918 -0.037085 -0.228330 40.2910763127 -218.9235249834 203.06539
J157 98JAN09 1998.0233 50822 939 5 141.1 -2000 -0.336845 4461849 0.397592 203 0.075652 0.0000 0.001112 0.001375 0.005191 0.000072 -0.016742 -0.199417 40.2910763246 -218.9235250256 203.07565
J157 98JAN10 1998.0260 50823 939 6 141.1 -2000 -0.339114 4461849 0.397780 203 0.084142 0.0000 0.001102 0.001377 0.005174 -0.043847 0.038145 -0.225066 40.2910763263 -218.9235250523 203.08414
J157 98JAN11 1998.0287 50824 940 0 141.1 -2000 -0.337283 4461849 0.391928 203 0.094928 0.0000 0.001105 0.001423 0.005220 -0.056695 0.045567 -0.188854 40.2910762736 -218.9235250308 203.09493
J157 98JAN12 1998.0315 50825 940 1 141.1 -2000 -0.339170 4461849 0.395574 203 0.081454 0.0000 0.001206 0.001495 0.005609 -0.016273 0.033613 -0.205507 40.2910763065 -218.9235250530 203.08145
J157 98JAN13 1998.0342 50826 940 2 141.1 -2000 -0.335600 4461849 0.396371 203 0.073465 0.0000 0.001122 0.001446 0.005367 0.001262 0.007509 -0.236234 40.2910763136 -218.9235250110 203.07347
J157 98JAN14 1998.0370 50827 940 3 141.1 -2000 -0.336823 4461849 0.394416 203 0.073392 0.0000 0.001122 0.001409 0.005328 -0.053663 0.059285 -0.172286 40.2910762960 -218.9235250254 203.07339
J157 98JAN15 1998.0397 50828 940 4 141.1 -2000 -0.336607 4461849 0.390479 203 0.087506 0.0000 0.001133 0.001385 0.005323 -0.002631 -0.039045 -0.219577 40.2910762606 -218.9235250228 203.08751
J157 98JAN16 1998.0424 50829 940 5 141.1 -2000 -0.339439 4461849 0.394026 203 0.087855 0.0000 0.001140 0.001446 0.005408 -0.027542 0.012918 -0.160508 40.2910762925 -218.9235250561 203.08785
J157 98JAN17 1998.0452 50830 940 6 141.1 -2000 -0.338092 4461849 0.391221 203 0.086603 0.0000 0.001088 0.001390 0.005136 -0.036960 0.001008 -0.203316 40.2910762673 -218.9235250403 203.08660
J157 98JAN18 1998.0479 50831 941 0 141.1 -2000 -0.344573 4461849 0.395958 203 0.066123 0.0000 0.001154 0.001480 0.005516 -0.042983 -0.002504 -0.211948 40.2910763099 -218.9235251165 203.06612
J157 98JAN19 1998.0507 50832 941 1 141.1 -2000 -0.343041 4461849 0.393584 203 0.079295 0.0000 0.001084 0.001377 0.005090 -0.074825 0.031227 -0.203960 40.2910762885 -218.9235250985 203.07929
J157 98JAN20 1998.0534 50833 941 2 141.1 -2000 -0.339091 4461849 0.391178 203 0.068956 0.0000 0.001101 0.001403 0.005213 -0.074412 -0.017423 -0.172020 40.2910762669 -218.9235250520 203.06896
J157 98JAN21 1998.0561 50834 941 3 141.1 -2000 -0.346598 4461849 0.390887 203 0.081703 0.0000 0.001123 0.001403 0.005225 -0.074893 -0.017965 -0.143221 40.2910762642 -218.9235251403 203.08170
J157 98JAN22 1998.0589 50835 941 4 141.1 -2000 -0.337523 4461849 0.390633 203 0.081375 0.0000 0.001174 0.001407 0.005481 -0.062151 0.056936 -0.180619 40.2910762620 -218.9235250336 203.08137
J157 98JAN23 1998.0616 50836 941 5 141.1 -2000 -0.337022 4461849 0.393132 203 0.089919 0.0000 0.001149 0.001445 0.005467 -0.049360 0.013761 -0.203890 40.2910762845 -218.9235250277 203.08992
J157 98JAN24 1998.0643 50837 941 6 141.1 -2000 -0.337858 4461849 0.394241 203 0.085002 0.0000 0.001105 0.001460 0.005392 -0.070543 0.030556 -0.208316 40.2910762944 -218.9235250375 203.08500
J157 98JAN25 1998.0671 50838 942 0 141.1 -2000 -0.341108 4461849 0.391306 203 0.082103 0.0000 0.001113 0.001400 0.005246 -0.067929 -0.011317 -0.169850 40.2910762680 -218.9235250758 203.08210
J157 98JAN26 1998.0698 50839 942 1 141.1 -2000 -0.342202 4461849 0.392386 203 0.080403 0.0000 0.001078 0.001372 0.005202 -0.039609 -0.038559 -0.191395 40.2910762777 -218.9235250886 203.08040
J157 98JAN27 1998.0726 50840 942 2 141.1 -2000 -0.342006 4461849 0.392021 203 0.079593 0.0000 0.001073 0.001370 0.005126 -0.061765 -0.029299 -0.163882 40.2910762745 -218.9235250863 203.07959
J157 98JAN28 1998.0753 50841 942 3 141.1 -2000 -0.339130 4461849 0.392604 203 0.084962 0.0000 0.001123 0.001437 0.005405 -0.049704 -0.064242 -0.230092 40.2910762797 -218.9235250525 203.08496
J157 98JAN29 1998.0780 50842 942 4 141.1 -2000 -0.339031 4461849 0.393259 203 0.086242 0.0000 0.001128 0.001433 0.005361 -0.070041 -0.033335 -0.158801 40.2910762856 -218.9235250513 203.08624
J157 98JAN30 1998.0808 50843 942 5 141.1 -2000 -0.337772 4461849 0.394273 203 0.067316 0.0000 0.001103 0.001415 0.005297 -0.038266 0.016628 -0.132178 40.2910762947 -218.9235250365 203.06732
J157 98JAN31 1998.0835 50844 942 6 141.1 -2000 -0.341426 4461849 0.386169 203 0.060771 0.0000 0.001089 0.001342 0.005153 -0.056248 -0.001778 -0.165932 40.2910762218 -218.9235250795 203.06077
J157 98FEB01 1998.0862 50845 943 0 141.1 -2000 -0.342782 4461849 0.390204 203 0.087173 0.0000 0.001110 0.001343 0.005215 -0.056131 -0.016937 -0.147322 40.2910762581 -218.9235250954 203.08717
J157 98FEB02 1998.0890 50846 943 1 141.1 -2000 -0.337919 4461849 0.390681 203 0.090648 0.0000 0.001061 0.001310 0.005065 -0.047291 -0.009175 -0.193537 40.2910762624 -218.9235250382 203.09065
J157 98FEB03 1998.0917 50847 943 2 141.1 -2000 -0.340371 4461849 0.392081 203 0.071545 0.0000 0.001084 0.001329 0.005092 -0.042315 -0.008076 -0.169380 40.2910762750 -218.9235250671 203.07155
J157 98FEB04 1998.0945 50848 943 3 141.1 -2000 -0.340579 4461849 0.390160 203 0.081911 0.0000 0.001096 0.001390 0.005140 -0.087756 0.017011 -0.164250 40.2910762577 -218.9235250695 203.08191
J157 98FEB05 1998.0972 50849 943 4 141.1 -2000 -0.338528 4461849 0.390974 203 0.082780 0.0000 0.001096 0.001401 0.005213 -0.086632 -0.007722 -0.176294 40.2910762650 -218.9235250454 203.08278
J157 98FEB06 1998.0999 50850 943 5 141.1 -2000 -0.341454 4461849 0.391244 203 0.080652 0.0000 0.001081 0.001308 0.005001 -0.052846 0.009465 -0.172949 40.2910762675 -218.9235250798 203.08065
J157 98FEB07 1998.1027 50851 943 6 141.1 -2000 -0.336352 4461849 0.394718 203 0.087404 0.0000 0.001080 0.001327 0.005073 -0.048722 0.012926 -0.184124 40.2910762987 -218.9235250198 203.08740
J157 98FEB08 1998.1054 50852 944 0 141.1 -2000 -0.332614 4461849 0.389158 203 0.079576 0.0000 0.001140 0.001364 0.005263 -0.065455 0.008943 -0.180033 40.2910762487 -218.9235249758 203.07958
J157 98FEB09 1998.1081 50853 944 1 141.1 -2000 -0.335624 4461849 0.391606 203 0.087130 0.0000 0.001106 0.001389 0.005164 -0.035467 0.020200 -0.155011 40.2910762707 -218.9235250113 203.08713
J157 98FEB10 1998.1109 50854 944 2 141.1 -2000 -0.339886 4461849 0.391923 203 0.090780 0.0000 0.001114 0.001406 0.005291 -0.039375 -0.018836 -0.193011 40.2910762736 -218.9235250614 203.09078
J157 98FEB11 1998.1136 50855 944 3 141.1 -2000 -0.339639 4461849 0.390742 203 0.095869 0.0000 0.001138 0.001348 0.005233 -0.074842 0.046602 -0.155801 40.2910762629 -218.9235250585 203.09587
J157 98FEB12 1998.1164 50856 944 4 141.1 -2000 -0.339518 4461849 0.388108 203 0.079273 0.0000 0.001259 0.001538 0.005920 -0.088116 0.046430 -0.184217 40.2910762392 -218.9235250570 203.07927
J157 98FEB13 1998.1191 50857 944 5 141.1 -2000 -0.336877 4461849 0.392289 203 0.089749 0.0000 0.001166 0.001383 0.005449 -0.025917 -0.039082 -0.201022 40.2910762769 -218.9235250260 203.08975
J157 98FEB14 1998.1218 50858 944 6 141.1 -2000 -0.337077 4461849 0.388961 203 0.089273 0.0000 0.001149 0.001379 0.005309 -0.053853 -0.058116 -0.176203 40.2910762469 -218.9235250283 203.08927
J157 98FEB15 1998.1246 50859 945 0 141.1 -2000 -0.338057 4461849 0.391898 203 0.095552 0.0000 0.001113 0.001351 0.005189 -0.058465 0.020655 -0.177515 40.2910762734 -218.9235250399 203.09555
J157 98FEB16 1998.1273 50860 945 1 141.1 -2000 -0.337501 4461849 0.391414 203 0.085802 0.0000 0.001123 0.001320 0.005215 -0.046955 -0.001530 -0.222094 40.2910762690 -218.9235250333 203.08580
J157 98FEB17 1998.1300 50861 945 2 141.1 -2000 -0.339494 4461849 0.391656 203 0.076461 0.0000 0.001104 0.001372 0.005220 -0.031026 0.022735 -0.220499 40.2910762712 -218.9235250568 203.07646
J157 98FEB18 1998.1328 50862 945 3 141.1 -2000 -0.338657 4461849 0.392205 203 0.101155 0.0000 0.001226 0.001474 0.005732 -0.023449 -0.007179 -0.237269 40.2910762761 -218.9235250469 203.10116
J157 98FEB19 1998.1355 50863 945 4 141.1 -2000 -0.339281 4461849 0.391851 203 0.102372 0.0000 0.001180 0.001445 0.005576 -0.110727 0.109261 -0.282092 40.2910762729 -218.9235250543 203.10237
J157 98FEB20 1998.1383 50864 945 5 141.1 -2000 -0.337883 4461849 0.391323 203 0.096580 0.0000 0.001138 0.001322 0.005228 -0.061245 0.036031 -0.177520 40.2910762682 -218.9235250378 203.09658
J157 98FEB21 1998.1410 50865 945 6 141.1 -2000 -0.338203 4461849 0.389452 203 0.077558 0.0000 0.001094 0.001339 0.005167 -0.067077 0.008839 -0.206969 40.2910762513 -218.9235250416 203.07756
J157 98FEB22 1998.1437 50866 946 0 141.1 -2000 -0.336272 4461849 0.388743 203 0.088888 0.0000 0.001146 0.001345 0.005314 -0.084312 0.016980 -0.171831 40.2910762449 -218.9235250189 203.08889
J157 98FEB23 1998.1465 50867 946 1 141.1 -2000 -0.337102 4461849 0.389314 203 0.086554 0.0000 0.001099 0.001318 0.005134 -0.076229 0.044537 -0.227598 40.2910762501 -218.9235250286 203.08655
J157 98FEB24 1998.1492 50868 946 2 141.1 -2000 -0.336463 4461849 0.388610 203 0.091120 0.0000 0.001089 0.001330 0.005060 -0.071178 -0.009322 -0.165964 40.2910762437 -218.9235250211 203.09112
J157 98FEB25 1998.1520 50869 946 3 141.1 -2000 -0.336539 4461849 0.390093 203 0.095029 0.0000 0.001146 0.001332 0.005268 -0.016512 -0.027113 -0.210727 40.2910762571 -218.9235250220 203.09503
J157 98FEB26 1998.1547 50870 946 4 141.1 -2000 -0.339694 4461849 0.392872 203 0.094853 0.0000 0.001096 0.001327 0.005137 -0.082897 0.034927 -0.181116 40.2910762821 -218.9235250591 203.09485
J157 98FEB27 1998.1574 50871 946 5 141.1 -2000 -0.336371 4461849 0.388854 203 0.086751 0.0000 0.001124 0.001335 0.005252 -0.049754 0.011310 -0.183874 40.2910762459 -218.9235250200 203.08675
J157 98FEB28 1998.1602 50872 946 6 141.1 -2000 -0.335484 4461849 0.390593 203 0.089479 0.0000 0.001150 0.001354 0.005337 -0.020421 0.014723 -0.182831 40.2910762616 -218.9235250096 203.08948
J157 98MAR01 1998.1629 50873 947 0 141.1 -2000 -0.334154 4461849 0.389272 203 0.091553 0.0000 0.001142 0.001350 0.005405 -0.049625 0.034327 -0.205084 40.2910762497 -218.9235249940 203.09155
J157 98MAR02 1998.1656 50874 947 1 141.1 -2000 -0.335927 4461849 0.390610 203 0.092837 0.0000 0.001109 0.001324 0.005208 -0.015087 -0.006516 -0.214503 40.2910762618 -218.9235250148 203.09284
J157 98MAR03 1998.1684 50875 947 2 141.1 -2000 -0.333484 4461849 0.393106 203 0.086937 0.0000 0.001131 0.001367 0.005454 -0.042189 0.006074 -0.243870 40.2910762842 -218.9235249861 203.08694
J157 98MAR04 1998.1711 50876 947 3 141.1 -2000 -0.337795 4461849 0.388313 203 0.082678 0.0000 0.001158 0.001364 0.005506 -0.015924 -0.083939 -0.233790 40.2910762411 -218.9235250368 203.08268
J157 98MAR05 1998.1739 50877 947 4 141.1 -2000 -0.336557 4461849 0.389992 203 0.091040 0.0000 0.001103 0.001334 0.005268 -0.047215 -0.014423 -0.234678 40.2910762562 -218.9235250222 203.09104
J157 98MAR06 1998.1766 50878 947 5 141.1 -2000 -0.339112 4461849 0.393493 203 0.082893 0.0000 0.001075 0.001299 0.005030 -0.064928 0.002754 -0.189796 40.2910762877 -218.9235250523 203.08289
J157 98MAR07 1998.1793 50879 947 6 141.1 -2000 -0.338586 4461849 0.391434 203 0.077745 0.0000 0.001144 0.001347 0.005383 -0.019327 -0.048962 -0.207223 40.2910762692 -218.9235250461 203.07775
J157 98MAR08 1998.1821 50880 948 0 141.1 -2000 -0.339597 4461849 0.389442 203 0.080571 0.0000 0.001156 0.001366 0.005409 -0.029531 -0.030538 -0.190962 40.2910762512 -218.9235250580 203.08057
J157 98MAR09 1998.1848 50881 948 1 141.1 -2000 -0.339033 4461849 0.390740 203 0.084655 0.0000 0.001107 0.001336 0.005199 -0.084572 0.035159 -0.192892 40.2910762629 -218.9235250513 203.08466
J157 98MAR10 1998.1875 50882 948 2 141.1 -2000 -0.336679 4461849 0.392397 203 0.087749 0.0000 0.001183 0.001391 0.005589 0.005392 -0.013452 -0.133583 40.2910762778 -218.9235250237 203.08775
J157 98MAR11 1998.1903 50883 948 3 141.1 -2000 -0.337238 4461849 0.390435 203 0.094223 0.0000 0.001213 0.001365 0.005565 -0.043126 -0.082161 -0.167537 40.2910762602 -218.9235250302 203.09422
J157 98MAR12 1998.1930 50884 948 4 141.1 -2000 -0.338286 4461849 0.390899 203 0.088547 0.0000 0.001188 0.001341 0.005372 -0.009584 -0.017547 -0.167307 40.2910762644 -218.9235250426 203.08855
J157 98MAR13 1998.1958 50885 948 5 141.1 -2000 -0.340745 4461849 0.388272 203 0.094554 0.0000 0.001192 0.001350 0.005436 -0.009398 -0.042997 -0.166234 40.2910762407 -218.9235250715 203.09455
J157 98MAR14 1998.1985 50886 948 6 141.1 -2000 -0.336889 4461849 0.391320 203 0.090315 0.0000 0.001196 0.001387 0.005557 -0.026941 -0.012389 -0.189146 40.2910762681 -218.9235250261 203.09032
J157 98MAR15 1998.2012 50887 949 0 141.1 -2000 -0.338109 4461849 0.390788 203 0.093544 0.0000 0.001189 0.001333 0.005402 -0.039526 0.021697 -0.143565 40.2910762634 -218.9235250405 203.09354
J157 98MAR16 1998.2040 50888 949 1 141.1 -2000 -0.340444 4461849 0.388795 203 0.074064 0.0000 0.001137 0.001326 0.005240 -0.061102 0.039885 -0.164843 40.2910762454 -218.9235250679 203.07406
J157 98MAR17 1998.2067 50889 949 2 141.1 -2000 -0.339809 4461849 0.390557 203 0.084587 0.0000 0.001116 0.001320 0.005196 -0.048423 -0.010397 -0.197321 40.2910762613 -218.9235250605 203.08459
J157 98MAR18 1998.2094 50890 949 3 141.1 -2000 -0.338079 4461849 0.390771 203 0.088289 0.0000 0.001108 0.001321 0.005178 -0.078457 0.026749 -0.185300 40.2910762632 -218.9235250401 203.08829
J157 98MAR19 1998.2122 50891 949 4 141.1 -2000 -0.340865 4461849 0.389428 203 0.082525 0.0000 0.001112 0.001316 0.005225 -0.057252 -0.010811 -0.215074 40.2910762511 -218.9235250729 203.08252
J157 98MAR20 1998.2149 50892 949 5 141.1 -2000 -0.344746 4461849 0.389586 203 0.081985 0.0000 0.001144 0.001343 0.005293 -0.027200 -0.007365 -0.166152 40.2910762525 -218.9235251185 203.08198
J157 98MAR21 1998.2177 50893 949 6 141.1 -2000 -0.338088 4461849 0.389633 203 0.078341 0.0000 0.001100 0.001323 0.005132 -0.038731 -0.003517 -0.205578 40.2910762529 -218.9235250402 203.07834
J157 98MAR22 1998.2204 50894 950 0 141.1 -2000 -0.339252 4461849 0.394793 203 0.085300 0.0000 0.001098 0.001332 0.005204 -0.047986 0.031495 -0.181581 40.2910762994 -218.9235250539 203.08530
J157 98MAR23 1998.2231 50895 950 1 141.1 -2000 -0.343059 4461849 0.388330 203 0.093065 0.0000 0.001128 0.001339 0.005200 -0.029699 -0.020836 -0.211068 40.2910762412 -218.9235250987 203.09307
J157 98MAR24 1998.2259 50896 950 2 141.1 -2000 -0.339248 4461849 0.386762 203 0.093305 0.0000 0.001125 0.001330 0.005080 -0.079781 -0.000103 -0.166728 40.2910762271 -218.9235250539 203.09331
J157 98MAR25 1998.2286 50897 950 3 141.1 -2000 -0.340071 4461849 0.388935 203 0.085812 0.0000 0.001085 0.001324 0.005133 -0.054741 -0.008560 -0.213148 40.2910762467 -218.9235250636 203.08581
J157 98MAR26 1998.2313 50898 950 4 141.1 -2000 -0.336051 4461849 0.390484 203 0.076573 0.0000 0.001094 0.001343 0.005194 -0.047612 0.008121 -0.227753 40.2910762606 -218.9235250163 203.07657
J157 98MAR27 1998.2341 50899 950 5 141.1 -2000 -0.337031 4461849 0.385444 203 0.083425 0.0000 0.001142 0.001359 0.005360 -0.044393 -0.024843 -0.172114 40.2910762152 -218.9235250278 203.08342
J157 98MAR28 1998.2368 50900 950 6 141.1 -2000 -0.339226 4461849 0.390184 203 0.092322 0.0000 0.001087 0.001323 0.005121 -0.064267 0.009616 -0.192415 40.2910762579 -218.9235250536 203.09232
J157 98MAR29 1998.2396 50901 951 0 141.1 -2000 -0.341378 4461849 0.389086 203 0.077822 0.0000 0.001127 0.001364 0.005365 -0.086623 0.005972 -0.199800 40.2910762480 -218.9235250789 203.07782
J157 98MAR30 1998.2423 50902 951 1 141.1 -2000 -0.339415 4461849 0.386380 203 0.071319 0.0000 0.001343 0.001499 0.005987 -0.058264 0.026248 -0.195128 40.2910762237 -218.9235250558 203.07132
J157 98MAR31 1998.2450 50903 951 2 141.1 -2000 -0.337361 4461849 0.388357 203 0.082503 0.0000 0.001191 0.001383 0.005610 -0.032675 0.084828 -0.113835 40.2910762415 -218.9235250317 203.08250
J157 98APR01 1998.2478 50904 951 3 141.1 -2000 -0.335818 4461849 0.387285 203 0.079777 0.0000 0.001142 0.001347 0.005323 -0.059392 0.018962 -0.171988 40.2910762318 -218.9235250135 203.07978
J157 98APR02 1998.2505 50905 951 4 141.1 -2000 -0.336471 4461849 0.387862 203 0.084098 0.0000 0.001178 0.001391 0.005562 -0.062922 -0.031206 -0.135904 40.2910762370 -218.9235250212 203.08410
J157 98APR03 1998.2533 50906 951 5 141.1 -2000 -0.337971 4461849 0.387333 203 0.091534 0.0000 0.001112 0.001355 0.005281 -0.057885 -0.023962 -0.183073 40.2910762322 -218.9235250388 203.09153
J157 98APR04 1998.2560 50907 951 6 141.1 -2000 -0.336661 4461849 0.387496 203 0.084319 0.0000 0.001105 0.001357 0.005205 -0.066028 -0.006546 -0.152938 40.2910762337 -218.9235250234 203.08432
J157 98APR05 1998.2587 50908 952 0 141.1 -2000 -0.337982 4461849 0.385951 203 0.087859 0.0000 0.001136 0.001359 0.005332 -0.053472 -0.014622 -0.204329 40.2910762198 -218.9235250390 203.08786
J157 98APR06 1998.2615 50909 952 1 141.1 -2000 -0.338041 4461849 0.384688 203 0.081957 0.0000 0.001139 0.001357 0.005292 -0.062241 -0.003792 -0.187628 40.2910762084 -218.9235250397 203.08196
J157 98APR07 1998.2642 50910 952 2 141.1 -2000 -0.336696 4461849 0.384823 203 0.094415 0.0000 0.001181 0.001408 0.005626 -0.066325 0.039377 -0.178826 40.2910762096 -218.9235250239 203.09442
J157 98APR08 1998.2669 50911 952 3 141.1 -2000 -0.334204 4461849 0.385630 203 0.085010 0.0000 0.001151 0.001348 0.005367 -0.048731 -0.037220 -0.177571 40.2910762169 -218.9235249945 203.08501
J157 98APR09 1998.2697 50912 952 4 141.1 -2000 -0.337464 4461849 0.383499 203 0.100662 0.0000 0.001130 0.001382 0.005275 -0.100989 0.047845 -0.199822 40.2910761977 -218.9235250329 203.10066
J157 98APR10 1998.2724 50913 952 5 141.1 -2000 -0.340604 4461849 0.392502 203 0.094739 0.0000 0.001296 0.001466 0.006144 -0.103499 0.032702 -0.195040 40.2910762788 -218.9235250698 203.09474
J157 98APR11 1998.2752 50914 952 6 141.1 -2000 -0.342465 4461849 0.385939 203 0.092043 0.0000 0.001269 0.001414 0.005834 -0.023663 0.049951 -0.201686 40.2910762197 -218.9235250917 203.09204
J157 98APR12 1998.2779 50915 953 0 141.1 -2000 -0.342020 4461849 0.387499 203 0.092548 0.0000 0.001266 0.001487 0.005892 -0.071326 0.128331 -0.161036 40.2910762337 -218.9235250865 203.09255
J157 98APR13 1998.2806 50916 953 1 141.1 -2000 -0.341383 4461849 0.384509 203 0.083797 0.0000 0.001110 0.001365 0.005291 -0.103719 0.029728 -0.198926 40.2910762068 -218.9235250790 203.08380
J157 98APR14 1998.2834 50917 953 2 141.1 -2000 -0.340689 4461849 0.387991 203 0.090754 0.0000 0.001091 0.001359 0.005229 -0.074329 -0.009984 -0.178595 40.2910762382 -218.9235250708 203.09075
J157 98APR15 1998.2861 50918 953 3 141.1 -2000 -0.336629 4461849 0.385561 203 0.105806 0.0000 0.001128 0.001421 0.005432 -0.094491 0.031537 -0.210430 40.2910762163 -218.9235250231 203.10581
J157 98APR16 1998.2888 50919 953 4 141.1 -2000 -0.337744 4461849 0.384504 203 0.081524 0.0000 0.001077 0.001346 0.005082 -0.079193 0.040603 -0.193469 40.2910762068 -218.9235250362 203.08152
J157 98APR17 1998.2916 50920 953 5 141.1 -2000 -0.337304 4461849 0.384416 203 0.095653 0.0000 0.001102 0.001344 0.005297 -0.069169 0.036007 -0.196032 40.2910762060 -218.9235250310 203.09565
J157 98APR18 1998.2943 50921 953 6 141.1 -2000 -0.335388 4461849 0.387479 203 0.076496 0.0000 0.001104 0.001352 0.005251 -0.056152 -0.006985 -0.230030 40.2910762336 -218.9235250085 203.07650
J157 98APR19 1998.2971 50922 954 0 141.1 -2000 -0.338056 4461849 0.391021 203 0.091998 0.0000 0.001111 0.001327 0.005142 -0.087321 -0.001542 -0.200405 40.2910762655 -218.9235250399 203.09200
J157 98APR20 1998.2998 50923 954 1 141.1 -2000 -0.337322 4461849 0.385241 203 0.089400 0.0000 0.001093 0.001329 0.005110 -0.064330 0.023430 -0.172987 40.2910762134 -218.9235250312 203.08940
J157 98APR21 1998.3025 50924 954 2 141.1 -2000 -0.340487 4461849 0.388473 203 0.092725 0.0000 0.001103 0.001386 0.005220 -0.090845 0.015157 -0.197404 40.2910762425 -218.9235250684 203.09273
J157 98APR22 1998.3053 50925 954 3 141.1 -2000 -0.338392 4461849 0.387723 203 0.090017 0.0000 0.001093 0.001331 0.005141 -0.091557 0.053347 -0.222521 40.2910762358 -218.9235250438 203.09002
J157 98APR23 1998.3080 50926 954 4 141.1 -2000 -0.340106 4461849 0.387571 203 0.096764 0.0000 0.001091 0.001320 0.005157 -0.076261 0.004546 -0.236892 40.2910762344 -218.9235250640 203.09676
J157 98APR24 1998.3107 50927 954 5 141.1 -2000 -0.338423 4461849 0.385589 203 0.099490 0.0000 0.001123 0.001322 0.005226 -0.084958 0.016514 -0.213490 40.2910762165 -218.9235250442 203.09949
J157 98APR25 1998.3135 50928 954 6 141.1 -2000 -0.335792 4461849 0.384411 203 0.092349 0.0000 0.001094 0.001317 0.005163 -0.056556 0.016156 -0.224980 40.2910762059 -218.9235250132 203.09235
J157 98APR26 1998.3162 50929 955 0 141.1 -2000 -0.336051 4461849 0.385510 203 0.090393 0.0000 0.001084 0.001316 0.005093 -0.078289 0.030814 -0.234981 40.2910762158 -218.9235250163 203.09039
J157 98APR27 1998.3190 50930 955 1 141.1 -2000 -0.338669 4461849 0.384948 203 0.097581 0.0000 0.001111 0.001353 0.005330 -0.058135 -0.007946 -0.192220 40.2910762108 -218.9235250470 203.09758
J157 98APR28 1998.3217 50931 955 2 141.1 -2000 -0.336476 4461849 0.390019 203 0.093969 0.0000 0.001243 0.001503 0.005911 -0.077255 0.006948 -0.161093 40.2910762564 -218.9235250213 203.09397
J157 98APR29 1998.3244 50932 955 3 141.1 -2000 -0.338155 4461849 0.390394 203 0.093149 0.0000 0.001142 0.001415 0.005401 -0.090133 0.025920 -0.183642 40.2910762598 -218.9235250410 203.09315
J157 98APR30 1998.3272 50933 955 4 141.1 -2000 -0.338805 4461849 0.388862 203 0.092933 0.0000 0.001082 0.001327 0.005126 -0.101978 0.058416 -0.224581 40.2910762460 -218.9235250487 203.09293
J157 98MAY01 1998.3299 50934 955 5 141.1 -2000 -0.337842 4461849 0.385430 203 0.093365 0.0000 0.001088 0.001308 0.005117 -0.075477 0.016413 -0.197240 40.2910762151 -218.9235250373 203.09336
J157 98MAY02 1998.3326 50935 955 6 141.1 -2000 -0.342828 4461849 0.385394 203 0.078197 0.0000 0.001122 0.001399 0.005379 -0.072275 0.008947 -0.232230 40.2910762148 -218.9235250960 203.07820
J157 98MAY03 1998.3354 50936 956 0 141.1 -2000 -0.338685 4461849 0.388060 203 0.088914 0.0000 0.001137 0.001366 0.005301 -0.049272 0.000136 -0.227902 40.2910762388 -218.9235250472 203.08891
J157 98MAY04 1998.3381 50937 956 1 141.1 -2000 -0.338113 4461849 0.385143 203 0.082645 0.0000 0.001188 0.001474 0.005720 -0.074944 -0.006302 -0.164246 40.2910762125 -218.9235250405 203.08265
J157 98MAY05 1998.3409 50938 956 2 141.1 -2000 -0.338926 4461849 0.385403 203 0.086460 0.0000 0.001090 0.001416 0.005326 -0.080383 0.076487 -0.181668 40.2910762149 -218.9235250501 203.08646
J157 98MAY06 1998.3436 50939 956 3 141.1 -2000 -0.337866 4461849 0.388929 203 0.078086 0.0000 0.001144 0.001418 0.005410 -0.050169 0.020800 -0.157926 40.2910762466 -218.9235250376 203.07809
J157 98MAY07 1998.3463 50940 956 4 141.1 -2000 -0.336744 4461849 0.388537 203 0.097550 0.0000 0.001107 0.001395 0.005305 -0.049994 0.042555 -0.215126 40.2910762431 -218.9235250244 203.09755
J157 98MAY08 1998.3491 50941 956 5 141.1 -2000 -0.337728 4461849 0.390403 203 0.094328 0.0000 0.001103 0.001390 0.005300 -0.062241 0.025557 -0.216382 40.2910762599 -218.9235250360 203.09433
J157 98MAY09 1998.3518 50942 956 6 141.1 -2000 -0.342223 4461849 0.389079 203 0.091631 0.0000 0.001149 0.001366 0.005412 -0.025584 -0.016970 -0.181945 40.2910762480 -218.9235250889 203.09163
J157 98MAY10 1998.3546 50943 957 0 141.1 -2000 -0.339044 4461849 0.388209 203 0.084483 0.0000 0.001132 0.001385 0.005479 -0.081664 0.106706 -0.193708 40.2910762401 -218.9235250515 203.08448
J157 98MAY11 1998.3573 50944 957 1 141.1 -2000 -0.336676 4461849 0.387750 203 0.086325 0.0000 0.001123 0.001379 0.005314 -0.079143 0.037218 -0.185773 40.2910762360 -218.9235250236 203.08632
J157 98MAY12 1998.3600 50945 957 2 141.1 -2000 -0.338655 4461849 0.384055 203 0.106478 0.0000 0.001134 0.001371 0.005449 -0.079736 0.053980 -0.216141 40.2910762027 -218.9235250469 203.10648
J157 98MAY13 1998.3628 50946 957 3 141.1 -2000 -0.338172 4461849 0.386266 203 0.103741 0.0000 0.001100 0.001362 0.005265 -0.051036 0.040034 -0.216319 40.2910762226 -218.9235250412 203.10374
J157 98MAY14 1998.3655 50947 957 4 141.1 -2000 -0.338780 4461849 0.385910 203 0.092112 0.0000 0.001086 0.001321 0.005105 -0.047942 0.015521 -0.211287 40.2910762194 -218.9235250484 203.09211
J157 98MAY15 1998.3682 50948 957 5 141.1 -2000 -0.338850 4461849 0.388497 203 0.097720 0.0000 0.001106 0.001383 0.005261 -0.066517 -0.000871 -0.137555 40.2910762427 -218.9235250492 203.09772
J157 98MAY16 1998.3710 50949 957 6 141.1 -2000 -0.338033 4461849 0.385100 203 0.098157 0.0000 0.001142 0.001410 0.005404 -0.075998 0.001340 -0.160409 40.2910762121 -218.9235250396 203.09816
J157 98MAY17 1998.3737 50950 958 0 141.1 -2000 -0.335091 4461849 0.389047 203 0.100935 0.0000 0.001140 0.001446 0.005623 -0.094740 0.028431 -0.231479 40.2910762477 -218.9235250050 203.10093
J157 98MAY18 1998.3765 50951 958 1 141.1 -2000 -0.331256 4461849 0.386526 203 0.120295 0.0000 0.001136 0.001423 0.005474 -0.056291 -0.003603 -0.166058 40.2910762250 -218.9235249599 203.12029
J157 98MAY19 1998.3792 50952 958 2 141.1 -2000 -0.339286 4461849 0.385886 203 0.103411 0.0000 0.001130 0.001397 0.005460 -0.056409 0.027369 -0.200453 40.2910762192 -218.9235250543 203.10341
J157 98MAY20 1998.3819 50953 958 3 141.1 -2000 -0.335580 4461849 0.389015 203 0.102538 0.0000 0.001153 0.001399 0.005485 -0.070158 0.012647 -0.159407 40.2910762474 -218.9235250107 203.10254
J157 98MAY21 1998.3847 50954 958 4 141.1 -2000 -0.340045 4461849 0.388209 203 0.097242 0.0000 0.001141 0.001363 0.005374 -0.045867 -0.003834 -0.190596 40.2910762401 -218.9235250632 203.09724
J157 98MAY22 1998.3874 50955 958 5 141.1 -2000 -0.337592 4461849 0.388092 203 0.094259 0.0000 0.001148 0.001470 0.005483 -0.033282 0.020433 -0.160042 40.2910762391 -218.9235250344 203.09426
J157 98MAY23 1998.3901 50956 958 6 141.1 -2000 -0.336741 4461849 0.384745 203 0.098447 0.0000 0.001144 0.001443 0.005356 -0.080443 -0.012718 -0.182937 40.2910762089 -218.9235250244 203.09845
J157 98MAY24 1998.3929 50957 959 0 141.1 -2000 -0.336366 4461849 0.386927 203 0.101664 0.0000 0.001167 0.001486 0.005626 -0.040631 0.082206 -0.205471 40.2910762286 -218.9235250200 203.10166
J157 98MAY25 1998.3956 50958 959 1 141.1 -2000 -0.341136 4461849 0.384776 203 0.103749 0.0000 0.001150 0.001428 0.005462 -0.051764 0.057275 -0.155164 40.2910762092 -218.9235250761 203.10375
J157 98MAY26 1998.3984 50959 959 2 141.1 -2000 -0.335969 4461849 0.383870 203 0.094541 0.0000 0.001140 0.001452 0.005353 -0.035810 0.041782 -0.181687 40.2910762010 -218.9235250153 203.09454
J157 98MAY27 1998.4011 50960 959 3 141.1 -2000 -0.338829 4461849 0.383689 203 0.088022 0.0000 0.001180 0.001531 0.005563 -0.026122 -0.011965 -0.137202 40.2910761994 -218.9235250489 203.08802
J157 98MAY28 1998.4038 50961 959 4 141.1 -2000 -0.337471 4461849 0.387079 203 0.106513 0.0000 0.001142 0.001438 0.005420 -0.037986 0.018025 -0.106705 40.2910762300 -218.9235250330 203.10651
J157 98MAY29 1998.4066 50962 959 5 141.1 -2000 -0.334705 4461849 0.387955 203 0.101604 0.0000 0.001180 0.001510 0.005761 -0.066304 0.016658 -0.216898 40.2910762378 -218.9235250004 203.10160
J157 98MAY30 1998.4093 50963 959 6 141.1 -2000 -0.344317 4461849 0.385659 203 0.098310 0.0000 0.001181 0.001512 0.005679 -0.066747 0.029021 -0.190623 40.2910762172 -218.9235251135 203.09831
J157 98MAY31 1998.4120 50964 960 0 141.1 -2000 -0.336439 4461849 0.391509 203 0.086309 0.0000 0.001189 0.001469 0.005662 -0.075024 0.057593 -0.186420 40.2910762698 -218.9235250208 203.08631
J157 98JUN01 1998.4148 50965 960 1 141.1 -2000 -0.340725 4461849 0.387779 203 0.088021 0.0000 0.001186 0.001447 0.005524 -0.057105 -0.061427 -0.142390 40.2910762363 -218.9235250712 203.08802
J157 98JUN02 1998.4175 50966 960 2 141.1 -2000 -0.336896 4461849 0.386006 203 0.097651 0.0000 0.001111 0.001356 0.005202 -0.071421 -0.000840 -0.164039 40.2910762203 -218.9235250262 203.09765
J157 98JUN03 1998.4203 50967 960 3 141.1 -2000 -0.339718 4461849 0.384228 203 0.116611 0.0000 0.001138 0.001357 0.005320 -0.057564 -0.000393 -0.211733 40.2910762043 -218.9235250594 203.11661
J157 98JUN04 1998.4230 50968 960 4 141.1 -2000 -0.338265 4461849 0.387346 203 0.113087 0.0000 0.001131 0.001430 0.005404 -0.073620 0.006281 -0.144428 40.2910762324 -218.9235250423 203.11309
J157 98JUN05 1998.4257 50969 960 5 141.1 -2000 -0.338973 4461849 0.386404 203 0.096776 0.0000 0.001147 0.001410 0.005494 -0.052133 0.065266 -0.196781 40.2910762239 -218.9235250506 203.09678
J157 98JUN06 1998.4285 50970 960 6 141.1 -2000 -0.338536 4461849 0.387368 203 0.095719 0.0000 0.001216 0.001424 0.005680 -0.079886 -0.005346 -0.155066 40.2910762326 -218.9235250455 203.09572
J157 98JUN07 1998.4312 50971 961 0 141.1 -2000 -0.340017 4461849 0.385983 203 0.090578 0.0000 0.001163 0.001409 0.005541 -0.104818 0.089090 -0.201273 40.2910762201 -218.9235250629 203.09058
J157 98JUN08 1998.4339 50972 961 1 141.1 -2000 -0.340690 4461849 0.384537 203 0.091950 0.0000 0.001116 0.001351 0.005159 -0.028506 -0.001569 -0.194431 40.2910762071 -218.9235250708 203.09195
J157 98JUN09 1998.4367 50973 961 2 141.1 -2000 -0.337657 4461849 0.383878 203 0.092830 0.0000 0.001081 0.001333 0.005057 -0.066548 0.005797 -0.192870 40.2910762011 -218.9235250351 203.09283
J157 98JUN10 1998.4394 50974 961 3 141.1 -2000 -0.338760 4461849 0.383080 203 0.093999 0.0000 0.001202 0.001404 0.005575 -0.112552 0.003556 -0.177570 40.2910761939 -218.9235250481 203.09400
J157 98JUN11 1998.4422 50975 961 4 141.1 -2000 -0.338564 4461849 0.384046 203 0.100113 0.0000 0.001195 0.001475 0.005748 -0.092873 0.021642 -0.187452 40.2910762026 -218.9235250458 203.10011
J157 98JUN12 1998.4449 50976 961 5 141.1 -2000 -0.340276 4461849 0.383381 203 0.098850 0.0000 0.001219 0.001474 0.005619 -0.029507 -0.086442 -0.146417 40.2910761966 -218.9235250659 203.09885
J157 98JUN13 1998.4476 50977 961 6 141.1 -2000 -0.338322 4461849 0.384499 203 0.090143 0.0000 0.001336 0.001656 0.006300 -0.078810 0.017118 -0.164184 40.2910762067 -218.9235250430 203.09014
J157 98JUN14 1998.4504 50978 962 0 141.1 -2000 -0.336624 4461849 0.384011 203 0.108802 0.0000 0.001201 0.001469 0.005714 -0.071099 -0.033760 -0.205617 40.2910762023 -218.9235250230 203.10880
J157 98JUN15 1998.4531 50979 962 1 141.1 -2000 -0.340053 4461849 0.384616 203 0.098584 0.0000 0.001184 0.001434 0.005612 -0.136834 0.085531 -0.245369 40.2910762078 -218.9235250633 203.09858
J157 98JUN16 1998.4559 50980 962 2 141.1 -2000 -0.340436 4461849 0.387664 203 0.121702 0.0000 0.001226 0.001418 0.005672 -0.075699 0.020432 -0.241090 40.2910762352 -218.9235250678 203.12170
J157 98JUN17 1998.4586 50981 962 3 141.1 -2000 -0.338118 4461849 0.385316 203 0.096457 0.0000 0.001104 0.001365 0.005099 -0.075212 0.066492 -0.158743 40.2910762141 -218.9235250406 203.09646
J157 98JUN18 1998.4613 50982 962 4 141.1 -2000 -0.337747 4461849 0.385215 203 0.090204 0.0000 0.001104 0.001337 0.005157 -0.068495 -0.035509 -0.203356 40.2910762132 -218.9235250362 203.09020
J157 98JUN19 1998.4641 50983 962 5 141.1 -2000 -0.339765 4461849 0.388369 203 0.113179 0.0000 0.001145 0.001406 0.005466 -0.090281 0.007596 -0.190390 40.2910762416 -218.9235250600 203.11318
J157 98JUN20 1998.4668 50984 962 6 141.1 -2000 -0.343667 4461849 0.388960 203 0.097024 0.0000 0.001156 0.001431 0.005406 -0.100110 0.081839 -0.167006 40.2910762469 -218.9235251058 203.09702
J157 98JUN21 1998.4695 50985 963 0 141.1 -2000 -0.339588 4461849 0.386172 203 0.101208 0.0000 0.001097 0.001334 0.005200 -0.086295 0.062078 -0.245940 40.2910762218 -218.9235250579 203.10121
J157 98JUN22 1998.4723 50986 963 1 141.1 -2000 -0.339264 4461849 0.386781 203 0.095440 0.0000 0.001204 0.001519 0.005508 -0.078070 0.020503 -0.170189 40.2910762273 -218.9235250540 203.09544
J157 98JUN23 1998.4750 50987 963 2 141.1 -2000 -0.340757 4461849 0.386335 203 0.099314 0.0000 0.001182 0.001427 0.005504 -0.059137 0.074585 -0.147599 40.2910762232 -218.9235250716 203.09931
J157 98JUN24 1998.4778 50988 963 3 141.1 -2000 -0.342118 4461849 0.385450 203 0.090135 0.0000 0.001165 0.001385 0.005474 -0.081860 0.034258 -0.239116 40.2910762153 -218.9235250876 203.09013
J157 98JUN25 1998.4805 50989 963 4 141.1 -2000 -0.341333 4461849 0.388295 203 0.107656 0.0000 0.001184 0.001468 0.005670 -0.075629 -0.035413 -0.222418 40.2910762409 -218.9235250784 203.10766
J157 98JUN26 1998.4832 50990 963 5 141.1 -2000 -0.340914 4461849 0.386177 203 0.093857 0.0000 0.001118 0.001375 0.005346 -0.057206 0.033171 -0.186742 40.2910762218 -218.9235250735 203.09386
J157 98JUN27 1998.4860 50991 963 6 141.1 -2000 -0.338766 4461849 0.389871 203 0.112360 0.0000 0.001209 0.001472 0.005807 -0.112943 0.103595 -0.298979 40.2910762551 -218.9235250482 203.11236
J157 98JUN28 1998.4887 50992 964 0 141.1 -2000 -0.338681 4461849 0.388815 203 0.104670 0.0000 0.001156 0.001391 0.005453 -0.095567 0.084299 -0.241795 40.2910762456 -218.9235250472 203.10467
J157 98JUN29 1998.4914 50993 964 1 141.1 -2000 -0.337413 4461849 0.384890 203 0.101130 0.0000 0.001141 0.001460 0.005504 -0.038110 0.067739 -0.190264 40.2910762102 -218.9235250323 203.10113
J157 98JUN30 1998.4942 50994 964 2 141.1 -2000 -0.339308 4461849 0.386651 203 0.099881 0.0000 0.001264 0.001506 0.005758 -0.065681 0.062350 -0.162820 40.2910762261 -218.9235250546 203.09988
J157 98JUL01 1998.4969 50995 964 3 141.1 -2000 -0.335040 4461849 0.386598 203 0.100635 0.0000 0.001243 0.001556 0.006218 -0.102907 0.101071 -0.296566 40.2910762256 -218.9235250044 203.10064
J157 98JUL02 1998.4997 50996 964 4 141.1 -2000 -0.330760 4461849 0.387851 203 0.124315 0.0000 0.001214 0.001505 0.005774 -0.117852 0.095737 -0.198790 40.2910762369 -218.9235249540 203.12432
J157 98JUL03 1998.5024 50997 964 5 141.1 -2000 -0.337246 4461849 0.385773 203 0.118918 0.0000 0.001208 0.001554 0.005932 -0.051399 0.163139 -0.128354 40.2910762182 -218.9235250303 203.11892
J157 98JUL04 1998.5051 50998 964 6 141.1 -2000 -0.336905 4461849 0.388027 203 0.104832 0.0000 0.001247 0.001500 0.005880 -0.091397 -0.023395 -0.124913 40.2910762385 -218.9235250263 203.10483
J157 98JUL05 1998.5079 50999 965 0 141.1 -2000 -0.331149 4461849 0.389047 203 0.094264 0.0000 0.001177 0.001433 0.005638 -0.102180 -0.007659 -0.224412 40.2910762477 -218.9235249586 203.09426
J157 98JUL06 1998.5106 51000 965 1 141.1 -2000 -0.335860 4461849 0.386097 203 0.111754 0.0000 0.001269 0.001598 0.006173 -0.053147 0.043924 -0.159245 40.2910762211 -218.9235250140 203.11175
J157 98JUL07 1998.5133 51001 965 2 141.1 -2000 -0.332563 4461849 0.387387 203 0.113779 0.0000 0.001251 0.001556 0.006069 -0.099171 0.003742 -0.211245 40.2910762327 -218.9235249753 203.11378
J157 98JUL08 1998.5161 51002 965 3 141.1 -2000 -0.337264 4461849 0.384749 203 0.101754 0.0000 0.001234 0.001531 0.005803 -0.081060 -0.002041 -0.128253 40.2910762090 -218.9235250305 203.10175
J157 98JUL09 1998.5188 51003 965 4 141.1 -2000 -0.338346 4461849 0.387532 203 0.121775 0.0000 0.001260 0.001560 0.006053 -0.047976 0.041117 -0.189962 40.2910762340 -218.9235250433 203.12177
J157 98JUL10 1998.5216 51004 965 5 141.1 -2000 -0.335255 4461849 0.384651 203 0.100489 0.0000 0.001204 0.001401 0.005610 -0.080950 0.058945 -0.232627 40.2910762081 -218.9235250069 203.10049
J157 98JUL11 1998.5243 51005 965 6 141.1 -2000 -0.334759 4461849 0.387673 203 0.098601 0.0000 0.001157 0.001442 0.005466 -0.051671 0.019786 -0.119239 40.2910762353 -218.9235250011 203.09860
J157 98JUL12 1998.5270 51006 966 0 141.1 -2000 -0.336320 4461849 0.388335 203 0.098945 0.0000 0.001158 0.001469 0.005609 -0.098899 0.027732 -0.150029 40.2910762413 -218.9235250194 203.09895
J157 98JUL13 1998.5298 51007 966 1 141.1 -2000 -0.334471 4461849 0.387765 203 0.091001 0.0000 0.001129 0.001355 0.005267 -0.064944 0.053689 -0.201032 40.2910762361 -218.9235249977 203.09100
J157 98JUL14 1998.5325 51008 966 2 141.1 -2000 -0.337135 4461849 0.388571 203 0.100432 0.0000 0.001181 0.001461 0.005548 -0.111003 0.030558 -0.177534 40.2910762434 -218.9235250290 203.10043
J157 98JUL15 1998.5352 51009 966 3 141.1 -2000 -0.336581 4461849 0.383538 203 0.099121 0.0000 0.001205 0.001438 0.005533 -0.144366 0.067311 -0.197686 40.2910761981 -218.9235250225 203.09912
J157 98JUL16 1998.5380 51010 966 4 141.1 -2000 -0.336904 4461849 0.386570 203 0.107512 0.0000 0.001199 0.001430 0.005638 -0.109458 0.114277 -0.195337 40.2910762254 -218.9235250263 203.10751
J157 98JUL17 1998.5407 51011 966 5 141.1 -2000 -0.335673 4461849 0.386223 203 0.109225 0.0000 0.001150 0.001411 0.005428 -0.085712 0.033723 -0.218705 40.2910762222 -218.9235250118 203.10923
J157 98JUL18 1998.5435 51012 966 6 141.1 -2000 -0.335837 4461849 0.384651 203 0.096070 0.0000 0.001243 0.001497 0.005800 -0.045069 0.106961 -0.098520 40.2910762081 -218.9235250137 203.09607
J157 98JUL19 1998.5462 51013 967 0 141.1 -2000 -0.335032 4461849 0.385571 203 0.089685 0.0000 0.001156 0.001378 0.005412 -0.064894 -0.030644 -0.189895 40.2910762164 -218.9235250043 203.08969
J157 98JUL20 1998.5489 51014 967 1 141.1 -2000 -0.336160 4461849 0.387120 203 0.108119 0.0000 0.001226 0.001470 0.005811 -0.052909 0.095279 -0.181995 40.2910762303 -218.9235250175 203.10812
J157 98JUL21 1998.5517 51015 967 2 141.1 -2000 -0.338824 4461849 0.387940 203 0.094339 0.0000 0.001112 0.001374 0.005226 -0.066756 0.049181 -0.140032 40.2910762377 -218.9235250489 203.09434
J157 98JUL22 1998.5544 51016 967 3 141.1 -2000 -0.336833 4461849 0.386842 203 0.102492 0.0000 0.001235 0.001560 0.005801 -0.137640 0.022218 -0.184916 40.2910762278 -218.9235250255 203.10249
J157 98JUL23 1998.5572 51017 967 4 141.1 -2000 -0.339475 4461849 0.387303 203 0.101043 0.0000 0.001200 0.001529 0.005710 -0.148629 0.058557 -0.178757 40.2910762320 -218.9235250565 203.10104
J157 98JUL24 1998.5599 51018 967 5 141.1 -2000 -0.339859 4461849 0.387525 203 0.097944 0.0000 0.001107 0.001338 0.005166 -0.044796 0.033663 -0.204490 40.2910762340 -218.9235250611 203.09794
J157 98JUL25 1998.5626 51019 967 6 141.1 -2000 -0.339464 4461849 0.383988 203 0.100075 0.0000 0.001097 0.001350 0.005160 -0.045610 0.028829 -0.168099 40.2910762021 -218.9235250564 203.10008
J157 98JUL26 1998.5654 51020 968 0 141.1 -2000 -0.341083 4461849 0.385570 203 0.096431 0.0000 0.001137 0.001400 0.005308 -0.135880 0.049521 -0.153211 40.2910762164 -218.9235250754 203.09643
J157 98JUL27 1998.5681 51021 968 1 141.1 -2000 -0.337928 4461849 0.387220 203 0.095861 0.0000 0.001186 0.001490 0.005556 -0.080803 0.018751 -0.140616 40.2910762312 -218.9235250383 203.09586
J157 98JUL28 1998.5708 51022 968 2 141.1 -2000 -0.336383 4461849 0.385671 203 0.102258 0.0000 0.001164 0.001413 0.005551 -0.121999 0.038975 -0.227462 40.2910762173 -218.9235250202 203.10226
J157 98JUL29 1998.5736 51023 968 3 141.1 -2000 -0.335182 4461849 0.386431 203 0.109101 0.0000 0.001155 0.001393 0.005535 -0.072506 0.028375 -0.215920 40.2910762241 -218.9235250060 203.10910
J157 98JUL30 1998.5763 51024 968 4 141.1 -2000 -0.335938 4461849 0.387379 203 0.107735 0.0000 0.001136 0.001411 0.005348 -0.052686 0.019763 -0.183572 40.2910762326 -218.9235250149 203.10774
J157 98JUL31 1998.5791 51025 968 5 141.1 -2000 -0.338326 4461849 0.386636 203 0.103325 0.0000 0.001203 0.001441 0.005505 -0.131638 0.013972 -0.113889 40.2910762260 -218.9235250430 203.10333
J157 98AUG01 1998.5818 51026 968 6 141.1 -2000 -0.337764 4461849 0.386142 203 0.096495 0.0000 0.001183 0.001397 0.005473 -0.143362 0.133520 -0.187846 40.2910762215 -218.9235250364 203.09650
J157 98AUG02 1998.5845 51027 969 0 141.1 -2000 -0.336889 4461849 0.386779 203 0.103854 0.0000 0.001180 0.001462 0.005657 -0.028268 0.016226 -0.177046 40.2910762273 -218.9235250261 203.10385
J157 98AUG03 1998.5873 51028 969 1 141.1 -2000 -0.335285 4461849 0.385929 203 0.102997 0.0000 0.001370 0.001704 0.006583 -0.090444 0.085067 -0.184950 40.2910762196 -218.9235250073 203.10300
J157 98AUG04 1998.5900 51029 969 2 141.1 -2000 -0.337490 4461849 0.385837 203 0.088914 0.0000 0.001212 0.001410 0.005641 0.014917 0.057475 -0.202494 40.2910762188 -218.9235250332 203.08891
J157 98AUG05 1998.5927 51030 969 3 141.1 -2000 -0.334968 4461849 0.390445 203 0.095436 0.0000 0.001258 0.001488 0.005820 -0.100692 0.095906 -0.192265 40.2910762603 -218.9235250035 203.09544
J157 98AUG06 1998.5955 51031 969 4 141.1 -2000 -0.335587 4461849 0.387455 203 0.095072 0.0000 0.001334 0.001538 0.006174 -0.036799 0.003712 -0.225789 40.2910762333 -218.9235250108 203.09507
J157 98AUG07 1998.5982 51032 969 5 141.1 -2000 -0.336383 4461849 0.388595 203 0.091337 0.0000 0.001123 0.001387 0.005335 -0.115817 0.119880 -0.190026 40.2910762436 -218.9235250202 203.09134
J157 98AUG08 1998.6010 51033 969 6 141.1 -2000 -0.341442 4461849 0.388475 203 0.079699 0.0000 0.001114 0.001344 0.005142 -0.068066 0.047171 -0.173947 40.2910762425 -218.9235250797 203.07970
J157 98AUG09 1998.6037 51034 970 0 141.1 -2000 -0.338533 4461849 0.389899 203 0.081236 0.0000 0.001184 0.001439 0.005528 -0.056600 -0.001417 -0.202587 40.2910762554 -218.9235250455 203.08124
J157 98AUG10 1998.6064 51035 970 1 141.1 -2000 -0.340721 4461849 0.388805 203 0.089740 0.0000 0.001081 0.001347 0.005057 -0.063779 0.021886 -0.139387 40.2910762455 -218.9235250712 203.08974
J157 98AUG11 1998.6092 51036 970 2 141.1 -2000 -0.339170 4461849 0.392744 203 0.092753 0.0000 0.001257 0.001518 0.005796 -0.038002 0.054888 -0.139143 40.2910762810 -218.9235250530 203.09275
J157 98AUG12 1998.6119 51037 970 3 141.1 -2000 -0.335137 4461849 0.388820 203 0.092881 0.0000 0.001165 0.001386 0.005515 -0.078652 0.039250 -0.194250 40.2910762456 -218.9235250055 203.09288
J157 98AUG13 1998.6146 51038 970 4 141.1 -2000 -0.337275 4461849 0.387504 203 0.094342 0.0000 0.001168 0.001377 0.005484 -0.060977 0.022946 -0.227180 40.2910762338 -218.9235250307 203.09434
J157 98AUG14 1998.6174 51039 970 5 141.1 -2000 -0.339287 4461849 0.387165 203 0.101105 0.0000 0.001160 0.001442 0.005617 -0.091846 -0.006127 -0.163087 40.2910762307 -218.9235250543 203.10111
J157 98AUG15 1998.6201 51040 970 6 141.1 -2000 -0.337369 4461849 0.389497 203 0.090668 0.0000 0.001201 0.001446 0.005649 -0.083819 0.003966 -0.145809 40.2910762517 -218.9235250318 203.09067
J157 98AUG16 1998.6229 51041 971 0 141.1 -2000 -0.338086 4461849 0.390160 203 0.088479 0.0000 0.001283 0.001638 0.006083 0.006496 0.038411 -0.154688 40.2910762577 -218.9235250402 203.08848
J157 98AUG17 1998.6256 51042 971 1 141.1 -2000 -0.335825 4461849 0.389295 203 0.087447 0.0000 0.001084 0.001327 0.005050 -0.067814 0.053706 -0.159048 40.2910762499 -218.9235250136 203.08745
J157 98AUG18 1998.6283 51043 971 2 141.1 -2000 -0.334266 4461849 0.386823 203 0.092273 0.0000 0.001109 0.001337 0.005133 -0.098681 0.028182 -0.174948 40.2910762276 -218.9235249953 203.09227
J157 98AUG19 1998.6311 51044 971 3 141.1 -2000 -0.329581 4461849 0.391068 203 0.106552 0.0000 0.001244 0.001523 0.005837 -0.115080 0.079715 -0.065928 40.2910762659 -218.9235249402 203.10655
J157 98AUG20 1998.6338 51045 971 4 141.1 -2000 -0.327498 4461849 0.392573 203 0.101712 0.0000 0.001126 0.001389 0.005388 -0.077993 0.069203 -0.200879 40.2910762794 -218.9235249157 203.10171
J157 98AUG21 1998.6366 51046 971 5 141.1 -2000 -0.332794 4461849 0.392521 203 0.093174 0.0000 0.001186 0.001394 0.005494 -0.028933 0.042145 -0.167466 40.2910762790 -218.9235249780 203.09317
J157 98AUG22 1998.6393 51047 971 6 141.1 -2000 -0.334740 4461849 0.389831 203 0.096514 0.0000 0.001129 0.001356 0.005306 -0.015760 -0.001635 -0.172343 40.2910762547 -218.9235250009 203.09651
J157 98AUG23 1998.6420 51048 972 0 141.1 -2000 -0.335799 4461849 0.389065 203 0.096228 0.0000 0.001113 0.001325 0.005191 -0.079792 0.013561 -0.193225 40.2910762478 -218.9235250133 203.09623
J157 98AUG24 1998.6448 51049 972 1 141.1 -2000 -0.339737 4461849 0.387413 203 0.114477 0.0000 0.001132 0.001383 0.005377 -0.090049 0.102764 -0.175282 40.2910762330 -218.9235250596 203.11448
J157 98AUG25 1998.6475 51050 972 2 141.1 -2000 -0.333321 4461849 0.393842 203 0.109136 0.0000 0.001153 0.001387 0.005496 -0.062851 0.034638 -0.195653 40.2910762909 -218.9235249842 203.10914
J157 98AUG26 1998.6502 51051 972 3 141.1 -2000 -0.336906 4461849 0.389373 203 0.099343 0.0000 0.001163 0.001389 0.005583 -0.045059 -0.013942 -0.169819 40.2910762506 -218.9235250263 203.09934
J157 98AUG27 1998.6530 51052 972 4 141.1 -2000 -0.332022 4461849 0.384680 203 0.102648 0.0000 0.001122 0.001333 0.005290 -0.093862 0.065415 -0.216985 40.2910762084 -218.9235249689 203.10265
J157 98AUG28 1998.6557 51053 972 5 141.1 -2000 -0.335333 4461849 0.387059 203 0.109476 0.0000 0.001090 0.001343 0.005129 -0.077642 0.036308 -0.164798 40.2910762298 -218.9235250078 203.10948
J157 98AUG29 1998.6585 51054 972 6 141.1 -2000 -0.329632 4461849 0.384348 203 0.116784 0.0000 0.001084 0.001325 0.005106 -0.059393 0.035426 -0.200710 40.2910762054 -218.9235249408 203.11678
J157 98AUG30 1998.6612 51055 973 0 141.1 -2000 -0.331231 4461849 0.387354 203 0.107290 0.0000 0.001098 0.001334 0.005225 -0.081491 0.102515 -0.207506 40.2910762324 -218.9235249596 203.10729
J157 98AUG31 1998.6639 51056 973 1 141.1 -2000 -0.332232 4461849 0.389367 203 0.096152 0.0000 0.001103 0.001330 0.005254 -0.070895 0.002074 -0.233662 40.2910762506 -218.9235249714 203.09615
J157 98SEP01 1998.6667 51057 973 2 141.1 -2000 -0.330022 4461849 0.387604 203 0.088864 0.0000 0.001105 0.001343 0.005210 -0.067112 0.061884 -0.239783 40.2910762347 -218.9235249454 203.08886
J157 98SEP02 1998.6694 51058 973 3 141.1 -2000 -0.335033 4461849 0.389922 203 0.098176 0.0000 0.001071 0.001306 0.004976 -0.068310 -0.002721 -0.193565 40.2910762556 -218.9235250043 203.09818
J157 98SEP03 1998.6721 51059 973 4 141.1 -2000 -0.332867 4461849 0.390854 203 0.077092 0.0000 0.001107 0.001327 0.005191 -0.060709 0.001968 -0.222975 40.2910762640 -218.9235249788 203.07709
J157 98SEP04 1998.6749 51060 973 5 141.1 -2000 -0.337416 4461849 0.392193 203 0.087572 0.0000 0.001123 0.001326 0.005186 -0.063587 0.002221 -0.182320 40.2910762760 -218.9235250323 203.08757
J157 98SEP05 1998.6776 51061 973 6 141.1 -2000 -0.336144 4461849 0.392719 203 0.103720 0.0000 0.001076 0.001354 0.005085 -0.072075 0.058073 -0.142620 40.2910762807 -218.9235250174 203.10372
J157 98SEP06 1998.6804 51062 974 0 141.1 -2000 -0.337251 4461849 0.389590 203 0.100838 0.0000 0.001131 0.001339 0.005309 -0.082990 0.016604 -0.214811 40.2910762526 -218.9235250304 203.10084
J157 98SEP07 1998.6831 51063 974 1 141.1 -2000 -0.333239 4461849 0.388071 203 0.087879 0.0000 0.001107 0.001340 0.005174 -0.087527 0.048761 -0.168165 40.2910762389 -218.9235249832 203.08788
J157 98SEP08 1998.6858 51064 974 2 141.1 -2000 -0.334202 4461849 0.386044 203 0.103812 0.0000 0.001138 0.001377 0.005313 -0.120346 0.083502 -0.231667 40.2910762206 -218.9235249945 203.10381
J157 98SEP09 1998.6886 51065 974 3 141.1 -2000 -0.338432 4461849 0.385885 203 0.083042 0.0000 0.001119 0.001369 0.005234 -0.094665 0.070761 -0.236037 40.2910762192 -218.9235250443 203.08304
J157 98SEP10 1998.6913 51066 974 4 141.1 -2000 -0.338506 4461849 0.389544 203 0.076427 0.0000 0.001104 0.001366 0.005253 -0.070339 0.042782 -0.176595 40.2910762522 -218.9235250451 203.07643
J157 98SEP11 1998.6940 51067 974 5 141.1 -2000 -0.333165 4461849 0.386475 203 0.082258 0.0000 0.001098 0.001387 0.005150 -0.113326 0.047242 -0.216476 40.2910762245 -218.9235249823 203.08226
J157 98SEP12 1998.6968 51068 974 6 141.1 -2000 -0.334677 4461849 0.386954 203 0.100319 0.0000 0.001134 0.001381 0.005385 -0.105638 0.042921 -0.221565 40.2910762288 -218.9235250001 203.10032
J157 98SEP13 1998.6995 51069 975 0 141.1 -2000 -0.331522 4461849 0.387182 203 0.091533 0.0000 0.001157 0.001378 0.005401 -0.094451 0.035051 -0.179890 40.2910762309 -218.9235249630 203.09153
J157 98SEP14 1998.7023 51070 975 1 141.1 -2000 -0.332110 4461849 0.390041 203 0.083793 0.0000 0.001143 0.001384 0.005283 -0.157758 0.063074 -0.171476 40.2910762566 -218.9235249699 203.08379
J157 98SEP15 1998.7050 51071 975 2 141.1 -2000 -0.332319 4461849 0.386745 203 0.089550 0.0000 0.001128 0.001378 0.005342 -0.147827 0.119323 -0.166564 40.2910762269 -218.9235249724 203.08955
J157 98SEP16 1998.7077 51072 975 3 141.1 -2000 -0.335220 4461849 0.384072 203 0.101638 0.0000 0.001141 0.001420 0.005462 -0.098697 0.029689 -0.111453 40.2910762029 -218.9235250065 203.10164
J157 98SEP17 1998.7105 51073 975 4 141.1 -2000 -0.334919 4461849 0.389475 203 0.094990 0.0000 0.001167 0.001399 0.005625 -0.104877 0.050228 -0.183584 40.2910762515 -218.9235250030 203.09499
J157 98SEP18 1998.7132 51074 975 5 141.1 -2000 -0.328091 4461849 0.385541 203 0.114681 0.0000 0.001196 0.001424 0.005777 -0.120280 0.053121 -0.214267 40.2910762161 -218.9235249226 203.11468
J157 98SEP19 1998.7159 51075 975 6 141.1 -2000 -0.329407 4461849 0.386950 203 0.114210 0.0000 0.001137 0.001354 0.005361 -0.078633 0.049943 -0.166774 40.2910762288 -218.9235249381 203.11421
J157 98SEP20 1998.7187 51076 976 0 141.1 -2000 -0.333434 4461849 0.383438 203 0.091018 0.0000 0.001136 0.001341 0.005327 -0.122280 0.053000 -0.175480 40.2910761972 -218.9235249855 203.09102
J157 98SEP21 1998.7214 51077 976 1 141.1 -2000 -0.333149 4461849 0.388827 203 0.102323 0.0000 0.001155 0.001402 0.005434 -0.093210 0.045568 -0.098202 40.2910762457 -218.9235249821 203.10232
J157 98SEP22 1998.7242 51078 976 2 141.1 -2000 -0.335321 4461849 0.384338 203 0.090397 0.0000 0.001165 0.001440 0.005566 -0.085602 0.070333 -0.176119 40.2910762053 -218.9235250077 203.09040
J157 98SEP23 1998.7269 51079 976 3 141.1 -2000 -0.331630 4461849 0.385861 203 0.097304 0.0000 0.001203 0.001441 0.005698 -0.084444 0.011886 -0.208463 40.2910762190 -218.9235249643 203.09730
J157 98SEP24 1998.7296 51080 976 4 141.1 -2000 -0.332451 4461849 0.388153 203 0.105834 0.0000 0.001125 0.001409 0.005428 -0.096332 0.042508 -0.164935 40.2910762396 -218.9235249739 203.10583
J157 98SEP25 1998.7324 51081 976 5 141.1 -2000 -0.336047 4461849 0.384779 203 0.100094 0.0000 0.001168 0.001441 0.005629 -0.067180 0.031841 -0.179866 40.2910762092 -218.9235250162 203.10009
J157 98SEP26 1998.7351 51082 976 6 141.1 -2000 -0.332323 4461849 0.380804 203 0.084078 0.0000 0.001070 0.001318 0.005039 -0.064055 0.007616 -0.168054 40.2910761734 -218.9235249724 203.08408
J157 98SEP27 1998.7379 51083 977 0 141.1 -2000 -0.332252 4461849 0.382976 203 0.076932 0.0000 0.001090 0.001337 0.005117 -0.052575 0.033683 -0.182189 40.2910761930 -218.9235249716 203.07693
J157 98SEP28 1998.7406 51084 977 1 141.1 -2000 -0.334604 4461849 0.380339 203 0.091835 0.0000 0.001103 0.001341 0.005235 -0.072741 0.028289 -0.213695 40.2910761693 -218.9235249992 203.09183
J157 98SEP29 1998.7433 51085 977 2 141.1 -2000 -0.332570 4461849 0.385410 203 0.111378 0.0000 0.001096 0.001331 0.005165 -0.086530 0.057749 -0.173165 40.2910762149 -218.9235249753 203.11138
J157 98SEP30 1998.7461 51086 977 3 141.1 -2000 -0.333543 4461849 0.381188 203 0.106279 0.0000 0.001095 0.001359 0.005238 -0.074092 0.068420 -0.196233 40.2910761769 -218.9235249867 203.10628
J157 98OCT01 1998.7488 51087 977 4 141.1 -2000 -0.334154 4461849 0.382925 203 0.103411 0.0000 0.001129 0.001419 0.005435 -0.067159 0.095862 -0.143852 40.2910761925 -218.9235249939 203.10341
J157 98OCT02 1998.7515 51088 977 5 141.1 -2000 -0.330315 4461849 0.381185 203 0.105337 0.0000 0.001100 0.001371 0.005235 -0.065393 0.086548 -0.199246 40.2910761769 -218.9235249488 203.10534
J157 98OCT03 1998.7543 51089 977 6 141.1 -2000 -0.332574 4461849 0.380895 203 0.098744 0.0000 0.001115 0.001370 0.005239 -0.069420 0.057366 -0.135790 40.2910761743 -218.9235249754 203.09874
J157 98OCT04 1998.7570 51090 978 0 141.1 -2000 -0.332280 4461849 0.386858 203 0.089001 0.0000 0.001144 0.001422 0.005544 -0.087013 0.061961 -0.202598 40.2910762280 -218.9235249719 203.08900
J157 98OCT05 1998.7598 51091 978 1 141.1 -2000 -0.331115 4461849 0.383660 203 0.086564 0.0000 0.001129 0.001385 0.005387 -0.065213 0.065790 -0.196188 40.2910761992 -218.9235249582 203.08656
J157 98OCT06 1998.7625 51092 978 2 141.1 -2000 -0.328250 4461849 0.382613 203 0.085412 0.0000 0.001112 0.001382 0.005215 -0.101868 0.074470 -0.172763 40.2910761897 -218.9235249245 203.08541
J157 98OCT07 1998.7652 51093 978 3 141.1 -2000 -0.335699 4461849 0.384979 203 0.105053 0.0000 0.001186 0.001403 0.005367 -0.114284 0.059675 -0.158473 40.2910762110 -218.9235250121 203.10505
J157 98OCT08 1998.7680 51094 978 4 141.1 -2000 -0.329031 4461849 0.388578 203 0.094030 0.0000 0.001178 0.001397 0.005491 -0.090547 0.081896 -0.161913 40.2910762434 -218.9235249337 203.09403
J157 98OCT09 1998.7707 51095 978 5 141.1 -2000 -0.331877 4461849 0.387435 203 0.086108 0.0000 0.001192 0.001418 0.005420 -0.080826 0.028786 -0.133046 40.2910762332 -218.9235249672 203.08611
J157 98OCT10 1998.7734 51096 978 6 141.1 -2000 -0.331354 4461849 0.384821 203 0.099959 0.0000 0.001229 0.001416 0.005572 -0.105034 0.057343 -0.142613 40.2910762096 -218.9235249610 203.09996
J157 98OCT11 1998.7762 51097 979 0 141.1 -2000 -0.331114 4461849 0.388569 203 0.069393 0.0000 0.001199 0.001418 0.005399 -0.108501 0.049117 -0.146090 40.2910762434 -218.9235249582 203.06939
J157 98OCT12 1998.7789 51098 979 1 141.1 -2000 -0.333319 4461849 0.384383 203 0.078385 0.0000 0.001211 0.001461 0.005463 -0.106177 0.041443 -0.164358 40.2910762057 -218.9235249841 203.07838
J157 98OCT13 1998.7817 51099 979 2 141.1 -2000 -0.329697 4461849 0.383960 203 0.089075 0.0000 0.001208 0.001502 0.005554 -0.114665 0.126383 -0.177584 40.2910762019 -218.9235249415 203.08908
J157 98OCT14 1998.7844 51100 979 3 141.1 -2000 -0.331311 4461849 0.383983 203 0.103923 0.0000 0.001181 0.001461 0.005485 -0.078186 0.065364 -0.169671 40.2910762021 -218.9235249605 203.10392
J157 98OCT15 1998.7871 51101 979 4 141.1 -2000 -0.328185 4461849 0.383965 203 0.115885 0.0000 0.001160 0.001460 0.005608 -0.062870 0.090920 -0.217961 40.2910762019 -218.9235249238 203.11588
J157 98OCT16 1998.7899 51102 979 5 141.1 -2000 -0.329911 4461849 0.381631 203 0.088526 0.0000 0.001137 0.001394 0.005446 -0.075918 0.054917 -0.163228 40.2910761809 -218.9235249440 203.08853
J157 98OCT17 1998.7926 51103 979 6 141.1 -2000 -0.329932 4461849 0.381334 203 0.094907 0.0000 0.001135 0.001363 0.005436 -0.069629 0.068621 -0.195543 40.2910761782 -218.9235249443 203.09491
J157 98OCT18 1998.7953 51104 980 0 141.1 -2000 -0.333744 4461849 0.378077 203 0.091415 0.0000 0.001151 0.001388 0.005483 -0.107890 0.078148 -0.210317 40.2910761489 -218.9235249891 203.09142
J157 98OCT19 1998.7981 51105 980 1 141.1 -2000 -0.332773 4461849 0.384419 203 0.092649 0.0000 0.001131 0.001366 0.005362 -0.075663 0.011820 -0.200882 40.2910762060 -218.9235249777 203.09265
J157 98OCT20 1998.8008 51106 980 2 141.1 -2000 -0.328132 4461849 0.381626 203 0.084663 0.0000 0.001119 0.001361 0.005387 -0.045745 -0.015262 -0.211492 40.2910761808 -218.9235249231 203.08466
J157 98OCT21 1998.8036 51107 980 3 141.1 -2000 -0.330310 4461849 0.386449 203 0.093858 0.0000 0.001125 0.001425 0.005334 -0.070162 0.051898 -0.183814 40.2910762243 -218.9235249487 203.09386
J157 98OCT22 1998.8063 51108 980 4 141.1 -2000 -0.329211 4461849 0.385004 203 0.088730 0.0000 0.001128 0.001371 0.005309 -0.053283 0.005586 -0.199868 40.2910762113 -218.9235249358 203.08873
J157 98OCT23 1998.8090 51109 980 5 141.1 -2000 -0.329465 4461849 0.386872 203 0.077213 0.0000 0.001115 0.001386 0.005249 -0.067314 0.035323 -0.180062 40.2910762281 -218.9235249388 203.07721
J157 98OCT24 1998.8118 51110 980 6 141.1 -2000 -0.325507 4461849 0.390065 203 0.098102 0.0000 0.001202 0.001432 0.005758 -0.060625 0.022739 -0.242372 40.2910762568 -218.9235248923 203.09810
J157 98OCT25 1998.8145 51111 981 0 141.1 -2000 -0.328173 4461849 0.389032 203 0.099507 0.0000 0.001139 0.001380 0.005413 -0.062469 0.113156 -0.206410 40.2910762475 -218.9235249236 203.09951
J157 98OCT26 1998.8172 51112 981 1 141.1 -2000 -0.327742 4461849 0.388065 203 0.072403 0.0000 0.001214 0.001421 0.005575 -0.111443 0.003069 -0.173826 40.2910762388 -218.9235249185 203.07240
J157 98OCT27 1998.8200 51113 981 2 141.1 -2000 -0.325724 4461849 0.387849 203 0.088612 0.0000 0.001129 0.001362 0.005249 -0.060547 0.063180 -0.179271 40.2910762369 -218.9235248948 203.08861
J157 98OCT28 1998.8227 51114 981 3 141.1 -2000 -0.330559 4461849 0.385937 203 0.088207 0.0000 0.001137 0.001372 0.005366 -0.065412 0.049481 -0.205912 40.2910762197 -218.9235249517 203.08821
J157 98OCT29 1998.8255 51115 981 4 141.1 -2000 -0.326136 4461849 0.384570 203 0.089273 0.0000 0.001149 0.001378 0.005481 -0.070901 0.021316 -0.175217 40.2910762074 -218.9235248997 203.08927
J157 98OCT30 1998.8282 51116 981 5 141.1 -2000 -0.327283 4461849 0.383619 203 0.100453 0.0000 0.001145 0.001394 0.005470 -0.090258 0.045912 -0.219278 40.2910761988 -218.9235249131 203.10045
J157 98OCT31 1998.8309 51117 981 6 141.1 -2000 -0.328138 4461849 0.385769 203 0.091967 0.0000 0.001138 0.001396 0.005444 -0.064734 0.075072 -0.159803 40.2910762182 -218.9235249232 203.09197
J157 98NOV01 1998.8337 51118 982 0 141.1 -2000 -0.325667 4461849 0.388507 203 0.096081 0.0000 0.001126 0.001349 0.005285 -0.094685 0.056180 -0.197578 40.2910762428 -218.9235248941 203.09608
J157 98NOV02 1998.8364 51119 982 1 141.1 -2000 -0.333657 4461849 0.386687 203 0.109156 0.0000 0.001180 0.001409 0.005610 -0.075654 0.004547 -0.210755 40.2910762264 -218.9235249881 203.10916
J157 98NOV03 1998.8392 51120 982 2 141.1 -2000 -0.327182 4461849 0.387858 203 0.090574 0.0000 0.001150 0.001408 0.005443 -0.068593 0.062371 -0.203342 40.2910762370 -218.9235249120 203.09057
J157 98NOV04 1998.8419 51121 982 3 141.1 -2000 -0.335449 4461849 0.384967 203 0.107911 0.0000 0.001127 0.001388 0.005434 -0.036254 0.039346 -0.199545 40.2910762109 -218.9235250092 203.10791
J157 98NOV05 1998.8446 51122 982 4 141.1 -2000 -0.332557 4461849 0.391868 203 0.079409 0.0000 0.001127 0.001393 0.005445 -0.048468 0.051835 -0.170906 40.2910762731 -218.9235249752 203.07941
J157 98NOV06 1998.8474 51123 982 5 141.1 -2000 -0.329479 4461849 0.389498 203 0.094585 0.0000 0.001162 0.001366 0.005384 -0.067482 0.086617 -0.145977 40.2910762517 -218.9235249390 203.09459
J157 98NOV07 1998.8501 51124 982 6 141.1 -2000 -0.323685 4461849 0.390089 203 0.103576 0.0000 0.001209 0.001434 0.005695 -0.082007 0.092200 -0.200499 40.2910762571 -218.9235248708 203.10358
J157 98NOV08 1998.8528 51125 983 0 141.1 -2000 -0.331249 4461849 0.388268 203 0.084942 0.0000 0.001120 0.001392 0.005371 -0.062524 0.025671 -0.194988 40.2910762407 -218.9235249598 203.08494
J157 98NOV09 1998.8556 51126 983 1 141.1 -2000 -0.331835 4461849 0.388098 203 0.082122 0.0000 0.001176 0.001509 0.005856 -0.043994 0.039938 -0.129688 40.2910762391 -218.9235249667 203.08212
J157 98NOV10 1998.8583 51127 983 2 141.1 -2000 -0.326110 4461849 0.391115 203 0.094079 0.0000 0.001159 0.001389 0.005533 -0.097644 0.073784 -0.195008 40.2910762663 -218.9235248994 203.09408
J157 98NOV11 1998.8611 51128 983 3 141.1 -2000 -0.331428 4461849 0.386575 203 0.084507 0.0000 0.001107 0.001345 0.005277 -0.037586 0.053333 -0.124506 40.2910762254 -218.9235249619 203.08451
J157 98NOV12 1998.8638 51129 983 4 141.1 -2000 -0.326773 4461849 0.388673 203 0.098812 0.0000 0.001105 0.001346 0.005292 -0.059842 0.089615 -0.187562 40.2910762443 -218.9235249072 203.09881
J157 98NOV13 1998.8665 51130 983 5 141.1 -2000 -0.325874 4461849 0.388136 203 0.100335 0.0000 0.001179 0.001427 0.005750 -0.048448 0.117713 -0.181669 40.2910762395 -218.9235248966 203.10034
J157 98NOV14 1998.8693 51131 983 6 141.1 -2000 -0.327541 4461849 0.386356 203 0.086196 0.0000 0.001145 0.001377 0.005429 -0.045395 0.064433 -0.183174 40.2910762234 -218.9235249162 203.08620
J157 98NOV15 1998.8720 51132 984 0 141.1 -2000 -0.330810 4461849 0.386496 203 0.081466 0.0000 0.001138 0.001382 0.005440 -0.077727 0.057510 -0.135265 40.2910762247 -218.9235249546 203.08147
J157 98NOV16 1998.8747 51133 984 1 141.1 -2000 -0.328159 4461849 0.384865 203 0.099641 0.0000 0.001089 0.001364 0.005205 -0.080274 0.058872 -0.157568 40.2910762100 -218.9235249234 203.09964
J157 98NOV17 1998.8775 51134 984 2 141.1 -2000 -0.331485 4461849 0.388051 203 0.093044 0.0000 0.001114 0.001398 0.005385 -0.023285 0.023095 -0.183247 40.2910762387 -218.9235249626 203.09304
J157 98NOV18 1998.8802 51135 984 3 141.1 -2000 -0.331653 4461849 0.386619 203 0.079603 0.0000 0.001091 0.001332 0.005200 -0.070555 0.014030 -0.173190 40.2910762258 -218.9235249645 203.07960
J157 98NOV19 1998.8830 51136 984 4 141.1 -2000 -0.328021 4461849 0.388053 203 0.093495 0.0000 0.001111 0.001363 0.005252 -0.056491 0.026197 -0.172897 40.2910762387 -218.9235249218 203.09349
J157 98NOV20 1998.8857 51137 984 5 141.1 -2000 -0.329681 4461849 0.386866 203 0.090938 0.0000 0.001119 0.001350 0.005275 -0.092358 0.065847 -0.218441 40.2910762280 -218.9235249414 203.09094
J157 98NOV21 1998.8884 51138 984 6 141.1 -2000 -0.328474 4461849 0.388529 203 0.077840 0.0000 0.001099 0.001337 0.005216 -0.066503 0.034788 -0.161887 40.2910762430 -218.9235249272 203.07784
J157 98NOV22 1998.8912 51139 985 0 141.1 -2000 -0.328310 4461849 0.390264 203 0.089480 0.0000 0.001100 0.001336 0.005304 -0.056826 -0.013037 -0.206216 40.2910762586 -218.9235249252 203.08948
J157 98NOV23 1998.8939 51140 985 1 141.1 -2000 -0.330146 4461849 0.386058 203 0.085805 0.0000 0.001112 0.001368 0.005335 -0.101242 0.067069 -0.204029 40.2910762208 -218.9235249468 203.08581
J157 98NOV24 1998.8966 51141 985 2 141.1 -2000 -0.331174 4461849 0.386576 203 0.095315 0.0000 0.001098 0.001337 0.005102 -0.042108 0.039658 -0.178227 40.2910762254 -218.9235249589 203.09532
J157 98NOV25 1998.8994 51142 985 3 141.1 -2000 -0.329351 4461849 0.385513 203 0.093269 0.0000 0.001163 0.001367 0.005486 -0.065664 -0.046100 -0.210554 40.2910762159 -218.9235249375 203.09327
J157 98NOV26 1998.9021 51143 985 4 141.1 -2000 -0.328261 4461849 0.388369 203 0.089530 0.0000 0.001117 0.001353 0.005259 -0.027452 0.000127 -0.149743 40.2910762416 -218.9235249247 203.08953
J157 98NOV27 1998.9049 51144 985 5 141.1 -2000 -0.328119 4461849 0.386335 203 0.089649 0.0000 0.001101 0.001343 0.005205 -0.061636 0.011997 -0.182893 40.2910762233 -218.9235249230 203.08965
J157 98NOV28 1998.9076 51145 985 6 141.1 -2000 -0.330098 4461849 0.385706 203 0.099710 0.0000 0.001138 0.001375 0.005361 -0.024460 -0.004802 -0.155727 40.2910762176 -218.9235249463 203.09971
J157 98NOV29 1998.9103 51146 986 0 141.1 -2000 -0.328308 4461849 0.389537 203 0.084241 0.0000 0.001088 0.001328 0.005107 -0.061953 0.016002 -0.156750 40.2910762521 -218.9235249252 203.08424
J157 98NOV30 1998.9131 51147 986 1 141.1 -2000 -0.326789 4461849 0.389344 203 0.089308 0.0000 0.001148 0.001356 0.005331 -0.060904 0.062767 -0.188970 40.2910762503 -218.9235249073 203.08931
J157 98DEC01 1998.9158 51148 986 2 141.1 -2000 -0.332507 4461849 0.390209 203 0.088918 0.0000 0.001166 0.001388 0.005389 -0.053170 0.062329 -0.141954 40.2910762581 -218.9235249746 203.08892
J157 98DEC02 1998.9185 51149 986 3 141.1 -2000 -0.330199 4461849 0.391068 203 0.083839 0.0000 0.001118 0.001405 0.005341 -0.048021 0.045182 -0.152120 40.2910762659 -218.9235249475 203.08384
J157 98DEC03 1998.9213 51150 986 4 141.1 -2000 -0.327798 4461849 0.387880 203 0.073966 0.0000 0.001091 0.001328 0.005136 -0.070733 0.025491 -0.196294 40.2910762372 -218.9235249192 203.07397
J157 98DEC04 1998.9240 51151 986 5 141.1 -2000 -0.330125 4461849 0.387827 203 0.079213 0.0000 0.001085 0.001364 0.005100 -0.077440 0.061114 -0.174240 40.2910762367 -218.9235249466 203.07921
J157 98DEC05 1998.9268 51152 986 6 141.1 -2000 -0.334167 4461849 0.385995 203 0.076635 0.0000 0.001134 0.001383 0.005376 -0.117725 0.032141 -0.176874 40.2910762202 -218.9235249941 203.07663
J157 98DEC06 1998.9295 51153 987 0 141.1 -2000 -0.331392 4461849 0.388873 203 0.080232 0.0000 0.001134 0.001367 0.005299 -0.080722 0.073725 -0.182097 40.2910762461 -218.9235249615 203.08023
J157 98DEC07 1998.9322 51154 987 1 141.1 -2000 -0.331834 4461849 0.388113 203 0.089384 0.0000 0.001135 0.001401 0.005414 -0.039119 0.024298 -0.124439 40.2910762393 -218.9235249667 203.08938
J157 98DEC08 1998.9350 51155 987 2 141.1 -2000 -0.337073 4461849 0.389092 203 0.086326 0.0000 0.001178 0.001430 0.005569 -0.060194 0.081486 -0.167099 40.2910762481 -218.9235250283 203.08633
J157 98DEC09 1998.9377 51156 987 3 141.1 -2000 -0.329237 4461849 0.389603 203 0.075728 0.0000 0.001171 0.001447 0.005772 -0.016168 0.007412 -0.158034 40.2910762527 -218.9235249361 203.07573
J157 98DEC10 1998.9405 51157 987 4 141.1 -2000 -0.325229 4461849 0.382056 203 0.084209 0.0000 0.001158 0.001390 0.005493 -0.115520 0.097584 -0.208233 40.2910761847 -218.9235248890 203.08421
J157 98DEC11 1998.9432 51158 987 5 141.1 -2000 -0.333081 4461849 0.388929 203 0.068228 0.0000 0.001141 0.001356 0.005323 -0.065469 0.018180 -0.208857 40.2910762466 -218.9235249813 203.06823
J157 98DEC12 1998.9459 51159 987 6 141.1 -2000 -0.327703 4461849 0.384457 203 0.091183 0.0000 0.001145 0.001354 0.005310 -0.098932 0.040925 -0.207443 40.2910762063 -218.9235249181 203.09118
J157 98DEC13 1998.9487 51160 988 0 141.1 -2000 -0.332916 4461849 0.385111 203 0.096399 0.0000 0.001122 0.001375 0.005331 -0.075389 0.009349 -0.197536 40.2910762122 -218.9235249794 203.09640
J157 98DEC14 1998.9514 51161 988 1 141.1 -2000 -0.330086 4461849 0.384007 203 0.090669 0.0000 0.001179 0.001446 0.005561 -0.071640 0.010022 -0.217545 40.2910762023 -218.9235249461 203.09067
J157 98DEC15 1998.9541 51162 988 2 141.1 -2000 -0.327632 4461849 0.387543 203 0.090469 0.0000 0.001149 0.001436 0.005424 -0.096567 0.064516 -0.156706 40.2910762341 -218.9235249173 203.09047
J157 98DEC16 1998.9569 51163 988 3 141.1 -2000 -0.335698 4461849 0.383221 203 0.087924 0.0000 0.001138 0.001412 0.005525 -0.072286 0.017484 -0.234747 40.2910761952 -218.9235250121 203.08792
J157 98DEC17 1998.9596 51164 988 4 141.1 -2000 -0.330655 4461849 0.391641 203 0.076502 0.0000 0.001135 0.001337 0.005297 -0.065863 0.027134 -0.141124 40.2910762710 -218.9235249528 203.07650
J157 98DEC18 1998.9624 51165 988 5 141.1 -2000 -0.330442 4461849 0.388609 203 0.081434 0.0000 0.001176 0.001492 0.005524 -0.054741 0.034997 -0.232728 40.2910762437 -218.9235249503 203.08143
J157 98DEC19 1998.9651 51166 988 6 141.1 -2000 -0.330205 4461849 0.385898 203 0.088602 0.0000 0.001122 0.001341 0.005252 -0.073004 0.006439 -0.195815 40.2910762193 -218.9235249475 203.08860
J157 98DEC20 1998.9678 51167 989 0 141.1 -2000 -0.332729 4461849 0.390730 203 0.083286 0.0000 0.001121 0.001376 0.005271 -0.085323 0.086416 -0.219476 40.2910762628 -218.9235249772 203.08329
J157 98DEC21 1998.9706 51168 989 1 141.1 -2000 -0.330172 4461849 0.388116 203 0.086808 0.0000 0.001107 0.001356 0.005212 -0.098176 0.061629 -0.213151 40.2910762393 -218.9235249471 203.08681
J157 98DEC22 1998.9733 51169 989 2 141.1 -2000 -0.330162 4461849 0.385532 203 0.084851 0.0000 0.001122 0.001362 0.005332 -0.027610 -0.011114 -0.248854 40.2910762160 -218.9235249470 203.08485
J157 98DEC23 1998.9760 51170 989 3 141.1 -2000 -0.327569 4461849 0.384954 203 0.091958 0.0000 0.001103 0.001346 0.005214 -0.079861 0.040886 -0.171291 40.2910762108 -218.9235249165 203.09196
J157 98DEC24 1998.9788 51171 989 4 141.1 -2000 -0.329993 4461849 0.385405 203 0.097758 0.0000 0.001179 0.001379 0.005463 -0.062797 -0.014448 -0.197154 40.2910762149 -218.9235249450 203.09776
J157 98DEC25 1998.9815 51172 989 5 141.1 -2000 -0.330696 4461849 0.388325 203 0.085846 0.0000 0.001170 0.001425 0.005504 -0.028112 0.025852 -0.147103 40.2910762412 -218.9235249533 203.08585
J157 98DEC26 1998.9843 51173 989 6 141.1 -2000 -0.332528 4461849 0.378256 203 0.079899 0.0000 0.001195 0.001413 0.005664 -0.029168 -0.094492 -0.167696 40.2910761505 -218.9235249748 203.07990
J157 98DEC27 1998.9870 51174 990 0 141.1 -2000 -0.331472 4461849 0.386802 203 0.081481 0.0000 0.001111 0.001380 0.005251 -0.035336 0.045109 -0.184325 40.2910762275 -218.9235249624 203.08148
J157 98DEC28 1998.9897 51175 990 1 141.1 -2000 -0.328976 4461849 0.383848 203 0.110190 0.0000 0.001144 0.001385 0.005275 -0.070767 0.062791 -0.137277 40.2910762009 -218.9235249331 203.11019
J157 98DEC29 1998.9925 51176 990 2 141.1 -2000 -0.332073 4461849 0.389419 203 0.077720 0.0000 0.001115 0.001394 0.005296 -0.056693 0.029450 -0.098428 40.2910762510 -218.9235249695 203.07772
J157 98DEC30 1998.9952 51177 990 3 141.1 -2000 -0.329904 4461849 0.388982 203 0.082488 0.0000 0.001150 0.001404 0.005428 -0.080592 0.026778 -0.128212 40.2910762471 -218.9235249440 203.08249
J157 98DEC31 1998.9979 51178 990 4 141.1 -2000 -0.331086 4461849 0.384337 203 0.079987 0.0000 0.001134 0.001364 0.005259 -0.041222 0.026360 -0.184704 40.2910762053 -218.9235249579 203.07999
J157 99JAN01 1999.0007 51179 990 5 141.1 -2000 -0.331001 4461849 0.383757 203 0.098293 0.0000 0.001179 0.001440 0.005566 -0.026671 -0.031134 -0.191832 40.2910762000 -218.9235249569 203.09829
J157 99JAN02 1999.0034 51180 990 6 141.1 -2000 -0.329310 4461849 0.384558 203 0.099018 0.0000 0.001156 0.001429 0.005443 -0.019995 -0.027804 -0.149188 40.2910762073 -218.9235249370 203.09902
J157 99JAN03 1999.0062 51181 991 0 141.1 -2000 -0.332520 4461849 0.388951 203 0.081258 0.0000 0.001120 0.001387 0.005209 -0.074344 0.006906 -0.146945 40.2910762468 -218.9235249747 203.08126
J157 99JAN04 1999.0089 51182 991 1 141.1 -2000 -0.331031 4461849 0.390111 203 0.076003 0.0000 0.001114 0.001394 0.005284 -0.096623 0.099683 -0.183074 40.2910762573 -218.9235249572 203.07600
J157 99JAN05 1999.0116 51183 991 2 141.1 -2000 -0.330933 4461849 0.389093 203 0.074582 0.0000 0.001117 0.001374 0.005189 -0.093560 0.054567 -0.159570 40.2910762481 -218.9235249561 203.07458
J157 99JAN06 1999.0144 51184 991 3 141.1 -2000 -0.331015 4461849 0.392120 203 0.074392 0.0000 0.001097 0.001341 0.005112 -0.077043 0.025225 -0.126137 40.2910762754 -218.9235249571 203.07439
J157 99JAN07 1999.0171 51185 991 4 141.1 -2000 -0.331004 4461849 0.387503 203 0.069376 0.0000 0.001100 0.001397 0.005212 -0.073103 0.064849 -0.126601 40.2910762338 -218.9235249569 203.06938
J157 99JAN08 1999.0198 51186 991 5 141.1 -2000 -0.331728 4461849 0.385756 203 0.068345 0.0000 0.001116 0.001387 0.005308 -0.068612 0.027002 -0.173950 40.2910762180 -218.9235249654 203.06834
J157 99JAN09 1999.0226 51187 991 6 141.1 -2000 -0.329025 4461849 0.386780 203 0.071694 0.0000 0.001172 0.001455 0.005564 -0.065519 0.014037 -0.128004 40.2910762273 -218.9235249336 203.07169
J157 99JAN10 1999.0253 51188 992 0 141.1 -2000 -0.331397 4461849 0.386353 203 0.074788 0.0000 0.001139 0.001387 0.005309 -0.046296 0.024021 -0.158055 40.2910762234 -218.9235249615 203.07479
J157 99JAN11 1999.0281 51189 992 1 141.1 -2000 -0.332950 4461849 0.386345 203 0.078367 0.0000 0.001179 0.001422 0.005465 -0.006428 -0.021220 -0.104676 40.2910762233 -218.9235249798 203.07837
J157 99JAN12 1999.0308 51190 992 2 141.1 -2000 -0.331860 4461849 0.384274 203 0.084745 0.0000 0.001244 0.001417 0.005503 -0.076881 0.018277 -0.107326 40.2910762047 -218.9235249670 203.08475
J157 99JAN13 1999.0335 51191 992 3 141.1 -2000 -0.331580 4461849 0.383480 203 0.094872 0.0000 0.001110 0.001439 0.005275 -0.099847 0.001812 -0.162770 40.2910761975 -218.9235249637 203.09487
J157 99JAN14 1999.0363 51192 992 4 141.1 -2000 -0.333998 4461849 0.384842 203 0.094706 0.0000 0.001255 0.001499 0.005776 -0.086474 -0.074847 -0.167743 40.2910762098 -218.9235249921 203.09471
J157 99JAN15 1999.0390 51193 992 5 141.1 -2000 -0.331403 4461849 0.385148 203 0.078498 0.0000 0.001089 0.001376 0.005133 -0.076363 0.021492 -0.162059 40.2910762126 -218.9235249616 203.07850
J157 99JAN16 1999.0418 51194 992 6 141.1 -2000 -0.335714 4461849 0.386887 203 0.070721 0.0000 0.001082 0.001309 0.005036 -0.075501 0.007908 -0.173507 40.2910762282 -218.9235250123 203.07072
J157 99JAN17 1999.0445 51195 993 0 141.1 -2000 -0.335399 4461849 0.385274 203 0.084199 0.0000 0.001096 0.001328 0.005036 -0.077623 0.044000 -0.133630 40.2910762137 -218.9235250086 203.08420
J157 99JAN18 1999.0472 51196 993 1 141.1 -2000 -0.332445 4461849 0.383138 203 0.090092 0.0000 0.001097 0.001362 0.005187 -0.100157 0.064100 -0.157463 40.2910761945 -218.9235249738 203.09009
J157 99JAN19 1999.0500 51197 993 2 141.1 -2000 -0.333416 4461849 0.387132 203 0.091039 0.0000 0.001097 0.001341 0.005186 -0.071257 -0.009086 -0.169349 40.2910762304 -218.9235249853 203.09104
J157 99JAN20 1999.0527 51198 993 3 141.1 -2000 -0.338454 4461849 0.387459 203 0.078630 0.0000 0.001139 0.001371 0.005367 -0.065846 -0.001425 -0.148992 40.2910762334 -218.9235250445 203.07863
J157 99JAN21 1999.0554 51199 993 4 141.1 -2000 -0.333194 4461849 0.387910 203 0.086894 0.0000 0.001127 0.001367 0.005354 -0.053129 0.015070 -0.134024 40.2910762374 -218.9235249827 203.08689
J157 99JAN22 1999.0582 51200 993 5 141.1 -2000 -0.331089 4461849 0.384809 203 0.065352 0.0000 0.001090 0.001338 0.005141 -0.066382 0.067483 -0.162539 40.2910762095 -218.9235249579 203.06535
J157 99JAN23 1999.0609 51201 993 6 141.1 -2000 -0.333118 4461849 0.388161 203 0.085398 0.0000 0.001145 0.001393 0.005435 -0.083963 0.007381 -0.145979 40.2910762397 -218.9235249818 203.08540
J157 99JAN24 1999.0637 51202 994 0 141.1 -2000 -0.330898 4461849 0.388904 203 0.089052 0.0000 0.001242 0.001436 0.005813 0.005473 -0.045616 -0.210042 40.2910762464 -218.9235249557 203.08905
J157 99JAN25 1999.0664 51203 994 1 141.1 -2000 -0.331816 4461849 0.384680 203 0.098761 0.0000 0.001179 0.001394 0.005511 -0.041740 -0.030140 -0.165861 40.2910762083 -218.9235249665 203.09876
J157 99JAN26 1999.0691 51204 994 2 141.1 -2000 -0.332688 4461849 0.387324 203 0.076733 0.0000 0.001206 0.001409 0.005530 -0.055361 0.077347 -0.146306 40.2910762322 -218.9235249767 203.07673
J157 99JAN27 1999.0719 51205 994 3 141.1 -2000 -0.333044 4461849 0.385837 203 0.082790 0.0000 0.001142 0.001367 0.005259 -0.065237 0.068438 -0.147095 40.2910762188 -218.9235249809 203.08279
J157 99JAN28 1999.0746 51206 994 4 141.1 -2000 -0.327794 4461849 0.385870 203 0.089059 0.0000 0.001125 0.001332 0.005202 -0.048347 -0.011126 -0.163830 40.2910762191 -218.9235249192 203.08906
J157 99JAN29 1999.0773 51207 994 5 141.1 -2000 -0.330587 4461849 0.385051 203 0.085311 0.0000 0.001177 0.001395 0.005494 -0.047733 -0.025237 -0.165776 40.2910762117 -218.9235249520 203.08531
J157 99JAN30 1999.0801 51208 994 6 141.1 -2000 -0.328950 4461849 0.387965 203 0.088129 0.0000 0.001125 0.001382 0.005195 -0.080109 0.021625 -0.145749 40.2910762379 -218.9235249328 203.08813
J157 99JAN31 1999.0828 51209 995 0 141.1 -2000 -0.336252 4461849 0.386262 203 0.086655 0.0000 0.001156 0.001350 0.005347 -0.060056 -0.001956 -0.143035 40.2910762226 -218.9235250186 203.08665
J157 99FEB01 1999.0856 51210 995 1 141.1 -2000 -0.334085 4461849 0.384107 203 0.069655 0.0000 0.001116 0.001320 0.005076 -0.063189 0.018824 -0.155984 40.2910762032 -218.9235249931 203.06966
J157 99FEB02 1999.0883 51211 995 2 141.1 -2000 -0.328206 4461849 0.383983 203 0.071574 0.0000 0.001158 0.001349 0.005349 -0.035204 -0.014895 -0.176987 40.2910762021 -218.9235249240 203.07157
J157 99FEB03 1999.0910 51212 995 3 141.1 -2000 -0.329306 4461849 0.384215 203 0.075664 0.0000 0.001152 0.001340 0.005244 -0.042674 -0.002800 -0.161008 40.2910762042 -218.9235249369 203.07566
J157 99FEB04 1999.0938 51213 995 4 141.1 -2000 -0.328292 4461849 0.383343 203 0.095955 0.0000 0.001150 0.001331 0.005269 -0.081055 -0.042466 -0.176499 40.2910761963 -218.9235249250 203.09595
J157 99FEB05 1999.0965 51214 995 5 141.1 -2000 -0.332306 4461849 0.381982 203 0.086387 0.0000 0.001165 0.001361 0.005400 -0.071778 0.033300 -0.202458 40.2910761841 -218.9235249722 203.08639
J157 99FEB06 1999.0992 51215 995 6 141.1 -2000 -0.332064 4461849 0.381478 203 0.087787 0.0000 0.001132 0.001339 0.005130 -0.084404 -0.004042 -0.149494 40.2910761795 -218.9235249694 203.08779
J157 99FEB07 1999.1020 51216 996 0 141.1 -2000 -0.327510 4461849 0.382954 203 0.075966 0.0000 0.001150 0.001336 0.005266 -0.043247 -0.049678 -0.181950 40.2910761928 -218.9235249158 203.07597
J157 99FEB08 1999.1047 51217 996 1 141.1 -2000 -0.330248 4461849 0.381460 203 0.087365 0.0000 0.001100 0.001303 0.004996 -0.050931 -0.017610 -0.173761 40.2910761794 -218.9235249480 203.08736
J157 99FEB09 1999.1075 51218 996 2 141.1 -2000 -0.329960 4461849 0.382265 203 0.082237 0.0000 0.001151 0.001372 0.005412 -0.066482 -0.005405 -0.133544 40.2910761866 -218.9235249446 203.08224
J157 99FEB10 1999.1102 51219 996 3 141.1 -2000 -0.328947 4461849 0.382394 203 0.086597 0.0000 0.001115 0.001331 0.005164 -0.075376 -0.022570 -0.155790 40.2910761878 -218.9235249327 203.08660
J157 99FEB11 1999.1129 51220 996 4 141.1 -2000 -0.331641 4461849 0.384465 203 0.076486 0.0000 0.001144 0.001423 0.005309 -0.101001 0.051433 -0.179437 40.2910762064 -218.9235249644 203.07649
J157 99FEB12 1999.1157 51221 996 5 141.1 -2000 -0.331122 4461849 0.383853 203 0.081487 0.0000 0.001197 0.001445 0.005613 -0.058358 -0.015680 -0.163257 40.2910762009 -218.9235249583 203.08149
J157 99FEB13 1999.1184 51222 996 6 141.1 -2000 -0.330129 4461849 0.388788 203 0.071910 0.0000 0.001135 0.001404 0.005299 -0.045162 0.008809 -0.140365 40.2910762453 -218.9235249466 203.07191
J157 99FEB14 1999.1211 51223 997 0 141.1 -2000 -0.329167 4461849 0.384569 203 0.102853 0.0000 0.001184 0.001397 0.005564 -0.064862 0.044899 -0.129865 40.2910762073 -218.9235249353 203.10285
J157 99FEB15 1999.1239 51224 997 1 141.1 -2000 -0.328246 4461849 0.387011 203 0.114513 0.0000 0.001166 0.001385 0.005424 -0.067807 -0.000730 -0.174519 40.2910762293 -218.9235249245 203.11451
J157 99FEB16 1999.1266 51225 997 2 141.1 -2000 -0.327454 4461849 0.385320 203 0.093414 0.0000 0.001184 0.001379 0.005448 -0.065990 -0.002748 -0.150480 40.2910762141 -218.9235249152 203.09341
J157 99FEB17 1999.1294 51226 997 3 141.1 -2000 -0.333117 4461849 0.383613 203 0.080955 0.0000 0.001186 0.001406 0.005582 -0.042396 0.029230 -0.168093 40.2910761987 -218.9235249817 203.08095
J157 99FEB18 1999.1321 51227 997 4 141.1 -2000 -0.338636 4461849 0.381973 203 0.095973 0.0000 0.001138 0.001360 0.005250 -0.046276 0.073682 -0.146909 40.2910761840 -218.9235250467 203.09597
J157 99FEB19 1999.1348 51228 997 5 141.1 -2000 -0.323330 4461849 0.383741 203 0.089485 0.0000 0.001244 0.001404 0.005751 -0.056014 0.013847 -0.168625 40.2910761999 -218.9235248667 203.08949
J157 99FEB20 1999.1376 51229 997 6 141.1 -2000 -0.328081 4461849 0.384771 203 0.086799 0.0000 0.001157 0.001349 0.005274 -0.026837 -0.017009 -0.110845 40.2910762092 -218.9235249225 203.08680
J157 99FEB21 1999.1403 51230 998 0 141.1 -2000 -0.329137 4461849 0.386185 203 0.088901 0.0000 0.001091 0.001331 0.005095 -0.059979 -0.015424 -0.200183 40.2910762219 -218.9235249349 203.08890
J157 99FEB22 1999.1431 51231 998 1 141.1 -2000 -0.332431 4461849 0.387231 203 0.082933 0.0000 0.001113 0.001327 0.005147 -0.075977 -0.016393 -0.161584 40.2910762313 -218.9235249737 203.08293
J157 99FEB23 1999.1458 51232 998 2 141.1 -2000 -0.332477 4461849 0.383321 203 0.082492 0.0000 0.001082 0.001290 0.004998 -0.060801 0.017994 -0.191134 40.2910761961 -218.9235249742 203.08249
J157 99FEB24 1999.1485 51233 998 3 141.1 -2000 -0.331095 4461849 0.382220 203 0.071508 0.0000 0.001094 0.001309 0.005063 -0.071730 -0.018091 -0.168105 40.2910761862 -218.9235249580 203.07151
J157 99FEB25 1999.1513 51234 998 4 141.1 -2000 -0.331177 4461849 0.384425 203 0.083907 0.0000 0.001105 0.001333 0.005228 -0.036418 0.022319 -0.187010 40.2910762060 -218.9235249589 203.08391
J157 99FEB26 1999.1540 51235 998 5 141.1 -2000 -0.335269 4461849 0.384619 203 0.080573 0.0000 0.001111 0.001365 0.005148 -0.084340 0.021043 -0.189177 40.2910762078 -218.9235250071 203.08057
J157 99FEB27 1999.1567 51236 998 6 141.1 -2000 -0.335475 4461849 0.381833 203 0.082671 0.0000 0.001163 0.001373 0.005492 -0.065419 -0.034308 -0.229724 40.2910761827 -218.9235250095 203.08267
J157 99FEB28 1999.1595 51237 999 0 141.1 -2000 -0.333559 4461849 0.384077 203 0.085637 0.0000 0.001110 0.001335 0.005216 -0.067815 -0.013639 -0.173238 40.2910762029 -218.9235249870 203.08564
J157 99MAR01 1999.1622 51238 999 1 141.1 -2000 -0.331921 4461849 0.383650 203 0.095194 0.0000 0.001395 0.001579 0.006321 -0.084974 -0.012656 -0.233722 40.2910761991 -218.9235249677 203.09519
J157 99MAR02 1999.1650 51239 999 2 141.1 -2000 -0.333001 4461849 0.382829 203 0.081486 0.0000 0.001178 0.001363 0.005512 -0.037957 0.022752 -0.179157 40.2910761917 -218.9235249804 203.08149
J157 99MAR03 1999.1677 51240 999 3 141.1 -2000 -0.329059 4461849 0.383320 203 0.084118 0.0000 0.001098 0.001349 0.005264 -0.078783 0.081886 -0.198528 40.2910761961 -218.9235249340 203.08412
J157 99MAR04 1999.1704 51241 999 4 141.1 -2000 -0.329300 4461849 0.382157 203 0.085555 0.0000 0.001101 0.001314 0.005139 -0.089401 0.033521 -0.170721 40.2910761856 -218.9235249369 203.08556
J157 99MAR05 1999.1732 51242 999 5 141.1 -2000 -0.333156 4461849 0.382082 203 0.103460 0.0000 0.001126 0.001356 0.005332 -0.048828 0.018272 -0.161417 40.2910761850 -218.9235249822 203.10346
J157 99MAR06 1999.1759 51243 999 6 141.1 -2000 -0.332039 4461849 0.385676 203 0.099137 0.0000 0.001129 0.001340 0.005341 -0.082323 0.073619 -0.254241 40.2910762173 -218.9235249691 203.09914
J157 99MAR07 1999.1786 51244 1000 0 141.1 -2000 -0.328692 4461849 0.381129 203 0.086069 0.0000 0.001117 0.001350 0.005245 -0.093995 0.046955 -0.205534 40.2910761764 -218.9235249297 203.08607
J157 99MAR08 1999.1814 51245 1000 1 141.1 -2000 -0.329917 4461849 0.380584 203 0.093386 0.0000 0.001120 0.001352 0.005313 -0.107370 0.052071 -0.211152 40.2910761715 -218.9235249441 203.09339
J157 99MAR09 1999.1841 51246 1000 2 141.1 -2000 -0.331688 4461849 0.384276 203 0.093433 0.0000 0.001111 0.001349 0.005221 -0.120713 0.097398 -0.202317 40.2910762047 -218.9235249650 203.09343
J157 99MAR10 1999.1869 51247 1000 3 141.1 -2000 -0.332665 4461849 0.383121 203 0.083432 0.0000 0.001129 0.001331 0.005319 -0.108190 0.072821 -0.211950 40.2910761943 -218.9235249764 203.08343
J157 99MAR11 1999.1896 51248 1000 4 141.1 -2000 -0.332718 4461849 0.384852 203 0.078780 0.0000 0.001109 0.001332 0.005175 -0.070564 0.039409 -0.194677 40.2910762099 -218.9235249771 203.07878
J157 99MAR12 1999.1923 51249 1000 5 141.1 -2000 -0.330359 4461849 0.382232 203 0.084359 0.0000 0.001100 0.001319 0.005102 -0.088673 0.005848 -0.129782 40.2910761863 -218.9235249493 203.08436
J157 99MAR13 1999.1951 51250 1000 6 141.1 -2000 -0.332073 4461849 0.378912 203 0.091032 0.0000 0.001103 0.001352 0.005145 -0.118422 0.010848 -0.184108 40.2910761564 -218.9235249695 203.09103
J157 99MAR14 1999.1978 51251 1001 0 141.1 -2000 -0.330076 4461849 0.381463 203 0.087555 0.0000 0.001099 0.001345 0.005159 -0.078431 0.056731 -0.140397 40.2910761794 -218.9235249460 203.08756
J157 99MAR15 1999.2005 51252 1001 1 141.1 -2000 -0.333888 4461849 0.383366 203 0.074892 0.0000 0.001118 0.001370 0.005248 -0.086829 0.056046 -0.158663 40.2910761965 -218.9235249908 203.07489
J157 99MAR16 1999.2033 51253 1001 2 141.1 -2000 -0.326539 4461849 0.380690 203 0.083816 0.0000 0.001125 0.001407 0.005291 -0.114095 0.044210 -0.190832 40.2910761724 -218.9235249044 203.08382
J157 99MAR17 1999.2060 51254 1001 3 141.1 -2000 -0.330284 4461849 0.382871 203 0.091524 0.0000 0.001108 0.001370 0.005198 -0.072798 0.009229 -0.142341 40.2910761921 -218.9235249484 203.09152
J157 99MAR18 1999.2088 51255 1001 4 141.1 -2000 -0.326654 4461849 0.377970 203 0.091262 0.0000 0.001108 0.001361 0.005233 -0.064057 0.039036 -0.126663 40.2910761479 -218.9235249057 203.09126
J157 99MAR19 1999.2115 51256 1001 5 141.1 -2000 -0.326587 4461849 0.380064 203 0.069983 0.0000 0.001131 0.001376 0.005342 -0.077896 0.035764 -0.151943 40.2910761668 -218.9235249049 203.06998
J157 99MAR20 1999.2142 51257 1001 6 141.1 -2000 -0.326699 4461849 0.376042 203 0.082054 0.0000 0.001151 0.001391 0.005402 -0.089256 0.025392 -0.176609 40.2910761306 -218.9235249062 203.08205
J157 99MAR21 1999.2170 51258 1002 0 141.1 -2000 -0.326681 4461849 0.375465 203 0.075505 0.0000 0.001130 0.001407 0.005462 -0.086020 0.058505 -0.137916 40.2910761254 -218.9235249060 203.07551
J157 99MAR22 1999.2197 51259 1002 1 141.1 -2000 -0.328760 4461849 0.376756 203 0.076882 0.0000 0.001091 0.001361 0.005137 -0.098050 0.046298 -0.130286 40.2910761370 -218.9235249305 203.07688
J157 99MAR23 1999.2225 51260 1002 2 141.1 -2000 -0.326792 4461849 0.375272 203 0.062240 0.0000 0.001133 0.001355 0.005228 -0.055655 -0.001085 -0.168745 40.2910761236 -218.9235249073 203.06224
J157 99MAR24 1999.2252 51261 1002 3 141.1 -2000 -0.329491 4461849 0.372027 203 0.078427 0.0000 0.001104 0.001377 0.005256 -0.091933 0.038976 -0.170821 40.2910760944 -218.9235249391 203.07843
J157 99MAR25 1999.2279 51262 1002 4 141.1 -2000 -0.328584 4461849 0.374286 203 0.080119 0.0000 0.001138 0.001373 0.005433 -0.062189 -0.017038 -0.203205 40.2910761147 -218.9235249284 203.08012
J157 99MAR26 1999.2307 51263 1002 5 141.1 -2000 -0.329835 4461849 0.375838 203 0.087967 0.0000 0.001188 0.001424 0.005562 -0.152180 0.101919 -0.172712 40.2910761287 -218.9235249431 203.08797
J157 99MAR27 1999.2334 51264 1002 6 141.1 -2000 -0.329522 4461849 0.380767 203 0.080412 0.0000 0.001108 0.001373 0.005185 -0.105036 0.046905 -0.143736 40.2910761731 -218.9235249395 203.08041
J157 99MAR28 1999.2361 51265 1003 0 141.1 -2000 -0.333261 4461849 0.378871 203 0.084213 0.0000 0.001125 0.001373 0.005331 -0.075018 0.034654 -0.185567 40.2910761560 -218.9235249834 203.08421
J157 99MAR29 1999.2389 51266 1003 1 141.1 -2000 -0.335144 4461849 0.377057 203 0.089612 0.0000 0.001124 0.001388 0.005359 -0.060621 0.021906 -0.163617 40.2910761397 -218.9235250056 203.08961
J157 99MAR30 1999.2416 51267 1003 2 141.1 -2000 -0.330669 4461849 0.377089 203 0.085646 0.0000 0.001106 0.001358 0.005212 -0.102250 0.042171 -0.198270 40.2910761400 -218.9235249529 203.08565
J157 99MAR31 1999.2444 51268 1003 3 141.1 -2000 -0.332093 4461849 0.376324 203 0.098918 0.0000 0.001176 0.001441 0.005438 -0.123949 0.017949 -0.186631 40.2910761331 -218.9235249697 203.09892
J157 99APR01 1999.2471 51269 1003 4 141.1 -2000 -0.337676 4461849 0.379100 203 0.063551 0.0000 0.001152 0.001372 0.005270 -0.096174 0.048448 -0.166449 40.2910761581 -218.9235250354 203.06355
J157 99APR02 1999.2498 51270 1003 5 141.1 -2000 -0.328447 4461849 0.375886 203 0.069914 0.0000 0.001095 0.001346 0.005144 -0.064362 0.008025 -0.196427 40.2910761292 -218.9235249268 203.06991
J157 99APR03 1999.2526 51271 1003 6 141.1 -2000 -0.330640 4461849 0.379154 203 0.087625 0.0000 0.001107 0.001351 0.005202 -0.074258 0.030357 -0.162699 40.2910761586 -218.9235249526 203.08763
J157 99APR04 1999.2553 51272 1004 0 141.1 -2000 -0.332698 4461849 0.378577 203 0.077365 0.0000 0.001095 0.001333 0.005073 -0.069808 0.058177 -0.138523 40.2910761534 -218.9235249768 203.07736
J157 99APR05 1999.2580 51273 1004 1 141.1 -2000 -0.332126 4461849 0.379146 203 0.082303 0.0000 0.001100 0.001361 0.005145 -0.067323 -0.005831 -0.157330 40.2910761585 -218.9235249701 203.08230
J157 99APR06 1999.2608 51274 1004 2 141.1 -2000 -0.328152 4461849 0.377681 203 0.076528 0.0000 0.001092 0.001391 0.005058 -0.082634 0.007974 -0.096342 40.2910761453 -218.9235249233 203.07653
J157 99APR07 1999.2635 51275 1004 3 141.1 -2000 -0.328664 4461849 0.378334 203 0.072180 0.0000 0.001091 0.001352 0.005071 -0.098908 0.030484 -0.189945 40.2910761512 -218.9235249294 203.07218
J157 99APR08 1999.2663 51276 1004 4 141.1 -2000 -0.329649 4461849 0.375508 203 0.085251 0.0000 0.001103 0.001385 0.005245 -0.094680 0.043903 -0.236373 40.2910761257 -218.9235249409 203.08525
J157 99APR09 1999.2690 51277 1004 5 141.1 -2000 -0.329193 4461849 0.376516 203 0.086652 0.0000 0.001124 0.001373 0.005292 -0.078199 0.070716 -0.190518 40.2910761348 -218.9235249356 203.08665
J157 99APR10 1999.2717 51278 1004 6 141.1 -2000 -0.331037 4461849 0.377044 203 0.086451 0.0000 0.001056 0.001285 0.004877 -0.083936 0.043414 -0.180039 40.2910761396 -218.9235249573 203.08645
J157 99APR11 1999.2745 51279 1005 0 141.1 -2000 -0.326755 4461849 0.376676 203 0.081088 0.0000 0.001072 0.001313 0.004989 -0.093357 0.027791 -0.191024 40.2910761363 -218.9235249069 203.08109
J157 99APR12 1999.2772 51280 1005 1 141.1 -2000 -0.332022 4461849 0.375217 203 0.094670 0.0000 0.001081 0.001298 0.004996 -0.070026 -0.004199 -0.178838 40.2910761231 -218.9235249688 203.09467
J157 99APR13 1999.2799 51281 1005 2 141.1 -2000 -0.329935 4461849 0.368846 203 0.080398 0.0000 0.001082 0.001363 0.005131 -0.071226 0.014214 -0.180368 40.2910760657 -218.9235249443 203.08040
J157 99APR14 1999.2827 51282 1005 3 141.1 -2000 -0.329846 4461849 0.377374 203 0.097781 0.0000 0.001077 0.001307 0.005025 -0.078997 0.049294 -0.193338 40.2910761425 -218.9235249433 203.09778
J157 99APR15 1999.2854 51283 1005 4 141.1 -2000 -0.329162 4461849 0.375715 203 0.090409 0.0000 0.001084 0.001308 0.005036 -0.079515 -0.024361 -0.195562 40.2910761276 -218.9235249352 203.09041
J157 99APR16 1999.2882 51284 1005 5 141.1 -2000 -0.329288 4461849 0.377221 203 0.089050 0.0000 0.001127 0.001328 0.005242 -0.099024 0.078573 -0.199286 40.2910761412 -218.9235249367 203.08905
J157 99APR17 1999.2909 51285 1005 6 141.1 -2000 -0.331710 4461849 0.376962 203 0.080467 0.0000 0.001101 0.001366 0.005146 -0.115439 0.061412 -0.201639 40.2910761388 -218.9235249652 203.08047
J157 99APR18 1999.2936 51286 1006 0 141.1 -2000 -0.329287 4461849 0.374858 203 0.084633 0.0000 0.001107 0.001315 0.005179 -0.062516 0.062780 -0.177011 40.2910761199 -218.9235249367 203.08463
J157 99APR19 1999.2964 51287 1006 1 141.1 -2000 -0.329859 4461849 0.375893 203 0.082472 0.0000 0.001080 0.001294 0.005046 -0.069350 -0.000084 -0.188997 40.2910761292 -218.9235249434 203.08247
J157 99APR20 1999.2991 51288 1006 2 141.1 -2000 -0.331054 4461849 0.377289 203 0.089404 0.0000 0.001100 0.001361 0.005045 -0.114549 0.023476 -0.172028 40.2910761418 -218.9235249575 203.08940
J157 99APR21 1999.3018 51289 1006 3 141.1 -2000 -0.327897 4461849 0.377829 203 0.082734 0.0000 0.001105 0.001372 0.005198 -0.096751 0.014665 -0.199513 40.2910761467 -218.9235249203 203.08273
J157 99APR22 1999.3046 51290 1006 4 141.1 -2000 -0.329007 4461849 0.377206 203 0.088217 0.0000 0.001092 0.001341 0.005022 -0.086225 0.047768 -0.172450 40.2910761410 -218.9235249334 203.08822
J157 99APR23 1999.3073 51291 1006 5 141.1 -2000 -0.328928 4461849 0.376916 203 0.096548 0.0000 0.001160 0.001400 0.005440 -0.096967 0.012670 -0.235578 40.2910761384 -218.9235249325 203.09655
J157 99APR24 1999.3101 51292 1006 6 141.1 -2000 -0.327974 4461849 0.376487 203 0.093619 0.0000 0.001139 0.001395 0.005371 -0.118388 0.039890 -0.232163 40.2910761346 -218.9235249213 203.09362
J157 99APR25 1999.3128 51293 1007 0 141.1 -2000 -0.329230 4461849 0.376835 203 0.099460 0.0000 0.001159 0.001407 0.005500 -0.119007 0.104285 -0.240087 40.2910761377 -218.9235249360 203.09946
J157 99APR26 1999.3155 51294 1007 1 141.1 -2000 -0.331924 4461849 0.377634 203 0.095624 0.0000 0.001094 0.001349 0.005079 -0.107586 0.043288 -0.196865 40.2910761449 -218.9235249677 203.09562
J157 99APR27 1999.3183 51295 1007 2 141.1 -2000 -0.330551 4461849 0.379656 203 0.091006 0.0000 0.001112 0.001316 0.005183 -0.076342 0.051687 -0.175810 40.2910761631 -218.9235249516 203.09101
J157 99APR28 1999.3210 51296 1007 3 141.1 -2000 -0.327801 4461849 0.374944 203 0.096751 0.0000 0.001092 0.001328 0.005141 -0.083701 0.026973 -0.200329 40.2910761207 -218.9235249192 203.09675
J157 99APR29 1999.3238 51297 1007 4 141.1 -2000 -0.330856 4461849 0.379714 203 0.078997 0.0000 0.001124 0.001319 0.005133 -0.080204 0.004283 -0.179816 40.2910761636 -218.9235249551 203.07900
J157 99APR30 1999.3265 51298 1007 5 141.1 -2000 -0.330919 4461849 0.375764 203 0.083231 0.0000 0.001083 0.001302 0.005021 -0.075950 0.015181 -0.176235 40.2910761281 -218.9235249559 203.08323
J157 99MAY01 1999.3292 51299 1007 6 141.1 -2000 -0.327742 4461849 0.375029 203 0.097896 0.0000 0.001127 0.001357 0.005377 -0.100143 0.002210 -0.180379 40.2910761214 -218.9235249185 203.09790
J157 99MAY02 1999.3320 51300 1008 0 141.1 -2000 -0.331817 4461849 0.378674 203 0.089484 0.0000 0.001081 0.001299 0.004992 -0.106978 0.051142 -0.214290 40.2910761543 -218.9235249664 203.08948
J157 99MAY03 1999.3347 51301 1008 1 141.1 -2000 -0.329087 4461849 0.377497 203 0.096535 0.0000 0.001151 0.001352 0.005456 -0.003144 0.001644 -0.195398 40.2910761437 -218.9235249343 203.09653
J157 99MAY04 1999.3374 51302 1008 2 141.1 -2000 -0.327720 4461849 0.376107 203 0.109493 0.0000 0.001163 0.001341 0.005393 -0.077468 0.045713 -0.216694 40.2910761311 -218.9235249183 203.10949
J157 99MAY05 1999.3402 51303 1008 3 141.1 -2000 -0.329703 4461849 0.377244 203 0.105662 0.0000 0.001101 0.001376 0.005251 -0.045940 0.014973 -0.169516 40.2910761414 -218.9235249416 203.10566
J157 99MAY06 1999.3429 51304 1008 4 141.1 -2000 -0.329251 4461849 0.377037 203 0.095314 0.0000 0.001088 0.001328 0.005101 -0.098331 0.073223 -0.171847 40.2910761395 -218.9235249363 203.09531
J157 99MAY07 1999.3457 51305 1008 5 141.1 -2000 -0.331515 4461849 0.376264 203 0.089488 0.0000 0.001087 0.001309 0.005056 -0.084906 0.063773 -0.168500 40.2910761326 -218.9235249629 203.08949
J157 99MAY08 1999.3484 51306 1008 6 141.1 -2000 -0.325398 4461849 0.377295 203 0.090379 0.0000 0.001085 0.001301 0.005072 -0.079805 0.005810 -0.162514 40.2910761418 -218.9235248909 203.09038
J157 99MAY09 1999.3511 51307 1009 0 141.1 -2000 -0.328538 4461849 0.378584 203 0.101780 0.0000 0.001150 0.001341 0.005392 -0.095966 0.009462 -0.183312 40.2910761534 -218.9235249279 203.10178
J157 99MAY10 1999.3539 51308 1009 1 141.1 -2000 -0.328786 4461849 0.377506 203 0.094193 0.0000 0.001110 0.001308 0.005169 -0.087674 0.040285 -0.163900 40.2910761437 -218.9235249308 203.09419
J157 99MAY11 1999.3566 51309 1009 2 141.1 -2000 -0.327128 4461849 0.375323 203 0.090476 0.0000 0.001101 0.001323 0.005119 -0.066629 0.020327 -0.173082 40.2910761241 -218.9235249113 203.09048
J157 99MAY12 1999.3593 51310 1009 3 141.1 -2000 -0.328137 4461849 0.379842 203 0.087470 0.0000 0.001135 0.001357 0.005287 -0.087323 0.002705 -0.165962 40.2910761648 -218.9235249232 203.08747
J157 99MAY13 1999.3621 51311 1009 4 141.1 -2000 -0.328549 4461849 0.378216 203 0.101875 0.0000 0.001110 0.001352 0.005284 -0.084551 0.030509 -0.214451 40.2910761501 -218.9235249280 203.10187
J157 99MAY14 1999.3648 51312 1009 5 141.1 -2000 -0.328721 4461849 0.377200 203 0.100743 0.0000 0.001154 0.001351 0.005367 -0.044810 -0.043446 -0.182488 40.2910761410 -218.9235249300 203.10074
J157 99MAY15 1999.3676 51313 1009 6 141.1 -2000 -0.330543 4461849 0.378756 203 0.097041 0.0000 0.001110 0.001392 0.005237 -0.080427 0.031327 -0.109864 40.2910761550 -218.9235249515 203.09704
J157 99MAY16 1999.3703 51314 1010 0 141.1 -2000 -0.329664 4461849 0.378675 203 0.095185 0.0000 0.001122 0.001354 0.005274 -0.052524 0.055250 -0.160753 40.2910761543 -218.9235249411 203.09519
J157 99MAY17 1999.3730 51315 1010 1 141.1 -2000 -0.329924 4461849 0.376422 203 0.083691 0.0000 0.001103 0.001369 0.005166 -0.076224 0.042123 -0.164234 40.2910761340 -218.9235249442 203.08369
J157 99MAY18 1999.3758 51316 1010 2 141.1 -2000 -0.329181 4461849 0.374378 203 0.089014 0.0000 0.001105 0.001364 0.005187 -0.064934 0.030785 -0.189006 40.2910761156 -218.9235249354 203.08901
J157 99MAY19 1999.3785 51317 1010 3 141.1 -2000 -0.336287 4461849 0.376645 203 0.101303 0.0000 0.001120 0.001392 0.005408 -0.064238 -0.007799 -0.108848 40.2910761360 -218.9235250190 203.10130
J157 99MAY20 1999.3812 51318 1010 4 141.1 -2000 -0.334319 4461849 0.377411 203 0.078578 0.0000 0.001146 0.001419 0.005487 -0.066756 -0.054942 -0.147015 40.2910761429 -218.9235249959 203.07858
J157 99MAY21 1999.3840 51319 1010 5 141.1 -2000 -0.332009 4461849 0.376743 203 0.095315 0.0000 0.001183 0.001463 0.005526 -0.069235 -0.040068 -0.137049 40.2910761369 -218.9235249687 203.09532
J157 99MAY22 1999.3867 51320 1010 6 141.1 -2000 -0.331043 4461849 0.378623 203 0.097838 0.0000 0.001142 0.001385 0.005395 -0.072750 0.003707 -0.122600 40.2910761538 -218.9235249573 203.09784
J157 99MAY23 1999.3895 51321 1011 0 141.1 -2000 -0.329000 4461849 0.376775 203 0.087609 0.0000 0.001149 0.001476 0.005462 -0.050819 0.062771 -0.133406 40.2910761372 -218.9235249333 203.08761
J157 99MAY24 1999.3922 51322 1011 1 141.1 -2000 -0.331810 4461849 0.376652 203 0.109025 0.0000 0.001144 0.001397 0.005482 -0.102839 0.031043 -0.154693 40.2910761360 -218.9235249664 203.10902
J157 99MAY25 1999.3949 51323 1011 2 141.1 -2000 -0.333545 4461849 0.376280 203 0.107546 0.0000 0.001136 0.001372 0.005435 -0.094860 0.069304 -0.167805 40.2910761327 -218.9235249868 203.10755
J157 99MAY26 1999.3977 51324 1011 3 141.1 -2000 -0.329215 4461849 0.376789 203 0.117101 0.0000 0.001219 0.001527 0.005841 -0.088368 0.066366 -0.098799 40.2910761373 -218.9235249358 203.11710
J157 99MAY27 1999.4004 51325 1011 4 141.1 -2000 -0.333655 4461849 0.373946 203 0.100377 0.0000 0.001143 0.001415 0.005410 -0.112079 0.009907 -0.197341 40.2910761117 -218.9235249880 203.10038
J157 99MAY28 1999.4031 51326 1011 5 141.1 -2000 -0.335341 4461849 0.373584 203 0.105657 0.0000 0.001205 0.001450 0.005658 -0.093733 -0.018005 -0.195519 40.2910761084 -218.9235250079 203.10566
J157 99MAY29 1999.4059 51327 1011 6 141.1 -2000 -0.330448 4461849 0.377685 203 0.095639 0.0000 0.001273 0.001489 0.006106 -0.141009 0.089223 -0.150550 40.2910761454 -218.9235249503 203.09564
J157 99MAY30 1999.4086 51328 1012 0 141.1 -2000 -0.329602 4461849 0.375450 203 0.106701 0.0000 0.001167 0.001491 0.005667 -0.047877 0.042501 -0.074785 40.2910761252 -218.9235249404 203.10670
J157 99MAY31 1999.4114 51329 1012 1 141.1 -2000 -0.331236 4461849 0.379455 203 0.088403 0.0000 0.001114 0.001398 0.005333 -0.085898 -0.001976 -0.122362 40.2910761613 -218.9235249596 203.08840
J157 99JUN01 1999.4141 51330 1012 2 141.1 -2000 -0.332440 4461849 0.377147 203 0.088376 0.0000 0.001164 0.001529 0.005561 -0.048150 -0.014438 -0.071327 40.2910761405 -218.9235249738 203.08838
J157 99JUN02 1999.4168 51331 1012 3 141.1 -2000 -0.330775 4461849 0.378153 203 0.102924 0.0000 0.001169 0.001463 0.005568 -0.058743 0.018754 -0.105313 40.2910761496 -218.9235249542 203.10292
J157 99JUN03 1999.4196 51332 1012 4 141.1 -2000 -0.332264 4461849 0.377822 203 0.092630 0.0000 0.001238 0.001505 0.006064 -0.078660 -0.039790 -0.130229 40.2910761466 -218.9235249717 203.09263
J157 99JUN04 1999.4223 51333 1012 5 141.1 -2000 -0.334727 4461849 0.375860 203 0.094736 0.0000 0.001159 0.001411 0.005565 -0.008631 -0.068129 -0.139062 40.2910761289 -218.9235250007 203.09474
J157 99JUN05 1999.4251 51334 1012 6 141.1 -2000 -0.334207 4461849 0.380520 203 0.084648 0.0000 0.001253 0.001508 0.006063 -0.042451 0.058685 -0.143502 40.2910761709 -218.9235249946 203.08465
J157 99JUN06 1999.4278 51335 1013 0 141.1 -2000 -0.334472 4461849 0.376556 203 0.102168 0.0000 0.001143 0.001422 0.005458 -0.038949 -0.017854 -0.168947 40.2910761352 -218.9235249977 203.10217
J157 99JUN07 1999.4305 51336 1013 1 141.1 -2000 -0.332057 4461849 0.377016 203 0.111437 0.0000 0.001154 0.001450 0.005594 -0.072084 0.026470 -0.197037 40.2910761393 -218.9235249693 203.11144
J157 99JUN08 1999.4333 51337 1013 2 141.1 -2000 -0.329813 4461849 0.377265 203 0.097621 0.0000 0.001128 0.001438 0.005374 -0.029731 0.032920 -0.158657 40.2910761416 -218.9235249429 203.09762
J157 99JUN09 1999.4360 51338 1013 3 141.1 -2000 -0.329801 4461849 0.378216 203 0.103680 0.0000 0.001136 0.001414 0.005517 -0.049697 -0.005031 -0.217175 40.2910761501 -218.9235249427 203.10368
J157 99JUN10 1999.4387 51339 1013 4 141.1 -2000 -0.332500 4461849 0.379553 203 0.096361 0.0000 0.001128 0.001402 0.005416 -0.063124 -0.015079 -0.169112 40.2910761622 -218.9235249745 203.09636
J157 99JUN11 1999.4415 51340 1013 5 141.1 -2000 -0.332676 4461849 0.379402 203 0.087887 0.0000 0.001206 0.001483 0.005791 -0.024501 -0.018948 -0.189682 40.2910761608 -218.9235249766 203.08789
J157 99JUN12 1999.4442 51341 1013 6 141.1 -2000 -0.332403 4461849 0.380053 203 0.095820 0.0000 0.001210 0.001538 0.006029 -0.014413 0.050019 -0.180053 40.2910761667 -218.9235249733 203.09582
J157 99JUN13 1999.4470 51342 1014 0 141.1 -2000 -0.330617 4461849 0.375735 203 0.087230 0.0000 0.001236 0.001597 0.005876 -0.014998 0.047313 -0.184100 40.2910761278 -218.9235249523 203.08723
J157 99JUN14 1999.4497 51343 1014 1 141.1 -2000 -0.331487 4461849 0.375693 203 0.091617 0.0000 0.001220 0.001623 0.006134 -0.059823 0.016551 -0.239787 40.2910761274 -218.9235249626 203.09162
J157 99JUN15 1999.4524 51344 1014 2 141.1 -2000 -0.330736 4461849 0.380254 203 0.094820 0.0000 0.001213 0.001519 0.005886 0.005920 -0.036875 -0.254945 40.2910761685 -218.9235249537 203.09482
J157 99JUN16 1999.4552 51345 1014 3 141.1 -2000 -0.328052 4461849 0.379264 203 0.104539 0.0000 0.001156 0.001483 0.005629 -0.057373 0.026822 -0.113197 40.2910761596 -218.9235249222 203.10454
J157 99JUN17 1999.4579 51346 1014 4 141.1 -2000 -0.332555 4461849 0.376194 203 0.108760 0.0000 0.001191 0.001522 0.005758 -0.072462 -0.077340 -0.113701 40.2910761319 -218.9235249751 203.10876
J157 99JUN18 1999.4606 51347 1014 5 141.1 -2000 -0.331026 4461849 0.378354 203 0.101561 0.0000 0.001213 0.001504 0.005835 -0.020287 0.016044 -0.191598 40.2910761514 -218.9235249571 203.10156
J157 99JUN19 1999.4634 51348 1014 6 141.1 -2000 -0.331632 4461849 0.381138 203 0.092487 0.0000 0.001192 0.001600 0.005830 0.006714 -0.047573 -0.143528 40.2910761765 -218.9235249643 203.09249
J157 99JUN20 1999.4661 51349 1015 0 141.1 -2000 -0.329346 4461849 0.378548 203 0.092318 0.0000 0.001232 0.001624 0.006030 0.014744 0.005309 -0.116318 40.2910761531 -218.9235249374 203.09232
J157 99JUN21 1999.4689 51350 1015 1 141.1 -2000 -0.330541 4461849 0.379688 203 0.083082 0.0000 0.001150 0.001505 0.005603 -0.035320 -0.014261 -0.157409 40.2910761634 -218.9235249514 203.08308
J157 99JUN22 1999.4716 51351 1015 2 141.1 -2000 -0.333114 4461849 0.374786 203 0.093751 0.0000 0.001174 0.001501 0.005772 -0.017061 -0.012327 -0.199893 40.2910761192 -218.9235249817 203.09375
J157 99JUN23 1999.4743 51352 1015 3 141.1 -2000 -0.328766 4461849 0.378314 203 0.102429 0.0000 0.001134 0.001437 0.005533 -0.028828 -0.030486 -0.205588 40.2910761510 -218.9235249306 203.10243
J157 99JUN24 1999.4771 51353 1015 4 141.1 -2000 -0.333632 4461849 0.370890 203 0.091605 0.0000 0.001190 0.001464 0.005623 -0.029230 -0.016320 -0.169033 40.2910760842 -218.9235249878 203.09160
J157 99JUN25 1999.4798 51354 1015 5 141.1 -2000 -0.330097 4461849 0.377383 203 0.095841 0.0000 0.001139 0.001420 0.005454 -0.032724 -0.006298 -0.159914 40.2910761426 -218.9235249462 203.09584
J157 99JUN26 1999.4825 51355 1015 6 141.1 -2000 -0.331100 4461849 0.376774 203 0.073266 0.0000 0.001161 0.001534 0.005675 -0.024479 -0.001216 -0.090686 40.2910761371 -218.9235249580 203.07327
J157 99JUN27 1999.4853 51356 1016 0 141.1 -2000 -0.330595 4461849 0.375932 203 0.103169 0.0000 0.001178 0.001540 0.005798 -0.026231 0.016487 -0.205263 40.2910761296 -218.9235249521 203.10317
J157 99JUN28 1999.4880 51357 1016 1 141.1 -2000 -0.330770 4461849 0.375319 203 0.095924 0.0000 0.001154 0.001429 0.005520 -0.016410 -0.052987 -0.191658 40.2910761240 -218.9235249541 203.09592
J157 99JUN29 1999.4908 51358 1016 2 141.1 -2000 -0.326594 4461849 0.377380 203 0.091798 0.0000 0.001247 0.001720 0.006127 0.006109 0.041301 -0.158020 40.2910761426 -218.9235249050 203.09180
J157 99JUN30 1999.4935 51359 1016 3 141.1 -2000 -0.330040 4461849 0.377516 203 0.090577 0.0000 0.001122 0.001424 0.005469 -0.019675 -0.090613 -0.215085 40.2910761438 -218.9235249455 203.09058
J157 99JUL01 1999.4962 51360 1016 4 141.1 -2000 -0.332087 4461849 0.377843 203 0.084239 0.0000 0.001318 0.001611 0.006285 0.040777 -0.069178 -0.268976 40.2910761468 -218.9235249696 203.08424
J157 99JUL02 1999.4990 51361 1016 5 141.1 -2000 -0.330021 4461849 0.378467 203 0.091749 0.0000 0.001164 0.001419 0.005491 -0.026036 -0.073829 -0.141014 40.2910761524 -218.9235249453 203.09175
J157 99JUL03 1999.5017 51362 1016 6 141.1 -2000 -0.333232 4461849 0.379074 203 0.111329 0.0000 0.001471 0.001815 0.007052 -0.014884 -0.000664 -0.171303 40.2910761579 -218.9235249831 203.11133
J157 99JUL04 1999.5044 51363 1017 0 141.1 -2000 -0.333683 4461849 0.378299 203 0.093969 0.0000 0.001178 0.001456 0.005727 -0.079904 0.055249 -0.209311 40.2910761509 -218.9235249884 203.09397
J157 99JUL05 1999.5072 51364 1017 1 141.1 -2000 -0.331510 4461849 0.379966 203 0.089397 0.0000 0.001208 0.001530 0.005942 -0.087109 0.009865 -0.197445 40.2910761659 -218.9235249628 203.08940
J157 99JUL06 1999.5099 51365 1017 2 141.1 -2000 -0.330229 4461849 0.377836 203 0.077295 0.0000 0.001165 0.001508 0.005596 -0.071394 0.072494 -0.136360 40.2910761467 -218.9235249478 203.07730
J157 99JUL07 1999.5127 51366 1017 3 141.1 -2000 -0.332959 4461849 0.379850 203 0.084254 0.0000 0.001244 0.001650 0.006083 -0.024031 0.073625 -0.115582 40.2910761648 -218.9235249799 203.08425
J157 99JUL08 1999.5154 51367 1017 4 141.1 -2000 -0.333588 4461849 0.375899 203 0.082670 0.0000 0.001214 0.001605 0.006020 -0.008788 -0.029569 -0.185369 40.2910761293 -218.9235249873 203.08267
J157 99JUL09 1999.5181 51368 1017 5 141.1 -2000 -0.334547 4461849 0.380318 203 0.098679 0.0000 0.001164 0.001527 0.005708 -0.051947 -0.000280 -0.131702 40.2910761691 -218.9235249986 203.09868
J157 99JUL10 1999.5209 51369 1017 6 141.1 -2000 -0.332688 4461849 0.378271 203 0.095579 0.0000 0.001190 0.001578 0.005849 0.009866 0.046797 -0.101017 40.2910761506 -218.9235249767 203.09558
J157 99JUL11 1999.5236 51370 1018 0 141.1 -2000 -0.332641 4461849 0.377112 203 0.101458 0.0000 0.001211 0.001516 0.005725 -0.058439 -0.005821 -0.155856 40.2910761402 -218.9235249761 203.10146
J157 99JUL12 1999.5264 51371 1018 1 141.1 -2000 -0.337331 4461849 0.376765 203 0.099019 0.0000 0.001225 0.001589 0.006031 0.012242 -0.103612 -0.159949 40.2910761371 -218.9235250313 203.09902
J157 99JUL13 1999.5291 51372 1018 2 141.1 -2000 -0.332993 4461849 0.377794 203 0.112040 0.0000 0.001187 0.001530 0.005821 -0.054769 0.049982 -0.157569 40.2910761463 -218.9235249803 203.11204
J157 99JUL14 1999.5318 51373 1018 3 141.1 -2000 -0.330884 4461849 0.378872 203 0.108468 0.0000 0.001205 0.001542 0.005911 -0.042154 0.041474 -0.128892 40.2910761560 -218.9235249555 203.10847
J157 99JUL15 1999.5346 51374 1018 4 141.1 -2000 -0.332020 4461849 0.379205 203 0.090664 0.0000 0.001152 0.001396 0.005473 -0.067958 -0.005418 -0.156687 40.2910761590 -218.9235249688 203.09066
J157 99JUL16 1999.5373 51375 1018 5 141.1 -2000 -0.333698 4461849 0.377146 203 0.110642 0.0000 0.001209 0.001498 0.005791 -0.099259 0.015279 -0.178763 40.2910761405 -218.9235249886 203.11064
J157 99JUL17 1999.5400 51376 1018 6 141.1 -2000 -0.333220 4461849 0.378601 203 0.101200 0.0000 0.001150 0.001408 0.005405 -0.092567 0.002980 -0.111226 40.2910761536 -218.9235249830 203.10120
J157 99JUL18 1999.5428 51377 1019 0 141.1 -2000 -0.332103 4461849 0.381065 203 0.101852 0.0000 0.001281 0.001496 0.005924 -0.082285 0.064346 -0.174202 40.2910761758 -218.9235249698 203.10185
J157 99JUL19 1999.5455 51378 1019 1 141.1 -2000 -0.331846 4461849 0.381030 203 0.101332 0.0000 0.001219 0.001487 0.005673 -0.076476 0.024765 -0.164893 40.2910761755 -218.9235249668 203.10133
J157 99JUL20 1999.5483 51379 1019 2 141.1 -2000 -0.334174 4461849 0.378037 203 0.078638 0.0000 0.001155 0.001400 0.005482 -0.080557 0.009901 -0.191823 40.2910761485 -218.9235249942 203.07864
J157 99JUL21 1999.5510 51380 1019 3 141.1 -2000 -0.334602 4461849 0.382898 203 0.106324 0.0000 0.001216 0.001496 0.005774 -0.059506 -0.025978 -0.094323 40.2910761923 -218.9235249992 203.10632
J157 99JUL22 1999.5537 51381 1019 4 141.1 -2000 -0.337445 4461849 0.378158 203 0.094505 0.0000 0.001165 0.001391 0.005382 -0.095690 -0.041348 -0.158294 40.2910761496 -218.9235250326 203.09450
J157 99JUL23 1999.5565 51382 1019 5 141.1 -2000 -0.330268 4461849 0.381543 203 0.095288 0.0000 0.001214 0.001436 0.005618 -0.070768 0.046222 -0.147879 40.2910761801 -218.9235249482 203.09529
J157 99JUL24 1999.5592 51383 1019 6 141.1 -2000 -0.335716 4461849 0.376026 203 0.107701 0.0000 0.001347 0.001590 0.006349 -0.140486 0.078729 -0.250821 40.2910761304 -218.9235250123 203.10770
J157 99JUL25 1999.5619 51384 1020 0 141.1 -2000 -0.332513 4461849 0.378984 203 0.109709 0.0000 0.001311 0.001499 0.006156 -0.084034 0.048273 -0.193379 40.2910761571 -218.9235249746 203.10971
J157 99JUL26 1999.5647 51385 1020 1 141.1 -2000 -0.331393 4461849 0.383584 203 0.087290 0.0000 0.001239 0.001448 0.005751 -0.028954 -0.009489 -0.149566 40.2910761985 -218.9235249615 203.08729
J157 99JUL27 1999.5674 51386 1020 2 141.1 -2000 -0.329407 4461849 0.381417 203 0.097185 0.0000 0.001174 0.001396 0.005519 -0.091995 0.023844 -0.162189 40.2910761790 -218.9235249381 203.09719
J157 99JUL28 1999.5702 51387 1020 3 141.1 -2000 -0.331015 4461849 0.382490 203 0.089954 0.0000 0.001104 0.001359 0.005126 -0.090143 0.046361 -0.118022 40.2910761886 -218.9235249570 203.08995
J157 99JUL29 1999.5729 51388 1020 4 141.1 -2000 -0.327890 4461849 0.379454 203 0.090515 0.0000 0.001129 0.001431 0.005417 -0.024397 0.003566 -0.176184 40.2910761613 -218.9235249203 203.09052
J157 99JUL30 1999.5756 51389 1020 5 141.1 -2000 -0.330768 4461849 0.382777 203 0.100411 0.0000 0.001167 0.001463 0.005608 -0.037403 0.002844 -0.138357 40.2910761912 -218.9235249541 203.10041
J157 99JUL31 1999.5784 51390 1020 6 141.1 -2000 -0.329233 4461849 0.382385 203 0.121374 0.0000 0.001227 0.001454 0.005740 -0.050151 0.025103 -0.119591 40.2910761877 -218.9235249361 203.12137
J157 99AUG01 1999.5811 51391 1021 0 141.1 -2000 -0.329059 4461849 0.388595 203 0.097823 0.0000 0.001214 0.001401 0.005691 -0.055599 -0.040344 -0.129284 40.2910762436 -218.9235249340 203.09782
J157 99AUG02 1999.5838 51392 1021 1 141.1 -2000 -0.333622 4461849 0.384120 203 0.089754 0.0000 0.001261 0.001512 0.006020 -0.078804 0.013475 -0.204555 40.2910762033 -218.9235249877 203.08975
J157 99AUG03 1999.5866 51393 1021 2 141.1 -2000 -0.333872 4461849 0.385027 203 0.091618 0.0000 0.001164 0.001452 0.005635 -0.023378 0.049275 -0.164079 40.2910762115 -218.9235249906 203.09162
J157 99AUG04 1999.5893 51394 1021 3 141.1 -2000 -0.331163 4461849 0.383626 203 0.087067 0.0000 0.001214 0.001438 0.005671 -0.097074 0.045901 -0.153519 40.2910761989 -218.9235249588 203.08707
J157 99AUG05 1999.5921 51395 1021 4 141.1 -2000 -0.331592 4461849 0.386189 203 0.105529 0.0000 0.001342 0.001533 0.006351 -0.095004 0.033785 -0.169598 40.2910762219 -218.9235249638 203.10553
J157 99AUG06 1999.5948 51396 1021 5 141.1 -2000 -0.332878 4461849 0.382428 203 0.088496 0.0000 0.001196 0.001430 0.005623 -0.159929 0.099592 -0.147733 40.2910761881 -218.9235249789 203.08850
J157 99AUG07 1999.5975 51397 1021 6 141.1 -2000 -0.328993 4461849 0.379605 203 0.087433 0.0000 0.001125 0.001362 0.005308 -0.111874 0.112276 -0.215619 40.2910761626 -218.9235249332 203.08743
J157 99AUG08 1999.6003 51398 1022 0 141.1 -2000 -0.331240 4461849 0.381646 203 0.095224 0.0000 0.001136 0.001353 0.005336 -0.098336 0.073537 -0.180524 40.2910761810 -218.9235249597 203.09522
J157 99AUG09 1999.6030 51399 1022 1 141.1 -2000 -0.334568 4461849 0.381865 203 0.085601 0.0000 0.001214 0.001453 0.005685 -0.034584 0.018805 -0.156508 40.2910761830 -218.9235249988 203.08560
J157 99AUG10 1999.6057 51400 1022 2 141.1 -2000 -0.331265 4461849 0.383299 203 0.096613 0.0000 0.001185 0.001436 0.005684 0.004675 0.057252 -0.049184 40.2910761959 -218.9235249600 203.09661
J157 99AUG11 1999.6085 51401 1022 3 141.1 -2000 -0.330312 4461849 0.383822 203 0.094594 0.0000 0.001173 0.001395 0.005434 -0.042479 0.034539 -0.145056 40.2910762006 -218.9235249488 203.09459
J157 99AUG12 1999.6112 51402 1022 4 141.1 -2000 -0.329843 4461849 0.380665 203 0.095528 0.0000 0.001146 0.001419 0.005393 -0.028004 0.004416 -0.190365 40.2910761722 -218.9235249432 203.09553
J157 99AUG13 1999.6140 51403 1022 5 141.1 -2000 -0.331023 4461849 0.379600 203 0.086987 0.0000 0.001070 0.001305 0.004946 -0.072672 0.003149 -0.137961 40.2910761626 -218.9235249571 203.08699
J157 99AUG14 1999.6167 51404 1022 6 141.1 -2000 -0.327433 4461849 0.381029 203 0.089933 0.0000 0.001097 0.001333 0.005140 -0.071365 0.055785 -0.183608 40.2910761755 -218.9235249149 203.08993
J157 99AUG15 1999.6194 51405 1023 0 141.1 -2000 -0.329545 4461849 0.384447 203 0.106003 0.0000 0.001230 0.001496 0.005867 -0.011333 -0.043052 -0.176841 40.2910762063 -218.9235249397 203.10600
J157 99AUG16 1999.6222 51406 1023 1 141.1 -2000 -0.329079 4461849 0.377989 203 0.088841 0.0000 0.001149 0.001434 0.005368 -0.086901 0.037911 -0.152999 40.2910761481 -218.9235249342 203.08884
J157 99AUG17 1999.6249 51407 1023 2 141.1 -2000 -0.329824 4461849 0.382386 203 0.103701 0.0000 0.001150 0.001379 0.005502 -0.055586 0.059193 -0.212557 40.2910761877 -218.9235249430 203.10370
J157 99AUG18 1999.6277 51408 1023 3 141.1 -2000 -0.331174 4461849 0.379237 203 0.089874 0.0000 0.001074 0.001287 0.004901 -0.087685 0.016966 -0.136386 40.2910761593 -218.9235249589 203.08987
J157 99AUG19 1999.6304 51409 1023 4 141.1 -2000 -0.329921 4461849 0.382612 203 0.087714 0.0000 0.001084 0.001327 0.005039 -0.067947 0.009573 -0.157760 40.2910761897 -218.9235249442 203.08771
J157 99AUG20 1999.6331 51410 1023 5 141.1 -2000 -0.327015 4461849 0.381302 203 0.097794 0.0000 0.001134 0.001415 0.005343 -0.019628 -0.049406 -0.201211 40.2910761779 -218.9235249100 203.09779
J157 99AUG21 1999.6359 51411 1023 6 141.1 -2000 -0.334147 4461849 0.383329 203 0.075787 0.0000 0.001133 0.001330 0.005185 -0.062153 0.050993 -0.184828 40.2910761962 -218.9235249939 203.07579
J157 99AUG22 1999.6386 51412 1024 0 141.1 -2000 -0.331026 4461849 0.381360 203 0.110555 0.0000 0.001117 0.001331 0.005200 -0.090737 0.085282 -0.176992 40.2910761784 -218.9235249571 203.11055
J157 99AUG23 1999.6413 51413 1024 1 141.1 -2000 -0.334251 4461849 0.381751 203 0.097456 0.0000 0.001127 0.001389 0.005242 -0.023954 -0.006281 -0.146070 40.2910761820 -218.9235249951 203.09746
J157 99AUG24 1999.6441 51414 1024 2 141.1 -2000 -0.331829 4461849 0.382060 203 0.119634 0.0000 0.001144 0.001463 0.005341 -0.066728 0.005594 -0.123054 40.2910761848 -218.9235249666 203.11963
J157 99AUG25 1999.6468 51415 1024 3 141.1 -2000 -0.334327 4461849 0.379323 203 0.089033 0.0000 0.001115 0.001433 0.005246 -0.036268 0.037180 -0.132908 40.2910761601 -218.9235249960 203.08903
J157 99AUG26 1999.6496 51416 1024 4 141.1 -2000 -0.332868 4461849 0.382688 203 0.096787 0.0000 0.001186 0.001463 0.005520 -0.054038 -0.032569 -0.145584 40.2910761904 -218.9235249788 203.09679
J157 99AUG27 1999.6523 51417 1024 5 141.1 -2000 -0.328337 4461849 0.378054 203 0.098588 0.0000 0.001153 0.001432 0.005469 -0.032083 0.049869 -0.191484 40.2910761487 -218.9235249255 203.09859
J157 99AUG28 1999.6550 51418 1024 6 141.1 -2000 -0.330301 4461849 0.377794 203 0.107438 0.0000 0.001180 0.001427 0.005568 -0.015717 0.019707 -0.158959 40.2910761463 -218.9235249486 203.10744
J157 99AUG29 1999.6578 51419 1025 0 141.1 -2000 -0.332021 4461849 0.379821 203 0.095495 0.0000 0.001157 0.001402 0.005511 -0.024296 0.015327 -0.154422 40.2910761646 -218.9235249689 203.09550
J157 99AUG30 1999.6605 51420 1025 1 141.1 -2000 -0.338181 4461849 0.377123 203 0.101897 0.0000 0.001241 0.001454 0.005647 -0.044895 0.030813 -0.156137 40.2910761403 -218.9235250413 203.10190
J157 99AUG31 1999.6632 51421 1025 2 141.1 -2000 -0.328186 4461849 0.376318 203 0.100907 0.0000 0.001253 0.001492 0.005840 -0.053039 0.061083 -0.158923 40.2910761330 -218.9235249237 203.10091
J157 99SEP01 1999.6660 51422 1025 3 141.1 -2000 -0.335241 4461849 0.380831 203 0.089634 0.0000 0.001196 0.001431 0.005567 -0.040513 0.062192 -0.177196 40.2910761737 -218.9235250067 203.08963
J157 99SEP02 1999.6687 51423 1025 4 141.1 -2000 -0.333029 4461849 0.380025 203 0.085130 0.0000 0.001164 0.001376 0.005383 -0.021426 0.034936 -0.166586 40.2910761664 -218.9235249807 203.08513
J157 99SEP03 1999.6715 51424 1025 5 141.1 -2000 -0.332737 4461849 0.381849 203 0.083376 0.0000 0.001144 0.001401 0.005343 -0.080712 0.065593 -0.144657 40.2910761829 -218.9235249773 203.08338
J157 99SEP04 1999.6742 51425 1025 6 141.1 -2000 -0.332480 4461849 0.381196 203 0.086138 0.0000 0.001159 0.001473 0.005506 -0.071148 0.048514 -0.164885 40.2910761770 -218.9235249743 203.08614
J157 99SEP05 1999.6769 51426 1026 0 141.1 -2000 -0.329154 4461849 0.381155 203 0.092720 0.0000 0.001136 0.001374 0.005298 -0.085920 0.050504 -0.160461 40.2910761766 -218.9235249351 203.09272
J157 99SEP06 1999.6797 51427 1026 1 141.1 -2000 -0.331706 4461849 0.379344 203 0.116534 0.0000 0.001132 0.001361 0.005280 -0.089227 0.026585 -0.146458 40.2910761603 -218.9235249651 203.11653
J157 99SEP07 1999.6824 51428 1026 2 141.1 -2000 -0.325955 4461849 0.382325 203 0.104895 0.0000 0.001225 0.001471 0.005725 -0.093564 0.036055 -0.195262 40.2910761871 -218.9235248975 203.10490
J157 99SEP08 1999.6851 51429 1026 3 141.1 -2000 -0.331333 4461849 0.378486 203 0.102591 0.0000 0.001176 0.001491 0.005617 -0.109222 0.054846 -0.212749 40.2910761526 -218.9235249608 203.10259
J157 99SEP09 1999.6879 51430 1026 4 141.1 -2000 -0.329783 4461849 0.380947 203 0.098795 0.0000 0.001149 0.001410 0.005267 -0.113069 0.071295 -0.180358 40.2910761747 -218.9235249425 203.09879
J157 99SEP10 1999.6906 51431 1026 5 141.1 -2000 -0.331144 4461849 0.377991 203 0.101371 0.0000 0.001164 0.001422 0.005444 -0.021049 0.024197 -0.164011 40.2910761481 -218.9235249585 203.10137
J157 99SEP11 1999.6934 51432 1026 6 141.1 -2000 -0.330936 4461849 0.376780 203 0.131253 0.0000 0.001196 0.001455 0.005756 -0.061814 0.067210 -0.171230 40.2910761372 -218.9235249561 203.13125
J157 99SEP12 1999.6961 51433 1027 0 141.1 -2000 -0.330272 4461849 0.377450 203 0.123187 0.0000 0.001143 0.001376 0.005291 -0.109523 0.035951 -0.133514 40.2910761432 -218.9235249483 203.12319
J157 99SEP13 1999.6988 51434 1027 1 141.1 -2000 -0.328558 4461849 0.380252 203 0.096521 0.0000 0.001139 0.001359 0.005260 -0.077593 -0.024664 -0.152642 40.2910761685 -218.9235249281 203.09652
J157 99SEP14 1999.7016 51435 1027 2 141.1 -2000 -0.330346 4461849 0.376260 203 0.086812 0.0000 0.001112 0.001384 0.005225 -0.027543 0.010944 -0.133671 40.2910761325 -218.9235249491 203.08681
J157 99SEP15 1999.7043 51436 1027 3 141.1 -2000 -0.334185 4461849 0.376397 203 0.080638 0.0000 0.001097 0.001337 0.005111 -0.075255 0.022714 -0.130910 40.2910761337 -218.9235249943 203.08064
J157 99SEP16 1999.7070 51437 1027 4 141.1 -2000 -0.331724 4461849 0.379634 203 0.088031 0.0000 0.001115 0.001371 0.005250 -0.024988 0.018268 -0.151141 40.2910761629 -218.9235249654 203.08803
J157 99SEP17 1999.7098 51438 1027 5 141.1 -2000 -0.333448 4461849 0.377694 203 0.091127 0.0000 0.001113 0.001433 0.005284 -0.062074 -0.005270 -0.174402 40.2910761454 -218.9235249856 203.09113
J157 99SEP18 1999.7125 51439 1027 6 141.1 -2000 -0.329036 4461849 0.377641 203 0.084665 0.0000 0.001093 0.001378 0.005158 -0.055340 0.033920 -0.174490 40.2910761450 -218.9235249337 203.08467
J157 99SEP19 1999.7153 51440 1028 0 141.1 -2000 -0.329697 4461849 0.375513 203 0.097427 0.0000 0.001133 0.001406 0.005395 -0.070195 0.029075 -0.160194 40.2910761258 -218.9235249415 203.09743
J157 99SEP20 1999.7180 51441 1028 1 141.1 -2000 -0.330685 4461849 0.379567 203 0.103911 0.0000 0.001108 0.001365 0.005183 -0.063355 0.051581 -0.103828 40.2910761623 -218.9235249531 203.10391
J157 99SEP21 1999.7207 51442 1028 2 141.1 -2000 -0.328172 4461849 0.376553 203 0.094050 0.0000 0.001129 0.001401 0.005319 -0.025535 0.001575 -0.144128 40.2910761352 -218.9235249236 203.09405
J157 99SEP22 1999.7235 51443 1028 3 141.1 -2000 -0.330135 4461849 0.377842 203 0.099983 0.0000 0.001172 0.001503 0.005568 -0.092568 0.044799 -0.166780 40.2910761468 -218.9235249467 203.09998
J157 99SEP23 1999.7262 51444 1028 4 141.1 -2000 -0.330052 4461849 0.377056 203 0.097254 0.0000 0.001165 0.001424 0.005512 -0.043170 0.003946 -0.164630 40.2910761397 -218.9235249457 203.09725
J157 99SEP24 1999.7290 51445 1028 5 141.1 -2000 -0.325120 4461849 0.372434 203 0.090720 0.0000 0.001237 0.001492 0.005807 -0.100697 0.103784 -0.167674 40.2910760981 -218.9235248877 203.09072
J157 99SEP25 1999.7317 51446 1028 6 141.1 -2000 -0.328107 4461849 0.378594 203 0.082690 0.0000 0.001175 0.001418 0.005543 -0.070539 0.060109 -0.196013 40.2910761535 -218.9235249228 203.08269
J157 99SEP26 1999.7344 51447 1029 0 141.1 -2000 -0.326941 4461849 0.382514 203 0.077485 0.0000 0.001177 0.001456 0.005605 -0.016661 0.024904 -0.156971 40.2910761888 -218.9235249091 203.07748
J157 99SEP27 1999.7372 51448 1029 1 141.1 -2000 -0.330689 4461849 0.376747 203 0.097047 0.0000 0.001146 0.001398 0.005399 -0.064197 0.065832 -0.206808 40.2910761369 -218.9235249532 203.09705
J157 99SEP28 1999.7399 51449 1029 2 141.1 -2000 -0.326443 4461849 0.377431 203 0.070842 0.0000 0.001223 0.001463 0.005551 -0.097549 0.087153 -0.203335 40.2910761431 -218.9235249032 203.07084
J157 99SEP29 1999.7426 51450 1029 3 141.1 -2000 -0.332681 4461849 0.377186 203 0.088022 0.0000 0.001185 0.001422 0.005699 -0.044122 0.009565 -0.236526 40.2910761409 -218.9235249766 203.08802
J157 99SEP30 1999.7454 51451 1029 4 141.1 -2000 -0.328163 4461849 0.378917 203 0.085344 0.0000 0.001236 0.001487 0.006045 -0.091399 0.082768 -0.275240 40.2910761564 -218.9235249235 203.08534
J157 99OCT01 1999.7481 51452 1029 5 141.1 -2000 -0.327557 4461849 0.381562 203 0.095579 0.0000 0.001250 0.001524 0.005983 -0.095256 0.090517 -0.132824 40.2910761803 -218.9235249164 203.09558
J157 99OCT02 1999.7509 51453 1029 6 141.1 -2000 -0.336774 4461849 0.376093 203 0.083274 0.0000 0.001209 0.001521 0.005787 -0.045841 0.026769 -0.148129 40.2910761310 -218.9235250247 203.08327
J157 99OCT03 1999.7536 51454 1030 0 141.1 -2000 -0.332407 4461849 0.380517 203 0.087022 0.0000 0.001181 0.001439 0.005585 -0.020653 0.044946 -0.203366 40.2910761709 -218.9235249734 203.08702
J157 99OCT04 1999.7563 51455 1030 1 141.1 -2000 -0.327620 4461849 0.380595 203 0.078670 0.0000 0.001188 0.001412 0.005550 -0.047030 0.098892 -0.184586 40.2910761716 -218.9235249171 203.07867
J157 99OCT05 1999.7591 51456 1030 2 141.1 -2000 -0.324700 4461849 0.376992 203 0.086347 0.0000 0.001126 0.001398 0.005274 -0.052887 0.028128 -0.177593 40.2910761391 -218.9235248827 203.08635
J157 99OCT06 1999.7618 51457 1030 3 141.1 -2000 -0.327778 4461849 0.377128 203 0.088832 0.0000 0.001113 0.001369 0.005224 -0.043390 0.022806 -0.195417 40.2910761403 -218.9235249189 203.08883
J157 99OCT07 1999.7645 51458 1030 4 141.1 -2000 -0.326477 4461849 0.380521 203 0.098621 0.0000 0.001152 0.001412 0.005385 -0.052619 -0.053794 -0.200041 40.2910761709 -218.9235249037 203.09862
J157 99OCT08 1999.7673 51459 1030 5 141.1 -2000 -0.329537 4461849 0.377125 203 0.076961 0.0000 0.001154 0.001400 0.005342 -0.062016 0.030112 -0.177445 40.2910761403 -218.9235249396 203.07696
J157 99OCT09 1999.7700 51460 1030 6 141.1 -2000 -0.324894 4461849 0.379860 203 0.067971 0.0000 0.001128 0.001380 0.005122 -0.126930 0.040329 -0.182491 40.2910761649 -218.9235248850 203.06797
J157 99OCT10 1999.7728 51461 1031 0 141.1 -2000 -0.326060 4461849 0.376078 203 0.081035 0.0000 0.001144 0.001402 0.005288 -0.112159 0.013667 -0.192038 40.2910761309 -218.9235248987 203.08103
J157 99OCT11 1999.7755 51462 1031 1 141.1 -2000 -0.327642 4461849 0.381234 203 0.084057 0.0000 0.001181 0.001461 0.005460 -0.139738 0.064356 -0.185345 40.2910761773 -218.9235249174 203.08406
J157 99OCT12 1999.7782 51463 1031 2 141.1 -2000 -0.327834 4461849 0.376773 203 0.097788 0.0000 0.001157 0.001456 0.005376 -0.054498 0.032629 -0.128123 40.2910761371 -218.9235249196 203.09779
J157 99OCT13 1999.7810 51464 1031 3 141.1 -2000 -0.327174 4461849 0.380164 203 0.083149 0.0000 0.001136 0.001406 0.005223 -0.079111 0.061387 -0.158174 40.2910761677 -218.9235249118 203.08315
J157 99OCT14 1999.7837 51465 1031 4 141.1 -2000 -0.326844 4461849 0.376778 203 0.070041 0.0000 0.001153 0.001365 0.005351 -0.050482 -0.007244 -0.159873 40.2910761372 -218.9235249080 203.07004
J157 99OCT15 1999.7864 51466 1031 5 141.1 -2000 -0.330212 4461849 0.380717 203 0.066726 0.0000 0.001204 0.001457 0.005562 -0.082986 0.045994 -0.152058 40.2910761727 -218.9235249476 203.06673
J157 99OCT16 1999.7892 51467 1031 6 141.1 -2000 -0.330369 4461849 0.377991 203 0.085478 0.0000 0.001173 0.001407 0.005377 -0.089459 0.034869 -0.192016 40.2910761481 -218.9235249494 203.08548
J157 99OCT17 1999.7919 51468 1032 0 141.1 -2000 -0.328478 4461849 0.377549 203 0.084095 0.0000 0.001153 0.001376 0.005439 -0.050562 0.000455 -0.201299 40.2910761441 -218.9235249272 203.08410
J157 99OCT18 1999.7947 51469 1032 1 141.1 -2000 -0.323231 4461849 0.380506 203 0.087346 0.0000 0.001165 0.001409 0.005361 -0.080807 0.002476 -0.190295 40.2910761708 -218.9235248655 203.08735
J157 99OCT19 1999.7974 51470 1032 2 141.1 -2000 -0.327384 4461849 0.382898 203 0.073996 0.0000 0.001139 0.001466 0.005321 -0.064190 0.020747 -0.150626 40.2910761923 -218.9235249143 203.07400
J157 99OCT20 1999.8001 51471 1032 3 141.1 -2000 -0.326498 4461849 0.378329 203 0.074690 0.0000 0.001158 0.001417 0.005527 -0.068561 0.033056 -0.207515 40.2910761512 -218.9235249039 203.07469
J157 99OCT21 1999.8029 51472 1032 4 141.1 -2000 -0.325661 4461849 0.378997 203 0.065092 0.0000 0.001129 0.001395 0.005395 -0.037980 -0.041401 -0.206515 40.2910761572 -218.9235248940 203.06509
J157 99OCT22 1999.8056 51473 1032 5 141.1 -2000 -0.326117 4461849 0.380169 203 0.083008 0.0000 0.001219 0.001502 0.005621 -0.046713 -0.065585 -0.116872 40.2910761677 -218.9235248994 203.08301
J157 99OCT23 1999.8084 51474 1032 6 141.1 -2000 -0.326946 4461849 0.381787 203 0.086467 0.0000 0.001129 0.001425 0.005452 -0.038336 0.016721 -0.234648 40.2910761823 -218.9235249092 203.08647
J157 99OCT24 1999.8111 51475 1033 0 141.1 -2000 -0.326501 4461849 0.378908 203 0.081450 0.0000 0.001210 0.001440 0.005786 -0.020460 0.006619 -0.229826 40.2910761564 -218.9235249039 203.08145
J157 99OCT25 1999.8138 51476 1033 1 141.1 -2000 -0.327253 4461849 0.380681 203 0.077809 0.0000 0.001158 0.001438 0.005483 -0.034250 -0.046109 -0.184303 40.2910761723 -218.9235249128 203.07781
J157 99OCT26 1999.8166 51477 1033 2 141.1 -2000 -0.327827 4461849 0.379967 203 0.067379 0.0000 0.001121 0.001323 0.005132 -0.053278 -0.026184 -0.163391 40.2910761659 -218.9235249195 203.06738
J157 99OCT27 1999.8193 51478 1033 3 141.1 -2000 -0.324095 4461849 0.377409 203 0.086469 0.0000 0.001162 0.001454 0.005658 -0.036260 0.012021 -0.123924 40.2910761429 -218.9235248756 203.08647
J157 99OCT28 1999.8220 51479 1033 4 141.1 -2000 -0.330092 4461849 0.382691 203 0.093762 0.0000 0.001234 0.001466 0.005715 -0.047716 0.026924 -0.197446 40.2910761904 -218.9235249462 203.09376
J157 99OCT29 1999.8248 51480 1033 5 141.1 -2000 -0.325250 4461849 0.379240 203 0.074811 0.0000 0.001247 0.001531 0.006012 -0.038985 -0.006967 -0.202546 40.2910761594 -218.9235248892 203.07481
J157 99OCT30 1999.8275 51481 1033 6 141.1 -2000 -0.328787 4461849 0.376049 203 0.083316 0.0000 0.001192 0.001357 0.005300 -0.083499 0.047621 -0.143570 40.2910761306 -218.9235249308 203.08332
J157 99OCT31 1999.8303 51482 1034 0 141.1 -2000 -0.328978 4461849 0.382115 203 0.079639 0.0000 0.001179 0.001429 0.005433 -0.069117 -0.012721 -0.179301 40.2910761853 -218.9235249331 203.07964
J157 99NOV01 1999.8330 51483 1034 1 141.1 -2000 -0.331178 4461849 0.379969 203 0.090177 0.0000 0.001190 0.001374 0.005419 -0.062162 0.043545 -0.180397 40.2910761659 -218.9235249589 203.09018
J157 99NOV02 1999.8357 51484 1034 2 141.1 -2000 -0.326535 4461849 0.379310 203 0.083303 0.0000 0.001183 0.001395 0.005485 -0.066478 0.063346 -0.214162 40.2910761600 -218.9235249043 203.08330
J157 99NOV03 1999.8385 51485 1034 3 141.1 -2000 -0.328897 4461849 0.379600 203 0.079036 0.0000 0.001166 0.001375 0.005349 -0.090869 0.034428 -0.180214 40.2910761626 -218.9235249321 203.07904
J157 99NOV04 1999.8412 51486 1034 4 141.1 -2000 -0.328760 4461849 0.379412 203 0.075532 0.0000 0.001186 0.001373 0.005414 -0.054061 -0.004208 -0.165799 40.2910761609 -218.9235249305 203.07553
J157 99NOV05 1999.8439 51487 1034 5 141.1 -2000 -0.331675 4461849 0.377846 203 0.061736 0.0000 0.001199 0.001389 0.005596 -0.043859 -0.011901 -0.216806 40.2910761468 -218.9235249648 203.06174
J157 99NOV06 1999.8467 51488 1034 6 141.1 -2000 -0.330002 4461849 0.378289 203 0.079703 0.0000 0.001164 0.001342 0.005228 -0.062238 0.037136 -0.158063 40.2910761508 -218.9235249451 203.07970
J157 99NOV07 1999.8494 51489 1035 0 141.1 -2000 -0.327324 4461849 0.380802 203 0.076763 0.0000 0.001195 0.001393 0.005475 -0.041667 0.024849 -0.158418 40.2910761734 -218.9235249136 203.07676
J157 99NOV08 1999.8522 51490 1035 1 141.1 -2000 -0.328977 4461849 0.376553 203 0.083460 0.0000 0.001167 0.001396 0.005488 -0.033997 0.013499 -0.133051 40.2910761352 -218.9235249330 203.08346
J157 99NOV09 1999.8549 51491 1035 2 141.1 -2000 -0.329996 4461849 0.379284 203 0.078517 0.0000 0.001232 0.001434 0.005718 -0.052093 0.039042 -0.186918 40.2910761598 -218.9235249450 203.07852
J157 99NOV10 1999.8576 51492 1035 3 141.1 -2000 -0.332766 4461849 0.383334 203 0.089119 0.0000 0.001171 0.001366 0.005403 -0.008400 -0.021172 -0.138465 40.2910761962 -218.9235249776 203.08912
J157 99NOV11 1999.8604 51493 1035 4 141.1 -2000 -0.330799 4461849 0.380588 203 0.080659 0.0000 0.001150 0.001384 0.005398 -0.034525 -0.007752 -0.138341 40.2910761715 -218.9235249545 203.08066
J157 99NOV12 1999.8631 51494 1035 5 141.1 -2000 -0.336056 4461849 0.380848 203 0.066217 0.0000 0.001203 0.001384 0.005417 -0.065753 0.020585 -0.146653 40.2910761738 -218.9235250163 203.06622
J157 99NOV13 1999.8658 51495 1035 6 141.1 -2000 -0.328734 4461849 0.383333 203 0.067781 0.0000 0.001233 0.001401 0.005536 -0.030954 0.084482 -0.132113 40.2910761962 -218.9235249302 203.06778
J157 99NOV14 1999.8686 51496 1036 0 141.1 -2000 -0.326473 4461849 0.378227 203 0.080315 0.0000 0.001203 0.001451 0.005630 0.011258 0.001399 -0.133655 40.2910761502 -218.9235249036 203.08032
J157 99NOV15 1999.8713 51497 1036 1 141.1 -2000 -0.325878 4461849 0.380810 203 0.091316 0.0000 0.001136 0.001347 0.005185 -0.034261 -0.042191 -0.136904 40.2910761735 -218.9235248966 203.09132
J157 99NOV16 1999.8741 51498 1036 2 141.1 -2000 -0.331349 4461849 0.380293 203 0.092240 0.0000 0.001204 0.001366 0.005387 -0.071436 -0.044950 -0.120257 40.2910761688 -218.9235249609 203.09224
J157 99NOV17 1999.8768 51499 1036 3 141.1 -2000 -0.330405 4461849 0.380111 203 0.082167 0.0000 0.001134 0.001336 0.005183 -0.043476 -0.003878 -0.131383 40.2910761672 -218.9235249498 203.08217
J157 99NOV18 1999.8795 51500 1036 4 141.1 -2000 -0.337057 4461849 0.378827 203 0.080414 0.0000 0.001191 0.001412 0.005463 -0.031249 -0.022403 -0.154005 40.2910761556 -218.9235250281 203.08041
J157 99NOV19 1999.8823 51501 1036 5 141.1 -2000 -0.329203 4461849 0.381602 203 0.085545 0.0000 0.001215 0.001400 0.005555 -0.040201 0.015031 -0.098714 40.2910761806 -218.9235249357 203.08554
J157 99NOV20 1999.8850 51502 1036 6 141.1 -2000 -0.329634 4461849 0.378228 203 0.074825 0.0000 0.001235 0.001369 0.005480 -0.046197 0.088822 -0.133739 40.2910761502 -218.9235249408 203.07482
J157 99NOV21 1999.8877 51503 1037 0 141.1 -2000 -0.327832 4461849 0.381497 203 0.071526 0.0000 0.001239 0.001388 0.005624 -0.074500 0.089804 -0.148835 40.2910761797 -218.9235249196 203.07153
J157 99NOV22 1999.8905 51504 1037 1 141.1 -2000 -0.325375 4461849 0.380734 203 0.073735 0.0000 0.001165 0.001388 0.005284 -0.011251 0.023151 -0.098200 40.2910761728 -218.9235248907 203.07374
J157 99NOV23 1999.8932 51505 1037 2 141.1 -2000 -0.327035 4461849 0.377493 203 0.067324 0.0000 0.001187 0.001389 0.005425 -0.012485 0.005464 -0.209981 40.2910761436 -218.9235249102 203.06732
J157 99NOV24 1999.8960 51506 1037 3 141.1 -2000 -0.328716 4461849 0.382396 203 0.089546 0.0000 0.001240 0.001458 0.005676 -0.042171 -0.001628 -0.132163 40.2910761878 -218.9235249300 203.08955
J157 99NOV25 1999.8987 51507 1037 4 141.1 -2000 -0.332665 4461849 0.378187 203 0.100871 0.0000 0.001276 0.001447 0.005762 -0.015455 0.013121 -0.179961 40.2910761499 -218.9235249764 203.10087
J157 99NOV26 1999.9014 51508 1037 5 141.1 -2000 -0.330485 4461849 0.378398 203 0.086455 0.0000 0.001290 0.001476 0.005884 -0.013272 0.033728 -0.189086 40.2910761518 -218.9235249508 203.08645
J157 99NOV27 1999.9042 51509 1037 6 141.1 -2000 -0.329240 4461849 0.377128 203 0.088809 0.0000 0.001154 0.001366 0.005235 -0.077694 0.064512 -0.145361 40.2910761403 -218.9235249361 203.08881
J157 99NOV28 1999.9069 51510 1038 0 141.1 -2000 -0.331643 4461849 0.377908 203 0.089687 0.0000 0.001149 0.001317 0.005113 -0.040675 0.052557 -0.151933 40.2910761474 -218.9235249644 203.08969
J157 99NOV29 1999.9097 51511 1038 1 141.1 -2000 -0.328467 4461849 0.380965 203 0.084668 0.0000 0.001199 0.001477 0.005509 0.016070 -0.059257 -0.142609 40.2910761749 -218.9235249271 203.08467
J157 99NOV30 1999.9124 51512 1038 2 141.1 -2000 -0.329397 4461849 0.376871 203 0.068610 0.0000 0.001227 0.001478 0.005528 -0.015236 0.008154 -0.128062 40.2910761380 -218.9235249380 203.06861
J157 99DEC01 1999.9151 51513 1038 3 141.1 -2000 -0.326636 4461849 0.377605 203 0.087276 0.0000 0.001172 0.001473 0.005447 -0.006340 -0.009773 -0.122261 40.2910761446 -218.9235249055 203.08728
J157 99DEC02 1999.9179 51514 1038 4 141.1 -2000 -0.327098 4461849 0.382688 203 0.072226 0.0000 0.001165 0.001326 0.005247 -0.061623 0.054665 -0.173539 40.2910761904 -218.9235249110 203.07223
J157 99DEC03 1999.9206 51515 1038 5 141.1 -2000 -0.329365 4461849 0.379854 203 0.079802 0.0000 0.001142 0.001332 0.005106 -0.076423 0.011666 -0.155822 40.2910761649 -218.9235249376 203.07980
J157 99DEC04 1999.9233 51516 1038 6 141.1 -2000 -0.330327 4461849 0.376082 203 0.091020 0.0000 0.001275 0.001481 0.005912 -0.019050 0.034660 -0.197554 40.2910761309 -218.9235249489 203.09102
J157 99DEC05 1999.9261 51517 1039 0 141.1 -2000 -0.325688 4461849 0.382586 203 0.076590 0.0000 0.001134 0.001331 0.005096 -0.047818 0.046881 -0.149147 40.2910761895 -218.9235248944 203.07659
J157 99DEC06 1999.9288 51518 1039 1 141.1 -2000 -0.326240 4461849 0.379995 203 0.087413 0.0000 0.001228 0.001458 0.005661 0.046698 -0.040686 -0.190732 40.2910761662 -218.9235249009 203.08741
J157 99DEC07 1999.9316 51519 1039 2 141.1 -2000 -0.327324 4461849 0.381250 203 0.072509 0.0000 0.001162 0.001315 0.005132 -0.022824 0.030712 -0.140972 40.2910761775 -218.9235249136 203.07251
J157 99DEC08 1999.9343 51520 1039 3 141.1 -2000 -0.328228 4461849 0.381435 203 0.091398 0.0000 0.001229 0.001494 0.005574 0.027120 0.025693 -0.168885 40.2910761791 -218.9235249242 203.09140
J157 99DEC09 1999.9370 51521 1039 4 141.1 -2000 -0.328194 4461849 0.379337 203 0.080179 0.0000 0.001146 0.001343 0.005112 -0.027723 -0.025328 -0.147495 40.2910761602 -218.9235249238 203.08018
J157 99DEC10 1999.9398 51522 1039 5 141.1 -2000 -0.330973 4461849 0.377684 203 0.085984 0.0000 0.001163 0.001355 0.005289 -0.019970 -0.007408 -0.206519 40.2910761453 -218.9235249565 203.08598
J157 99DEC11 1999.9425 51523 1039 6 141.1 -2000 -0.330356 4461849 0.378091 203 0.093057 0.0000 0.001210 0.001353 0.005442 0.001397 0.070047 -0.154606 40.2910761490 -218.9235249493 203.09306
J157 99DEC12 1999.9452 51524 1040 0 141.1 -2000 -0.333231 4461849 0.378258 203 0.086872 0.0000 0.001199 0.001364 0.005438 -0.008562 0.038468 -0.180393 40.2910761505 -218.9235249831 203.08687
J157 99DEC13 1999.9480 51525 1040 1 141.1 -2000 -0.332341 4461849 0.377543 203 0.080169 0.0000 0.001164 0.001394 0.005335 0.004065 -0.010607 -0.155261 40.2910761441 -218.9235249726 203.08017
J157 99DEC14 1999.9507 51526 1040 2 141.1 -2000 -0.327486 4461849 0.382531 203 0.083632 0.0000 0.001258 0.001422 0.005533 -0.058520 0.032866 -0.129441 40.2910761890 -218.9235249155 203.08363
J157 99DEC15 1999.9535 51527 1040 3 141.1 -2000 -0.328101 4461849 0.380537 203 0.080371 0.0000 0.001200 0.001412 0.005392 -0.004509 0.049935 -0.113456 40.2910761710 -218.9235249228 203.08037
J157 99DEC16 1999.9562 51528 1040 4 141.1 -2000 -0.327599 4461849 0.380866 203 0.082306 0.0000 0.001211 0.001435 0.005554 -0.006551 0.096585 -0.152491 40.2910761740 -218.9235249169 203.08231
J157 99DEC17 1999.9589 51529 1040 5 141.1 -2000 -0.326828 4461849 0.381371 203 0.083797 0.0000 0.001298 0.001511 0.005832 0.031700 0.033162 -0.145214 40.2910761786 -218.9235249078 203.08380
J157 99DEC18 1999.9617 51530 1040 6 141.1 -2000 -0.332548 4461849 0.380363 203 0.079883 0.0000 0.001214 0.001454 0.005590 0.029586 -0.005136 -0.168234 40.2910761695 -218.9235249750 203.07988
J157 99DEC19 1999.9644 51531 1041 0 141.1 -2000 -0.330408 4461849 0.377658 203 0.084427 0.0000 0.001221 0.001423 0.005597 0.010174 0.003563 -0.145606 40.2910761451 -218.9235249499 203.08443
J157 99DEC20 1999.9671 51532 1041 1 141.1 -2000 -0.328974 4461849 0.381109 203 0.075708 0.0000 0.001163 0.001365 0.005220 -0.004864 0.022558 -0.141647 40.2910761762 -218.9235249330 203.07571
J157 99DEC21 1999.9699 51533 1041 2 141.1 -2000 -0.328044 4461849 0.375032 203 0.085390 0.0000 0.001273 0.001485 0.005952 0.007837 0.008827 -0.227800 40.2910761215 -218.9235249221 203.08539
J157 99DEC22 1999.9726 51534 1041 3 141.1 -2000 -0.331090 4461849 0.381134 203 0.078064 0.0000 0.001157 0.001397 0.005255 -0.002031 0.019237 -0.086111 40.2910761764 -218.9235249579 203.07806
J157 99DEC23 1999.9754 51535 1041 4 141.1 -2000 -0.326854 4461849 0.377800 203 0.088925 0.0000 0.001175 0.001427 0.005367 0.005605 0.031545 -0.100960 40.2910761464 -218.9235249081 203.08892
J157 99DEC24 1999.9781 51536 1041 5 141.1 -2000 -0.328900 4461849 0.380112 203 0.092212 0.0000 0.001185 0.001353 0.005348 -0.005654 -0.016659 -0.118815 40.2910761672 -218.9235249322 203.09221
J157 99DEC25 1999.9808 51537 1041 6 141.1 -2000 -0.328951 4461849 0.377765 203 0.090792 0.0000 0.001175 0.001363 0.005368 -0.039388 0.055381 -0.163146 40.2910761461 -218.9235249327 203.09079
J157 99DEC26 1999.9836 51538 1042 0 141.1 -2000 -0.328869 4461849 0.379119 203 0.091822 0.0000 0.001247 0.001425 0.005773 0.032425 -0.021774 -0.210556 40.2910761583 -218.9235249318 203.09182
J157 99DEC27 1999.9863 51539 1042 1 141.1 -2000 -0.332237 4461849 0.375937 203 0.081737 0.0000 0.001178 0.001397 0.005472 0.002646 -0.007190 -0.156202 40.2910761296 -218.9235249714 203.08174
J157 99DEC28 1999.9890 51540 1042 2 141.1 -2000 -0.331909 4461849 0.376671 203 0.077969 0.0000 0.001288 0.001544 0.005853 0.000779 -0.019077 -0.172550 40.2910761362 -218.9235249675 203.07797
J157 99DEC29 1999.9918 51541 1042 3 141.1 -2000 -0.328686 4461849 0.377843 203 0.093849 0.0000 0.001184 0.001418 0.005506 0.018706 0.017273 -0.181526 40.2910761468 -218.9235249296 203.09385
J157 99DEC30 1999.9945 51542 1042 4 141.1 -2000 -0.329311 4461849 0.379419 203 0.090621 0.0000 0.001150 0.001327 0.005165 0.006745 -0.041503 -0.168526 40.2910761610 -218.9235249370 203.09062
J157 99DEC31 1999.9973 51543 1042 5 141.1 -2000 -0.329443 4461849 0.379111 203 0.085368 0.0000 0.001167 0.001387 0.005410 -0.000219 -0.026124 -0.166507 40.2910761582 -218.9235249385 203.08537
J157 00JAN01 2000.0000 51544 1042 6 141.1 -2000 -0.330171 4461849 0.379523 203 0.084485 0.0000 0.001218 0.001420 0.005558 0.022208 0.058024 -0.184745 40.2910761619 -218.9235249471 203.08448
J157 00JAN02 2000.0027 51545 1043 0 141.1 -2000 -0.329812 4461849 0.380816 203 0.086933 0.0000 0.001127 0.001324 0.005250 -0.000313 0.002209 -0.168198 40.2910761736 -218.9235249429 203.08693
J157 00JAN03 2000.0055 51546 1043 1 141.1 -2000 -0.333722 4461849 0.377645 203 0.047841 0.0000 0.001124 0.001351 0.005189 0.015606 -0.028020 -0.170770 40.2910761450 -218.9235249888 203.04784
J157 00JAN04 2000.0082 51547 1043 2 141.1 -2000 -0.332244 4461849 0.377908 203 0.073353 0.0000 0.001173 0.001459 0.005471 -0.005734 -0.009483 -0.104680 40.2910761474 -218.9235249715 203.07335
J157 00JAN05 2000.0110 51548 1043 3 141.1 -2000 -0.330600 4461849 0.378986 203 0.082522 0.0000 0.001094 0.001367 0.005106 -0.031660 -0.002950 -0.056496 40.2910761571 -218.9235249521 203.08252
J157 00JAN06 2000.0137 51549 1043 4 141.1 -2000 -0.329357 4461849 0.377222 203 0.083425 0.0000 0.001219 0.001432 0.005540 -0.008961 0.025336 -0.207280 40.2910761412 -218.9235249375 203.08343
J157 00JAN07 2000.0164 51550 1043 5 141.1 -2000 -0.326797 4461849 0.373598 203 0.070010 0.0000 0.001175 0.001436 0.005308 0.010246 -0.008601 -0.167421 40.2910761085 -218.9235249074 203.07001
J157 00JAN08 2000.0192 51551 1043 6 141.1 -2000 -0.329084 4461849 0.377019 203 0.068069 0.0000 0.001163 0.001371 0.005173 -0.025778 -0.003148 -0.122343 40.2910761394 -218.9235249343 203.06807
J157 00JAN09 2000.0219 51552 1044 0 141.1 -2000 -0.329184 4461849 0.378719 203 0.069874 0.0000 0.001142 0.001345 0.005118 -0.050127 0.056107 -0.133461 40.2910761547 -218.9235249355 203.06987
J157 00JAN10 2000.0246 51553 1044 1 141.1 -2000 -0.336161 4461849 0.378216 203 0.080372 0.0000 0.001167 0.001382 0.005257 -0.042710 0.001086 -0.108298 40.2910761501 -218.9235250175 203.08037
J157 00JAN11 2000.0274 51554 1044 2 141.1 -2000 -0.326604 4461849 0.379425 203 0.066616 0.0000 0.001190 0.001388 0.005377 0.014503 0.017083 -0.147864 40.2910761610 -218.9235249051 203.06662
J157 00JAN12 2000.0301 51555 1044 3 141.1 -2000 -0.329726 4461849 0.375884 203 0.081063 0.0000 0.001279 0.001452 0.005862 -0.050408 0.015133 -0.223677 40.2910761291 -218.9235249419 203.08106
J157 00JAN13 2000.0329 51556 1044 4 141.1 -2000 -0.329763 4461849 0.377936 203 0.086732 0.0000 0.001234 0.001461 0.005693 -0.017052 0.072020 -0.096434 40.2910761476 -218.9235249423 203.08673
J157 00JAN14 2000.0356 51557 1044 5 141.1 -2000 -0.329948 4461849 0.379196 203 0.086718 0.0000 0.001229 0.001447 0.005669 -0.040759 0.054570 -0.159765 40.2910761590 -218.9235249445 203.08672
J157 00JAN15 2000.0383 51558 1044 6 141.1 -2000 -0.331440 4461849 0.378078 203 0.087722 0.0000 0.001206 0.001441 0.005545 0.006099 -0.009824 -0.152905 40.2910761489 -218.9235249620 203.08772
J157 00JAN16 2000.0411 51559 1045 0 141.1 -2000 -0.328481 4461849 0.378975 203 0.086881 0.0000 0.001204 0.001389 0.005526 -0.066198 0.084404 -0.152350 40.2910761570 -218.9235249272 203.08688
J157 00JAN17 2000.0438 51560 1045 1 141.1 -2000 -0.330623 4461849 0.376529 203 0.093208 0.0000 0.001214 0.001388 0.005558 -0.022816 0.029147 -0.144274 40.2910761349 -218.9235249524 203.09321
J157 00JAN18 2000.0465 51561 1045 2 141.1 -2000 -0.330377 4461849 0.378796 203 0.086765 0.0000 0.001194 0.001390 0.005500 -0.006951 0.012231 -0.142927 40.2910761554 -218.9235249495 203.08676
J157 00JAN19 2000.0493 51562 1045 3 141.1 -2000 -0.330413 4461849 0.375613 203 0.093649 0.0000 0.001230 0.001380 0.005640 -0.016664 0.060626 -0.170201 40.2910761267 -218.9235249499 203.09365
J157 00JAN20 2000.0520 51563 1045 4 141.1 -2000 -0.331979 4461849 0.375046 203 0.086877 0.0000 0.001226 0.001374 0.005621 -0.052729 0.059443 -0.177933 40.2910761216 -218.9235249683 203.08688
J157 00JAN21 2000.0548 51564 1045 5 141.1 -2000 -0.331796 4461849 0.373798 203 0.077126 0.0000 0.001160 0.001366 0.005332 0.001362 0.000286 -0.143237 40.2910761104 -218.9235249662 203.07713
J157 00JAN22 2000.0575 51565 1045 6 141.1 -2000 -0.324797 4461849 0.376058 203 0.069864 0.0000 0.001195 0.001401 0.005620 -0.006146 -0.030573 -0.167631 40.2910761307 -218.9235248839 203.06986
J157 00JAN23 2000.0602 51566 1046 0 141.1 -2000 -0.332573 4461849 0.376220 203 0.076456 0.0000 0.001246 0.001490 0.005947 -0.013732 -0.056671 -0.224317 40.2910761322 -218.9235249753 203.07646
J157 00JAN24 2000.0630 51567 1046 1 141.1 -2000 -0.334297 4461849 0.375948 203 0.076427 0.0000 0.001241 0.001368 0.005663 -0.029901 0.112295 -0.180038 40.2910761297 -218.9235249956 203.07643
J157 00JAN25 2000.0657 51568 1046 2 141.1 -2000 -0.329577 4461849 0.375311 203 0.080075 0.0000 0.001179 0.001361 0.005440 -0.016789 0.013366 -0.157585 40.2910761240 -218.9235249401 203.08007
J157 00JAN26 2000.0684 51569 1046 3 141.1 -2000 -0.324660 4461849 0.377344 203 0.086643 0.0000 0.001228 0.001413 0.005684 0.006570 -0.002463 -0.194488 40.2910761423 -218.9235248823 203.08664
J157 00JAN27 2000.0712 51570 1046 4 141.1 -2000 -0.326758 4461849 0.376590 203 0.081290 0.0000 0.001265 0.001425 0.005726 0.033656 0.035436 -0.147895 40.2910761355 -218.9235249069 203.08129
J157 00JAN28 2000.0739 51571 1046 5 141.1 -2000 -0.329900 4461849 0.377635 203 0.089227 0.0000 0.001242 0.001447 0.005746 -0.025222 0.045356 -0.228430 40.2910761449 -218.9235249439 203.08923
J157 00JAN29 2000.0767 51572 1046 6 141.1 -2000 -0.327859 4461849 0.375202 203 0.094011 0.0000 0.001295 0.001443 0.005921 -0.014653 -0.003828 -0.218635 40.2910761230 -218.9235249199 203.09401
J157 00JAN30 2000.0794 51573 1047 0 141.1 -2000 -0.333025 4461849 0.375805 203 0.079334 0.0000 0.001257 0.001452 0.005664 -0.031004 0.018785 -0.136818 40.2910761284 -218.9235249806 203.07933
J157 00JAN31 2000.0821 51574 1047 1 141.1 -2000 -0.329464 4461849 0.373939 203 0.091689 0.0000 0.001281 0.001444 0.005800 0.037302 -0.022669 -0.215055 40.2910761116 -218.9235249388 203.09169
J157 00FEB01 2000.0849 51575 1047 2 141.1 -2000 -0.325126 4461849 0.375458 203 0.083335 0.0000 0.001280 0.001482 0.005914 -0.024256 -0.066998 -0.154015 40.2910761253 -218.9235248877 203.08334
J157 00FEB02 2000.0876 51576 1047 3 141.1 -2000 -0.329423 4461849 0.372892 203 0.092458 0.0000 0.001261 0.001448 0.005696 0.015000 -0.010533 -0.194708 40.2910761022 -218.9235249383 203.09246
J157 00FEB03 2000.0903 51577 1047 4 141.1 -2000 -0.327087 4461849 0.374813 203 0.092152 0.0000 0.001249 0.001456 0.005768 0.006496 0.029655 -0.190182 40.2910761195 -218.9235249108 203.09215
J157 00FEB04 2000.0931 51578 1047 5 141.1 -2000 -0.328124 4461849 0.370943 203 0.093940 0.0000 0.001187 0.001392 0.005431 -0.009977 0.015969 -0.213963 40.2910760846 -218.9235249230 203.09394
J157 00FEB05 2000.0958 51579 1047 6 141.1 -2000 -0.328682 4461849 0.374503 203 0.092439 0.0000 0.001269 0.001438 0.005750 -0.017369 -0.004639 -0.200733 40.2910761167 -218.9235249296 203.09244
J157 00FEB06 2000.0986 51580 1048 0 141.1 -2000 -0.328379 4461849 0.373100 203 0.090667 0.0000 0.001232 0.001428 0.005592 -0.022027 0.090038 -0.168678 40.2910761041 -218.9235249260 203.09067
J157 00FEB07 2000.1013 51581 1048 1 141.1 -2000 -0.324814 4461849 0.370427 203 0.079265 0.0000 0.001193 0.001405 0.005407 -0.018858 0.055707 -0.135277 40.2910760800 -218.9235248841 203.07926
J157 00FEB08 2000.1040 51582 1048 2 141.1 -2000 -0.326915 4461849 0.376557 203 0.075113 0.0000 0.001205 0.001374 0.005348 -0.069167 0.023770 -0.136013 40.2910761352 -218.9235249088 203.07511
J157 00FEB09 2000.1068 51583 1048 3 141.1 -2000 -0.327343 4461849 0.373567 203 0.082448 0.0000 0.001164 0.001418 0.005448 -0.012709 0.008229 -0.199976 40.2910761083 -218.9235249138 203.08245
J157 00FEB10 2000.1095 51584 1048 4 141.1 -2000 -0.328488 4461849 0.373836 203 0.077723 0.0000 0.001157 0.001407 0.005352 -0.049355 0.031059 -0.132108 40.2910761107 -218.9235249273 203.07772
J157 00FEB11 2000.1123 51585 1048 5 141.1 -2000 -0.326741 4461849 0.376974 203 0.075232 0.0000 0.001145 0.001359 0.005212 -0.030106 0.068008 -0.075217 40.2910761389 -218.9235249067 203.07523
J157 00FEB12 2000.1150 51586 1048 6 141.1 -2000 -0.332480 4461849 0.373599 203 0.079668 0.0000 0.001210 0.001511 0.005750 0.027692 -0.032670 -0.072283 40.2910761086 -218.9235249742 203.07967
J157 00FEB13 2000.1177 51587 1049 0 141.1 -2000 -0.327375 4461849 0.374652 203 0.084909 0.0000 0.001168 0.001366 0.005258 -0.058888 -0.018485 -0.146000 40.2910761180 -218.9235249142 203.08491
J157 00FEB14 2000.1205 51588 1049 1 141.1 -2000 -0.327309 4461849 0.372244 203 0.071388 0.0000 0.001177 0.001419 0.005470 0.011155 -0.008404 -0.169264 40.2910760964 -218.9235249134 203.07139
J157 00FEB15 2000.1232 51589 1049 2 141.1 -2000 -0.331006 4461849 0.372347 203 0.077900 0.0000 0.001182 0.001373 0.005367 -0.045977 0.041329 -0.203507 40.2910760973 -218.9235249569 203.07790
J157 00FEB16 2000.1259 51590 1049 3 141.1 -2000 -0.328070 4461849 0.373653 203 0.079164 0.0000 0.001166 0.001423 0.005401 -0.013163 -0.011975 -0.177751 40.2910761090 -218.9235249224 203.07916
J157 00FEB17 2000.1287 51591 1049 4 141.1 -2000 -0.329714 4461849 0.373706 203 0.083767 0.0000 0.001146 0.001362 0.005201 -0.040487 0.059616 -0.123694 40.2910761095 -218.9235249417 203.08377
J157 00FEB18 2000.1314 51592 1049 5 141.1 -2000 -0.329792 4461849 0.375034 203 0.080950 0.0000 0.001157 0.001363 0.005260 -0.046886 0.009625 -0.139255 40.2910761215 -218.9235249426 203.08095
J157 00FEB19 2000.1342 51593 1049 6 141.1 -2000 -0.325885 4461849 0.373653 203 0.071234 0.0000 0.001121 0.001383 0.005167 -0.003255 0.004373 -0.182546 40.2910761090 -218.9235248967 203.07123
J157 00FEB20 2000.1369 51594 1050 0 141.1 -2000 -0.326202 4461849 0.371488 203 0.078892 0.0000 0.001190 0.001502 0.005629 0.009247 -0.054432 -0.222800 40.2910760895 -218.9235249004 203.07889
J157 00FEB21 2000.1396 51595 1050 1 141.1 -2000 -0.327060 4461849 0.374191 203 0.081381 0.0000 0.001144 0.001458 0.005305 -0.038054 0.003015 -0.174957 40.2910761139 -218.9235249105 203.08138
J157 00FEB22 2000.1424 51596 1050 2 141.1 -2000 -0.330206 4461849 0.372856 203 0.066971 0.0000 0.001150 0.001384 0.005199 -0.046257 0.044217 -0.154296 40.2910761019 -218.9235249475 203.06697
J157 00FEB23 2000.1451 51597 1050 3 141.1 -2000 -0.327057 4461849 0.373380 203 0.084107 0.0000 0.001190 0.001368 0.005426 -0.042684 0.020968 -0.203844 40.2910761066 -218.9235249105 203.08411
J157 00FEB24 2000.1478 51598 1050 4 141.1 -2000 -0.328658 4461849 0.372185 203 0.076091 0.0000 0.001166 0.001375 0.005332 -0.042684 -0.026110 -0.183666 40.2910760958 -218.9235249293 203.07609
J157 00FEB25 2000.1506 51599 1050 5 141.1 -2000 -0.329234 4461849 0.374392 203 0.079062 0.0000 0.001175 0.001365 0.005325 -0.035844 0.021517 -0.124090 40.2910761157 -218.9235249361 203.07906
J157 00FEB26 2000.1533 51600 1050 6 141.1 -2000 -0.327289 4461849 0.370513 203 0.076023 0.0000 0.001170 0.001370 0.005345 0.000902 0.052159 -0.148355 40.2910760808 -218.9235249132 203.07602
J157 00FEB27 2000.1561 51601 1051 0 141.1 -2000 -0.327350 4461849 0.373724 203 0.072507 0.0000 0.001157 0.001366 0.005298 -0.038001 0.020465 -0.115340 40.2910761097 -218.9235249139 203.07251
J157 00FEB28 2000.1588 51602 1051 1 141.1 -2000 -0.327223 4461849 0.371928 203 0.079467 0.0000 0.001206 0.001433 0.005610 -0.047768 0.073613 -0.183932 40.2910760935 -218.9235249124 203.07947
J157 00FEB29 2000.1615 51603 1051 2 141.1 -2000 -0.329476 4461849 0.370834 203 0.073941 0.0000 0.001173 0.001395 0.005294 -0.042337 -0.017066 -0.154489 40.2910760836 -218.9235249389 203.07394
J157 00MAR01 2000.1643 51604 1051 3 141.1 -2000 -0.328462 4461849 0.369281 203 0.071461 0.0000 0.001196 0.001419 0.005496 -0.043779 0.054727 -0.189793 40.2910760697 -218.9235249270 203.07146
J157 00MAR02 2000.1670 51605 1051 4 141.1 -2000 -0.330995 4461849 0.373604 203 0.072758 0.0000 0.001186 0.001421 0.005459 -0.046728 0.051350 -0.121020 40.2910761086 -218.9235249568 203.07276
J157 00MAR03 2000.1697 51606 1051 5 141.1 -2000 -0.323465 4461849 0.368073 203 0.083143 0.0000 0.001226 0.001453 0.005629 -0.078033 0.016220 -0.109283 40.2910760588 -218.9235248682 203.08314
J157 00MAR04 2000.1725 51607 1051 6 141.1 -2000 -0.327882 4461849 0.372344 203 0.066931 0.0000 0.001208 0.001459 0.005605 -0.004411 -0.024369 -0.154839 40.2910760973 -218.9235249201 203.06693
J157 00MAR05 2000.1752 51608 1052 0 141.1 -2000 -0.324685 4461849 0.372982 203 0.080867 0.0000 0.001214 0.001446 0.005628 -0.016975 0.034591 -0.114183 40.2910761030 -218.9235248825 203.08087
J157 00MAR06 2000.1780 51609 1052 1 141.1 -2000 -0.326830 4461849 0.372071 203 0.076121 0.0000 0.001198 0.001503 0.005677 -0.031219 -0.028086 -0.140854 40.2910760948 -218.9235249078 203.07612
J157 00MAR07 2000.1807 51610 1052 2 141.1 -2000 -0.333165 4461849 0.374676 203 0.068602 0.0000 0.001264 0.001456 0.005710 -0.049351 0.018998 -0.112976 40.2910761183 -218.9235249823 203.06860
J157 00MAR08 2000.1834 51611 1052 3 141.1 -2000 -0.327853 4461849 0.372184 203 0.074025 0.0000 0.001379 0.001609 0.006353 -0.098163 0.192688 -0.204570 40.2910760958 -218.9235249198 203.07402
J157 00MAR09 2000.1862 51612 1052 4 141.1 -2000 -0.328214 4461849 0.373390 203 0.077274 0.0000 0.001237 0.001481 0.005673 0.004671 0.036451 -0.092844 40.2910761067 -218.9235249241 203.07727
J157 00MAR10 2000.1889 51613 1052 5 141.1 -2000 -0.326432 4461849 0.371814 203 0.063824 0.0000 0.001316 0.001666 0.006337 -0.120257 0.137901 -0.274531 40.2910760925 -218.9235249031 203.06382
J157 00MAR11 2000.1916 51614 1052 6 141.1 -2000 -0.326785 4461849 0.375630 203 0.067800 0.0000 0.001266 0.001530 0.005833 -0.004087 0.056914 -0.160547 40.2910761268 -218.9235249073 203.06780
J157 00MAR12 2000.1944 51615 1053 0 141.1 -2000 -0.326619 4461849 0.371283 203 0.079905 0.0000 0.001276 0.001564 0.006127 -0.051730 0.046188 -0.191878 40.2910760877 -218.9235249053 203.07991
J157 00MAR13 2000.1971 51616 1053 1 141.1 -2000 -0.329365 4461849 0.375594 203 0.075501 0.0000 0.001262 0.001516 0.005933 -0.074483 0.095565 -0.237246 40.2910761265 -218.9235249376 203.07550
J157 00MAR14 2000.1999 51617 1053 2 141.1 -2000 -0.328788 4461849 0.369395 203 0.067063 0.0000 0.001209 0.001541 0.005651 -0.038349 0.017715 -0.123370 40.2910760707 -218.9235249308 203.06706
J157 00MAR15 2000.2026 51618 1053 3 141.1 -2000 -0.324735 4461849 0.373824 203 0.079805 0.0000 0.001268 0.001522 0.005927 -0.038122 0.077746 -0.151831 40.2910761106 -218.9235248831 203.07981
J157 00MAR16 2000.2053 51619 1053 4 141.1 -2000 -0.327143 4461849 0.368161 203 0.071322 0.0000 0.001219 0.001514 0.005745 -0.073096 0.054827 -0.165709 40.2910760596 -218.9235249114 203.07132
J157 00MAR17 2000.2081 51620 1053 5 141.1 -2000 -0.327071 4461849 0.373176 203 0.081520 0.0000 0.001239 0.001515 0.005981 -0.082328 0.058669 -0.245825 40.2910761047 -218.9235249106 203.08152
J157 00MAR18 2000.2108 51621 1053 6 141.1 -2000 -0.326314 4461849 0.368655 203 0.066806 0.0000 0.001226 0.001498 0.005775 -0.060547 0.082083 -0.181043 40.2910760640 -218.9235249017 203.06681
J157 00MAR19 2000.2136 51622 1054 0 141.1 -2000 -0.328784 4461849 0.373619 203 0.054141 0.0000 0.001187 0.001403 0.005388 -0.031278 0.022390 -0.149896 40.2910761087 -218.9235249308 203.05414
J157 00MAR20 2000.2163 51623 1054 1 141.1 -2000 -0.328505 4461849 0.371128 203 0.075850 0.0000 0.001203 0.001592 0.005681 -0.061258 0.044741 -0.140277 40.2910760863 -218.9235249275 203.07585
J157 00MAR21 2000.2190 51624 1054 2 141.1 -2000 -0.331895 4461849 0.369334 203 0.066868 0.0000 0.001201 0.001500 0.005567 -0.090467 0.030032 -0.166871 40.2910760701 -218.9235249673 203.06687
J157 00MAR22 2000.2218 51625 1054 3 141.1 -2000 -0.330318 4461849 0.369656 203 0.073454 0.0000 0.001192 0.001486 0.005552 -0.044788 0.025901 -0.169099 40.2910760730 -218.9235249488 203.07345
J157 00MAR23 2000.2245 51626 1054 4 141.1 -2000 -0.328042 4461849 0.369386 203 0.080810 0.0000 0.001231 0.001526 0.005669 -0.035975 0.063990 -0.123073 40.2910760706 -218.9235249220 203.08081
J157 00MAR24 2000.2272 51627 1054 5 141.1 -2000 -0.334850 4461849 0.365593 203 0.074692 0.0000 0.001212 0.001517 0.005700 -0.049403 -0.006878 -0.223277 40.2910760365 -218.9235250021 203.07469
J157 00MAR25 2000.2300 51628 1054 6 141.1 -2000 -0.330890 4461849 0.368271 203 0.093957 0.0000 0.001179 0.001403 0.005333 -0.039787 -0.021736 -0.146286 40.2910760606 -218.9235249555 203.09396
J157 00MAR26 2000.2327 51629 1055 0 141.1 -2000 -0.328246 4461849 0.369710 203 0.072588 0.0000 0.001254 0.001554 0.005799 0.020695 -0.038384 -0.194848 40.2910760735 -218.9235249244 203.07259
J157 00MAR27 2000.2355 51630 1055 1 141.1 -2000 -0.330366 4461849 0.370797 203 0.070690 0.0000 0.001226 0.001580 0.005743 -0.037964 -0.024106 -0.202300 40.2910760833 -218.9235249494 203.07069
J157 00MAR28 2000.2382 51631 1055 2 141.1 -2000 -0.329196 4461849 0.364039 203 0.073914 0.0000 0.001199 0.001467 0.005564 -0.059458 0.049647 -0.176020 40.2910760225 -218.9235249356 203.07391
J157 00MAR29 2000.2409 51632 1055 3 141.1 -2000 -0.331395 4461849 0.371341 203 0.089327 0.0000 0.001207 0.001494 0.005570 -0.053207 0.036344 -0.164816 40.2910760882 -218.9235249615 203.08933
J157 00MAR30 2000.2437 51633 1055 4 141.1 -2000 -0.328624 4461849 0.370555 203 0.065878 0.0000 0.001222 0.001427 0.005431 -0.052164 0.021019 -0.136222 40.2910760811 -218.9235249289 203.06588
J157 00MAR31 2000.2464 51634 1055 5 141.1 -2000 -0.329728 4461849 0.366406 203 0.061296 0.0000 0.001257 0.001497 0.005743 -0.016988 0.045862 -0.188140 40.2910760438 -218.9235249418 203.06130
J157 00APR01 2000.2491 51635 1055 6 141.1 -2000 -0.326979 4461849 0.370351 203 0.065439 0.0000 0.001246 0.001506 0.005714 -0.014803 0.047841 -0.163810 40.2910760793 -218.9235249095 203.06544
J157 00APR02 2000.2519 51636 1056 0 141.1 -2000 -0.328191 4461849 0.375374 203 0.068660 0.0000 0.001241 0.001464 0.005524 -0.031738 0.032115 -0.147450 40.2910761245 -218.9235249238 203.06866
J157 00APR03 2000.2546 51637 1056 1 141.1 -2000 -0.327006 4461849 0.373697 203 0.078505 0.0000 0.001204 0.001414 0.005466 0.003953 0.035056 -0.151803 40.2910761094 -218.9235249099 203.07851
J157 00APR04 2000.2574 51638 1056 2 141.1 -2000 -0.328284 4461849 0.374034 203 0.076760 0.0000 0.001177 0.001409 0.005312 -0.027562 0.014708 -0.091329 40.2910761125 -218.9235249249 203.07676
J157 00APR05 2000.2601 51639 1056 3 141.1 -2000 -0.328888 4461849 0.369536 203 0.084930 0.0000 0.001213 0.001434 0.005563 -0.012222 0.073034 -0.111807 40.2910760720 -218.9235249320 203.08493
J157 00APR06 2000.2628 51640 1056 4 141.1 -2000 -0.330064 4461849 0.374675 203 0.069153 0.0000 0.001229 0.001484 0.005559 -0.043944 0.049844 -0.158302 40.2910761182 -218.9235249458 203.06915
J157 00APR07 2000.2656 51641 1056 5 141.1 -2000 -0.332634 4461849 0.371759 203 0.076381 0.0000 0.001276 0.001522 0.005900 -0.052527 -0.006633 -0.119699 40.2910760920 -218.9235249760 203.07638
J157 00APR08 2000.2683 51642 1056 6 141.1 -2000 -0.333605 4461849 0.376905 203 0.076178 0.0000 0.001215 0.001378 0.005440 -0.020283 0.000202 -0.128352 40.2910761383 -218.9235249875 203.07618
J157 00APR09 2000.2710 51643 1057 0 141.1 -2000 -0.327797 4461849 0.374221 203 0.077939 0.0000 0.001237 0.001373 0.005503 -0.065617 0.053791 -0.150785 40.2910761142 -218.9235249192 203.07794
J157 00APR10 2000.2738 51644 1057 1 141.1 -2000 -0.326752 4461849 0.372020 203 0.078398 0.0000 0.001230 0.001431 0.005566 -0.021944 0.079427 -0.058823 40.2910760943 -218.9235249069 203.07840
J157 00APR11 2000.2765 51645 1057 2 141.1 -2000 -0.336175 4461849 0.364864 203 0.077850 0.0000 0.001204 0.001379 0.005441 -0.016303 0.083354 -0.130776 40.2910760299 -218.9235250177 203.07785
J157 00APR12 2000.2793 51646 1057 3 141.1 -2000 -0.328964 4461849 0.373448 203 0.081572 0.0000 0.001210 0.001435 0.005425 -0.037330 -0.008795 -0.109035 40.2910761072 -218.9235249329 203.08157
J157 00APR13 2000.2820 51647 1057 4 141.1 -2000 -0.327762 4461849 0.373665 203 0.077024 0.0000 0.001224 0.001451 0.005516 -0.097636 0.068970 -0.144106 40.2910761092 -218.9235249187 203.07702
J157 00APR14 2000.2847 51648 1057 5 141.1 -2000 -0.329986 4461849 0.373963 203 0.079552 0.0000 0.001189 0.001467 0.005488 -0.100326 0.111232 -0.184589 40.2910761118 -218.9235249449 203.07955
J157 00APR15 2000.2875 51649 1057 6 141.1 -2000 -0.328334 4461849 0.371401 203 0.089588 0.0000 0.001198 0.001361 0.005372 -0.052592 0.064557 -0.177901 40.2910760888 -218.9235249255 203.08959
J157 00APR16 2000.2902 51650 1058 0 141.1 -2000 -0.328462 4461849 0.371449 203 0.076389 0.0000 0.001182 0.001378 0.005287 -0.040541 0.027287 -0.110020 40.2910760892 -218.9235249270 203.07639
J157 00APR17 2000.2930 51651 1058 1 141.1 -2000 -0.331886 4461849 0.374621 203 0.082590 0.0000 0.001213 0.001430 0.005512 -0.069100 0.014523 -0.152655 40.2910761178 -218.9235249672 203.08259
J157 00APR18 2000.2957 51652 1058 2 141.1 -2000 -0.332212 4461849 0.372724 203 0.079383 0.0000 0.001177 0.001361 0.005213 -0.052230 0.020921 -0.116109 40.2910761007 -218.9235249711 203.07938
J157 00APR19 2000.2984 51653 1058 3 141.1 -2000 -0.330793 4461849 0.366891 203 0.074209 0.0000 0.001206 0.001416 0.005443 -0.040465 -0.006573 -0.053223 40.2910760481 -218.9235249544 203.07421
J157 00APR20 2000.3012 51654 1058 4 141.1 -2000 -0.330571 4461849 0.369725 203 0.083682 0.0000 0.001209 0.001427 0.005475 -0.022694 0.034268 -0.154658 40.2910760737 -218.9235249518 203.08368
J157 00APR21 2000.3039 51655 1058 5 141.1 -2000 -0.329803 4461849 0.367059 203 0.091706 0.0000 0.001265 0.001475 0.005760 -0.033961 0.020499 -0.107235 40.2910760497 -218.9235249427 203.09171
J157 00APR22 2000.3066 51656 1058 6 141.1 -2000 -0.332072 4461849 0.373722 203 0.081051 0.0000 0.001218 0.001460 0.005546 -0.039661 0.041225 -0.098315 40.2910761097 -218.9235249694 203.08105
J157 00APR23 2000.3094 51657 1059 0 141.1 -2000 -0.335167 4461849 0.374446 203 0.080241 0.0000 0.001186 0.001394 0.005394 -0.035773 0.018918 -0.159179 40.2910761162 -218.9235250058 203.08024
J157 00APR24 2000.3121 51658 1059 1 141.1 -2000 -0.330923 4461849 0.369200 203 0.081430 0.0000 0.001190 0.001433 0.005433 -0.011067 0.028791 -0.122600 40.2910760689 -218.9235249559 203.08143
J157 00APR25 2000.3149 51659 1059 2 141.1 -2000 -0.330304 4461849 0.370817 203 0.066595 0.0000 0.001239 0.001439 0.005646 -0.086577 0.148498 -0.155420 40.2910760835 -218.9235249486 203.06659
J157 00APR26 2000.3176 51660 1059 3 141.1 -2000 -0.328438 4461849 0.368701 203 0.078753 0.0000 0.001203 0.001396 0.005452 -0.033176 0.030225 -0.128503 40.2910760644 -218.9235249267 203.07875
J157 00APR27 2000.3203 51661 1059 4 141.1 -2000 -0.329545 4461849 0.370362 203 0.081427 0.0000 0.001206 0.001402 0.005488 -0.030611 0.038637 -0.156302 40.2910760794 -218.9235249397 203.08143
J157 00APR28 2000.3231 51662 1059 5 141.1 -2000 -0.332692 4461849 0.372806 203 0.081900 0.0000 0.001203 0.001430 0.005418 -0.050483 0.050977 -0.102185 40.2910761014 -218.9235249767 203.08190
J157 00APR29 2000.3258 51663 1059 6 141.1 -2000 -0.329722 4461849 0.368913 203 0.074471 0.0000 0.001168 0.001396 0.005230 -0.032923 0.002613 -0.103511 40.2910760664 -218.9235249418 203.07447
J157 00APR30 2000.3285 51664 1060 0 141.1 -2000 -0.331119 4461849 0.368321 203 0.076150 0.0000 0.001211 0.001431 0.005473 -0.023544 -0.008065 -0.100261 40.2910760610 -218.9235249582 203.07615
J157 00MAY01 2000.3313 51665 1060 1 141.1 -2000 -0.331079 4461849 0.369164 203 0.078632 0.0000 0.001216 0.001432 0.005489 -0.051865 -0.002408 -0.123708 40.2910760686 -218.9235249577 203.07863
J157 00MAY02 2000.3340 51666 1060 2 141.1 -2000 -0.330425 4461849 0.369682 203 0.084130 0.0000 0.001241 0.001477 0.005708 -0.043483 0.035010 -0.129954 40.2910760733 -218.9235249500 203.08413
J157 00MAY03 2000.3368 51667 1060 3 141.1 -2000 -0.333292 4461849 0.369987 203 0.081568 0.0000 0.001250 0.001488 0.005727 0.001162 0.014687 -0.101121 40.2910760760 -218.9235249838 203.08157
J157 00MAY04 2000.3395 51668 1060 4 141.1 -2000 -0.330719 4461849 0.369799 203 0.089281 0.0000 0.001281 0.001457 0.005738 -0.070126 0.105027 -0.134080 40.2910760743 -218.9235249535 203.08928
J157 00MAY05 2000.3422 51669 1060 5 141.1 -2000 -0.331809 4461849 0.368166 203 0.072008 0.0000 0.001172 0.001411 0.005348 -0.036513 0.013847 -0.145845 40.2910760596 -218.9235249663 203.07201
J157 00MAY06 2000.3450 51670 1060 6 141.1 -2000 -0.331567 4461849 0.368187 203 0.082029 0.0000 0.001204 0.001417 0.005496 -0.015467 0.029018 -0.131862 40.2910760598 -218.9235249635 203.08203
J157 00MAY07 2000.3477 51671 1061 0 141.1 -2000 -0.331023 4461849 0.367571 203 0.083601 0.0000 0.001199 0.001446 0.005549 -0.041780 0.029105 -0.123931 40.2910760543 -218.9235249571 203.08360
J157 00MAY08 2000.3504 51672 1061 1 141.1 -2000 -0.329697 4461849 0.368320 203 0.079725 0.0000 0.001207 0.001483 0.005627 -0.040650 0.024339 -0.110835 40.2910760610 -218.9235249415 203.07972
J157 00MAY09 2000.3532 51673 1061 2 141.1 -2000 -0.331614 4461849 0.369507 203 0.074863 0.0000 0.001170 0.001420 0.005355 -0.010489 -0.040827 -0.107201 40.2910760717 -218.9235249640 203.07486
J157 00MAY10 2000.3559 51674 1061 3 141.1 -2000 -0.332023 4461849 0.368701 203 0.080381 0.0000 0.001209 0.001414 0.005475 0.001217 -0.015660 -0.140949 40.2910760644 -218.9235249688 203.08038
J157 00MAY11 2000.3587 51675 1061 4 141.1 -2000 -0.331137 4461849 0.369080 203 0.087299 0.0000 0.001247 0.001472 0.005596 -0.006793 0.014589 -0.088575 40.2910760679 -218.9235249584 203.08730
J157 00MAY12 2000.3614 51676 1061 5 141.1 -2000 -0.329761 4461849 0.371052 203 0.091102 0.0000 0.001271 0.001490 0.005733 0.022370 0.028978 -0.107170 40.2910760856 -218.9235249422 203.09110
J157 00MAY13 2000.3641 51677 1061 6 141.1 -2000 -0.330832 4461849 0.371268 203 0.094510 0.0000 0.001176 0.001451 0.005413 -0.005366 0.026447 -0.137007 40.2910760876 -218.9235249548 203.09451
J157 00MAY14 2000.3669 51678 1062 0 141.1 -2000 -0.330866 4461849 0.371978 203 0.087596 0.0000 0.001175 0.001393 0.005358 0.001842 -0.033960 -0.158311 40.2910760940 -218.9235249552 203.08760
J157 00MAY15 2000.3696 51679 1062 1 141.1 -2000 -0.328378 4461849 0.370924 203 0.088316 0.0000 0.001231 0.001464 0.005662 0.006921 0.033875 -0.224587 40.2910760845 -218.9235249260 203.08832
J157 00MAY16 2000.3723 51680 1062 2 141.1 -2000 -0.329937 4461849 0.371544 203 0.093340 0.0000 0.001198 0.001427 0.005603 0.029199 -0.030042 -0.168874 40.2910760900 -218.9235249443 203.09334
J157 00MAY17 2000.3751 51681 1062 3 141.1 -2000 -0.329516 4461849 0.370780 203 0.075769 0.0000 0.001191 0.001396 0.005486 -0.000021 -0.033318 -0.171416 40.2910760832 -218.9235249394 203.07577
J157 00MAY18 2000.3778 51682 1062 4 141.1 -2000 -0.327821 4461849 0.370005 203 0.081675 0.0000 0.001241 0.001536 0.005774 -0.014600 0.072194 -0.114182 40.2910760762 -218.9235249194 203.08167
J157 00MAY19 2000.3806 51683 1062 5 141.1 -2000 -0.328820 4461849 0.368048 203 0.073472 0.0000 0.001181 0.001400 0.005491 -0.009855 0.012189 -0.173837 40.2910760586 -218.9235249312 203.07347
J157 00MAY20 2000.3833 51684 1062 6 141.1 -2000 -0.329216 4461849 0.370497 203 0.076856 0.0000 0.001159 0.001429 0.005387 0.018446 0.002285 -0.142155 40.2910760806 -218.9235249358 203.07686
J157 00MAY21 2000.3860 51685 1063 0 141.1 -2000 -0.328700 4461849 0.370721 203 0.087508 0.0000 0.001211 0.001488 0.005687 0.029883 -0.065400 -0.151549 40.2910760826 -218.9235249298 203.08751
J157 00MAY22 2000.3888 51686 1063 1 141.1 -2000 -0.332597 4461849 0.370619 203 0.097697 0.0000 0.001290 0.001507 0.006156 0.003889 -0.040458 -0.153969 40.2910760817 -218.9235249756 203.09770
J157 00MAY23 2000.3915 51687 1063 2 141.1 -2000 -0.329222 4461849 0.370372 203 0.078299 0.0000 0.001304 0.001599 0.006194 -0.034881 -0.050184 -0.162911 40.2910760795 -218.9235249359 203.07830
J157 00MAY24 2000.3943 51688 1063 3 141.1 -2000 -0.330785 4461849 0.368802 203 0.086383 0.0000 0.001239 0.001535 0.005822 0.061665 -0.045616 -0.139941 40.2910760654 -218.9235249543 203.08638
J157 00MAY25 2000.3970 51689 1063 4 141.1 -2000 -0.335069 4461849 0.371920 203 0.079279 0.0000 0.001305 0.001494 0.005856 0.036678 0.007863 -0.157151 40.2910760934 -218.9235250047 203.07928
J157 00MAY26 2000.3997 51690 1063 5 141.1 -2000 -0.330865 4461849 0.370926 203 0.092259 0.0000 0.001185 0.001406 0.005601 -0.005819 0.006658 -0.181387 40.2910760845 -218.9235249552 203.09226
J157 00MAY27 2000.4025 51691 1063 6 141.1 -2000 -0.331147 4461849 0.373332 203 0.109073 0.0000 0.001248 0.001447 0.005924 0.018379 -0.021012 -0.135155 40.2910761062 -218.9235249586 203.10907
J157 00MAY28 2000.4052 51692 1064 0 141.1 -2000 -0.334555 4461849 0.371425 203 0.090724 0.0000 0.001241 0.001548 0.005922 0.015440 -0.012442 -0.134432 40.2910760890 -218.9235249986 203.09072
J157 00MAY29 2000.4079 51693 1064 1 141.1 -2000 -0.332636 4461849 0.374765 203 0.096529 0.0000 0.001225 0.001457 0.005857 0.025547 -0.015559 -0.102889 40.2910761191 -218.9235249761 203.09653
J157 00MAY30 2000.4107 51694 1064 2 141.1 -2000 -0.327469 4461849 0.374716 203 0.087104 0.0000 0.001213 0.001471 0.005770 0.050103 -0.018645 -0.084207 40.2910761186 -218.9235249153 203.08710
J157 00MAY31 2000.4134 51695 1064 3 141.1 -2000 -0.327577 4461849 0.371943 203 0.090552 0.0000 0.001228 0.001423 0.005731 0.034713 0.015337 -0.185476 40.2910760936 -218.9235249166 203.09055
J157 00JUN01 2000.4162 51696 1064 4 141.1 -2000 -0.328834 4461849 0.370126 203 0.086594 0.0000 0.001205 0.001474 0.005705 -0.016833 0.021063 -0.106179 40.2910760773 -218.9235249313 203.08659
J157 00JUN02 2000.4189 51697 1064 5 141.1 -2000 -0.331822 4461849 0.368991 203 0.077080 0.0000 0.001237 0.001519 0.005883 -0.036994 0.030019 -0.022900 40.2910760671 -218.9235249665 203.07708
J157 00JUN03 2000.4216 51698 1064 6 141.1 -2000 -0.330341 4461849 0.369581 203 0.100780 0.0000 0.001223 0.001462 0.005949 -0.040888 0.044387 -0.138433 40.2910760724 -218.9235249491 203.10078
J157 00JUN04 2000.4244 51699 1065 0 141.1 -2000 -0.329959 4461849 0.369039 203 0.092887 0.0000 0.001249 0.001544 0.006012 -0.009812 0.028625 -0.057713 40.2910760675 -218.9235249446 203.09289
J157 00JUN05 2000.4271 51700 1065 1 141.1 -2000 -0.328885 4461849 0.369775 203 0.091313 0.0000 0.001300 0.001541 0.005980 -0.042846 0.119819 -0.090446 40.2910760741 -218.9235249319 203.09131
J157 00JUN06 2000.4298 51701 1065 2 141.1 -2000 -0.331058 4461849 0.373713 203 0.100437 0.0000 0.001157 0.001421 0.005519 -0.049278 0.041772 -0.125542 40.2910761096 -218.9235249575 203.10044
J157 00JUN07 2000.4326 51702 1065 3 141.1 -2000 -0.328159 4461849 0.372630 203 0.089134 0.0000 0.001257 0.001493 0.005841 -0.049230 0.047981 -0.191912 40.2910760998 -218.9235249234 203.08913
J157 00JUN08 2000.4353 51703 1065 4 141.1 -2000 -0.326859 4461849 0.371208 203 0.093544 0.0000 0.001201 0.001450 0.005633 -0.076539 -0.039832 -0.120236 40.2910760870 -218.9235249081 203.09354
J157 00JUN09 2000.4381 51704 1065 5 141.1 -2000 -0.325727 4461849 0.371394 203 0.101346 0.0000 0.001203 0.001455 0.005667 -0.040145 -0.007043 -0.166073 40.2910760887 -218.9235248948 203.10135
J157 00JUN10 2000.4408 51705 1065 6 141.1 -2000 -0.329227 4461849 0.367269 203 0.086999 0.0000 0.001200 0.001396 0.005582 -0.032004 -0.019014 -0.142618 40.2910760515 -218.9235249359 203.08700
J157 00JUN11 2000.4435 51706 1066 0 141.1 -2000 -0.328372 4461849 0.371076 203 0.100442 0.0000 0.001172 0.001360 0.005375 -0.043728 -0.046764 -0.150792 40.2910760858 -218.9235249259 203.10044
J157 00JUN12 2000.4463 51707 1066 1 141.1 -2000 -0.327839 4461849 0.371399 203 0.089728 0.0000 0.001159 0.001378 0.005352 -0.060282 0.049824 -0.119419 40.2910760887 -218.9235249196 203.08973
J157 00JUN13 2000.4490 51708 1066 2 141.1 -2000 -0.329398 4461849 0.370374 203 0.091751 0.0000 0.001149 0.001426 0.005392 -0.085951 0.030812 -0.125916 40.2910760795 -218.9235249380 203.09175
J157 00JUN14 2000.4517 51709 1066 3 141.1 -2000 -0.332393 4461849 0.370114 203 0.096827 0.0000 0.001196 0.001446 0.005647 -0.115665 0.071421 -0.137658 40.2910760772 -218.9235249732 203.09683
J157 00JUN15 2000.4545 51710 1066 4 141.1 -2000 -0.329032 4461849 0.369294 203 0.079918 0.0000 0.001379 0.001518 0.006143 -0.080866 0.114362 -0.214935 40.2910760698 -218.9235249337 203.07992
J157 00JUN16 2000.4572 51711 1066 5 141.1 -2000 -0.327089 4461849 0.368659 203 0.085238 0.0000 0.001264 0.001520 0.005962 -0.065910 0.040788 -0.138841 40.2910760641 -218.9235249108 203.08524
J157 00JUN17 2000.4600 51712 1066 6 141.1 -2000 -0.330071 4461849 0.368522 203 0.096778 0.0000 0.001182 0.001478 0.005654 -0.036089 -0.000036 -0.076843 40.2910760628 -218.9235249459 203.09678
J157 00JUN18 2000.4627 51713 1067 0 141.1 -2000 -0.330415 4461849 0.368533 203 0.085766 0.0000 0.001261 0.001526 0.005876 -0.041246 0.088414 -0.076414 40.2910760629 -218.9235249499 203.08577
J157 00JUN19 2000.4654 51714 1067 1 141.1 -2000 -0.329812 4461849 0.368316 203 0.086271 0.0000 0.001248 0.001512 0.005769 -0.083713 0.039181 -0.191155 40.2910760610 -218.9235249428 203.08627
J157 00JUN20 2000.4682 51715 1067 2 141.1 -2000 -0.327893 4461849 0.369521 203 0.095170 0.0000 0.001188 0.001404 0.005482 -0.074153 0.014785 -0.128425 40.2910760718 -218.9235249203 203.09517
J157 00JUN21 2000.4709 51716 1067 3 141.1 -2000 -0.329915 4461849 0.369059 203 0.080320 0.0000 0.001191 0.001499 0.005669 -0.031681 0.000433 -0.116387 40.2910760677 -218.9235249441 203.08032
J157 00JUN22 2000.4736 51717 1067 4 141.1 -2000 -0.327209 4461849 0.367914 203 0.093622 0.0000 0.001274 0.001611 0.005977 -0.011742 -0.013534 -0.137371 40.2910760574 -218.9235249122 203.09362
J157 00JUN23 2000.4764 51718 1067 5 141.1 -2000 -0.327961 4461849 0.371460 203 0.091756 0.0000 0.001319 0.001610 0.006264 0.000801 -0.026615 -0.143594 40.2910760893 -218.9235249211 203.09176
J157 00JUN24 2000.4791 51719 1067 6 141.1 -2000 -0.327588 4461849 0.370279 203 0.088637 0.0000 0.001238 0.001495 0.005690 -0.034794 0.059216 -0.089071 40.2910760787 -218.9235249167 203.08864
J157 00JUN25 2000.4819 51720 1068 0 141.1 -2000 -0.329380 4461849 0.368995 203 0.089956 0.0000 0.001244 0.001524 0.005679 -0.042286 0.070024 -0.069221 40.2910760671 -218.9235249378 203.08996
J157 00JUN26 2000.4846 51721 1068 1 141.1 -2000 -0.326659 4461849 0.369325 203 0.091291 0.0000 0.001251 0.001580 0.005730 0.022749 0.045325 -0.101299 40.2910760701 -218.9235249058 203.09129
J157 00JUN27 2000.4873 51722 1068 2 141.1 -2000 -0.329423 4461849 0.373107 203 0.100278 0.0000 0.001287 0.001632 0.006209 0.054777 0.040609 -0.157084 40.2910761041 -218.9235249383 203.10028
J157 00JUN28 2000.4901 51723 1068 3 141.1 -2000 -0.329223 4461849 0.370849 203 0.105825 0.0000 0.001274 0.001482 0.005804 -0.046695 -0.007808 -0.133178 40.2910760838 -218.9235249359 203.10582
J157 00JUN29 2000.4928 51724 1068 4 141.1 -2000 -0.329026 4461849 0.369962 203 0.100935 0.0000 0.001261 0.001536 0.005810 -0.065628 0.052817 -0.125285 40.2910760758 -218.9235249336 203.10093
J157 00JUN30 2000.4956 51725 1068 5 141.1 -2000 -0.330636 4461849 0.370506 203 0.088671 0.0000 0.001258 0.001437 0.005658 -0.038268 0.069783 -0.156450 40.2910760807 -218.9235249525 203.08867
J157 00JUL01 2000.4983 51726 1068 6 141.1 -2000 -0.326811 4461849 0.374619 203 0.090645 0.0000 0.001298 0.001588 0.006067 -0.067101 -0.007594 -0.050160 40.2910761177 -218.9235249076 203.09065
J157 00JUL02 2000.5010 51727 1069 0 141.1 -2000 -0.328798 4461849 0.374521 203 0.092240 0.0000 0.001332 0.001746 0.006154 -0.085260 -0.043319 -0.050882 40.2910761169 -218.9235249309 203.09224
J157 00JUL03 2000.5038 51728 1069 1 141.1 -2000 -0.328794 4461849 0.372941 203 0.093985 0.0000 0.001274 0.001553 0.005947 -0.056642 -0.084160 -0.070333 40.2910761026 -218.9235249309 203.09398
J157 00JUL04 2000.5065 51729 1069 2 141.1 -2000 -0.330429 4461849 0.370123 203 0.089995 0.0000 0.001206 0.001470 0.005589 -0.026567 -0.006302 -0.099908 40.2910760772 -218.9235249501 203.09000
J157 00JUL05 2000.5092 51730 1069 3 141.1 -2000 -0.331453 4461849 0.369893 203 0.098742 0.0000 0.001303 0.001507 0.006152 -0.041933 -0.031695 -0.166757 40.2910760752 -218.9235249621 203.09874
J157 00JUL06 2000.5120 51731 1069 4 141.1 -2000 -0.330932 4461849 0.373898 203 0.092666 0.0000 0.001280 0.001491 0.005768 -0.033633 0.033684 -0.145991 40.2910761112 -218.9235249560 203.09267
J157 00JUL07 2000.5147 51732 1069 5 141.1 -2000 -0.330250 4461849 0.374015 203 0.098966 0.0000 0.001228 0.001451 0.005646 -0.030231 -0.016424 -0.130189 40.2910761123 -218.9235249480 203.09897
J157 00JUL08 2000.5175 51733 1069 6 141.1 -2000 -0.329148 4461849 0.372219 203 0.104795 0.0000 0.001370 0.001588 0.006200 -0.056414 -0.009686 -0.165454 40.2910760961 -218.9235249350 203.10479
J157 00JUL09 2000.5202 51734 1070 0 141.1 -2000 -0.334889 4461849 0.371627 203 0.085843 0.0000 0.001249 0.001551 0.005733 -0.048146 0.003366 -0.121243 40.2910760908 -218.9235250026 203.08584
J157 00JUL10 2000.5229 51735 1070 1 141.1 -2000 -0.330196 4461849 0.373790 203 0.097323 0.0000 0.001269 0.001486 0.005812 -0.064612 0.021541 -0.135280 40.2910761103 -218.9235249474 203.09732
J157 00JUL11 2000.5257 51736 1070 2 141.1 -2000 -0.326667 4461849 0.373485 203 0.090647 0.0000 0.001197 0.001459 0.005665 -0.056870 0.002607 -0.208056 40.2910761075 -218.9235249059 203.09065
J157 00JUL12 2000.5284 51737 1070 3 141.1 -2000 -0.326294 4461849 0.374166 203 0.105577 0.0000 0.001167 0.001393 0.005444 -0.012441 0.016307 -0.114140 40.2910761137 -218.9235249015 203.10558
J157 00JUL13 2000.5311 51738 1070 4 141.1 -2000 -0.324830 4461849 0.377171 203 0.089493 0.0000 0.001704 0.001934 0.007727 -0.023236 0.014686 -0.175912 40.2910761407 -218.9235248843 203.08949
J157 00JUL14 2000.5339 51739 1070 5 141.1 -2000 -0.326739 4461849 0.375787 203 0.105838 0.0000 0.001280 0.001484 0.005884 -0.039332 0.031161 -0.194597 40.2910761283 -218.9235249067 203.10584
J157 00JUL15 2000.5366 51740 1070 6 141.1 -2000 -0.331075 4461849 0.373962 203 0.086657 0.0000 0.001199 0.001417 0.005581 -0.036572 -0.042260 -0.118668 40.2910761118 -218.9235249577 203.08666
J157 00JUL16 2000.5394 51741 1071 0 141.1 -2000 -0.334178 4461849 0.375258 203 0.118757 0.0000 0.001253 0.001489 0.005967 -0.045235 -0.013245 -0.099221 40.2910761235 -218.9235249942 203.11876
J157 00JUL17 2000.5421 51742 1071 1 141.1 -2000 -0.329883 4461849 0.373393 203 0.107552 0.0000 0.001182 0.001415 0.005586 -0.041657 -0.034853 -0.179723 40.2910761067 -218.9235249437 203.10755
J157 00JUL18 2000.5448 51743 1071 2 141.1 -2000 -0.328393 4461849 0.372218 203 0.093453 0.0000 0.001317 0.001592 0.006161 -0.045601 0.047053 -0.074313 40.2910760961 -218.9235249262 203.09345
J157 00JUL19 2000.5476 51744 1071 3 141.1 -2000 -0.332209 4461849 0.375108 203 0.091981 0.0000 0.001268 0.001566 0.005988 0.017725 0.003580 -0.121282 40.2910761221 -218.9235249711 203.09198
J157 00JUL20 2000.5503 51745 1071 4 141.1 -2000 -0.329586 4461849 0.370057 203 0.086507 0.0000 0.001214 0.001435 0.005686 -0.032364 -0.027700 -0.157226 40.2910760767 -218.9235249402 203.08651
J157 00JUL21 2000.5530 51746 1071 5 141.1 -2000 -0.330442 4461849 0.374081 203 0.102587 0.0000 0.001221 0.001486 0.005790 -0.026430 -0.025529 -0.154489 40.2910761129 -218.9235249503 203.10259
J157 00JUL22 2000.5558 51747 1071 6 141.1 -2000 -0.328666 4461849 0.374809 203 0.091279 0.0000 0.001281 0.001529 0.005885 0.042334 -0.045538 -0.099461 40.2910761195 -218.9235249294 203.09128
J157 00JUL23 2000.5585 51748 1072 0 141.1 -2000 -0.325703 4461849 0.374969 203 0.095740 0.0000 0.001232 0.001430 0.005664 -0.037818 0.024375 -0.199599 40.2910761209 -218.9235248945 203.09574
J157 00JUL24 2000.5613 51749 1072 1 141.1 -2000 -0.330317 4461849 0.374792 203 0.091594 0.0000 0.001241 0.001457 0.005822 -0.045220 -0.078254 -0.168586 40.2910761193 -218.9235249488 203.09159
J157 00JUL25 2000.5640 51750 1072 2 141.1 -2000 -0.331224 4461849 0.375592 203 0.090719 0.0000 0.001335 0.001620 0.006221 -0.039650 -0.072352 -0.072064 40.2910761265 -218.9235249595 203.09072
J157 00JUL26 2000.5667 51751 1072 3 141.1 -2000 -0.329061 4461849 0.370482 203 0.095455 0.0000 0.001249 0.001497 0.005841 0.006293 -0.038487 -0.225527 40.2910760805 -218.9235249340 203.09546
J157 00JUL27 2000.5695 51752 1072 4 141.1 -2000 -0.327594 4461849 0.376495 203 0.090185 0.0000 0.001257 0.001502 0.005852 -0.010548 -0.063531 -0.129834 40.2910761346 -218.9235249168 203.09018
J157 00JUL28 2000.5722 51753 1072 5 141.1 -2000 -0.330329 4461849 0.372698 203 0.086845 0.0000 0.001267 0.001544 0.005960 -0.049859 -0.036795 -0.120785 40.2910761004 -218.9235249489 203.08685
J157 00JUL29 2000.5749 51754 1072 6 141.1 -2000 -0.329733 4461849 0.372920 203 0.103350 0.0000 0.001246 0.001549 0.005804 -0.015743 -0.032518 -0.205639 40.2910761024 -218.9235249419 203.10335
J157 00JUL30 2000.5777 51755 1073 0 141.1 -2000 -0.331709 4461849 0.372814 203 0.099813 0.0000 0.001245 0.001513 0.005806 -0.051978 -0.021435 -0.131917 40.2910761015 -218.9235249652 203.09981
J157 00JUL31 2000.5804 51756 1073 1 141.1 -2000 -0.330153 4461849 0.374437 203 0.087280 0.0000 0.001380 0.001620 0.006464 -0.013222 -0.023475 -0.148312 40.2910761161 -218.9235249469 203.08728
J157 00AUG01 2000.5832 51757 1073 2 141.1 -2000 -0.329788 4461849 0.373532 203 0.103883 0.0000 0.001324 0.001593 0.006235 0.030969 -0.105853 -0.170866 40.2910761079 -218.9235249426 203.10388
J157 00AUG02 2000.5859 51758 1073 3 141.1 -2000 -0.330595 4461849 0.372905 203 0.101431 0.0000 0.001336 0.001555 0.006158 0.040331 -0.026642 -0.182843 40.2910761023 -218.9235249521 203.10143
J157 00AUG03 2000.5886 51759 1073 4 141.1 -2000 -0.328843 4461849 0.377003 203 0.090156 0.0000 0.001335 0.001687 0.006305 0.071927 0.006669 -0.015642 40.2910761392 -218.9235249315 203.09016
J157 00AUG04 2000.5914 51760 1073 5 141.1 -2000 -0.330065 4461849 0.375451 203 0.103976 0.0000 0.001257 0.001588 0.005888 -0.049598 -0.026482 -0.112983 40.2910761252 -218.9235249458 203.10398
J157 00AUG05 2000.5941 51761 1073 6 141.1 -2000 -0.329448 4461849 0.375161 203 0.094974 0.0000 0.001230 0.001553 0.005796 -0.005516 -0.047380 -0.113474 40.2910761226 -218.9235249386 203.09497
J157 00AUG06 2000.5969 51762 1074 0 141.1 -2000 -0.328346 4461849 0.373814 203 0.090133 0.0000 0.001200 0.001547 0.005694 -0.017051 -0.087831 -0.130143 40.2910761105 -218.9235249256 203.09013
J157 00AUG07 2000.5996 51763 1074 1 141.1 -2000 -0.326223 4461849 0.370736 203 0.084629 0.0000 0.001228 0.001510 0.005756 -0.005291 -0.045057 -0.192983 40.2910760828 -218.9235249006 203.08463
J157 00AUG08 2000.6023 51764 1074 2 141.1 -2000 -0.322924 4461849 0.371413 203 0.101478 0.0000 0.001163 0.001458 0.005555 -0.065342 -0.013494 -0.136255 40.2910760889 -218.9235248618 203.10148
J157 00AUG09 2000.6051 51765 1074 3 141.1 -2000 -0.327233 4461849 0.372085 203 0.096577 0.0000 0.001288 0.001598 0.005942 -0.015973 -0.043615 -0.228700 40.2910760949 -218.9235249125 203.09658
J157 00AUG10 2000.6078 51766 1074 4 141.1 -2000 -0.327375 4461849 0.369629 203 0.107181 0.0000 0.001270 0.001649 0.006045 -0.009965 -0.142589 -0.233991 40.2910760728 -218.9235249142 203.10718
J157 00AUG11 2000.6105 51767 1074 5 141.1 -2000 -0.326289 4461849 0.371259 203 0.104915 0.0000 0.001261 0.001550 0.006187 0.006801 -0.035783 -0.232076 40.2910760875 -218.9235249014 203.10492
J157 00AUG12 2000.6133 51768 1074 6 141.1 -2000 -0.329184 4461849 0.376164 203 0.091212 0.0000 0.001307 0.001656 0.006339 0.057886 -0.161361 -0.058874 40.2910761317 -218.9235249355 203.09121
J157 00AUG13 2000.6160 51769 1075 0 141.1 -2000 -0.327288 4461849 0.376250 203 0.084272 0.0000 0.001195 0.001574 0.005757 0.010244 -0.057179 -0.109765 40.2910761324 -218.9235249132 203.08427
J157 00AUG14 2000.6188 51770 1075 1 141.1 -2000 -0.327820 4461849 0.374779 203 0.101398 0.0000 0.001146 0.001468 0.005440 0.024880 -0.095881 -0.122436 40.2910761192 -218.9235249194 203.10140
J157 00AUG15 2000.6215 51771 1075 2 141.1 -2000 -0.327003 4461849 0.375126 203 0.097446 0.0000 0.001222 0.001573 0.005811 -0.032121 -0.071405 -0.148687 40.2910761223 -218.9235249098 203.09745
J157 00AUG16 2000.6242 51772 1075 3 141.1 -2000 -0.326510 4461849 0.374646 203 0.104375 0.0000 0.001159 0.001478 0.005520 -0.031943 -0.083830 -0.144978 40.2910761180 -218.9235249040 203.10438
J157 00AUG17 2000.6270 51773 1075 4 141.1 -2000 -0.326104 4461849 0.375977 203 0.085546 0.0000 0.001143 0.001544 0.005591 -0.015355 -0.029082 -0.128141 40.2910761300 -218.9235248992 203.08555
J157 00AUG18 2000.6297 51774 1075 5 141.1 -2000 -0.327690 4461849 0.375660 203 0.093211 0.0000 0.001197 0.001539 0.005712 0.013113 -0.113451 -0.144317 40.2910761271 -218.9235249179 203.09321
J157 00AUG19 2000.6324 51775 1075 6 141.1 -2000 -0.327281 4461849 0.374796 203 0.080068 0.0000 0.001133 0.001433 0.005378 -0.000894 -0.122946 -0.094958 40.2910761193 -218.9235249131 203.08007
J157 00AUG20 2000.6352 51776 1076 0 141.1 -2000 -0.326635 4461849 0.372544 203 0.098940 0.0000 0.001162 0.001512 0.005628 -0.026556 -0.026197 -0.124319 40.2910760991 -218.9235249055 203.09894
J157 00AUG21 2000.6379 51777 1076 1 141.1 -2000 -0.329846 4461849 0.372276 203 0.094511 0.0000 0.001147 0.001406 0.005386 0.000495 -0.075528 -0.114851 40.2910760966 -218.9235249432 203.09451
J157 00AUG22 2000.6407 51778 1076 2 141.1 -2000 -0.328448 4461849 0.373643 203 0.111506 0.0000 0.001208 0.001586 0.006026 0.029917 -0.101578 -0.171868 40.2910761089 -218.9235249268 203.11151
J157 00AUG23 2000.6434 51779 1076 3 141.1 -2000 -0.327882 4461849 0.375241 203 0.097567 0.0000 0.001189 0.001469 0.005798 0.003920 -0.036396 -0.148210 40.2910761233 -218.9235249202 203.09757
J157 00AUG24 2000.6461 51780 1076 4 141.1 -2000 -0.323583 4461849 0.372992 203 0.093926 0.0000 0.001212 0.001651 0.006014 -0.025935 -0.118042 -0.153910 40.2910761031 -218.9235248696 203.09393
J157 00AUG25 2000.6489 51781 1076 5 141.1 -2000 -0.326666 4461849 0.371601 203 0.096193 0.0000 0.001165 0.001530 0.005812 -0.012964 -0.084820 -0.210714 40.2910760906 -218.9235249058 203.09619
J157 00AUG26 2000.6516 51782 1076 6 141.1 -2000 -0.326040 4461849 0.374889 203 0.095196 0.0000 0.001202 0.001536 0.005796 -0.013522 -0.103715 -0.127605 40.2910761202 -218.9235248985 203.09520
J157 00AUG27 2000.6543 51783 1077 0 141.1 -2000 -0.328751 4461849 0.372626 203 0.103165 0.0000 0.001148 0.001465 0.005583 -0.004275 -0.059673 -0.110276 40.2910760998 -218.9235249304 203.10316
J157 00AUG28 2000.6571 51784 1077 1 141.1 -2000 -0.324772 4461849 0.372163 203 0.108337 0.0000 0.001228 0.001541 0.005925 -0.007697 -0.102471 -0.127387 40.2910760956 -218.9235248836 203.10834
J157 00AUG29 2000.6598 51785 1077 2 141.1 -2000 -0.327890 4461849 0.371465 203 0.091945 0.0000 0.001123 0.001445 0.005417 -0.011212 -0.068983 -0.086403 40.2910760893 -218.9235249202 203.09194
J157 00AUG30 2000.6626 51786 1077 3 141.1 -2000 -0.326512 4461849 0.372410 203 0.102214 0.0000 0.001234 0.001541 0.005905 0.004359 -0.126725 -0.076006 40.2910760978 -218.9235249040 203.10221
J157 00AUG31 2000.6653 51787 1077 4 141.1 -2000 -0.325486 4461849 0.371792 203 0.095079 0.0000 0.001177 0.001449 0.005656 -0.009749 -0.035347 -0.105850 40.2910760923 -218.9235248920 203.09508
J157 00SEP01 2000.6680 51788 1077 5 141.1 -2000 -0.328308 4461849 0.372610 203 0.124306 0.0000 0.001293 0.001592 0.006113 -0.031214 -0.020602 -0.115981 40.2910760997 -218.9235249252 203.12431
J157 00SEP02 2000.6708 51789 1077 6 141.1 -2000 -0.323836 4461849 0.370799 203 0.114855 0.0000 0.001231 0.001529 0.005985 -0.021882 -0.103213 -0.142199 40.2910760833 -218.9235248726 203.11485
J157 00SEP03 2000.6735 51790 1078 0 141.1 -2000 -0.327535 4461849 0.371130 203 0.099219 0.0000 0.001123 0.001432 0.005407 -0.035968 -0.042919 -0.137750 40.2910760863 -218.9235249161 203.09922
J157 00SEP04 2000.6762 51791 1078 1 141.1 -2000 -0.327986 4461849 0.371909 203 0.092705 0.0000 0.001174 0.001457 0.005620 -0.028125 -0.060383 -0.180828 40.2910760933 -218.9235249214 203.09270
J157 00SEP05 2000.6790 51792 1078 2 141.1 -2000 -0.330155 4461849 0.371583 203 0.096366 0.0000 0.001187 0.001446 0.005639 -0.014574 -0.095579 -0.172800 40.2910760904 -218.9235249469 203.09637
J157 00SEP06 2000.6817 51793 1078 3 141.1 -2000 -0.331258 4461849 0.372762 203 0.086888 0.0000 0.001196 0.001544 0.005852 -0.049828 -0.065722 -0.157805 40.2910761010 -218.9235249599 203.08689
J157 00SEP07 2000.6845 51794 1078 4 141.1 -2000 -0.329890 4461849 0.374334 203 0.086381 0.0000 0.001183 0.001511 0.005781 -0.016203 -0.101243 -0.125279 40.2910761152 -218.9235249438 203.08638
J157 00SEP08 2000.6872 51795 1078 5 141.1 -2000 -0.326270 4461849 0.372773 203 0.098632 0.0000 0.001163 0.001471 0.005539 -0.038935 -0.067305 -0.147040 40.2910761011 -218.9235249012 203.09863
J157 00SEP09 2000.6899 51796 1078 6 141.1 -2000 -0.328340 4461849 0.373322 203 0.108496 0.0000 0.001215 0.001587 0.005909 -0.035948 -0.078732 -0.120556 40.2910761061 -218.9235249255 203.10850
J157 00SEP10 2000.6927 51797 1079 0 141.1 -2000 -0.328094 4461849 0.368537 203 0.107831 0.0000 0.001231 0.001612 0.006116 -0.011888 -0.127432 -0.165408 40.2910760630 -218.9235249226 203.10783
J157 00SEP11 2000.6954 51798 1079 1 141.1 -2000 -0.325475 4461849 0.370280 203 0.104622 0.0000 0.001195 0.001515 0.005700 -0.039544 -0.085372 -0.180975 40.2910760787 -218.9235248918 203.10462
J157 00SEP12 2000.6982 51799 1079 2 141.1 -2000 -0.327212 4461849 0.374391 203 0.097850 0.0000 0.001177 0.001471 0.005652 0.000191 -0.134769 -0.117585 40.2910761157 -218.9235249123 203.09785
J157 00SEP13 2000.7009 51800 1079 3 141.1 -2000 -0.327744 4461849 0.373510 203 0.096450 0.0000 0.001205 0.001507 0.005744 0.003948 -0.141293 -0.144798 40.2910761078 -218.9235249185 203.09645
J157 00SEP14 2000.7036 51801 1079 4 141.1 -2000 -0.326832 4461849 0.372945 203 0.091833 0.0000 0.001160 0.001480 0.005675 -0.006588 -0.115092 -0.147596 40.2910761027 -218.9235249078 203.09183
J157 00SEP15 2000.7064 51802 1079 5 141.1 -2000 -0.323295 4461849 0.368270 203 0.092360 0.0000 0.001150 0.001463 0.005496 -0.021809 -0.044535 -0.117658 40.2910760606 -218.9235248662 203.09236
J157 00SEP16 2000.7091 51803 1079 6 141.1 -2000 -0.325792 4461849 0.371503 203 0.105515 0.0000 0.001187 0.001469 0.005781 0.010392 -0.055511 -0.091445 40.2910760897 -218.9235248956 203.10551
J157 00SEP17 2000.7118 51804 1080 0 141.1 -2000 -0.328599 4461849 0.374414 203 0.111759 0.0000 0.001226 0.001540 0.006159 -0.013479 -0.060579 -0.062821 40.2910761159 -218.9235249286 203.11176
J157 00SEP18 2000.7146 51805 1080 1 141.1 -2000 -0.322702 4461849 0.376460 203 0.074557 0.0000 0.001153 0.001441 0.005510 -0.007390 -0.090405 -0.132837 40.2910761343 -218.9235248592 203.07456
J157 00SEP19 2000.7173 51806 1080 2 141.1 -2000 -0.324834 4461849 0.374043 203 0.081265 0.0000 0.001149 0.001461 0.005517 -0.013771 -0.051551 -0.109087 40.2910761126 -218.9235248843 203.08127
J157 00SEP20 2000.7201 51807 1080 3 141.1 -2000 -0.326198 4461849 0.375400 203 0.092380 0.0000 0.001166 0.001470 0.005608 0.000827 -0.072213 -0.129425 40.2910761248 -218.9235249004 203.09238
J157 00SEP21 2000.7228 51808 1080 4 141.1 -2000 -0.327882 4461849 0.373695 203 0.092852 0.0000 0.001150 0.001449 0.005551 0.002093 -0.079914 -0.133970 40.2910761094 -218.9235249202 203.09285
J157 00SEP22 2000.7255 51809 1080 5 141.1 -2000 -0.327426 4461849 0.373851 203 0.095629 0.0000 0.001173 0.001447 0.005593 0.036644 -0.101054 -0.104072 40.2910761108 -218.9235249148 203.09563
J157 00SEP23 2000.7283 51810 1080 6 141.1 -2000 -0.325462 4461849 0.373493 203 0.100723 0.0000 0.001130 0.001474 0.005577 -0.007969 -0.082726 -0.166034 40.2910761076 -218.9235248917 203.10072
J157 00SEP24 2000.7310 51811 1081 0 141.1 -2000 -0.324266 4461849 0.371879 203 0.099182 0.0000 0.001164 0.001455 0.005554 0.000140 -0.052727 -0.139913 40.2910760931 -218.9235248776 203.09918
J157 00SEP25 2000.7337 51812 1081 1 141.1 -2000 -0.320826 4461849 0.371641 203 0.099740 0.0000 0.001195 0.001520 0.005875 0.004473 -0.058494 -0.067981 40.2910760909 -218.9235248372 203.09974
J157 00SEP26 2000.7365 51813 1081 2 141.1 -2000 -0.328483 4461849 0.373939 203 0.103402 0.0000 0.001156 0.001478 0.005649 0.009589 -0.026591 -0.170088 40.2910761116 -218.9235249272 203.10340
J157 00SEP27 2000.7392 51814 1081 3 141.1 -2000 -0.327588 4461849 0.373061 203 0.097187 0.0000 0.001226 0.001518 0.005787 0.017613 -0.007626 -0.150078 40.2910761037 -218.9235249167 203.09719
J157 00SEP28 2000.7420 51815 1081 4 141.1 -2000 -0.323003 4461849 0.370549 203 0.086782 0.0000 0.001207 0.001565 0.005923 -0.016374 -0.027398 -0.186606 40.2910760811 -218.9235248628 203.08678
J157 00SEP29 2000.7447 51816 1081 5 141.1 -2000 -0.325957 4461849 0.375241 203 0.079406 0.0000 0.001186 0.001525 0.005765 -0.018104 -0.009099 -0.148883 40.2910761233 -218.9235248975 203.07941
J157 00SEP30 2000.7474 51817 1081 6 141.1 -2000 -0.323568 4461849 0.369752 203 0.085433 0.0000 0.001128 0.001429 0.005427 0.028051 -0.037914 -0.114456 40.2910760739 -218.9235248694 203.08543
J157 00OCT01 2000.7502 51818 1082 0 141.1 -2000 -0.322496 4461849 0.370572 203 0.072438 0.0000 0.001171 0.001461 0.005654 -0.024683 -0.076957 -0.134071 40.2910760813 -218.9235248568 203.07244
J157 00OCT02 2000.7529 51819 1082 1 141.1 -2000 -0.325238 4461849 0.370785 203 0.083377 0.0000 0.001171 0.001506 0.005691 -0.022810 -0.007752 -0.125119 40.2910760832 -218.9235248891 203.08338
J157 00OCT03 2000.7556 51820 1082 2 141.1 -2000 -0.322963 4461849 0.372365 203 0.081488 0.0000 0.001181 0.001484 0.005606 -0.040000 0.019514 -0.099258 40.2910760974 -218.9235248623 203.08149
J157 00OCT04 2000.7584 51821 1082 3 141.1 -2000 -0.322357 4461849 0.375601 203 0.064188 0.0000 0.001173 0.001475 0.005548 0.006082 -0.041050 -0.116220 40.2910761266 -218.9235248552 203.06419
J157 00OCT05 2000.7611 51822 1082 4 141.1 -2000 -0.326178 4461849 0.371253 203 0.084913 0.0000 0.001209 0.001514 0.005740 0.088045 -0.058279 -0.075570 40.2910760874 -218.9235249001 203.08491
J157 00OCT06 2000.7639 51823 1082 5 141.1 -2000 -0.326945 4461849 0.372805 203 0.077600 0.0000 0.001121 0.001428 0.005300 0.027672 -0.060999 -0.139069 40.2910761014 -218.9235249091 203.07760
J157 00OCT07 2000.7666 51824 1082 6 141.1 -2000 -0.325626 4461849 0.371679 203 0.068009 0.0000 0.001118 0.001414 0.005337 0.016389 -0.054332 -0.137132 40.2910760913 -218.9235248936 203.06801
J157 00OCT08 2000.7693 51825 1083 0 141.1 -2000 -0.328150 4461849 0.372339 203 0.082164 0.0000 0.001140 0.001457 0.005399 0.016608 -0.065224 -0.104889 40.2910760972 -218.9235249233 203.08216
J157 00OCT09 2000.7721 51826 1083 1 141.1 -2000 -0.327347 4461849 0.371004 203 0.067956 0.0000 0.001156 0.001468 0.005491 0.020612 -0.058068 -0.090773 40.2910760852 -218.9235249139 203.06796
J157 00OCT10 2000.7748 51827 1083 2 141.1 -2000 -0.323795 4461849 0.372555 203 0.072880 0.0000 0.001187 0.001489 0.005563 0.051501 -0.060562 -0.099679 40.2910760992 -218.9235248721 203.07288
J157 00OCT11 2000.7775 51828 1083 3 141.1 -2000 -0.332097 4461849 0.370714 203 0.084551 0.0000 0.001166 0.001482 0.005478 0.027460 -0.047071 -0.118466 40.2910760826 -218.9235249697 203.08455
J157 00OCT12 2000.7803 51829 1083 4 141.1 -2000 -0.326197 4461849 0.368616 203 0.078832 0.0000 0.001177 0.001510 0.005693 0.104975 -0.095277 -0.123543 40.2910760637 -218.9235249003 203.07883
J157 00OCT13 2000.7830 51830 1083 5 141.1 -2000 -0.324345 4461849 0.370925 203 0.085064 0.0000 0.001221 0.001547 0.006036 0.111412 0.021942 -0.071465 40.2910760845 -218.9235248785 203.08506
J157 00OCT14 2000.7858 51831 1083 6 141.1 -2000 -0.324579 4461849 0.369812 203 0.079803 0.0000 0.001199 0.001468 0.005665 0.062665 -0.069433 -0.148223 40.2910760745 -218.9235248813 203.07980
J157 00OCT15 2000.7885 51832 1084 0 141.1 -2000 -0.327954 4461849 0.372092 203 0.093709 0.0000 0.001147 0.001450 0.005499 0.030584 0.031337 -0.118249 40.2910760950 -218.9235249210 203.09371
J157 00OCT16 2000.7912 51833 1084 1 141.1 -2000 -0.325674 4461849 0.370783 203 0.078573 0.0000 0.001128 0.001435 0.005372 0.042303 0.016618 -0.106102 40.2910760832 -218.9235248942 203.07857
J157 00OCT17 2000.7940 51834 1084 2 141.1 -2000 -0.330488 4461849 0.371530 203 0.091848 0.0000 0.001209 0.001537 0.005710 -0.019831 -0.013381 -0.096480 40.2910760899 -218.9235249508 203.09185
J157 00OCT18 2000.7967 51835 1084 3 141.1 -2000 -0.331346 4461849 0.373312 203 0.084037 0.0000 0.001179 0.001436 0.005494 -0.012059 -0.001184 -0.108972 40.2910761060 -218.9235249609 203.08404
J157 00OCT19 2000.7995 51836 1084 4 141.1 -2000 -0.327049 4461849 0.372266 203 0.074708 0.0000 0.001171 0.001442 0.005466 0.062495 -0.026829 -0.076493 40.2910760966 -218.9235249104 203.07471
J157 00OCT20 2000.8022 51837 1084 5 141.1 -2000 -0.327402 4461849 0.371417 203 0.078715 0.0000 0.001146 0.001425 0.005403 0.014758 -0.032709 -0.111861 40.2910760889 -218.9235249145 203.07872
J157 00OCT21 2000.8049 51838 1084 6 141.1 -2000 -0.325444 4461849 0.372158 203 0.074388 0.0000 0.001160 0.001463 0.005573 0.032850 0.001091 -0.123662 40.2910760956 -218.9235248915 203.07439
J157 00OCT22 2000.8077 51839 1085 0 141.1 -2000 -0.328040 4461849 0.371710 203 0.076535 0.0000 0.001142 0.001450 0.005456 0.036617 -0.047269 -0.114380 40.2910760915 -218.9235249220 203.07653
J157 00OCT23 2000.8104 51840 1085 1 141.1 -2000 -0.326093 4461849 0.368415 203 0.078426 0.0000 0.001137 0.001438 0.005425 0.021025 -0.017186 -0.109414 40.2910760619 -218.9235248991 203.07843
J157 00OCT24 2000.8131 51841 1085 2 141.1 -2000 -0.326817 4461849 0.369989 203 0.084723 0.0000 0.001145 0.001468 0.005488 0.026259 0.027456 -0.080238 40.2910760760 -218.9235249076 203.08472
J157 00OCT25 2000.8159 51842 1085 3 141.1 -2000 -0.327762 4461849 0.369892 203 0.093032 0.0000 0.001160 0.001448 0.005492 0.010098 -0.029084 -0.077209 40.2910760752 -218.9235249187 203.09303
J157 00OCT26 2000.8186 51843 1085 4 141.1 -2000 -0.332220 4461849 0.369748 203 0.086720 0.0000 0.001185 0.001508 0.005847 0.014497 -0.009721 -0.133330 40.2910760739 -218.9235249712 203.08672
J157 00OCT27 2000.8214 51844 1085 5 141.1 -2000 -0.326302 4461849 0.372825 203 0.081875 0.0000 0.001173 0.001521 0.005722 -0.018090 0.041168 -0.115140 40.2910761016 -218.9235249016 203.08188
J157 00OCT28 2000.8241 51845 1085 6 141.1 -2000 -0.321956 4461849 0.372109 203 0.089077 0.0000 0.001159 0.001469 0.005598 0.039565 0.012651 -0.099547 40.2910760951 -218.9235248505 203.08908
J157 00OCT29 2000.8268 51846 1086 0 141.1 -2000 -0.324129 4461849 0.371254 203 0.082300 0.0000 0.001141 0.001452 0.005437 0.018179 0.012821 -0.110706 40.2910760874 -218.9235248760 203.08230
J157 00OCT30 2000.8296 51847 1086 1 141.1 -2000 -0.324314 4461849 0.369483 203 0.083299 0.0000 0.001170 0.001575 0.005828 0.050169 -0.029845 -0.081140 40.2910760715 -218.9235248782 203.08330
J157 00OCT31 2000.8323 51848 1086 2 141.1 -2000 -0.324450 4461849 0.371824 203 0.076473 0.0000 0.001199 0.001539 0.005853 0.103586 -0.085903 -0.128224 40.2910760926 -218.9235248798 203.07647
J157 00NOV01 2000.8350 51849 1086 3 141.1 -2000 -0.324809 4461849 0.369506 203 0.095670 0.0000 0.001193 0.001532 0.005821 0.026910 0.013261 -0.103312 40.2910760717 -218.9235248840 203.09567
J157 00NOV02 2000.8378 51850 1086 4 141.1 -2000 -0.324060 4461849 0.368941 203 0.088462 0.0000 0.001155 0.001505 0.005541 0.001984 0.011754 -0.139330 40.2910760666 -218.9235248752 203.08846
J157 00NOV03 2000.8405 51851 1086 5 141.1 -2000 -0.324690 4461849 0.368864 203 0.065329 0.0000 0.001143 0.001456 0.005426 0.052175 0.054653 -0.099527 40.2910760659 -218.9235248826 203.06533
J157 00NOV04 2000.8433 51852 1086 6 141.1 -2000 -0.325488 4461849 0.370941 203 0.068593 0.0000 0.001175 0.001493 0.005592 0.015602 0.075916 -0.103259 40.2910760846 -218.9235248920 203.06859
J157 00NOV05 2000.8460 51853 1087 0 141.1 -2000 -0.326089 4461849 0.374852 203 0.077776 0.0000 0.001130 0.001476 0.005381 0.049703 0.038470 -0.092724 40.2910761198 -218.9235248991 203.07778
J157 00NOV06 2000.8487 51854 1087 1 141.1 -2000 -0.326653 4461849 0.374689 203 0.069668 0.0000 0.001117 0.001477 0.005373 0.048106 0.002441 -0.098345 40.2910761184 -218.9235249057 203.06967
J157 00NOV07 2000.8515 51855 1087 2 141.1 -2000 -0.332396 4461849 0.371948 203 0.082080 0.0000 0.001151 0.001496 0.005542 0.037454 0.015454 -0.067329 40.2910760937 -218.9235249732 203.08208
J157 00NOV08 2000.8542 51856 1087 3 141.1 -2000 -0.326844 4461849 0.375109 203 0.068690 0.0000 0.001139 0.001466 0.005430 0.028900 0.005864 -0.130759 40.2910761222 -218.9235249080 203.06869
J157 00NOV09 2000.8569 51857 1087 4 141.1 -2000 -0.325518 4461849 0.371398 203 0.076548 0.0000 0.001139 0.001452 0.005404 0.048139 -0.017561 -0.140600 40.2910760887 -218.9235248923 203.07655
J157 00NOV10 2000.8597 51858 1087 5 141.1 -2000 -0.324636 4461849 0.371414 203 0.073396 0.0000 0.001191 0.001595 0.005804 0.044358 0.021393 -0.181974 40.2910760889 -218.9235248820 203.07340
J157 00NOV11 2000.8624 51859 1087 6 141.1 -2000 -0.326853 4461849 0.372225 203 0.081669 0.0000 0.001117 0.001476 0.005380 0.022852 0.022172 -0.114801 40.2910760962 -218.9235249080 203.08167
J157 00NOV12 2000.8652 51860 1088 0 141.1 -2000 -0.326876 4461849 0.372318 203 0.079499 0.0000 0.001177 0.001510 0.005639 0.032852 0.064969 -0.109148 40.2910760970 -218.9235249083 203.07950
J157 00NOV13 2000.8679 51861 1088 1 141.1 -2000 -0.324216 4461849 0.370838 203 0.078577 0.0000 0.001115 0.001483 0.005379 0.030004 0.063032 -0.100617 40.2910760837 -218.9235248770 203.07858
J157 00NOV14 2000.8706 51862 1088 2 141.1 -2000 -0.325691 4461849 0.370983 203 0.063369 0.0000 0.001183 0.001550 0.005617 0.036229 0.085624 -0.089036 40.2910760850 -218.9235248944 203.06337
J157 00NOV15 2000.8734 51863 1088 3 141.1 -2000 -0.330817 4461849 0.372590 203 0.074587 0.0000 0.001157 0.001539 0.005553 0.078329 -0.038379 -0.129819 40.2910760995 -218.9235249547 203.07459
J157 00NOV16 2000.8761 51864 1088 4 141.1 -2000 -0.325365 4461849 0.371698 203 0.087748 0.0000 0.001161 0.001513 0.005515 0.080286 -0.015368 -0.139738 40.2910760914 -218.9235248906 203.08775
J157 00NOV17 2000.8789 51865 1088 5 141.1 -2000 -0.325660 4461849 0.371118 203 0.084960 0.0000 0.001119 0.001458 0.005277 0.029479 0.004007 -0.113479 40.2910760862 -218.9235248940 203.08496
J157 00NOV18 2000.8816 51866 1088 6 141.1 -2000 -0.330426 4461849 0.373926 203 0.075090 0.0000 0.001145 0.001501 0.005477 0.047823 -0.018898 -0.107632 40.2910761115 -218.9235249501 203.07509
J157 00NOV19 2000.8843 51867 1089 0 141.1 -2000 -0.326584 4461849 0.371368 203 0.082677 0.0000 0.001147 0.001560 0.005589 0.013370 -0.009841 -0.111724 40.2910760885 -218.9235249049 203.08268
J157 00NOV20 2000.8871 51868 1089 1 141.1 -2000 -0.326269 4461849 0.367665 203 0.081602 0.0000 0.001150 0.001534 0.005538 0.056001 -0.036354 -0.120214 40.2910760551 -218.9235249012 203.08160
J157 00NOV21 2000.8898 51869 1089 2 141.1 -2000 -0.329831 4461849 0.374577 203 0.076912 0.0000 0.001148 0.001531 0.005532 0.036384 0.029632 -0.060684 40.2910761174 -218.9235249431 203.07691
J157 00NOV22 2000.8925 51870 1089 3 141.1 -2000 -0.326812 4461849 0.373054 203 0.084477 0.0000 0.001187 0.001512 0.005535 0.075254 0.002739 -0.101751 40.2910761036 -218.9235249076 203.08448
J157 00NOV23 2000.8953 51871 1089 4 141.1 -2000 -0.326828 4461849 0.374425 203 0.078554 0.0000 0.001156 0.001524 0.005544 0.013645 -0.016672 -0.094666 40.2910761160 -218.9235249078 203.07855
J157 00NOV24 2000.8980 51872 1089 5 141.1 -2000 -0.325463 4461849 0.372506 203 0.070553 0.0000 0.001160 0.001560 0.005598 0.046479 -0.031047 -0.077556 40.2910760987 -218.9235248917 203.07055
J157 00NOV25 2000.9008 51873 1089 6 141.1 -2000 -0.324675 4461849 0.374026 203 0.079523 0.0000 0.001188 0.001521 0.005608 0.047217 -0.009647 -0.087931 40.2910761124 -218.9235248824 203.07952
J157 00NOV26 2000.9035 51874 1090 0 141.1 -2000 -0.327782 4461849 0.371901 203 0.073371 0.0000 0.001197 0.001600 0.005785 0.014239 -0.007193 -0.146326 40.2910760933 -218.9235249190 203.07337
J157 00NOV27 2000.9062 51875 1090 1 141.1 -2000 -0.326209 4461849 0.375437 203 0.080414 0.0000 0.001311 0.001628 0.006227 0.032692 0.030586 -0.143937 40.2910761251 -218.9235249005 203.08041
J157 00NOV28 2000.9090 51876 1090 2 141.1 -2000 -0.328189 4461849 0.377545 203 0.077481 0.0000 0.001174 0.001525 0.005614 -0.027812 0.085851 -0.143051 40.2910761441 -218.9235249238 203.07748
J157 00NOV29 2000.9117 51877 1090 3 141.1 -2000 -0.326126 4461849 0.370856 203 0.080594 0.0000 0.001178 0.001604 0.005721 0.054675 0.005875 -0.143468 40.2910760839 -218.9235248995 203.08059
J157 00NOV30 2000.9144 51878 1090 4 141.1 -2000 -0.328703 4461849 0.368623 203 0.079123 0.0000 0.001180 0.001525 0.005615 0.045094 -0.034404 -0.119350 40.2910760637 -218.9235249298 203.07912
J157 00DEC01 2000.9172 51879 1090 5 141.1 -2000 -0.330132 4461849 0.374985 203 0.092663 0.0000 0.001229 0.001555 0.005768 0.014362 -0.023240 -0.098738 40.2910761210 -218.9235249466 203.09266
J157 00DEC02 2000.9199 51880 1090 6 141.1 -2000 -0.326811 4461849 0.370930 203 0.085812 0.0000 0.001168 0.001536 0.005521 0.047790 -0.001312 -0.098589 40.2910760845 -218.9235249075 203.08581
J157 00DEC03 2000.9227 51881 1091 0 141.1 -2000 -0.332005 4461849 0.370677 203 0.079717 0.0000 0.001183 0.001527 0.005581 0.029866 0.004109 -0.141612 40.2910760822 -218.9235249686 203.07972
J157 00DEC04 2000.9254 51882 1091 1 141.1 -2000 -0.326963 4461849 0.373658 203 0.091554 0.0000 0.001203 0.001666 0.005797 0.077367 -0.008977 -0.065002 40.2910761091 -218.9235249094 203.09155
J157 00DEC05 2000.9281 51883 1091 2 141.1 -2000 -0.335918 4461849 0.365350 203 0.076807 0.0000 0.001239 0.001590 0.005984 -0.015667 0.005263 -0.192580 40.2910760343 -218.9235250146 203.07681
J157 00DEC06 2000.9309 51884 1091 3 141.1 -2000 -0.333024 4461849 0.374519 203 0.096830 0.0000 0.001177 0.001571 0.005611 0.000164 0.013601 -0.139363 40.2910761168 -218.9235249806 203.09683
J157 00DEC07 2000.9336 51885 1091 4 141.1 -2000 -0.325664 4461849 0.374249 203 0.085316 0.0000 0.001147 0.001542 0.005442 0.014944 0.019678 -0.092241 40.2910761144 -218.9235248941 203.08532
J157 00DEC08 2000.9363 51886 1091 5 141.1 -2000 -0.326933 4461849 0.372963 203 0.078272 0.0000 0.001194 0.001610 0.005791 -0.010494 0.064821 -0.136083 40.2910761028 -218.9235249090 203.07827
J157 00DEC09 2000.9391 51887 1091 6 141.1 -2000 -0.327185 4461849 0.373038 203 0.092021 0.0000 0.001179 0.001532 0.005495 0.051974 0.024647 -0.092557 40.2910761035 -218.9235249120 203.09202
J157 00DEC10 2000.9418 51888 1092 0 141.1 -2000 -0.331969 4461849 0.370009 203 0.094425 0.0000 0.001169 0.001584 0.005625 0.048383 0.021333 -0.113338 40.2910760762 -218.9235249682 203.09442
J157 00DEC11 2000.9446 51889 1092 1 141.1 -2000 -0.331617 4461849 0.369256 203 0.110518 0.0000 0.001164 0.001610 0.005672 0.020159 0.045947 -0.120256 40.2910760694 -218.9235249641 203.11052
J157 00DEC12 2000.9473 51890 1092 2 141.1 -2000 -0.328113 4461849 0.371163 203 0.090412 0.0000 0.001121 0.001525 0.005323 0.022664 0.032408 -0.130602 40.2910760866 -218.9235249229 203.09041
J157 00DEC13 2000.9500 51891 1092 3 141.1 -2000 -0.322183 4461849 0.372078 203 0.086772 0.0000 0.001135 0.001560 0.005379 0.067625 -0.044822 -0.139223 40.2910760949 -218.9235248531 203.08677
J157 00DEC14 2000.9528 51892 1092 4 141.1 -2000 -0.324850 4461849 0.371029 203 0.086582 0.0000 0.001106 0.001499 0.005227 0.080031 -0.045708 -0.142917 40.2910760854 -218.9235248845 203.08658
J157 00DEC15 2000.9555 51893 1092 5 141.1 -2000 -0.331569 4461849 0.370120 203 0.081221 0.0000 0.001121 0.001488 0.005254 0.056797 0.007192 -0.132737 40.2910760772 -218.9235249635 203.08122
J157 00DEC16 2000.9582 51894 1092 6 141.1 -2000 -0.330994 4461849 0.370301 203 0.090117 0.0000 0.001146 0.001550 0.005450 0.076133 -0.004045 -0.083534 40.2910760789 -218.9235249567 203.09012
J157 00DEC17 2000.9610 51895 1093 0 141.1 -2000 -0.323481 4461849 0.370617 203 0.094993 0.0000 0.001130 0.001535 0.005411 0.044318 -0.040228 -0.127268 40.2910760817 -218.9235248684 203.09499
J157 00DEC18 2000.9637 51896 1093 1 141.1 -2000 -0.326426 4461849 0.373825 203 0.088846 0.0000 0.001149 0.001564 0.005427 0.082373 -0.054980 -0.112538 40.2910761106 -218.9235249030 203.08885
J157 00DEC19 2000.9665 51897 1093 2 141.1 -2000 -0.326256 4461849 0.371530 203 0.079554 0.0000 0.001196 0.001618 0.005567 0.139543 -0.052653 -0.062951 40.2910760899 -218.9235249010 203.07955
J157 00DEC20 2000.9692 51898 1093 3 141.1 -2000 -0.327610 4461849 0.371277 203 0.081257 0.0000 0.001160 0.001518 0.005398 0.079354 0.001697 -0.023522 40.2910760876 -218.9235249170 203.08126
J157 00DEC21 2000.9719 51899 1093 4 141.1 -2000 -0.332129 4461849 0.373989 203 0.099974 0.0000 0.001142 0.001525 0.005293 0.062812 -0.065001 -0.102806 40.2910761121 -218.9235249701 203.09997
J157 00DEC22 2000.9747 51900 1093 5 141.1 -2000 -0.325494 4461849 0.373876 203 0.088437 0.0000 0.001145 0.001503 0.005285 0.093831 -0.026953 -0.105574 40.2910761111 -218.9235248921 203.08844
J157 00DEC23 2000.9774 51901 1093 6 141.1 -2000 -0.327821 4461849 0.371652 203 0.087137 0.0000 0.001143 0.001478 0.005271 0.075807 -0.051259 -0.100705 40.2910760910 -218.9235249194 203.08714
J157 00DEC24 2000.9802 51902 1094 0 141.1 -2000 -0.330825 4461849 0.371331 203 0.081712 0.0000 0.001127 0.001469 0.005283 0.067788 -0.075231 -0.144799 40.2910760881 -218.9235249548 203.08171
J157 00DEC25 2000.9829 51903 1094 1 141.1 -2000 -0.327986 4461849 0.370768 203 0.092798 0.0000 0.001123 0.001458 0.005251 0.063151 -0.071393 -0.130402 40.2910760831 -218.9235249214 203.09280
J157 00DEC26 2000.9856 51904 1094 2 141.1 -2000 -0.327240 4461849 0.371702 203 0.088700 0.0000 0.001117 0.001470 0.005264 0.062340 -0.002459 -0.097618 40.2910760915 -218.9235249126 203.08870
J157 00DEC27 2000.9884 51905 1094 3 141.1 -2000 -0.322370 4461849 0.370667 203 0.083501 0.0000 0.001124 0.001515 0.005354 0.070930 -0.061985 -0.119635 40.2910760821 -218.9235248553 203.08350
J157 00DEC28 2000.9911 51906 1094 4 141.1 -2000 -0.325189 4461849 0.372933 203 0.088118 0.0000 0.001134 0.001494 0.005405 0.070898 -0.041227 -0.120329 40.2910761026 -218.9235248885 203.08812
J157 00DEC29 2000.9938 51907 1094 5 141.1 -2000 -0.324811 4461849 0.373506 203 0.089943 0.0000 0.001125 0.001474 0.005278 0.075505 -0.037403 -0.088608 40.2910761077 -218.9235248840 203.08994
J157 00DEC30 2000.9966 51908 1094 6 141.1 -2000 -0.324230 4461849 0.371379 203 0.092822 0.0000 0.001106 0.001411 0.005133 0.039610 -0.043802 -0.095443 40.2910760886 -218.9235248772 203.09282
J157 00DEC31 2000.9993 51909 1095 0 141.1 -2000 -0.327653 4461849 0.370784 203 0.094029 0.0000 0.001129 0.001483 0.005464 0.094663 -0.038985 -0.141550 40.2910760832 -218.9235249174 203.09403
J157 01JAN01 2001.0021 51910 1095 1 141.1 -2000 -0.325962 4461849 0.371256 203 0.090855 0.0000 0.001130 0.001466 0.005353 0.087088 -0.033608 -0.101366 40.2910760875 -218.9235248976 203.09086
J157 01JAN02 2001.0048 51911 1095 2 141.1 -2000 -0.325294 4461849 0.370302 203 0.089424 0.0000 0.001147 0.001470 0.005400 0.056426 -0.025691 -0.146532 40.2910760789 -218.9235248897 203.08942
J157 01JAN03 2001.0075 51912 1095 3 141.1 -2000 -0.325723 4461849 0.373037 203 0.087630 0.0000 0.001167 0.001460 0.005405 0.083867 -0.006751 -0.162644 40.2910761035 -218.9235248948 203.08763
J157 01JAN04 2001.0103 51913 1095 4 141.1 -2000 -0.325499 4461849 0.374122 203 0.090861 0.0000 0.001174 0.001522 0.005530 0.089855 -0.001973 -0.114380 40.2910761133 -218.9235248921 203.09086
J157 01JAN05 2001.0130 51914 1095 5 141.1 -2000 -0.323017 4461849 0.374378 203 0.087364 0.0000 0.001150 0.001506 0.005427 0.128682 -0.012210 -0.091936 40.2910761156 -218.9235248629 203.08736
J157 01JAN06 2001.0157 51915 1095 6 141.1 -2000 -0.324575 4461849 0.372646 203 0.090990 0.0000 0.001152 0.001500 0.005445 0.089646 -0.034700 -0.145826 40.2910761000 -218.9235248813 203.09099
J157 01JAN07 2001.0185 51916 1096 0 141.1 -2000 -0.324979 4461849 0.373047 203 0.085592 0.0000 0.001127 0.001426 0.005298 0.062500 -0.041650 -0.157886 40.2910761036 -218.9235248860 203.08559
J157 01JAN08 2001.0212 51917 1096 1 141.1 -2000 -0.323517 4461849 0.373537 203 0.067778 0.0000 0.001118 0.001440 0.005327 0.076317 -0.056054 -0.155110 40.2910761080 -218.9235248688 203.06778
J157 01JAN09 2001.0240 51918 1096 2 141.1 -2000 -0.324832 4461849 0.373642 203 0.096596 0.0000 0.001137 0.001474 0.005406 0.060724 -0.063400 -0.158904 40.2910761089 -218.9235248843 203.09660
J157 01JAN10 2001.0267 51919 1096 3 141.1 -2000 -0.326245 4461849 0.373542 203 0.092497 0.0000 0.001144 0.001447 0.005393 0.085568 -0.080254 -0.134452 40.2910761080 -218.9235249009 203.09250
J157 01JAN11 2001.0294 51920 1096 4 141.1 -2000 -0.330931 4461849 0.374000 203 0.084195 0.0000 0.001167 0.001505 0.005524 0.090977 -0.033700 -0.133939 40.2910761122 -218.9235249560 203.08419
J157 01JAN12 2001.0322 51921 1096 5 141.1 -2000 -0.327471 4461849 0.372826 203 0.076144 0.0000 0.001196 0.001488 0.005587 0.102284 -0.008808 -0.160122 40.2910761016 -218.9235249153 203.07614
J157 01JAN13 2001.0349 51922 1096 6 141.1 -2000 -0.329621 4461849 0.371939 203 0.086587 0.0000 0.001205 0.001539 0.005672 0.090673 -0.035605 -0.174533 40.2910760936 -218.9235249406 203.08659
J157 01JAN14 2001.0376 51923 1097 0 141.1 -2000 -0.326393 4461849 0.373569 203 0.083060 0.0000 0.001153 0.001505 0.005533 0.094243 -0.092864 -0.198468 40.2910761083 -218.9235249026 203.08306
J157 01JAN15 2001.0404 51924 1097 1 141.1 -2000 -0.324107 4461849 0.373122 203 0.074342 0.0000 0.001161 0.001487 0.005482 0.094806 -0.016084 -0.150598 40.2910761043 -218.9235248758 203.07434
J157 01JAN16 2001.0431 51925 1097 2 141.1 -2000 -0.321930 4461849 0.369248 203 0.107304 0.0000 0.001170 0.001504 0.005381 0.108048 -0.065882 -0.148618 40.2910760694 -218.9235248501 203.10730
J157 01JAN17 2001.0459 51926 1097 3 141.1 -2000 -0.322196 4461849 0.373504 203 0.066610 0.0000 0.001190 0.001470 0.005444 0.094482 -0.085091 -0.164152 40.2910761077 -218.9235248533 203.06661
J157 01JAN18 2001.0486 51927 1097 4 141.1 -2000 -0.323115 4461849 0.372555 203 0.067981 0.0000 0.001213 0.001540 0.005688 0.104575 -0.125820 -0.175286 40.2910760992 -218.9235248641 203.06798
J157 01JAN19 2001.0513 51928 1097 5 141.1 -2000 -0.321543 4461849 0.373384 203 0.103177 0.0000 0.001138 0.001479 0.005334 0.065234 -0.019114 -0.160507 40.2910761066 -218.9235248456 203.10318
J157 01JAN20 2001.0541 51929 1097 6 141.1 -2000 -0.325285 4461849 0.372363 203 0.086968 0.0000 0.001148 0.001479 0.005385 0.105676 -0.111580 -0.186910 40.2910760974 -218.9235248896 203.08697
J157 01JAN21 2001.0568 51930 1098 0 141.1 -2000 -0.329488 4461849 0.375966 203 0.076524 0.0000 0.001127 0.001446 0.005291 0.079429 -0.086939 -0.163473 40.2910761299 -218.9235249391 203.07652
J157 01JAN22 2001.0595 51931 1098 1 141.1 -2000 -0.324830 4461849 0.372539 203 0.090266 0.0000 0.001183 0.001515 0.005557 0.091019 -0.135940 -0.187887 40.2910760990 -218.9235248843 203.09027
J157 01JAN23 2001.0623 51932 1098 2 141.1 -2000 -0.328071 4461849 0.372911 203 0.083353 0.0000 0.001204 0.001516 0.005738 0.095254 -0.029481 -0.172152 40.2910761024 -218.9235249224 203.08335
J157 01JAN24 2001.0650 51933 1098 3 141.1 -2000 -0.325466 4461849 0.369214 203 0.084300 0.0000 0.001208 0.001496 0.005634 0.091710 0.002050 -0.171421 40.2910760691 -218.9235248917 203.08430
J157 01JAN25 2001.0678 51934 1098 4 141.1 -2000 -0.321308 4461849 0.369732 203 0.084989 0.0000 0.001161 0.001481 0.005397 0.073068 -0.036512 -0.171360 40.2910760737 -218.9235248428 203.08499
J157 01JAN26 2001.0705 51935 1098 5 141.1 -2000 -0.324202 4461849 0.370935 203 0.084300 0.0000 0.001204 0.001492 0.005529 0.103819 -0.071526 -0.146549 40.2910760846 -218.9235248769 203.08430
J157 01JAN27 2001.0732 51936 1098 6 141.1 -2000 -0.324836 4461849 0.369405 203 0.069598 0.0000 0.001157 0.001461 0.005354 0.083824 -0.015771 -0.172600 40.2910760708 -218.9235248843 203.06960
J157 01JAN28 2001.0760 51937 1099 0 141.1 -2000 -0.324436 4461849 0.369297 203 0.079824 0.0000 0.001135 0.001459 0.005317 0.046827 -0.015624 -0.161164 40.2910760698 -218.9235248796 203.07982
J157 01JAN29 2001.0787 51938 1099 1 141.1 -2000 -0.325078 4461849 0.370197 203 0.090101 0.0000 0.001130 0.001474 0.005407 0.051438 -0.044437 -0.170113 40.2910760779 -218.9235248872 203.09010
J157 01JAN30 2001.0815 51939 1099 2 141.1 -2000 -0.326374 4461849 0.369175 203 0.082830 0.0000 0.001136 0.001459 0.005386 0.076060 -0.084818 -0.165526 40.2910760687 -218.9235249024 203.08283
J157 01JAN31 2001.0842 51940 1099 3 141.1 -2000 -0.327493 4461849 0.372643 203 0.087582 0.0000 0.001149 0.001508 0.005393 0.110391 -0.122722 -0.182069 40.2910760999 -218.9235249156 203.08758
J157 01FEB01 2001.0869 51941 1099 4 141.1 -2000 -0.332961 4461849 0.368804 203 0.083311 0.0000 0.001109 0.001467 0.005232 0.049092 -0.101656 -0.139003 40.2910760654 -218.9235249799 203.08331
J157 01FEB02 2001.0897 51942 1099 5 141.1 -2000 -0.331280 4461849 0.369055 203 0.079920 0.0000 0.001124 0.001464 0.005321 0.049706 -0.098871 -0.160563 40.2910760676 -218.9235249601 203.07992
J157 01FEB03 2001.0924 51943 1099 6 141.1 -2000 -0.327724 4461849 0.368963 203 0.075661 0.0000 0.001109 0.001479 0.005276 0.076307 -0.067265 -0.116989 40.2910760668 -218.9235249183 203.07566
J157 01FEB04 2001.0951 51944 1100 0 141.1 -2000 -0.328120 4461849 0.370647 203 0.081344 0.0000 0.001148 0.001480 0.005489 0.072735 -0.093714 -0.170511 40.2910760820 -218.9235249229 203.08134
J157 01FEB05 2001.0979 51945 1100 1 141.1 -2000 -0.324544 4461849 0.371999 203 0.081561 0.0000 0.001109 0.001480 0.005302 0.065574 -0.083682 -0.139012 40.2910760941 -218.9235248809 203.08156
J157 01FEB06 2001.1006 51946 1100 2 141.1 -2000 -0.324692 4461849 0.370883 203 0.083443 0.0000 0.001104 0.001443 0.005266 0.051277 -0.053588 -0.189876 40.2910760841 -218.9235248826 203.08344
J157 01FEB07 2001.1034 51947 1100 3 141.1 -2000 -0.325208 4461849 0.369140 203 0.079040 0.0000 0.001106 0.001447 0.005211 0.097019 -0.040030 -0.125966 40.2910760684 -218.9235248887 203.07904
J157 01FEB08 2001.1061 51948 1100 4 141.1 -2000 -0.322316 4461849 0.370713 203 0.079100 0.0000 0.001130 0.001459 0.005431 0.074530 -0.040967 -0.164020 40.2910760826 -218.9235248547 203.07910
J157 01FEB09 2001.1088 51949 1100 5 141.1 -2000 -0.325584 4461849 0.369475 203 0.082388 0.0000 0.001157 0.001515 0.005525 0.074920 -0.062958 -0.141970 40.2910760714 -218.9235248931 203.08239
J157 01FEB10 2001.1116 51950 1100 6 141.1 -2000 -0.333105 4461849 0.369012 203 0.083832 0.0000 0.001124 0.001450 0.005435 0.049706 -0.065650 -0.136747 40.2910760672 -218.9235249816 203.08383
J157 01FEB11 2001.1143 51951 1101 0 141.1 -2000 -0.326792 4461849 0.370579 203 0.075219 0.0000 0.001114 0.001441 0.005307 0.053459 -0.056859 -0.169213 40.2910760814 -218.9235249073 203.07522
J157 01FEB12 2001.1170 51952 1101 1 141.1 -2000 -0.330206 4461849 0.368168 203 0.083667 0.0000 0.001128 0.001491 0.005582 0.023331 0.011844 -0.183834 40.2910760596 -218.9235249475 203.08367
J157 01FEB13 2001.1198 51953 1101 2 141.1 -2000 -0.336845 4461849 0.370174 203 0.085226 0.0000 0.001112 0.001420 0.005264 0.042076 -0.052179 -0.169306 40.2910760777 -218.9235250256 203.08523
J157 01FEB14 2001.1225 51954 1101 3 141.1 -2000 -0.327642 4461849 0.369875 203 0.078489 0.0000 0.001179 0.001474 0.005535 -0.004160 -0.026724 -0.151508 40.2910760750 -218.9235249173 203.07849
J157 01FEB15 2001.1253 51955 1101 4 141.1 -2000 -0.324968 4461849 0.366868 203 0.082778 0.0000 0.001135 0.001426 0.005410 0.087426 -0.107611 -0.169081 40.2910760479 -218.9235248859 203.08278
J157 01FEB16 2001.1280 51956 1101 5 141.1 -2000 -0.324993 4461849 0.368385 203 0.058620 0.0000 0.001106 0.001414 0.005320 0.052256 -0.085836 -0.177310 40.2910760616 -218.9235248862 203.05862
J157 01FEB17 2001.1307 51957 1101 6 141.1 -2000 -0.326565 4461849 0.366776 203 0.079160 0.0000 0.001117 0.001418 0.005239 0.053098 -0.057477 -0.145000 40.2910760471 -218.9235249046 203.07916
J157 01FEB18 2001.1335 51958 1102 0 141.1 -2000 -0.325939 4461849 0.366684 203 0.078078 0.0000 0.001131 0.001437 0.005350 0.052809 -0.006572 -0.169607 40.2910760463 -218.9235248973 203.07808
J157 01FEB19 2001.1362 51959 1102 1 141.1 -2000 -0.328831 4461849 0.365414 203 0.066742 0.0000 0.001105 0.001392 0.005188 0.051305 -0.052393 -0.166208 40.2910760348 -218.9235249313 203.06674
J157 01FEB20 2001.1389 51960 1102 2 141.1 -2000 -0.329457 4461849 0.364659 203 0.088083 0.0000 0.001174 0.001495 0.005688 0.095757 -0.044725 -0.173359 40.2910760280 -218.9235249387 203.08808
J157 01FEB21 2001.1417 51961 1102 3 141.1 -2000 -0.325816 4461849 0.365531 203 0.079663 0.0000 0.001157 0.001476 0.005616 0.041479 -0.066666 -0.205680 40.2910760359 -218.9235248958 203.07966
J157 01FEB22 2001.1444 51962 1102 4 141.1 -2000 -0.328491 4461849 0.365859 203 0.088181 0.0000 0.001116 0.001459 0.005392 0.041721 -0.058306 -0.188412 40.2910760389 -218.9235249273 203.08818
J157 01FEB23 2001.1472 51963 1102 5 141.1 -2000 -0.327668 4461849 0.368019 203 0.079227 0.0000 0.001138 0.001440 0.005381 0.020960 -0.001039 -0.214928 40.2910760583 -218.9235249176 203.07923
J157 01FEB24 2001.1499 51964 1102 6 141.1 -2000 -0.328026 4461849 0.363348 203 0.071134 0.0000 0.001219 0.001503 0.005612 0.007067 -0.004853 -0.121855 40.2910760162 -218.9235249218 203.07113
J157 01FEB25 2001.1526 51965 1103 0 141.1 -2000 -0.328869 4461849 0.368296 203 0.073026 0.0000 0.001216 0.001515 0.005692 -0.043476 0.011211 -0.119542 40.2910760608 -218.9235249317 203.07303
J157 01FEB26 2001.1554 51966 1103 1 141.1 -2000 -0.327646 4461849 0.368054 203 0.080428 0.0000 0.001127 0.001459 0.005393 0.024536 -0.012261 -0.166758 40.2910760586 -218.9235249174 203.08043
J157 01FEB27 2001.1581 51967 1103 2 141.1 -2000 -0.329948 4461849 0.365112 203 0.079777 0.0000 0.001171 0.001522 0.005921 -0.012800 -0.001111 -0.204147 40.2910760321 -218.9235249444 203.07978
J157 01FEB28 2001.1608 51968 1103 3 141.1 -2000 -0.327564 4461849 0.369300 203 0.067446 0.0000 0.001152 0.001475 0.005531 -0.002609 0.030975 -0.198796 40.2910760698 -218.9235249164 203.06745
J157 01MAR01 2001.1636 51969 1103 4 141.1 -2000 -0.329449 4461849 0.363393 203 0.074790 0.0000 0.001166 0.001514 0.005610 -0.031300 0.026812 -0.174103 40.2910760166 -218.9235249385 203.07479
J157 01MAR02 2001.1663 51970 1103 5 141.1 -2000 -0.329743 4461849 0.364954 203 0.078816 0.0000 0.001206 0.001570 0.005983 -0.067800 0.057124 -0.236964 40.2910760307 -218.9235249420 203.07882
J157 01MAR03 2001.1691 51971 1103 6 141.1 -2000 -0.329702 4461849 0.364579 203 0.074712 0.0000 0.001164 0.001533 0.005605 -0.011776 0.027885 -0.172911 40.2910760273 -218.9235249415 203.07471
J157 01MAR04 2001.1718 51972 1104 0 141.1 -2000 -0.328352 4461849 0.366474 203 0.072588 0.0000 0.001147 0.001487 0.005570 -0.019835 -0.000494 -0.191672 40.2910760444 -218.9235249257 203.07259
J157 01MAR05 2001.1745 51973 1104 1 141.1 -2000 -0.330081 4461849 0.368099 203 0.070288 0.0000 0.001266 0.001619 0.006073 -0.053807 0.114478 -0.232352 40.2910760590 -218.9235249460 203.07029
J157 01MAR06 2001.1773 51974 1104 2 141.1 -2000 -0.329382 4461849 0.368291 203 0.074838 0.0000 0.001146 0.001472 0.005513 -0.018679 0.030322 -0.156430 40.2910760608 -218.9235249378 203.07484
J157 01MAR07 2001.1800 51975 1104 3 141.1 -2000 -0.328007 4461849 0.367309 203 0.075527 0.0000 0.001146 0.001437 0.005464 -0.000285 -0.021684 -0.206117 40.2910760519 -218.9235249216 203.07553
J157 01MAR08 2001.1828 51976 1104 4 141.1 -2000 -0.327615 4461849 0.363290 203 0.084382 0.0000 0.001121 0.001448 0.005361 0.001971 0.003894 -0.176594 40.2910760157 -218.9235249170 203.08438
J157 01MAR09 2001.1855 51977 1104 5 141.1 -2000 -0.328887 4461849 0.366365 203 0.076226 0.0000 0.001141 0.001494 0.005557 -0.051555 0.051590 -0.173917 40.2910760434 -218.9235249320 203.07623
J157 01MAR10 2001.1882 51978 1104 6 141.1 -2000 -0.330658 4461849 0.365231 203 0.085126 0.0000 0.001152 0.001466 0.005451 0.023962 -0.016536 -0.157854 40.2910760332 -218.9235249528 203.08513
J157 01MAR11 2001.1910 51979 1105 0 141.1 -2000 -0.328577 4461849 0.362920 203 0.077718 0.0000 0.001145 0.001490 0.005507 0.026786 -0.002645 -0.137340 40.2910760124 -218.9235249283 203.07772
J157 01MAR12 2001.1937 51980 1105 1 141.1 -2000 -0.327451 4461849 0.363412 203 0.081317 0.0000 0.001132 0.001486 0.005474 0.027746 0.034786 -0.139334 40.2910760168 -218.9235249151 203.08132
J157 01MAR13 2001.1964 51981 1105 2 141.1 -2000 -0.328186 4461849 0.363043 203 0.078238 0.0000 0.001143 0.001473 0.005520 -0.000590 -0.045153 -0.161960 40.2910760135 -218.9235249237 203.07824
J157 01MAR14 2001.1992 51982 1105 3 141.1 -2000 -0.329138 4461849 0.360227 203 0.083845 0.0000 0.001147 0.001462 0.005511 0.010268 -0.010773 -0.164880 40.2910759881 -218.9235249349 203.08385
J157 01MAR15 2001.2019 51983 1105 4 141.1 -2000 -0.328888 4461849 0.366131 203 0.076949 0.0000 0.001121 0.001429 0.005352 0.022891 -0.027940 -0.134359 40.2910760413 -218.9235249320 203.07695
J157 01MAR16 2001.2047 51984 1105 5 141.1 -2000 -0.328070 4461849 0.365839 203 0.082636 0.0000 0.001179 0.001498 0.005764 0.050065 -0.008755 -0.200625 40.2910760387 -218.9235249223 203.08264
J157 01MAR17 2001.2074 51985 1105 6 141.1 -2000 -0.329557 4461849 0.363258 203 0.074721 0.0000 0.001175 0.001478 0.005638 0.053971 0.001072 -0.171860 40.2910760154 -218.9235249398 203.07472
J157 01MAR18 2001.2101 51986 1106 0 141.1 -2000 -0.330347 4461849 0.360818 203 0.083474 0.0000 0.001118 0.001425 0.005300 0.038406 0.010999 -0.119534 40.2910759934 -218.9235249491 203.08347
J157 01MAR19 2001.2129 51987 1106 1 141.1 -2000 -0.328404 4461849 0.364753 203 0.080764 0.0000 0.001146 0.001450 0.005490 0.033460 0.002800 -0.167004 40.2910760289 -218.9235249263 203.08076
J157 01MAR20 2001.2156 51988 1106 2 141.1 -2000 -0.331896 4461849 0.366171 203 0.084925 0.0000 0.001329 0.001585 0.006166 0.069199 -0.020818 -0.095864 40.2910760417 -218.9235249673 203.08493
J157 01MAR21 2001.2183 51989 1106 3 141.1 -2000 -0.327017 4461849 0.365972 203 0.085888 0.0000 0.001200 0.001478 0.005661 0.060399 0.052720 -0.091385 40.2910760399 -218.9235249100 203.08589
J157 01MAR22 2001.2211 51990 1106 4 141.1 -2000 -0.327615 4461849 0.363268 203 0.085930 0.0000 0.001155 0.001416 0.005393 0.019938 -0.011921 -0.113089 40.2910760155 -218.9235249170 203.08593
J157 01MAR23 2001.2238 51991 1106 5 141.1 -2000 -0.328584 4461849 0.365043 203 0.081142 0.0000 0.001129 0.001419 0.005286 0.034308 -0.013653 -0.093498 40.2910760315 -218.9235249284 203.08114
J157 01MAR24 2001.2266 51992 1106 6 141.1 -2000 -0.328012 4461849 0.364847 203 0.078935 0.0000 0.001156 0.001409 0.005405 0.063802 -0.001503 -0.123837 40.2910760297 -218.9235249217 203.07893
J157 01MAR25 2001.2293 51993 1107 0 141.1 -2000 -0.326717 4461849 0.367785 203 0.096376 0.0000 0.001172 0.001439 0.005558 0.059083 0.048005 -0.072378 40.2910760562 -218.9235249064 203.09638
J157 01MAR26 2001.2320 51994 1107 1 141.1 -2000 -0.331971 4461849 0.363809 203 0.088079 0.0000 0.001164 0.001460 0.005583 0.030161 -0.000893 -0.064559 40.2910760204 -218.9235249682 203.08808
J157 01MAR27 2001.2348 51995 1107 2 141.1 -2000 -0.330353 4461849 0.365198 203 0.085770 0.0000 0.001196 0.001491 0.005712 -0.017592 0.065950 -0.187241 40.2910760329 -218.9235249492 203.08577
J157 01MAR28 2001.2375 51996 1107 3 141.1 -2000 -0.326138 4461849 0.366360 203 0.087852 0.0000 0.001206 0.001484 0.005737 0.044638 -0.047505 -0.165011 40.2910760434 -218.9235248996 203.08785
J157 01MAR29 2001.2402 51997 1107 4 141.1 -2000 -0.328894 4461849 0.364076 203 0.086931 0.0000 0.001139 0.001417 0.005350 0.047312 0.012343 -0.148789 40.2910760228 -218.9235249320 203.08693
J157 01MAR30 2001.2430 51998 1107 5 141.1 -2000 -0.334323 4461849 0.363293 203 0.077788 0.0000 0.001131 0.001419 0.005366 0.022941 0.003537 -0.128890 40.2910760157 -218.9235249959 203.07779
J157 01MAR31 2001.2457 51999 1107 6 141.1 -2000 -0.329967 4461849 0.362810 203 0.086460 0.0000 0.001612 0.002114 0.008161 -0.038503 0.020324 -0.402233 40.2910760114 -218.9235249446 203.08646
J157 01APR01 2001.2485 52000 1108 0 141.1 -2000 -0.330229 4461849 0.365637 203 0.071825 0.0000 0.001157 0.001404 0.005445 0.035719 0.016694 -0.124481 40.2910760369 -218.9235249477 203.07183
J157 01APR02 2001.2512 52001 1108 1 141.1 -2000 -0.327841 4461849 0.363749 203 0.076744 0.0000 0.001145 0.001404 0.005388 0.037985 0.021274 -0.127470 40.2910760199 -218.9235249196 203.07674
J157 01APR03 2001.2539 52002 1108 2 141.1 -2000 -0.331412 4461849 0.363325 203 0.087161 0.0000 0.001215 0.001482 0.005681 -0.019792 0.021353 -0.034107 40.2910760160 -218.9235249616 203.08716
J157 01APR04 2001.2567 52003 1108 3 141.1 -2000 -0.326323 4461849 0.360909 203 0.090627 0.0000 0.001143 0.001385 0.005370 0.036542 0.019955 -0.135790 40.2910759943 -218.9235249018 203.09063
J157 01APR05 2001.2594 52004 1108 4 141.1 -2000 -0.332573 4461849 0.362156 203 0.075470 0.0000 0.001172 0.001463 0.005540 0.032920 -0.034605 -0.088234 40.2910760055 -218.9235249753 203.07547
J157 01APR06 2001.2621 52005 1108 5 141.1 -2000 -0.326946 4461849 0.363155 203 0.082637 0.0000 0.001172 0.001463 0.005555 0.042256 0.028536 -0.077358 40.2910760145 -218.9235249091 203.08264
J157 01APR07 2001.2649 52006 1108 6 141.1 -2000 -0.328821 4461849 0.364045 203 0.082661 0.0000 0.001168 0.001424 0.005445 -0.011179 0.018618 -0.127887 40.2910760225 -218.9235249312 203.08266
J157 01APR08 2001.2676 52007 1109 0 141.1 -2000 -0.330886 4461849 0.364347 203 0.073484 0.0000 0.001133 0.001419 0.005350 0.047149 -0.023901 -0.071610 40.2910760252 -218.9235249555 203.07348
J157 01APR09 2001.2704 52008 1109 1 141.1 -2000 -0.328144 4461849 0.364557 203 0.073171 0.0000 0.001190 0.001475 0.005655 0.005628 0.044108 -0.099337 40.2910760271 -218.9235249232 203.07317
J157 01APR10 2001.2731 52009 1109 2 141.1 -2000 -0.327206 4461849 0.366271 203 0.078080 0.0000 0.001228 0.001460 0.005897 0.039038 0.040768 -0.165478 40.2910760426 -218.9235249122 203.07808
J157 01APR11 2001.2758 52010 1109 3 141.1 -2000 -0.328636 4461849 0.366302 203 0.087416 0.0000 0.001249 0.001506 0.006035 0.037533 -0.071710 -0.178346 40.2910760428 -218.9235249290 203.08742
J157 01APR12 2001.2786 52011 1109 4 141.1 -2000 -0.330868 4461849 0.364970 203 0.093522 0.0000 0.001282 0.001593 0.006177 0.034840 -0.025095 0.063486 40.2910760308 -218.9235249552 203.09352
J157 01APR13 2001.2813 52012 1109 5 141.1 -2000 -0.333285 4461849 0.362393 203 0.068983 0.0000 0.001154 0.001516 0.005547 0.039427 -0.011430 -0.066530 40.2910760076 -218.9235249837 203.06898
J157 01APR14 2001.2841 52013 1109 6 141.1 -2000 -0.329505 4461849 0.362130 203 0.087550 0.0000 0.001233 0.001526 0.005847 0.019721 -0.000117 -0.068976 40.2910760053 -218.9235249392 203.08755
J157 01APR15 2001.2868 52014 1110 0 141.1 -2000 -0.328183 4461849 0.362481 203 0.093881 0.0000 0.001235 0.001487 0.005749 0.012907 0.050424 -0.107979 40.2910760084 -218.9235249237 203.09388
J157 01APR16 2001.2895 52015 1110 1 141.1 -2000 -0.326755 4461849 0.362054 203 0.086761 0.0000 0.001168 0.001446 0.005574 0.047866 -0.007347 -0.154336 40.2910760046 -218.9235249069 203.08676
J157 01APR17 2001.2923 52016 1110 2 141.1 -2000 -0.329515 4461849 0.361690 203 0.080271 0.0000 0.001123 0.001481 0.005356 0.038587 -0.009151 -0.090544 40.2910760013 -218.9235249393 203.08027
J157 01APR18 2001.2950 52017 1110 3 141.1 -2000 -0.326074 4461849 0.362110 203 0.078343 0.0000 0.001197 0.001522 0.005603 -0.060514 -0.007157 -0.096305 40.2910760051 -218.9235248989 203.07834
J157 01APR19 2001.2977 52018 1110 4 141.1 -2000 -0.329438 4461849 0.364459 203 0.080342 0.0000 0.001131 0.001433 0.005404 0.042596 -0.018298 -0.128678 40.2910760262 -218.9235249384 203.08034
J157 01APR20 2001.3005 52019 1110 5 141.1 -2000 -0.328774 4461849 0.364243 203 0.095838 0.0000 0.001130 0.001478 0.005418 -0.008441 -0.005913 -0.081835 40.2910760243 -218.9235249306 203.09584
J157 01APR21 2001.3032 52020 1110 6 141.1 -2000 -0.327518 4461849 0.362697 203 0.084032 0.0000 0.001133 0.001429 0.005342 0.020067 -0.054830 -0.111385 40.2910760104 -218.9235249158 203.08403
J157 01APR22 2001.3060 52021 1111 0 141.1 -2000 -0.328879 4461849 0.363982 203 0.085443 0.0000 0.001156 0.001482 0.005434 0.006848 0.014550 -0.119374 40.2910760219 -218.9235249318 203.08544
J157 01APR23 2001.3087 52022 1111 1 141.1 -2000 -0.330965 4461849 0.363238 203 0.083128 0.0000 0.001128 0.001450 0.005333 0.076807 -0.064067 -0.153314 40.2910760152 -218.9235249564 203.08313
J157 01APR24 2001.3114 52023 1111 2 141.1 -2000 -0.330491 4461849 0.361687 203 0.084532 0.0000 0.001147 0.001478 0.005417 0.042940 -0.046566 -0.107138 40.2910760013 -218.9235249508 203.08453
J157 01APR25 2001.3142 52024 1111 3 141.1 -2000 -0.329712 4461849 0.362505 203 0.094670 0.0000 0.001149 0.001441 0.005328 0.057339 -0.025853 -0.131409 40.2910760086 -218.9235249416 203.09467
J157 01APR26 2001.3169 52025 1111 4 141.1 -2000 -0.329516 4461849 0.360783 203 0.083837 0.0000 0.001117 0.001448 0.005279 0.037753 -0.044946 -0.092408 40.2910759931 -218.9235249393 203.08384
J157 01APR27 2001.3196 52026 1111 5 141.1 -2000 -0.328353 4461849 0.363689 203 0.087194 0.0000 0.001138 0.001429 0.005323 -0.001431 -0.008873 -0.107547 40.2910760193 -218.9235249257 203.08719
J157 01APR28 2001.3224 52027 1111 6 141.1 -2000 -0.328095 4461849 0.362660 203 0.083937 0.0000 0.001108 0.001452 0.005199 0.033751 -0.057722 -0.075076 40.2910760100 -218.9235249226 203.08394
J157 01APR29 2001.3251 52028 1112 0 141.1 -2000 -0.327647 4461849 0.363966 203 0.077994 0.0000 0.001128 0.001427 0.005270 -0.003142 -0.016083 -0.122523 40.2910760218 -218.9235249174 203.07799
J157 01APR30 2001.3279 52029 1112 1 141.1 -2000 -0.327606 4461849 0.361832 203 0.085681 0.0000 0.001192 0.001518 0.005652 0.027757 0.018946 -0.113062 40.2910760026 -218.9235249169 203.08568
J157 01MAY01 2001.3306 52030 1112 2 141.1 -2000 -0.326035 4461849 0.361866 203 0.079898 0.0000 0.001143 0.001449 0.005385 0.048775 -0.050345 -0.144097 40.2910760029 -218.9235248984 203.07990
J157 01MAY02 2001.3333 52031 1112 3 141.1 -2000 -0.326085 4461849 0.364188 203 0.080683 0.0000 0.001113 0.001434 0.005286 0.035438 -0.033846 -0.123991 40.2910760238 -218.9235248990 203.08068
J157 01MAY03 2001.3361 52032 1112 4 141.1 -2000 -0.327921 4461849 0.362983 203 0.081725 0.0000 0.001103 0.001409 0.005211 0.026074 -0.026716 -0.160074 40.2910760130 -218.9235249206 203.08172
J157 01MAY04 2001.3388 52033 1112 5 141.1 -2000 -0.327794 4461849 0.362754 203 0.081241 0.0000 0.001117 0.001422 0.005281 0.022042 -0.034283 -0.177241 40.2910760109 -218.9235249191 203.08124
J157 01MAY05 2001.3415 52034 1112 6 141.1 -2000 -0.329548 4461849 0.364117 203 0.085764 0.0000 0.001100 0.001401 0.005147 0.054587 -0.064593 -0.159727 40.2910760232 -218.9235249397 203.08576
J157 01MAY06 2001.3443 52035 1113 0 141.1 -2000 -0.328277 4461849 0.365783 203 0.084118 0.0000 0.001138 0.001464 0.005367 0.022896 -0.044043 -0.125042 40.2910760382 -218.9235249248 203.08412
J157 01MAY07 2001.3470 52036 1113 1 141.1 -2000 -0.326423 4461849 0.364271 203 0.081047 0.0000 0.001155 0.001475 0.005455 0.044130 -0.002780 -0.141233 40.2910760246 -218.9235249030 203.08105
J157 01MAY08 2001.3498 52037 1113 2 141.1 -2000 -0.326686 4461849 0.362121 203 0.087464 0.0000 0.001125 0.001462 0.005288 0.036640 -0.023296 -0.118222 40.2910760052 -218.9235249061 203.08746
J157 01MAY09 2001.3525 52038 1113 3 141.1 -2000 -0.324918 4461849 0.362046 203 0.099846 0.0000 0.001151 0.001485 0.005459 0.008630 -0.048173 -0.081260 40.2910760045 -218.9235248853 203.09985
J157 01MAY10 2001.3552 52039 1113 4 141.1 -2000 -0.327266 4461849 0.363164 203 0.097498 0.0000 0.001211 0.001587 0.005722 -0.001511 -0.092708 -0.102987 40.2910760146 -218.9235249129 203.09750
J157 01MAY11 2001.3580 52040 1113 5 141.1 -2000 -0.329945 4461849 0.366018 203 0.096807 0.0000 0.001137 0.001503 0.005347 0.006529 -0.008485 -0.058148 40.2910760403 -218.9235249444 203.09681
J157 01MAY12 2001.3607 52041 1113 6 141.1 -2000 -0.325432 4461849 0.369545 203 0.095569 0.0000 0.001160 0.001517 0.005539 0.041819 -0.093796 -0.070790 40.2910760720 -218.9235248913 203.09557
J157 01MAY13 2001.3634 52042 1114 0 141.1 -2000 -0.328320 4461849 0.365104 203 0.090682 0.0000 0.001149 0.001457 0.005429 0.060587 -0.068853 -0.141746 40.2910760320 -218.9235249253 203.09068
J157 01MAY14 2001.3662 52043 1114 1 141.1 -2000 -0.328832 4461849 0.365748 203 0.087894 0.0000 0.001119 0.001407 0.005162 0.038548 -0.055695 -0.106807 40.2910760379 -218.9235249313 203.08789
J157 01MAY15 2001.3689 52044 1114 2 141.1 -2000 -0.327607 4461849 0.363009 203 0.090935 0.0000 0.001142 0.001459 0.005439 0.038067 -0.040992 -0.105816 40.2910760132 -218.9235249169 203.09094
J157 01MAY16 2001.3717 52045 1114 3 141.1 -2000 -0.329270 4461849 0.362470 203 0.104608 0.0000 0.001159 0.001456 0.005432 0.017220 -0.040892 -0.106723 40.2910760083 -218.9235249364 203.10461
J157 01MAY17 2001.3744 52046 1114 4 141.1 -2000 -0.326316 4461849 0.367076 203 0.085536 0.0000 0.001195 0.001601 0.005631 -0.006184 -0.003469 0.027951 40.2910760498 -218.9235249017 203.08554
J157 01MAY18 2001.3771 52047 1114 5 141.1 -2000 -0.326859 4461849 0.365481 203 0.084963 0.0000 0.001138 0.001432 0.005315 0.021985 -0.093578 -0.115535 40.2910760354 -218.9235249081 203.08496
J157 01MAY19 2001.3799 52048 1114 6 141.1 -2000 -0.327421 4461849 0.368815 203 0.095243 0.0000 0.001159 0.001460 0.005424 -0.008461 0.046616 -0.079047 40.2910760655 -218.9235249147 203.09524
J157 01MAY20 2001.3826 52049 1115 0 141.1 -2000 -0.325790 4461849 0.365206 203 0.087305 0.0000 0.001113 0.001419 0.005235 0.038249 -0.016129 -0.074938 40.2910760330 -218.9235248955 203.08730
J157 01MAY21 2001.3854 52050 1115 1 141.1 -2000 -0.328229 4461849 0.364647 203 0.091558 0.0000 0.001138 0.001486 0.005356 0.026872 -0.002167 -0.021672 40.2910760279 -218.9235249242 203.09156
J157 01MAY22 2001.3881 52051 1115 2 141.1 -2000 -0.327322 4461849 0.365913 203 0.093222 0.0000 0.001157 0.001486 0.005437 0.001422 -0.066490 -0.045143 40.2910760393 -218.9235249135 203.09322
J157 01MAY23 2001.3908 52052 1115 3 141.1 -2000 -0.328429 4461849 0.365455 203 0.093450 0.0000 0.001123 0.001472 0.005356 -0.006925 0.025367 -0.088163 40.2910760352 -218.9235249266 203.09345
J157 01MAY24 2001.3936 52053 1115 4 141.1 -2000 -0.328323 4461849 0.365622 203 0.101670 0.0000 0.001114 0.001460 0.005252 0.002784 0.003403 -0.038865 40.2910760367 -218.9235249253 203.10167
J157 01MAY25 2001.3963 52054 1115 5 141.1 -2000 -0.326102 4461849 0.367570 203 0.098438 0.0000 0.001123 0.001434 0.005246 -0.021734 -0.057896 -0.070091 40.2910760543 -218.9235248992 203.09844
J157 01MAY26 2001.3990 52055 1115 6 141.1 -2000 -0.328769 4461849 0.364986 203 0.090336 0.0000 0.001124 0.001424 0.005287 -0.021226 0.010040 -0.121963 40.2910760310 -218.9235249306 203.09034
J157 01MAY27 2001.4018 52056 1116 0 141.1 -2000 -0.328946 4461849 0.365442 203 0.094673 0.0000 0.001125 0.001429 0.005227 -0.015773 -0.012421 -0.104830 40.2910760351 -218.9235249326 203.09467
J157 01MAY28 2001.4045 52057 1116 1 141.1 -2000 -0.328373 4461849 0.363448 203 0.090074 0.0000 0.001153 0.001480 0.005452 -0.013807 0.005608 -0.028272 40.2910760171 -218.9235249259 203.09007
J157 01MAY29 2001.4073 52058 1116 2 141.1 -2000 -0.326372 4461849 0.366208 203 0.087977 0.0000 0.001175 0.001505 0.005581 -0.006652 -0.023385 -0.109724 40.2910760420 -218.9235249024 203.08798
J157 01MAY30 2001.4100 52059 1116 3 141.1 -2000 -0.326071 4461849 0.365722 203 0.098037 0.0000 0.001132 0.001484 0.005302 -0.022393 0.040813 -0.067254 40.2910760376 -218.9235248988 203.09804
J157 01MAY31 2001.4127 52060 1116 4 141.1 -2000 -0.327427 4461849 0.365102 203 0.113606 0.0000 0.001193 0.001520 0.005574 -0.040451 0.004007 -0.103542 40.2910760320 -218.9235249148 203.11361
J157 01JUN01 2001.4155 52061 1116 5 141.1 -2000 -0.335267 4461849 0.365419 203 0.100271 0.0000 0.001162 0.001577 0.005518 -0.014995 0.029715 0.011374 40.2910760349 -218.9235250070 203.10027
J157 01JUN02 2001.4182 52062 1116 6 141.1 -2000 -0.329396 4461849 0.365497 203 0.101477 0.0000 0.001160 0.001489 0.005403 -0.023343 -0.006995 -0.154528 40.2910760356 -218.9235249379 203.10148
J157 01JUN03 2001.4209 52063 1117 0 141.1 -2000 -0.329831 4461849 0.368145 203 0.096092 0.0000 0.001188 0.001564 0.005609 -0.023947 0.000154 -0.122593 40.2910760594 -218.9235249431 203.09609
J157 01JUN04 2001.4237 52064 1117 1 141.1 -2000 -0.328440 4461849 0.363358 203 0.095145 0.0000 0.001243 0.001522 0.005646 -0.037643 -0.000819 -0.096696 40.2910760163 -218.9235249267 203.09515
J157 01JUN05 2001.4264 52065 1117 2 141.1 -2000 -0.327491 4461849 0.363410 203 0.099131 0.0000 0.001179 0.001554 0.005587 -0.058449 0.068764 -0.083180 40.2910760168 -218.9235249155 203.09913
J157 01JUN06 2001.4292 52066 1117 3 141.1 -2000 -0.327945 4461849 0.366368 203 0.096369 0.0000 0.001339 0.001739 0.006283 0.032084 0.036263 -0.148363 40.2910760434 -218.9235249209 203.09637
J157 01JUN07 2001.4319 52067 1117 4 141.1 -2000 -0.329974 4461849 0.365016 203 0.101808 0.0000 0.001220 0.001493 0.005585 0.005026 0.032042 -0.151119 40.2910760313 -218.9235249447 203.10181
J157 01JUN08 2001.4346 52068 1117 5 141.1 -2000 -0.329689 4461849 0.364223 203 0.092410 0.0000 0.001303 0.001621 0.006074 -0.043771 0.101388 -0.173547 40.2910760241 -218.9235249414 203.09241
J157 01JUN09 2001.4374 52069 1117 6 141.1 -2000 -0.329385 4461849 0.366044 203 0.095508 0.0000 0.001223 0.001526 0.005502 -0.030761 0.068465 -0.141708 40.2910760405 -218.9235249378 203.09551
J157 01JUN10 2001.4401 52070 1118 0 141.1 -2000 -0.331504 4461849 0.367269 203 0.102201 0.0000 0.001238 0.001563 0.005897 0.018914 -0.006649 -0.102830 40.2910760516 -218.9235249627 203.10220
J157 01JUN11 2001.4428 52071 1118 1 141.1 -2000 -0.335844 4461849 0.363499 203 0.109278 0.0000 0.001196 0.001460 0.005563 -0.019220 0.097879 -0.095819 40.2910760176 -218.9235250138 203.10928
J157 01JUN12 2001.4456 52072 1118 2 141.1 -2000 -0.326605 4461849 0.361598 203 0.103340 0.0000 0.001332 0.001726 0.006225 0.046748 0.071599 -0.060385 40.2910760005 -218.9235249051 203.10334
J157 01JUN13 2001.4483 52073 1118 3 141.1 -2000 -0.328850 4461849 0.364684 203 0.095657 0.0000 0.001319 0.001587 0.005804 -0.031760 0.114005 -0.117268 40.2910760283 -218.9235249315 203.09566
J157 01JUN14 2001.4511 52074 1118 4 141.1 -2000 -0.329483 4461849 0.364580 203 0.091377 0.0000 0.001316 0.001657 0.005955 0.014067 0.008447 -0.055193 40.2910760273 -218.9235249390 203.09138
J157 01JUN15 2001.4538 52075 1118 5 141.1 -2000 -0.328635 4461849 0.362695 203 0.091850 0.0000 0.001486 0.001757 0.006796 -0.027189 0.084412 -0.192379 40.2910760104 -218.9235249290 203.09185
J157 01JUN16 2001.4565 52076 1118 6 141.1 -2000 -0.327975 4461849 0.365273 203 0.073432 0.0000 0.001264 0.001597 0.005770 -0.020050 0.035803 -0.062793 40.2910760336 -218.9235249212 203.07343
J157 01JUN17 2001.4593 52077 1119 0 141.1 -2000 -0.327975 4461849 0.366169 203 0.093623 0.0000 0.001179 0.001477 0.005512 -0.049966 0.037579 -0.149879 40.2910760416 -218.9235249212 203.09362
J157 01JUN18 2001.4620 52078 1119 1 141.1 -2000 -0.328367 4461849 0.361798 203 0.092608 0.0000 0.001201 0.001490 0.005566 -0.005799 -0.072362 -0.135963 40.2910760023 -218.9235249258 203.09261
J157 01JUN19 2001.4648 52079 1119 2 141.1 -2000 -0.329524 4461849 0.366476 203 0.122348 0.0000 0.001237 0.001489 0.005807 0.009330 0.065587 -0.118735 40.2910760444 -218.9235249394 203.12235
J157 01JUN20 2001.4675 52080 1119 3 141.1 -2000 -0.329015 4461849 0.365077 203 0.109644 0.0000 0.001218 0.001508 0.005640 -0.016590 0.002020 -0.167180 40.2910760318 -218.9235249335 203.10964
J157 01JUN21 2001.4702 52081 1119 4 141.1 -2000 -0.328260 4461849 0.365153 203 0.100557 0.0000 0.001214 0.001564 0.005789 -0.024667 0.019095 -0.084521 40.2910760325 -218.9235249246 203.10056
J157 01JUN22 2001.4730 52082 1119 5 141.1 -2000 -0.326621 4461849 0.366371 203 0.107239 0.0000 0.001214 0.001494 0.005635 0.002718 -0.060265 -0.058114 40.2910760435 -218.9235249053 203.10724
J157 01JUN23 2001.4757 52083 1119 6 141.1 -2000 -0.330933 4461849 0.365353 203 0.090827 0.0000 0.001185 0.001401 0.005311 -0.012310 -0.011420 -0.107925 40.2910760343 -218.9235249560 203.09083
J157 01JUN24 2001.4784 52084 1120 0 141.1 -2000 -0.335683 4461849 0.371108 203 0.115398 0.0000 0.001235 0.001474 0.005580 -0.030350 0.015533 -0.070107 40.2910760861 -218.9235250119 203.11540
J157 01JUN25 2001.4812 52085 1120 1 141.1 -2000 -0.329009 4461849 0.363703 203 0.088889 0.0000 0.001187 0.001452 0.005479 -0.008818 0.016144 -0.136515 40.2910760194 -218.9235249334 203.08889
J157 01JUN26 2001.4839 52086 1120 2 141.1 -2000 -0.326116 4461849 0.362482 203 0.118771 0.0000 0.001216 0.001584 0.005756 -0.020802 0.066537 -0.018198 40.2910760084 -218.9235248994 203.11877
J157 01JUN27 2001.4867 52087 1120 3 141.1 -2000 -0.330764 4461849 0.367985 203 0.121727 0.0000 0.001242 0.001508 0.005816 -0.014309 0.001642 -0.106785 40.2910760580 -218.9235249540 203.12173
J157 01JUN28 2001.4894 52088 1120 4 141.1 -2000 -0.324343 4461849 0.368797 203 0.098564 0.0000 0.001258 0.001538 0.005744 -0.035917 0.023205 -0.137540 40.2910760653 -218.9235248785 203.09856
J157 01JUN29 2001.4921 52089 1120 5 141.1 -2000 -0.327075 4461849 0.372098 203 0.101085 0.0000 0.001283 0.001558 0.005994 -0.012193 0.044916 -0.036149 40.2910760950 -218.9235249107 203.10108
J157 01JUN30 2001.4949 52090 1120 6 141.1 -2000 -0.328725 4461849 0.365984 203 0.112926 0.0000 0.001243 0.001483 0.005801 -0.018547 -0.085170 -0.118637 40.2910760400 -218.9235249300 203.11293
J157 01JUL01 2001.4976 52091 1121 0 141.1 -2000 -0.330958 4461849 0.364941 203 0.096301 0.0000 0.001191 0.001422 0.005489 -0.010147 -0.018733 -0.111834 40.2910760306 -218.9235249563 203.09630
J157 01JUL02 2001.5003 52092 1121 1 141.1 -2000 -0.326571 4461849 0.363491 203 0.084696 0.0000 0.001319 0.001549 0.006043 -0.005382 -0.045496 -0.175195 40.2910760175 -218.9235249047 203.08470
J157 01JUL03 2001.5031 52093 1121 2 141.1 -2000 -0.327551 4461849 0.370483 203 0.101443 0.0000 0.001369 0.001653 0.006443 -0.014625 -0.000310 -0.167583 40.2910760805 -218.9235249162 203.10144
J157 01JUL04 2001.5058 52094 1121 3 141.1 -2000 -0.326618 4461849 0.364078 203 0.117118 0.0000 0.001282 0.001594 0.005967 0.031553 -0.030850 -0.133500 40.2910760228 -218.9235249053 203.11712
J157 01JUL05 2001.5086 52095 1121 4 141.1 -2000 -0.329888 4461849 0.367065 203 0.095185 0.0000 0.001236 0.001535 0.005850 -0.010533 -0.039306 -0.004139 40.2910760497 -218.9235249437 203.09518
J157 01JUL06 2001.5113 52096 1121 5 141.1 -2000 -0.331142 4461849 0.370840 203 0.097924 0.0000 0.001341 0.001693 0.006358 0.008244 -0.022705 -0.094991 40.2910760837 -218.9235249585 203.09792
J157 01JUL07 2001.5140 52097 1121 6 141.1 -2000 -0.331396 4461849 0.366303 203 0.094532 0.0000 0.001202 0.001482 0.005676 -0.001760 -0.066527 -0.100851 40.2910760428 -218.9235249615 203.09453
J157 01JUL08 2001.5168 52098 1122 0 141.1 -2000 -0.328053 4461849 0.364457 203 0.080273 0.0000 0.001249 0.001529 0.005750 -0.046619 -0.070033 -0.099183 40.2910760262 -218.9235249221 203.08027
J157 01JUL09 2001.5195 52099 1122 1 141.1 -2000 -0.327350 4461849 0.366908 203 0.099321 0.0000 0.001277 0.001559 0.005825 0.005085 -0.036662 -0.128462 40.2910760483 -218.9235249139 203.09932
J157 01JUL10 2001.5222 52100 1122 2 141.1 -2000 -0.327195 4461849 0.366739 203 0.100012 0.0000 0.001228 0.001543 0.005836 -0.040330 -0.021287 -0.163193 40.2910760468 -218.9235249121 203.10001
J157 01JUL11 2001.5250 52101 1122 3 141.1 -2000 -0.326575 4461849 0.367335 203 0.103126 0.0000 0.001161 0.001439 0.005400 0.002318 -0.069483 -0.093849 40.2910760521 -218.9235249048 203.10313
J157 01JUL12 2001.5277 52102 1122 4 141.1 -2000 -0.328944 4461849 0.363488 203 0.103929 0.0000 0.001280 0.001605 0.005981 -0.047239 0.026766 -0.186952 40.2910760175 -218.9235249326 203.10393
J157 01JUL13 2001.5305 52103 1122 5 141.1 -2000 -0.326705 4461849 0.368649 203 0.117817 0.0000 0.001277 0.001576 0.006042 0.032605 -0.072928 -0.121687 40.2910760640 -218.9235249063 203.11782
J157 01JUL14 2001.5332 52104 1122 6 141.1 -2000 -0.326231 4461849 0.373507 203 0.105271 0.0000 0.001228 0.001480 0.005858 -0.016470 -0.051718 -0.189002 40.2910761077 -218.9235249007 203.10527
J157 01JUL15 2001.5359 52105 1123 0 141.1 -2000 -0.327840 4461849 0.369406 203 0.118677 0.0000 0.001221 0.001489 0.005726 0.031821 -0.123445 -0.163569 40.2910760708 -218.9235249196 203.11868
J157 01JUL16 2001.5387 52106 1123 1 141.1 -2000 -0.326196 4461849 0.368957 203 0.109337 0.0000 0.001217 0.001445 0.005574 0.018138 -0.093409 -0.173361 40.2910760667 -218.9235249003 203.10934
J157 01JUL17 2001.5414 52107 1123 2 141.1 -2000 -0.326325 4461849 0.366168 203 0.098757 0.0000 0.001198 0.001518 0.005595 -0.008892 0.047389 -0.135672 40.2910760416 -218.9235249018 203.09876
J157 01JUL18 2001.5441 52108 1123 3 141.1 -2000 -0.329954 4461849 0.363769 203 0.099083 0.0000 0.001188 0.001452 0.005588 0.042555 -0.001681 -0.180200 40.2910760200 -218.9235249445 203.09908
J157 01JUL19 2001.5469 52109 1123 4 141.1 -2000 -0.329924 4461849 0.368482 203 0.103753 0.0000 0.001143 0.001447 0.005311 -0.000276 -0.018116 -0.074538 40.2910760625 -218.9235249442 203.10375
J157 01JUL20 2001.5496 52110 1123 5 141.1 -2000 -0.328073 4461849 0.365194 203 0.112110 0.0000 0.001225 0.001530 0.005886 0.002173 -0.090500 -0.143575 40.2910760329 -218.9235249224 203.11211
J157 01JUL21 2001.5524 52111 1123 6 141.1 -2000 -0.326737 4461849 0.367197 203 0.088733 0.0000 0.001129 0.001443 0.005300 -0.017132 -0.037455 -0.146564 40.2910760509 -218.9235249067 203.08873
J157 01JUL22 2001.5551 52112 1124 0 141.1 -2000 -0.327822 4461849 0.366909 203 0.089505 0.0000 0.001157 0.001437 0.005374 -0.048232 0.010027 -0.155312 40.2910760483 -218.9235249194 203.08950
J157 01JUL23 2001.5578 52113 1124 1 141.1 -2000 -0.325919 4461849 0.366448 203 0.106850 0.0000 0.001251 0.001577 0.006063 -0.010562 -0.035053 -0.142857 40.2910760442 -218.9235248970 203.10685
J157 01JUL24 2001.5606 52114 1124 2 141.1 -2000 -0.327227 4461849 0.368170 203 0.107412 0.0000 0.001155 0.001570 0.005573 0.018298 0.021182 -0.005638 40.2910760597 -218.9235249124 203.10741
J157 01JUL25 2001.5633 52115 1124 3 141.1 -2000 -0.325516 4461849 0.367491 203 0.100425 0.0000 0.001174 0.001513 0.005552 -0.050478 0.015809 -0.133912 40.2910760535 -218.9235248923 203.10043
J157 01JUL26 2001.5661 52116 1124 4 141.1 -2000 -0.325000 4461849 0.365707 203 0.091122 0.0000 0.001278 0.001592 0.006066 -0.027655 -0.007296 -0.059410 40.2910760375 -218.9235248862 203.09112
J157 01JUL27 2001.5688 52117 1124 5 141.1 -2000 -0.326030 4461849 0.369215 203 0.094473 0.0000 0.001254 0.001707 0.005955 0.121504 0.049898 -0.106550 40.2910760691 -218.9235248984 203.09447
J157 01JUL28 2001.5715 52118 1124 6 141.1 -2000 -0.326609 4461849 0.368054 203 0.103150 0.0000 0.001211 0.001495 0.005661 -0.016534 -0.036720 -0.096277 40.2910760586 -218.9235249052 203.10315
J157 01JUL29 2001.5743 52119 1125 0 141.1 -2000 -0.326864 4461849 0.369361 203 0.099734 0.0000 0.001370 0.001667 0.006589 -0.004411 0.051512 -0.126137 40.2910760704 -218.9235249082 203.09973
J157 01JUL30 2001.5770 52120 1125 1 141.1 -2000 -0.323375 4461849 0.365274 203 0.110099 0.0000 0.001527 0.001925 0.007449 0.002892 0.048119 -0.035037 40.2910760336 -218.9235248671 203.11010
J157 01JUL31 2001.5797 52121 1125 2 141.1 -2000 -0.325574 4461849 0.367203 203 0.111656 0.0000 0.001246 0.001583 0.005974 -0.024428 -0.033554 -0.015922 40.2910760510 -218.9235248930 203.11166
J157 01AUG01 2001.5825 52122 1125 3 141.1 -2000 -0.327192 4461849 0.368538 203 0.106556 0.0000 0.001264 0.001628 0.006036 -0.026666 0.020393 -0.050780 40.2910760630 -218.9235249120 203.10656
J157 01AUG02 2001.5852 52123 1125 4 141.1 -2000 -0.328517 4461849 0.366865 203 0.098834 0.0000 0.001296 0.001590 0.006147 0.013828 0.021745 -0.017757 40.2910760479 -218.9235249276 203.09883
J157 01AUG03 2001.5880 52124 1125 5 141.1 -2000 -0.322389 4461849 0.372289 203 0.116133 0.0000 0.001573 0.001972 0.007347 0.038025 -0.058009 -0.018211 40.2910760968 -218.9235248555 203.11613
J157 01AUG04 2001.5907 52125 1125 6 141.1 -2000 -0.327554 4461849 0.364715 203 0.093728 0.0000 0.001240 0.001540 0.005915 0.006873 0.017515 -0.070072 40.2910760285 -218.9235249163 203.09373
J157 01AUG05 2001.5934 52126 1126 0 141.1 -2000 -0.324863 4461849 0.369922 203 0.082997 0.0000 0.001305 0.001570 0.006155 0.030409 -0.111550 -0.102037 40.2910760754 -218.9235248846 203.08300
J157 01AUG06 2001.5962 52127 1126 1 141.1 -2000 -0.321473 4461849 0.363626 203 0.098705 0.0000 0.001235 0.001579 0.005876 -0.014085 -0.021421 -0.077123 40.2910760187 -218.9235248448 203.09871
J157 01AUG07 2001.5989 52128 1126 2 141.1 -2000 -0.326834 4461849 0.365276 203 0.099846 0.0000 0.001288 0.001518 0.005948 -0.016032 -0.034388 -0.108318 40.2910760336 -218.9235249078 203.09985
J157 01AUG08 2001.6016 52129 1126 3 141.1 -2000 -0.323333 4461849 0.364832 203 0.098679 0.0000 0.001292 0.001570 0.005986 -0.014395 0.051905 -0.059763 40.2910760296 -218.9235248666 203.09868
J157 01AUG09 2001.6044 52130 1126 4 141.1 -2000 -0.326202 4461849 0.364340 203 0.093160 0.0000 0.001243 0.001527 0.005859 -0.071020 0.012072 -0.111125 40.2910760252 -218.9235249004 203.09316
J157 01AUG10 2001.6071 52131 1126 5 141.1 -2000 -0.328396 4461849 0.367617 203 0.090307 0.0000 0.001253 0.001547 0.006013 -0.014617 -0.011509 -0.113809 40.2910760547 -218.9235249262 203.09031
J157 01AUG11 2001.6099 52132 1126 6 141.1 -2000 -0.329082 4461849 0.363634 203 0.096256 0.0000 0.001199 0.001584 0.005919 -0.028599 -0.003941 -0.099813 40.2910760188 -218.9235249342 203.09626
J157 01AUG12 2001.6126 52133 1127 0 141.1 -2000 -0.323890 4461849 0.361590 203 0.107982 0.0000 0.001280 0.001559 0.006103 -0.045824 0.076277 -0.182844 40.2910760004 -218.9235248732 203.10798
J157 01AUG13 2001.6153 52134 1127 1 141.1 -2000 -0.324749 4461849 0.363512 203 0.092706 0.0000 0.001171 0.001497 0.005762 0.015909 -0.006462 -0.185300 40.2910760177 -218.9235248833 203.09271
J157 01AUG14 2001.6181 52135 1127 2 141.1 -2000 -0.324733 4461849 0.362945 203 0.096022 0.0000 0.001199 0.001437 0.005563 -0.009689 -0.030199 -0.125023 40.2910760126 -218.9235248831 203.09602
J157 01AUG15 2001.6208 52136 1127 3 141.1 -2000 -0.324890 4461849 0.365140 203 0.090894 0.0000 0.001153 0.001430 0.005435 -0.009386 0.002953 -0.121195 40.2910760324 -218.9235248849 203.09089
J157 01AUG16 2001.6235 52137 1127 4 141.1 -2000 -0.322382 4461849 0.367955 203 0.100744 0.0000 0.001274 0.001514 0.005998 0.012700 -0.003203 -0.098582 40.2910760577 -218.9235248555 203.10074
J157 01AUG17 2001.6263 52138 1127 5 141.1 -2000 -0.324979 4461849 0.368866 203 0.099208 0.0000 0.001237 0.001518 0.006012 0.003918 -0.047203 -0.142267 40.2910760659 -218.9235248860 203.09921
J157 01AUG18 2001.6290 52139 1127 6 141.1 -2000 -0.324671 4461849 0.366059 203 0.086219 0.0000 0.001227 0.001479 0.005668 -0.064895 -0.007595 -0.187393 40.2910760406 -218.9235248824 203.08622
J157 01AUG19 2001.6318 52140 1128 0 141.1 -2000 -0.325797 4461849 0.367762 203 0.085251 0.0000 0.001179 0.001474 0.005612 -0.029294 0.004890 -0.158656 40.2910760560 -218.9235248956 203.08525
J157 01AUG20 2001.6345 52141 1128 1 141.1 -2000 -0.326212 4461849 0.367963 203 0.085180 0.0000 0.001201 0.001512 0.005823 -0.052407 0.051284 -0.155005 40.2910760578 -218.9235249005 203.08518
J157 01AUG21 2001.6372 52142 1128 2 141.1 -2000 -0.323373 4461849 0.365236 203 0.111874 0.0000 0.001289 0.001572 0.006310 -0.100293 0.012711 -0.162869 40.2910760332 -218.9235248671 203.11187
J157 01AUG22 2001.6400 52143 1128 3 141.1 -2000 -0.322640 4461849 0.364103 203 0.115391 0.0000 0.001163 0.001462 0.005641 -0.043114 0.038806 -0.146343 40.2910760230 -218.9235248585 203.11539
J157 01AUG23 2001.6427 52144 1128 4 141.1 -2000 -0.325481 4461849 0.370587 203 0.081263 0.0000 0.001194 0.001454 0.005526 0.009744 -0.036139 -0.126442 40.2910760814 -218.9235248919 203.08126
J157 01AUG24 2001.6454 52145 1128 5 141.1 -2000 -0.325639 4461849 0.365197 203 0.100648 0.0000 0.001183 0.001458 0.005622 -0.023071 -0.026147 -0.169104 40.2910760329 -218.9235248938 203.10065
J157 01AUG25 2001.6482 52146 1128 6 141.1 -2000 -0.324661 4461849 0.366558 203 0.109783 0.0000 0.001314 0.001692 0.006252 -0.049624 -0.009229 -0.005970 40.2910760451 -218.9235248823 203.10978
J157 01AUG26 2001.6509 52147 1129 0 141.1 -2000 -0.326852 4461849 0.365513 203 0.095635 0.0000 0.001199 0.001475 0.005710 -0.018704 0.011898 -0.128581 40.2910760357 -218.9235249080 203.09564
J157 01AUG27 2001.6537 52148 1129 1 141.1 -2000 -0.326579 4461849 0.366981 203 0.097550 0.0000 0.001278 0.001547 0.006091 0.006683 -0.018854 -0.112304 40.2910760490 -218.9235249048 203.09755
J157 01AUG28 2001.6564 52149 1129 2 141.1 -2000 -0.326237 4461849 0.365844 203 0.109727 0.0000 0.001246 0.001535 0.006052 -0.015516 -0.060416 -0.169710 40.2910760387 -218.9235249008 203.10973
J157 01AUG29 2001.6591 52150 1129 3 141.1 -2000 -0.324043 4461849 0.366071 203 0.101194 0.0000 0.001193 0.001494 0.005612 0.012829 -0.030509 -0.155831 40.2910760408 -218.9235248750 203.10119
J157 01AUG30 2001.6619 52151 1129 4 141.1 -2000 -0.324363 4461849 0.366575 203 0.105728 0.0000 0.001169 0.001482 0.005523 0.002395 -0.025698 -0.161687 40.2910760453 -218.9235248788 203.10573
J157 01AUG31 2001.6646 52152 1129 5 141.1 -2000 -0.324500 4461849 0.366050 203 0.089172 0.0000 0.001254 0.001574 0.005917 -0.005952 -0.033701 -0.183186 40.2910760406 -218.9235248804 203.08917
J157 01SEP01 2001.6674 52153 1129 6 141.1 -2000 -0.326717 4461849 0.365990 203 0.083184 0.0000 0.001166 0.001481 0.005518 -0.005338 -0.081049 -0.177085 40.2910760400 -218.9235249064 203.08318
J157 01SEP02 2001.6701 52154 1130 0 141.1 -2000 -0.329052 4461849 0.365964 203 0.104214 0.0000 0.001239 0.001523 0.005950 0.040480 -0.104658 -0.182293 40.2910760398 -218.9235249339 203.10421
J157 01SEP03 2001.6728 52155 1130 1 141.1 -2000 -0.324521 4461849 0.367196 203 0.091168 0.0000 0.001215 0.001486 0.005642 -0.008747 -0.072444 -0.169508 40.2910760509 -218.9235248806 203.09117
J157 01SEP04 2001.6756 52156 1130 2 141.1 -2000 -0.323154 4461849 0.365944 203 0.082890 0.0000 0.001195 0.001531 0.005687 0.001730 0.009115 -0.184457 40.2910760396 -218.9235248645 203.08289
J157 01SEP05 2001.6783 52157 1130 3 141.1 -2000 -0.327326 4461849 0.367925 203 0.082104 0.0000 0.001254 0.001492 0.005823 -0.002640 -0.025684 -0.136664 40.2910760575 -218.9235249136 203.08210
J157 01SEP06 2001.6810 52158 1130 4 141.1 -2000 -0.327336 4461849 0.365444 203 0.088204 0.0000 0.001172 0.001456 0.005566 -0.036967 -0.017988 -0.140362 40.2910760351 -218.9235249137 203.08820
J157 01SEP07 2001.6838 52159 1130 5 141.1 -2000 -0.323200 4461849 0.370593 203 0.096957 0.0000 0.001135 0.001419 0.005328 -0.023499 -0.044005 -0.069247 40.2910760815 -218.9235248651 203.09696
J157 01SEP08 2001.6865 52160 1130 6 141.1 -2000 -0.324285 4461849 0.369138 203 0.089721 0.0000 0.001138 0.001429 0.005359 -0.046858 -0.002881 -0.149339 40.2910760684 -218.9235248778 203.08972
J157 01SEP09 2001.6893 52161 1131 0 141.1 -2000 -0.325660 4461849 0.362135 203 0.091297 0.0000 0.001183 0.001463 0.005583 0.017411 -0.086899 -0.121397 40.2910760053 -218.9235248940 203.09130
J157 01SEP10 2001.6920 52162 1131 1 141.1 -2000 -0.321779 4461849 0.370253 203 0.109947 0.0000 0.001135 0.001435 0.005234 -0.076002 -0.038840 -0.100305 40.2910760784 -218.9235248484 203.10995
J157 01SEP11 2001.6947 52163 1131 2 141.1 -2000 -0.326177 4461849 0.367947 203 0.090335 0.0000 0.001212 0.001512 0.005644 -0.015846 -0.010238 -0.128276 40.2910760577 -218.9235249001 203.09033
J157 01SEP12 2001.6975 52164 1131 3 141.1 -2000 -0.327600 4461849 0.366424 203 0.090592 0.0000 0.001223 0.001526 0.005714 -0.002574 -0.031233 -0.131733 40.2910760439 -218.9235249168 203.09059
J157 01SEP13 2001.7002 52165 1131 4 141.1 -2000 -0.324605 4461849 0.362379 203 0.095448 0.0000 0.001206 0.001493 0.005554 0.043627 -0.054931 -0.174953 40.2910760075 -218.9235248816 203.09545
J157 01SEP14 2001.7029 52166 1131 5 141.1 -2000 -0.324005 4461849 0.362842 203 0.099035 0.0000 0.001173 0.001443 0.005424 0.019876 -0.077869 -0.157508 40.2910760117 -218.9235248745 203.09903
J157 01SEP15 2001.7057 52167 1131 6 141.1 -2000 -0.324920 4461849 0.363936 203 0.088183 0.0000 0.001188 0.001434 0.005500 0.033085 -0.048941 -0.160845 40.2910760215 -218.9235248853 203.08818
J157 01SEP16 2001.7084 52168 1132 0 141.1 -2000 -0.322551 4461849 0.365803 203 0.089386 0.0000 0.001173 0.001471 0.005759 -0.022030 0.008155 -0.168494 40.2910760384 -218.9235248574 203.08939
J157 01SEP17 2001.7112 52169 1132 1 141.1 -2000 -0.325490 4461849 0.369528 203 0.080465 0.0000 0.001198 0.001431 0.005551 -0.019934 0.012625 -0.139962 40.2910760719 -218.9235248920 203.08047
J157 01SEP18 2001.7139 52170 1132 2 141.1 -2000 -0.326999 4461849 0.365091 203 0.089685 0.0000 0.001187 0.001451 0.005524 -0.031311 0.002228 -0.193327 40.2910760319 -218.9235249097 203.08969
J157 01SEP19 2001.7166 52171 1132 3 141.1 -2000 -0.325210 4461849 0.363310 203 0.072015 0.0000 0.001157 0.001429 0.005315 0.004760 0.050937 -0.096821 40.2910760159 -218.9235248887 203.07202
J157 01SEP20 2001.7194 52172 1132 4 141.1 -2000 -0.323473 4461849 0.362661 203 0.091372 0.0000 0.001242 0.001494 0.005680 -0.064109 -0.000660 -0.182446 40.2910760101 -218.9235248683 203.09137
J157 01SEP21 2001.7221 52173 1132 5 141.1 -2000 -0.324546 4461849 0.366360 203 0.082268 0.0000 0.001157 0.001423 0.005239 -0.042847 0.010618 -0.144382 40.2910760434 -218.9235248809 203.08227
J157 01SEP22 2001.7248 52174 1132 6 141.1 -2000 -0.324845 4461849 0.364895 203 0.071144 0.0000 0.001118 0.001416 0.005247 0.007755 -0.014767 -0.180685 40.2910760302 -218.9235248844 203.07114
J157 01SEP23 2001.7276 52175 1133 0 141.1 -2000 -0.324993 4461849 0.366946 203 0.069950 0.0000 0.001132 0.001405 0.005218 -0.000609 -0.033592 -0.127537 40.2910760486 -218.9235248862 203.06995
J157 01SEP24 2001.7303 52176 1133 1 141.1 -2000 -0.325784 4461849 0.365519 203 0.080530 0.0000 0.001139 0.001428 0.005268 -0.021081 -0.028101 -0.147149 40.2910760358 -218.9235248955 203.08053
J157 01SEP25 2001.7331 52177 1133 2 141.1 -2000 -0.322857 4461849 0.366490 203 0.072221 0.0000 0.001187 0.001443 0.005401 -0.017502 -0.022318 -0.146652 40.2910760445 -218.9235248610 203.07222
J157 01SEP26 2001.7358 52178 1133 3 141.1 -2000 -0.321465 4461849 0.367792 203 0.071926 0.0000 0.001221 0.001482 0.005699 -0.022223 0.079479 -0.153117 40.2910760563 -218.9235248447 203.07193
J157 01SEP27 2001.7385 52179 1133 4 141.1 -2000 -0.324618 4461849 0.364892 203 0.085504 0.0000 0.001242 0.001496 0.005667 -0.019189 0.058904 -0.119441 40.2910760301 -218.9235248817 203.08550
J157 01SEP28 2001.7413 52180 1133 5 141.1 -2000 -0.326397 4461849 0.365263 203 0.076435 0.0000 0.001137 0.001440 0.005360 0.014276 -0.034796 -0.129797 40.2910760335 -218.9235249027 203.07644
J157 01SEP29 2001.7440 52181 1133 6 141.1 -2000 -0.326363 4461849 0.365873 203 0.099190 0.0000 0.001218 0.001523 0.005688 -0.017447 -0.009320 -0.130381 40.2910760390 -218.9235249023 203.09919
J157 01SEP30 2001.7467 52182 1134 0 141.1 -2000 -0.322447 4461849 0.365984 203 0.089945 0.0000 0.001163 0.001415 0.005287 -0.036006 -0.045837 -0.139937 40.2910760400 -218.9235248562 203.08994
J157 01OCT01 2001.7495 52183 1134 1 141.1 -2000 -0.323724 4461849 0.365992 203 0.092259 0.0000 0.001185 0.001407 0.005347 0.020663 -0.020549 -0.166549 40.2910760400 -218.9235248712 203.09226
J157 01OCT02 2001.7522 52184 1134 2 141.1 -2000 -0.329789 4461849 0.365463 203 0.092483 0.0000 0.001169 0.001421 0.005357 0.011133 -0.056384 -0.151292 40.2910760353 -218.9235249425 203.09248
J157 01OCT03 2001.7550 52185 1134 3 141.1 -2000 -0.322448 4461849 0.367329 203 0.070077 0.0000 0.001248 0.001548 0.005929 -0.067419 0.012527 -0.195023 40.2910760521 -218.9235248562 203.07008
J157 01OCT04 2001.7577 52186 1134 4 141.1 -2000 -0.323286 4461849 0.366647 203 0.087289 0.0000 0.001190 0.001482 0.005476 -0.028612 -0.005370 -0.140940 40.2910760459 -218.9235248661 203.08729
J157 01OCT05 2001.7604 52187 1134 5 141.1 -2000 -0.323383 4461849 0.362466 203 0.091081 0.0000 0.001264 0.001530 0.005848 -0.010919 0.027352 -0.166887 40.2910760083 -218.9235248672 203.09108
J157 01OCT06 2001.7632 52188 1134 6 141.1 -2000 -0.324239 4461849 0.366775 203 0.068243 0.0000 0.001137 0.001403 0.005217 -0.015390 -0.033535 -0.130582 40.2910760471 -218.9235248773 203.06824
J157 01OCT07 2001.7659 52189 1135 0 141.1 -2000 -0.326652 4461849 0.367450 203 0.064570 0.0000 0.001154 0.001451 0.005372 -0.046173 0.012547 -0.118453 40.2910760532 -218.9235249057 203.06457
J157 01OCT08 2001.7687 52190 1135 1 141.1 -2000 -0.325573 4461849 0.365799 203 0.075117 0.0000 0.001121 0.001448 0.005257 -0.040610 -0.061503 -0.109876 40.2910760383 -218.9235248930 203.07512
J157 01OCT09 2001.7714 52191 1135 2 141.1 -2000 -0.323508 4461849 0.365636 203 0.071423 0.0000 0.001106 0.001399 0.005128 -0.022210 -0.031201 -0.112298 40.2910760368 -218.9235248687 203.07142
J157 01OCT10 2001.7741 52192 1135 3 141.1 -2000 -0.325208 4461849 0.364696 203 0.081459 0.0000 0.001126 0.001474 0.005387 -0.062060 0.003592 -0.127823 40.2910760284 -218.9235248887 203.08146
J157 01OCT11 2001.7769 52193 1135 4 141.1 -2000 -0.324120 4461849 0.364542 203 0.081183 0.0000 0.001120 0.001417 0.005231 -0.042734 -0.015694 -0.100479 40.2910760270 -218.9235248759 203.08118
J157 01OCT12 2001.7796 52194 1135 5 141.1 -2000 -0.325176 4461849 0.366078 203 0.092877 0.0000 0.001197 0.001503 0.005626 -0.027706 -0.068891 -0.131282 40.2910760408 -218.9235248883 203.09288
J157 01OCT13 2001.7823 52195 1135 6 141.1 -2000 -0.326132 4461849 0.364885 203 0.093055 0.0000 0.001154 0.001451 0.005420 -0.001121 0.026193 -0.109832 40.2910760301 -218.9235248995 203.09306
J157 01OCT14 2001.7851 52196 1136 0 141.1 -2000 -0.324375 4461849 0.363791 203 0.069231 0.0000 0.001133 0.001413 0.005276 -0.009184 -0.045761 -0.131373 40.2910760202 -218.9235248789 203.06923
J157 01OCT15 2001.7878 52197 1136 1 141.1 -2000 -0.324771 4461849 0.363037 203 0.076881 0.0000 0.001178 0.001451 0.005551 -0.023453 -0.065268 -0.150084 40.2910760134 -218.9235248835 203.07688
J157 01OCT16 2001.7906 52198 1136 2 141.1 -2000 -0.323359 4461849 0.366042 203 0.087160 0.0000 0.001239 0.001488 0.005674 -0.029412 0.060638 -0.171550 40.2910760405 -218.9235248669 203.08716
J157 01OCT17 2001.7933 52199 1136 3 141.1 -2000 -0.322387 4461849 0.363658 203 0.088581 0.0000 0.001176 0.001468 0.005454 -0.055784 -0.017462 -0.163924 40.2910760190 -218.9235248555 203.08858
J157 01OCT18 2001.7960 52200 1136 4 141.1 -2000 -0.320858 4461849 0.364507 203 0.076260 0.0000 0.001150 0.001456 0.005381 -0.059516 0.018090 -0.153944 40.2910760267 -218.9235248375 203.07626
J157 01OCT19 2001.7988 52201 1136 5 141.1 -2000 -0.323648 4461849 0.363951 203 0.072935 0.0000 0.001164 0.001489 0.005491 -0.038197 0.000871 -0.142940 40.2910760217 -218.9235248703 203.07294
J157 01OCT20 2001.8015 52202 1136 6 141.1 -2000 -0.322318 4461849 0.366757 203 0.065477 0.0000 0.001131 0.001454 0.005373 -0.026608 -0.033547 -0.100831 40.2910760469 -218.9235248547 203.06548
J157 01OCT21 2001.8042 52203 1137 0 141.1 -2000 -0.323600 4461849 0.366628 203 0.061115 0.0000 0.001196 0.001512 0.005579 -0.024041 -0.006042 -0.066214 40.2910760458 -218.9235248698 203.06111
J157 01OCT22 2001.8070 52204 1137 1 141.1 -2000 -0.325421 4461849 0.365645 203 0.087175 0.0000 0.001270 0.001599 0.005976 0.005244 -0.027230 -0.046529 40.2910760369 -218.9235248912 203.08717
J157 01OCT23 2001.8097 52205 1137 2 141.1 -2000 -0.323240 4461849 0.365007 203 0.072136 0.0000 0.001192 0.001481 0.005464 -0.028212 -0.124626 -0.118672 40.2910760312 -218.9235248655 203.07214
J157 01OCT24 2001.8125 52206 1137 3 141.1 -2000 -0.325910 4461849 0.363745 203 0.086301 0.0000 0.001147 0.001503 0.005466 -0.019146 -0.013201 -0.117155 40.2910760198 -218.9235248969 203.08630
J157 01OCT25 2001.8152 52207 1137 4 141.1 -2000 -0.325403 4461849 0.364529 203 0.075637 0.0000 0.001181 0.001515 0.005647 -0.007335 -0.030902 -0.149659 40.2910760269 -218.9235248910 203.07564
J157 01OCT26 2001.8179 52208 1137 5 141.1 -2000 -0.321169 4461849 0.365572 203 0.073381 0.0000 0.001166 0.001458 0.005553 0.016957 -0.032305 -0.130910 40.2910760363 -218.9235248412 203.07338
J157 01OCT27 2001.8207 52209 1137 6 141.1 -2000 -0.323482 4461849 0.369131 203 0.065118 0.0000 0.001131 0.001514 0.005387 -0.012729 0.027995 -0.051931 40.2910760683 -218.9235248684 203.06512
J157 01OCT28 2001.8234 52210 1138 0 141.1 -2000 -0.323208 4461849 0.365307 203 0.088059 0.0000 0.001161 0.001522 0.005593 -0.022148 -0.014145 -0.122596 40.2910760339 -218.9235248652 203.08806
J157 01OCT29 2001.8261 52211 1138 1 141.1 -2000 -0.323512 4461849 0.363777 203 0.072962 0.0000 0.001170 0.001491 0.005549 0.006293 -0.037009 -0.145586 40.2910760201 -218.9235248687 203.07296
J157 01OCT30 2001.8289 52212 1138 2 141.1 -2000 -0.322556 4461849 0.364510 203 0.064829 0.0000 0.001148 0.001475 0.005415 -0.014221 0.027461 -0.086147 40.2910760267 -218.9235248575 203.06483
J157 01OCT31 2001.8316 52213 1138 3 141.1 -2000 -0.321435 4461849 0.364165 203 0.055289 0.0000 0.001125 0.001472 0.005418 0.020358 0.020824 -0.131160 40.2910760236 -218.9235248443 203.05529
J157 01NOV01 2001.8344 52214 1138 4 141.1 -2000 -0.320470 4461849 0.361532 203 0.090003 0.0000 0.001146 0.001470 0.005423 0.016524 -0.016285 -0.141938 40.2910759999 -218.9235248329 203.09000
J157 01NOV02 2001.8371 52215 1138 5 141.1 -2000 -0.322220 4461849 0.367264 203 0.078828 0.0000 0.001133 0.001467 0.005436 -0.022516 -0.026439 -0.172466 40.2910760515 -218.9235248535 203.07883
J157 01NOV03 2001.8398 52216 1138 6 141.1 -2000 -0.323878 4461849 0.365238 203 0.078535 0.0000 0.001161 0.001529 0.005577 0.030429 0.029525 -0.155913 40.2910760333 -218.9235248730 203.07853
J157 01NOV04 2001.8426 52217 1139 0 141.1 -2000 -0.324795 4461849 0.362926 203 0.075989 0.0000 0.001152 0.001445 0.005396 0.046463 -0.061918 -0.108131 40.2910760124 -218.9235248838 203.07599
J157 01NOV05 2001.8453 52218 1139 1 141.1 -2000 -0.325553 4461849 0.361889 203 0.088420 0.0000 0.001165 0.001514 0.005507 0.030784 -0.034673 -0.093926 40.2910760031 -218.9235248927 203.08842
J157 01NOV06 2001.8480 52219 1139 2 141.1 -2000 -0.321979 4461849 0.364362 203 0.086984 0.0000 0.001279 0.001744 0.006366 0.022666 0.000084 -0.173953 40.2910760254 -218.9235248507 203.08698
J157 01NOV07 2001.8508 52220 1139 3 141.1 -2000 -0.324178 4461849 0.365534 203 0.076827 0.0000 0.001116 0.001449 0.005281 0.028490 -0.017038 -0.121479 40.2910760359 -218.9235248766 203.07683
J157 01NOV08 2001.8535 52221 1139 4 141.1 -2000 -0.325070 4461849 0.365712 203 0.080495 0.0000 0.001219 0.001578 0.005880 0.024200 -0.025637 -0.092821 40.2910760375 -218.9235248871 203.08049
J157 01NOV09 2001.8563 52222 1139 5 141.1 -2000 -0.324078 4461849 0.366977 203 0.076023 0.0000 0.001145 0.001529 0.005577 0.018950 -0.012562 -0.145099 40.2910760489 -218.9235248754 203.07602
J157 01NOV10 2001.8590 52223 1139 6 141.1 -2000 -0.321952 4461849 0.365337 203 0.085154 0.0000 0.001156 0.001505 0.005598 -0.023630 0.019779 -0.144584 40.2910760341 -218.9235248504 203.08515
J157 01NOV11 2001.8617 52224 1140 0 141.1 -2000 -0.321713 4461849 0.367058 203 0.080930 0.0000 0.001165 0.001472 0.005555 -0.025499 0.064709 -0.136491 40.2910760497 -218.9235248476 203.08093
J157 01NOV12 2001.8645 52225 1140 1 141.1 -2000 -0.324752 4461849 0.365357 203 0.078038 0.0000 0.001133 0.001480 0.005430 0.001905 0.022731 -0.123068 40.2910760343 -218.9235248833 203.07804
J157 01NOV13 2001.8672 52226 1140 2 141.1 -2000 -0.326423 4461849 0.363364 203 0.076975 0.0000 0.001198 0.001560 0.005768 -0.047710 -0.002173 -0.105042 40.2910760164 -218.9235249030 203.07698
J157 01NOV14 2001.8700 52227 1140 3 141.1 -2000 -0.324564 4461849 0.364857 203 0.084607 0.0000 0.001201 0.001542 0.005731 -0.001923 0.000259 -0.156613 40.2910760298 -218.9235248811 203.08461
J157 01NOV15 2001.8727 52228 1140 4 141.1 -2000 -0.323096 4461849 0.364079 203 0.077542 0.0000 0.001135 0.001445 0.005363 -0.016669 0.008215 -0.185551 40.2910760228 -218.9235248638 203.07754
J157 01NOV16 2001.8754 52229 1140 5 141.1 -2000 -0.324902 4461849 0.364106 203 0.081502 0.0000 0.001135 0.001500 0.005440 -0.016313 0.041445 -0.155433 40.2910760231 -218.9235248851 203.08150
J157 01NOV17 2001.8782 52230 1140 6 141.1 -2000 -0.326424 4461849 0.364397 203 0.085223 0.0000 0.001133 0.001481 0.005453 -0.041127 0.101866 -0.105144 40.2910760257 -218.9235249030 203.08522
J157 01NOV18 2001.8809 52231 1141 0 141.1 -2000 -0.321971 4461849 0.364079 203 0.085790 0.0000 0.001193 0.001467 0.005537 0.013009 -0.043680 -0.164555 40.2910760228 -218.9235248506 203.08579
J157 01NOV19 2001.8836 52232 1141 1 141.1 -2000 -0.324598 4461849 0.365310 203 0.086572 0.0000 0.001160 0.001477 0.005362 0.021965 -0.047024 -0.111976 40.2910760339 -218.9235248815 203.08657
J157 01NOV20 2001.8864 52233 1141 2 141.1 -2000 -0.324677 4461849 0.365878 203 0.088327 0.0000 0.001218 0.001585 0.005747 0.019211 -0.045092 -0.152292 40.2910760390 -218.9235248824 203.08833
J157 01NOV21 2001.8891 52234 1141 3 141.1 -2000 -0.324335 4461849 0.362160 203 0.089941 0.0000 0.001227 0.001548 0.005755 -0.026604 0.028453 -0.125987 40.2910760055 -218.9235248784 203.08994
J157 01NOV22 2001.8919 52235 1141 4 141.1 -2000 -0.324337 4461849 0.365638 203 0.077604 0.0000 0.001231 0.001528 0.005767 0.004442 -0.072941 -0.184031 40.2910760369 -218.9235248784 203.07760
J157 01NOV23 2001.8946 52236 1141 5 141.1 -2000 -0.322369 4461849 0.363861 203 0.077547 0.0000 0.001185 0.001597 0.005700 -0.011487 -0.010443 -0.118844 40.2910760209 -218.9235248553 203.07755
J157 01NOV24 2001.8973 52237 1141 6 141.1 -2000 -0.321517 4461849 0.366174 203 0.083655 0.0000 0.001242 0.001642 0.006090 -0.002883 0.046635 -0.081500 40.2910760417 -218.9235248453 203.08365
J157 01NOV25 2001.9001 52238 1142 0 141.1 -2000 -0.328112 4461849 0.361441 203 0.078136 0.0000 0.001239 0.001595 0.005840 0.010681 0.082134 -0.078956 40.2910759991 -218.9235249228 203.07814
J157 01NOV26 2001.9028 52239 1142 1 141.1 -2000 -0.323437 4461849 0.365173 203 0.083950 0.0000 0.001167 0.001596 0.005586 -0.018665 0.068730 -0.083412 40.2910760327 -218.9235248679 203.08395
J157 01NOV27 2001.9055 52240 1142 2 141.1 -2000 -0.328404 4461849 0.362598 203 0.094760 0.0000 0.001222 0.001591 0.005673 0.013964 0.023506 -0.193935 40.2910760095 -218.9235249263 203.09476
J157 01NOV28 2001.9083 52241 1142 3 141.1 -2000 -0.329191 4461849 0.364157 203 0.085222 0.0000 0.001108 0.001470 0.005172 -0.015427 -0.004266 -0.080441 40.2910760235 -218.9235249355 203.08522
J157 01NOV29 2001.9110 52242 1142 4 141.1 -2000 -0.324729 4461849 0.366772 203 0.082694 0.0000 0.001123 0.001484 0.005166 0.013770 0.041006 -0.081045 40.2910760471 -218.9235248830 203.08269
J157 01NOV30 2001.9138 52243 1142 5 141.1 -2000 -0.325245 4461849 0.370230 203 0.085422 0.0000 0.001138 0.001502 0.005351 0.017207 0.009406 -0.132100 40.2910760782 -218.9235248891 203.08542
J157 01DEC01 2001.9165 52244 1142 6 141.1 -2000 -0.325560 4461849 0.365399 203 0.079966 0.0000 0.001133 0.001489 0.005232 -0.011130 0.015784 -0.082931 40.2910760347 -218.9235248928 203.07997
J157 01DEC02 2001.9192 52245 1143 0 141.1 -2000 -0.324465 4461849 0.365670 203 0.089401 0.0000 0.001130 0.001500 0.005205 -0.000966 0.018300 -0.087142 40.2910760371 -218.9235248799 203.08940
J157 01DEC03 2001.9220 52246 1143 1 141.1 -2000 -0.325454 4461849 0.368576 203 0.071384 0.0000 0.001150 0.001529 0.005276 0.048710 -0.038440 -0.136271 40.2910760633 -218.9235248916 203.07138
J157 01DEC04 2001.9247 52247 1143 2 141.1 -2000 -0.323871 4461849 0.367938 203 0.079415 0.0000 0.001127 0.001478 0.005162 0.001148 0.016619 -0.126822 40.2910760576 -218.9235248730 203.07942
J157 01DEC05 2001.9274 52248 1143 3 141.1 -2000 -0.323369 4461849 0.367624 203 0.082419 0.0000 0.001137 0.001486 0.005267 -0.022387 0.059778 -0.171476 40.2910760547 -218.9235248671 203.08242
J157 01DEC06 2001.9302 52249 1143 4 141.1 -2000 -0.328418 4461849 0.368811 203 0.051388 0.0000 0.001140 0.001511 0.005339 0.006257 -0.007243 -0.147902 40.2910760654 -218.9235249264 203.05139
J157 01DEC07 2001.9329 52250 1143 5 141.1 -2000 -0.321035 4461849 0.371164 203 0.068040 0.0000 0.001164 0.001518 0.005523 0.025052 0.018574 -0.171117 40.2910760866 -218.9235248396 203.06804
J157 01DEC08 2001.9357 52251 1143 6 141.1 -2000 -0.324401 4461849 0.367513 203 0.080232 0.0000 0.001125 0.001438 0.005053 -0.005778 -0.033127 -0.120840 40.2910760537 -218.9235248792 203.08023
J157 01DEC09 2001.9384 52252 1144 0 141.1 -2000 -0.328214 4461849 0.368752 203 0.093053 0.0000 0.001143 0.001470 0.005226 0.010058 -0.001080 -0.158181 40.2910760649 -218.9235249240 203.09305
J157 01DEC10 2001.9411 52253 1144 1 141.1 -2000 -0.324658 4461849 0.368298 203 0.083944 0.0000 0.001149 0.001516 0.005317 0.052443 -0.024839 -0.147700 40.2910760608 -218.9235248822 203.08394
J157 01DEC11 2001.9439 52254 1144 2 141.1 -2000 -0.323379 4461849 0.365069 203 0.079564 0.0000 0.001265 0.001563 0.005849 0.013175 -0.025727 -0.240435 40.2910760317 -218.9235248672 203.07956
J157 01DEC12 2001.9466 52255 1144 3 141.1 -2000 -0.323885 4461849 0.367952 203 0.082585 0.0000 0.001184 0.001547 0.005568 0.002601 -0.068095 -0.134638 40.2910760577 -218.9235248731 203.08258
J157 01DEC13 2001.9493 52256 1144 4 141.1 -2000 -0.330068 4461849 0.364918 203 0.089355 0.0000 0.001183 0.001529 0.005634 0.057040 -0.010562 -0.160628 40.2910760304 -218.9235249458 203.08936
J157 01DEC14 2001.9521 52257 1144 5 141.1 -2000 -0.328668 4461849 0.364478 203 0.078966 0.0000 0.001188 0.001501 0.005538 0.067449 -0.073363 -0.148630 40.2910760264 -218.9235249294 203.07897
J157 01DEC15 2001.9548 52258 1144 6 141.1 -2000 -0.325066 4461849 0.367531 203 0.074434 0.0000 0.001193 0.001490 0.005452 0.089307 -0.072629 -0.129441 40.2910760539 -218.9235248870 203.07443
J157 01DEC16 2001.9576 52259 1145 0 141.1 -2000 -0.325413 4461849 0.365732 203 0.081838 0.0000 0.001204 0.001574 0.005829 0.086689 -0.017677 -0.064707 40.2910760377 -218.9235248911 203.08184
J157 01DEC17 2001.9603 52260 1145 1 141.1 -2000 -0.323844 4461849 0.365867 203 0.056749 0.0000 0.001166 0.001485 0.005509 0.019421 0.007288 -0.146117 40.2910760389 -218.9235248726 203.05675
J157 01DEC18 2001.9630 52261 1145 2 141.1 -2000 -0.320035 4461849 0.367729 203 0.075552 0.0000 0.001132 0.001422 0.005319 0.060743 -0.051373 -0.189246 40.2910760557 -218.9235248278 203.07555
J157 01DEC19 2001.9658 52262 1145 3 141.1 -2000 -0.321634 4461849 0.367879 203 0.072951 0.0000 0.001132 0.001439 0.005343 0.001998 -0.003967 -0.148119 40.2910760570 -218.9235248467 203.07295
J157 01DEC20 2001.9685 52263 1145 4 141.1 -2000 -0.324477 4461849 0.363409 203 0.084422 0.0000 0.001143 0.001437 0.005203 0.042320 0.017701 -0.112954 40.2910760168 -218.9235248801 203.08442
J157 01DEC21 2001.9713 52264 1145 5 141.1 -2000 -0.323639 4461849 0.363839 203 0.076162 0.0000 0.001150 0.001448 0.005451 0.018017 0.016621 -0.182476 40.2910760207 -218.9235248702 203.07616
J157 01DEC22 2001.9740 52265 1145 6 141.1 -2000 -0.322394 4461849 0.364421 203 0.085202 0.0000 0.001292 0.001575 0.005868 0.029709 0.031491 -0.237551 40.2910760259 -218.9235248556 203.08520
J157 01DEC23 2001.9767 52266 1146 0 141.1 -2000 -0.323211 4461849 0.367052 203 0.085855 0.0000 0.001201 0.001479 0.005480 -0.004954 0.072541 -0.160033 40.2910760496 -218.9235248652 203.08585
J157 01DEC24 2001.9795 52267 1146 1 141.1 -2000 -0.323609 4461849 0.368026 203 0.075651 0.0000 0.001190 0.001477 0.005673 -0.013679 0.003328 -0.202193 40.2910760584 -218.9235248699 203.07565
J157 01DEC25 2001.9822 52268 1146 2 141.1 -2000 -0.321299 4461849 0.365041 203 0.086758 0.0000 0.001182 0.001473 0.005556 -0.005636 -0.006203 -0.163388 40.2910760315 -218.9235248427 203.08676
J157 01DEC26 2001.9849 52269 1146 3 141.1 -2000 -0.323049 4461849 0.365208 203 0.078419 0.0000 0.001127 0.001423 0.005299 0.019780 0.053693 -0.178105 40.2910760330 -218.9235248633 203.07842
J157 01DEC27 2001.9877 52270 1146 4 141.1 -2000 -0.324379 4461849 0.365685 203 0.080444 0.0000 0.001111 0.001392 0.005136 0.016681 0.001149 -0.166941 40.2910760373 -218.9235248789 203.08044
J157 01DEC28 2001.9904 52271 1146 5 141.1 -2000 -0.323503 4461849 0.366970 203 0.069467 0.0000 0.001140 0.001418 0.005173 0.055816 -0.010301 -0.160562 40.2910760489 -218.9235248686 203.06947
J157 01DEC29 2001.9932 52272 1146 6 141.1 -2000 -0.323081 4461849 0.365907 203 0.078329 0.0000 0.001145 0.001429 0.005256 0.059309 -0.024200 -0.184165 40.2910760393 -218.9235248637 203.07833
J157 01DEC30 2001.9959 52273 1147 0 141.1 -2000 -0.326612 4461849 0.363989 203 0.075810 0.0000 0.001174 0.001439 0.005370 0.046700 -0.017871 -0.132524 40.2910760220 -218.9235249052 203.07581
J157 01DEC31 2001.9986 52274 1147 1 141.1 -2000 -0.323940 4461849 0.370581 203 0.075344 0.0000 0.001203 0.001511 0.005748 0.026353 0.032734 -0.185023 40.2910760814 -218.9235248738 203.07534
J157 02JAN01 2002.0014 52275 1147 2 141.1 -2000 -0.322709 4461849 0.365895 203 0.048964 0.0000 0.001230 0.001517 0.005535 -0.021668 0.029340 -0.181103 40.2910760392 -218.9235248593 203.04896
J157 02JAN02 2002.0041 52276 1147 3 141.1 -2000 -0.325435 4461849 0.366193 203 0.072174 0.0000 0.001172 0.001485 0.005477 0.006955 -0.032111 -0.196490 40.2910760419 -218.9235248913 203.07217
J157 02JAN03 2002.0068 52277 1147 4 141.1 -2000 -0.320815 4461849 0.368740 203 0.072373 0.0000 0.001169 0.001493 0.005520 -0.011738 0.003240 -0.180184 40.2910760648 -218.9235248370 203.07237
J157 02JAN04 2002.0096 52278 1147 5 141.1 -2000 -0.323503 4461849 0.364531 203 0.094920 0.0000 0.001190 0.001475 0.005536 0.030994 -0.001290 -0.205615 40.2910760269 -218.9235248686 203.09492
J157 02JAN05 2002.0123 52279 1147 6 141.1 -2000 -0.323946 4461849 0.364969 203 0.077873 0.0000 0.001166 0.001460 0.005449 0.045161 -0.070422 -0.168213 40.2910760308 -218.9235248738 203.07787
J157 02JAN06 2002.0151 52280 1148 0 141.1 -2000 -0.322725 4461849 0.365338 203 0.089144 0.0000 0.001128 0.001467 0.005336 0.002089 0.010880 -0.174009 40.2910760342 -218.9235248595 203.08914
J157 02JAN07 2002.0178 52281 1148 1 141.1 -2000 -0.323307 4461849 0.362840 203 0.086582 0.0000 0.001259 0.001510 0.005802 0.082711 -0.069502 -0.183836 40.2910760117 -218.9235248663 203.08658
J157 02JAN08 2002.0205 52282 1148 2 141.1 -2000 -0.326002 4461849 0.361527 203 0.079423 0.0000 0.001225 0.001518 0.005682 0.070305 -0.067706 -0.219045 40.2910759998 -218.9235248980 203.07942
J157 02JAN09 2002.0233 52283 1148 3 141.1 -2000 -0.323113 4461849 0.365575 203 0.079810 0.0000 0.001174 0.001490 0.005494 0.038653 -0.023846 -0.229588 40.2910760363 -218.9235248640 203.07981
J157 02JAN10 2002.0260 52284 1148 4 141.1 -2000 -0.323970 4461849 0.367606 203 0.081426 0.0000 0.001255 0.001491 0.005610 0.037957 -0.054725 -0.173584 40.2910760546 -218.9235248741 203.08143
J157 02JAN11 2002.0287 52285 1148 5 141.1 -2000 -0.318589 4461849 0.365208 203 0.087623 0.0000 0.001179 0.001512 0.005478 0.040563 -0.057356 -0.193280 40.2910760330 -218.9235248108 203.08762
J157 02JAN12 2002.0315 52286 1148 6 141.1 -2000 -0.324367 4461849 0.365066 203 0.085349 0.0000 0.001222 0.001534 0.005810 0.037782 0.051078 -0.253931 40.2910760317 -218.9235248788 203.08535
J157 02JAN13 2002.0342 52287 1149 0 141.1 -2000 -0.326844 4461849 0.364824 203 0.083714 0.0000 0.001171 0.001458 0.005327 0.017575 -0.031890 -0.199250 40.2910760295 -218.9235249079 203.08371
J157 02JAN14 2002.0370 52288 1149 1 141.1 -2000 -0.321154 4461849 0.363376 203 0.078000 0.0000 0.001211 0.001530 0.005599 0.013874 -0.030753 -0.154522 40.2910760165 -218.9235248410 203.07800
J157 02JAN15 2002.0397 52289 1149 2 141.1 -2000 -0.325325 4461849 0.362798 203 0.074197 0.0000 0.001219 0.001506 0.005592 0.077151 -0.044780 -0.190941 40.2910760113 -218.9235248901 203.07420
J157 02JAN16 2002.0424 52290 1149 3 141.1 -2000 -0.323133 4461849 0.362221 203 0.080783 0.0000 0.001215 0.001511 0.005653 0.061143 -0.043827 -0.198032 40.2910760061 -218.9235248643 203.08078
J157 02JAN17 2002.0452 52291 1149 4 141.1 -2000 -0.323516 4461849 0.362459 203 0.081937 0.0000 0.001181 0.001487 0.005360 0.061210 -0.013016 -0.153377 40.2910760082 -218.9235248688 203.08194
J157 02JAN18 2002.0479 52292 1149 5 141.1 -2000 -0.324799 4461849 0.365116 203 0.082081 0.0000 0.001153 0.001464 0.005258 0.053453 -0.016337 -0.140437 40.2910760322 -218.9235248839 203.08208
J157 02JAN19 2002.0507 52293 1149 6 141.1 -2000 -0.322426 4461849 0.363212 203 0.082823 0.0000 0.001164 0.001499 0.005398 0.055308 -0.075508 -0.156732 40.2910760150 -218.9235248560 203.08282
J157 02JAN20 2002.0534 52294 1150 0 141.1 -2000 -0.322283 4461849 0.363487 203 0.085060 0.0000 0.001163 0.001475 0.005532 0.048042 -0.072213 -0.180643 40.2910760175 -218.9235248543 203.08506
J157 02JAN21 2002.0561 52295 1150 1 141.1 -2000 -0.320597 4461849 0.362084 203 0.093340 0.0000 0.001163 0.001481 0.005421 0.028876 -0.008061 -0.170535 40.2910760048 -218.9235248344 203.09334
J157 02JAN22 2002.0589 52296 1150 2 141.1 -2000 -0.328031 4461849 0.355030 203 0.054844 0.0000 0.001156 0.001474 0.005241 0.028581 -0.016428 -0.144685 40.2910759413 -218.9235249219 203.05484
J157 02JAN23 2002.0616 52297 1150 3 141.1 -2000 -0.323218 4461849 0.360167 203 0.081317 0.0000 0.001137 0.001449 0.005206 0.065144 -0.035023 -0.149789 40.2910759876 -218.9235248653 203.08132
J157 02JAN24 2002.0643 52298 1150 4 141.1 -2000 -0.324041 4461849 0.361973 203 0.079364 0.0000 0.001128 0.001423 0.005074 0.029908 0.000280 -0.094891 40.2910760039 -218.9235248749 203.07936
J157 02JAN25 2002.0671 52299 1150 5 141.1 -2000 -0.325096 4461849 0.362688 203 0.078458 0.0000 0.001134 0.001425 0.005086 0.023089 0.040417 -0.134319 40.2910760103 -218.9235248874 203.07846
J157 02JAN26 2002.0698 52300 1150 6 141.1 -2000 -0.324127 4461849 0.360535 203 0.087892 0.0000 0.001159 0.001453 0.005209 -0.011266 0.060429 -0.119366 40.2910759909 -218.9235248760 203.08789
J157 02JAN27 2002.0726 52301 1151 0 141.1 -2000 -0.330039 4461849 0.362044 203 0.054032 0.0000 0.001105 0.001420 0.005022 0.028115 0.020746 -0.082842 40.2910760045 -218.9235249455 203.05403
J157 02JAN28 2002.0753 52302 1151 1 141.1 -2000 -0.322849 4461849 0.362027 203 0.080755 0.0000 0.001132 0.001436 0.005263 0.030618 0.036478 -0.125333 40.2910760043 -218.9235248609 203.08076
J157 02JAN29 2002.0780 52303 1151 2 141.1 -2000 -0.324216 4461849 0.361917 203 0.086187 0.0000 0.001127 0.001423 0.005174 0.043765 0.026489 -0.144413 40.2910760033 -218.9235248770 203.08619
J157 02JAN30 2002.0808 52304 1151 3 141.1 -2000 -0.323735 4461849 0.359779 203 0.074897 0.0000 0.001139 0.001398 0.005229 0.032913 -0.026813 -0.129566 40.2910759841 -218.9235248713 203.07490
J157 02JAN31 2002.0835 52305 1151 4 141.1 -2000 -0.323434 4461849 0.362438 203 0.077412 0.0000 0.001116 0.001408 0.005131 0.055113 -0.011354 -0.120262 40.2910760080 -218.9235248678 203.07741
J157 02FEB01 2002.0862 52306 1151 5 141.1 -2000 -0.321331 4461849 0.363298 203 0.069604 0.0000 0.001153 0.001408 0.005313 0.048030 0.089483 -0.145796 40.2910760158 -218.9235248431 203.06960
J157 02FEB02 2002.0890 52307 1151 6 141.1 -2000 -0.327779 4461849 0.360566 203 0.086904 0.0000 0.001158 0.001481 0.005526 0.041089 -0.029513 -0.162333 40.2910759912 -218.9235249189 203.08690
J157 02FEB03 2002.0917 52308 1152 0 141.1 -2000 -0.325020 4461849 0.362420 203 0.084914 0.0000 0.001146 0.001447 0.005402 0.054872 -0.030616 -0.159033 40.2910760079 -218.9235248865 203.08491
J157 02FEB04 2002.0945 52309 1152 1 141.1 -2000 -0.324730 4461849 0.360365 203 0.086130 0.0000 0.001184 0.001493 0.005449 0.019024 0.032259 -0.124133 40.2910759894 -218.9235248830 203.08613
J157 02FEB05 2002.0972 52310 1152 2 141.1 -2000 -0.323820 4461849 0.360469 203 0.079163 0.0000 0.001235 0.001530 0.005910 0.085697 -0.112279 -0.129014 40.2910759903 -218.9235248723 203.07916
J157 02FEB06 2002.0999 52311 1152 3 141.1 -2000 -0.322602 4461849 0.361585 203 0.087218 0.0000 0.001133 0.001458 0.005277 0.036458 0.040722 -0.124914 40.2910760004 -218.9235248580 203.08722
J157 02FEB07 2002.1027 52312 1152 4 141.1 -2000 -0.324913 4461849 0.362479 203 0.084639 0.0000 0.001211 0.001496 0.005510 -0.002676 0.035817 -0.069208 40.2910760084 -218.9235248852 203.08464
J157 02FEB08 2002.1054 52313 1152 5 141.1 -2000 -0.327493 4461849 0.356850 203 0.079801 0.0000 0.001160 0.001450 0.005409 0.001678 0.048632 -0.150104 40.2910759577 -218.9235249155 203.07980
J157 02FEB09 2002.1081 52314 1152 6 141.1 -2000 -0.326361 4461849 0.360396 203 0.075133 0.0000 0.001166 0.001440 0.005343 0.066658 -0.044991 -0.160891 40.2910759897 -218.9235249022 203.07513
J157 02FEB10 2002.1109 52315 1153 0 141.1 -2000 -0.324200 4461849 0.360110 203 0.087412 0.0000 0.001163 0.001410 0.005331 0.017820 0.017223 -0.122700 40.2910759871 -218.9235248768 203.08741
J157 02FEB11 2002.1136 52316 1153 1 141.1 -2000 -0.324589 4461849 0.358473 203 0.072359 0.0000 0.001166 0.001451 0.005314 0.058957 -0.065153 -0.132463 40.2910759723 -218.9235248814 203.07236
J157 02FEB12 2002.1164 52317 1153 2 141.1 -2000 -0.324541 4461849 0.359697 203 0.084956 0.0000 0.001129 0.001411 0.005164 0.033768 0.003543 -0.148526 40.2910759834 -218.9235248808 203.08496
J157 02FEB13 2002.1191 52318 1153 3 141.1 -2000 -0.324016 4461849 0.359950 203 0.078599 0.0000 0.001139 0.001404 0.005204 0.010150 0.065528 -0.172109 40.2910759856 -218.9235248746 203.07860
J157 02FEB14 2002.1218 52319 1153 4 141.1 -2000 -0.329235 4461849 0.360209 203 0.081343 0.0000 0.001277 0.001580 0.005865 -0.010877 0.040362 -0.057550 40.2910759880 -218.9235249360 203.08134
J157 02FEB15 2002.1246 52320 1153 5 141.1 -2000 -0.329806 4461849 0.360459 203 0.084019 0.0000 0.001164 0.001455 0.005397 -0.016579 0.020749 -0.182441 40.2910759902 -218.9235249427 203.08402
J157 02FEB16 2002.1273 52321 1153 6 141.1 -2000 -0.325051 4461849 0.358953 203 0.077031 0.0000 0.001120 0.001402 0.005136 0.027545 -0.037403 -0.085455 40.2910759767 -218.9235248868 203.07703
J157 02FEB17 2002.1300 52322 1154 0 141.1 -2000 -0.325848 4461849 0.361028 203 0.084996 0.0000 0.001148 0.001425 0.005301 0.038632 -0.028384 -0.133590 40.2910759953 -218.9235248962 203.08500
J157 02FEB18 2002.1328 52323 1154 1 141.1 -2000 -0.328225 4461849 0.357751 203 0.087537 0.0000 0.001141 0.001417 0.005213 0.027604 0.008594 -0.154914 40.2910759658 -218.9235249241 203.08754
J157 02FEB19 2002.1355 52324 1154 2 141.1 -2000 -0.330533 4461849 0.359507 203 0.094089 0.0000 0.001228 0.001495 0.005533 -0.016687 0.078334 -0.125342 40.2910759816 -218.9235249513 203.09409
J157 02FEB20 2002.1383 52325 1154 3 141.1 -2000 -0.324980 4461849 0.358781 203 0.075993 0.0000 0.001214 0.001506 0.005625 0.028428 0.006856 -0.176180 40.2910759751 -218.9235248860 203.07599
J157 02FEB21 2002.1410 52326 1154 4 141.1 -2000 -0.324071 4461849 0.362669 203 0.091505 0.0000 0.001198 0.001463 0.005515 0.035868 0.014933 -0.167393 40.2910760101 -218.9235248753 203.09150
J157 02FEB22 2002.1437 52327 1154 5 141.1 -2000 -0.326728 4461849 0.357670 203 0.092545 0.0000 0.001178 0.001467 0.005415 0.047258 0.021173 -0.162240 40.2910759651 -218.9235249065 203.09255
J157 02FEB23 2002.1465 52328 1154 6 141.1 -2000 -0.326417 4461849 0.360220 203 0.080757 0.0000 0.001148 0.001410 0.005263 0.078450 -0.054316 -0.114766 40.2910759881 -218.9235249029 203.08076
J157 02FEB24 2002.1492 52329 1155 0 141.1 -2000 -0.325594 4461849 0.355593 203 0.086696 0.0000 0.001130 0.001394 0.005136 0.048674 -0.031441 -0.083389 40.2910759464 -218.9235248932 203.08670
J157 02FEB25 2002.1520 52330 1155 1 141.1 -2000 -0.325233 4461849 0.356357 203 0.094556 0.0000 0.001138 0.001405 0.005223 0.055339 -0.001085 -0.139643 40.2910759533 -218.9235248889 203.09456
J157 02FEB26 2002.1547 52331 1155 2 141.1 -2000 -0.326447 4461849 0.358663 203 0.089338 0.0000 0.001180 0.001441 0.005353 0.055289 0.008321 -0.144197 40.2910759740 -218.9235249032 203.08934
J157 02FEB27 2002.1574 52332 1155 3 141.1 -2000 -0.323306 4461849 0.358093 203 0.087888 0.0000 0.001219 0.001463 0.005388 0.082706 0.004727 -0.140568 40.2910759689 -218.9235248663 203.08789
J157 02FEB28 2002.1602 52333 1155 4 141.1 -2000 -0.323662 4461849 0.357134 203 0.093234 0.0000 0.001146 0.001395 0.005178 0.094489 -0.042486 -0.131899 40.2910759603 -218.9235248705 203.09323
J157 02MAR01 2002.1629 52334 1155 5 141.1 -2000 -0.327098 4461849 0.357959 203 0.100623 0.0000 0.001178 0.001497 0.005403 0.106597 0.045230 -0.105211 40.2910759677 -218.9235249109 203.10062
J157 02MAR02 2002.1656 52335 1155 6 141.1 -2000 -0.332079 4461849 0.357624 203 0.095867 0.0000 0.001167 0.001473 0.005455 0.060145 0.047269 -0.156591 40.2910759647 -218.9235249695 203.09587
J157 02MAR03 2002.1684 52336 1156 0 141.1 -2000 -0.325836 4461849 0.359847 203 0.101140 0.0000 0.001205 0.001468 0.005529 0.119219 -0.019812 -0.204472 40.2910759847 -218.9235248960 203.10114
J157 02MAR04 2002.1711 52337 1156 1 141.1 -2000 -0.323007 4461849 0.360512 203 0.093816 0.0000 0.001205 0.001533 0.005740 0.001874 0.107172 -0.196678 40.2910759907 -218.9235248628 203.09382
J157 02MAR05 2002.1739 52338 1156 2 141.1 -2000 -0.323264 4461849 0.358141 203 0.095519 0.0000 0.001170 0.001459 0.005386 0.051967 0.036239 -0.148779 40.2910759693 -218.9235248658 203.09552
J157 02MAR06 2002.1766 52339 1156 3 141.1 -2000 -0.321515 4461849 0.359364 203 0.079434 0.0000 0.001211 0.001413 0.005573 0.056559 0.049407 -0.155476 40.2910759804 -218.9235248452 203.07943
J157 02MAR07 2002.1793 52340 1156 4 141.1 -2000 -0.323451 4461849 0.357010 203 0.082989 0.0000 0.001185 0.001442 0.005387 0.102992 0.014782 -0.162672 40.2910759592 -218.9235248680 203.08299
J157 02MAR08 2002.1821 52341 1156 5 141.1 -2000 -0.324400 4461849 0.356126 203 0.089385 0.0000 0.001179 0.001462 0.005429 0.113636 -0.004280 -0.162823 40.2910759512 -218.9235248791 203.08939
J157 02MAR09 2002.1848 52342 1156 6 141.1 -2000 -0.329988 4461849 0.355623 203 0.087483 0.0000 0.001178 0.001430 0.005453 0.082447 0.038187 -0.213250 40.2910759467 -218.9235249449 203.08748
J157 02MAR10 2002.1875 52343 1157 0 141.1 -2000 -0.327054 4461849 0.358510 203 0.100680 0.0000 0.001155 0.001433 0.005335 0.053130 -0.037949 -0.150314 40.2910759727 -218.9235249104 203.10068
J157 02MAR11 2002.1903 52344 1157 1 141.1 -2000 -0.326304 4461849 0.354718 203 0.082143 0.0000 0.001199 0.001464 0.005481 0.065102 0.083609 -0.162732 40.2910759385 -218.9235249015 203.08214
J157 02MAR12 2002.1930 52345 1157 2 141.1 -2000 -0.325579 4461849 0.358693 203 0.081804 0.0000 0.001144 0.001437 0.005318 0.072288 0.001495 -0.170389 40.2910759743 -218.9235248930 203.08180
J157 02MAR13 2002.1958 52346 1157 3 141.1 -2000 -0.327352 4461849 0.355251 203 0.096558 0.0000 0.001167 0.001403 0.005315 0.089421 -0.029654 -0.187324 40.2910759433 -218.9235249139 203.09656
J157 02MAR14 2002.1985 52347 1157 4 141.1 -2000 -0.323143 4461849 0.357340 203 0.099165 0.0000 0.001177 0.001449 0.005531 0.064849 -0.018666 -0.203367 40.2910759621 -218.9235248644 203.09917
J157 02MAR15 2002.2012 52348 1157 5 141.1 -2000 -0.323816 4461849 0.356282 203 0.093557 0.0000 0.001139 0.001412 0.005333 0.079197 -0.053571 -0.190349 40.2910759526 -218.9235248723 203.09356
J157 02MAR16 2002.2040 52349 1157 6 141.1 -2000 -0.325790 4461849 0.358252 203 0.095703 0.0000 0.001176 0.001415 0.005375 0.089884 -0.039504 -0.179065 40.2910759703 -218.9235248955 203.09570
J157 02MAR17 2002.2067 52350 1158 0 141.1 -2000 -0.328023 4461849 0.354582 203 0.095778 0.0000 0.001175 0.001437 0.005358 0.095174 0.008897 -0.164709 40.2910759373 -218.9235249217 203.09578
J157 02MAR18 2002.2094 52351 1158 1 141.1 -2000 -0.325795 4461849 0.356118 203 0.088779 0.0000 0.001188 0.001426 0.005420 0.076239 0.071135 -0.129483 40.2910759511 -218.9235248956 203.08878
J157 02MAR19 2002.2122 52352 1158 2 141.1 -2000 -0.323309 4461849 0.361619 203 0.077847 0.0000 0.001200 0.001423 0.005553 0.076011 0.025232 -0.144954 40.2910760007 -218.9235248663 203.07785
J157 02MAR20 2002.2149 52353 1158 3 141.1 -2000 -0.326366 4461849 0.357491 203 0.096811 0.0000 0.001134 0.001391 0.005273 0.104961 -0.004421 -0.205167 40.2910759635 -218.9235249023 203.09681
J157 02MAR21 2002.2177 52354 1158 4 141.1 -2000 -0.328030 4461849 0.356353 203 0.089918 0.0000 0.001160 0.001455 0.005444 0.083490 -0.016047 -0.108727 40.2910759532 -218.9235249218 203.08992
J157 02MAR22 2002.2204 52355 1158 5 141.1 -2000 -0.325078 4461849 0.356547 203 0.091530 0.0000 0.001127 0.001371 0.005212 0.081229 -0.007205 -0.180899 40.2910759550 -218.9235248871 203.09153
J157 02MAR23 2002.2231 52356 1158 6 141.1 -2000 -0.326241 4461849 0.356736 203 0.092118 0.0000 0.001107 0.001395 0.005155 0.044371 0.032815 -0.178740 40.2910759567 -218.9235249008 203.09212
J157 02MAR24 2002.2259 52357 1159 0 141.1 -2000 -0.325553 4461849 0.357347 203 0.083769 0.0000 0.001157 0.001399 0.005303 0.098119 -0.088755 -0.167125 40.2910759622 -218.9235248927 203.08377
J157 02MAR25 2002.2286 52358 1159 1 141.1 -2000 -0.325055 4461849 0.353954 203 0.080627 0.0000 0.001144 0.001440 0.005368 0.081564 -0.032623 -0.128630 40.2910759316 -218.9235248868 203.08063
J157 02MAR26 2002.2313 52359 1159 2 141.1 -2000 -0.323644 4461849 0.357502 203 0.093728 0.0000 0.001131 0.001422 0.005204 0.052667 -0.031431 -0.120019 40.2910759636 -218.9235248703 203.09373
J157 02MAR27 2002.2341 52360 1159 3 141.1 -2000 -0.328303 4461849 0.355932 203 0.085718 0.0000 0.001194 0.001458 0.005494 0.084509 0.061829 -0.134359 40.2910759494 -218.9235249251 203.08572
J157 02MAR28 2002.2368 52361 1159 4 141.1 -2000 -0.322698 4461849 0.354764 203 0.087034 0.0000 0.001158 0.001454 0.005305 0.036203 0.022726 -0.152947 40.2910759389 -218.9235248591 203.08703
J157 02MAR29 2002.2396 52362 1159 5 141.1 -2000 -0.325437 4461849 0.355662 203 0.086320 0.0000 0.001162 0.001432 0.005449 0.071436 0.024393 -0.157794 40.2910759470 -218.9235248913 203.08632
J157 02MAR30 2002.2423 52363 1159 6 141.1 -2000 -0.326244 4461849 0.357436 203 0.092906 0.0000 0.001144 0.001464 0.005455 0.026664 0.011363 -0.143719 40.2910759630 -218.9235249008 203.09291
J157 02MAR31 2002.2450 52364 1160 0 141.1 -2000 -0.325494 4461849 0.356388 203 0.088062 0.0000 0.001132 0.001452 0.005354 0.031876 -0.019276 -0.175778 40.2910759536 -218.9235248920 203.08806
J157 02APR01 2002.2478 52365 1160 1 141.1 -2000 -0.327407 4461849 0.358551 203 0.097066 0.0000 0.001138 0.001442 0.005237 0.064231 0.032727 -0.129195 40.2910759730 -218.9235249145 203.09707
J157 02APR02 2002.2505 52366 1160 2 141.1 -2000 -0.323603 4461849 0.356294 203 0.086311 0.0000 0.001112 0.001421 0.005168 0.063996 -0.095246 -0.130759 40.2910759527 -218.9235248698 203.08631
J157 02APR03 2002.2533 52367 1160 3 141.1 -2000 -0.326828 4461849 0.355815 203 0.084902 0.0000 0.001121 0.001441 0.005230 0.087360 -0.019414 -0.100401 40.2910759484 -218.9235249077 203.08490
J157 02APR04 2002.2560 52368 1160 4 141.1 -2000 -0.326829 4461849 0.358698 203 0.086895 0.0000 0.001116 0.001454 0.005187 0.056651 -0.083898 -0.101915 40.2910759744 -218.9235249077 203.08690
J157 02APR05 2002.2587 52369 1160 5 141.1 -2000 -0.323463 4461849 0.358513 203 0.078349 0.0000 0.001148 0.001517 0.005350 0.011980 -0.029052 -0.145240 40.2910759727 -218.9235248681 203.07835
J157 02APR06 2002.2615 52370 1160 6 141.1 -2000 -0.324370 4461849 0.357197 203 0.079438 0.0000 0.001098 0.001433 0.005160 0.058982 -0.042734 -0.155870 40.2910759608 -218.9235248788 203.07944
J157 02APR07 2002.2642 52371 1161 0 141.1 -2000 -0.325394 4461849 0.359111 203 0.086614 0.0000 0.001112 0.001463 0.005219 0.062123 -0.061669 -0.130473 40.2910759781 -218.9235248909 203.08661
J157 02APR08 2002.2669 52372 1161 1 141.1 -2000 -0.332469 4461849 0.354729 203 0.093333 0.0000 0.001195 0.001604 0.005814 0.063162 -0.014110 -0.050721 40.2910759386 -218.9235249740 203.09333
J157 02APR09 2002.2697 52373 1161 2 141.1 -2000 -0.327086 4461849 0.358768 203 0.092737 0.0000 0.001216 0.001555 0.005719 0.117701 0.056453 -0.104382 40.2910759750 -218.9235249108 203.09274
J157 02APR10 2002.2724 52374 1161 3 141.1 -2000 -0.324571 4461849 0.355916 203 0.093213 0.0000 0.001156 0.001545 0.005553 0.043205 0.008120 -0.111275 40.2910759493 -218.9235248812 203.09321
J157 02APR11 2002.2752 52375 1161 4 141.1 -2000 -0.325025 4461849 0.356838 203 0.084124 0.0000 0.001125 0.001463 0.005290 0.056951 -0.066650 -0.150475 40.2910759576 -218.9235248865 203.08412
J157 02APR12 2002.2779 52376 1161 5 141.1 -2000 -0.325953 4461849 0.354294 203 0.086457 0.0000 0.001098 0.001432 0.005161 0.056020 -0.033922 -0.170239 40.2910759347 -218.9235248974 203.08646
J157 02APR13 2002.2806 52377 1161 6 141.1 -2000 -0.325788 4461849 0.358512 203 0.087724 0.0000 0.001122 0.001480 0.005294 0.064598 -0.025769 -0.139895 40.2910759727 -218.9235248955 203.08772
J157 02APR14 2002.2834 52378 1162 0 141.1 -2000 -0.325949 4461849 0.356500 203 0.077621 0.0000 0.001109 0.001434 0.005209 0.073580 -0.081914 -0.168862 40.2910759546 -218.9235248974 203.07762
J157 02APR15 2002.2861 52379 1162 1 141.1 -2000 -0.326957 4461849 0.358075 203 0.080709 0.0000 0.001157 0.001498 0.005340 0.096474 0.012381 -0.108615 40.2910759688 -218.9235249092 203.08071
J157 02APR16 2002.2888 52380 1162 2 141.1 -2000 -0.332939 4461849 0.354734 203 0.096433 0.0000 0.001217 0.001531 0.005631 0.132480 -0.006576 -0.108540 40.2910759387 -218.9235249796 203.09643
J157 02APR17 2002.2916 52381 1162 3 141.1 -2000 -0.326412 4461849 0.355343 203 0.087314 0.0000 0.001240 0.001567 0.005921 0.109385 -0.022973 -0.120184 40.2910759441 -218.9235249028 203.08731
J157 02APR18 2002.2943 52382 1162 4 141.1 -2000 -0.327724 4461849 0.358851 203 0.076624 0.0000 0.001218 0.001543 0.005768 0.097010 -0.050398 -0.102425 40.2910759757 -218.9235249183 203.07662
J157 02APR19 2002.2971 52383 1162 5 141.1 -2000 -0.326349 4461849 0.356351 203 0.087247 0.0000 0.001161 0.001461 0.005331 0.074534 0.010710 -0.136039 40.2910759532 -218.9235249021 203.08725
J157 02APR20 2002.2998 52384 1162 6 141.1 -2000 -0.326237 4461849 0.360678 203 0.087762 0.0000 0.001237 0.001505 0.005547 0.061302 0.000485 -0.117623 40.2910759922 -218.9235249008 203.08776
J157 02APR21 2002.3025 52385 1163 0 141.1 -2000 -0.327079 4461849 0.356738 203 0.092231 0.0000 0.001160 0.001479 0.005374 0.075285 -0.054140 -0.116662 40.2910759567 -218.9235249107 203.09223
J157 02APR22 2002.3053 52386 1163 1 141.1 -2000 -0.328554 4461849 0.357886 203 0.076015 0.0000 0.001163 0.001467 0.005397 0.057757 0.016076 -0.132269 40.2910759671 -218.9235249280 203.07601
J157 02APR23 2002.3080 52387 1163 2 141.1 -2000 -0.327010 4461849 0.359792 203 0.085209 0.0000 0.001135 0.001443 0.005240 0.074382 -0.048698 -0.162588 40.2910759842 -218.9235249099 203.08521
J157 02APR24 2002.3107 52388 1163 3 141.1 -2000 -0.322951 4461849 0.361167 203 0.092400 0.0000 0.001115 0.001456 0.005289 0.058480 -0.038678 -0.159903 40.2910759966 -218.9235248621 203.09240
J157 02APR25 2002.3135 52389 1163 4 141.1 -2000 -0.326668 4461849 0.356300 203 0.076946 0.0000 0.001167 0.001435 0.005253 0.072723 0.060755 -0.139567 40.2910759528 -218.9235249058 203.07695
J157 02APR26 2002.3162 52390 1163 5 141.1 -2000 -0.324041 4461849 0.358856 203 0.083252 0.0000 0.001114 0.001430 0.005176 0.081497 -0.037930 -0.137986 40.2910759758 -218.9235248749 203.08325
J157 02APR27 2002.3190 52391 1163 6 141.1 -2000 -0.325407 4461849 0.356904 203 0.081861 0.0000 0.001057 0.001410 0.004957 0.063794 -0.004382 -0.145038 40.2910759582 -218.9235248910 203.08186
J157 02APR28 2002.3217 52392 1164 0 141.1 -2000 -0.324704 4461849 0.358514 203 0.085414 0.0000 0.001088 0.001428 0.005155 0.058669 -0.025019 -0.178223 40.2910759727 -218.9235248827 203.08541
J157 02APR29 2002.3244 52393 1164 1 141.1 -2000 -0.326652 4461849 0.356215 203 0.085380 0.0000 0.001108 0.001442 0.005376 0.062133 -0.024755 -0.200950 40.2910759520 -218.9235249056 203.08538
J157 02APR30 2002.3272 52394 1164 2 141.1 -2000 -0.327766 4461849 0.357422 203 0.094030 0.0000 0.001129 0.001503 0.005338 0.023133 -0.065851 -0.137240 40.2910759629 -218.9235249187 203.09403
J157 02MAY01 2002.3299 52395 1164 3 141.1 -2000 -0.326776 4461849 0.358754 203 0.079124 0.0000 0.001115 0.001484 0.005291 0.064612 -0.035656 -0.182765 40.2910759749 -218.9235249071 203.07912
J157 02MAY02 2002.3326 52396 1164 4 141.1 -2000 -0.327657 4461849 0.357449 203 0.085498 0.0000 0.001083 0.001463 0.005238 0.045280 -0.035127 -0.171293 40.2910759631 -218.9235249175 203.08550
J157 02MAY03 2002.3354 52397 1164 5 141.1 -2000 -0.325678 4461849 0.354659 203 0.089172 0.0000 0.001115 0.001424 0.005414 0.074068 -0.044162 -0.238424 40.2910759380 -218.9235248942 203.08917
J157 02MAY04 2002.3381 52398 1164 6 141.1 -2000 -0.327461 4461849 0.355231 203 0.090129 0.0000 0.001132 0.001437 0.005439 0.040459 -0.009587 -0.205281 40.2910759431 -218.9235249151 203.09013
J157 02MAY05 2002.3409 52399 1165 0 141.1 -2000 -0.328164 4461849 0.358534 203 0.086473 0.0000 0.001083 0.001411 0.005139 0.047495 -0.034946 -0.161013 40.2910759729 -218.9235249234 203.08647
J157 02MAY06 2002.3436 52400 1165 1 141.1 -2000 -0.327053 4461849 0.357747 203 0.082489 0.0000 0.001144 0.001424 0.005341 0.014259 -0.004818 -0.145018 40.2910759658 -218.9235249104 203.08249
J157 02MAY07 2002.3463 52401 1165 2 141.1 -2000 -0.325323 4461849 0.355530 203 0.086203 0.0000 0.001138 0.001465 0.005321 0.033379 -0.025919 -0.172550 40.2910759458 -218.9235248900 203.08620
J157 02MAY08 2002.3491 52402 1165 3 141.1 -2000 -0.326781 4461849 0.358031 203 0.085257 0.0000 0.001078 0.001416 0.005163 0.044668 -0.005141 -0.161922 40.2910759683 -218.9235249072 203.08526
J157 02MAY09 2002.3518 52403 1165 4 141.1 -2000 -0.327092 4461849 0.356508 203 0.075513 0.0000 0.001089 0.001399 0.005133 0.031841 -0.049758 -0.181740 40.2910759546 -218.9235249108 203.07551
J157 02MAY10 2002.3546 52404 1165 5 141.1 -2000 -0.324257 4461849 0.358224 203 0.081618 0.0000 0.001077 0.001420 0.005116 0.054266 0.017888 -0.212085 40.2910759701 -218.9235248775 203.08162
J157 02MAY11 2002.3573 52405 1165 6 141.1 -2000 -0.327217 4461849 0.358576 203 0.089896 0.0000 0.001137 0.001466 0.005467 0.075001 -0.032800 -0.128091 40.2910759733 -218.9235249123 203.08990
J157 02MAY12 2002.3600 52406 1166 0 141.1 -2000 -0.327338 4461849 0.357885 203 0.086885 0.0000 0.001180 0.001500 0.005712 0.076236 -0.086919 -0.220876 40.2910759670 -218.9235249137 203.08688
J157 02MAY13 2002.3628 52407 1166 1 141.1 -2000 -0.326706 4461849 0.358667 203 0.078185 0.0000 0.001120 0.001446 0.005407 0.062562 -0.030868 -0.207800 40.2910759741 -218.9235249063 203.07818
J157 02MAY14 2002.3655 52408 1166 2 141.1 -2000 -0.326467 4461849 0.361212 203 0.081806 0.0000 0.001106 0.001437 0.005242 0.039260 -0.022871 -0.157850 40.2910759970 -218.9235249035 203.08181
J157 02MAY15 2002.3682 52409 1166 3 141.1 -2000 -0.325469 4461849 0.357313 203 0.077328 0.0000 0.001152 0.001540 0.005603 0.045224 0.003361 -0.140508 40.2910759619 -218.9235248917 203.07733
J157 02MAY16 2002.3710 52410 1166 4 141.1 -2000 -0.326158 4461849 0.357722 203 0.088917 0.0000 0.001113 0.001499 0.005208 0.075558 -0.021513 -0.137008 40.2910759656 -218.9235248998 203.08892
J157 02MAY17 2002.3737 52411 1166 5 141.1 -2000 -0.327944 4461849 0.357168 203 0.093994 0.0000 0.001125 0.001478 0.005408 0.033634 0.002109 -0.111569 40.2910759606 -218.9235249208 203.09399
J157 02MAY18 2002.3765 52412 1166 6 141.1 -2000 -0.325533 4461849 0.357024 203 0.094480 0.0000 0.001157 0.001578 0.005710 0.028448 0.037384 -0.194611 40.2910759593 -218.9235248925 203.09448
J157 02MAY19 2002.3792 52413 1167 0 141.1 -2000 -0.326296 4461849 0.357653 203 0.091287 0.0000 0.001103 0.001435 0.005221 0.037435 -0.050057 -0.157696 40.2910759650 -218.9235249015 203.09129
J157 02MAY20 2002.3819 52414 1167 1 141.1 -2000 -0.326768 4461849 0.356537 203 0.084120 0.0000 0.001160 0.001578 0.005690 0.028402 -0.055593 -0.145145 40.2910759549 -218.9235249070 203.08412
J157 02MAY21 2002.3847 52415 1167 2 141.1 -2000 -0.327660 4461849 0.357855 203 0.091561 0.0000 0.001096 0.001430 0.005218 0.004871 0.049102 -0.148709 40.2910759668 -218.9235249175 203.09156
J157 02MAY22 2002.3874 52416 1167 3 141.1 -2000 -0.325662 4461849 0.356393 203 0.077463 0.0000 0.001120 0.001459 0.005295 0.034021 -0.026165 -0.133640 40.2910759536 -218.9235248940 203.07746
J157 02MAY23 2002.3901 52417 1167 4 141.1 -2000 -0.321776 4461849 0.360943 203 0.098163 0.0000 0.001110 0.001470 0.005243 0.073357 0.002997 -0.161759 40.2910759946 -218.9235248483 203.09816
J157 02MAY24 2002.3929 52418 1167 5 141.1 -2000 -0.326532 4461849 0.358757 203 0.098939 0.0000 0.001108 0.001462 0.005282 0.035134 0.018643 -0.174853 40.2910759749 -218.9235249042 203.09894
J157 02MAY25 2002.3956 52419 1167 6 141.1 -2000 -0.328596 4461849 0.355763 203 0.092483 0.0000 0.001154 0.001519 0.005479 0.038434 -0.005740 -0.144365 40.2910759479 -218.9235249285 203.09248
J157 02MAY26 2002.3984 52420 1168 0 141.1 -2000 -0.328921 4461849 0.356496 203 0.084670 0.0000 0.001138 0.001493 0.005458 0.008114 0.063167 -0.129906 40.2910759545 -218.9235249323 203.08467
J157 02MAY27 2002.4011 52421 1168 1 141.1 -2000 -0.326914 4461849 0.355467 203 0.086705 0.0000 0.001148 0.001477 0.005425 0.041122 -0.022700 -0.170322 40.2910759453 -218.9235249087 203.08671
J157 02MAY28 2002.4038 52422 1168 2 141.1 -2000 -0.327337 4461849 0.360353 203 0.095844 0.0000 0.001170 0.001513 0.005426 0.016179 -0.041514 -0.113358 40.2910759893 -218.9235249137 203.09584
J157 02MAY29 2002.4066 52423 1168 3 141.1 -2000 -0.327442 4461849 0.353211 203 0.087787 0.0000 0.001127 0.001448 0.005274 0.032480 0.001112 -0.170384 40.2910759249 -218.9235249149 203.08779
J157 02MAY30 2002.4093 52424 1168 4 141.1 -2000 -0.330313 4461849 0.355683 203 0.104388 0.0000 0.001167 0.001552 0.005660 0.031034 0.043190 -0.108274 40.2910759472 -218.9235249487 203.10439
J157 02MAY31 2002.4120 52425 1168 5 141.1 -2000 -0.328596 4461849 0.355737 203 0.101740 0.0000 0.001245 0.001578 0.005862 0.017527 0.072172 -0.158828 40.2910759477 -218.9235249285 203.10174
J157 02JUN01 2002.4148 52426 1168 6 141.1 -2000 -0.327752 4461849 0.356749 203 0.099388 0.0000 0.001221 0.001640 0.005927 -0.005533 0.010136 -0.157148 40.2910759568 -218.9235249186 203.09939
J157 02JUN02 2002.4175 52427 1169 0 141.1 -2000 -0.329627 4461849 0.357809 203 0.121413 0.0000 0.001204 0.001545 0.005783 0.012348 -0.025400 -0.193892 40.2910759664 -218.9235249406 203.12141
J157 02JUN03 2002.4203 52428 1169 1 141.1 -2000 -0.327272 4461849 0.354171 203 0.106501 0.0000 0.001259 0.001518 0.005694 -0.028866 0.011057 -0.157958 40.2910759336 -218.9235249129 203.10650
J157 02JUN04 2002.4230 52429 1169 2 141.1 -2000 -0.327489 4461849 0.356624 203 0.097537 0.0000 0.001335 0.001677 0.006290 -0.010977 0.130322 -0.118171 40.2910759557 -218.9235249155 203.09754
J157 02JUN05 2002.4257 52430 1169 3 141.1 -2000 -0.329980 4461849 0.353880 203 0.082878 0.0000 0.001192 0.001483 0.005576 0.053133 0.006256 -0.133719 40.2910759310 -218.9235249448 203.08288
J157 02JUN06 2002.4285 52431 1169 4 141.1 -2000 -0.326717 4461849 0.353587 203 0.084657 0.0000 0.001189 0.001567 0.005720 -0.035713 0.099408 -0.152617 40.2910759283 -218.9235249064 203.08466
J157 02JUN07 2002.4312 52432 1169 5 141.1 -2000 -0.329951 4461849 0.358872 203 0.087039 0.0000 0.001254 0.001575 0.005864 0.045027 -0.003335 -0.051148 40.2910759759 -218.9235249444 203.08704
J157 02JUN08 2002.4339 52433 1169 6 141.1 -2000 -0.325843 4461849 0.357881 203 0.089495 0.0000 0.001259 0.001587 0.005981 0.022775 -0.045133 -0.188127 40.2910759670 -218.9235248961 203.08949
J157 02JUN09 2002.4367 52434 1170 0 141.1 -2000 -0.331941 4461849 0.357900 203 0.092543 0.0000 0.001266 0.001545 0.006006 0.016016 -0.009750 -0.183248 40.2910759672 -218.9235249678 203.09254
J157 02JUN10 2002.4394 52435 1170 1 141.1 -2000 -0.327090 4461849 0.358055 203 0.101062 0.0000 0.001196 0.001482 0.005700 0.041032 -0.023448 -0.197806 40.2910759686 -218.9235249108 203.10106
J157 02JUN11 2002.4422 52436 1170 2 141.1 -2000 -0.328706 4461849 0.358114 203 0.095824 0.0000 0.001220 0.001504 0.005739 0.040869 -0.045232 -0.210964 40.2910759691 -218.9235249298 203.09582
J157 02JUN12 2002.4449 52437 1170 3 141.1 -2000 -0.331431 4461849 0.358552 203 0.112247 0.0000 0.001276 0.001553 0.006311 0.058535 -0.095659 -0.230408 40.2910759730 -218.9235249618 203.11225
J157 02JUN13 2002.4476 52438 1170 4 141.1 -2000 -0.327366 4461849 0.356792 203 0.096618 0.0000 0.001250 0.001548 0.006114 0.030977 -0.015988 -0.244163 40.2910759572 -218.9235249140 203.09662
J157 02JUN14 2002.4504 52439 1170 5 141.1 -2000 -0.328453 4461849 0.357768 203 0.103955 0.0000 0.001354 0.001649 0.006622 0.072043 -0.051347 -0.219192 40.2910759660 -218.9235249268 203.10396
J157 02JUN15 2002.4531 52440 1170 6 141.1 -2000 -0.326581 4461849 0.357207 203 0.101382 0.0000 0.001249 0.001578 0.006087 0.060296 -0.026577 -0.182867 40.2910759609 -218.9235249048 203.10138
J157 02JUN16 2002.4559 52441 1171 0 141.1 -2000 -0.327642 4461849 0.360786 203 0.099378 0.0000 0.001336 0.001623 0.006287 0.002115 -0.140116 -0.172386 40.2910759932 -218.9235249173 203.09938
J157 02JUN17 2002.4586 52442 1171 1 141.1 -2000 -0.327823 4461849 0.357747 203 0.098638 0.0000 0.001178 0.001505 0.005718 0.064451 -0.065116 -0.195164 40.2910759658 -218.9235249194 203.09864
J157 02JUN18 2002.4613 52443 1171 2 141.1 -2000 -0.327648 4461849 0.361482 203 0.085091 0.0000 0.001216 0.001552 0.005918 0.045129 -0.067964 -0.213571 40.2910759994 -218.9235249174 203.08509
J157 02JUN19 2002.4641 52444 1171 3 141.1 -2000 -0.328394 4461849 0.359535 203 0.099803 0.0000 0.001234 0.001536 0.005979 0.037216 0.033093 -0.147536 40.2910759819 -218.9235249261 203.09980
J157 02JUN20 2002.4668 52445 1171 4 141.1 -2000 -0.328561 4461849 0.357990 203 0.097502 0.0000 0.001134 0.001472 0.005489 0.052408 -0.051524 -0.183225 40.2910759680 -218.9235249281 203.09750
J157 02JUN21 2002.4695 52446 1171 5 141.1 -2000 -0.325068 4461849 0.357240 203 0.099674 0.0000 0.001244 0.001492 0.005903 0.059379 -0.112517 -0.224090 40.2910759612 -218.9235248870 203.09967
J157 02JUN22 2002.4723 52447 1171 6 141.1 -2000 -0.328917 4461849 0.360195 203 0.094982 0.0000 0.001108 0.001457 0.005314 0.003292 0.008348 -0.147332 40.2910759878 -218.9235249323 203.09498
J157 02JUN23 2002.4750 52448 1172 0 141.1 -2000 -0.327622 4461849 0.358582 203 0.097911 0.0000 0.001162 0.001491 0.005560 0.002570 -0.054404 -0.146726 40.2910759733 -218.9235249170 203.09791
J157 02JUN24 2002.4778 52449 1172 1 141.1 -2000 -0.328064 4461849 0.360719 203 0.096380 0.0000 0.001125 0.001394 0.005267 0.042587 -0.056380 -0.153473 40.2910759926 -218.9235249222 203.09638
J157 02JUN25 2002.4805 52450 1172 2 141.1 -2000 -0.329154 4461849 0.358216 203 0.096870 0.0000 0.001139 0.001478 0.005508 0.053871 -0.074845 -0.121917 40.2910759700 -218.9235249351 203.09687
J157 02JUN26 2002.4832 52451 1172 3 141.1 -2000 -0.326259 4461849 0.357705 203 0.095159 0.0000 0.001297 0.001549 0.005998 0.025625 -0.005675 -0.186142 40.2910759654 -218.9235249010 203.09516
J157 02JUN27 2002.4860 52452 1172 4 141.1 -2000 -0.328724 4461849 0.357132 203 0.096474 0.0000 0.001260 0.001552 0.006043 0.054254 -0.037868 -0.242721 40.2910759603 -218.9235249300 203.09647
J157 02JUN28 2002.4887 52453 1172 5 141.1 -2000 -0.328211 4461849 0.355263 203 0.082862 0.0000 0.001203 0.001598 0.005719 0.114125 0.047924 -0.052832 40.2910759434 -218.9235249240 203.08286
J157 02JUN29 2002.4914 52454 1172 6 141.1 -2000 -0.326443 4461849 0.359425 203 0.082991 0.0000 0.001204 0.001528 0.005763 0.042568 -0.113649 -0.164722 40.2910759809 -218.9235249032 203.08299
J157 02JUN30 2002.4942 52455 1173 0 141.1 -2000 -0.326061 4461849 0.358266 203 0.100803 0.0000 0.001180 0.001551 0.005786 0.031877 -0.055922 -0.195928 40.2910759705 -218.9235248987 203.10080
J157 02JUL01 2002.4969 52456 1173 1 141.1 -2000 -0.325712 4461849 0.361605 203 0.097323 0.0000 0.001211 0.001537 0.005840 0.060255 -0.065029 -0.236119 40.2910760005 -218.9235248946 203.09732
J157 02JUL02 2002.4997 52457 1173 2 141.1 -2000 -0.327489 4461849 0.357036 203 0.110009 0.0000 0.001189 0.001513 0.005721 0.023393 -0.026525 -0.231203 40.2910759594 -218.9235249155 203.11001
J157 02JUL03 2002.5024 52458 1173 3 141.1 -2000 -0.327103 4461849 0.359068 203 0.088218 0.0000 0.001195 0.001504 0.005806 0.067420 -0.032786 -0.217809 40.2910759777 -218.9235249109 203.08822
J157 02JUL04 2002.5051 52459 1173 4 141.1 -2000 -0.326794 4461849 0.358601 203 0.091239 0.0000 0.001142 0.001473 0.005427 0.008284 0.003057 -0.176886 40.2910759735 -218.9235249073 203.09124
J157 02JUL05 2002.5079 52460 1173 5 141.1 -2000 -0.326584 4461849 0.359097 203 0.093777 0.0000 0.001138 0.001490 0.005538 0.043922 -0.079250 -0.221838 40.2910759779 -218.9235249048 203.09378
J157 02JUL06 2002.5106 52461 1173 6 141.1 -2000 -0.325389 4461849 0.359151 203 0.099597 0.0000 0.001132 0.001528 0.005586 0.028879 -0.029702 -0.224735 40.2910759784 -218.9235248908 203.09960
J157 02JUL07 2002.5133 52462 1174 0 141.1 -2000 -0.326659 4461849 0.361817 203 0.098273 0.0000 0.001203 0.001545 0.005763 0.015915 0.013711 -0.176367 40.2910760025 -218.9235249057 203.09827
J157 02JUL08 2002.5161 52463 1174 1 141.1 -2000 -0.328163 4461849 0.362021 203 0.104309 0.0000 0.001118 0.001474 0.005348 0.045309 -0.033017 -0.122839 40.2910760043 -218.9235249234 203.10431
J157 02JUL09 2002.5188 52464 1174 2 141.1 -2000 -0.326125 4461849 0.358084 203 0.100983 0.0000 0.001189 0.001565 0.005870 0.080049 -0.036276 -0.130649 40.2910759688 -218.9235248994 203.10098
J157 02JUL10 2002.5216 52465 1174 3 141.1 -2000 -0.326319 4461849 0.360943 203 0.115426 0.0000 0.001161 0.001534 0.005664 0.017288 -0.069954 -0.141282 40.2910759946 -218.9235249017 203.11543
J157 02JUL11 2002.5243 52466 1174 4 141.1 -2000 -0.328279 4461849 0.359583 203 0.107471 0.0000 0.001160 0.001531 0.005655 0.060829 -0.051952 -0.169975 40.2910759823 -218.9235249248 203.10747
J157 02JUL12 2002.5270 52467 1174 5 141.1 -2000 -0.327663 4461849 0.360450 203 0.108455 0.0000 0.001220 0.001617 0.005848 -0.031584 -0.044830 -0.144260 40.2910759901 -218.9235249175 203.10846
J157 02JUL13 2002.5298 52468 1174 6 141.1 -2000 -0.329485 4461849 0.356469 203 0.131918 0.0000 0.001229 0.001556 0.005988 0.065744 -0.110028 -0.229162 40.2910759543 -218.9235249390 203.13192
J157 02JUL14 2002.5325 52469 1175 0 141.1 -2000 -0.330759 4461849 0.360115 203 0.100163 0.0000 0.001148 0.001493 0.005526 0.007099 -0.098584 -0.185501 40.2910759871 -218.9235249539 203.10016
J157 02JUL15 2002.5352 52470 1175 1 141.1 -2000 -0.327189 4461849 0.359971 203 0.105157 0.0000 0.001166 0.001533 0.005662 0.051671 -0.090697 -0.157809 40.2910759858 -218.9235249120 203.10516
J157 02JUL16 2002.5380 52471 1175 2 141.1 -2000 -0.326029 4461849 0.361470 203 0.101665 0.0000 0.001156 0.001537 0.005646 -0.007800 -0.030658 -0.169869 40.2910759993 -218.9235248983 203.10166
J157 02JUL17 2002.5407 52472 1175 3 141.1 -2000 -0.328374 4461849 0.358657 203 0.099139 0.0000 0.001135 0.001491 0.005547 0.027704 -0.090418 -0.158290 40.2910759740 -218.9235249259 203.09914
J157 02JUL18 2002.5435 52473 1175 4 141.1 -2000 -0.325071 4461849 0.357337 203 0.099993 0.0000 0.001155 0.001591 0.005684 0.035095 -0.050181 -0.142671 40.2910759621 -218.9235248870 203.09999
J157 02JUL19 2002.5462 52474 1175 5 141.1 -2000 -0.324452 4461849 0.359054 203 0.105868 0.0000 0.001141 0.001511 0.005435 0.036702 0.005090 -0.155700 40.2910759776 -218.9235248798 203.10587
J157 02JUL20 2002.5489 52475 1175 6 141.1 -2000 -0.329454 4461849 0.365231 203 0.080334 0.0000 0.001128 0.001483 0.005419 0.007922 0.013136 -0.105134 40.2910760332 -218.9235249386 203.08033
J157 02JUL21 2002.5517 52476 1176 0 141.1 -2000 -0.322060 4461849 0.355118 203 0.083582 0.0000 0.001183 0.001515 0.005697 0.045887 -0.083249 -0.169114 40.2910759421 -218.9235248516 203.08358
J157 02JUL22 2002.5544 52477 1176 1 141.1 -2000 -0.327847 4461849 0.359136 203 0.098543 0.0000 0.001140 0.001471 0.005442 0.063185 -0.035450 -0.132706 40.2910759783 -218.9235249197 203.09854
J157 02JUL23 2002.5572 52478 1176 2 141.1 -2000 -0.327450 4461849 0.359902 203 0.079784 0.0000 0.001138 0.001455 0.005313 -0.002210 -0.020004 -0.120852 40.2910759852 -218.9235249150 203.07978
J157 02JUL24 2002.5599 52479 1176 3 141.1 -2000 -0.325661 4461849 0.359790 203 0.084890 0.0000 0.001113 0.001453 0.005366 0.039354 -0.030128 -0.144278 40.2910759842 -218.9235248940 203.08489
J157 02JUL25 2002.5626 52480 1176 4 141.1 -2000 -0.325331 4461849 0.358964 203 0.094366 0.0000 0.001154 0.001443 0.005476 0.004071 -0.117746 -0.152656 40.2910759768 -218.9235248901 203.09437
J157 02JUL26 2002.5654 52481 1176 5 141.1 -2000 -0.325503 4461849 0.356464 203 0.100064 0.0000 0.001219 0.001575 0.005984 0.026479 -0.014395 -0.170550 40.2910759542 -218.9235248921 203.10006
J157 02JUL27 2002.5681 52482 1176 6 141.1 -2000 -0.328167 4461849 0.360411 203 0.095327 0.0000 0.001080 0.001423 0.005162 0.015680 -0.001998 -0.081355 40.2910759898 -218.9235249235 203.09533
J157 02JUL28 2002.5708 52483 1177 0 141.1 -2000 -0.328155 4461849 0.359044 203 0.104471 0.0000 0.001125 0.001428 0.005337 -0.004982 0.029694 -0.159527 40.2910759775 -218.9235249233 203.10447
J157 02JUL29 2002.5736 52484 1177 1 141.1 -2000 -0.332617 4461849 0.360427 203 0.096282 0.0000 0.001145 0.001483 0.005554 0.019435 -0.020286 -0.135922 40.2910759899 -218.9235249758 203.09628
J157 02JUL30 2002.5763 52485 1177 2 141.1 -2000 -0.332225 4461849 0.356436 203 0.088533 0.0000 0.001244 0.001536 0.005970 0.027927 0.045225 -0.209446 40.2910759540 -218.9235249712 203.08853
J157 02JUL31 2002.5791 52486 1177 3 141.1 -2000 -0.323594 4461849 0.364412 203 0.113413 0.0000 0.001310 0.001664 0.006316 0.037636 0.006275 -0.059575 40.2910760258 -218.9235248697 203.11341
J157 02AUG01 2002.5818 52487 1177 4 141.1 -2000 -0.326050 4461849 0.358374 203 0.108745 0.0000 0.001194 0.001554 0.005871 0.056372 -0.040115 -0.192885 40.2910759714 -218.9235248986 203.10874
J157 02AUG02 2002.5845 52488 1177 5 141.1 -2000 -0.328267 4461849 0.359407 203 0.086036 0.0000 0.001121 0.001432 0.005329 -0.027339 -0.000141 -0.162605 40.2910759807 -218.9235249246 203.08604
J157 02AUG03 2002.5873 52489 1177 6 141.1 -2000 -0.325746 4461849 0.358364 203 0.112323 0.0000 0.001245 0.001603 0.006011 -0.000902 -0.005984 -0.133663 40.2910759713 -218.9235248950 203.11232
J157 02AUG04 2002.5900 52490 1178 0 141.1 -2000 -0.326471 4461849 0.362111 203 0.096437 0.0000 0.001208 0.001573 0.005996 0.024849 -0.065237 -0.153885 40.2910760051 -218.9235249035 203.09644
J157 02AUG05 2002.5927 52491 1178 1 141.1 -2000 -0.328372 4461849 0.359939 203 0.106686 0.0000 0.001306 0.001619 0.006242 -0.009721 0.128052 -0.138971 40.2910759855 -218.9235249259 203.10669
J157 02AUG06 2002.5955 52492 1178 2 141.1 -2000 -0.329827 4461849 0.356555 203 0.101501 0.0000 0.001277 0.001687 0.006179 0.012489 -0.075189 -0.102794 40.2910759551 -218.9235249430 203.10150
J157 02AUG07 2002.5982 52493 1178 3 141.1 -2000 -0.326237 4461849 0.360937 203 0.100978 0.0000 0.001227 0.001544 0.005997 -0.041750 0.024635 -0.183202 40.2910759945 -218.9235249008 203.10098
J157 02AUG08 2002.6010 52494 1178 4 141.1 -2000 -0.330328 4461849 0.358153 203 0.106091 0.0000 0.001219 0.001530 0.005948 0.032051 -0.029499 -0.197160 40.2910759695 -218.9235249489 203.10609
J157 02AUG09 2002.6037 52495 1178 5 141.1 -2000 -0.326016 4461849 0.357361 203 0.087121 0.0000 0.001158 0.001571 0.005711 -0.056280 0.012344 -0.079728 40.2910759623 -218.9235248982 203.08712
J157 02AUG10 2002.6064 52496 1178 6 141.1 -2000 -0.326627 4461849 0.356274 203 0.094155 0.0000 0.001112 0.001457 0.005398 -0.002336 -0.037060 -0.182392 40.2910759525 -218.9235249053 203.09415
J157 02AUG11 2002.6092 52497 1179 0 141.1 -2000 -0.328268 4461849 0.359336 203 0.096747 0.0000 0.001139 0.001465 0.005451 0.040701 -0.028955 -0.112427 40.2910759801 -218.9235249247 203.09675
J157 02AUG12 2002.6119 52498 1179 1 141.1 -2000 -0.323858 4461849 0.360024 203 0.097325 0.0000 0.001138 0.001489 0.005508 0.035790 -0.068370 -0.201756 40.2910759863 -218.9235248728 203.09732
J157 02AUG13 2002.6146 52499 1179 2 141.1 -2000 -0.325637 4461849 0.360369 203 0.090164 0.0000 0.001179 0.001496 0.005828 0.016375 -0.005763 -0.178430 40.2910759894 -218.9235248937 203.09016
J157 02AUG14 2002.6174 52500 1179 3 141.1 -2000 -0.328339 4461849 0.359322 203 0.093017 0.0000 0.001127 0.001467 0.005423 0.013979 -0.039705 -0.149024 40.2910759800 -218.9235249255 203.09302
J157 02AUG15 2002.6201 52501 1179 4 141.1 -2000 -0.325835 4461849 0.361752 203 0.090185 0.0000 0.001187 0.001490 0.005775 0.008359 -0.047662 -0.169306 40.2910760019 -218.9235248960 203.09018
J157 02AUG16 2002.6229 52502 1179 5 141.1 -2000 -0.325860 4461849 0.358526 203 0.096207 0.0000 0.001177 0.001484 0.005624 0.006846 -0.029453 -0.132788 40.2910759728 -218.9235248963 203.09621
J157 02AUG17 2002.6256 52503 1179 6 141.1 -2000 -0.327552 4461849 0.360547 203 0.104520 0.0000 0.001197 0.001443 0.005855 0.003231 -0.014721 -0.211443 40.2910759910 -218.9235249162 203.10452
J157 02AUG18 2002.6283 52504 1180 0 141.1 -2000 -0.328516 4461849 0.361191 203 0.095366 0.0000 0.001166 0.001472 0.005543 -0.041963 0.059956 -0.149746 40.2910759968 -218.9235249276 203.09537
J157 02AUG19 2002.6311 52505 1180 1 141.1 -2000 -0.328342 4461849 0.361292 203 0.108584 0.0000 0.001200 0.001536 0.005796 -0.006107 -0.058722 -0.101745 40.2910759977 -218.9235249255 203.10858
J157 02AUG20 2002.6338 52506 1180 2 141.1 -2000 -0.325482 4461849 0.359649 203 0.103832 0.0000 0.001196 0.001531 0.005867 0.049823 -0.098742 -0.183972 40.2910759829 -218.9235248919 203.10383
J157 02AUG21 2002.6366 52507 1180 3 141.1 -2000 -0.329721 4461849 0.362314 203 0.079573 0.0000 0.001143 0.001469 0.005419 0.012151 -0.055429 -0.175668 40.2910760069 -218.9235249417 203.07957
J157 02AUG22 2002.6393 52508 1180 4 141.1 -2000 -0.328565 4461849 0.362056 203 0.076528 0.0000 0.001125 0.001446 0.005261 0.025305 -0.041263 -0.149139 40.2910760046 -218.9235249281 203.07653
J157 02AUG23 2002.6420 52509 1180 5 141.1 -2000 -0.326196 4461849 0.364250 203 0.095408 0.0000 0.001172 0.001457 0.005535 0.003108 -0.034328 -0.168228 40.2910760244 -218.9235249003 203.09541
J157 02AUG24 2002.6448 52510 1180 6 141.1 -2000 -0.324276 4461849 0.361398 203 0.106849 0.0000 0.001195 0.001509 0.005673 0.017467 -0.013855 -0.093688 40.2910759987 -218.9235248777 203.10685
J157 02AUG25 2002.6475 52511 1181 0 141.1 -2000 -0.327222 4461849 0.360950 203 0.080726 0.0000 0.001144 0.001449 0.005460 0.023823 -0.060553 -0.180835 40.2910759946 -218.9235249124 203.08073
J157 02AUG26 2002.6502 52512 1181 1 141.1 -2000 -0.326292 4461849 0.358938 203 0.091561 0.0000 0.001186 0.001493 0.005637 -0.013026 0.012164 -0.201619 40.2910759765 -218.9235249014 203.09156
J157 02AUG27 2002.6530 52513 1181 2 141.1 -2000 -0.325054 4461849 0.360521 203 0.098246 0.0000 0.001199 0.001491 0.005696 0.015525 -0.108456 -0.133912 40.2910759908 -218.9235248869 203.09825
J157 02AUG28 2002.6557 52514 1181 3 141.1 -2000 -0.326897 4461849 0.360110 203 0.094159 0.0000 0.001223 0.001567 0.005987 0.087066 -0.024924 -0.180442 40.2910759871 -218.9235249085 203.09416
J157 02AUG29 2002.6585 52515 1181 4 141.1 -2000 -0.326146 4461849 0.358845 203 0.097457 0.0000 0.001128 0.001465 0.005495 0.029903 -0.000160 -0.187883 40.2910759757 -218.9235248997 203.09746
J157 02AUG30 2002.6612 52516 1181 5 141.1 -2000 -0.323359 4461849 0.358545 203 0.095845 0.0000 0.001174 0.001450 0.005482 0.003826 0.043247 -0.178118 40.2910759730 -218.9235248669 203.09584
J157 02AUG31 2002.6639 52517 1181 6 141.1 -2000 -0.326621 4461849 0.357470 203 0.093889 0.0000 0.001190 0.001500 0.005622 -0.020172 0.025368 -0.190901 40.2910759633 -218.9235249053 203.09389
J157 02SEP01 2002.6667 52518 1182 0 141.1 -2000 -0.323358 4461849 0.359381 203 0.077516 0.0000 0.001122 0.001430 0.005257 0.048060 -0.059297 -0.161227 40.2910759805 -218.9235248669 203.07752
J157 02SEP02 2002.6694 52519 1182 1 141.1 -2000 -0.321597 4461849 0.360579 203 0.085115 0.0000 0.001138 0.001494 0.005432 -0.006463 0.001390 -0.132859 40.2910759913 -218.9235248462 203.08511
J157 02SEP03 2002.6721 52520 1182 2 141.1 -2000 -0.323807 4461849 0.365637 203 0.093176 0.0000 0.001167 0.001519 0.005514 -0.001362 -0.001405 -0.164535 40.2910760368 -218.9235248722 203.09318
J157 02SEP04 2002.6749 52521 1182 3 141.1 -2000 -0.323383 4461849 0.360586 203 0.088324 0.0000 0.001190 0.001545 0.005739 0.044583 -0.049438 -0.187326 40.2910759914 -218.9235248672 203.08832
J157 02SEP05 2002.6776 52522 1182 4 141.1 -2000 -0.324476 4461849 0.358606 203 0.091963 0.0000 0.001094 0.001453 0.005140 0.004634 -0.002732 -0.154748 40.2910759735 -218.9235248801 203.09196
J157 02SEP06 2002.6804 52523 1182 5 141.1 -2000 -0.322856 4461849 0.359766 203 0.096187 0.0000 0.001172 0.001482 0.005449 0.045748 -0.105107 -0.188803 40.2910759840 -218.9235248610 203.09619
J157 02SEP07 2002.6831 52524 1182 6 141.1 -2000 -0.324707 4461849 0.357651 203 0.090885 0.0000 0.001151 0.001481 0.005439 -0.023182 0.028156 -0.197991 40.2910759649 -218.9235248828 203.09089
J157 02SEP08 2002.6858 52525 1183 0 141.1 -2000 -0.327828 4461849 0.359248 203 0.100139 0.0000 0.001263 0.001597 0.006168 0.033798 -0.055328 -0.188651 40.2910759793 -218.9235249195 203.10014
J157 02SEP09 2002.6886 52526 1183 1 141.1 -2000 -0.324515 4461849 0.358489 203 0.081129 0.0000 0.001235 0.001578 0.005872 -0.045519 0.083979 -0.246428 40.2910759725 -218.9235248805 203.08113
J157 02SEP10 2002.6913 52527 1183 2 141.1 -2000 -0.324935 4461849 0.358166 203 0.069958 0.0000 0.001166 0.001507 0.005702 0.005003 0.001970 -0.246339 40.2910759696 -218.9235248854 203.06996
J157 02SEP11 2002.6940 52528 1183 3 141.1 -2000 -0.323947 4461849 0.358003 203 0.106766 0.0000 0.001155 0.001491 0.005564 0.048341 -0.080652 -0.210242 40.2910759681 -218.9235248738 203.10677
J157 02SEP12 2002.6968 52529 1183 4 141.1 -2000 -0.327347 4461849 0.359610 203 0.108369 0.0000 0.001127 0.001459 0.005351 0.034023 -0.029773 -0.166078 40.2910759826 -218.9235249138 203.10837
J157 02SEP13 2002.6995 52530 1183 5 141.1 -2000 -0.328237 4461849 0.357761 203 0.083130 0.0000 0.001197 0.001485 0.005711 0.020162 -0.032076 -0.246302 40.2910759659 -218.9235249243 203.08313
J157 02SEP14 2002.7023 52531 1183 6 141.1 -2000 -0.326234 4461849 0.355894 203 0.080442 0.0000 0.001116 0.001444 0.005286 0.008099 -0.012424 -0.180820 40.2910759491 -218.9235249007 203.08044
J157 02SEP15 2002.7050 52532 1184 0 141.1 -2000 -0.326340 4461849 0.359611 203 0.071765 0.0000 0.001182 0.001514 0.005609 0.012900 0.030642 -0.210508 40.2910759826 -218.9235249020 203.07176
J157 02SEP16 2002.7077 52533 1184 1 141.1 -2000 -0.324426 4461849 0.358997 203 0.090241 0.0000 0.001166 0.001483 0.005587 0.032575 0.032617 -0.196246 40.2910759771 -218.9235248795 203.09024
J157 02SEP17 2002.7105 52534 1184 2 141.1 -2000 -0.323561 4461849 0.356624 203 0.090413 0.0000 0.001132 0.001452 0.005407 -0.011220 0.010210 -0.238607 40.2910759557 -218.9235248693 203.09041
J157 02SEP18 2002.7132 52535 1184 3 141.1 -2000 -0.325446 4461849 0.356210 203 0.073796 0.0000 0.001204 0.001506 0.005800 -0.016286 0.025299 -0.180650 40.2910759520 -218.9235248914 203.07380
J157 02SEP19 2002.7159 52536 1184 4 141.1 -2000 -0.323284 4461849 0.358170 203 0.069337 0.0000 0.001163 0.001468 0.005646 0.011607 -0.029070 -0.238714 40.2910759696 -218.9235248660 203.06934
J157 02SEP20 2002.7187 52537 1184 5 141.1 -2000 -0.326708 4461849 0.356921 203 0.071159 0.0000 0.001194 0.001489 0.005642 0.003672 -0.034010 -0.227433 40.2910759584 -218.9235249063 203.07116
J157 02SEP21 2002.7214 52538 1184 6 141.1 -2000 -0.325864 4461849 0.360916 203 0.081377 0.0000 0.001169 0.001478 0.005563 -0.016332 -0.017837 -0.172212 40.2910759943 -218.9235248964 203.08138
J157 02SEP22 2002.7242 52539 1185 0 141.1 -2000 -0.324695 4461849 0.357482 203 0.086058 0.0000 0.001146 0.001456 0.005450 0.001080 -0.036079 -0.176314 40.2910759634 -218.9235248826 203.08606
J157 02SEP23 2002.7269 52540 1185 1 141.1 -2000 -0.326709 4461849 0.356226 203 0.097463 0.0000 0.001175 0.001451 0.005639 0.024063 -0.068599 -0.166437 40.2910759521 -218.9235249063 203.09746
J157 02SEP24 2002.7296 52541 1185 2 141.1 -2000 -0.325162 4461849 0.357624 203 0.080122 0.0000 0.001129 0.001440 0.005402 -0.030661 0.017755 -0.196989 40.2910759647 -218.9235248881 203.08012
J157 02SEP25 2002.7324 52542 1185 3 141.1 -2000 -0.325056 4461849 0.357924 203 0.074721 0.0000 0.001145 0.001495 0.005572 -0.027740 -0.003686 -0.175219 40.2910759674 -218.9235248869 203.07472
J157 02SEP26 2002.7351 52543 1185 4 141.1 -2000 -0.325423 4461849 0.357012 203 0.074854 0.0000 0.001124 0.001487 0.005503 -0.017418 0.001265 -0.157309 40.2910759592 -218.9235248912 203.07485
J157 02SEP27 2002.7379 52544 1185 5 141.1 -2000 -0.326546 4461849 0.357818 203 0.076447 0.0000 0.001255 0.001531 0.005875 -0.035274 0.088176 -0.158208 40.2910759664 -218.9235249044 203.07645
J157 02SEP28 2002.7406 52545 1185 6 141.1 -2000 -0.321178 4461849 0.354939 203 0.080809 0.0000 0.001158 0.001481 0.005608 -0.035237 0.087449 -0.187120 40.2910759405 -218.9235248413 203.08081
J157 02SEP29 2002.7433 52546 1186 0 141.1 -2000 -0.324597 4461849 0.354894 203 0.085504 0.0000 0.001183 0.001533 0.005743 -0.056491 0.072201 -0.179041 40.2910759401 -218.9235248815 203.08550
J157 02SEP30 2002.7461 52547 1186 1 141.1 -2000 -0.325568 4461849 0.354522 203 0.080062 0.0000 0.001235 0.001582 0.005971 -0.065358 0.010031 -0.180413 40.2910759368 -218.9235248929 203.08006
J157 02OCT01 2002.7488 52548 1186 2 141.1 -2000 -0.326616 4461849 0.357010 203 0.092697 0.0000 0.001181 0.001606 0.005785 -0.047509 0.034175 -0.146996 40.2910759592 -218.9235249052 203.09270
J157 02OCT02 2002.7515 52549 1186 3 141.1 -2000 -0.325877 4461849 0.356667 203 0.087449 0.0000 0.001199 0.001545 0.005850 -0.016436 0.023881 -0.186822 40.2910759561 -218.9235248965 203.08745
J157 02OCT03 2002.7543 52550 1186 4 141.1 -2000 -0.326389 4461849 0.357464 203 0.090724 0.0000 0.001241 0.001572 0.006137 -0.035575 0.065156 -0.176896 40.2910759632 -218.9235249025 203.09072
J157 02OCT04 2002.7570 52551 1186 5 141.1 -2000 -0.322535 4461849 0.355259 203 0.074202 0.0000 0.001279 0.001560 0.006003 0.015160 0.053235 -0.190020 40.2910759434 -218.9235248572 203.07420
J157 02OCT05 2002.7598 52552 1186 6 141.1 -2000 -0.324281 4461849 0.356028 203 0.072142 0.0000 0.001140 0.001481 0.005634 -0.012658 0.010223 -0.195405 40.2910759503 -218.9235248778 203.07214
J157 02OCT06 2002.7625 52553 1187 0 141.1 -2000 -0.323679 4461849 0.351422 203 0.089682 0.0000 0.001151 0.001513 0.005589 0.001954 0.010999 -0.146012 40.2910759088 -218.9235248707 203.08968
J157 02OCT07 2002.7652 52554 1187 1 141.1 -2000 -0.326125 4461849 0.353062 203 0.082823 0.0000 0.001183 0.001546 0.005843 -0.009315 -0.009834 -0.192339 40.2910759236 -218.9235248994 203.08282
J157 02OCT08 2002.7680 52555 1187 2 141.1 -2000 -0.323622 4461849 0.355623 203 0.081706 0.0000 0.001175 0.001488 0.005614 -0.001426 0.026952 -0.210717 40.2910759467 -218.9235248700 203.08171
J157 02OCT09 2002.7707 52556 1187 3 141.1 -2000 -0.323043 4461849 0.354790 203 0.086083 0.0000 0.001155 0.001523 0.005643 0.017840 0.045237 -0.133839 40.2910759392 -218.9235248632 203.08608
J157 02OCT10 2002.7734 52557 1187 4 141.1 -2000 -0.325685 4461849 0.356989 203 0.062969 0.0000 0.001177 0.001511 0.005836 0.009501 -0.004163 -0.204680 40.2910759590 -218.9235248943 203.06297
J157 02OCT11 2002.7762 52558 1187 5 141.1 -2000 -0.326013 4461849 0.357768 203 0.062452 0.0000 0.001178 0.001536 0.005663 -0.039861 0.060687 -0.175353 40.2910759660 -218.9235248981 203.06245
J157 02OCT12 2002.7789 52559 1187 6 141.1 -2000 -0.324350 4461849 0.358266 203 0.063660 0.0000 0.001187 0.001555 0.005871 0.001628 -0.006889 -0.233647 40.2910759705 -218.9235248786 203.06366
J157 02OCT13 2002.7817 52560 1188 0 141.1 -2000 -0.322696 4461849 0.357666 203 0.068641 0.0000 0.001185 0.001512 0.005638 -0.022759 0.057601 -0.166079 40.2910759651 -218.9235248591 203.06864
J157 02OCT14 2002.7844 52561 1188 1 141.1 -2000 -0.324192 4461849 0.356082 203 0.074335 0.0000 0.001171 0.001528 0.005761 -0.023501 0.042935 -0.214550 40.2910759508 -218.9235248767 203.07433
J157 02OCT15 2002.7871 52562 1188 2 141.1 -2000 -0.324376 4461849 0.357847 203 0.096166 0.0000 0.001209 0.001639 0.005981 -0.087666 0.072372 -0.192376 40.2910759667 -218.9235248789 203.09617
J157 02OCT16 2002.7899 52563 1188 3 141.1 -2000 -0.327475 4461849 0.357392 203 0.085297 0.0000 0.001210 0.001613 0.005904 -0.032222 -0.005118 -0.124743 40.2910759626 -218.9235249153 203.08530
J157 02OCT17 2002.7926 52564 1188 4 141.1 -2000 -0.324712 4461849 0.357907 203 0.062127 0.0000 0.001156 0.001522 0.005443 -0.026085 0.065960 -0.145442 40.2910759672 -218.9235248828 203.06213
J157 02OCT18 2002.7953 52565 1188 5 141.1 -2000 -0.326337 4461849 0.357742 203 0.080327 0.0000 0.001214 0.001561 0.005745 -0.032167 0.108737 -0.159948 40.2910759657 -218.9235249019 203.08033
J157 02OCT19 2002.7981 52566 1188 6 141.1 -2000 -0.324913 4461849 0.355645 203 0.082705 0.0000 0.001186 0.001531 0.005620 -0.015401 0.008910 -0.173155 40.2910759469 -218.9235248852 203.08270
J157 02OCT20 2002.8008 52567 1189 0 141.1 -2000 -0.324070 4461849 0.355348 203 0.081271 0.0000 0.001215 0.001524 0.005715 -0.016587 0.057396 -0.175524 40.2910759442 -218.9235248753 203.08127
J157 02OCT21 2002.8036 52568 1189 1 141.1 -2000 -0.323593 4461849 0.354023 203 0.084769 0.0000 0.001152 0.001539 0.005499 0.007697 0.052717 -0.147257 40.2910759323 -218.9235248696 203.08477
J157 02OCT22 2002.8063 52569 1189 2 141.1 -2000 -0.324667 4461849 0.359203 203 0.081416 0.0000 0.001147 0.001480 0.005470 -0.027215 0.012293 -0.169016 40.2910759789 -218.9235248823 203.08142
J157 02OCT23 2002.8090 52570 1189 3 141.1 -2000 -0.320444 4461849 0.354693 203 0.057588 0.0000 0.001163 0.001493 0.005549 0.022474 0.014790 -0.161784 40.2910759383 -218.9235248326 203.05759
J157 02OCT24 2002.8118 52571 1189 4 141.1 -2000 -0.319199 4461849 0.355764 203 0.062640 0.0000 0.001132 0.001482 0.005451 -0.000996 -0.008829 -0.171197 40.2910759479 -218.9235248180 203.06264
J157 02OCT25 2002.8145 52572 1189 5 141.1 -2000 -0.327241 4461849 0.356432 203 0.072732 0.0000 0.001193 0.001541 0.005744 0.015587 0.040607 -0.081306 40.2910759540 -218.9235249126 203.07273
J157 02OCT26 2002.8172 52573 1189 6 141.1 -2000 -0.328389 4461849 0.353148 203 0.088403 0.0000 0.001210 0.001573 0.005934 -0.001511 -0.019819 -0.123880 40.2910759244 -218.9235249261 203.08840
J157 02OCT27 2002.8200 52574 1190 0 141.1 -2000 -0.324050 4461849 0.353983 203 0.083942 0.0000 0.001192 0.001538 0.005783 0.048269 -0.025987 -0.182182 40.2910759319 -218.9235248750 203.08394
J157 02OCT28 2002.8227 52575 1190 1 141.1 -2000 -0.328815 4461849 0.356342 203 0.083712 0.0000 0.001219 0.001517 0.005951 -0.002942 0.029788 -0.126733 40.2910759531 -218.9235249311 203.08371
J157 02OCT29 2002.8255 52576 1190 2 141.1 -2000 -0.326289 4461849 0.359598 203 0.081652 0.0000 0.001188 0.001530 0.005760 -0.002776 0.086551 -0.169795 40.2910759825 -218.9235249014 203.08165
J157 02OCT30 2002.8282 52577 1190 3 141.1 -2000 -0.327169 4461849 0.356953 203 0.085110 0.0000 0.001192 0.001500 0.005653 -0.012781 0.045603 -0.180299 40.2910759586 -218.9235249117 203.08511
J157 02OCT31 2002.8309 52578 1190 4 141.1 -2000 -0.324762 4461849 0.355758 203 0.071201 0.0000 0.001163 0.001487 0.005587 -0.042749 0.070675 -0.157873 40.2910759479 -218.9235248834 203.07120
J157 02NOV01 2002.8337 52579 1190 5 141.1 -2000 -0.325642 4461849 0.354179 203 0.076683 0.0000 0.001150 0.001493 0.005566 0.005022 0.077761 -0.129951 40.2910759337 -218.9235248937 203.07668
J157 02NOV02 2002.8364 52580 1190 6 141.1 -2000 -0.322943 4461849 0.357050 203 0.092895 0.0000 0.001220 0.001585 0.005969 -0.007469 0.061856 -0.140940 40.2910759595 -218.9235248620 203.09289
J157 02NOV03 2002.8392 52581 1191 0 141.1 -2000 -0.324941 4461849 0.356927 203 0.071216 0.0000 0.001129 0.001458 0.005461 0.028905 0.009277 -0.174529 40.2910759584 -218.9235248855 203.07122
J157 02NOV04 2002.8419 52582 1191 1 141.1 -2000 -0.322828 4461849 0.355330 203 0.084236 0.0000 0.001168 0.001481 0.005677 -0.029347 0.071499 -0.198236 40.2910759440 -218.9235248607 203.08424
J157 02NOV05 2002.8446 52583 1191 2 141.1 -2000 -0.326132 4461849 0.355131 203 0.079803 0.0000 0.001092 0.001449 0.005276 0.003209 0.012337 -0.154713 40.2910759422 -218.9235248995 203.07980
J157 02NOV06 2002.8474 52584 1191 3 141.1 -2000 -0.324380 4461849 0.355510 203 0.076889 0.0000 0.001168 0.001460 0.005582 -0.047169 0.098569 -0.175191 40.2910759456 -218.9235248789 203.07689
J157 02NOV07 2002.8501 52585 1191 4 141.1 -2000 -0.325162 4461849 0.354251 203 0.068529 0.0000 0.001147 0.001456 0.005517 0.007675 0.050314 -0.116651 40.2910759343 -218.9235248881 203.06853
J157 02NOV08 2002.8528 52586 1191 5 141.1 -2000 -0.325553 4461849 0.351219 203 0.095794 0.0000 0.001200 0.001517 0.005850 0.001437 0.087131 -0.124751 40.2910759070 -218.9235248927 203.09579
J157 02NOV09 2002.8556 52587 1191 6 141.1 -2000 -0.325987 4461849 0.354708 203 0.084558 0.0000 0.001230 0.001535 0.005829 -0.016564 0.133266 -0.147509 40.2910759384 -218.9235248978 203.08456
J157 02NOV10 2002.8583 52588 1192 0 141.1 -2000 -0.321253 4461849 0.354106 203 0.081866 0.0000 0.001151 0.001485 0.005503 0.017456 0.052781 -0.108881 40.2910759330 -218.9235248421 203.08187
J157 02NOV11 2002.8611 52589 1192 1 141.1 -2000 -0.324988 4461849 0.350969 203 0.086431 0.0000 0.001187 0.001502 0.005733 -0.016322 -0.017404 -0.122392 40.2910759048 -218.9235248861 203.08643
J157 02NOV12 2002.8638 52590 1192 2 141.1 -2000 -0.322143 4461849 0.350844 203 0.083378 0.0000 0.001182 0.001488 0.005700 -0.020244 -0.011680 -0.163824 40.2910759036 -218.9235248526 203.08338
J157 02NOV13 2002.8665 52591 1192 3 141.1 -2000 -0.323542 4461849 0.354739 203 0.077631 0.0000 0.001148 0.001487 0.005543 -0.070045 0.052333 -0.130368 40.2910759387 -218.9235248691 203.07763
J157 02NOV14 2002.8693 52592 1192 4 141.1 -2000 -0.322926 4461849 0.351242 203 0.077786 0.0000 0.001121 0.001446 0.005361 -0.026714 0.069431 -0.135307 40.2910759072 -218.9235248618 203.07779
J157 02NOV15 2002.8720 52593 1192 5 141.1 -2000 -0.330479 4461849 0.356797 203 0.081526 0.0000 0.001141 0.001471 0.005579 -0.013776 0.013889 -0.139620 40.2910759572 -218.9235249506 203.08153
J157 02NOV16 2002.8747 52594 1192 6 141.1 -2000 -0.322679 4461849 0.354122 203 0.091113 0.0000 0.001175 0.001467 0.005554 -0.001151 0.080768 -0.132680 40.2910759331 -218.9235248589 203.09111
J157 02NOV17 2002.8775 52595 1193 0 141.1 -2000 -0.326249 4461849 0.351198 203 0.088034 0.0000 0.001189 0.001492 0.005706 -0.027265 0.094139 -0.139748 40.2910759068 -218.9235249009 203.08803
J157 02NOV18 2002.8802 52596 1193 1 141.1 -2000 -0.327899 4461849 0.352122 203 0.076331 0.0000 0.001213 0.001544 0.005958 -0.028012 0.026121 -0.158397 40.2910759151 -218.9235249203 203.07633
J157 02NOV19 2002.8830 52597 1193 2 141.1 -2000 -0.322138 4461849 0.354038 203 0.088628 0.0000 0.001146 0.001455 0.005554 -0.050230 0.151367 -0.218446 40.2910759324 -218.9235248525 203.08863
J157 02NOV20 2002.8857 52598 1193 3 141.1 -2000 -0.322336 4461849 0.352854 203 0.083331 0.0000 0.001161 0.001444 0.005553 -0.003431 0.157893 -0.156080 40.2910759217 -218.9235248549 203.08333
J157 02NOV21 2002.8884 52599 1193 4 141.1 -2000 -0.326894 4461849 0.352640 203 0.092884 0.0000 0.001167 0.001498 0.005699 -0.014083 0.031690 -0.182288 40.2910759198 -218.9235249085 203.09288
J157 02NOV22 2002.8912 52600 1193 5 141.1 -2000 -0.323432 4461849 0.352316 203 0.090685 0.0000 0.001102 0.001442 0.005325 -0.013944 0.005570 -0.158056 40.2910759169 -218.9235248678 203.09068
J157 02NOV23 2002.8939 52601 1193 6 141.1 -2000 -0.323602 4461849 0.354351 203 0.086750 0.0000 0.001082 0.001438 0.005206 0.020542 -0.012113 -0.151208 40.2910759352 -218.9235248698 203.08675
J157 02NOV24 2002.8966 52602 1194 0 141.1 -2000 -0.322742 4461849 0.354373 203 0.088505 0.0000 0.001109 0.001416 0.005320 0.022003 0.041976 -0.165238 40.2910759354 -218.9235248596 203.08850
J157 02NOV25 2002.8994 52603 1194 1 141.1 -2000 -0.322484 4461849 0.353060 203 0.093513 0.0000 0.001103 0.001430 0.005269 0.002951 0.003477 -0.121325 40.2910759236 -218.9235248566 203.09351
J157 02NOV26 2002.9021 52604 1194 2 141.1 -2000 -0.322984 4461849 0.351005 203 0.079816 0.0000 0.001160 0.001482 0.005558 -0.053985 0.064699 -0.193707 40.2910759051 -218.9235248625 203.07982
J157 02NOV27 2002.9049 52605 1194 3 141.1 -2000 -0.327568 4461849 0.349999 203 0.095962 0.0000 0.001149 0.001455 0.005598 -0.021865 0.054979 -0.234879 40.2910758960 -218.9235249164 203.09596
J157 02NOV28 2002.9076 52606 1194 4 141.1 -2000 -0.324774 4461849 0.353752 203 0.092544 0.0000 0.001157 0.001457 0.005548 0.039750 0.074010 -0.158790 40.2910759298 -218.9235248835 203.09254
J157 02NOV29 2002.9103 52607 1194 5 141.1 -2000 -0.322029 4461849 0.353486 203 0.089068 0.0000 0.001075 0.001405 0.005199 -0.005784 0.055865 -0.150574 40.2910759274 -218.9235248513 203.08907
J157 02NOV30 2002.9131 52608 1194 6 141.1 -2000 -0.322688 4461849 0.353493 203 0.088898 0.0000 0.001098 0.001420 0.005285 0.023894 0.027143 -0.169287 40.2910759275 -218.9235248590 203.08890
J157 02DEC01 2002.9158 52609 1195 0 141.1 -2000 -0.323813 4461849 0.354215 203 0.084358 0.0000 0.001109 0.001420 0.005300 0.020738 0.056043 -0.166322 40.2910759340 -218.9235248722 203.08436
J157 02DEC02 2002.9185 52610 1195 1 141.1 -2000 -0.321975 4461849 0.354755 203 0.086581 0.0000 0.001114 0.001419 0.005346 0.015161 0.076077 -0.167212 40.2910759389 -218.9235248506 203.08658
J157 02DEC03 2002.9213 52611 1195 2 141.1 -2000 -0.322990 4461849 0.354384 203 0.084623 0.0000 0.001117 0.001463 0.005506 -0.004978 0.028470 -0.147650 40.2910759355 -218.9235248626 203.08462
J157 02DEC04 2002.9240 52612 1195 3 141.1 -2000 -0.321917 4461849 0.352310 203 0.086441 0.0000 0.001177 0.001553 0.005840 0.006740 -0.006775 -0.159625 40.2910759168 -218.9235248499 203.08644
J157 02DEC05 2002.9268 52613 1195 4 141.1 -2000 -0.320646 4461849 0.357872 203 0.077818 0.0000 0.001156 0.001463 0.005554 0.010893 -0.000503 -0.159568 40.2910759669 -218.9235248350 203.07782
J157 02DEC06 2002.9295 52614 1195 5 141.1 -2000 -0.321438 4461849 0.354042 203 0.081659 0.0000 0.001135 0.001463 0.005399 0.008979 -0.017750 -0.159844 40.2910759324 -218.9235248443 203.08166
J157 02DEC07 2002.9322 52615 1195 6 141.1 -2000 -0.322501 4461849 0.354633 203 0.091317 0.0000 0.001112 0.001407 0.005240 -0.010285 0.035730 -0.119616 40.2910759378 -218.9235248568 203.09132
J157 02DEC08 2002.9350 52616 1196 0 141.1 -2000 -0.322743 4461849 0.354854 203 0.084073 0.0000 0.001160 0.001437 0.005357 -0.018290 0.057216 -0.097381 40.2910759397 -218.9235248597 203.08407
J157 02DEC09 2002.9377 52617 1196 1 141.1 -2000 -0.323161 4461849 0.353620 203 0.090492 0.0000 0.001161 0.001462 0.005414 0.032370 -0.032331 -0.105615 40.2910759286 -218.9235248646 203.09049
J157 02DEC10 2002.9405 52618 1196 2 141.1 -2000 -0.322694 4461849 0.353870 203 0.094666 0.0000 0.001148 0.001438 0.005474 0.009395 -0.048007 -0.158988 40.2910759309 -218.9235248591 203.09467
J157 02DEC11 2002.9432 52619 1196 3 141.1 -2000 -0.324699 4461849 0.355604 203 0.072134 0.0000 0.001133 0.001414 0.005305 -0.015939 -0.007836 -0.112703 40.2910759465 -218.9235248827 203.07213
J157 02DEC12 2002.9459 52620 1196 4 141.1 -2000 -0.324421 4461849 0.354501 203 0.088719 0.0000 0.001164 0.001421 0.005405 0.025070 -0.002882 -0.124483 40.2910759366 -218.9235248794 203.08872
J157 02DEC13 2002.9487 52621 1196 5 141.1 -2000 -0.325604 4461849 0.354827 203 0.084908 0.0000 0.001156 0.001428 0.005317 0.019181 -0.019132 -0.097875 40.2910759395 -218.9235248933 203.08491
J157 02DEC14 2002.9514 52622 1196 6 141.1 -2000 -0.323118 4461849 0.356216 203 0.090235 0.0000 0.001132 0.001392 0.005273 -0.017160 0.010247 -0.147640 40.2910759520 -218.9235248641 203.09024
J157 02DEC15 2002.9541 52623 1197 0 141.1 -2000 -0.321316 4461849 0.357007 203 0.080490 0.0000 0.001142 0.001423 0.005317 -0.005063 0.041911 -0.101365 40.2910759591 -218.9235248429 203.08049
J157 02DEC16 2002.9569 52624 1197 1 141.1 -2000 -0.323762 4461849 0.351575 203 0.090359 0.0000 0.001226 0.001525 0.005777 -0.050447 0.057518 -0.079224 40.2910759102 -218.9235248716 203.09036
J157 02DEC17 2002.9596 52625 1197 2 141.1 -2000 -0.323635 4461849 0.353973 203 0.074511 0.0000 0.001159 0.001451 0.005259 -0.036451 0.059886 -0.096938 40.2910759318 -218.9235248701 203.07451
J157 02DEC18 2002.9624 52626 1197 3 141.1 -2000 -0.330082 4461849 0.354290 203 0.085585 0.0000 0.001184 0.001500 0.005623 0.015729 0.066321 -0.074579 40.2910759347 -218.9235249460 203.08558
J157 02DEC19 2002.9651 52627 1197 4 141.1 -2000 -0.321532 4461849 0.357392 203 0.074818 0.0000 0.001216 0.001531 0.005683 -0.059271 -0.012665 -0.115036 40.2910759626 -218.9235248454 203.07482
J157 02DEC20 2002.9678 52628 1197 5 141.1 -2000 -0.322957 4461849 0.356543 203 0.075118 0.0000 0.001208 0.001540 0.005775 -0.008025 -0.017085 -0.139645 40.2910759550 -218.9235248622 203.07512
J157 02DEC21 2002.9706 52629 1197 6 141.1 -2000 -0.322950 4461849 0.354130 203 0.080661 0.0000 0.001142 0.001438 0.005341 -0.042710 0.065146 -0.163118 40.2910759332 -218.9235248621 203.08066
J157 02DEC22 2002.9733 52630 1198 0 141.1 -2000 -0.319874 4461849 0.354679 203 0.085352 0.0000 0.001122 0.001409 0.005249 0.011789 0.041730 -0.115301 40.2910759382 -218.9235248259 203.08535
J157 02DEC23 2002.9760 52631 1198 1 141.1 -2000 -0.322594 4461849 0.352702 203 0.088651 0.0000 0.001166 0.001436 0.005392 0.049370 0.013408 -0.151773 40.2910759204 -218.9235248579 203.08865
J157 02DEC24 2002.9788 52632 1198 2 141.1 -2000 -0.320923 4461849 0.354324 203 0.083729 0.0000 0.001149 0.001439 0.005346 0.004551 0.021529 -0.124876 40.2910759350 -218.9235248383 203.08373
J157 02DEC25 2002.9815 52633 1198 3 141.1 -2000 -0.320471 4461849 0.353272 203 0.071546 0.0000 0.001193 0.001470 0.005604 0.060093 -0.006181 -0.158523 40.2910759255 -218.9235248329 203.07155
J157 02DEC26 2002.9843 52634 1198 4 141.1 -2000 -0.321567 4461849 0.355596 203 0.072602 0.0000 0.001120 0.001419 0.005221 0.024641 -0.031775 -0.130963 40.2910759464 -218.9235248458 203.07260
J157 02DEC27 2002.9870 52635 1198 5 141.1 -2000 -0.316718 4461849 0.358609 203 0.067903 0.0000 0.001199 0.001508 0.005830 0.042068 -0.080824 -0.216990 40.2910759736 -218.9235247888 203.06790
J157 02DEC28 2002.9897 52636 1198 6 141.1 -2000 -0.320913 4461849 0.352201 203 0.073301 0.0000 0.001172 0.001453 0.005374 0.059754 -0.025463 -0.150045 40.2910759158 -218.9235248381 203.07330
J157 02DEC29 2002.9925 52637 1199 0 141.1 -2000 -0.323821 4461849 0.352683 203 0.085696 0.0000 0.001164 0.001458 0.005394 0.064476 -0.028310 -0.104459 40.2910759202 -218.9235248723 203.08570
J157 02DEC30 2002.9952 52638 1199 1 141.1 -2000 -0.318079 4461849 0.355382 203 0.075848 0.0000 0.001133 0.001424 0.005254 0.028204 -0.033483 -0.137736 40.2910759445 -218.9235248048 203.07585
J157 02DEC31 2002.9979 52639 1199 2 141.1 -2000 -0.319408 4461849 0.357279 203 0.086129 0.0000 0.001094 0.001400 0.005126 -0.003432 0.006087 -0.163922 40.2910759616 -218.9235248204 203.08613
J157 03JAN01 2003.0007 52640 1199 3 141.1 -2000 -0.320154 4461849 0.355540 203 0.084537 0.0000 0.001145 0.001476 0.005394 -0.010526 0.008583 -0.177584 40.2910759459 -218.9235248292 203.08454
J157 03JAN02 2003.0034 52641 1199 4 141.1 -2000 -0.320603 4461849 0.353790 203 0.084213 0.0000 0.001160 0.001459 0.005343 -0.027416 0.047344 -0.132826 40.2910759302 -218.9235248345 203.08421
J157 03JAN03 2003.0062 52642 1199 5 141.1 -2000 -0.314557 4461849 0.360174 203 0.077088 0.0000 0.001161 0.001495 0.005363 -0.018075 0.063041 -0.065507 40.2910759877 -218.9235247634 203.07709
J157 03JAN04 2003.0089 52643 1199 6 141.1 -2000 -0.325070 4461849 0.350927 203 0.088287 0.0000 0.001171 0.001509 0.005479 -0.015966 0.052312 -0.144445 40.2910759044 -218.9235248870 203.08829
J157 03JAN05 2003.0116 52644 1200 0 141.1 -2000 -0.321107 4461849 0.349544 203 0.074277 0.0000 0.001192 0.001506 0.005565 -0.016996 0.066084 -0.138719 40.2910758919 -218.9235248404 203.07428
J157 03JAN06 2003.0144 52645 1200 1 141.1 -2000 -0.318645 4461849 0.352431 203 0.085337 0.0000 0.001152 0.001473 0.005397 0.040454 0.009557 -0.108408 40.2910759179 -218.9235248115 203.08534
J157 03JAN07 2003.0171 52646 1200 2 141.1 -2000 -0.324018 4461849 0.351352 203 0.089186 0.0000 0.001138 0.001459 0.005293 -0.028493 0.085087 -0.078378 40.2910759082 -218.9235248746 203.08919
J157 03JAN08 2003.0198 52647 1200 3 141.1 -2000 -0.324031 4461849 0.348160 203 0.090505 0.0000 0.001105 0.001430 0.005198 -0.029395 0.049934 -0.165685 40.2910758795 -218.9235248748 203.09051
J157 03JAN09 2003.0226 52648 1200 4 141.1 -2000 -0.322762 4461849 0.351661 203 0.098373 0.0000 0.001140 0.001483 0.005458 -0.034028 0.028395 -0.154604 40.2910759110 -218.9235248599 203.09837
J157 03JAN10 2003.0253 52649 1200 5 141.1 -2000 -0.318738 4461849 0.351908 203 0.095812 0.0000 0.001136 0.001472 0.005375 -0.015180 0.025007 -0.116532 40.2910759132 -218.9235248125 203.09581
J157 03JAN11 2003.0281 52650 1200 6 141.1 -2000 -0.324998 4461849 0.352040 203 0.087513 0.0000 0.001131 0.001470 0.005346 -0.024868 0.053602 -0.090248 40.2910759144 -218.9235248862 203.08751
J157 03JAN12 2003.0308 52651 1201 0 141.1 -2000 -0.321535 4461849 0.352313 203 0.083983 0.0000 0.001132 0.001434 0.005298 -0.032165 0.073577 -0.157128 40.2910759169 -218.9235248454 203.08398
J157 03JAN13 2003.0335 52652 1201 1 141.1 -2000 -0.321504 4461849 0.347838 203 0.086357 0.0000 0.001118 0.001429 0.005264 -0.002657 -0.019912 -0.131991 40.2910758766 -218.9235248451 203.08636
J157 03JAN14 2003.0363 52653 1201 2 141.1 -2000 -0.322058 4461849 0.350161 203 0.095859 0.0000 0.001122 0.001445 0.005328 -0.017826 0.034940 -0.158234 40.2910758975 -218.9235248516 203.09586
J157 03JAN15 2003.0390 52654 1201 3 141.1 -2000 -0.322189 4461849 0.350691 203 0.090349 0.0000 0.001128 0.001436 0.005293 -0.040908 0.074275 -0.139000 40.2910759023 -218.9235248531 203.09035
J157 03JAN16 2003.0418 52655 1201 4 141.1 -2000 -0.321034 4461849 0.352959 203 0.080781 0.0000 0.001124 0.001456 0.005273 -0.010722 0.068228 -0.110505 40.2910759227 -218.9235248396 203.08078
J157 03JAN17 2003.0445 52656 1201 5 141.1 -2000 -0.322338 4461849 0.351184 203 0.080273 0.0000 0.001105 0.001460 0.005166 -0.018977 0.073542 -0.088250 40.2910759067 -218.9235248549 203.08027
J157 03JAN18 2003.0472 52657 1201 6 141.1 -2000 -0.322072 4461849 0.352324 203 0.093431 0.0000 0.001093 0.001426 0.005131 -0.014218 0.012659 -0.107581 40.2910759170 -218.9235248518 203.09343
J157 03JAN19 2003.0500 52658 1202 0 141.1 -2000 -0.321292 4461849 0.349896 203 0.100461 0.0000 0.001170 0.001481 0.005564 -0.015532 0.002319 -0.161815 40.2910758951 -218.9235248426 203.10046
J157 03JAN20 2003.0527 52659 1202 1 141.1 -2000 -0.322488 4461849 0.349352 203 0.096050 0.0000 0.001107 0.001417 0.005187 -0.036331 0.038111 -0.140394 40.2910758902 -218.9235248566 203.09605
J157 03JAN21 2003.0554 52660 1202 2 141.1 -2000 -0.322120 4461849 0.350622 203 0.076922 0.0000 0.001155 0.001443 0.005371 0.003441 0.105665 -0.137965 40.2910759016 -218.9235248523 203.07692
J157 03JAN22 2003.0582 52661 1202 3 141.1 -2000 -0.319806 4461849 0.351467 203 0.089906 0.0000 0.001101 0.001427 0.005119 -0.008748 0.000192 -0.077182 40.2910759092 -218.9235248251 203.08991
J157 03JAN23 2003.0609 52662 1202 4 141.1 -2000 -0.323651 4461849 0.350173 203 0.079318 0.0000 0.001114 0.001468 0.005320 -0.006191 0.047384 -0.098089 40.2910758976 -218.9235248703 203.07932
J157 03JAN24 2003.0637 52663 1202 5 141.1 -2000 -0.325268 4461849 0.352303 203 0.089653 0.0000 0.001140 0.001471 0.005471 -0.018107 0.040089 -0.109666 40.2910759168 -218.9235248893 203.08965
J157 03JAN25 2003.0664 52664 1202 6 141.1 -2000 -0.325872 4461849 0.350994 203 0.080895 0.0000 0.001135 0.001440 0.005284 -0.024350 0.080367 -0.143323 40.2910759050 -218.9235248964 203.08090
J157 03JAN26 2003.0691 52665 1203 0 141.1 -2000 -0.323354 4461849 0.348658 203 0.087390 0.0000 0.001148 0.001457 0.005413 -0.026875 0.057176 -0.174972 40.2910758839 -218.9235248668 203.08739
J157 03JAN27 2003.0719 52666 1203 1 141.1 -2000 -0.318734 4461849 0.353357 203 0.092755 0.0000 0.001154 0.001453 0.005340 -0.001396 0.068431 -0.115718 40.2910759263 -218.9235248125 203.09275
J157 03JAN28 2003.0746 52667 1203 2 141.1 -2000 -0.330713 4461849 0.344512 203 0.105844 0.0000 0.001160 0.001463 0.005388 -0.022322 0.073688 -0.123430 40.2910758466 -218.9235249534 203.10584
J157 03JAN29 2003.0773 52668 1203 3 141.1 -2000 -0.324570 4461849 0.344876 203 0.096676 0.0000 0.001110 0.001471 0.005259 -0.012031 0.029724 -0.119834 40.2910758499 -218.9235248811 203.09668
J157 03JAN30 2003.0801 52669 1203 4 141.1 -2000 -0.320629 4461849 0.348313 203 0.085326 0.0000 0.001150 0.001458 0.005426 -0.092110 0.101748 -0.156927 40.2910758808 -218.9235248348 203.08533
J157 03JAN31 2003.0828 52670 1203 5 141.1 -2000 -0.326472 4461849 0.343041 203 0.086431 0.0000 0.001122 0.001426 0.005264 -0.065957 0.106533 -0.172279 40.2910758334 -218.9235249035 203.08643
J157 03FEB01 2003.0856 52671 1203 6 141.1 -2000 -0.323281 4461849 0.347725 203 0.082798 0.0000 0.001180 0.001522 0.005542 0.024374 0.064574 -0.116720 40.2910758755 -218.9235248660 203.08280
J157 03FEB02 2003.0883 52672 1204 0 141.1 -2000 -0.323596 4461849 0.345991 203 0.085743 0.0000 0.001119 0.001431 0.005307 -0.050294 0.064028 -0.188666 40.2910758599 -218.9235248697 203.08574
J157 03FEB03 2003.0910 52673 1204 1 141.1 -2000 -0.323156 4461849 0.345489 203 0.080540 0.0000 0.001157 0.001564 0.005819 0.008879 0.012217 -0.176645 40.2910758554 -218.9235248645 203.08054
J157 03FEB04 2003.0938 52674 1204 2 141.1 -2000 -0.323844 4461849 0.348551 203 0.081919 0.0000 0.001138 0.001437 0.005327 0.000501 0.063649 -0.146952 40.2910758830 -218.9235248726 203.08192
J157 03FEB05 2003.0965 52675 1204 3 141.1 -2000 -0.323101 4461849 0.347608 203 0.094092 0.0000 0.001137 0.001437 0.005361 -0.021767 0.072517 -0.162358 40.2910758745 -218.9235248638 203.09409
J157 03FEB06 2003.0992 52676 1204 4 141.1 -2000 -0.324049 4461849 0.348833 203 0.098150 0.0000 0.001184 0.001485 0.005638 -0.006075 0.064320 -0.167812 40.2910758855 -218.9235248750 203.09815
J157 03FEB07 2003.1020 52677 1204 5 141.1 -2000 -0.323969 4461849 0.347979 203 0.089302 0.0000 0.001161 0.001509 0.005503 -0.008409 0.037120 -0.169814 40.2910758778 -218.9235248741 203.08930
J157 03FEB08 2003.1047 52678 1204 6 141.1 -2000 -0.322377 4461849 0.350977 203 0.088856 0.0000 0.001136 0.001443 0.005344 -0.071087 0.079295 -0.168228 40.2910759048 -218.9235248553 203.08886
J157 03FEB09 2003.1075 52679 1205 0 141.1 -2000 -0.322180 4461849 0.346076 203 0.090676 0.0000 0.001176 0.001482 0.005730 -0.003503 0.028582 -0.183310 40.2910758607 -218.9235248530 203.09068
J157 03FEB10 2003.1102 52680 1205 1 141.1 -2000 -0.324789 4461849 0.345844 203 0.088243 0.0000 0.001198 0.001519 0.005806 -0.040113 0.064240 -0.197196 40.2910758586 -218.9235248837 203.08824
J157 03FEB11 2003.1129 52681 1205 2 141.1 -2000 -0.323129 4461849 0.347223 203 0.082157 0.0000 0.001213 0.001504 0.005766 -0.026404 0.069752 -0.174199 40.2910758710 -218.9235248642 203.08216
J157 03FEB12 2003.1157 52682 1205 3 141.1 -2000 -0.321018 4461849 0.352178 203 0.090307 0.0000 0.001176 0.001468 0.005642 -0.017137 0.023295 -0.230367 40.2910759156 -218.9235248394 203.09031
J157 03FEB13 2003.1184 52683 1205 4 141.1 -2000 -0.323736 4461849 0.343641 203 0.084005 0.0000 0.001178 0.001524 0.005555 -0.049278 0.059381 -0.126014 40.2910758388 -218.9235248713 203.08401
J157 03FEB14 2003.1211 52684 1205 5 141.1 -2000 -0.327066 4461849 0.343746 203 0.088664 0.0000 0.001126 0.001465 0.005456 -0.074029 0.094910 -0.206239 40.2910758397 -218.9235249105 203.08866
J157 03FEB15 2003.1239 52685 1205 6 141.1 -2000 -0.323850 4461849 0.343114 203 0.094082 0.0000 0.001143 0.001479 0.005465 0.002822 0.085328 -0.138409 40.2910758340 -218.9235248726 203.09408
J157 03FEB16 2003.1266 52686 1206 0 141.1 -2000 -0.324691 4461849 0.342692 203 0.098955 0.0000 0.001126 0.001426 0.005376 -0.048551 0.110145 -0.187383 40.2910758302 -218.9235248825 203.09896
J157 03FEB17 2003.1294 52687 1206 1 141.1 -2000 -0.326206 4461849 0.346569 203 0.085457 0.0000 0.001175 0.001514 0.005582 0.019379 0.096950 -0.174107 40.2910758651 -218.9235249004 203.08546
J157 03FEB18 2003.1321 52688 1206 2 141.1 -2000 -0.322279 4461849 0.346367 203 0.088533 0.0000 0.001121 0.001477 0.005388 -0.050230 0.072752 -0.191429 40.2910758633 -218.9235248542 203.08853
J157 03FEB19 2003.1348 52689 1206 3 141.1 -2000 -0.321665 4461849 0.346072 203 0.087550 0.0000 0.001156 0.001509 0.005397 -0.021452 0.083898 -0.172029 40.2910758607 -218.9235248470 203.08755
J157 03FEB20 2003.1376 52690 1206 4 141.1 -2000 -0.318664 4461849 0.346984 203 0.089368 0.0000 0.001087 0.001427 0.005207 -0.056410 0.046095 -0.168335 40.2910758689 -218.9235248117 203.08937
J157 03FEB21 2003.1403 52691 1206 5 141.1 -2000 -0.321955 4461849 0.347102 203 0.081679 0.0000 0.001082 0.001389 0.005216 -0.044890 0.032386 -0.195662 40.2910758699 -218.9235248504 203.08168
J157 03FEB22 2003.1431 52692 1206 6 141.1 -2000 -0.324324 4461849 0.346308 203 0.092186 0.0000 0.001105 0.001413 0.005234 -0.026165 0.037085 -0.200617 40.2910758628 -218.9235248782 203.09219
J157 03FEB23 2003.1458 52693 1207 0 141.1 -2000 -0.322550 4461849 0.348014 203 0.094620 0.0000 0.001076 0.001431 0.005142 -0.069907 0.034318 -0.177028 40.2910758781 -218.9235248574 203.09462
J157 03FEB24 2003.1485 52694 1207 1 141.1 -2000 -0.323862 4461849 0.348059 203 0.092261 0.0000 0.001106 0.001430 0.005346 -0.029770 0.065076 -0.205383 40.2910758785 -218.9235248728 203.09226
J157 03FEB25 2003.1513 52695 1207 2 141.1 -2000 -0.322936 4461849 0.346085 203 0.090717 0.0000 0.001102 0.001443 0.005340 -0.037766 0.075564 -0.187867 40.2910758608 -218.9235248619 203.09072
J157 03FEB26 2003.1540 52696 1207 3 141.1 -2000 -0.325354 4461849 0.345348 203 0.085521 0.0000 0.001088 0.001406 0.005247 -0.069550 0.066133 -0.193114 40.2910758541 -218.9235248903 203.08552
J157 03FEB27 2003.1567 52697 1207 4 141.1 -2000 -0.325274 4461849 0.346389 203 0.093664 0.0000 0.001155 0.001477 0.005566 -0.026186 0.038099 -0.260494 40.2910758635 -218.9235248894 203.09366
J157 03FEB28 2003.1595 52698 1207 5 141.1 -2000 -0.324836 4461849 0.345271 203 0.095592 0.0000 0.001107 0.001408 0.005213 -0.026463 0.037197 -0.191274 40.2910758534 -218.9235248842 203.09559
J157 03MAR01 2003.1622 52699 1207 6 141.1 -2000 -0.322601 4461849 0.344036 203 0.096354 0.0000 0.001171 0.001494 0.005534 -0.052288 0.088658 -0.214010 40.2910758423 -218.9235248580 203.09635
J157 03MAR02 2003.1650 52700 1208 0 141.1 -2000 -0.323643 4461849 0.347642 203 0.094322 0.0000 0.001164 0.001472 0.005557 -0.118166 0.059163 -0.205819 40.2910758748 -218.9235248702 203.09432
J157 03MAR03 2003.1677 52701 1208 1 141.1 -2000 -0.326810 4461849 0.343112 203 0.084826 0.0000 0.001138 0.001482 0.005605 -0.012773 0.083357 -0.234656 40.2910758340 -218.9235249075 203.08483
J157 03MAR04 2003.1704 52702 1208 2 141.1 -2000 -0.323389 4461849 0.345362 203 0.068940 0.0000 0.001164 0.001450 0.005568 -0.028573 0.110922 -0.179529 40.2910758543 -218.9235248672 203.06894
J157 03MAR05 2003.1732 52703 1208 3 141.1 -2000 -0.322948 4461849 0.345347 203 0.091038 0.0000 0.001154 0.001454 0.005579 -0.081942 0.134072 -0.192377 40.2910758541 -218.9235248620 203.09104
J157 03MAR06 2003.1759 52704 1208 4 141.1 -2000 -0.322881 4461849 0.346542 203 0.087526 0.0000 0.001107 0.001432 0.005340 0.014033 0.022960 -0.206909 40.2910758649 -218.9235248613 203.08753
J157 03MAR07 2003.1786 52705 1208 5 141.1 -2000 -0.306017 4461849 0.357136 203 0.071780 0.0000 0.001613 0.001982 0.006853 -0.074615 0.026814 -0.120595 40.2910759603 -218.9235246630 203.07178
J157 03MAR08 2003.1814 52706 1208 6 141.1 -2000 -0.320011 4461849 0.349585 203 0.061183 0.0000 0.000830 0.001087 0.003699 -0.044805 0.092409 -0.124115 40.2910758923 -218.9235248275 203.06118
J157 03MAR09 2003.1841 52707 1209 0 141.1 -2000 -0.324405 4461849 0.349776 203 0.056339 0.0000 0.000787 0.001061 0.003531 -0.036419 0.115941 -0.148142 40.2910758940 -218.9235248792 203.05634
J157 03MAR10 2003.1869 52708 1209 1 141.1 -2000 -0.324571 4461849 0.349283 203 0.063542 0.0000 0.000786 0.001058 0.003483 -0.055527 0.108597 -0.120955 40.2910758896 -218.9235248811 203.06354
J157 03MAR11 2003.1896 52709 1209 2 141.1 -2000 -0.323900 4461849 0.349038 203 0.061482 0.0000 0.000806 0.001096 0.003698 -0.044078 0.130568 -0.160837 40.2910758874 -218.9235248732 203.06148
J157 03MAR12 2003.1923 52710 1209 3 141.1 -2000 -0.324537 4461849 0.347984 203 0.063275 0.0000 0.000831 0.001089 0.003799 -0.074358 0.147630 -0.164443 40.2910758779 -218.9235248807 203.06328
J157 03MAR13 2003.1951 52711 1209 4 141.1 -2000 -0.326731 4461849 0.346497 203 0.063370 0.0000 0.000800 0.001074 0.003511 -0.073808 0.159948 -0.139873 40.2910758645 -218.9235249065 203.06337
J157 03MAR14 2003.1978 52712 1209 5 141.1 -2000 -0.326401 4461849 0.348334 203 0.070842 0.0000 0.000828 0.001107 0.003651 -0.113028 0.087380 -0.043959 40.2910758810 -218.9235249027 203.07084
J157 03MAR15 2003.2005 52713 1209 6 141.1 -2000 -0.322602 4461849 0.346090 203 0.073805 0.0000 0.000846 0.001102 0.003789 -0.039315 0.137652 -0.120833 40.2910758608 -218.9235248580 203.07380
J157 03MAR16 2003.2033 52714 1210 0 141.1 -2000 -0.323951 4461849 0.346726 203 0.070274 0.0000 0.000843 0.001101 0.003866 -0.083706 0.149526 -0.193938 40.2910758665 -218.9235248738 203.07027
J157 03MAR17 2003.2060 52715 1210 1 141.1 -2000 -0.324661 4461849 0.347782 203 0.065333 0.0000 0.000853 0.001159 0.003869 -0.020592 0.120485 -0.125445 40.2910758761 -218.9235248822 203.06533
J157 03MAR18 2003.2088 52716 1210 2 141.1 -2000 -0.325440 4461849 0.345996 203 0.071582 0.0000 0.000849 0.001127 0.003939 -0.019652 0.163834 -0.207115 40.2910758600 -218.9235248913 203.07158
J157 03MAR19 2003.2115 52717 1210 3 141.1 -2000 -0.325252 4461849 0.348081 203 0.065578 0.0000 0.000796 0.001091 0.003591 -0.062353 0.080848 -0.170917 40.2910758787 -218.9235248891 203.06558
J157 03MAR20 2003.2142 52718 1210 4 141.1 -2000 -0.323747 4461849 0.346654 203 0.057928 0.0000 0.000810 0.001107 0.003605 -0.011695 0.064270 -0.178911 40.2910758659 -218.9235248714 203.05793
J157 03MAR21 2003.2170 52719 1210 5 141.1 -2000 -0.325236 4461849 0.346471 203 0.055553 0.0000 0.000808 0.001074 0.003598 -0.085438 0.124743 -0.133193 40.2910758642 -218.9235248890 203.05555
J157 03MAR22 2003.2197 52720 1210 6 141.1 -2000 -0.322219 4461849 0.345677 203 0.073642 0.0000 0.000848 0.001123 0.003816 -0.073408 0.169756 -0.179623 40.2910758571 -218.9235248535 203.07364
J157 03MAR23 2003.2225 52721 1211 0 141.1 -2000 -0.321420 4461849 0.347637 203 0.066108 0.0000 0.000803 0.001082 0.003663 -0.043309 0.069861 -0.195893 40.2910758747 -218.9235248441 203.06611
J157 03MAR24 2003.2252 52722 1211 1 141.1 -2000 -0.322260 4461849 0.347368 203 0.064168 0.0000 0.000821 0.001106 0.003643 -0.052820 0.107336 -0.039519 40.2910758723 -218.9235248540 203.06417
J157 03MAR25 2003.2279 52723 1211 2 141.1 -2000 -0.324328 4461849 0.346299 203 0.068533 0.0000 0.000845 0.001123 0.003874 -0.102798 0.175836 -0.153125 40.2910758627 -218.9235248783 203.06853
J157 03MAR26 2003.2307 52724 1211 3 141.1 -2000 -0.323350 4461849 0.346316 203 0.062999 0.0000 0.000809 0.001097 0.003632 -0.047746 0.088900 -0.154882 40.2910758628 -218.9235248668 203.06300
J157 03MAR27 2003.2334 52725 1211 4 141.1 -2000 -0.328228 4461849 0.345156 203 0.067340 0.0000 0.000864 0.001160 0.003946 -0.085221 0.139549 -0.139900 40.2910758524 -218.9235249241 203.06734
J157 03MAR28 2003.2361 52726 1211 5 141.1 -2000 -0.325738 4461849 0.346308 203 0.062917 0.0000 0.000877 0.001150 0.004077 -0.015540 0.050285 -0.184524 40.2910758628 -218.9235248949 203.06292
J157 03MAR29 2003.2389 52727 1211 6 141.1 -2000 -0.327919 4461849 0.346327 203 0.073369 0.0000 0.000850 0.001134 0.003844 -0.080003 0.174577 -0.156917 40.2910758630 -218.9235249205 203.07337
J157 03MAR30 2003.2416 52728 1212 0 141.1 -2000 -0.323930 4461849 0.346878 203 0.070947 0.0000 0.000830 0.001076 0.003754 -0.082352 0.163408 -0.168695 40.2910758679 -218.9235248736 203.07095
J157 03MAR31 2003.2444 52729 1212 1 141.1 -2000 -0.325115 4461849 0.347366 203 0.064947 0.0000 0.000839 0.001135 0.003910 -0.062040 0.146627 -0.222800 40.2910758723 -218.9235248875 203.06495
J157 03APR01 2003.2471 52730 1212 2 141.1 -2000 -0.326650 4461849 0.348278 203 0.069382 0.0000 0.000831 0.001100 0.003710 -0.075180 0.118194 -0.170908 40.2910758805 -218.9235249056 203.06938
J157 03APR02 2003.2498 52731 1212 3 141.1 -2000 -0.325791 4461849 0.346174 203 0.063507 0.0000 0.000817 0.001101 0.003655 -0.100448 0.115447 -0.126895 40.2910758616 -218.9235248955 203.06351
J157 03APR03 2003.2526 52732 1212 4 141.1 -2000 -0.322472 4461849 0.346605 203 0.063413 0.0000 0.000819 0.001106 0.003703 -0.122336 0.147626 -0.131835 40.2910758654 -218.9235248564 203.06341
J157 03APR04 2003.2553 52733 1212 5 141.1 -2000 -0.325793 4461849 0.348980 203 0.066552 0.0000 0.000807 0.001099 0.003603 -0.097363 0.131926 -0.127210 40.2910758868 -218.9235248955 203.06655
J157 03APR05 2003.2580 52734 1212 6 141.1 -2000 -0.324239 4461849 0.347244 203 0.069652 0.0000 0.000808 0.001097 0.003697 -0.079008 0.109279 -0.147916 40.2910758712 -218.9235248772 203.06965
J157 03APR06 2003.2608 52735 1213 0 141.1 -2000 -0.327728 4461849 0.350336 203 0.063972 0.0000 0.000799 0.001060 0.003605 -0.050610 0.115320 -0.143084 40.2910758991 -218.9235249183 203.06397
J157 03APR07 2003.2635 52736 1213 1 141.1 -2000 -0.325195 4461849 0.347819 203 0.065417 0.0000 0.000798 0.001065 0.003597 -0.069061 0.112710 -0.118046 40.2910758764 -218.9235248885 203.06542
J157 03APR08 2003.2663 52737 1213 2 141.1 -2000 -0.324717 4461849 0.349882 203 0.074462 0.0000 0.000792 0.001056 0.003543 -0.089746 0.145824 -0.150758 40.2910758950 -218.9235248829 203.07446
J157 03APR09 2003.2690 52738 1213 3 141.1 -2000 -0.326995 4461849 0.348006 203 0.068908 0.0000 0.000793 0.001063 0.003507 -0.052209 0.104572 -0.181174 40.2910758781 -218.9235249096 203.06891
J157 03APR10 2003.2717 52739 1213 4 141.1 -2000 -0.323724 4461849 0.349849 203 0.058618 0.0000 0.000798 0.001056 0.003539 -0.046451 0.101462 -0.129780 40.2910758947 -218.9235248712 203.05862
J157 03APR11 2003.2745 52740 1213 5 141.1 -2000 -0.324327 4461849 0.348141 203 0.071062 0.0000 0.000791 0.001078 0.003563 -0.082301 0.106710 -0.185027 40.2910758793 -218.9235248783 203.07106
J157 03APR12 2003.2772 52741 1213 6 141.1 -2000 -0.326301 4461849 0.348673 203 0.067871 0.0000 0.000821 0.001065 0.003644 -0.076491 0.169178 -0.185330 40.2910758841 -218.9235249015 203.06787
J157 03APR13 2003.2799 52742 1214 0 141.1 -2000 -0.327607 4461849 0.348781 203 0.065418 0.0000 0.000832 0.001059 0.003743 -0.030850 0.106680 -0.180230 40.2910758850 -218.9235249168 203.06542
J157 03APR14 2003.2827 52743 1214 1 141.1 -2000 -0.324496 4461849 0.345755 203 0.071324 0.0000 0.000780 0.001037 0.003495 -0.060147 0.095630 -0.180536 40.2910758578 -218.9235248803 203.07132
J157 03APR15 2003.2854 52744 1214 2 141.1 -2000 -0.323737 4461849 0.348113 203 0.062703 0.0000 0.000774 0.001033 0.003490 -0.025324 0.061339 -0.183147 40.2910758790 -218.9235248713 203.06270
J157 03APR16 2003.2882 52745 1214 3 141.1 -2000 -0.325116 4461849 0.351166 203 0.072550 0.0000 0.000783 0.001061 0.003554 -0.063679 0.101985 -0.156223 40.2910759065 -218.9235248876 203.07255
J157 03APR17 2003.2909 52746 1214 4 141.1 -2000 -0.328233 4461849 0.348596 203 0.079340 0.0000 0.000842 0.001108 0.003904 -0.069786 0.148550 -0.194010 40.2910758834 -218.9235249242 203.07934
J157 03APR18 2003.2936 52747 1214 5 141.1 -2000 -0.324440 4461849 0.347352 203 0.081029 0.0000 0.000814 0.001072 0.003680 -0.070166 0.063399 -0.152016 40.2910758722 -218.9235248796 203.08103
J157 03APR19 2003.2964 52748 1214 6 141.1 -2000 -0.327571 4461849 0.347351 203 0.071154 0.0000 0.000803 0.001087 0.003662 -0.060695 0.109454 -0.127870 40.2910758722 -218.9235249164 203.07115
J157 03APR20 2003.2991 52749 1215 0 141.1 -2000 -0.323886 4461849 0.346693 203 0.082347 0.0000 0.000799 0.001047 0.003577 -0.095599 0.169569 -0.153041 40.2910758662 -218.9235248731 203.08235
J157 03APR21 2003.3018 52750 1215 1 141.1 -2000 -0.326418 4461849 0.347996 203 0.069180 0.0000 0.000769 0.001048 0.003508 -0.051875 0.059890 -0.189975 40.2910758780 -218.9235249029 203.06918
J157 03APR22 2003.3046 52751 1215 2 141.1 -2000 -0.326399 4461849 0.348321 203 0.073874 0.0000 0.000781 0.001087 0.003528 -0.107606 0.071774 -0.154214 40.2910758809 -218.9235249026 203.07387
J157 03APR23 2003.3073 52752 1215 3 141.1 -2000 -0.326240 4461849 0.348295 203 0.077099 0.0000 0.000806 0.001095 0.003620 -0.150524 0.152924 -0.117814 40.2910758807 -218.9235249008 203.07710
J157 03APR24 2003.3101 52753 1215 4 141.1 -2000 -0.322160 4461849 0.348331 203 0.070701 0.0000 0.000773 0.001049 0.003444 -0.044806 0.059963 -0.129302 40.2910758810 -218.9235248528 203.07070
J157 03APR25 2003.3128 52754 1215 5 141.1 -2000 -0.324484 4461849 0.348702 203 0.074658 0.0000 0.000778 0.001060 0.003541 -0.064111 0.052445 -0.125490 40.2910758843 -218.9235248801 203.07466
J157 03APR26 2003.3155 52755 1215 6 141.1 -2000 -0.324750 4461849 0.348168 203 0.077155 0.0000 0.000842 0.001120 0.003756 -0.084178 0.110703 -0.201550 40.2910758795 -218.9235248832 203.07716
J157 03APR27 2003.3183 52756 1216 0 141.1 -2000 -0.325709 4461849 0.348988 203 0.074050 0.0000 0.000789 0.001032 0.003505 -0.030700 0.093120 -0.116891 40.2910758869 -218.9235248945 203.07405
J157 03APR28 2003.3210 52757 1216 1 141.1 -2000 -0.324273 4461849 0.348391 203 0.076176 0.0000 0.000794 0.001075 0.003573 -0.100990 0.171917 -0.132175 40.2910758815 -218.9235248776 203.07618
J157 03APR29 2003.3238 52758 1216 2 141.1 -2000 -0.326120 4461849 0.346765 203 0.077478 0.0000 0.000820 0.001066 0.003729 -0.101086 0.152664 -0.119148 40.2910758669 -218.9235248993 203.07748
J157 03APR30 2003.3265 52759 1216 3 141.1 -2000 -0.326839 4461849 0.348500 203 0.076839 0.0000 0.000803 0.001090 0.003578 -0.054632 0.047257 -0.112124 40.2910758825 -218.9235249078 203.07684
J157 03MAY01 2003.3292 52760 1216 4 141.1 -2000 -0.326739 4461849 0.348584 203 0.081641 0.0000 0.000789 0.001105 0.003660 -0.043638 -0.000798 -0.161693 40.2910758833 -218.9235249066 203.08164
J157 03MAY02 2003.3320 52761 1216 5 141.1 -2000 -0.322625 4461849 0.348960 203 0.070112 0.0000 0.000789 0.001113 0.003659 -0.025302 0.052060 -0.161311 40.2910758867 -218.9235248583 203.07011
J157 03MAY03 2003.3347 52762 1216 6 141.1 -2000 -0.323337 4461849 0.349452 203 0.084596 0.0000 0.000820 0.001072 0.003814 -0.053346 0.194515 -0.095796 40.2910758911 -218.9235248666 203.08460
J157 03MAY04 2003.3374 52763 1217 0 141.1 -2000 -0.325454 4461849 0.348313 203 0.072385 0.0000 0.000828 0.001098 0.003800 -0.079713 0.028006 -0.163516 40.2910758808 -218.9235248915 203.07239
J157 03MAY05 2003.3402 52764 1217 1 141.1 -2000 -0.326522 4461849 0.348031 203 0.081726 0.0000 0.000811 0.001137 0.003771 -0.074927 0.077655 -0.105562 40.2910758783 -218.9235249041 203.08173
J157 03MAY06 2003.3429 52765 1217 2 141.1 -2000 -0.325335 4461849 0.349089 203 0.071364 0.0000 0.000768 0.001049 0.003489 -0.057550 0.026359 -0.143452 40.2910758878 -218.9235248901 203.07136
J157 03MAY07 2003.3457 52766 1217 3 141.1 -2000 -0.328102 4461849 0.345299 203 0.079346 0.0000 0.000808 0.001053 0.003651 -0.031541 0.038303 -0.112036 40.2910758537 -218.9235249227 203.07935
J157 03MAY08 2003.3484 52767 1217 4 141.1 -2000 -0.329441 4461849 0.348245 203 0.078811 0.0000 0.000793 0.001081 0.003546 -0.016032 0.023952 -0.116458 40.2910758802 -218.9235249384 203.07881
J157 03MAY09 2003.3511 52768 1217 5 141.1 -2000 -0.326490 4461849 0.349943 203 0.073929 0.0000 0.000790 0.001078 0.003518 -0.056209 0.081920 -0.065834 40.2910758955 -218.9235249037 203.07393
J157 03MAY10 2003.3539 52769 1217 6 141.1 -2000 -0.325959 4461849 0.347297 203 0.064734 0.0000 0.000793 0.001094 0.003579 -0.064787 0.018537 -0.172534 40.2910758717 -218.9235248975 203.06473
J157 03MAY11 2003.3566 52770 1218 0 141.1 -2000 -0.324600 4461849 0.347063 203 0.060417 0.0000 0.000772 0.001077 0.003519 -0.043991 0.058053 -0.115195 40.2910758696 -218.9235248815 203.06042
J157 03MAY12 2003.3593 52771 1218 1 141.1 -2000 -0.326498 4461849 0.345592 203 0.068222 0.0000 0.000775 0.001049 0.003483 -0.037933 0.020384 -0.149498 40.2910758563 -218.9235249038 203.06822
J157 03MAY13 2003.3621 52772 1218 2 141.1 -2000 -0.324765 4461849 0.344779 203 0.054368 0.0000 0.000802 0.001082 0.003661 -0.042367 0.004148 -0.102938 40.2910758490 -218.9235248834 203.05437
J157 03MAY14 2003.3648 52773 1218 3 141.1 -2000 -0.326684 4461849 0.346862 203 0.075098 0.0000 0.000800 0.001055 0.003621 -0.051870 0.066537 -0.146757 40.2910758678 -218.9235249060 203.07510
J157 03MAY15 2003.3676 52774 1218 4 141.1 -2000 -0.326554 4461849 0.347573 203 0.068107 0.0000 0.000774 0.001041 0.003401 -0.054748 0.050723 -0.122994 40.2910758742 -218.9235249045 203.06811
J157 03MAY16 2003.3703 52775 1218 5 141.1 -2000 -0.326541 4461849 0.346951 203 0.072572 0.0000 0.000784 0.001044 0.003478 -0.045062 0.052031 -0.073978 40.2910758686 -218.9235249043 203.07257
J157 03MAY17 2003.3730 52776 1218 6 141.1 -2000 -0.323800 4461849 0.346602 203 0.066195 0.0000 0.000805 0.001065 0.003554 -0.038182 0.070923 -0.108933 40.2910758654 -218.9235248721 203.06619
J157 03MAY18 2003.3758 52777 1219 0 141.1 -2000 -0.325171 4461849 0.346231 203 0.065113 0.0000 0.000796 0.001082 0.003643 -0.048276 0.048395 -0.077284 40.2910758621 -218.9235248882 203.06511
J157 03MAY19 2003.3785 52778 1219 1 141.1 -2000 -0.324263 4461849 0.347000 203 0.080300 0.0000 0.000801 0.001067 0.003572 -0.087135 0.053887 -0.096861 40.2910758690 -218.9235248775 203.08030
J157 03MAY20 2003.3812 52779 1219 2 141.1 -2000 -0.324830 4461849 0.344648 203 0.062680 0.0000 0.000795 0.001063 0.003540 -0.073555 0.101819 -0.131556 40.2910758478 -218.9235248842 203.06268
J157 03MAY21 2003.3840 52780 1219 3 141.1 -2000 -0.324259 4461849 0.348086 203 0.066635 0.0000 0.000801 0.001067 0.003533 -0.074450 0.092115 -0.088419 40.2910758788 -218.9235248775 203.06663
J157 03MAY22 2003.3867 52781 1219 4 141.1 -2000 -0.326125 4461849 0.346359 203 0.063396 0.0000 0.000796 0.001079 0.003545 -0.052419 0.039268 -0.084319 40.2910758632 -218.9235248994 203.06340
J157 03MAY23 2003.3895 52782 1219 5 141.1 -2000 -0.325714 4461849 0.345565 203 0.064137 0.0000 0.000790 0.001074 0.003527 -0.064062 0.042893 -0.080820 40.2910758561 -218.9235248946 203.06414
J157 03MAY24 2003.3922 52783 1219 6 141.1 -2000 -0.326158 4461849 0.356024 203 0.084590 0.0000 0.000904 0.001173 0.004066 -0.037312 0.031173 -0.108363 40.2910759503 -218.9235248998 203.08459
J157 03MAY25 2003.3949 52784 1220 0 141.1 -2000 -0.328537 4461849 0.356246 203 0.085354 0.0000 0.000778 0.001062 0.003513 -0.086946 0.020918 -0.116470 40.2910759523 -218.9235249278 203.08535
J157 03MAY26 2003.3977 52785 1220 1 141.1 -2000 -0.327721 4461849 0.358633 203 0.090158 0.0000 0.000788 0.001061 0.003531 -0.102697 0.123878 -0.137896 40.2910759738 -218.9235249182 203.09016
J157 03MAY27 2003.4004 52786 1220 2 141.1 -2000 -0.327591 4461849 0.358852 203 0.092077 0.0000 0.000839 0.001123 0.003829 -0.084926 0.064629 -0.140862 40.2910759757 -218.9235249167 203.09208
J157 03MAY28 2003.4031 52787 1220 3 141.1 -2000 -0.328285 4461849 0.357266 203 0.087817 0.0000 0.000897 0.001199 0.004203 -0.066751 0.109720 -0.136815 40.2910759615 -218.9235249248 203.08782
J157 03MAY29 2003.4059 52788 1220 4 141.1 -2000 -0.326942 4461849 0.360702 203 0.088237 0.0000 0.000837 0.001099 0.003830 -0.020428 0.090758 -0.160572 40.2910759924 -218.9235249091 203.08824
J157 03MAY30 2003.4086 52789 1220 5 141.1 -2000 -0.326812 4461849 0.359469 203 0.085889 0.0000 0.000836 0.001124 0.003765 -0.065773 0.051514 -0.101001 40.2910759813 -218.9235249075 203.08589
J157 03MAY31 2003.4114 52790 1220 6 141.1 -2000 -0.328404 4461849 0.361748 203 0.095091 0.0000 0.000816 0.001094 0.003658 -0.042607 0.076515 -0.080489 40.2910760018 -218.9235249263 203.09509
J157 03JUN01 2003.4141 52791 1221 0 141.1 -2000 -0.327254 4461849 0.360152 203 0.096494 0.0000 0.000830 0.001143 0.003797 -0.081882 0.046367 -0.071342 40.2910759875 -218.9235249127 203.09649
J157 03JUN02 2003.4168 52792 1221 1 141.1 -2000 -0.330569 4461849 0.357803 203 0.097377 0.0000 0.000846 0.001077 0.003693 -0.003944 0.109922 -0.124338 40.2910759663 -218.9235249517 203.09738
J157 03JUN03 2003.4196 52793 1221 2 141.1 -2000 -0.328782 4461849 0.361332 203 0.092702 0.0000 0.000829 0.001090 0.003722 -0.074805 0.078605 -0.107807 40.2910759981 -218.9235249307 203.09270
J157 03JUN04 2003.4223 52794 1221 3 141.1 -2000 -0.326473 4461849 0.359562 203 0.097432 0.0000 0.000820 0.001118 0.003756 -0.106281 0.110603 -0.123752 40.2910759821 -218.9235249035 203.09743
J157 03JUN05 2003.4251 52795 1221 4 141.1 -2000 -0.330085 4461849 0.359261 203 0.090350 0.0000 0.000831 0.001139 0.003704 -0.059074 0.077768 -0.025299 40.2910759794 -218.9235249460 203.09035
J157 03JUN06 2003.4278 52796 1221 5 141.1 -2000 -0.327928 4461849 0.357008 203 0.089089 0.0000 0.000820 0.001104 0.003766 -0.054407 0.127912 -0.130776 40.2910759591 -218.9235249206 203.08909
J157 03JUN07 2003.4305 52797 1221 6 141.1 -2000 -0.326647 4461849 0.358939 203 0.095981 0.0000 0.000787 0.001043 0.003480 -0.047723 0.048893 -0.156437 40.2910759765 -218.9235249056 203.09598
J157 03JUN08 2003.4333 52798 1222 0 141.1 -2000 -0.327658 4461849 0.358946 203 0.094123 0.0000 0.000793 0.001070 0.003593 -0.065672 0.091704 -0.126168 40.2910759766 -218.9235249175 203.09412
J157 03JUN09 2003.4360 52799 1222 1 141.1 -2000 -0.327901 4461849 0.360219 203 0.086474 0.0000 0.000864 0.001138 0.003866 -0.078971 0.117056 -0.094618 40.2910759881 -218.9235249203 203.08647
J157 03JUN10 2003.4387 52800 1222 2 141.1 -2000 -0.327824 4461849 0.358759 203 0.089581 0.0000 0.000835 0.001097 0.003800 -0.005496 0.114524 -0.044379 40.2910759749 -218.9235249194 203.08958
J157 03JUN11 2003.4415 52801 1222 3 141.1 -2000 -0.329335 4461849 0.358853 203 0.091848 0.0000 0.000815 0.001090 0.003683 -0.026191 0.006566 -0.129657 40.2910759758 -218.9235249372 203.09185
J157 03JUN12 2003.4442 52802 1222 4 141.1 -2000 -0.329266 4461849 0.359862 203 0.085557 0.0000 0.000896 0.001232 0.004071 -0.105100 0.102523 -0.054404 40.2910759848 -218.9235249364 203.08556
J157 03JUN13 2003.4470 52803 1222 5 141.1 -2000 -0.323658 4461849 0.359322 203 0.080930 0.0000 0.000849 0.001133 0.003846 -0.098072 0.029367 -0.012571 40.2910759800 -218.9235248704 203.08093
J157 03JUN14 2003.4497 52804 1222 6 141.1 -2000 -0.328065 4461849 0.362094 203 0.091658 0.0000 0.000858 0.001190 0.003993 -0.154370 0.106492 -0.081685 40.2910760049 -218.9235249223 203.09166
J157 03JUN15 2003.4524 52805 1223 0 141.1 -2000 -0.329007 4461849 0.360103 203 0.094343 0.0000 0.000775 0.001039 0.003421 -0.102998 0.070972 -0.059916 40.2910759870 -218.9235249333 203.09434
J157 03JUN16 2003.4552 52806 1223 1 141.1 -2000 -0.327638 4461849 0.361681 203 0.096210 0.0000 0.000813 0.001076 0.003581 -0.102335 0.084246 -0.111410 40.2910760012 -218.9235249172 203.09621
J157 03JUN17 2003.4579 52807 1223 2 141.1 -2000 -0.323617 4461849 0.361479 203 0.087942 0.0000 0.000865 0.001159 0.003863 -0.140429 0.061801 -0.108435 40.2910759994 -218.9235248700 203.08794
J157 03JUN18 2003.4606 52808 1223 3 141.1 -2000 -0.328942 4461849 0.363185 203 0.108070 0.0000 0.000845 0.001109 0.003904 -0.086642 0.110173 -0.108874 40.2910760148 -218.9235249326 203.10807
J157 03JUN19 2003.4634 52809 1223 4 141.1 -2000 -0.331401 4461849 0.360935 203 0.105153 0.0000 0.000856 0.001147 0.004019 -0.073017 0.051701 -0.093711 40.2910759945 -218.9235249615 203.10515
J157 03JUN20 2003.4661 52810 1223 5 141.1 -2000 -0.327178 4461849 0.355215 203 0.103423 0.0000 0.000857 0.001167 0.003945 -0.144332 0.144485 -0.048005 40.2910759430 -218.9235249118 203.10342
J157 03JUN21 2003.4689 52811 1223 6 141.1 -2000 -0.329829 4461849 0.362170 203 0.084860 0.0000 0.000845 0.001152 0.003883 -0.070934 0.084781 -0.156848 40.2910760056 -218.9235249430 203.08486
J157 03JUN22 2003.4716 52812 1224 0 141.1 -2000 -0.327304 4461849 0.360280 203 0.090250 0.0000 0.000876 0.001169 0.003993 0.010825 0.032110 -0.071288 40.2910759886 -218.9235249133 203.09025
J157 03JUN23 2003.4743 52813 1224 1 141.1 -2000 -0.324680 4461849 0.359827 203 0.098293 0.0000 0.000849 0.001111 0.003859 -0.091215 0.147933 -0.122608 40.2910759845 -218.9235248825 203.09829
J157 03JUN24 2003.4771 52814 1224 2 141.1 -2000 -0.327711 4461849 0.361297 203 0.097402 0.0000 0.000836 0.001104 0.003900 -0.012507 0.055967 -0.153126 40.2910759978 -218.9235249181 203.09740
J157 03JUN25 2003.4798 52815 1224 3 141.1 -2000 -0.326809 4461849 0.357983 203 0.101196 0.0000 0.000797 0.001129 0.003748 -0.081925 0.066211 -0.047261 40.2910759679 -218.9235249075 203.10120
J157 03JUN26 2003.4825 52816 1224 4 141.1 -2000 -0.326410 4461849 0.361352 203 0.089642 0.0000 0.000818 0.001075 0.003629 -0.101320 0.153015 -0.153248 40.2910759983 -218.9235249028 203.08964
J157 03JUN27 2003.4853 52817 1224 5 141.1 -2000 -0.326763 4461849 0.360550 203 0.094090 0.0000 0.000862 0.001148 0.003980 -0.016554 0.081163 -0.082514 40.2910759910 -218.9235249070 203.09409
J157 03JUN28 2003.4880 52818 1224 6 141.1 -2000 -0.326373 4461849 0.361058 203 0.094602 0.0000 0.000838 0.001086 0.003790 -0.041355 0.088507 -0.185983 40.2910759956 -218.9235249024 203.09460
J157 03JUN29 2003.4908 52819 1225 0 141.1 -2000 -0.326844 4461849 0.362736 203 0.099349 0.0000 0.000826 0.001101 0.003780 -0.054464 0.136105 -0.126738 40.2910760107 -218.9235249079 203.09935
J157 03JUN30 2003.4935 52820 1225 1 141.1 -2000 -0.326394 4461849 0.358041 203 0.097961 0.0000 0.000779 0.001048 0.003466 -0.071595 0.049885 -0.090009 40.2910759684 -218.9235249026 203.09796
J157 03JUL01 2003.4962 52821 1225 2 141.1 -2000 -0.326112 4461849 0.361356 203 0.104368 0.0000 0.000829 0.001142 0.003768 -0.049292 0.100279 -0.146398 40.2910759983 -218.9235248993 203.10437
J157 03JUL02 2003.4990 52822 1225 3 141.1 -2000 -0.326560 4461849 0.359406 203 0.095595 0.0000 0.000835 0.001127 0.003723 -0.097269 0.163165 -0.125512 40.2910759807 -218.9235249046 203.09560
J157 03JUL03 2003.5017 52823 1225 4 141.1 -2000 -0.326071 4461849 0.360016 203 0.090005 0.0000 0.000871 0.001103 0.003934 -0.025217 0.183078 -0.205913 40.2910759862 -218.9235248988 203.09000
J157 03JUL04 2003.5044 52824 1225 5 141.1 -2000 -0.326239 4461849 0.359819 203 0.090381 0.0000 0.000885 0.001120 0.003946 -0.085845 0.148608 -0.155353 40.2910759845 -218.9235249008 203.09038
J157 03JUL05 2003.5072 52825 1225 6 141.1 -2000 -0.326452 4461849 0.359517 203 0.094015 0.0000 0.000829 0.001147 0.003833 -0.111961 0.097399 -0.067003 40.2910759817 -218.9235249033 203.09402
J157 03JUL06 2003.5099 52826 1226 0 141.1 -2000 -0.323837 4461849 0.360025 203 0.093913 0.0000 0.000907 0.001178 0.004128 -0.087197 0.151128 -0.115330 40.2910759863 -218.9235248725 203.09391
J157 03JUL07 2003.5127 52827 1226 1 141.1 -2000 -0.325148 4461849 0.358922 203 0.094178 0.0000 0.000822 0.001145 0.003787 -0.037171 0.062709 0.018777 40.2910759764 -218.9235248880 203.09418
J157 03JUL08 2003.5154 52828 1226 2 141.1 -2000 -0.326160 4461849 0.359983 203 0.097369 0.0000 0.000831 0.001100 0.003800 -0.029979 0.026559 -0.154489 40.2910759859 -218.9235248999 203.09737
J157 03JUL09 2003.5181 52829 1226 3 141.1 -2000 -0.325026 4461849 0.361474 203 0.101838 0.0000 0.000847 0.001109 0.003866 -0.091486 0.070879 -0.174404 40.2910759994 -218.9235248865 203.10184
J157 03JUL10 2003.5209 52830 1226 4 141.1 -2000 -0.327762 4461849 0.361484 203 0.090409 0.0000 0.000814 0.001122 0.003750 -0.085034 0.031502 0.003745 40.2910759994 -218.9235249187 203.09041
J157 03JUL11 2003.5236 52831 1226 5 141.1 -2000 -0.327458 4461849 0.359174 203 0.090763 0.0000 0.000878 0.001195 0.004029 -0.151252 0.100518 -0.135243 40.2910759786 -218.9235249151 203.09076
J157 03JUL12 2003.5264 52832 1226 6 141.1 -2000 -0.327763 4461849 0.360151 203 0.094345 0.0000 0.000773 0.001040 0.003375 -0.059753 0.151158 -0.102884 40.2910759874 -218.9235249187 203.09435
J157 03JUL13 2003.5291 52833 1227 0 141.1 -2000 -0.327952 4461849 0.362972 203 0.087595 0.0000 0.000901 0.001175 0.003903 -0.069736 0.156769 -0.043719 40.2910760129 -218.9235249209 203.08760
J157 03JUL14 2003.5318 52834 1227 1 141.1 -2000 -0.327449 4461849 0.364576 203 0.087649 0.0000 0.000803 0.001075 0.003635 -0.046143 0.070054 -0.073423 40.2910760273 -218.9235249150 203.08765
J157 03JUL15 2003.5346 52835 1227 2 141.1 -2000 -0.327872 4461849 0.362751 203 0.089149 0.0000 0.000853 0.001184 0.003951 -0.038991 0.027010 -0.063418 40.2910760109 -218.9235249200 203.08915
J157 03JUL16 2003.5373 52836 1227 3 141.1 -2000 -0.326652 4461849 0.361869 203 0.094221 0.0000 0.000888 0.001206 0.004033 -0.052175 0.097904 -0.051651 40.2910760029 -218.9235249056 203.09422
J157 03JUL17 2003.5400 52837 1227 4 141.1 -2000 -0.326120 4461849 0.361849 203 0.092264 0.0000 0.000854 0.001184 0.003991 -0.071524 0.046966 -0.105901 40.2910760027 -218.9235248994 203.09226
J157 03JUL18 2003.5428 52838 1227 5 141.1 -2000 -0.327286 4461849 0.360916 203 0.091290 0.0000 0.000817 0.001146 0.003731 -0.049837 0.117349 -0.095985 40.2910759943 -218.9235249131 203.09129
J157 03JUL19 2003.5455 52839 1227 6 141.1 -2000 -0.327797 4461849 0.361614 203 0.094894 0.0000 0.000833 0.001098 0.003737 -0.076467 0.162787 -0.095691 40.2910760006 -218.9235249191 203.09489
J157 03JUL20 2003.5483 52840 1228 0 141.1 -2000 -0.326094 4461849 0.362482 203 0.090981 0.0000 0.000985 0.001226 0.004109 -0.091887 0.185545 -0.080633 40.2910760084 -218.9235248991 203.09098
J157 03JUL21 2003.5510 52841 1228 1 141.1 -2000 -0.327154 4461849 0.360601 203 0.097278 0.0000 0.000879 0.001135 0.004078 -0.047873 0.063864 -0.122788 40.2910759915 -218.9235249116 203.09728
J157 03JUL22 2003.5537 52842 1228 2 141.1 -2000 -0.325938 4461849 0.363142 203 0.087387 0.0000 0.000875 0.001147 0.003846 -0.062258 0.077582 -0.076700 40.2910760144 -218.9235248973 203.08739
J157 03JUL23 2003.5565 52843 1228 3 141.1 -2000 -0.326760 4461849 0.361450 203 0.088419 0.0000 0.000797 0.001047 0.003566 -0.049080 0.002564 -0.136419 40.2910759991 -218.9235249069 203.08842
J157 03JUL24 2003.5592 52844 1228 4 141.1 -2000 -0.326174 4461849 0.361126 203 0.090313 0.0000 0.000874 0.001154 0.003940 -0.043249 0.076293 -0.008230 40.2910759962 -218.9235249000 203.09031
J157 03JUL25 2003.5619 52845 1228 5 141.1 -2000 -0.325344 4461849 0.361197 203 0.089333 0.0000 0.000888 0.001143 0.003989 -0.022602 0.172193 -0.100414 40.2910759969 -218.9235248903 203.08933
J157 03JUL26 2003.5647 52846 1228 6 141.1 -2000 -0.326787 4461849 0.361718 203 0.083243 0.0000 0.000823 0.001090 0.003646 0.015516 0.038586 -0.040529 40.2910760016 -218.9235249072 203.08324
J157 03JUL27 2003.5674 52847 1229 0 141.1 -2000 -0.325613 4461849 0.360509 203 0.097190 0.0000 0.000815 0.001069 0.003623 -0.029682 0.085517 -0.130277 40.2910759907 -218.9235248934 203.09719
J157 03JUL28 2003.5702 52848 1229 1 141.1 -2000 -0.326019 4461849 0.361336 203 0.101612 0.0000 0.000819 0.001058 0.003666 -0.014568 0.063881 -0.113629 40.2910759981 -218.9235248982 203.10161
J157 03JUL29 2003.5729 52849 1229 2 141.1 -2000 -0.327564 4461849 0.361012 203 0.100288 0.0000 0.000897 0.001206 0.003985 -0.074573 0.101906 -0.137113 40.2910759952 -218.9235249164 203.10029
J157 03JUL30 2003.5756 52850 1229 3 141.1 -2000 -0.327109 4461849 0.363262 203 0.102395 0.0000 0.000812 0.001062 0.003653 -0.037315 0.102194 -0.098996 40.2910760155 -218.9235249110 203.10240
J157 03JUL31 2003.5784 52851 1229 4 141.1 -2000 -0.325508 4461849 0.360975 203 0.093984 0.0000 0.000828 0.001104 0.003783 -0.100292 0.086374 -0.055693 40.2910759949 -218.9235248922 203.09398
J157 03AUG01 2003.5811 52852 1229 5 141.1 -2000 -0.327032 4461849 0.362309 203 0.095762 0.0000 0.000857 0.001110 0.003726 -0.068002 0.074835 -0.051258 40.2910760069 -218.9235249101 203.09576
J157 03AUG02 2003.5838 52853 1229 6 141.1 -2000 -0.326275 4461849 0.359774 203 0.095995 0.0000 0.000825 0.001104 0.003740 -0.054497 0.073533 -0.075520 40.2910759841 -218.9235249012 203.09599
J157 03AUG03 2003.5866 52854 1230 0 141.1 -2000 -0.328160 4461849 0.359345 203 0.105195 0.0000 0.000859 0.001108 0.003859 -0.049371 0.061816 -0.047921 40.2910759802 -218.9235249234 203.10520
J157 03AUG04 2003.5893 52855 1230 1 141.1 -2000 -0.326548 4461849 0.363615 203 0.092566 0.0000 0.000840 0.001110 0.003809 -0.044876 0.012620 -0.095527 40.2910760186 -218.9235249044 203.09257
J157 03AUG05 2003.5921 52856 1230 2 141.1 -2000 -0.325976 4461849 0.364606 203 0.086388 0.0000 0.000849 0.001169 0.003929 -0.050318 0.080196 -0.101195 40.2910760276 -218.9235248977 203.08639
J157 03AUG06 2003.5948 52857 1230 3 141.1 -2000 -0.325097 4461849 0.362845 203 0.083327 0.0000 0.000815 0.001072 0.003701 -0.082861 0.110198 -0.100771 40.2910760117 -218.9235248874 203.08333
J157 03AUG07 2003.5975 52858 1230 4 141.1 -2000 -0.322095 4461849 0.364820 203 0.105691 0.0000 0.000925 0.001286 0.004230 -0.041702 -0.015460 -0.121119 40.2910760295 -218.9235248521 203.10569
J157 03AUG08 2003.6003 52859 1230 5 141.1 -2000 -0.323835 4461849 0.364486 203 0.095247 0.0000 0.000800 0.001098 0.003658 -0.026429 0.079358 -0.111443 40.2910760265 -218.9235248725 203.09525
J157 03AUG09 2003.6030 52860 1230 6 141.1 -2000 -0.326981 4461849 0.363162 203 0.080044 0.0000 0.000912 0.001182 0.004068 -0.077329 0.094030 -0.110082 40.2910760146 -218.9235249095 203.08004
J157 03AUG10 2003.6057 52861 1231 0 141.1 -2000 -0.328705 4461849 0.364170 203 0.086897 0.0000 0.000832 0.001099 0.003809 -0.052155 0.077635 -0.087630 40.2910760236 -218.9235249298 203.08690
J157 03AUG11 2003.6085 52862 1231 1 141.1 -2000 -0.327560 4461849 0.364897 203 0.095071 0.0000 0.000785 0.001040 0.003559 -0.058685 0.137341 -0.103581 40.2910760302 -218.9235249163 203.09507
J157 03AUG12 2003.6112 52863 1231 2 141.1 -2000 -0.325353 4461849 0.360871 203 0.094953 0.0000 0.000832 0.001096 0.003707 -0.138579 0.090279 -0.154579 40.2910759939 -218.9235248904 203.09495
J157 03AUG13 2003.6140 52864 1231 3 141.1 -2000 -0.326972 4461849 0.363045 203 0.090145 0.0000 0.000874 0.001158 0.004046 -0.062015 0.088899 -0.090669 40.2910760135 -218.9235249094 203.09015
J157 03AUG14 2003.6167 52865 1231 4 141.1 -2000 -0.326141 4461849 0.364002 203 0.092931 0.0000 0.000914 0.001176 0.003958 -0.103770 0.104718 -0.024011 40.2910760221 -218.9235248997 203.09293
J157 03AUG15 2003.6194 52866 1231 5 141.1 -2000 -0.327049 4461849 0.364042 203 0.085833 0.0000 0.000850 0.001125 0.003786 -0.088694 0.044054 -0.070122 40.2910760225 -218.9235249103 203.08583
J157 03AUG16 2003.6222 52867 1231 6 141.1 -2000 -0.325627 4461849 0.364447 203 0.092874 0.0000 0.000816 0.001044 0.003611 -0.057143 0.058461 -0.109075 40.2910760261 -218.9235248936 203.09287
J157 03AUG17 2003.6249 52868 1232 0 141.1 -2000 -0.327285 4461849 0.364116 203 0.082840 0.0000 0.000785 0.001019 0.003491 -0.056479 0.044483 -0.102107 40.2910760232 -218.9235249131 203.08284
J157 03AUG18 2003.6277 52869 1232 1 141.1 -2000 -0.326318 4461849 0.363732 203 0.089071 0.0000 0.000808 0.001056 0.003608 -0.084618 0.087756 -0.089199 40.2910760197 -218.9235249017 203.08907
J157 03AUG19 2003.6304 52870 1232 2 141.1 -2000 -0.326938 4461849 0.362081 203 0.091124 0.0000 0.000758 0.001011 0.003357 -0.053719 0.055642 -0.086457 40.2910760048 -218.9235249090 203.09112
J157 03AUG20 2003.6331 52871 1232 3 141.1 -2000 -0.327544 4461849 0.360270 203 0.094677 0.0000 0.000770 0.001012 0.003496 -0.078855 0.061937 -0.099052 40.2910759885 -218.9235249161 203.09468
J157 03AUG21 2003.6359 52872 1232 4 141.1 -2000 -0.328206 4461849 0.364201 203 0.094046 0.0000 0.000790 0.001027 0.003550 -0.068653 0.075745 -0.094273 40.2910760239 -218.9235249239 203.09405
J157 03AUG22 2003.6386 52873 1232 5 141.1 -2000 -0.324816 4461849 0.359208 203 0.099014 0.0000 0.000807 0.001079 0.003711 -0.065663 0.116027 -0.153769 40.2910759790 -218.9235248841 203.09901
J157 03AUG23 2003.6413 52874 1232 6 141.1 -2000 -0.331464 4461849 0.363917 203 0.086026 0.0000 0.000812 0.001082 0.003689 -0.060874 0.049456 -0.095554 40.2910760214 -218.9235249622 203.08603
J157 03AUG24 2003.6441 52875 1233 0 141.1 -2000 -0.325630 4461849 0.361306 203 0.097000 0.0000 0.000784 0.001032 0.003493 -0.077456 0.063556 -0.150283 40.2910759978 -218.9235248936 203.09700
J157 03AUG25 2003.6468 52876 1233 1 141.1 -2000 -0.328507 4461849 0.361734 203 0.095161 0.0000 0.000801 0.001045 0.003509 -0.099864 0.118975 -0.095718 40.2910760017 -218.9235249275 203.09516
J157 03AUG26 2003.6496 52877 1233 2 141.1 -2000 -0.327908 4461849 0.363444 203 0.100362 0.0000 0.000790 0.001046 0.003541 -0.081861 0.059834 -0.050829 40.2910760171 -218.9235249204 203.10036
J157 03AUG27 2003.6523 52878 1233 3 141.1 -2000 -0.326898 4461849 0.360418 203 0.089993 0.0000 0.000834 0.001109 0.003726 -0.075839 0.025309 -0.120835 40.2910759899 -218.9235249085 203.08999
J157 03AUG28 2003.6550 52879 1233 4 141.1 -2000 -0.326319 4461849 0.362256 203 0.086154 0.0000 0.000866 0.001140 0.003817 -0.095017 0.123488 -0.070698 40.2910760064 -218.9235249017 203.08615
J157 03AUG29 2003.6578 52880 1233 5 141.1 -2000 -0.324851 4461849 0.360686 203 0.092635 0.0000 0.000849 0.001057 0.003860 -0.093376 0.086460 -0.116489 40.2910759923 -218.9235248845 203.09264
J157 03AUG30 2003.6605 52881 1233 6 141.1 -2000 -0.326566 4461849 0.362473 203 0.092198 0.0000 0.000808 0.001064 0.003564 -0.081019 0.110299 -0.065372 40.2910760084 -218.9235249046 203.09220
J157 03AUG31 2003.6632 52882 1234 0 141.1 -2000 -0.325233 4461849 0.361986 203 0.086067 0.0000 0.000779 0.001040 0.003559 -0.044278 0.087899 -0.183497 40.2910760040 -218.9235248890 203.08607
J157 03SEP01 2003.6660 52883 1234 1 141.1 -2000 -0.324287 4461849 0.362638 203 0.091527 0.0000 0.000796 0.001052 0.003505 -0.065020 0.101384 -0.096354 40.2910760098 -218.9235248778 203.09153
J157 03SEP02 2003.6687 52884 1234 2 141.1 -2000 -0.325102 4461849 0.360936 203 0.087715 0.0000 0.000798 0.001068 0.003715 -0.037027 0.056342 -0.192596 40.2910759945 -218.9235248874 203.08771
J157 03SEP03 2003.6715 52885 1234 3 141.1 -2000 -0.331138 4461849 0.366118 203 0.088765 0.0000 0.000827 0.001073 0.003774 -0.090605 0.107056 -0.106091 40.2910760412 -218.9235249584 203.08877
J157 03SEP04 2003.6742 52886 1234 4 141.1 -2000 -0.324899 4461849 0.363327 203 0.080381 0.0000 0.000797 0.001057 0.003652 -0.047589 0.100823 -0.116993 40.2910760160 -218.9235248850 203.08038
J157 03SEP05 2003.6769 52887 1234 5 141.1 -2000 -0.325724 4461849 0.363670 203 0.088235 0.0000 0.000795 0.001064 0.003583 -0.058184 0.109196 -0.102593 40.2910760191 -218.9235248947 203.08824
J157 03SEP06 2003.6797 52888 1234 6 141.1 -2000 -0.325598 4461849 0.360775 203 0.092789 0.0000 0.000785 0.001021 0.003562 -0.030441 0.110006 -0.119715 40.2910759931 -218.9235248933 203.09279
J157 03SEP07 2003.6824 52889 1235 0 141.1 -2000 -0.326474 4461849 0.359796 203 0.086001 0.0000 0.000765 0.001019 0.003436 -0.056950 0.094577 -0.091754 40.2910759843 -218.9235249036 203.08600
J157 03SEP08 2003.6851 52890 1235 1 141.1 -2000 -0.326081 4461849 0.361566 203 0.080958 0.0000 0.000840 0.001123 0.003852 -0.073802 0.136399 -0.131055 40.2910760002 -218.9235248989 203.08096
J157 03SEP09 2003.6879 52891 1235 2 141.1 -2000 -0.326630 4461849 0.360077 203 0.092431 0.0000 0.000821 0.001046 0.003741 -0.060504 0.123962 -0.115145 40.2910759868 -218.9235249054 203.09243
J157 03SEP10 2003.6906 52892 1235 3 141.1 -2000 -0.327468 4461849 0.360991 203 0.084674 0.0000 0.000844 0.001125 0.003742 -0.135370 0.101342 -0.106843 40.2910759950 -218.9235249152 203.08467
J157 03SEP11 2003.6934 52893 1235 4 141.1 -2000 -0.326018 4461849 0.361169 203 0.091616 0.0000 0.000803 0.001074 0.003587 -0.076989 0.042378 -0.093544 40.2910759966 -218.9235248982 203.09162
J157 03SEP12 2003.6961 52894 1235 5 141.1 -2000 -0.324958 4461849 0.358634 203 0.087440 0.0000 0.000803 0.001026 0.003549 -0.051536 0.102338 -0.117039 40.2910759738 -218.9235248857 203.08744
J157 03SEP13 2003.6988 52895 1235 6 141.1 -2000 -0.330182 4461849 0.362264 203 0.076196 0.0000 0.000839 0.001081 0.003864 -0.074507 0.150638 -0.073579 40.2910760065 -218.9235249472 203.07620
J157 03SEP14 2003.7016 52896 1236 0 141.1 -2000 -0.325806 4461849 0.363239 203 0.080337 0.0000 0.000817 0.001077 0.003755 -0.086077 0.119331 -0.105536 40.2910760153 -218.9235248957 203.08034
J157 03SEP15 2003.7043 52897 1236 1 141.1 -2000 -0.321882 4461849 0.363820 203 0.089658 0.0000 0.000791 0.001057 0.003577 -0.107524 0.068829 -0.089016 40.2910760205 -218.9235248496 203.08966
J157 03SEP16 2003.7070 52898 1236 2 141.1 -2000 -0.324828 4461849 0.363588 203 0.081955 0.0000 0.000784 0.001028 0.003507 -0.052976 0.095129 -0.102346 40.2910760184 -218.9235248842 203.08195
J157 03SEP17 2003.7098 52899 1236 3 141.1 -2000 -0.326893 4461849 0.361141 203 0.092141 0.0000 0.000797 0.001039 0.003492 -0.105671 0.106259 -0.104295 40.2910759964 -218.9235249085 203.09214
J157 03SEP18 2003.7125 52900 1236 4 141.1 -2000 -0.326500 4461849 0.364336 203 0.091861 0.0000 0.000773 0.001033 0.003412 -0.077603 0.046754 -0.111997 40.2910760251 -218.9235249039 203.09186
J157 03SEP19 2003.7153 52901 1236 5 141.1 -2000 -0.324388 4461849 0.359091 203 0.086397 0.0000 0.000806 0.001064 0.003583 -0.074861 0.054537 -0.065163 40.2910759779 -218.9235248790 203.08640
J157 03SEP20 2003.7180 52902 1236 6 141.1 -2000 -0.326208 4461849 0.361210 203 0.086435 0.0000 0.000848 0.001127 0.003833 -0.021137 0.026158 -0.105095 40.2910759970 -218.9235249004 203.08644
J157 03SEP21 2003.7207 52903 1237 0 141.1 -2000 -0.326391 4461849 0.360942 203 0.091191 0.0000 0.000963 0.001265 0.004384 -0.047572 0.147033 -0.131316 40.2910759946 -218.9235249026 203.09119
J157 03SEP22 2003.7235 52904 1237 1 141.1 -2000 -0.324629 4461849 0.361192 203 0.088647 0.0000 0.000845 0.001088 0.003762 -0.059873 0.122539 -0.100161 40.2910759968 -218.9235248819 203.08865
J157 03SEP23 2003.7262 52905 1237 2 141.1 -2000 -0.325678 4461849 0.362659 203 0.080463 0.0000 0.000796 0.001048 0.003546 -0.077877 0.097277 -0.135247 40.2910760100 -218.9235248942 203.08046
J157 03SEP24 2003.7290 52906 1237 3 141.1 -2000 -0.326322 4461849 0.361170 203 0.088616 0.0000 0.000812 0.001062 0.003657 -0.065862 0.072504 -0.111541 40.2910759966 -218.9235249018 203.08862
J157 03SEP25 2003.7317 52907 1237 4 141.1 -2000 -0.325384 4461849 0.362748 203 0.087383 0.0000 0.000801 0.001065 0.003551 -0.060825 0.063808 -0.130992 40.2910760108 -218.9235248907 203.08738
J157 03SEP26 2003.7344 52908 1237 5 141.1 -2000 -0.329274 4461849 0.359751 203 0.082162 0.0000 0.000804 0.001098 0.003662 -0.041052 0.018287 -0.161729 40.2910759838 -218.9235249365 203.08216
J157 03SEP27 2003.7372 52909 1237 6 141.1 -2000 -0.328017 4461849 0.359327 203 0.083973 0.0000 0.000818 0.001071 0.003580 -0.079104 0.100872 -0.117318 40.2910759800 -218.9235249217 203.08397
J157 03SEP28 2003.7399 52910 1238 0 141.1 -2000 -0.328393 4461849 0.361249 203 0.092326 0.0000 0.000804 0.001080 0.003623 -0.060824 0.120394 -0.105458 40.2910759973 -218.9235249261 203.09233
J157 03SEP29 2003.7426 52911 1238 1 141.1 -2000 -0.330420 4461849 0.362791 203 0.076896 0.0000 0.000881 0.001113 0.004001 -0.065022 0.097665 -0.079830 40.2910760112 -218.9235249500 203.07690
J157 03SEP30 2003.7454 52912 1238 2 141.1 -2000 -0.332372 4461849 0.363413 203 0.097986 0.0000 0.000852 0.001073 0.003701 -0.067711 0.095469 -0.056786 40.2910760168 -218.9235249729 203.09799
J157 03OCT01 2003.7481 52913 1238 3 141.1 -2000 -0.328360 4461849 0.356327 203 0.084234 0.0000 0.000832 0.001068 0.003673 -0.064808 0.110399 -0.052148 40.2910759530 -218.9235249257 203.08423
J157 03OCT02 2003.7509 52914 1238 4 141.1 -2000 -0.333509 4461849 0.361767 203 0.080270 0.0000 0.000841 0.001089 0.003746 -0.035956 0.080725 -0.031313 40.2910760020 -218.9235249863 203.08027
J157 03OCT03 2003.7536 52915 1238 5 141.1 -2000 -0.328879 4461849 0.361406 203 0.068336 0.0000 0.000817 0.001056 0.003667 -0.066615 0.160234 -0.126394 40.2910759987 -218.9235249318 203.06834
J157 03OCT04 2003.7563 52916 1238 6 141.1 -2000 -0.328072 4461849 0.359800 203 0.080706 0.0000 0.000805 0.001021 0.003614 -0.015409 0.083707 -0.099703 40.2910759843 -218.9235249223 203.08071
J157 03OCT05 2003.7591 52917 1239 0 141.1 -2000 -0.325701 4461849 0.359208 203 0.082388 0.0000 0.000893 0.001140 0.004028 -0.019287 0.120451 -0.090914 40.2910759790 -218.9235248945 203.08239
J157 03OCT06 2003.7618 52918 1239 1 141.1 -2000 -0.325645 4461849 0.359493 203 0.075589 0.0000 0.000817 0.001068 0.003556 -0.055422 0.090025 -0.115281 40.2910759815 -218.9235248938 203.07559
J157 03OCT07 2003.7645 52919 1239 2 141.1 -2000 -0.326116 4461849 0.359851 203 0.073827 0.0000 0.000841 0.001079 0.003728 -0.019162 0.105716 -0.137026 40.2910759847 -218.9235248993 203.07383
J157 03OCT08 2003.7673 52920 1239 3 141.1 -2000 -0.325316 4461849 0.360283 203 0.075076 0.0000 0.000830 0.001060 0.003614 -0.059707 0.067089 -0.151291 40.2910759886 -218.9235248899 203.07508
J157 03OCT09 2003.7700 52921 1239 4 141.1 -2000 -0.327122 4461849 0.360470 203 0.071039 0.0000 0.000810 0.001058 0.003674 -0.009833 0.097216 -0.133251 40.2910759903 -218.9235249112 203.07104
J157 03OCT10 2003.7728 52922 1239 5 141.1 -2000 -0.326793 4461849 0.360008 203 0.075504 0.0000 0.000795 0.001034 0.003517 -0.075515 0.087529 -0.126797 40.2910759862 -218.9235249073 203.07550
J157 03OCT11 2003.7755 52923 1239 6 141.1 -2000 -0.327716 4461849 0.362915 203 0.075428 0.0000 0.000814 0.001071 0.003631 -0.044932 0.037658 -0.164013 40.2910760123 -218.9235249182 203.07543
J157 03OCT12 2003.7782 52924 1240 0 141.1 -2000 -0.325996 4461849 0.360004 203 0.083638 0.0000 0.000812 0.001046 0.003636 -0.063530 0.117950 -0.155841 40.2910759861 -218.9235248979 203.08364
J157 03OCT13 2003.7810 52925 1240 1 141.1 -2000 -0.328803 4461849 0.359950 203 0.078932 0.0000 0.000785 0.001058 0.003562 -0.018848 0.094358 -0.127911 40.2910759856 -218.9235249309 203.07893
J157 03OCT14 2003.7837 52926 1240 2 141.1 -2000 -0.326371 4461849 0.357193 203 0.087010 0.0000 0.000812 0.001045 0.003652 -0.023378 0.116870 -0.126826 40.2910759608 -218.9235249023 203.08701
J157 03OCT15 2003.7864 52927 1240 3 141.1 -2000 -0.326757 4461849 0.358967 203 0.086825 0.0000 0.000770 0.001010 0.003470 -0.054857 0.195426 -0.081766 40.2910759768 -218.9235249069 203.08683
J157 03OCT16 2003.7892 52928 1240 4 141.1 -2000 -0.326334 4461849 0.358834 203 0.085412 0.0000 0.000793 0.001055 0.003600 -0.032310 0.115952 -0.072835 40.2910759756 -218.9235249019 203.08541
J157 03OCT17 2003.7919 52929 1240 5 141.1 -2000 -0.325818 4461849 0.357136 203 0.078650 0.0000 0.000771 0.001010 0.003417 -0.056863 0.059493 -0.142729 40.2910759603 -218.9235248958 203.07865
J157 03OCT18 2003.7947 52930 1240 6 141.1 -2000 -0.326253 4461849 0.357281 203 0.083729 0.0000 0.000803 0.001046 0.003600 -0.074627 0.120125 -0.108249 40.2910759616 -218.9235249009 203.08373
J157 03OCT19 2003.7974 52931 1241 0 141.1 -2000 -0.324400 4461849 0.358777 203 0.075082 0.0000 0.000763 0.001025 0.003438 -0.044612 0.043800 -0.133715 40.2910759751 -218.9235248792 203.07508
J157 03OCT20 2003.8001 52932 1241 1 141.1 -2000 -0.324839 4461849 0.356130 203 0.079306 0.0000 0.000799 0.001043 0.003531 -0.096283 0.142186 -0.106255 40.2910759512 -218.9235248843 203.07931
J157 03OCT21 2003.8029 52933 1241 2 141.1 -2000 -0.322275 4461849 0.361358 203 0.081031 0.0000 0.000788 0.001049 0.003556 -0.086882 0.112977 -0.056269 40.2910759983 -218.9235248542 203.08103
J157 03OCT22 2003.8056 52934 1241 3 141.1 -2000 -0.324067 4461849 0.358800 203 0.075358 0.0000 0.000807 0.001082 0.003579 -0.023722 0.056584 -0.078296 40.2910759753 -218.9235248752 203.07536
J157 03OCT23 2003.8084 52935 1241 4 141.1 -2000 -0.326314 4461849 0.355600 203 0.082055 0.0000 0.000810 0.001065 0.003582 -0.119667 0.114774 -0.132373 40.2910759465 -218.9235249017 203.08206
J157 03OCT24 2003.8111 52936 1241 5 141.1 -2000 -0.325994 4461849 0.358683 203 0.079798 0.0000 0.000827 0.001113 0.003759 -0.137197 0.147432 -0.072936 40.2910759742 -218.9235248979 203.07980
J157 03OCT25 2003.8138 52937 1241 6 141.1 -2000 -0.328928 4461849 0.357139 203 0.079904 0.0000 0.000799 0.001033 0.003559 -0.099725 0.124080 -0.069593 40.2910759603 -218.9235249324 203.07990
J157 03OCT26 2003.8166 52938 1242 0 141.1 -2000 -0.325888 4461849 0.357475 203 0.077096 0.0000 0.000799 0.001037 0.003647 -0.064510 0.128946 -0.139588 40.2910759634 -218.9235248967 203.07710
J157 03OCT27 2003.8193 52939 1242 1 141.1 -2000 -0.325109 4461849 0.356374 203 0.078984 0.0000 0.000809 0.001054 0.003725 -0.081119 0.130506 -0.142830 40.2910759534 -218.9235248875 203.07898
J157 03OCT28 2003.8220 52940 1242 2 141.1 -2000 -0.324058 4461849 0.347735 203 0.076940 0.0000 0.000811 0.001077 0.003798 -0.019587 0.115289 -0.139358 40.2910758756 -218.9235248751 203.07694
J157 03OCT29 2003.8248 52941 1242 3 141.1 -2000 -0.324185 4461849 0.353832 203 0.081409 0.0000 0.000976 0.001241 0.004471 -0.077577 0.089624 -0.135709 40.2910759305 -218.9235248766 203.08141
J157 03OCT30 2003.8275 52942 1242 4 141.1 -2000 -0.324579 4461849 0.356782 203 0.084998 0.0000 0.000842 0.001095 0.003691 0.016840 0.086790 -0.086195 40.2910759571 -218.9235248813 203.08500
J157 03OCT31 2003.8303 52943 1242 5 141.1 -2000 -0.324191 4461849 0.356360 203 0.077247 0.0000 0.000778 0.001060 0.003561 -0.032008 0.094408 -0.093549 40.2910759533 -218.9235248767 203.07725
J157 03NOV01 2003.8330 52944 1242 6 141.1 -2000 -0.323542 4461849 0.356517 203 0.079777 0.0000 0.000798 0.001050 0.003567 -0.065501 0.117967 -0.095736 40.2910759547 -218.9235248691 203.07978
J157 03NOV02 2003.8357 52945 1243 0 141.1 -2000 -0.324802 4461849 0.355219 203 0.080879 0.0000 0.000791 0.001063 0.003584 -0.074399 0.121388 -0.151851 40.2910759430 -218.9235248839 203.08088
J157 03NOV03 2003.8385 52946 1243 1 141.1 -2000 -0.328774 4461849 0.357027 203 0.074460 0.0000 0.000837 0.001082 0.003829 -0.040916 0.127051 -0.093025 40.2910759593 -218.9235249306 203.07446
J157 03NOV04 2003.8412 52947 1243 2 141.1 -2000 -0.327173 4461849 0.355239 203 0.084961 0.0000 0.000806 0.001104 0.003666 -0.015418 0.106485 -0.108132 40.2910759432 -218.9235249118 203.08496
J157 03NOV05 2003.8439 52948 1243 3 141.1 -2000 -0.322935 4461849 0.356763 203 0.084313 0.0000 0.000793 0.001041 0.003530 -0.084016 0.171490 -0.102578 40.2910759569 -218.9235248619 203.08431
J157 03NOV06 2003.8467 52949 1243 4 141.1 -2000 -0.322647 4461849 0.358955 203 0.079137 0.0000 0.000782 0.001062 0.003568 -0.034340 0.139524 -0.118425 40.2910759767 -218.9235248585 203.07914
J157 03NOV07 2003.8494 52950 1243 5 141.1 -2000 -0.325119 4461849 0.357546 203 0.083614 0.0000 0.000774 0.001022 0.003481 -0.051747 0.122419 -0.083419 40.2910759640 -218.9235248876 203.08361
J157 03NOV08 2003.8522 52951 1243 6 141.1 -2000 -0.326257 4461849 0.355738 203 0.078313 0.0000 0.000785 0.001029 0.003502 -0.051939 0.131604 -0.105087 40.2910759477 -218.9235249010 203.07831
J157 03NOV09 2003.8549 52952 1244 0 141.1 -2000 -0.322943 4461849 0.355128 203 0.077243 0.0000 0.000781 0.001025 0.003513 -0.043147 0.153569 -0.111274 40.2910759422 -218.9235248620 203.07724
J157 03NOV10 2003.8576 52953 1244 1 141.1 -2000 -0.322727 4461849 0.356776 203 0.079172 0.0000 0.000784 0.001035 0.003410 -0.027872 0.064140 -0.089391 40.2910759571 -218.9235248595 203.07917
J157 03NOV11 2003.8604 52954 1244 2 141.1 -2000 -0.323618 4461849 0.354665 203 0.080260 0.0000 0.000765 0.001032 0.003373 -0.016119 0.091146 -0.097961 40.2910759380 -218.9235248699 203.08026
J157 03NOV12 2003.8631 52955 1244 3 141.1 -2000 -0.324631 4461849 0.355135 203 0.078162 0.0000 0.000815 0.001070 0.003769 -0.076451 0.129771 -0.189239 40.2910759423 -218.9235248819 203.07816
J157 03NOV13 2003.8658 52956 1244 4 141.1 -2000 -0.323379 4461849 0.352795 203 0.084764 0.0000 0.000822 0.001072 0.003688 -0.119817 0.139880 -0.121880 40.2910759212 -218.9235248671 203.08476
J157 03NOV14 2003.8686 52957 1244 5 141.1 -2000 -0.323179 4461849 0.354073 203 0.075384 0.0000 0.000834 0.001091 0.003751 -0.098647 0.127716 -0.128684 40.2910759327 -218.9235248648 203.07538
J157 03NOV15 2003.8713 52958 1244 6 141.1 -2000 -0.325547 4461849 0.355763 203 0.066413 0.0000 0.000825 0.001090 0.003913 -0.066213 0.159543 -0.229754 40.2910759479 -218.9235248926 203.06641
J157 03NOV16 2003.8741 52959 1245 0 141.1 -2000 -0.328999 4461849 0.356735 203 0.069914 0.0000 0.000815 0.001076 0.003722 -0.040204 0.031620 -0.096770 40.2910759567 -218.9235249332 203.06991
J157 03NOV17 2003.8768 52960 1245 1 141.1 -2000 -0.326667 4461849 0.356035 203 0.076423 0.0000 0.000815 0.001105 0.003746 -0.016321 0.114109 -0.152449 40.2910759504 -218.9235249058 203.07642
J157 03NOV18 2003.8795 52961 1245 2 141.1 -2000 -0.322607 4461849 0.357925 203 0.079731 0.0000 0.000806 0.001115 0.003726 0.027445 0.057402 -0.146959 40.2910759674 -218.9235248581 203.07973
J157 03NOV19 2003.8823 52962 1245 3 141.1 -2000 -0.324382 4461849 0.355699 203 0.072072 0.0000 0.000798 0.001035 0.003497 -0.049974 0.166170 -0.095309 40.2910759474 -218.9235248789 203.07207
J157 03NOV20 2003.8850 52963 1245 4 141.1 -2000 -0.323372 4461849 0.355623 203 0.083527 0.0000 0.000830 0.001122 0.003810 -0.091814 0.135129 -0.121533 40.2910759467 -218.9235248671 203.08353
J157 03NOV21 2003.8877 52964 1245 5 141.1 -2000 -0.327576 4461849 0.354012 203 0.075379 0.0000 0.000841 0.001089 0.003740 -0.083799 0.194726 -0.153344 40.2910759322 -218.9235249165 203.07538
J157 03NOV22 2003.8905 52965 1245 6 141.1 -2000 -0.329515 4461849 0.356649 203 0.070414 0.0000 0.000816 0.001095 0.003712 -0.043447 0.147352 -0.113584 40.2910759559 -218.9235249393 203.07041
J157 03NOV23 2003.8932 52966 1246 0 141.1 -2000 -0.322742 4461849 0.354321 203 0.074387 0.0000 0.000788 0.001077 0.003579 -0.026964 0.145899 -0.077667 40.2910759349 -218.9235248596 203.07439
J157 03NOV24 2003.8960 52967 1246 1 141.1 -2000 -0.321472 4461849 0.356071 203 0.077251 0.0000 0.000860 0.001109 0.003960 0.020160 0.061551 -0.162138 40.2910759507 -218.9235248447 203.07725
J157 03NOV25 2003.8987 52968 1246 2 141.1 -2000 -0.324952 4461849 0.353621 203 0.077189 0.0000 0.000893 0.001111 0.004034 -0.047617 0.194418 -0.134095 40.2910759286 -218.9235248856 203.07719
J157 03NOV26 2003.9014 52969 1246 3 141.1 -2000 -0.324720 4461849 0.354287 203 0.075023 0.0000 0.000804 0.001042 0.003635 -0.029125 0.139372 -0.119832 40.2910759346 -218.9235248829 203.07502
J157 03NOV27 2003.9042 52970 1246 4 141.1 -2000 -0.323223 4461849 0.354074 203 0.075850 0.0000 0.000788 0.001019 0.003547 -0.030769 0.093928 -0.163690 40.2910759327 -218.9235248653 203.07585
J157 03NOV28 2003.9069 52971 1246 5 141.1 -2000 -0.322749 4461849 0.353304 203 0.078667 0.0000 0.000804 0.001020 0.003551 -0.057074 0.098404 -0.130497 40.2910759258 -218.9235248597 203.07867
J157 03NOV29 2003.9097 52972 1246 6 141.1 -2000 -0.323014 4461849 0.351645 203 0.079479 0.0000 0.000801 0.001007 0.003502 -0.084493 0.151181 -0.100298 40.2910759108 -218.9235248628 203.07948
J157 03NOV30 2003.9124 52973 1247 0 141.1 -2000 -0.323582 4461849 0.354681 203 0.077381 0.0000 0.000782 0.001020 0.003406 -0.085584 0.076712 -0.101111 40.2910759382 -218.9235248695 203.07738
J157 03DEC01 2003.9151 52974 1247 1 141.1 -2000 -0.323830 4461849 0.353180 203 0.076820 0.0000 0.000774 0.000990 0.003471 -0.032900 0.073556 -0.185795 40.2910759247 -218.9235248724 203.07682
J157 03DEC02 2003.9179 52975 1247 2 141.1 -2000 -0.321935 4461849 0.352680 203 0.084489 0.0000 0.000826 0.001069 0.003683 -0.093884 0.141111 -0.089642 40.2910759202 -218.9235248501 203.08449
J157 03DEC03 2003.9206 52976 1247 3 141.1 -2000 -0.325293 4461849 0.354997 203 0.074574 0.0000 0.000816 0.001028 0.003592 -0.108660 0.092618 -0.095854 40.2910759410 -218.9235248896 203.07457
J157 03DEC04 2003.9233 52977 1247 4 141.1 -2000 -0.324598 4461849 0.359395 203 0.058715 0.0000 0.000857 0.001072 0.003716 -0.045510 0.088260 -0.092304 40.2910759806 -218.9235248815 203.05872
J157 03DEC05 2003.9261 52978 1247 5 141.1 -2000 -0.323562 4461849 0.352587 203 0.076801 0.0000 0.000823 0.001045 0.003647 -0.019055 0.105416 -0.110490 40.2910759193 -218.9235248693 203.07680
J157 03DEC06 2003.9288 52979 1247 6 141.1 -2000 -0.324464 4461849 0.353029 203 0.074457 0.0000 0.000811 0.001031 0.003574 -0.040338 0.062999 -0.099796 40.2910759233 -218.9235248799 203.07446
J157 03DEC07 2003.9316 52980 1248 0 141.1 -2000 -0.323458 4461849 0.355597 203 0.059151 0.0000 0.000823 0.001036 0.003637 -0.100151 0.131217 -0.150110 40.2910759464 -218.9235248681 203.05915
J157 03DEC08 2003.9343 52981 1248 1 141.1 -2000 -0.324201 4461849 0.355506 203 0.070041 0.0000 0.000794 0.001028 0.003543 -0.051108 0.095879 -0.097003 40.2910759456 -218.9235248768 203.07004
J157 03DEC09 2003.9370 52982 1248 2 141.1 -2000 -0.323987 4461849 0.353886 203 0.077844 0.0000 0.000786 0.001044 0.003582 -0.060589 0.105557 -0.150820 40.2910759310 -218.9235248743 203.07784
J157 03DEC10 2003.9398 52983 1248 3 141.1 -2000 -0.324240 4461849 0.352005 203 0.079007 0.0000 0.000796 0.001029 0.003555 0.004283 0.073490 -0.161845 40.2910759141 -218.9235248773 203.07901
J157 03DEC11 2003.9425 52984 1248 4 141.1 -2000 -0.324190 4461849 0.352286 203 0.076227 0.0000 0.000793 0.001042 0.003618 -0.017851 0.061062 -0.125663 40.2910759166 -218.9235248767 203.07623
J157 03DEC12 2003.9452 52985 1248 5 141.1 -2000 -0.323077 4461849 0.352795 203 0.080881 0.0000 0.000831 0.001067 0.003674 -0.092770 0.112134 -0.088699 40.2910759212 -218.9235248636 203.08088
J157 03DEC13 2003.9480 52986 1248 6 141.1 -2000 -0.321709 4461849 0.353765 203 0.081601 0.0000 0.000786 0.001028 0.003533 -0.066748 0.125224 -0.111336 40.2910759299 -218.9235248475 203.08160
J157 03DEC14 2003.9507 52987 1249 0 141.1 -2000 -0.322868 4461849 0.353477 203 0.082784 0.0000 0.000798 0.001046 0.003496 -0.080869 0.085462 -0.123471 40.2910759273 -218.9235248611 203.08278
J157 03DEC15 2003.9535 52988 1249 1 141.1 -2000 -0.320922 4461849 0.354855 203 0.081348 0.0000 0.000816 0.001075 0.003662 -0.059417 0.117228 -0.152553 40.2910759397 -218.9235248382 203.08135
J157 03DEC16 2003.9562 52989 1249 2 141.1 -2000 -0.321816 4461849 0.351336 203 0.081716 0.0000 0.000796 0.001052 0.003547 -0.037680 0.095753 -0.126712 40.2910759081 -218.9235248487 203.08172
J157 03DEC17 2003.9589 52990 1249 3 141.1 -2000 -0.321152 4461849 0.352803 203 0.082595 0.0000 0.000802 0.001077 0.003516 -0.075143 0.079815 -0.095177 40.2910759213 -218.9235248409 203.08260
J157 03DEC18 2003.9617 52991 1249 4 141.1 -2000 -0.320967 4461849 0.355590 203 0.086780 0.0000 0.000833 0.001080 0.003733 -0.002444 0.085738 -0.117552 40.2910759464 -218.9235248388 203.08678
J157 03DEC19 2003.9644 52992 1249 5 141.1 -2000 -0.322509 4461849 0.352893 203 0.094121 0.0000 0.000826 0.001074 0.003700 -0.057701 0.107854 -0.112227 40.2910759221 -218.9235248569 203.09412
J157 03DEC20 2003.9671 52993 1249 6 141.1 -2000 -0.323714 4461849 0.356210 203 0.093304 0.0000 0.000811 0.001065 0.003639 -0.077694 0.099582 -0.118425 40.2910759520 -218.9235248711 203.09330
J157 03DEC21 2003.9699 52994 1250 0 141.1 -2000 -0.325883 4461849 0.355332 203 0.084555 0.0000 0.000828 0.001084 0.003625 -0.069651 0.105237 -0.001816 40.2910759440 -218.9235248966 203.08456
J157 03DEC22 2003.9726 52995 1250 1 141.1 -2000 -0.321756 4461849 0.353623 203 0.064829 0.0000 0.000824 0.001066 0.003706 -0.055223 0.089854 -0.087496 40.2910759287 -218.9235248480 203.06483
J157 03DEC23 2003.9754 52996 1250 2 141.1 -2000 -0.322337 4461849 0.352828 203 0.085007 0.0000 0.000814 0.001050 0.003500 -0.056524 0.122115 -0.119879 40.2910759215 -218.9235248549 203.08501
J157 03DEC24 2003.9781 52997 1250 3 141.1 -2000 -0.324498 4461849 0.352177 203 0.088260 0.0000 0.000803 0.001074 0.003541 -0.107720 0.086958 -0.089576 40.2910759156 -218.9235248803 203.08826
J157 03DEC25 2003.9808 52998 1250 4 141.1 -2000 -0.327897 4461849 0.350534 203 0.083155 0.0000 0.000802 0.001068 0.003546 -0.060130 0.087365 -0.109670 40.2910759008 -218.9235249203 203.08316
J157 03DEC26 2003.9836 52999 1250 5 141.1 -2000 -0.326538 4461849 0.351051 203 0.085244 0.0000 0.000780 0.001058 0.003489 -0.079167 0.117316 -0.065045 40.2910759055 -218.9235249043 203.08524
J157 03DEC27 2003.9863 53000 1250 6 141.1 -2000 -0.326229 4461849 0.352621 203 0.072940 0.0000 0.000798 0.001055 0.003520 -0.072176 0.071853 -0.086810 40.2910759196 -218.9235249006 203.07294
J157 03DEC28 2003.9890 53001 1251 0 141.1 -2000 -0.324151 4461849 0.351119 203 0.085119 0.0000 0.000829 0.001055 0.003669 -0.053664 0.113810 -0.116828 40.2910759061 -218.9235248762 203.08512
J157 03DEC29 2003.9918 53002 1251 1 141.1 -2000 -0.326074 4461849 0.348723 203 0.075744 0.0000 0.000797 0.001058 0.003510 -0.094688 0.062272 -0.059274 40.2910758845 -218.9235248988 203.07574
J157 03DEC30 2003.9945 53003 1251 2 141.1 -2000 -0.322261 4461849 0.351377 203 0.093990 0.0000 0.000805 0.001077 0.003582 -0.055484 0.059296 -0.116242 40.2910759084 -218.9235248540 203.09399
J157 03DEC31 2003.9973 53004 1251 3 141.1 -2000 -0.320525 4461849 0.350463 203 0.084262 0.0000 0.000802 0.001072 0.003616 -0.075793 0.151062 -0.087015 40.2910759002 -218.9235248336 203.08426
J157 04JAN01 2004.0000 53005 1251 4 141.1 -2000 -0.321739 4461849 0.351633 203 0.081153 0.0000 0.000810 0.001083 0.003674 -0.040659 0.110619 -0.111467 40.2910759107 -218.9235248478 203.08115
J157 04JAN02 2004.0027 53006 1251 5 141.1 -2000 -0.321939 4461849 0.352047 203 0.075862 0.0000 0.000795 0.001042 0.003475 -0.068287 0.142806 -0.121588 40.2910759145 -218.9235248502 203.07586
J157 04JAN03 2004.0055 53007 1251 6 141.1 -2000 -0.324878 4461849 0.352373 203 0.075519 0.0000 0.000788 0.001068 0.003507 -0.102229 0.132105 -0.102013 40.2910759174 -218.9235248848 203.07552
J157 04JAN04 2004.0082 53008 1252 0 141.1 -2000 -0.321051 4461849 0.351768 203 0.076849 0.0000 0.000801 0.001076 0.003600 -0.037647 0.088955 -0.197594 40.2910759119 -218.9235248398 203.07685
J157 04JAN05 2004.0110 53009 1252 1 141.1 -2000 -0.322371 4461849 0.351673 203 0.086887 0.0000 0.000810 0.001071 0.003652 -0.070056 0.176204 -0.130833 40.2910759111 -218.9235248553 203.08689
J157 04JAN06 2004.0137 53010 1252 2 141.1 -2000 -0.321363 4461849 0.353083 203 0.082364 0.0000 0.000854 0.001115 0.003867 -0.134377 0.080204 -0.161593 40.2910759238 -218.9235248434 203.08236
J157 04JAN07 2004.0164 53011 1252 3 141.1 -2000 -0.323218 4461849 0.353475 203 0.083133 0.0000 0.000806 0.001062 0.003542 -0.081815 0.121960 -0.143592 40.2910759273 -218.9235248652 203.08313
J157 04JAN08 2004.0192 53012 1252 4 141.1 -2000 -0.327028 4461849 0.352981 203 0.080004 0.0000 0.000792 0.001043 0.003477 -0.049998 0.110127 -0.085716 40.2910759229 -218.9235249100 203.08000
J157 04JAN09 2004.0219 53013 1252 5 141.1 -2000 -0.324134 4461849 0.352026 203 0.078266 0.0000 0.000786 0.001044 0.003488 -0.079942 0.119717 -0.154747 40.2910759143 -218.9235248760 203.07827
J157 04JAN10 2004.0246 53014 1252 6 141.1 -2000 -0.323469 4461849 0.352332 203 0.074372 0.0000 0.000797 0.001066 0.003544 -0.044282 0.102381 -0.177901 40.2910759170 -218.9235248682 203.07437
J157 04JAN11 2004.0274 53015 1253 0 141.1 -2000 -0.325260 4461849 0.354410 203 0.075120 0.0000 0.000806 0.001048 0.003468 0.022467 0.099586 -0.112638 40.2910759357 -218.9235248893 203.07512
J157 04JAN13 2004.0329 53017 1253 2 141.1 -2000 -0.323926 4461849 0.352549 203 0.086491 0.0000 0.000811 0.001087 0.003591 -0.069046 0.081604 -0.126996 40.2910759190 -218.9235248736 203.08649
J157 04JAN14 2004.0356 53018 1253 3 141.1 -2000 -0.327388 4461849 0.354629 203 0.081574 0.0000 0.000818 0.001103 0.003658 -0.063324 0.140010 -0.134315 40.2910759377 -218.9235249143 203.08157
J157 04JAN15 2004.0383 53019 1253 4 141.1 -2000 -0.324877 4461849 0.351716 203 0.076740 0.0000 0.000798 0.001101 0.003630 -0.023956 0.113574 -0.109823 40.2910759115 -218.9235248848 203.07674
J157 04JAN16 2004.0411 53020 1253 5 141.1 -2000 -0.324190 4461849 0.349813 203 0.082254 0.0000 0.000820 0.001133 0.003754 -0.061594 0.094578 -0.192893 40.2910758943 -218.9235248767 203.08225
J157 04JAN17 2004.0438 53021 1253 6 141.1 -2000 -0.323759 4461849 0.349325 203 0.081290 0.0000 0.000809 0.001039 0.003584 0.009728 0.101391 -0.132862 40.2910758900 -218.9235248716 203.08129
J157 04JAN18 2004.0465 53022 1254 0 141.1 -2000 -0.324308 4461849 0.351495 203 0.080039 0.0000 0.000797 0.001046 0.003525 -0.034263 0.100973 -0.104335 40.2910759095 -218.9235248781 203.08004
J157 04JAN19 2004.0493 53023 1254 1 141.1 -2000 -0.325891 4461849 0.349401 203 0.077809 0.0000 0.000786 0.001022 0.003478 -0.015714 0.070459 -0.160072 40.2910758906 -218.9235248967 203.07781
J157 04JAN20 2004.0520 53024 1254 2 141.1 -2000 -0.324730 4461849 0.350514 203 0.086453 0.0000 0.000815 0.001038 0.003650 -0.058295 0.061311 -0.169404 40.2910759007 -218.9235248830 203.08645
J157 04JAN21 2004.0548 53025 1254 3 141.1 -2000 -0.324531 4461849 0.350839 203 0.081133 0.0000 0.000798 0.001081 0.003530 -0.046767 0.036088 -0.079544 40.2910759036 -218.9235248807 203.08113
J157 04JAN22 2004.0575 53026 1254 4 141.1 -2000 -0.326866 4461849 0.350218 203 0.077846 0.0000 0.000799 0.001096 0.003556 -0.065079 0.035568 -0.115511 40.2910758980 -218.9235249081 203.07785
J157 04JAN23 2004.0602 53027 1254 5 141.1 -2000 -0.324830 4461849 0.347894 203 0.080235 0.0000 0.000777 0.001002 0.003428 -0.032420 0.071494 -0.143350 40.2910758771 -218.9235248842 203.08023
J157 04JAN24 2004.0630 53028 1254 6 141.1 -2000 -0.324196 4461849 0.346676 203 0.083523 0.0000 0.000777 0.001013 0.003426 0.005741 0.013995 -0.139639 40.2910758661 -218.9235248767 203.08352
J157 04JAN25 2004.0657 53029 1255 0 141.1 -2000 -0.325446 4461849 0.350839 203 0.076656 0.0000 0.000771 0.000977 0.003381 -0.058245 0.132391 -0.113225 40.2910759036 -218.9235248914 203.07666
J157 04JAN26 2004.0684 53030 1255 1 141.1 -2000 -0.326624 4461849 0.351820 203 0.080200 0.0000 0.000771 0.001008 0.003433 -0.049629 0.027979 -0.094276 40.2910759124 -218.9235249053 203.08020
J157 04JAN27 2004.0712 53031 1255 2 141.1 -2000 -0.325668 4461849 0.353070 203 0.082700 0.0000 0.000786 0.001061 0.003499 -0.047920 0.074390 -0.124956 40.2910759237 -218.9235248941 203.08270
J157 04JAN28 2004.0739 53032 1255 3 141.1 -2000 -0.326297 4461849 0.350029 203 0.075875 0.0000 0.000775 0.001008 0.003457 -0.049234 0.072909 -0.099709 40.2910758963 -218.9235249014 203.07588
J157 04JAN29 2004.0767 53033 1255 4 141.1 -2000 -0.324484 4461849 0.351240 203 0.081031 0.0000 0.000789 0.001017 0.003513 -0.095631 0.135724 -0.163639 40.2910759072 -218.9235248801 203.08103
J157 04JAN30 2004.0794 53034 1255 5 141.1 -2000 -0.326264 4461849 0.350353 203 0.085981 0.0000 0.000783 0.001008 0.003471 -0.022552 0.044364 -0.137622 40.2910758992 -218.9235249011 203.08598
J157 04JAN31 2004.0821 53035 1255 6 141.1 -2000 -0.327412 4461849 0.349699 203 0.077831 0.0000 0.000793 0.001036 0.003608 -0.039792 0.045996 -0.173579 40.2910758933 -218.9235249145 203.07783
J157 04FEB01 2004.0849 53036 1256 0 141.1 -2000 -0.325102 4461849 0.351417 203 0.087640 0.0000 0.000781 0.001004 0.003490 -0.042502 0.123787 -0.173594 40.2910759088 -218.9235248874 203.08764
J157 04FEB02 2004.0876 53037 1256 1 141.1 -2000 -0.329358 4461849 0.350017 203 0.090553 0.0000 0.000768 0.001017 0.003512 0.010622 0.044094 -0.185428 40.2910758962 -218.9235249374 203.09055
J157 04FEB03 2004.0903 53038 1256 2 141.1 -2000 -0.326668 4461849 0.351715 203 0.068832 0.0000 0.000811 0.001067 0.003653 -0.051350 0.100345 -0.173593 40.2910759115 -218.9235249058 203.06883
J157 04FEB04 2004.0931 53039 1256 3 141.1 -2000 -0.328213 4461849 0.350534 203 0.075979 0.0000 0.000784 0.001013 0.003523 -0.015936 0.088924 -0.146876 40.2910759008 -218.9235249240 203.07598
J157 04FEB05 2004.0958 53040 1256 4 141.1 -2000 -0.327064 4461849 0.350606 203 0.083033 0.0000 0.000792 0.000999 0.003543 -0.001466 0.065930 -0.173633 40.2910759015 -218.9235249105 203.08303
J157 04FEB06 2004.0986 53041 1256 5 141.1 -2000 -0.326075 4461849 0.350017 203 0.076217 0.0000 0.000812 0.001059 0.003716 0.026867 0.064118 -0.184209 40.2910758962 -218.9235248988 203.07622
J157 04FEB07 2004.1013 53042 1256 6 141.1 -2000 -0.325716 4461849 0.349580 203 0.079558 0.0000 0.000812 0.001060 0.003638 -0.012401 0.076195 -0.176655 40.2910758922 -218.9235248946 203.07956
J157 04FEB08 2004.1040 53043 1257 0 141.1 -2000 -0.326394 4461849 0.350452 203 0.067157 0.0000 0.000789 0.001039 0.003566 -0.000481 0.034247 -0.198432 40.2910759001 -218.9235249026 203.06716
J157 04FEB10 2004.1095 53045 1257 2 141.1 -2000 -0.324659 4461849 0.348915 203 0.082284 0.0000 0.000759 0.001003 0.003336 -0.059659 0.099222 -0.165359 40.2910758863 -218.9235248822 203.08228
J157 04FEB11 2004.1123 53046 1257 3 141.1 -2000 -0.323895 4461849 0.349816 203 0.086803 0.0000 0.000806 0.001039 0.003553 -0.069882 0.088329 -0.114410 40.2910758944 -218.9235248732 203.08680
J157 04FEB12 2004.1150 53047 1257 4 141.1 -2000 -0.325304 4461849 0.349846 203 0.077359 0.0000 0.000840 0.001066 0.003776 -0.040438 0.076203 -0.155208 40.2910758946 -218.9235248898 203.07736
J157 04FEB13 2004.1177 53048 1257 5 141.1 -2000 -0.323685 4461849 0.350924 203 0.077248 0.0000 0.000799 0.001053 0.003626 -0.089885 0.057649 -0.189947 40.2910759043 -218.9235248707 203.07725
J157 04FEB14 2004.1205 53049 1257 6 141.1 -2000 -0.323479 4461849 0.347469 203 0.087564 0.0000 0.000852 0.001072 0.003722 -0.081911 0.097898 -0.185897 40.2910758732 -218.9235248683 203.08756
J157 04FEB15 2004.1232 53050 1258 0 141.1 -2000 -0.328851 4461849 0.350686 203 0.081923 0.0000 0.000872 0.001085 0.003822 -0.012579 0.115076 -0.111713 40.2910759022 -218.9235249315 203.08192
J157 04FEB16 2004.1259 53051 1258 1 141.1 -2000 -0.324923 4461849 0.351019 203 0.082305 0.0000 0.000818 0.001046 0.003554 -0.071480 0.070523 -0.130702 40.2910759052 -218.9235248853 203.08231
J157 04FEB17 2004.1287 53052 1258 2 141.1 -2000 -0.326298 4461849 0.351017 203 0.082692 0.0000 0.000844 0.001055 0.003698 0.000036 0.079370 -0.173674 40.2910759052 -218.9235249015 203.08269
J157 04FEB18 2004.1314 53053 1258 3 141.1 -2000 -0.327440 4461849 0.349550 203 0.090187 0.0000 0.000801 0.001063 0.003638 -0.041095 0.088854 -0.153448 40.2910758920 -218.9235249149 203.09019
J157 04FEB19 2004.1342 53054 1258 4 141.1 -2000 -0.325828 4461849 0.349725 203 0.074617 0.0000 0.000795 0.001049 0.003557 -0.035222 0.031689 -0.152707 40.2910758936 -218.9235248959 203.07462
J157 04FEB20 2004.1369 53055 1258 5 141.1 -2000 -0.326684 4461849 0.350987 203 0.084239 0.0000 0.000810 0.001040 0.003623 -0.041543 0.110422 -0.170818 40.2910759049 -218.9235249060 203.08424
J157 04FEB21 2004.1396 53056 1258 6 141.1 -2000 -0.326132 4461849 0.350305 203 0.080119 0.0000 0.000799 0.001037 0.003531 -0.078113 0.072701 -0.153794 40.2910758988 -218.9235248995 203.08012
J157 04FEB22 2004.1424 53057 1259 0 141.1 -2000 -0.328798 4461849 0.346372 203 0.072186 0.0000 0.000811 0.001076 0.003601 -0.115806 0.124161 -0.155293 40.2910758634 -218.9235249308 203.07219
J157 04FEB23 2004.1451 53058 1259 1 141.1 -2000 -0.327565 4461849 0.350336 203 0.079116 0.0000 0.000800 0.001043 0.003505 -0.073510 0.116943 -0.138074 40.2910758991 -218.9235249164 203.07912
J157 04FEB24 2004.1478 53059 1259 2 141.1 -2000 -0.326651 4461849 0.349817 203 0.073239 0.0000 0.000820 0.001053 0.003657 -0.075812 0.094517 -0.197023 40.2910758944 -218.9235249056 203.07324
J157 04FEB25 2004.1506 53060 1259 3 141.1 -2000 -0.324772 4461849 0.347884 203 0.081040 0.0000 0.000826 0.001051 0.003594 -0.058184 0.090739 -0.163195 40.2910758770 -218.9235248835 203.08104
J157 04FEB26 2004.1533 53061 1259 4 141.1 -2000 -0.328383 4461849 0.347782 203 0.077947 0.0000 0.000842 0.001053 0.003731 -0.067347 0.133560 -0.136824 40.2910758761 -218.9235249260 203.07795
J157 04FEB27 2004.1561 53062 1259 5 141.1 -2000 -0.326093 4461849 0.350567 203 0.078515 0.0000 0.000825 0.001030 0.003551 -0.039708 0.175082 -0.150176 40.2910759011 -218.9235248990 203.07851
J157 04FEB28 2004.1588 53063 1259 6 141.1 -2000 -0.327199 4461849 0.348436 203 0.079701 0.0000 0.000818 0.001062 0.003723 -0.037315 0.170266 -0.111045 40.2910758819 -218.9235249120 203.07970
J157 04FEB29 2004.1615 53064 1260 0 141.1 -2000 -0.329510 4461849 0.349260 203 0.069686 0.0000 0.000798 0.001054 0.003547 -0.096442 0.132004 -0.145993 40.2910758894 -218.9235249392 203.06969
J157 04MAR01 2004.1643 53065 1260 1 141.1 -2000 -0.325272 4461849 0.351586 203 0.062275 0.0000 0.000790 0.001043 0.003529 -0.080495 0.113208 -0.184149 40.2910759103 -218.9235248894 203.06227
J157 04MAR02 2004.1670 53066 1260 2 141.1 -2000 -0.326959 4461849 0.348446 203 0.073445 0.0000 0.000786 0.001035 0.003404 -0.074783 0.122499 -0.105556 40.2910758820 -218.9235249092 203.07344
J157 04MAR03 2004.1697 53067 1260 3 141.1 -2000 -0.325645 4461849 0.351635 203 0.073847 0.0000 0.000863 0.001076 0.003796 -0.070961 0.175819 -0.133417 40.2910759108 -218.9235248938 203.07385
J157 04MAR04 2004.1725 53068 1260 4 141.1 -2000 -0.327108 4461849 0.351477 203 0.076143 0.0000 0.000818 0.001052 0.003568 -0.046120 0.145118 -0.126063 40.2910759093 -218.9235249110 203.07614
J157 04MAR05 2004.1752 53069 1260 5 141.1 -2000 -0.327430 4461849 0.348813 203 0.072220 0.0000 0.000828 0.001091 0.003694 -0.070695 0.139958 -0.102130 40.2910758853 -218.9235249148 203.07222
J157 04MAR06 2004.1780 53070 1260 6 141.1 -2000 -0.328146 4461849 0.346124 203 0.073152 0.0000 0.000777 0.001028 0.003423 -0.031350 0.101629 -0.089482 40.2910758611 -218.9235249232 203.07315
J157 04MAR07 2004.1807 53071 1261 0 141.1 -2000 -0.327292 4461849 0.347833 203 0.075776 0.0000 0.000777 0.001036 0.003450 -0.069739 0.106566 -0.089075 40.2910758765 -218.9235249131 203.07578
J157 04MAR08 2004.1834 53072 1261 1 141.1 -2000 -0.329963 4461849 0.352445 203 0.086927 0.0000 0.000808 0.001070 0.003559 -0.090285 0.080979 -0.147181 40.2910759180 -218.9235249446 203.08693
J157 04MAR09 2004.1862 53073 1261 2 141.1 -2000 -0.326951 4461849 0.354598 203 0.079997 0.0000 0.000828 0.001093 0.003665 -0.061286 0.119030 -0.141936 40.2910759374 -218.9235249091 203.08000
J157 04MAR10 2004.1889 53074 1261 3 141.1 -2000 -0.327885 4461849 0.348303 203 0.075009 0.0000 0.000845 0.001126 0.003753 -0.063614 0.134720 -0.100378 40.2910758807 -218.9235249201 203.07501
J157 04MAR11 2004.1916 53075 1261 4 141.1 -2000 -0.331743 4461849 0.348330 203 0.084286 0.0000 0.000813 0.001090 0.003706 -0.098648 0.098889 -0.154871 40.2910758810 -218.9235249655 203.08429
J157 04MAR12 2004.1944 53076 1261 5 141.1 -2000 -0.333347 4461849 0.348527 203 0.091131 0.0000 0.000812 0.001058 0.003565 -0.101938 0.115647 -0.161269 40.2910758828 -218.9235249843 203.09113
J157 04MAR13 2004.1971 53077 1261 6 141.1 -2000 -0.327064 4461849 0.349574 203 0.083024 0.0000 0.000792 0.001064 0.003533 -0.079095 0.086282 -0.120214 40.2910758922 -218.9235249105 203.08302
J157 04MAR14 2004.1999 53078 1262 0 141.1 -2000 -0.327137 4461849 0.347867 203 0.079733 0.0000 0.000804 0.001069 0.003584 -0.065011 0.064352 -0.099198 40.2910758768 -218.9235249113 203.07973
J157 04MAR15 2004.2026 53079 1262 1 141.1 -2000 -0.326264 4461849 0.350535 203 0.078577 0.0000 0.000831 0.001067 0.003616 -0.072614 0.101863 -0.130725 40.2910759009 -218.9235249010 203.07858
J157 04MAR16 2004.2053 53080 1262 2 141.1 -2000 -0.327757 4461849 0.349077 203 0.085256 0.0000 0.000811 0.001074 0.003597 -0.070124 0.046974 -0.133908 40.2910758877 -218.9235249186 203.08526
J157 04MAR17 2004.2081 53081 1262 3 141.1 -2000 -0.329500 4461849 0.347675 203 0.067252 0.0000 0.000874 0.001123 0.003841 -0.070270 0.064455 -0.123484 40.2910758751 -218.9235249391 203.06725
J157 04MAR18 2004.2108 53082 1262 4 141.1 -2000 -0.323242 4461849 0.352310 203 0.083554 0.0000 0.000864 0.001115 0.003798 -0.087512 0.085488 -0.128790 40.2910759168 -218.9235248655 203.08355
J157 04MAR19 2004.2136 53083 1262 5 141.1 -2000 -0.327980 4461849 0.349413 203 0.087454 0.0000 0.000814 0.001087 0.003699 -0.090875 0.118679 -0.134818 40.2910758907 -218.9235249212 203.08745
J157 04MAR20 2004.2163 53084 1262 6 141.1 -2000 -0.326339 4461849 0.349991 203 0.077942 0.0000 0.000806 0.001098 0.003660 -0.046768 0.062897 -0.186188 40.2910758959 -218.9235249019 203.07794
J157 04MAR21 2004.2190 53085 1263 0 141.1 -2000 -0.326272 4461849 0.348631 203 0.083166 0.0000 0.000833 0.001122 0.003740 -0.089787 0.048994 -0.047597 40.2910758837 -218.9235249011 203.08317
J157 04MAR22 2004.2218 53086 1263 1 141.1 -2000 -0.326804 4461849 0.350005 203 0.086299 0.0000 0.000832 0.001096 0.003681 -0.101637 0.079420 -0.096337 40.2910758961 -218.9235249074 203.08630
J157 04MAR23 2004.2245 53087 1263 2 141.1 -2000 -0.327242 4461849 0.349575 203 0.078998 0.0000 0.000827 0.001092 0.003593 -0.119030 0.067116 -0.098065 40.2910758922 -218.9235249125 203.07900
J157 04MAR24 2004.2272 53088 1263 3 141.1 -2000 -0.327772 4461849 0.352527 203 0.078618 0.0000 0.000827 0.001126 0.003747 -0.089302 0.029812 -0.140026 40.2910759188 -218.9235249188 203.07862
J157 04MAR25 2004.2300 53089 1263 4 141.1 -2000 -0.327531 4461849 0.347508 203 0.092710 0.0000 0.000832 0.001081 0.003655 -0.100140 0.062887 -0.133176 40.2910758736 -218.9235249159 203.09271
J157 04MAR26 2004.2327 53090 1263 5 141.1 -2000 -0.326565 4461849 0.349020 203 0.079132 0.0000 0.000824 0.001065 0.003605 -0.067516 0.072354 -0.128421 40.2910758872 -218.9235249046 203.07913
J157 04MAR27 2004.2355 53091 1263 6 141.1 -2000 -0.327988 4461849 0.349718 203 0.082094 0.0000 0.000834 0.001080 0.003732 -0.097692 0.098840 -0.124455 40.2910758935 -218.9235249213 203.08209
J157 04MAR28 2004.2382 53092 1264 0 141.1 -2000 -0.327322 4461849 0.347657 203 0.078108 0.0000 0.000818 0.001070 0.003627 -0.095963 0.096657 -0.135563 40.2910758749 -218.9235249135 203.07811
J157 04MAR29 2004.2409 53093 1264 1 141.1 -2000 -0.328679 4461849 0.347795 203 0.082186 0.0000 0.000871 0.001107 0.003950 -0.051454 0.083816 -0.174914 40.2910758762 -218.9235249295 203.08219
J157 04MAR30 2004.2437 53094 1264 2 141.1 -2000 -0.330896 4461849 0.345933 203 0.081247 0.0000 0.000817 0.001064 0.003643 -0.039486 0.049454 -0.132437 40.2910758594 -218.9235249555 203.08125
J157 04MAR31 2004.2464 53095 1264 3 141.1 -2000 -0.329527 4461849 0.347766 203 0.068954 0.0000 0.000829 0.001088 0.003840 -0.066234 0.116615 -0.171827 40.2910758759 -218.9235249394 203.06895
J157 04APR01 2004.2491 53096 1264 4 141.1 -2000 -0.326782 4461849 0.349637 203 0.080523 0.0000 0.000810 0.001066 0.003627 -0.044997 0.037923 -0.140170 40.2910758928 -218.9235249071 203.08052
J157 04APR02 2004.2519 53097 1264 5 141.1 -2000 -0.329449 4461849 0.344993 203 0.070777 0.0000 0.000838 0.001094 0.003825 -0.106178 0.134260 -0.180657 40.2910758509 -218.9235249385 203.07078
J157 04APR03 2004.2546 53098 1264 6 141.1 -2000 -0.324440 4461849 0.348836 203 0.083389 0.0000 0.000788 0.001054 0.003532 -0.062029 0.059008 -0.108226 40.2910758855 -218.9235248796 203.08339
J157 04APR04 2004.2574 53099 1265 0 141.1 -2000 -0.329045 4461849 0.349290 203 0.087583 0.0000 0.000808 0.001041 0.003611 -0.043396 0.128459 -0.136683 40.2910758896 -218.9235249338 203.08758
J157 04APR05 2004.2601 53100 1265 1 141.1 -2000 -0.325261 4461849 0.348095 203 0.079415 0.0000 0.000784 0.001061 0.003529 -0.096341 0.095443 -0.146471 40.2910758789 -218.9235248893 203.07941
J157 04APR06 2004.2628 53101 1265 2 141.1 -2000 -0.327436 4461849 0.350140 203 0.079446 0.0000 0.000793 0.001046 0.003557 -0.093772 0.086127 -0.137938 40.2910758973 -218.9235249148 203.07945
J157 04APR07 2004.2656 53102 1265 3 141.1 -2000 -0.325006 4461849 0.349972 203 0.082399 0.0000 0.000802 0.001016 0.003582 -0.099451 0.141191 -0.131457 40.2910758958 -218.9235248863 203.08240
J157 04APR08 2004.2683 53103 1265 4 141.1 -2000 -0.329935 4461849 0.349332 203 0.088372 0.0000 0.000797 0.001049 0.003458 -0.141545 0.074160 -0.117738 40.2910758900 -218.9235249442 203.08837
J157 04APR09 2004.2710 53104 1265 5 141.1 -2000 -0.329721 4461849 0.349622 203 0.079239 0.0000 0.000792 0.001033 0.003496 -0.100444 0.114512 -0.162696 40.2910758926 -218.9235249417 203.07924
J157 04APR10 2004.2738 53105 1265 6 141.1 -2000 -0.327096 4461849 0.348157 203 0.086362 0.0000 0.000805 0.001070 0.003619 -0.156719 0.181023 -0.161352 40.2910758794 -218.9235249108 203.08636
J157 04APR11 2004.2765 53106 1266 0 141.1 -2000 -0.329296 4461849 0.349600 203 0.087539 0.0000 0.000781 0.001045 0.003510 -0.082126 0.123536 -0.140765 40.2910758924 -218.9235249367 203.08754
J157 04APR12 2004.2793 53107 1266 1 141.1 -2000 -0.329648 4461849 0.349135 203 0.083441 0.0000 0.000791 0.001049 0.003508 -0.125402 0.166731 -0.163748 40.2910758882 -218.9235249408 203.08344
J157 04APR13 2004.2820 53108 1266 2 141.1 -2000 -0.328248 4461849 0.349695 203 0.086348 0.0000 0.000799 0.001054 0.003527 -0.100058 0.097579 -0.169415 40.2910758933 -218.9235249244 203.08635
J157 04APR14 2004.2847 53109 1266 3 141.1 -2000 -0.326865 4461849 0.350963 203 0.078022 0.0000 0.000791 0.001030 0.003497 -0.086106 0.138649 -0.140241 40.2910759047 -218.9235249081 203.07802
J157 04APR15 2004.2875 53110 1266 4 141.1 -2000 -0.328690 4461849 0.349073 203 0.084045 0.0000 0.000784 0.001080 0.003580 -0.102572 0.114032 -0.186036 40.2910758877 -218.9235249296 203.08404
J157 04APR16 2004.2902 53111 1266 5 141.1 -2000 -0.328439 4461849 0.350373 203 0.076954 0.0000 0.000797 0.001081 0.003627 -0.079000 0.070865 -0.198492 40.2910758994 -218.9235249266 203.07695
J157 04APR17 2004.2930 53112 1266 6 141.1 -2000 -0.329204 4461849 0.348577 203 0.085745 0.0000 0.000781 0.001033 0.003435 -0.065954 0.057152 -0.157660 40.2910758832 -218.9235249356 203.08574
J157 04APR18 2004.2957 53113 1267 0 141.1 -2000 -0.329339 4461849 0.350288 203 0.080615 0.0000 0.000812 0.001095 0.003637 -0.142364 0.154683 -0.138900 40.2910758986 -218.9235249372 203.08061
J157 04APR19 2004.2984 53114 1267 1 141.1 -2000 -0.332121 4461849 0.348415 203 0.080684 0.0000 0.000819 0.001082 0.003746 -0.122365 0.130306 -0.112906 40.2910758818 -218.9235249699 203.08068
J157 04APR20 2004.3012 53115 1267 2 141.1 -2000 -0.330980 4461849 0.347048 203 0.070342 0.0000 0.000780 0.001051 0.003505 -0.110030 0.106180 -0.111066 40.2910758694 -218.9235249565 203.07034
J157 04APR21 2004.3039 53116 1267 3 141.1 -2000 -0.328413 4461849 0.348067 203 0.083672 0.0000 0.000803 0.001074 0.003637 -0.071838 0.113696 -0.183077 40.2910758786 -218.9235249263 203.08367
J157 04APR22 2004.3066 53117 1267 4 141.1 -2000 -0.328202 4461849 0.348441 203 0.084689 0.0000 0.000771 0.001037 0.003484 -0.056954 0.101308 -0.180601 40.2910758820 -218.9235249238 203.08469
J157 04APR23 2004.3094 53118 1267 5 141.1 -2000 -0.328642 4461849 0.346601 203 0.085715 0.0000 0.000786 0.001059 0.003551 -0.107076 0.069604 -0.181861 40.2910758654 -218.9235249290 203.08571
J157 04APR24 2004.3121 53119 1267 6 141.1 -2000 -0.328615 4461849 0.349486 203 0.083878 0.0000 0.000776 0.001036 0.003415 -0.095432 0.045040 -0.096471 40.2910758914 -218.9235249287 203.08388
J157 04APR25 2004.3149 53120 1268 0 141.1 -2000 -0.328354 4461849 0.346534 203 0.087642 0.0000 0.000799 0.001039 0.003526 -0.104355 0.138628 -0.108721 40.2910758648 -218.9235249256 203.08764
J157 04APR26 2004.3176 53121 1268 1 141.1 -2000 -0.327030 4461849 0.346819 203 0.091040 0.0000 0.000822 0.001068 0.003761 -0.131917 0.220484 -0.180065 40.2910758674 -218.9235249100 203.09104
J157 04APR27 2004.3203 53122 1268 2 141.1 -2000 -0.328421 4461849 0.345137 203 0.086738 0.0000 0.000780 0.001037 0.003470 -0.094160 0.121907 -0.135095 40.2910758522 -218.9235249264 203.08674
J157 04APR28 2004.3231 53123 1268 3 141.1 -2000 -0.327692 4461849 0.345636 203 0.089573 0.0000 0.000808 0.001067 0.003631 -0.102894 0.087538 -0.137177 40.2910758567 -218.9235249178 203.08957
J157 04APR29 2004.3258 53124 1268 4 141.1 -2000 -0.328755 4461849 0.348007 203 0.087650 0.0000 0.000827 0.001061 0.003736 -0.082735 0.149143 -0.141875 40.2910758781 -218.9235249303 203.08765
J157 04APR30 2004.3285 53125 1268 5 141.1 -2000 -0.328740 4461849 0.348746 203 0.092159 0.0000 0.000814 0.001055 0.003670 -0.081588 0.060074 -0.117142 40.2910758847 -218.9235249302 203.09216
J157 04MAY01 2004.3313 53126 1268 6 141.1 -2000 -0.327220 4461849 0.349285 203 0.082430 0.0000 0.000822 0.001068 0.003693 -0.086295 0.108352 -0.144067 40.2910758896 -218.9235249123 203.08243
J157 04MAY02 2004.3340 53127 1269 0 141.1 -2000 -0.328060 4461849 0.348883 203 0.088770 0.0000 0.000788 0.001054 0.003560 -0.096249 0.121606 -0.164012 40.2910758860 -218.9235249222 203.08877
J157 04MAY03 2004.3368 53128 1269 1 141.1 -2000 -0.328827 4461849 0.345418 203 0.084843 0.0000 0.000830 0.001160 0.003834 -0.131120 0.104749 -0.124924 40.2910758548 -218.9235249312 203.08484
J157 04MAY04 2004.3395 53129 1269 2 141.1 -2000 -0.331603 4461849 0.349668 203 0.069575 0.0000 0.000853 0.001094 0.003803 -0.116961 0.098209 -0.152499 40.2910758930 -218.9235249638 203.06958
J157 04MAY05 2004.3422 53130 1269 3 141.1 -2000 -0.328809 4461849 0.347626 203 0.080973 0.0000 0.000841 0.001100 0.003753 -0.113954 0.115502 -0.149220 40.2910758746 -218.9235249310 203.08097
J157 04MAY06 2004.3450 53131 1269 4 141.1 -2000 -0.330367 4461849 0.346224 203 0.079585 0.0000 0.000812 0.001078 0.003648 -0.045828 -0.013843 -0.153542 40.2910758620 -218.9235249493 203.07959
J157 04MAY07 2004.3477 53132 1269 5 141.1 -2000 -0.329803 4461849 0.350061 203 0.081585 0.0000 0.000829 0.001069 0.003689 -0.059401 0.029947 -0.103587 40.2910758966 -218.9235249427 203.08159
J157 04MAY08 2004.3504 53133 1269 6 141.1 -2000 -0.327958 4461849 0.348555 203 0.086330 0.0000 0.000835 0.001087 0.003730 -0.113383 0.090645 -0.119011 40.2910758830 -218.9235249210 203.08633
J157 04MAY09 2004.3532 53134 1270 0 141.1 -2000 -0.328247 4461849 0.348288 203 0.082596 0.0000 0.000842 0.001117 0.003829 -0.069346 0.039664 -0.118917 40.2910758806 -218.9235249244 203.08260
J157 04MAY10 2004.3559 53135 1270 1 141.1 -2000 -0.328660 4461849 0.347234 203 0.089784 0.0000 0.000802 0.001044 0.003554 -0.066990 0.077189 -0.169115 40.2910758711 -218.9235249292 203.08978
J157 04MAY11 2004.3587 53136 1270 2 141.1 -2000 -0.326617 4461849 0.349706 203 0.085377 0.0000 0.000813 0.001060 0.003639 0.008359 0.013072 -0.167318 40.2910758934 -218.9235249052 203.08538
J157 04MAY12 2004.3614 53137 1270 3 141.1 -2000 -0.327359 4461849 0.348549 203 0.087454 0.0000 0.000824 0.001094 0.003746 -0.056884 0.079393 -0.128046 40.2910758830 -218.9235249139 203.08745
J157 04MAY13 2004.3641 53138 1270 4 141.1 -2000 -0.329080 4461849 0.347330 203 0.080996 0.0000 0.000830 0.001081 0.003737 -0.092990 0.080062 -0.103003 40.2910758720 -218.9235249342 203.08100
J157 04MAY14 2004.3669 53139 1270 5 141.1 -2000 -0.328512 4461849 0.348522 203 0.083752 0.0000 0.000830 0.001079 0.003686 -0.089511 0.040515 -0.146923 40.2910758827 -218.9235249275 203.08375
J157 04MAY15 2004.3696 53140 1270 6 141.1 -2000 -0.327056 4461849 0.347564 203 0.086157 0.0000 0.000803 0.001061 0.003668 -0.018853 -0.020284 -0.119198 40.2910758741 -218.9235249104 203.08616
J157 04MAY16 2004.3723 53141 1271 0 141.1 -2000 -0.328205 4461849 0.347577 203 0.090897 0.0000 0.000807 0.001047 0.003608 -0.039970 0.035598 -0.152952 40.2910758742 -218.9235249239 203.09090
J157 04MAY17 2004.3751 53142 1271 1 141.1 -2000 -0.334973 4461849 0.348992 203 0.069633 0.0000 0.000834 0.001113 0.003751 -0.076698 0.073501 -0.070703 40.2910758870 -218.9235250035 203.06963
J157 04MAY18 2004.3778 53143 1271 2 141.1 -2000 -0.329791 4461849 0.347738 203 0.086487 0.0000 0.000882 0.001149 0.004026 -0.089515 0.158576 -0.145816 40.2910758757 -218.9235249425 203.08649
J157 04MAY19 2004.3806 53144 1271 3 141.1 -2000 -0.327043 4461849 0.348278 203 0.099359 0.0000 0.000833 0.001139 0.003787 -0.144015 0.125905 -0.167441 40.2910758805 -218.9235249102 203.09936
J157 04MAY20 2004.3833 53145 1271 4 141.1 -2000 -0.328120 4461849 0.351009 203 0.091871 0.0000 0.000809 0.001087 0.003669 -0.064504 0.017148 -0.158760 40.2910759051 -218.9235249229 203.09187
J157 04MAY21 2004.3860 53146 1271 5 141.1 -2000 -0.329226 4461849 0.349038 203 0.095669 0.0000 0.000830 0.001050 0.003605 -0.111781 0.120353 -0.085583 40.2910758874 -218.9235249359 203.09567
J157 04MAY22 2004.3888 53147 1271 6 141.1 -2000 -0.328389 4461849 0.349033 203 0.095425 0.0000 0.000815 0.001049 0.003570 -0.131304 0.125413 -0.138651 40.2910758873 -218.9235249260 203.09542
J157 04MAY23 2004.3915 53148 1272 0 141.1 -2000 -0.328112 4461849 0.348613 203 0.087055 0.0000 0.000788 0.001041 0.003593 -0.082152 0.079636 -0.143577 40.2910758835 -218.9235249228 203.08706
J157 04MAY24 2004.3943 53149 1272 1 141.1 -2000 -0.329467 4461849 0.350182 203 0.093651 0.0000 0.000812 0.001049 0.003662 -0.101403 0.162130 -0.141363 40.2910758977 -218.9235249387 203.09365
J157 04MAY25 2004.3970 53150 1272 2 141.1 -2000 -0.330384 4461849 0.350611 203 0.086837 0.0000 0.000841 0.001072 0.003776 -0.056421 0.090755 -0.178151 40.2910759015 -218.9235249495 203.08684
J157 04MAY26 2004.3997 53151 1272 3 141.1 -2000 -0.328625 4461849 0.349721 203 0.095436 0.0000 0.000847 0.001122 0.003856 -0.115783 0.082700 -0.128973 40.2910758935 -218.9235249288 203.09544
J157 04MAY27 2004.4025 53152 1272 4 141.1 -2000 -0.328886 4461849 0.350351 203 0.094277 0.0000 0.000846 0.001081 0.003840 -0.086399 0.165471 -0.166862 40.2910758992 -218.9235249319 203.09428
J157 04MAY28 2004.4052 53153 1272 5 141.1 -2000 -0.330060 4461849 0.349947 203 0.091292 0.0000 0.000850 0.001120 0.003932 -0.123446 0.158276 -0.158547 40.2910758956 -218.9235249457 203.09129
J157 04MAY29 2004.4079 53154 1272 6 141.1 -2000 -0.329992 4461849 0.347927 203 0.091109 0.0000 0.000845 0.001100 0.003913 -0.099186 0.059567 -0.130545 40.2910758774 -218.9235249449 203.09111
J157 04MAY30 2004.4107 53155 1273 0 141.1 -2000 -0.329350 4461849 0.351603 203 0.090822 0.0000 0.000853 0.001132 0.003990 -0.062013 0.047436 -0.140241 40.2910759105 -218.9235249373 203.09082
J157 04MAY31 2004.4134 53156 1273 1 141.1 -2000 -0.330678 4461849 0.350417 203 0.088647 0.0000 0.000841 0.001081 0.003764 -0.098580 0.170404 -0.114181 40.2910758998 -218.9235249530 203.08865
J157 04JUN01 2004.4162 53157 1273 2 141.1 -2000 -0.328186 4461849 0.350944 203 0.090663 0.0000 0.000838 0.001074 0.003698 -0.120660 0.089181 -0.094141 40.2910759045 -218.9235249237 203.09066
J157 04JUN02 2004.4189 53158 1273 3 141.1 -2000 -0.326763 4461849 0.349998 203 0.090463 0.0000 0.000857 0.001112 0.003890 -0.104428 0.063271 -0.140109 40.2910758960 -218.9235249069 203.09046
J157 04JUN03 2004.4216 53159 1273 4 141.1 -2000 -0.329476 4461849 0.349589 203 0.099131 0.0000 0.000800 0.001089 0.003606 -0.096291 0.037291 -0.123987 40.2910758923 -218.9235249388 203.09913
J157 04JUN04 2004.4244 53160 1273 5 141.1 -2000 -0.327103 4461849 0.351485 203 0.088434 0.0000 0.000813 0.001038 0.003661 -0.070271 0.118029 -0.170340 40.2910759094 -218.9235249109 203.08843
J157 04JUN05 2004.4271 53161 1273 6 141.1 -2000 -0.328278 4461849 0.350393 203 0.092928 0.0000 0.000832 0.001127 0.003784 -0.126754 0.125277 -0.111390 40.2910758996 -218.9235249247 203.09293
J157 04JUN06 2004.4298 53162 1274 0 141.1 -2000 -0.327054 4461849 0.349805 203 0.101334 0.0000 0.000830 0.001086 0.003745 -0.068355 0.086941 -0.117598 40.2910758943 -218.9235249103 203.10133
J157 04JUN07 2004.4326 53163 1274 1 141.1 -2000 -0.327831 4461849 0.350666 203 0.089139 0.0000 0.000862 0.001113 0.003978 -0.055603 0.062156 -0.204011 40.2910759020 -218.9235249195 203.08914
J157 04JUN08 2004.4353 53164 1274 2 141.1 -2000 -0.329318 4461849 0.351617 203 0.087849 0.0000 0.000843 0.001111 0.003841 -0.082585 0.090179 -0.135992 40.2910759106 -218.9235249370 203.08785
J157 04JUN09 2004.4381 53165 1274 3 141.1 -2000 -0.327963 4461849 0.351710 203 0.095694 0.0000 0.000841 0.001074 0.003817 -0.105744 0.115800 -0.130874 40.2910759114 -218.9235249210 203.09569
J157 04JUN10 2004.4408 53166 1274 4 141.1 -2000 -0.329697 4461849 0.353944 203 0.090110 0.0000 0.000850 0.001136 0.003926 -0.025441 0.059030 -0.197362 40.2910759315 -218.9235249414 203.09011
J157 04JUN11 2004.4435 53167 1274 5 141.1 -2000 -0.327147 4461849 0.350500 203 0.091843 0.0000 0.000799 0.001031 0.003502 -0.085816 0.119213 -0.141528 40.2910759005 -218.9235249114 203.09184
J157 04JUN12 2004.4463 53168 1274 6 141.1 -2000 -0.325717 4461849 0.352878 203 0.093980 0.0000 0.000849 0.001161 0.003971 -0.042545 0.063051 -0.101812 40.2910759220 -218.9235248946 203.09398
J157 04JUN13 2004.4490 53169 1275 0 141.1 -2000 -0.329339 4461849 0.354049 203 0.091758 0.0000 0.000843 0.001093 0.003809 -0.081905 0.080122 -0.070761 40.2910759325 -218.9235249372 203.09176
J157 04JUN14 2004.4517 53170 1275 1 141.1 -2000 -0.328529 4461849 0.354349 203 0.081617 0.0000 0.000836 0.001083 0.003814 0.026235 -0.010065 -0.131488 40.2910759352 -218.9235249277 203.08162
J157 04JUN15 2004.4545 53171 1275 2 141.1 -2000 -0.327638 4461849 0.350205 203 0.089890 0.0000 0.000819 0.001064 0.003668 -0.106504 0.098330 -0.151314 40.2910758979 -218.9235249172 203.08989
J157 04JUN16 2004.4572 53172 1275 3 141.1 -2000 -0.324854 4461849 0.349235 203 0.091675 0.0000 0.000844 0.001125 0.003902 -0.061268 0.051059 -0.135267 40.2910758891 -218.9235248845 203.09168
J157 04JUN17 2004.4600 53173 1275 4 141.1 -2000 -0.326690 4461849 0.350693 203 0.096056 0.0000 0.000858 0.001146 0.003843 -0.138081 0.057622 0.000742 40.2910759023 -218.9235249061 203.09606
J157 04JUN18 2004.4627 53174 1275 5 141.1 -2000 -0.327250 4461849 0.348063 203 0.101358 0.0000 0.000898 0.001215 0.004289 -0.079174 0.067044 -0.093923 40.2910758786 -218.9235249126 203.10136
J157 04JUN19 2004.4654 53175 1275 6 141.1 -2000 -0.327120 4461849 0.349366 203 0.097212 0.0000 0.000783 0.001031 0.003574 -0.033707 0.061490 -0.098229 40.2910758903 -218.9235249111 203.09721
J157 04JUN20 2004.4682 53176 1276 0 141.1 -2000 -0.325882 4461849 0.349741 203 0.091509 0.0000 0.000808 0.001058 0.003533 -0.086675 0.085498 -0.110555 40.2910758937 -218.9235248966 203.09151
J157 04JUN21 2004.4709 53177 1276 1 141.1 -2000 -0.326534 4461849 0.354904 203 0.071612 0.0000 0.000884 0.001154 0.004109 -0.047727 0.023930 -0.147220 40.2910759402 -218.9235249042 203.07161
J157 04JUN22 2004.4736 53178 1276 2 141.1 -2000 -0.330991 4461849 0.349942 203 0.091067 0.0000 0.000885 0.001132 0.004126 -0.058301 0.171429 -0.129695 40.2910758955 -218.9235249566 203.09107
J157 04JUN23 2004.4764 53179 1276 3 141.1 -2000 -0.326739 4461849 0.352662 203 0.093386 0.0000 0.000965 0.001179 0.004305 -0.053922 0.142250 -0.155966 40.2910759200 -218.9235249067 203.09339
J157 04JUN24 2004.4791 53180 1276 4 141.1 -2000 -0.327578 4461849 0.352264 203 0.086692 0.0000 0.000871 0.001143 0.004147 -0.076822 0.148188 -0.175077 40.2910759164 -218.9235249165 203.08669
J157 04JUN25 2004.4819 53181 1276 5 141.1 -2000 -0.327924 4461849 0.351677 203 0.092196 0.0000 0.000859 0.001137 0.004008 -0.021563 0.060343 -0.135416 40.2910759111 -218.9235249206 203.09220
J157 04JUN26 2004.4846 53182 1276 6 141.1 -2000 -0.327308 4461849 0.351112 203 0.092319 0.0000 0.000873 0.001118 0.003908 -0.066370 0.091040 -0.103448 40.2910759060 -218.9235249133 203.09232
J157 04JUN27 2004.4873 53183 1277 0 141.1 -2000 -0.327016 4461849 0.351838 203 0.092861 0.0000 0.000839 0.001067 0.003682 -0.065333 0.113714 -0.126224 40.2910759126 -218.9235249099 203.09286
J157 04JUN28 2004.4901 53184 1277 1 141.1 -2000 -0.326361 4461849 0.353696 203 0.090174 0.0000 0.000844 0.001098 0.003807 -0.127662 0.089116 -0.102538 40.2910759293 -218.9235249022 203.09017
J157 04JUN29 2004.4928 53185 1277 2 141.1 -2000 -0.326097 4461849 0.353405 203 0.088793 0.0000 0.000861 0.001080 0.003912 -0.045774 0.082898 -0.166715 40.2910759267 -218.9235248991 203.08879
J157 04JUN30 2004.4956 53186 1277 3 141.1 -2000 -0.329625 4461849 0.354396 203 0.073385 0.0000 0.001034 0.001231 0.004579 -0.035294 0.068807 -0.126581 40.2910759356 -218.9235249406 203.07339
J157 04JUL01 2004.4983 53187 1277 4 141.1 -2000 -0.327976 4461849 0.354140 203 0.089132 0.0000 0.000838 0.001113 0.003813 -0.049422 -0.012996 -0.035717 40.2910759333 -218.9235249212 203.08913
J157 04JUL02 2004.5010 53188 1277 5 141.1 -2000 -0.327581 4461849 0.351714 203 0.092985 0.0000 0.000867 0.001114 0.003842 -0.047641 0.106522 -0.088396 40.2910759115 -218.9235249165 203.09298
J157 04JUL03 2004.5038 53189 1277 6 141.1 -2000 -0.327423 4461849 0.351498 203 0.090916 0.0000 0.000871 0.001133 0.004020 -0.052175 0.030013 -0.117405 40.2910759095 -218.9235249147 203.09092
J157 04JUL04 2004.5065 53190 1278 0 141.1 -2000 -0.326391 4461849 0.354332 203 0.078776 0.0000 0.000942 0.001193 0.004357 -0.043790 -0.027818 -0.084978 40.2910759350 -218.9235249026 203.07878
J157 04JUL05 2004.5092 53191 1278 1 141.1 -2000 -0.326994 4461849 0.351857 203 0.092782 0.0000 0.000950 0.001160 0.004219 -0.048473 0.074841 -0.160770 40.2910759127 -218.9235249096 203.09278
J157 04JUL06 2004.5120 53192 1278 2 141.1 -2000 -0.326910 4461849 0.356434 203 0.082040 0.0000 0.000824 0.001044 0.003630 -0.041870 0.034201 -0.113212 40.2910759540 -218.9235249087 203.08204
J157 04JUL07 2004.5147 53193 1278 3 141.1 -2000 -0.329726 4461849 0.352192 203 0.096627 0.0000 0.000885 0.001131 0.004049 -0.141198 0.095167 -0.180068 40.2910759158 -218.9235249418 203.09663
J157 04JUL08 2004.5175 53194 1278 4 141.1 -2000 -0.328568 4461849 0.352439 203 0.085286 0.0000 0.000836 0.001061 0.003684 -0.083289 0.116675 -0.167093 40.2910759180 -218.9235249282 203.08529
J157 04JUL09 2004.5202 53195 1278 5 141.1 -2000 -0.329137 4461849 0.356401 203 0.078673 0.0000 0.000881 0.001111 0.004145 0.022564 0.049694 -0.220645 40.2910759537 -218.9235249349 203.07867
J157 04JUL10 2004.5229 53196 1278 6 141.1 -2000 -0.327220 4461849 0.354345 203 0.090612 0.0000 0.000832 0.001102 0.003825 -0.055234 0.066231 -0.111132 40.2910759352 -218.9235249123 203.09061
J157 04JUL11 2004.5257 53197 1279 0 141.1 -2000 -0.328693 4461849 0.353005 203 0.087510 0.0000 0.000832 0.001068 0.003711 -0.063523 0.021754 -0.118195 40.2910759231 -218.9235249296 203.08751
J157 04JUL12 2004.5284 53198 1279 1 141.1 -2000 -0.328367 4461849 0.352373 203 0.084143 0.0000 0.000814 0.001034 0.003575 -0.074908 0.024605 -0.123701 40.2910759174 -218.9235249258 203.08414
J157 04JUL13 2004.5311 53199 1279 2 141.1 -2000 -0.329477 4461849 0.351308 203 0.086118 0.0000 0.000810 0.001045 0.003697 -0.074943 0.026358 -0.109681 40.2910759078 -218.9235249388 203.08612
J157 04JUL14 2004.5339 53200 1279 3 141.1 -2000 -0.328161 4461849 0.351417 203 0.095788 0.0000 0.000817 0.001036 0.003697 -0.089801 0.107346 -0.159858 40.2910759088 -218.9235249234 203.09579
J157 04JUL15 2004.5366 53201 1279 4 141.1 -2000 -0.328810 4461849 0.349743 203 0.101590 0.0000 0.000846 0.001097 0.003798 -0.105848 0.043783 -0.114019 40.2910758937 -218.9235249310 203.10159
J157 04JUL16 2004.5394 53202 1279 5 141.1 -2000 -0.326706 4461849 0.352553 203 0.090555 0.0000 0.000898 0.001094 0.003974 -0.058796 0.106708 -0.105805 40.2910759190 -218.9235249063 203.09055
J157 04JUL17 2004.5421 53203 1279 6 141.1 -2000 -0.327561 4461849 0.352255 203 0.092624 0.0000 0.000842 0.001086 0.003829 -0.047854 0.068020 -0.020598 40.2910759163 -218.9235249163 203.09262
J157 04JUL18 2004.5448 53204 1280 0 141.1 -2000 -0.328307 4461849 0.355398 203 0.087432 0.0000 0.000902 0.001093 0.004079 -0.067743 0.109312 -0.094948 40.2910759446 -218.9235249251 203.08743
J157 04JUL19 2004.5476 53205 1280 1 141.1 -2000 -0.333678 4461849 0.357476 203 0.080971 0.0000 0.000854 0.001056 0.003819 -0.060098 0.065689 -0.173650 40.2910759634 -218.9235249883 203.08097
J157 04JUL20 2004.5503 53206 1280 2 141.1 -2000 -0.331879 4461849 0.355731 203 0.083221 0.0000 0.000897 0.001156 0.004073 -0.001427 -0.001083 -0.129470 40.2910759476 -218.9235249671 203.08322
J157 04JUL21 2004.5530 53207 1280 3 141.1 -2000 -0.328817 4461849 0.355301 203 0.080118 0.0000 0.000839 0.001100 0.003722 -0.111096 0.030022 -0.079126 40.2910759438 -218.9235249311 203.08012
J157 04JUL22 2004.5558 53208 1280 4 141.1 -2000 -0.329907 4461849 0.352400 203 0.093991 0.0000 0.000847 0.001044 0.003754 -0.069819 0.108954 -0.132097 40.2910759176 -218.9235249439 203.09399
J157 04JUL23 2004.5585 53209 1280 5 141.1 -2000 -0.328045 4461849 0.352230 203 0.085195 0.0000 0.000871 0.001086 0.003858 -0.064575 0.108814 -0.068400 40.2910759161 -218.9235249220 203.08520
J157 04JUL24 2004.5613 53210 1280 6 141.1 -2000 -0.327862 4461849 0.356412 203 0.080085 0.0000 0.000837 0.001087 0.003819 -0.061634 -0.052208 -0.110834 40.2910759538 -218.9235249199 203.08009
J157 04JUL25 2004.5640 53211 1281 0 141.1 -2000 -0.329412 4461849 0.354536 203 0.090754 0.0000 0.000835 0.001066 0.003701 -0.070856 0.101868 -0.101686 40.2910759369 -218.9235249381 203.09075
J157 04JUL26 2004.5667 53212 1281 1 141.1 -2000 -0.330732 4461849 0.353130 203 0.092082 0.0000 0.000843 0.001056 0.003690 -0.057312 0.071290 -0.133870 40.2910759242 -218.9235249536 203.09208
J157 04JUL27 2004.5695 53213 1281 2 141.1 -2000 -0.330228 4461849 0.356751 203 0.090156 0.0000 0.000984 0.001254 0.004474 0.000024 0.121606 -0.106525 40.2910759568 -218.9235249477 203.09016
J157 04JUL28 2004.5722 53214 1281 3 141.1 -2000 -0.328826 4461849 0.352314 203 0.090306 0.0000 0.000800 0.001049 0.003562 -0.089762 0.075253 -0.092810 40.2910759169 -218.9235249312 203.09031
J157 04JUL29 2004.5749 53215 1281 4 141.1 -2000 -0.328359 4461849 0.354451 203 0.096086 0.0000 0.000809 0.001036 0.003580 -0.072037 0.080140 -0.100648 40.2910759361 -218.9235249257 203.09609
J157 04JUL30 2004.5777 53216 1281 5 141.1 -2000 -0.329388 4461849 0.354716 203 0.095165 0.0000 0.000788 0.001025 0.003441 -0.071013 0.062582 -0.089884 40.2910759385 -218.9235249378 203.09517
J157 04JUL31 2004.5804 53217 1281 6 141.1 -2000 -0.328376 4461849 0.354071 203 0.095952 0.0000 0.000813 0.001051 0.003619 -0.065650 0.028846 -0.116585 40.2910759327 -218.9235249259 203.09595
J157 04AUG01 2004.5832 53218 1282 0 141.1 -2000 -0.330380 4461849 0.353747 203 0.088980 0.0000 0.000826 0.001094 0.003664 -0.052817 -0.036424 -0.023626 40.2910759298 -218.9235249495 203.08898
J157 04AUG02 2004.5859 53219 1282 1 141.1 -2000 -0.327510 4461849 0.357426 203 0.085813 0.0000 0.000842 0.001071 0.003695 -0.043687 0.057372 -0.024603 40.2910759629 -218.9235249157 203.08581
J157 04AUG03 2004.5886 53220 1282 2 141.1 -2000 -0.325129 4461849 0.351948 203 0.090909 0.0000 0.000827 0.001088 0.003762 -0.042379 0.010795 -0.097610 40.2910759136 -218.9235248877 203.09091
J157 04AUG04 2004.5914 53221 1282 3 141.1 -2000 -0.329316 4461849 0.352069 203 0.097093 0.0000 0.000834 0.001080 0.003751 -0.079126 0.075558 -0.091359 40.2910759147 -218.9235249370 203.09709
J157 04AUG05 2004.5941 53222 1282 4 141.1 -2000 -0.327874 4461849 0.353452 203 0.099667 0.0000 0.000874 0.001113 0.003989 -0.034647 -0.003747 -0.117180 40.2910759271 -218.9235249200 203.09967
J157 04AUG06 2004.5969 53223 1282 5 141.1 -2000 -0.327076 4461849 0.352114 203 0.097601 0.0000 0.000792 0.001015 0.003506 -0.067284 0.092125 -0.160935 40.2910759151 -218.9235249106 203.09760
J157 04AUG07 2004.5996 53224 1282 6 141.1 -2000 -0.326924 4461849 0.353665 203 0.094096 0.0000 0.000842 0.001082 0.003689 -0.020062 -0.002854 -0.014180 40.2910759290 -218.9235249088 203.09410
J157 04AUG08 2004.6023 53225 1283 0 141.1 -2000 -0.323733 4461849 0.352050 203 0.098662 0.0000 0.000843 0.001101 0.003911 -0.029500 0.043399 -0.149692 40.2910759145 -218.9235248713 203.09866
J157 04AUG09 2004.6051 53226 1283 1 141.1 -2000 -0.324770 4461849 0.350426 203 0.090635 0.0000 0.000865 0.001140 0.003895 -0.074536 0.069460 -0.089505 40.2910758999 -218.9235248835 203.09064
J157 04AUG10 2004.6078 53227 1283 2 141.1 -2000 -0.328726 4461849 0.357459 203 0.091071 0.0000 0.000821 0.001090 0.003648 -0.095376 0.066365 -0.102856 40.2910759632 -218.9235249300 203.09107
J157 04AUG11 2004.6105 53228 1283 3 141.1 -2000 -0.328536 4461849 0.356127 203 0.087345 0.0000 0.000880 0.001125 0.003970 -0.102971 0.031574 -0.167354 40.2910759512 -218.9235249278 203.08735
J157 04AUG12 2004.6133 53229 1283 4 141.1 -2000 -0.331807 4461849 0.356599 203 0.088953 0.0000 0.000817 0.001080 0.003673 -0.042582 0.024991 -0.077676 40.2910759555 -218.9235249663 203.08895
J157 04AUG13 2004.6160 53230 1283 5 141.1 -2000 -0.329038 4461849 0.357309 203 0.081227 0.0000 0.000855 0.001084 0.003785 -0.058356 0.053873 -0.122399 40.2910759618 -218.9235249337 203.08123
J157 04AUG14 2004.6188 53231 1283 6 141.1 -2000 -0.329066 4461849 0.352846 203 0.095005 0.0000 0.000823 0.001079 0.003740 -0.050445 0.002220 -0.048107 40.2910759217 -218.9235249340 203.09500
J157 04AUG15 2004.6215 53232 1284 0 141.1 -2000 -0.326201 4461849 0.356144 203 0.085862 0.0000 0.000856 0.001088 0.003869 -0.103855 0.043380 -0.121679 40.2910759514 -218.9235249003 203.08586
J157 04AUG16 2004.6242 53233 1284 1 141.1 -2000 -0.329160 4461849 0.352884 203 0.093007 0.0000 0.000864 0.001135 0.003903 0.024831 -0.003539 -0.145529 40.2910759220 -218.9235249351 203.09301
J157 04AUG17 2004.6270 53234 1284 2 141.1 -2000 -0.327671 4461849 0.351972 203 0.091587 0.0000 0.000832 0.001052 0.003710 -0.072319 0.097511 -0.105027 40.2910759138 -218.9235249176 203.09159
J157 04AUG18 2004.6297 53235 1284 3 141.1 -2000 -0.328935 4461849 0.351400 203 0.090631 0.0000 0.000809 0.001059 0.003737 -0.065219 0.081892 -0.101169 40.2910759086 -218.9235249325 203.09063
J157 04AUG19 2004.6324 53236 1284 4 141.1 -2000 -0.327699 4461849 0.351292 203 0.091438 0.0000 0.000847 0.001102 0.003780 -0.056063 -0.069760 -0.096454 40.2910759077 -218.9235249179 203.09144
J157 04AUG20 2004.6352 53237 1284 5 141.1 -2000 -0.329134 4461849 0.356346 203 0.079445 0.0000 0.000895 0.001167 0.004013 -0.046463 0.072249 -0.124313 40.2910759532 -218.9235249348 203.07945
J157 04AUG21 2004.6379 53238 1284 6 141.1 -2000 -0.327303 4461849 0.356510 203 0.081564 0.0000 0.000819 0.001048 0.003629 -0.057934 0.007437 -0.080206 40.2910759547 -218.9235249133 203.08156
J157 04AUG22 2004.6407 53239 1285 0 141.1 -2000 -0.325955 4461849 0.352703 203 0.087053 0.0000 0.000819 0.001052 0.003577 -0.000384 0.034276 -0.119671 40.2910759204 -218.9235248974 203.08705
J157 04AUG23 2004.6434 53240 1285 1 141.1 -2000 -0.328330 4461849 0.352539 203 0.095197 0.0000 0.000808 0.001042 0.003657 -0.067375 0.068669 -0.082695 40.2910759189 -218.9235249254 203.09520
J157 04AUG24 2004.6461 53241 1285 2 141.1 -2000 -0.326993 4461849 0.351907 203 0.090779 0.0000 0.000795 0.001020 0.003510 -0.086280 0.110540 -0.055082 40.2910759132 -218.9235249096 203.09078
J157 04AUG25 2004.6489 53242 1285 3 141.1 -2000 -0.329708 4461849 0.353768 203 0.089986 0.0000 0.000813 0.001044 0.003600 -0.066751 0.101856 -0.124305 40.2910759300 -218.9235249416 203.08999
J157 04AUG26 2004.6516 53243 1285 4 141.1 -2000 -0.326771 4461849 0.353274 203 0.086992 0.0000 0.000816 0.001096 0.003724 -0.064911 0.043066 -0.145877 40.2910759255 -218.9235249070 203.08699
J157 04AUG27 2004.6543 53244 1285 5 141.1 -2000 -0.325411 4461849 0.352800 203 0.092228 0.0000 0.000796 0.001053 0.003650 -0.035143 0.049978 -0.127580 40.2910759212 -218.9235248910 203.09223
J157 04AUG28 2004.6571 53245 1285 6 141.1 -2000 -0.325222 4461849 0.351968 203 0.086148 0.0000 0.000832 0.001081 0.003760 -0.002317 -0.046264 -0.117712 40.2910759138 -218.9235248888 203.08615
J157 04AUG29 2004.6598 53246 1286 0 141.1 -2000 -0.325853 4461849 0.353837 203 0.092162 0.0000 0.000827 0.001036 0.003617 -0.060890 0.052659 -0.121358 40.2910759306 -218.9235248962 203.09216
J157 04AUG30 2004.6626 53247 1286 1 141.1 -2000 -0.320804 4461849 0.348579 203 0.088306 0.0000 0.000830 0.001041 0.003673 -0.038412 0.054156 -0.131403 40.2910758832 -218.9235248368 203.08831
J157 04AUG31 2004.6653 53248 1286 2 141.1 -2000 -0.326339 4461849 0.350892 203 0.071173 0.0000 0.000849 0.001070 0.003719 -0.086389 0.032842 -0.099033 40.2910759041 -218.9235249019 203.07117
J157 04SEP01 2004.6680 53249 1286 3 141.1 -2000 -0.326181 4461849 0.353804 203 0.085770 0.0000 0.000821 0.001066 0.003637 -0.051266 -0.027159 -0.069134 40.2910759303 -218.9235249001 203.08577
J157 04SEP02 2004.6708 53250 1286 4 141.1 -2000 -0.324522 4461849 0.353164 203 0.077753 0.0000 0.000863 0.001070 0.003824 -0.062881 0.100985 -0.157252 40.2910759245 -218.9235248806 203.07775
J157 04SEP03 2004.6735 53251 1286 5 141.1 -2000 -0.328182 4461849 0.352197 203 0.087292 0.0000 0.000792 0.001029 0.003486 -0.063819 0.031021 -0.124706 40.2910759158 -218.9235249236 203.08729
J157 04SEP04 2004.6762 53252 1286 6 141.1 -2000 -0.327606 4461849 0.352115 203 0.086773 0.0000 0.000789 0.001047 0.003437 -0.086529 0.041268 -0.023486 40.2910759151 -218.9235249168 203.08677
J157 04SEP05 2004.6790 53253 1287 0 141.1 -2000 -0.328518 4461849 0.353574 203 0.091275 0.0000 0.000809 0.001043 0.003568 -0.045496 0.063293 -0.133429 40.2910759282 -218.9235249276 203.09128
J157 04SEP06 2004.6817 53254 1287 1 141.1 -2000 -0.327559 4461849 0.351593 203 0.101477 0.0000 0.000817 0.001030 0.003531 -0.085900 0.031855 -0.110799 40.2910759104 -218.9235249163 203.10148
J157 04SEP07 2004.6845 53255 1287 2 141.1 -2000 -0.327292 4461849 0.344577 203 0.081340 0.0000 0.000869 0.001090 0.003877 -0.036506 -0.001296 -0.071150 40.2910758472 -218.9235249131 203.08134
J157 04SEP08 2004.6872 53256 1287 3 141.1 -2000 -0.334669 4461849 0.350586 203 0.085777 0.0000 0.000820 0.001047 0.003620 -0.066139 0.062530 -0.120824 40.2910759013 -218.9235249999 203.08578
J157 04SEP09 2004.6899 53257 1287 4 141.1 -2000 -0.326772 4461849 0.351364 203 0.086247 0.0000 0.000770 0.001028 0.003361 -0.075726 0.032303 -0.057388 40.2910759083 -218.9235249070 203.08625
J157 04SEP10 2004.6927 53258 1287 5 141.1 -2000 -0.326995 4461849 0.352748 203 0.084269 0.0000 0.000805 0.001002 0.003553 -0.031371 0.082801 -0.134335 40.2910759208 -218.9235249097 203.08427
J157 04SEP11 2004.6954 53259 1287 6 141.1 -2000 -0.328404 4461849 0.351910 203 0.089506 0.0000 0.000787 0.001034 0.003524 -0.070238 0.065074 -0.098249 40.2910759132 -218.9235249262 203.08951
J157 04SEP12 2004.6982 53260 1288 0 141.1 -2000 -0.325939 4461849 0.352088 203 0.091238 0.0000 0.000779 0.001019 0.003411 -0.072875 0.048358 -0.100853 40.2910759148 -218.9235248972 203.09124
J157 04SEP13 2004.7009 53261 1288 1 141.1 -2000 -0.334816 4461849 0.353471 203 0.063677 0.0000 0.000853 0.001095 0.003787 -0.037466 0.061582 -0.086638 40.2910759273 -218.9235250016 203.06368
J157 04SEP14 2004.7036 53262 1288 2 141.1 -2000 -0.332347 4461849 0.354194 203 0.080163 0.0000 0.000792 0.001008 0.003467 -0.059082 0.079405 -0.130577 40.2910759338 -218.9235249726 203.08016
J157 04SEP15 2004.7064 53263 1288 3 141.1 -2000 -0.326408 4461849 0.353595 203 0.083836 0.0000 0.000772 0.000989 0.003356 -0.062302 0.031494 -0.098034 40.2910759284 -218.9235249028 203.08384
J157 04SEP16 2004.7091 53264 1288 4 141.1 -2000 -0.327143 4461849 0.354811 203 0.081594 0.0000 0.000790 0.000980 0.003334 -0.059455 0.043864 -0.093332 40.2910759394 -218.9235249114 203.08159
J157 04SEP17 2004.7118 53265 1288 5 141.1 -2000 -0.326488 4461849 0.351848 203 0.089297 0.0000 0.000809 0.001058 0.003563 -0.062029 0.058317 -0.097217 40.2910759127 -218.9235249037 203.08930
J157 04SEP18 2004.7146 53266 1288 6 141.1 -2000 -0.329834 4461849 0.352835 203 0.096361 0.0000 0.000804 0.001060 0.003684 -0.045322 0.064521 -0.130940 40.2910759216 -218.9235249430 203.09636
J157 04SEP19 2004.7173 53267 1289 0 141.1 -2000 -0.329844 4461849 0.353243 203 0.084060 0.0000 0.000812 0.001028 0.003522 -0.068670 0.032888 -0.072881 40.2910759252 -218.9235249432 203.08406
J157 04SEP20 2004.7201 53268 1289 1 141.1 -2000 -0.327414 4461849 0.352278 203 0.093802 0.0000 0.000826 0.001056 0.003701 -0.061854 0.106537 -0.147620 40.2910759165 -218.9235249146 203.09380
J157 04SEP21 2004.7228 53269 1289 2 141.1 -2000 -0.328142 4461849 0.351862 203 0.089796 0.0000 0.000784 0.001023 0.003485 -0.074275 0.067129 -0.075923 40.2910759128 -218.9235249231 203.08980
J157 04SEP22 2004.7255 53270 1289 3 141.1 -2000 -0.326095 4461849 0.352177 203 0.086096 0.0000 0.000788 0.001012 0.003504 -0.033399 0.005828 -0.060399 40.2910759156 -218.9235248991 203.08610
J157 04SEP23 2004.7283 53271 1289 4 141.1 -2000 -0.327724 4461849 0.352955 203 0.083738 0.0000 0.000758 0.001031 0.003417 -0.079195 0.016562 -0.016030 40.2910759226 -218.9235249182 203.08374
J157 04SEP24 2004.7310 53272 1289 5 141.1 -2000 -0.325394 4461849 0.350667 203 0.101017 0.0000 0.000832 0.001032 0.003660 -0.016571 0.035821 -0.145372 40.2910759020 -218.9235248908 203.10102
J157 04SEP25 2004.7337 53273 1289 6 141.1 -2000 -0.327575 4461849 0.352315 203 0.089181 0.0000 0.000803 0.001028 0.003539 -0.092803 0.105532 -0.051283 40.2910759169 -218.9235249165 203.08918
J157 04SEP26 2004.7365 53274 1290 0 141.1 -2000 -0.325662 4461849 0.352758 203 0.086248 0.0000 0.000777 0.000992 0.003394 -0.013640 0.043210 -0.101983 40.2910759209 -218.9235248940 203.08625
J157 04SEP27 2004.7392 53275 1290 1 141.1 -2000 -0.326804 4461849 0.349522 203 0.092143 0.0000 0.000815 0.001044 0.003665 -0.103515 0.120340 -0.127495 40.2910758917 -218.9235249074 203.09214
J157 04SEP28 2004.7420 53276 1290 2 141.1 -2000 -0.326538 4461849 0.350170 203 0.090215 0.0000 0.000805 0.001050 0.003586 -0.064639 0.053158 -0.102147 40.2910758976 -218.9235249043 203.09021
J157 04SEP29 2004.7447 53277 1290 3 141.1 -2000 -0.326292 4461849 0.350382 203 0.089706 0.0000 0.000800 0.001040 0.003600 -0.096906 0.066597 -0.103030 40.2910758995 -218.9235249014 203.08971
J157 04SEP30 2004.7474 53278 1290 4 141.1 -2000 -0.327111 4461849 0.350305 203 0.085907 0.0000 0.000805 0.001028 0.003616 -0.082243 0.103510 -0.108479 40.2910758988 -218.9235249110 203.08591
J157 04OCT01 2004.7502 53279 1290 5 141.1 -2000 -0.326170 4461849 0.352013 203 0.088366 0.0000 0.000818 0.001045 0.003666 -0.095446 0.127915 -0.083079 40.2910759142 -218.9235249000 203.08837
J157 04OCT02 2004.7529 53280 1290 6 141.1 -2000 -0.326676 4461849 0.350376 203 0.090549 0.0000 0.000831 0.001050 0.003662 -0.057970 0.049802 -0.107642 40.2910758994 -218.9235249059 203.09055
J157 04OCT03 2004.7556 53281 1291 0 141.1 -2000 -0.326892 4461849 0.349644 203 0.083874 0.0000 0.000776 0.001018 0.003465 -0.079163 0.020102 -0.052131 40.2910758928 -218.9235249084 203.08387
J157 04OCT04 2004.7584 53282 1291 1 141.1 -2000 -0.326329 4461849 0.350144 203 0.085751 0.0000 0.000802 0.001027 0.003550 -0.087142 0.079078 -0.096783 40.2910758973 -218.9235249018 203.08575
J157 04OCT05 2004.7611 53283 1291 2 141.1 -2000 -0.326474 4461849 0.348396 203 0.093417 0.0000 0.000825 0.001041 0.003645 -0.064461 0.089167 -0.075515 40.2910758816 -218.9235249035 203.09342
J157 04OCT06 2004.7639 53284 1291 3 141.1 -2000 -0.326176 4461849 0.351784 203 0.093753 0.0000 0.000809 0.001039 0.003593 -0.086735 0.110233 -0.096114 40.2910759121 -218.9235249000 203.09375
J157 04OCT07 2004.7666 53285 1291 4 141.1 -2000 -0.325723 4461849 0.349818 203 0.083819 0.0000 0.000822 0.001023 0.003602 -0.072798 0.056097 -0.138975 40.2910758944 -218.9235248947 203.08382
J157 04OCT08 2004.7693 53286 1291 5 141.1 -2000 -0.325083 4461849 0.347907 203 0.092989 0.0000 0.000818 0.001053 0.003516 -0.097662 0.061781 -0.114012 40.2910758772 -218.9235248872 203.09299
J157 04OCT09 2004.7721 53287 1291 6 141.1 -2000 -0.326019 4461849 0.348432 203 0.083544 0.0000 0.000797 0.001004 0.003386 -0.060554 0.058255 -0.011611 40.2910758819 -218.9235248982 203.08354
J157 04OCT10 2004.7748 53288 1292 0 141.1 -2000 -0.325968 4461849 0.347854 203 0.094998 0.0000 0.000807 0.001034 0.003532 -0.038980 0.085912 -0.107749 40.2910758767 -218.9235248976 203.09500
J157 04OCT11 2004.7775 53289 1292 1 141.1 -2000 -0.326487 4461849 0.348762 203 0.088641 0.0000 0.000808 0.001045 0.003541 -0.085066 0.048004 -0.055267 40.2910758849 -218.9235249037 203.08864
J157 04OCT12 2004.7803 53290 1292 2 141.1 -2000 -0.324998 4461849 0.351861 203 0.090549 0.0000 0.000832 0.001057 0.003665 -0.067801 0.092060 -0.069198 40.2910759128 -218.9235248862 203.09055
J157 04OCT13 2004.7830 53291 1292 3 141.1 -2000 -0.326303 4461849 0.348913 203 0.084539 0.0000 0.000826 0.001046 0.003631 -0.069980 0.080175 -0.058994 40.2910758862 -218.9235249015 203.08454
J157 04OCT14 2004.7858 53292 1292 4 141.1 -2000 -0.324586 4461849 0.349343 203 0.083255 0.0000 0.000785 0.000997 0.003394 -0.041977 0.053375 -0.051965 40.2910758901 -218.9235248813 203.08325
J157 04OCT15 2004.7885 53293 1292 5 141.1 -2000 -0.326959 4461849 0.349343 203 0.085916 0.0000 0.000787 0.001050 0.003480 -0.101855 0.064452 -0.029489 40.2910758901 -218.9235249092 203.08592
J157 04OCT16 2004.7912 53294 1292 6 141.1 -2000 -0.325374 4461849 0.347866 203 0.072548 0.0000 0.000777 0.001002 0.003346 -0.046709 0.000803 -0.074023 40.2910758768 -218.9235248906 203.07255
J157 04OCT17 2004.7940 53295 1293 0 141.1 -2000 -0.326804 4461849 0.347603 203 0.083495 0.0000 0.000764 0.001018 0.003345 -0.066397 0.087228 -0.092040 40.2910758744 -218.9235249074 203.08349
J157 04OCT18 2004.7967 53296 1293 1 141.1 -2000 -0.325653 4461849 0.347856 203 0.084161 0.0000 0.000795 0.001038 0.003523 -0.010722 0.073892 -0.065577 40.2910758767 -218.9235248939 203.08416
J157 04OCT19 2004.7995 53297 1293 2 141.1 -2000 -0.325052 4461849 0.346853 203 0.087927 0.0000 0.000831 0.001094 0.003756 -0.056907 0.063181 -0.035703 40.2910758677 -218.9235248868 203.08793
J157 04OCT20 2004.8022 53298 1293 3 141.1 -2000 -0.324733 4461849 0.347192 203 0.098181 0.0000 0.000828 0.001051 0.003691 -0.150786 0.169571 -0.096810 40.2910758707 -218.9235248830 203.09818
J157 04OCT21 2004.8049 53299 1293 4 141.1 -2000 -0.325191 4461849 0.348394 203 0.087740 0.0000 0.000804 0.001042 0.003540 -0.074566 0.173044 -0.068010 40.2910758816 -218.9235248884 203.08774
J157 04OCT22 2004.8077 53300 1293 5 141.1 -2000 -0.330449 4461849 0.347894 203 0.070671 0.0000 0.000797 0.001069 0.003550 -0.064119 0.052298 -0.144414 40.2910758771 -218.9235249503 203.07067
J157 04OCT23 2004.8104 53301 1293 6 141.1 -2000 -0.328451 4461849 0.348955 203 0.075632 0.0000 0.000791 0.001034 0.003555 -0.077545 0.176157 -0.104312 40.2910758866 -218.9235249268 203.07563
J157 04OCT24 2004.8131 53302 1294 0 141.1 -2000 -0.324845 4461849 0.349021 203 0.083299 0.0000 0.000798 0.001015 0.003485 -0.057104 0.172104 -0.090545 40.2910758872 -218.9235248844 203.08330
J157 04OCT25 2004.8159 53303 1294 1 141.1 -2000 -0.329790 4461849 0.351117 203 0.077860 0.0000 0.000791 0.001018 0.003527 -0.034840 0.170539 -0.090336 40.2910759061 -218.9235249425 203.07786
J157 04OCT26 2004.8186 53304 1294 2 141.1 -2000 -0.326175 4461849 0.349332 203 0.088573 0.0000 0.000788 0.001034 0.003441 -0.053300 0.122719 -0.056724 40.2910758900 -218.9235249000 203.08857
J157 04OCT27 2004.8214 53305 1294 3 141.1 -2000 -0.327053 4461849 0.346502 203 0.081209 0.0000 0.000768 0.001008 0.003336 -0.032781 0.071205 -0.083819 40.2910758645 -218.9235249103 203.08121
J157 04OCT28 2004.8241 53306 1294 4 141.1 -2000 -0.324128 4461849 0.345832 203 0.079231 0.0000 0.000768 0.001025 0.003441 -0.073025 0.129125 -0.040368 40.2910758585 -218.9235248759 203.07923
J157 04OCT29 2004.8268 53307 1294 5 141.1 -2000 -0.324309 4461849 0.348736 203 0.076197 0.0000 0.000767 0.001010 0.003379 -0.049446 0.154379 -0.135471 40.2910758846 -218.9235248781 203.07620
J157 04OCT30 2004.8296 53308 1294 6 141.1 -2000 -0.326141 4461849 0.346489 203 0.086884 0.0000 0.000801 0.001029 0.003445 -0.024663 0.044799 -0.089904 40.2910758644 -218.9235248996 203.08688
J157 04OCT31 2004.8323 53309 1295 0 141.1 -2000 -0.323319 4461849 0.344079 203 0.088722 0.0000 0.000774 0.000980 0.003362 -0.051560 0.182269 -0.099946 40.2910758427 -218.9235248664 203.08872
J157 04NOV01 2004.8350 53310 1295 1 141.1 -2000 -0.325028 4461849 0.347133 203 0.084981 0.0000 0.000779 0.000996 0.003347 -0.054616 0.102404 -0.049301 40.2910758702 -218.9235248865 203.08498
J157 04NOV02 2004.8378 53311 1295 2 141.1 -2000 -0.323666 4461849 0.345698 203 0.083313 0.0000 0.000751 0.000991 0.003272 -0.090704 0.149387 -0.058754 40.2910758573 -218.9235248705 203.08331
J157 04NOV03 2004.8405 53312 1295 3 141.1 -2000 -0.325582 4461849 0.346996 203 0.082620 0.0000 0.000765 0.001002 0.003357 -0.046557 0.134382 -0.110195 40.2910758690 -218.9235248930 203.08262
J157 04NOV04 2004.8433 53313 1295 4 141.1 -2000 -0.326516 4461849 0.349178 203 0.079740 0.0000 0.000769 0.001014 0.003406 -0.076197 0.146567 -0.121355 40.2910758886 -218.9235249040 203.07974
J157 04NOV05 2004.8460 53314 1295 5 141.1 -2000 -0.324529 4461849 0.347127 203 0.083285 0.0000 0.000792 0.001019 0.003506 -0.043407 0.163548 -0.125931 40.2910758702 -218.9235248806 203.08329
J157 04NOV06 2004.8487 53315 1295 6 141.1 -2000 -0.323859 4461849 0.347442 203 0.084108 0.0000 0.000787 0.001020 0.003485 0.013989 0.150567 -0.087094 40.2910758730 -218.9235248728 203.08411
J157 04NOV07 2004.8515 53316 1296 0 141.1 -2000 -0.324009 4461849 0.347998 203 0.080345 0.0000 0.000772 0.000999 0.003310 -0.067071 0.156253 -0.076915 40.2910758780 -218.9235248745 203.08034
J157 04NOV08 2004.8542 53317 1296 1 141.1 -2000 -0.324900 4461849 0.347448 203 0.082628 0.0000 0.000991 0.001200 0.004208 -0.089180 0.128981 -0.156611 40.2910758730 -218.9235248850 203.08263
J157 04NOV09 2004.8569 53318 1296 2 141.1 -2000 -0.324386 4461849 0.348955 203 0.074577 0.0000 0.000812 0.001013 0.003534 -0.027005 0.131196 -0.082541 40.2910758866 -218.9235248790 203.07458
J157 04NOV10 2004.8597 53319 1296 3 141.1 -2000 -0.323310 4461849 0.349043 203 0.083726 0.0000 0.001221 0.001633 0.005291 -0.156002 0.077618 0.036456 40.2910758874 -218.9235248663 203.08373
J157 04NOV11 2004.8624 53320 1296 4 141.1 -2000 -0.327156 4461849 0.346585 203 0.083047 0.0000 0.000794 0.001020 0.003505 -0.041967 0.100255 -0.059984 40.2910758653 -218.9235249115 203.08305
J157 04NOV12 2004.8652 53321 1296 5 141.1 -2000 -0.326749 4461849 0.347304 203 0.069156 0.0000 0.000811 0.001026 0.003560 -0.030136 0.115981 -0.092036 40.2910758718 -218.9235249067 203.06916
J157 04NOV13 2004.8679 53322 1296 6 141.1 -2000 -0.324785 4461849 0.345005 203 0.094601 0.0000 0.000788 0.001005 0.003462 -0.019389 0.075948 -0.083775 40.2910758510 -218.9235248836 203.09460
J157 04NOV14 2004.8706 53323 1297 0 141.1 -2000 -0.323863 4461849 0.345653 203 0.085892 0.0000 0.000784 0.001001 0.003307 -0.082689 0.102242 -0.088821 40.2910758569 -218.9235248728 203.08589
J157 04NOV15 2004.8734 53324 1297 1 141.1 -2000 -0.331659 4461849 0.345199 203 0.081858 0.0000 0.000799 0.001005 0.003465 -0.057238 0.065475 -0.119736 40.2910758528 -218.9235249645 203.08186
J157 04NOV16 2004.8761 53325 1297 2 141.1 -2000 -0.331040 4461849 0.344207 203 0.071648 0.0000 0.000788 0.001000 0.003421 -0.053651 0.072081 -0.136949 40.2910758439 -218.9235249572 203.07165
J157 04NOV17 2004.8789 53326 1297 3 141.1 -2000 -0.325407 4461849 0.346078 203 0.078900 0.0000 0.000794 0.001005 0.003428 -0.082478 0.110218 -0.109683 40.2910758607 -218.9235248910 203.07890
J157 04NOV18 2004.8816 53327 1297 4 141.1 -2000 -0.322413 4461849 0.344892 203 0.087527 0.0000 0.000803 0.001022 0.003528 -0.049058 0.181072 -0.129810 40.2910758500 -218.9235248557 203.08753
J157 04NOV19 2004.8843 53328 1297 5 141.1 -2000 -0.323165 4461849 0.345278 203 0.077781 0.0000 0.000808 0.001034 0.003526 -0.034321 0.087844 -0.117204 40.2910758535 -218.9235248646 203.07778
J157 04NOV20 2004.8871 53329 1297 6 141.1 -2000 -0.324326 4461849 0.348265 203 0.080383 0.0000 0.000789 0.001015 0.003421 -0.015785 0.065475 -0.097968 40.2910758804 -218.9235248782 203.08038
J157 04NOV21 2004.8898 53330 1298 0 141.1 -2000 -0.323257 4461849 0.348659 203 0.084854 0.0000 0.000804 0.000999 0.003500 -0.028539 0.153499 -0.081367 40.2910758840 -218.9235248657 203.08485
J157 04NOV22 2004.8925 53331 1298 1 141.1 -2000 -0.324270 4461849 0.348831 203 0.083966 0.0000 0.000780 0.000985 0.003298 -0.080354 0.117984 -0.050907 40.2910758855 -218.9235248776 203.08397
J157 04NOV23 2004.8953 53332 1298 2 141.1 -2000 -0.324570 4461849 0.346081 203 0.079404 0.0000 0.000809 0.001004 0.003427 -0.103910 0.181526 -0.072240 40.2910758607 -218.9235248811 203.07940
J157 04NOV24 2004.8980 53333 1298 3 141.1 -2000 -0.325656 4461849 0.347573 203 0.079900 0.0000 0.000817 0.001044 0.003595 -0.088527 0.115104 -0.100379 40.2910758742 -218.9235248939 203.07990
J157 04NOV25 2004.9008 53334 1298 4 141.1 -2000 -0.326139 4461849 0.348328 203 0.099111 0.0000 0.000819 0.001026 0.003563 -0.014789 0.105605 -0.063099 40.2910758810 -218.9235248996 203.09911
J157 04NOV26 2004.9035 53335 1298 5 141.1 -2000 -0.324240 4461849 0.345233 203 0.088412 0.0000 0.000816 0.001044 0.003642 -0.052307 0.060653 -0.130384 40.2910758531 -218.9235248772 203.08841
J157 04NOV27 2004.9062 53336 1298 6 141.1 -2000 -0.326838 4461849 0.346320 203 0.082977 0.0000 0.000803 0.000992 0.003466 -0.042032 0.124565 -0.076602 40.2910758629 -218.9235249078 203.08298
J157 04NOV28 2004.9090 53337 1299 0 141.1 -2000 -0.324829 4461849 0.349126 203 0.080203 0.0000 0.000785 0.000996 0.003446 -0.025705 0.140199 -0.151323 40.2910758882 -218.9235248842 203.08020
J157 04NOV29 2004.9117 53338 1299 1 141.1 -2000 -0.323620 4461849 0.347358 203 0.088853 0.0000 0.000786 0.000999 0.003397 -0.027168 0.085548 -0.095575 40.2910758722 -218.9235248699 203.08885
J157 04NOV30 2004.9144 53339 1299 2 141.1 -2000 -0.324463 4461849 0.347850 203 0.082679 0.0000 0.000807 0.000999 0.003521 -0.022603 0.151326 -0.141914 40.2910758767 -218.9235248799 203.08268
J157 04DEC01 2004.9172 53340 1299 3 141.1 -2000 -0.328327 4461849 0.349368 203 0.073013 0.0000 0.000807 0.001044 0.003557 -0.078636 0.130482 -0.059030 40.2910758903 -218.9235249253 203.07301
J157 04DEC02 2004.9199 53341 1299 4 141.1 -2000 -0.328164 4461849 0.346396 203 0.085575 0.0000 0.000785 0.001042 0.003474 -0.066897 0.118725 -0.108832 40.2910758636 -218.9235249234 203.08558
J157 04DEC03 2004.9227 53342 1299 5 141.1 -2000 -0.323257 4461849 0.348159 203 0.083222 0.0000 0.000789 0.001009 0.003504 -0.045353 0.162261 -0.100974 40.2910758794 -218.9235248657 203.08322
J157 04DEC04 2004.9254 53343 1299 6 141.1 -2000 -0.324260 4461849 0.347854 203 0.095477 0.0000 0.000811 0.001024 0.003511 -0.026804 0.114170 -0.092493 40.2910758767 -218.9235248775 203.09548
J157 04DEC05 2004.9281 53344 1300 0 141.1 -2000 -0.324770 4461849 0.347948 203 0.091420 0.0000 0.000785 0.001011 0.003464 -0.020941 0.103015 -0.089691 40.2910758776 -218.9235248835 203.09142
J157 04DEC06 2004.9309 53345 1300 1 141.1 -2000 -0.323898 4461849 0.345897 203 0.081118 0.0000 0.000764 0.001038 0.003444 -0.053527 0.061832 -0.117018 40.2910758591 -218.9235248732 203.08112
J157 04DEC07 2004.9336 53346 1300 2 141.1 -2000 -0.325959 4461849 0.344509 203 0.075552 0.0000 0.000809 0.001031 0.003557 -0.035655 0.076136 -0.132189 40.2910758466 -218.9235248974 203.07555
J157 04DEC08 2004.9363 53347 1300 3 141.1 -2000 -0.325735 4461849 0.346658 203 0.085986 0.0000 0.000796 0.001005 0.003455 -0.047182 0.121967 -0.115299 40.2910758659 -218.9235248948 203.08599
J157 04DEC09 2004.9391 53348 1300 4 141.1 -2000 -0.321958 4461849 0.345782 203 0.084427 0.0000 0.000768 0.000982 0.003317 -0.036422 0.094818 -0.086305 40.2910758580 -218.9235248504 203.08443
J157 04DEC10 2004.9418 53349 1300 5 141.1 -2000 -0.326297 4461849 0.351119 203 0.079559 0.0000 0.000839 0.001062 0.003748 -0.043689 0.121528 -0.078353 40.2910759061 -218.9235249014 203.07956
J157 04DEC11 2004.9446 53350 1300 6 141.1 -2000 -0.328913 4461849 0.347886 203 0.087392 0.0000 0.000816 0.001063 0.003626 -0.068191 0.083291 -0.083949 40.2910758770 -218.9235249322 203.08739
J157 04DEC12 2004.9473 53351 1301 0 141.1 -2000 -0.327751 4461849 0.344042 203 0.081496 0.0000 0.000796 0.001078 0.003619 -0.063763 0.133666 -0.160254 40.2910758424 -218.9235249185 203.08150
J157 04DEC13 2004.9500 53352 1301 1 141.1 -2000 -0.324038 4461849 0.348767 203 0.083142 0.0000 0.000787 0.001061 0.003611 -0.067144 0.160578 -0.132025 40.2910758849 -218.9235248749 203.08314
J157 04DEC14 2004.9528 53353 1301 2 141.1 -2000 -0.323092 4461849 0.345357 203 0.082383 0.0000 0.000758 0.001033 0.003312 -0.023235 0.061631 -0.045519 40.2910758542 -218.9235248637 203.08238
J157 04DEC15 2004.9555 53354 1301 3 141.1 -2000 -0.323409 4461849 0.346392 203 0.085804 0.0000 0.000772 0.001028 0.003335 -0.007962 0.079874 -0.113159 40.2910758635 -218.9235248675 203.08580
J157 04DEC16 2004.9582 53355 1301 4 141.1 -2000 -0.325340 4461849 0.347795 203 0.076639 0.0000 0.000794 0.001080 0.003452 -0.069212 0.091121 -0.120963 40.2910758762 -218.9235248902 203.07664
J157 04DEC17 2004.9610 53356 1301 5 141.1 -2000 -0.323672 4461849 0.345234 203 0.088281 0.0000 0.000772 0.001029 0.003367 0.023590 0.059333 -0.133318 40.2910758531 -218.9235248705 203.08828
J157 04DEC18 2004.9637 53357 1301 6 141.1 -2000 -0.324873 4461849 0.346439 203 0.078457 0.0000 0.000743 0.001025 0.003284 -0.028317 0.075745 -0.076873 40.2910758640 -218.9235248847 203.07846
J157 04DEC19 2004.9665 53358 1302 0 141.1 -2000 -0.323322 4461849 0.346180 203 0.091194 0.0000 0.000761 0.001021 0.003365 -0.041204 0.098023 -0.081504 40.2910758616 -218.9235248664 203.09119
J157 04DEC20 2004.9692 53359 1302 1 141.1 -2000 -0.326687 4461849 0.342836 203 0.078007 0.0000 0.000771 0.001026 0.003313 -0.065519 0.070808 -0.121892 40.2910758315 -218.9235249060 203.07801
J157 04DEC21 2004.9719 53360 1302 2 141.1 -2000 -0.329457 4461849 0.345506 203 0.086993 0.0000 0.000801 0.001017 0.003452 -0.043533 0.100183 -0.092863 40.2910758556 -218.9235249386 203.08699
J157 04DEC22 2004.9747 53361 1302 3 141.1 -2000 -0.329609 4461849 0.346887 203 0.090331 0.0000 0.000798 0.001027 0.003384 -0.004545 0.073330 -0.094979 40.2910758680 -218.9235249404 203.09033
J157 04DEC23 2004.9774 53362 1302 4 141.1 -2000 -0.325410 4461849 0.346889 203 0.082025 0.0000 0.000736 0.000984 0.003210 -0.028570 0.077685 -0.124694 40.2910758680 -218.9235248910 203.08202
J157 04DEC24 2004.9802 53363 1302 5 141.1 -2000 -0.322962 4461849 0.346470 203 0.087675 0.0000 0.000785 0.001030 0.003413 -0.018037 0.084151 -0.106229 40.2910758642 -218.9235248622 203.08767
J157 04DEC25 2004.9829 53364 1302 6 141.1 -2000 -0.324520 4461849 0.346980 203 0.079282 0.0000 0.000755 0.000989 0.003261 -0.031064 0.099307 -0.083434 40.2910758688 -218.9235248805 203.07928
J157 04DEC26 2004.9856 53365 1303 0 141.1 -2000 -0.324723 4461849 0.345818 203 0.080033 0.0000 0.000781 0.001046 0.003447 -0.083536 0.091519 -0.110959 40.2910758584 -218.9235248829 203.08003
J157 04DEC27 2004.9884 53366 1303 1 141.1 -2000 -0.324956 4461849 0.347094 203 0.077941 0.0000 0.000787 0.001049 0.003491 -0.038065 0.148168 -0.104643 40.2910758699 -218.9235248857 203.07794
J157 04DEC28 2004.9911 53367 1303 2 141.1 -2000 -0.327948 4461849 0.345981 203 0.074928 0.0000 0.000779 0.001051 0.003427 -0.068638 0.139275 -0.101641 40.2910758598 -218.9235249208 203.07493
J157 04DEC29 2004.9938 53368 1303 3 141.1 -2000 -0.324034 4461849 0.343363 203 0.084818 0.0000 0.000790 0.001003 0.003434 -0.045005 0.101034 -0.121903 40.2910758363 -218.9235248748 203.08482
J157 04DEC30 2004.9966 53369 1303 4 141.1 -2000 -0.326634 4461849 0.343345 203 0.084191 0.0000 0.000769 0.001025 0.003416 -0.070645 0.163158 -0.102874 40.2910758361 -218.9235249054 203.08419
J157 04DEC31 2004.9993 53370 1303 5 141.1 -2000 -0.326444 4461849 0.341952 203 0.093362 0.0000 0.000797 0.001081 0.003600 -0.091564 0.106577 -0.106541 40.2910758235 -218.9235249031 203.09336
J157 05JAN01 2005.0021 53371 1303 6 141.1 -2000 -0.326271 4461849 0.342695 203 0.094631 0.0000 0.000763 0.001022 0.003371 -0.096056 0.100048 -0.081399 40.2910758302 -218.9235249011 203.09463
J157 05JAN02 2005.0048 53372 1304 0 141.1 -2000 -0.323528 4461849 0.341252 203 0.081896 0.0000 0.000799 0.001076 0.003593 -0.052099 0.110753 -0.092403 40.2910758172 -218.9235248688 203.08190
J157 05JAN03 2005.0075 53373 1304 1 141.1 -2000 -0.324234 4461849 0.341227 203 0.083289 0.0000 0.000776 0.001088 0.003644 -0.031427 0.099809 -0.165614 40.2910758170 -218.9235248772 203.08329
J157 05JAN04 2005.0103 53374 1304 2 141.1 -2000 -0.323851 4461849 0.343483 203 0.078001 0.0000 0.000784 0.001057 0.003559 -0.096177 0.103259 -0.138248 40.2910758373 -218.9235248727 203.07800
J157 05JAN05 2005.0130 53375 1304 3 141.1 -2000 -0.323127 4461849 0.345482 203 0.084964 0.0000 0.000806 0.001089 0.003637 0.003945 0.086262 -0.117818 40.2910758553 -218.9235248641 203.08496
J157 05JAN06 2005.0157 53376 1304 4 141.1 -2000 -0.323098 4461849 0.345455 203 0.087788 0.0000 0.000841 0.001080 0.003844 -0.059997 0.089897 -0.152260 40.2910758551 -218.9235248638 203.08779
J157 05JAN07 2005.0185 53377 1304 5 141.1 -2000 -0.326835 4461849 0.346555 203 0.085862 0.0000 0.000781 0.001024 0.003496 -0.046344 0.068800 -0.103522 40.2910758650 -218.9235249078 203.08586
J157 05JAN08 2005.0212 53378 1304 6 141.1 -2000 -0.325003 4461849 0.345080 203 0.077861 0.0000 0.000786 0.001037 0.003547 -0.018629 0.085117 -0.146294 40.2910758517 -218.9235248862 203.07786
J157 05JAN09 2005.0240 53379 1305 0 141.1 -2000 -0.328872 4461849 0.343228 203 0.083022 0.0000 0.000769 0.001006 0.003427 -0.046554 0.067685 -0.060349 40.2910758350 -218.9235249317 203.08302
J157 05JAN10 2005.0267 53380 1305 1 141.1 -2000 -0.328668 4461849 0.343642 203 0.078098 0.0000 0.000760 0.000993 0.003342 0.010792 0.083344 -0.085081 40.2910758388 -218.9235249293 203.07810
J157 05JAN11 2005.0294 53381 1305 2 141.1 -2000 -0.328927 4461849 0.343613 203 0.083792 0.0000 0.000775 0.001011 0.003431 -0.008956 0.068404 -0.117519 40.2910758385 -218.9235249323 203.08379
J157 05JAN12 2005.0322 53382 1305 3 141.1 -2000 -0.328744 4461849 0.343298 203 0.086690 0.0000 0.000767 0.000995 0.003362 -0.038618 0.108197 -0.101350 40.2910758357 -218.9235249302 203.08669
J157 05JAN13 2005.0349 53383 1305 4 141.1 -2000 -0.324843 4461849 0.344495 203 0.083766 0.0000 0.000764 0.001022 0.003429 -0.039339 0.104665 -0.158591 40.2910758465 -218.9235248843 203.08377
J157 05JAN14 2005.0376 53384 1305 5 141.1 -2000 -0.324495 4461849 0.342085 203 0.087477 0.0000 0.000781 0.001030 0.003578 -0.018073 0.099017 -0.134701 40.2910758247 -218.9235248802 203.08748
J157 05JAN15 2005.0404 53385 1305 6 141.1 -2000 -0.325045 4461849 0.342740 203 0.097633 0.0000 0.000793 0.001029 0.003536 0.001555 0.079250 -0.114841 40.2910758306 -218.9235248867 203.09763
J157 05JAN16 2005.0431 53386 1306 0 141.1 -2000 -0.326596 4461849 0.345292 203 0.092527 0.0000 0.000781 0.001036 0.003526 0.000814 0.097095 -0.166257 40.2910758536 -218.9235249049 203.09253
J157 05JAN17 2005.0459 53387 1306 1 141.1 -2000 -0.325030 4461849 0.341686 203 0.087833 0.0000 0.000793 0.001014 0.003505 -0.050765 0.099741 -0.140272 40.2910758212 -218.9235248865 203.08783
J157 05JAN18 2005.0486 53388 1306 2 141.1 -2000 -0.325535 4461849 0.341735 203 0.088588 0.0000 0.000810 0.001039 0.003660 -0.060807 0.106802 -0.159181 40.2910758216 -218.9235248925 203.08859
J157 05JAN19 2005.0513 53389 1306 3 141.1 -2000 -0.326927 4461849 0.341749 203 0.096765 0.0000 0.000796 0.001032 0.003488 -0.056916 0.099859 -0.133069 40.2910758217 -218.9235249088 203.09677
J157 05JAN20 2005.0541 53390 1306 4 141.1 -2000 -0.325776 4461849 0.342995 203 0.085217 0.0000 0.000805 0.001069 0.003711 0.000938 0.097310 -0.204346 40.2910758329 -218.9235248953 203.08522
J157 05JAN21 2005.0568 53391 1306 5 141.1 -2000 -0.327577 4461849 0.341053 203 0.086705 0.0000 0.000766 0.001007 0.003354 -0.002559 0.082341 -0.128908 40.2910758155 -218.9235249165 203.08671
J157 05JAN22 2005.0595 53392 1306 6 141.1 -2000 -0.327553 4461849 0.341949 203 0.085357 0.0000 0.000786 0.001033 0.003470 -0.018548 0.007208 -0.142568 40.2910758235 -218.9235249162 203.08536
J157 05JAN23 2005.0623 53393 1307 0 141.1 -2000 -0.324176 4461849 0.345266 203 0.083006 0.0000 0.000781 0.001015 0.003428 0.006394 0.067562 -0.189449 40.2910758534 -218.9235248765 203.08301
J157 05JAN24 2005.0650 53394 1307 1 141.1 -2000 -0.326762 4461849 0.345186 203 0.086453 0.0000 0.000800 0.001044 0.003550 0.045464 0.087204 -0.119748 40.2910758527 -218.9235249069 203.08645
J157 05JAN25 2005.0678 53395 1307 2 141.1 -2000 -0.327535 4461849 0.344736 203 0.089162 0.0000 0.000765 0.001015 0.003391 -0.016947 0.115360 -0.165724 40.2910758486 -218.9235249160 203.08916
J157 05JAN26 2005.0705 53396 1307 3 141.1 -2000 -0.325824 4461849 0.344308 203 0.084074 0.0000 0.000773 0.001053 0.003511 -0.005051 0.081610 -0.180996 40.2910758448 -218.9235248959 203.08407
J157 05JAN27 2005.0732 53397 1307 4 141.1 -2000 -0.325025 4461849 0.344227 203 0.086605 0.0000 0.000773 0.001017 0.003440 -0.045663 0.104717 -0.150818 40.2910758440 -218.9235248865 203.08661
J157 05JAN28 2005.0760 53398 1307 5 141.1 -2000 -0.324953 4461849 0.343421 203 0.085006 0.0000 0.000803 0.001033 0.003546 -0.044164 0.067912 -0.195191 40.2910758368 -218.9235248856 203.08501
J157 05JAN29 2005.0787 53399 1307 6 141.1 -2000 -0.325107 4461849 0.342889 203 0.082592 0.0000 0.000772 0.001039 0.003490 -0.009497 0.115727 -0.189239 40.2910758320 -218.9235248874 203.08259
J157 05JAN30 2005.0815 53400 1308 0 141.1 -2000 -0.327563 4461849 0.342319 203 0.088717 0.0000 0.000761 0.001006 0.003389 -0.052591 0.145420 -0.184118 40.2910758269 -218.9235249163 203.08872
J157 05JAN31 2005.0842 53401 1308 1 141.1 -2000 -0.327353 4461849 0.344302 203 0.089194 0.0000 0.000784 0.001021 0.003400 -0.057124 0.084897 -0.148096 40.2910758447 -218.9235249138 203.08919
J157 05FEB01 2005.0869 53402 1308 2 141.1 -2000 -0.326788 4461849 0.344582 203 0.087665 0.0000 0.000755 0.000991 0.003334 -0.034660 0.137448 -0.132924 40.2910758472 -218.9235249072 203.08766
J157 05FEB02 2005.0897 53403 1308 3 141.1 -2000 -0.326294 4461849 0.343772 203 0.085195 0.0000 0.000755 0.000981 0.003270 -0.032670 0.108734 -0.111229 40.2910758399 -218.9235249014 203.08519
J157 05FEB03 2005.0924 53404 1308 4 141.1 -2000 -0.329017 4461849 0.345443 203 0.076107 0.0000 0.000746 0.001008 0.003320 -0.065041 0.108070 -0.106381 40.2910758550 -218.9235249334 203.07611
J157 05FEB04 2005.0951 53405 1308 5 141.1 -2000 -0.328898 4461849 0.345637 203 0.087463 0.0000 0.000772 0.001009 0.003396 -0.071147 0.130357 -0.146381 40.2910758567 -218.9235249320 203.08746
J157 05FEB05 2005.0979 53406 1308 6 141.1 -2000 -0.328186 4461849 0.345267 203 0.084103 0.0000 0.000754 0.001015 0.003310 -0.054540 0.085810 -0.141330 40.2910758534 -218.9235249236 203.08410
J157 05FEB06 2005.1006 53407 1309 0 141.1 -2000 -0.328262 4461849 0.345559 203 0.074868 0.0000 0.000758 0.001012 0.003367 -0.039903 0.147256 -0.145299 40.2910758560 -218.9235249245 203.07487
J157 05FEB07 2005.1034 53408 1309 1 141.1 -2000 -0.326600 4461849 0.345118 203 0.076920 0.0000 0.000763 0.001005 0.003404 -0.074921 0.170602 -0.138485 40.2910758521 -218.9235249050 203.07692
J157 05FEB08 2005.1061 53409 1309 2 141.1 -2000 -0.326126 4461849 0.343520 203 0.080757 0.0000 0.000817 0.001045 0.003720 -0.023368 0.105269 -0.181325 40.2910758377 -218.9235248994 203.08076
J157 05FEB09 2005.1088 53410 1309 3 141.1 -2000 -0.327978 4461849 0.343008 203 0.076464 0.0000 0.000792 0.001027 0.003530 -0.027656 0.112761 -0.141840 40.2910758331 -218.9235249212 203.07646
J157 05FEB10 2005.1116 53411 1309 4 141.1 -2000 -0.329511 4461849 0.344999 203 0.069611 0.0000 0.000742 0.000985 0.003289 -0.023876 0.090990 -0.090588 40.2910758510 -218.9235249392 203.06961
J157 05FEB11 2005.1143 53412 1309 5 141.1 -2000 -0.327897 4461849 0.345267 203 0.061954 0.0000 0.000757 0.000990 0.003330 -0.055458 0.138014 -0.154930 40.2910758534 -218.9235249202 203.06195
J157 05FEB12 2005.1170 53413 1309 6 141.1 -2000 -0.327659 4461849 0.344382 203 0.078455 0.0000 0.000770 0.000996 0.003364 -0.043755 0.104475 -0.134917 40.2910758454 -218.9235249174 203.07846
J157 05FEB13 2005.1198 53414 1310 0 141.1 -2000 -0.328672 4461849 0.345223 203 0.078975 0.0000 0.000761 0.001004 0.003350 -0.061716 0.147918 -0.150256 40.2910758530 -218.9235249294 203.07898
J157 05FEB14 2005.1225 53415 1310 1 141.1 -2000 -0.327332 4461849 0.346641 203 0.065157 0.0000 0.000752 0.001020 0.003392 -0.064600 0.114497 -0.156125 40.2910758658 -218.9235249136 203.06516
J157 05FEB15 2005.1253 53416 1310 2 141.1 -2000 -0.328420 4461849 0.346115 203 0.077678 0.0000 0.000779 0.001002 0.003482 -0.078261 0.162416 -0.177246 40.2910758610 -218.9235249264 203.07768
J157 05FEB16 2005.1280 53417 1310 3 141.1 -2000 -0.327142 4461849 0.344560 203 0.075747 0.0000 0.000761 0.000982 0.003255 -0.050575 0.123893 -0.139710 40.2910758470 -218.9235249114 203.07575
J157 05FEB17 2005.1307 53418 1310 4 141.1 -2000 -0.329045 4461849 0.344073 203 0.077332 0.0000 0.000781 0.001025 0.003395 -0.058963 0.126447 -0.111231 40.2910758427 -218.9235249337 203.07733
J157 05FEB18 2005.1335 53419 1310 5 141.1 -2000 -0.328587 4461849 0.341971 203 0.075771 0.0000 0.000779 0.001026 0.003400 -0.077424 0.126875 -0.106234 40.2910758237 -218.9235249283 203.07577
J157 05FEB19 2005.1362 53420 1310 6 141.1 -2000 -0.328768 4461849 0.340491 203 0.075946 0.0000 0.000762 0.001014 0.003350 -0.085366 0.127907 -0.146664 40.2910758104 -218.9235249305 203.07595
J157 05FEB20 2005.1389 53421 1311 0 141.1 -2000 -0.329210 4461849 0.340168 203 0.077112 0.0000 0.000781 0.001017 0.003421 -0.040688 0.181853 -0.123120 40.2910758075 -218.9235249357 203.07711
J157 05FEB21 2005.1417 53422 1311 1 141.1 -2000 -0.329392 4461849 0.341538 203 0.077828 0.0000 0.000743 0.000987 0.003287 -0.030897 0.140401 -0.129171 40.2910758198 -218.9235249378 203.07783
J157 05FEB22 2005.1444 53423 1311 2 141.1 -2000 -0.327607 4461849 0.340705 203 0.080479 0.0000 0.000758 0.001010 0.003327 -0.078542 0.142645 -0.171528 40.2910758123 -218.9235249168 203.08048
J157 05FEB23 2005.1472 53424 1311 3 141.1 -2000 -0.329195 4461849 0.342479 203 0.078307 0.0000 0.000754 0.001033 0.003420 -0.051744 0.060376 -0.171198 40.2910758283 -218.9235249355 203.07831
J157 05FEB24 2005.1499 53425 1311 4 141.1 -2000 -0.326879 4461849 0.341560 203 0.080701 0.0000 0.000771 0.001023 0.003394 -0.035600 0.112025 -0.140103 40.2910758200 -218.9235249083 203.08070
J157 05FEB25 2005.1526 53426 1311 5 141.1 -2000 -0.326382 4461849 0.340801 203 0.084997 0.0000 0.000764 0.001036 0.003429 -0.097731 0.169707 -0.184839 40.2910758132 -218.9235249024 203.08500
J157 05FEB26 2005.1554 53427 1311 6 141.1 -2000 -0.326772 4461849 0.341453 203 0.089769 0.0000 0.000768 0.001041 0.003397 -0.106629 0.195983 -0.152432 40.2910758191 -218.9235249070 203.08977
J157 05FEB27 2005.1581 53428 1312 0 141.1 -2000 -0.328941 4461849 0.338841 203 0.085426 0.0000 0.000764 0.001033 0.003430 -0.076289 0.139295 -0.153679 40.2910757955 -218.9235249325 203.08543
J157 05FEB28 2005.1608 53429 1312 1 141.1 -2000 -0.327750 4461849 0.342272 203 0.080160 0.0000 0.000751 0.001015 0.003309 -0.061128 0.094452 -0.158860 40.2910758264 -218.9235249185 203.08016
J157 05MAR01 2005.1636 53430 1312 2 141.1 -2000 -0.328562 4461849 0.340702 203 0.074205 0.0000 0.000758 0.001065 0.003415 -0.082634 0.091405 -0.122899 40.2910758123 -218.9235249280 203.07421
J157 05MAR02 2005.1663 53431 1312 3 141.1 -2000 -0.330114 4461849 0.340494 203 0.081554 0.0000 0.000777 0.001039 0.003433 -0.073284 0.113732 -0.156438 40.2910758104 -218.9235249463 203.08155
J157 05MAR03 2005.1691 53432 1312 4 141.1 -2000 -0.328370 4461849 0.342123 203 0.075568 0.0000 0.000768 0.001031 0.003357 -0.089045 0.093227 -0.105782 40.2910758251 -218.9235249258 203.07557
J157 05MAR04 2005.1718 53433 1312 5 141.1 -2000 -0.328301 4461849 0.339791 203 0.084322 0.0000 0.000766 0.001050 0.003509 -0.100953 0.182845 -0.182763 40.2910758041 -218.9235249250 203.08432
J157 05MAR05 2005.1745 53434 1312 6 141.1 -2000 -0.328352 4461849 0.341735 203 0.083455 0.0000 0.000793 0.001067 0.003552 -0.097832 0.149454 -0.168109 40.2910758216 -218.9235249256 203.08346
J157 05MAR06 2005.1773 53435 1313 0 141.1 -2000 -0.329506 4461849 0.344752 203 0.085439 0.0000 0.000782 0.001086 0.003597 -0.103963 0.119317 -0.189788 40.2910758488 -218.9235249392 203.08544
J157 05MAR07 2005.1800 53436 1313 1 141.1 -2000 -0.330654 4461849 0.343236 203 0.082626 0.0000 0.000797 0.001075 0.003737 -0.112823 0.209989 -0.194191 40.2910758351 -218.9235249527 203.08263
J157 05MAR08 2005.1828 53437 1313 2 141.1 -2000 -0.332136 4461849 0.343788 203 0.077999 0.0000 0.000785 0.001089 0.003530 -0.112965 0.081057 -0.088953 40.2910758401 -218.9235249701 203.07800
J157 05MAR09 2005.1855 53438 1313 3 141.1 -2000 -0.330984 4461849 0.344910 203 0.075002 0.0000 0.000837 0.001108 0.003802 -0.116434 0.192556 -0.135442 40.2910758502 -218.9235249565 203.07500
J157 05MAR10 2005.1882 53439 1313 4 141.1 -2000 -0.332554 4461849 0.341278 203 0.076674 0.0000 0.000807 0.001094 0.003607 -0.140950 0.183996 -0.083231 40.2910758175 -218.9235249750 203.07667
J157 05MAR11 2005.1910 53440 1313 5 141.1 -2000 -0.329353 4461849 0.341092 203 0.082064 0.0000 0.000775 0.001075 0.003577 -0.072182 0.150711 -0.159671 40.2910758158 -218.9235249373 203.08206
J157 05MAR12 2005.1937 53441 1313 6 141.1 -2000 -0.330743 4461849 0.342151 203 0.075514 0.0000 0.000785 0.001087 0.003666 -0.116568 0.163898 -0.171200 40.2910758253 -218.9235249537 203.07551
J157 05MAR13 2005.1964 53442 1314 0 141.1 -2000 -0.330044 4461849 0.342494 203 0.080164 0.0000 0.000758 0.001010 0.003315 -0.075447 0.125674 -0.114142 40.2910758284 -218.9235249455 203.08016
J157 05MAR14 2005.1992 53443 1314 1 141.1 -2000 -0.330695 4461849 0.340530 203 0.082925 0.0000 0.000771 0.001045 0.003492 -0.136428 0.215539 -0.150950 40.2910758107 -218.9235249531 203.08293
J157 05MAR15 2005.2019 53444 1314 2 141.1 -2000 -0.329748 4461849 0.340520 203 0.081082 0.0000 0.000764 0.001049 0.003471 -0.084576 0.159617 -0.150931 40.2910758106 -218.9235249420 203.08108
J157 05MAR16 2005.2047 53445 1314 3 141.1 -2000 -0.329915 4461849 0.340228 203 0.080581 0.0000 0.000776 0.001037 0.003464 -0.086505 0.146378 -0.140629 40.2910758080 -218.9235249440 203.08058
J157 05MAR17 2005.2074 53446 1314 4 141.1 -2000 -0.330528 4461849 0.341045 203 0.079461 0.0000 0.000756 0.001023 0.003452 -0.081529 0.146698 -0.162131 40.2910758154 -218.9235249512 203.07946
J157 05MAR18 2005.2101 53447 1314 5 141.1 -2000 -0.331919 4461849 0.341567 203 0.079345 0.0000 0.000789 0.001046 0.003549 -0.082215 0.191442 -0.175430 40.2910758201 -218.9235249675 203.07934
J157 05MAR19 2005.2129 53448 1314 6 141.1 -2000 -0.328647 4461849 0.340680 203 0.087106 0.0000 0.000793 0.001060 0.003619 -0.133877 0.202277 -0.180447 40.2910758121 -218.9235249290 203.08711
J157 05MAR20 2005.2156 53449 1315 0 141.1 -2000 -0.328312 4461849 0.341532 203 0.082034 0.0000 0.000771 0.001070 0.003510 -0.078707 0.115879 -0.158054 40.2910758198 -218.9235249251 203.08203
J157 05MAR21 2005.2183 53450 1315 1 141.1 -2000 -0.329996 4461849 0.340783 203 0.090177 0.0000 0.000788 0.001044 0.003508 -0.075392 0.154364 -0.089918 40.2910758130 -218.9235249449 203.09018
J157 05MAR22 2005.2211 53451 1315 2 141.1 -2000 -0.329554 4461849 0.340579 203 0.088170 0.0000 0.000785 0.001062 0.003589 -0.070717 0.138949 -0.171985 40.2910758112 -218.9235249397 203.08817
J157 05MAR23 2005.2238 53452 1315 3 141.1 -2000 -0.330718 4461849 0.340193 203 0.091810 0.0000 0.000781 0.001055 0.003497 -0.103125 0.122966 -0.144549 40.2910758077 -218.9235249534 203.09181
J157 05MAR24 2005.2266 53453 1315 4 141.1 -2000 -0.328343 4461849 0.341950 203 0.083050 0.0000 0.000764 0.001014 0.003397 -0.088628 0.099450 -0.105304 40.2910758235 -218.9235249255 203.08305
J157 05MAR25 2005.2293 53454 1315 5 141.1 -2000 -0.332703 4461849 0.341042 203 0.080846 0.0000 0.000776 0.001050 0.003468 -0.120612 0.123409 -0.127246 40.2910758154 -218.9235249767 203.08085
J157 05MAR26 2005.2320 53455 1315 6 141.1 -2000 -0.331467 4461849 0.341535 203 0.077144 0.0000 0.000762 0.001053 0.003418 -0.069587 0.112388 -0.142596 40.2910758198 -218.9235249622 203.07714
J157 05MAR27 2005.2348 53456 1316 0 141.1 -2000 -0.329935 4461849 0.341749 203 0.084696 0.0000 0.000764 0.001063 0.003450 -0.094024 0.132949 -0.165568 40.2910758217 -218.9235249442 203.08470
J157 05MAR28 2005.2375 53457 1316 1 141.1 -2000 -0.331498 4461849 0.338618 203 0.080301 0.0000 0.000766 0.001026 0.003420 -0.092740 0.168225 -0.131404 40.2910757935 -218.9235249626 203.08030
J157 05MAR29 2005.2402 53458 1316 2 141.1 -2000 -0.331698 4461849 0.339170 203 0.076187 0.0000 0.000788 0.001039 0.003448 -0.081649 0.133538 -0.118499 40.2910757985 -218.9235249649 203.07619
J157 05MAR30 2005.2430 53459 1316 3 141.1 -2000 -0.331413 4461849 0.338292 203 0.086633 0.0000 0.000785 0.001065 0.003529 -0.100518 0.103469 -0.164715 40.2910757906 -218.9235249616 203.08663
J157 05MAR31 2005.2457 53460 1316 4 141.1 -2000 -0.329734 4461849 0.339896 203 0.079012 0.0000 0.000775 0.001059 0.003513 -0.069179 0.119567 -0.151508 40.2910758050 -218.9235249418 203.07901
J157 05APR01 2005.2485 53461 1316 5 141.1 -2000 -0.329949 4461849 0.339732 203 0.083313 0.0000 0.000760 0.001048 0.003338 -0.119000 0.135258 -0.136703 40.2910758036 -218.9235249444 203.08331
J157 05APR02 2005.2512 53462 1316 6 141.1 -2000 -0.330479 4461849 0.338792 203 0.082505 0.0000 0.000791 0.001062 0.003575 -0.097086 0.134938 -0.173872 40.2910757951 -218.9235249506 203.08251
J157 05APR03 2005.2539 53463 1317 0 141.1 -2000 -0.330573 4461849 0.336897 203 0.084545 0.0000 0.000788 0.001079 0.003554 -0.084578 0.132646 -0.154871 40.2910757780 -218.9235249517 203.08454
J157 05APR04 2005.2567 53464 1317 1 141.1 -2000 -0.328890 4461849 0.337762 203 0.091322 0.0000 0.000796 0.001082 0.003584 -0.086196 0.123972 -0.141018 40.2910757858 -218.9235249319 203.09132
J157 05APR05 2005.2594 53465 1317 2 141.1 -2000 -0.336606 4461849 0.340523 203 0.081341 0.0000 0.000758 0.001037 0.003375 -0.059143 0.138233 -0.136199 40.2910758107 -218.9235250226 203.08134
J157 05APR06 2005.2621 53466 1317 3 141.1 -2000 -0.331623 4461849 0.340418 203 0.085880 0.0000 0.000768 0.001041 0.003408 -0.108053 0.172083 -0.121888 40.2910758097 -218.9235249640 203.08588
J157 05APR07 2005.2649 53467 1317 4 141.1 -2000 -0.331530 4461849 0.340310 203 0.079806 0.0000 0.000815 0.001085 0.003744 -0.093534 0.182467 -0.172815 40.2910758088 -218.9235249629 203.07981
J157 05APR08 2005.2676 53468 1317 5 141.1 -2000 -0.337956 4461849 0.341880 203 0.088085 0.0000 0.000801 0.001076 0.003595 -0.093541 0.173641 -0.113942 40.2910758229 -218.9235250385 203.08809
J157 05APR09 2005.2704 53469 1317 6 141.1 -2000 -0.330053 4461849 0.338972 203 0.086487 0.0000 0.000776 0.001042 0.003437 -0.123903 0.152952 -0.154223 40.2910757967 -218.9235249456 203.08649
J157 05APR10 2005.2731 53470 1318 0 141.1 -2000 -0.333031 4461849 0.339863 203 0.083158 0.0000 0.000778 0.001072 0.003533 -0.066224 0.087808 -0.120679 40.2910758047 -218.9235249806 203.08316
J157 05APR11 2005.2758 53471 1318 1 141.1 -2000 -0.330354 4461849 0.338720 203 0.087018 0.0000 0.000758 0.001023 0.003350 -0.099785 0.137322 -0.155347 40.2910757944 -218.9235249491 203.08702
J157 05APR12 2005.2786 53472 1318 2 141.1 -2000 -0.328844 4461849 0.338878 203 0.090794 0.0000 0.000766 0.001043 0.003431 -0.100638 0.133441 -0.158938 40.2910757959 -218.9235249314 203.09079
J157 05APR13 2005.2813 53473 1318 3 141.1 -2000 -0.329219 4461849 0.338627 203 0.083774 0.0000 0.000749 0.001040 0.003400 -0.072932 0.101916 -0.133162 40.2910757936 -218.9235249358 203.08377
J157 05APR14 2005.2841 53474 1318 4 141.1 -2000 -0.329276 4461849 0.338923 203 0.079376 0.0000 0.000792 0.001082 0.003543 -0.106993 0.156423 -0.183417 40.2910757963 -218.9235249364 203.07938
J157 05APR15 2005.2868 53475 1318 5 141.1 -2000 -0.331282 4461849 0.338550 203 0.079011 0.0000 0.000790 0.001062 0.003506 -0.099611 0.183812 -0.127804 40.2910757929 -218.9235249600 203.07901
J157 05APR16 2005.2895 53476 1318 6 141.1 -2000 -0.332008 4461849 0.341573 203 0.078246 0.0000 0.000785 0.001077 0.003624 -0.108718 0.172483 -0.197347 40.2910758201 -218.9235249686 203.07825
J157 05APR17 2005.2923 53477 1319 0 141.1 -2000 -0.332818 4461849 0.341189 203 0.078493 0.0000 0.000755 0.001034 0.003286 -0.132170 0.124039 -0.084679 40.2910758167 -218.9235249781 203.07849
J157 05APR18 2005.2950 53478 1319 1 141.1 -2000 -0.330466 4461849 0.338938 203 0.079661 0.0000 0.000770 0.001055 0.003479 -0.119772 0.165569 -0.154203 40.2910757964 -218.9235249504 203.07966
J157 05APR19 2005.2977 53479 1319 2 141.1 -2000 -0.330798 4461849 0.340213 203 0.083144 0.0000 0.000773 0.001040 0.003459 -0.099796 0.151050 -0.150027 40.2910758079 -218.9235249543 203.08314
J157 05APR20 2005.3005 53480 1319 3 141.1 -2000 -0.331047 4461849 0.340636 203 0.084269 0.0000 0.000780 0.001068 0.003557 -0.100587 0.145332 -0.165671 40.2910758117 -218.9235249573 203.08427
J157 05APR21 2005.3032 53481 1319 4 141.1 -2000 -0.332169 4461849 0.340211 203 0.083088 0.0000 0.000778 0.001068 0.003537 -0.069692 0.182015 -0.136797 40.2910758079 -218.9235249705 203.08309
J157 05APR22 2005.3060 53482 1319 5 141.1 -2000 -0.331994 4461849 0.343024 203 0.080668 0.0000 0.000765 0.001045 0.003418 -0.076971 0.103799 -0.150475 40.2910758332 -218.9235249684 203.08067
J157 05APR23 2005.3087 53483 1319 6 141.1 -2000 -0.334130 4461849 0.341023 203 0.081207 0.0000 0.000748 0.001014 0.003341 -0.071907 0.150989 -0.160528 40.2910758152 -218.9235249935 203.08121
J157 05APR24 2005.3114 53484 1320 0 141.1 -2000 -0.331249 4461849 0.341508 203 0.088625 0.0000 0.000771 0.001047 0.003405 -0.086898 0.124408 -0.086975 40.2910758195 -218.9235249597 203.08863
J157 05APR25 2005.3142 53485 1320 1 141.1 -2000 -0.333743 4461849 0.335737 203 0.081046 0.0000 0.000773 0.001060 0.003463 -0.103712 0.121224 -0.111932 40.2910757676 -218.9235249890 203.08105
J157 05APR26 2005.3169 53486 1320 2 141.1 -2000 -0.331893 4461849 0.339479 203 0.094290 0.0000 0.000766 0.001056 0.003458 -0.093648 0.092407 -0.041244 40.2910758013 -218.9235249672 203.09429
J157 05APR27 2005.3196 53487 1320 3 141.1 -2000 -0.333565 4461849 0.338888 203 0.085428 0.0000 0.000819 0.001128 0.003787 -0.118231 0.134564 -0.162567 40.2910757960 -218.9235249869 203.08543
J157 05APR28 2005.3224 53488 1320 4 141.1 -2000 -0.334397 4461849 0.339187 203 0.075816 0.0000 0.000820 0.001064 0.003625 -0.084402 0.128457 -0.141602 40.2910757987 -218.9235249967 203.07582
J157 05APR29 2005.3251 53489 1320 5 141.1 -2000 -0.331799 4461849 0.343284 203 0.087536 0.0000 0.000777 0.001045 0.003496 -0.099096 0.164839 -0.125170 40.2910758355 -218.9235249661 203.08754
J157 05APR30 2005.3279 53490 1320 6 141.1 -2000 -0.332060 4461849 0.342077 203 0.093678 0.0000 0.000772 0.001054 0.003501 -0.097218 0.136550 -0.206222 40.2910758247 -218.9235249692 203.09368
J157 05MAY01 2005.3306 53491 1321 0 141.1 -2000 -0.330342 4461849 0.344422 203 0.091326 0.0000 0.000801 0.001057 0.003581 -0.097310 0.085893 -0.170299 40.2910758458 -218.9235249490 203.09133
J157 05MAY02 2005.3333 53492 1321 1 141.1 -2000 -0.329549 4461849 0.340238 203 0.091476 0.0000 0.000801 0.001084 0.003668 -0.091779 0.194529 -0.086208 40.2910758081 -218.9235249397 203.09148
J157 05MAY03 2005.3361 53493 1321 2 141.1 -2000 -0.331906 4461849 0.339951 203 0.093537 0.0000 0.000788 0.001056 0.003527 -0.071092 0.096829 -0.143912 40.2910758055 -218.9235249674 203.09354
J157 05MAY04 2005.3388 53494 1321 3 141.1 -2000 -0.333792 4461849 0.342727 203 0.080731 0.0000 0.000785 0.001100 0.003626 -0.097245 0.073133 -0.097198 40.2910758305 -218.9235249896 203.08073
J157 05MAY05 2005.3415 53495 1321 4 141.1 -2000 -0.330135 4461849 0.341881 203 0.086896 0.0000 0.000761 0.001060 0.003464 -0.107891 0.078210 -0.139495 40.2910758229 -218.9235249465 203.08690
J157 05MAY06 2005.3443 53496 1321 5 141.1 -2000 -0.329758 4461849 0.342762 203 0.087243 0.0000 0.000785 0.001067 0.003576 -0.123018 0.185217 -0.150819 40.2910758308 -218.9235249421 203.08724
J157 05MAY07 2005.3470 53497 1321 6 141.1 -2000 -0.331130 4461849 0.341980 203 0.093116 0.0000 0.000771 0.001056 0.003501 -0.119990 0.105183 -0.142539 40.2910758238 -218.9235249583 203.09312
J157 05MAY08 2005.3498 53498 1322 0 141.1 -2000 -0.331152 4461849 0.337345 203 0.096749 0.0000 0.000764 0.001049 0.003438 -0.086497 0.105872 -0.182015 40.2910757821 -218.9235249585 203.09675
J157 05MAY09 2005.3525 53499 1322 1 141.1 -2000 -0.332255 4461849 0.340756 203 0.086524 0.0000 0.000796 0.001063 0.003568 -0.155539 0.167622 -0.129965 40.2910758128 -218.9235249715 203.08652
J157 05MAY10 2005.3552 53500 1322 2 141.1 -2000 -0.335363 4461849 0.341255 203 0.099270 0.0000 0.000798 0.001079 0.003548 -0.068350 0.107652 -0.135695 40.2910758173 -218.9235250080 203.09927
J157 05MAY11 2005.3580 53501 1322 3 141.1 -2000 -0.330623 4461849 0.338234 203 0.086439 0.0000 0.000817 0.001074 0.003631 -0.129887 0.157943 -0.092514 40.2910757901 -218.9235249523 203.08644
J157 05MAY12 2005.3607 53502 1322 4 141.1 -2000 -0.331218 4461849 0.339819 203 0.089107 0.0000 0.000780 0.001032 0.003409 -0.105548 0.065814 -0.133859 40.2910758043 -218.9235249593 203.08911
J157 05MAY13 2005.3634 53503 1322 5 141.1 -2000 -0.331583 4461849 0.339589 203 0.089291 0.0000 0.000782 0.001040 0.003419 -0.115427 0.091848 -0.119916 40.2910758023 -218.9235249636 203.08929
J157 05MAY14 2005.3662 53504 1322 6 141.1 -2000 -0.331017 4461849 0.339539 203 0.092583 0.0000 0.000803 0.001075 0.003661 -0.105344 0.166657 -0.173783 40.2910758018 -218.9235249569 203.09258
J157 05MAY15 2005.3689 53505 1323 0 141.1 -2000 -0.330864 4461849 0.339515 203 0.088139 0.0000 0.000837 0.001120 0.003895 -0.128978 0.201634 -0.193982 40.2910758016 -218.9235249551 203.08814
J157 05MAY16 2005.3717 53506 1323 1 141.1 -2000 -0.331168 4461849 0.339203 203 0.084829 0.0000 0.000785 0.001038 0.003433 -0.124909 0.135599 -0.152872 40.2910757988 -218.9235249587 203.08483
J157 05MAY17 2005.3744 53507 1323 2 141.1 -2000 -0.329380 4461849 0.339281 203 0.090797 0.0000 0.000830 0.001122 0.003650 -0.135467 0.149422 -0.114026 40.2910757995 -218.9235249377 203.09080
J157 05MAY18 2005.3771 53508 1323 3 141.1 -2000 -0.333744 4461849 0.339990 203 0.097987 0.0000 0.000846 0.001145 0.003873 -0.126427 0.161487 -0.149105 40.2910758059 -218.9235249890 203.09799
J157 05MAY19 2005.3799 53509 1323 4 141.1 -2000 -0.335132 4461849 0.339164 203 0.083356 0.0000 0.000832 0.001081 0.003837 -0.119467 0.230447 -0.150686 40.2910757984 -218.9235250053 203.08336
J157 05MAY20 2005.3826 53510 1323 5 141.1 -2000 -0.331372 4461849 0.341192 203 0.095871 0.0000 0.000809 0.001105 0.003681 -0.140914 0.173460 -0.107724 40.2910758167 -218.9235249611 203.09587
J157 05MAY21 2005.3854 53511 1323 6 141.1 -2000 -0.328096 4461849 0.341424 203 0.096821 0.0000 0.000802 0.001111 0.003614 -0.145672 0.164733 -0.070459 40.2910758188 -218.9235249226 203.09682
J157 05MAY22 2005.3881 53512 1324 0 141.1 -2000 -0.328353 4461849 0.343765 203 0.098359 0.0000 0.000830 0.001094 0.003729 -0.076672 0.139179 -0.121761 40.2910758399 -218.9235249256 203.09836
J157 05MAY23 2005.3908 53513 1324 1 141.1 -2000 -0.330039 4461849 0.341178 203 0.091577 0.0000 0.000787 0.001061 0.003462 -0.120297 0.066359 -0.084882 40.2910758166 -218.9235249454 203.09158
J157 05MAY24 2005.3936 53514 1324 2 141.1 -2000 -0.329557 4461849 0.340209 203 0.090102 0.0000 0.000854 0.001189 0.003870 -0.138507 0.193801 -0.123216 40.2910758079 -218.9235249397 203.09010
J157 05MAY25 2005.3963 53515 1324 3 141.1 -2000 -0.329238 4461849 0.340061 203 0.096649 0.0000 0.000819 0.001055 0.003665 -0.114209 0.165310 -0.183778 40.2910758065 -218.9235249360 203.09665
J157 05MAY26 2005.3990 53516 1324 4 141.1 -2000 -0.328676 4461849 0.343441 203 0.101370 0.0000 0.000796 0.001072 0.003637 -0.096304 0.167136 -0.113278 40.2910758370 -218.9235249294 203.10137
J157 05MAY27 2005.4018 53517 1324 5 141.1 -2000 -0.330025 4461849 0.340776 203 0.087818 0.0000 0.000794 0.001074 0.003620 -0.055447 0.086339 -0.180958 40.2910758130 -218.9235249453 203.08782
J157 05MAY28 2005.4045 53518 1324 6 141.1 -2000 -0.329711 4461849 0.341626 203 0.093260 0.0000 0.000831 0.001106 0.003790 -0.170902 0.206235 -0.097614 40.2910758206 -218.9235249416 203.09326
J157 05MAY29 2005.4073 53519 1325 0 141.1 -2000 -0.328440 4461849 0.341396 203 0.094751 0.0000 0.000816 0.001105 0.003633 -0.138933 0.114962 -0.116105 40.2910758185 -218.9235249266 203.09475
J157 05MAY30 2005.4100 53520 1325 1 141.1 -2000 -0.326534 4461849 0.341109 203 0.096587 0.0000 0.000875 0.001173 0.004102 -0.107357 0.134847 -0.156474 40.2910758160 -218.9235249042 203.09659
J157 05MAY31 2005.4127 53521 1325 2 141.1 -2000 -0.333242 4461849 0.342064 203 0.098991 0.0000 0.000815 0.001062 0.003681 -0.143324 0.165183 -0.141125 40.2910758246 -218.9235249831 203.09899
J157 05JUN01 2005.4155 53522 1325 3 141.1 -2000 -0.329988 4461849 0.342268 203 0.094501 0.0000 0.000788 0.001066 0.003578 -0.148926 0.125411 -0.089829 40.2910758264 -218.9235249448 203.09450
J157 05JUN02 2005.4182 53523 1325 4 141.1 -2000 -0.329534 4461849 0.339605 203 0.090440 0.0000 0.000845 0.001134 0.003914 -0.099818 0.098386 -0.125523 40.2910758024 -218.9235249395 203.09044
J157 05JUN03 2005.4209 53524 1325 5 141.1 -2000 -0.331260 4461849 0.341806 203 0.094893 0.0000 0.000787 0.001077 0.003554 -0.108424 0.138503 -0.129347 40.2910758222 -218.9235249598 203.09489
J157 05JUN04 2005.4237 53525 1325 6 141.1 -2000 -0.330252 4461849 0.343499 203 0.098032 0.0000 0.000799 0.001094 0.003655 -0.145838 0.086985 -0.132606 40.2910758375 -218.9235249479 203.09803
J157 05JUN05 2005.4264 53526 1326 0 141.1 -2000 -0.328049 4461849 0.339878 203 0.103912 0.0000 0.000807 0.001099 0.003611 -0.142634 0.123290 -0.131972 40.2910758049 -218.9235249220 203.10391
J157 05JUN06 2005.4292 53527 1326 1 141.1 -2000 -0.328222 4461849 0.340225 203 0.095345 0.0000 0.000821 0.001104 0.003797 -0.109539 0.133726 -0.046608 40.2910758080 -218.9235249241 203.09535
J157 05JUN07 2005.4319 53528 1326 2 141.1 -2000 -0.328335 4461849 0.341643 203 0.093527 0.0000 0.000798 0.001099 0.003645 -0.112691 0.142875 -0.090402 40.2910758208 -218.9235249254 203.09353
J157 05JUN08 2005.4346 53529 1326 3 141.1 -2000 -0.328859 4461849 0.340533 203 0.097750 0.0000 0.000831 0.001118 0.003742 -0.135222 0.145299 0.001801 40.2910758108 -218.9235249315 203.09775
J157 05JUN09 2005.4374 53530 1326 4 141.1 -2000 -0.328069 4461849 0.339377 203 0.096297 0.0000 0.000905 0.001196 0.003930 -0.149373 0.103348 -0.133310 40.2910758004 -218.9235249222 203.09630
J157 05JUN10 2005.4401 53531 1326 5 141.1 -2000 -0.328959 4461849 0.340253 203 0.096060 0.0000 0.000810 0.001135 0.003652 -0.077806 0.114945 -0.091051 40.2910758082 -218.9235249327 203.09606
J157 05JUN11 2005.4428 53532 1326 6 141.1 -2000 -0.328044 4461849 0.341725 203 0.091245 0.0000 0.000849 0.001126 0.003726 -0.109787 0.094247 -0.029684 40.2910758215 -218.9235249220 203.09124
J157 05JUN12 2005.4456 53533 1327 0 141.1 -2000 -0.327999 4461849 0.342021 203 0.102028 0.0000 0.000833 0.001124 0.003635 -0.151480 0.171479 -0.071772 40.2910758242 -218.9235249214 203.10203
J157 05JUN13 2005.4483 53534 1327 1 141.1 -2000 -0.329550 4461849 0.341690 203 0.090763 0.0000 0.000860 0.001124 0.003888 -0.043670 0.068074 -0.108976 40.2910758212 -218.9235249397 203.09076
J157 05JUN14 2005.4511 53535 1327 2 141.1 -2000 -0.329306 4461849 0.339526 203 0.091817 0.0000 0.000822 0.001084 0.003620 -0.032887 0.078530 -0.066220 40.2910758017 -218.9235249368 203.09182
J157 05JUN15 2005.4538 53536 1327 3 141.1 -2000 -0.327840 4461849 0.338442 203 0.093168 0.0000 0.000771 0.001014 0.003405 -0.095776 0.114454 -0.160902 40.2910757919 -218.9235249196 203.09317
J157 05JUN16 2005.4565 53537 1327 4 141.1 -2000 -0.329283 4461849 0.339633 203 0.095442 0.0000 0.000788 0.001066 0.003525 -0.148288 0.123310 -0.120289 40.2910758027 -218.9235249365 203.09544
J157 05JUN17 2005.4593 53538 1327 5 141.1 -2000 -0.329920 4461849 0.340967 203 0.093273 0.0000 0.000799 0.001091 0.003619 -0.137353 0.136269 -0.115585 40.2910758147 -218.9235249440 203.09327
J157 05JUN18 2005.4620 53539 1327 6 141.1 -2000 -0.330566 4461849 0.341134 203 0.095241 0.0000 0.000778 0.001056 0.003420 -0.104617 0.124806 -0.100575 40.2910758162 -218.9235249516 203.09524
J157 05JUN19 2005.4648 53540 1328 0 141.1 -2000 -0.329385 4461849 0.342317 203 0.092474 0.0000 0.000800 0.001134 0.003701 -0.090911 0.109223 -0.077929 40.2910758268 -218.9235249377 203.09247
J157 05JUN20 2005.4675 53541 1328 1 141.1 -2000 -0.327666 4461849 0.341012 203 0.094696 0.0000 0.000827 0.001099 0.003655 -0.075113 0.129887 -0.093736 40.2910758151 -218.9235249175 203.09470
J157 05JUN21 2005.4702 53542 1328 2 141.1 -2000 -0.328450 4461849 0.339484 203 0.087701 0.0000 0.000791 0.001090 0.003650 -0.092758 0.133656 -0.118579 40.2910758013 -218.9235249267 203.08770
J157 05JUN22 2005.4730 53543 1328 3 141.1 -2000 -0.329230 4461849 0.342224 203 0.093242 0.0000 0.000838 0.001175 0.003775 -0.112281 0.091222 -0.037597 40.2910758260 -218.9235249359 203.09324
J157 05JUN23 2005.4757 53544 1328 4 141.1 -2000 -0.331462 4461849 0.344069 203 0.097068 0.0000 0.000849 0.001133 0.003977 -0.099166 0.150872 -0.116942 40.2910758426 -218.9235249622 203.09707
J157 05JUN24 2005.4784 53545 1328 5 141.1 -2000 -0.330155 4461849 0.345042 203 0.103377 0.0000 0.000809 0.001093 0.003693 -0.119028 0.185285 -0.153301 40.2910758514 -218.9235249468 203.10338
J157 05JUN25 2005.4812 53546 1328 6 141.1 -2000 -0.331243 4461849 0.341523 203 0.085498 0.0000 0.000852 0.001134 0.003941 -0.135250 0.103057 -0.156236 40.2910758197 -218.9235249596 203.08550
J157 05JUN26 2005.4839 53547 1329 0 141.1 -2000 -0.328052 4461849 0.344723 203 0.086490 0.0000 0.000840 0.001130 0.003930 -0.075844 0.120849 -0.184906 40.2910758485 -218.9235249221 203.08649
J157 05JUN27 2005.4867 53548 1329 1 141.1 -2000 -0.328695 4461849 0.340876 203 0.094891 0.0000 0.000825 0.001163 0.003756 -0.119155 0.127487 -0.091478 40.2910758139 -218.9235249296 203.09489
J157 05JUN28 2005.4894 53549 1329 2 141.1 -2000 -0.332336 4461849 0.340840 203 0.087886 0.0000 0.000865 0.001154 0.003799 -0.114579 0.102000 -0.093635 40.2910758135 -218.9235249724 203.08789
J157 05JUN29 2005.4921 53550 1329 3 141.1 -2000 -0.328874 4461849 0.341413 203 0.102198 0.0000 0.000830 0.001095 0.003740 -0.126745 0.113592 -0.086930 40.2910758187 -218.9235249317 203.10220
J157 05JUN30 2005.4949 53551 1329 4 141.1 -2000 -0.328575 4461849 0.341127 203 0.093782 0.0000 0.000814 0.001103 0.003679 -0.121883 0.089857 -0.113264 40.2910758161 -218.9235249282 203.09378
J157 05JUL01 2005.4976 53552 1329 5 141.1 -2000 -0.331413 4461849 0.343347 203 0.107143 0.0000 0.000818 0.001109 0.003718 -0.145674 0.171516 -0.118914 40.2910758361 -218.9235249616 203.10714
J157 05JUL02 2005.5003 53553 1329 6 141.1 -2000 -0.332162 4461849 0.341749 203 0.101719 0.0000 0.000811 0.001096 0.003611 -0.077844 0.162629 -0.079756 40.2910758217 -218.9235249704 203.10172
J157 05JUL03 2005.5031 53554 1330 0 141.1 -2000 -0.329763 4461849 0.342865 203 0.108933 0.0000 0.000796 0.001085 0.003577 -0.094845 0.086159 -0.121716 40.2910758318 -218.9235249422 203.10893
J157 05JUL04 2005.5058 53555 1330 1 141.1 -2000 -0.330325 4461849 0.341645 203 0.093918 0.0000 0.000921 0.001205 0.004178 -0.132105 0.049626 -0.127328 40.2910758208 -218.9235249488 203.09392
J157 05JUL05 2005.5086 53556 1330 2 141.1 -2000 -0.331462 4461849 0.338828 203 0.109768 0.0000 0.000819 0.001108 0.003647 -0.134122 0.110384 -0.073588 40.2910757954 -218.9235249622 203.10977
J157 05JUL06 2005.5113 53557 1330 3 141.1 -2000 -0.333090 4461849 0.342431 203 0.110429 0.0000 0.000829 0.001121 0.003771 -0.102047 0.198994 -0.124064 40.2910758279 -218.9235249813 203.11043
J157 05JUL07 2005.5140 53558 1330 4 141.1 -2000 -0.332391 4461849 0.343452 203 0.104424 0.0000 0.000813 0.001104 0.003646 -0.142539 0.144641 -0.110532 40.2910758371 -218.9235249731 203.10442
J157 05JUL08 2005.5168 53559 1330 5 141.1 -2000 -0.331361 4461849 0.342200 203 0.105991 0.0000 0.000818 0.001096 0.003672 -0.160739 0.170013 -0.077429 40.2910758258 -218.9235249610 203.10599
J157 05JUL09 2005.5195 53560 1330 6 141.1 -2000 -0.332283 4461849 0.342838 203 0.107560 0.0000 0.000840 0.001158 0.003843 -0.068134 0.136824 -0.131493 40.2910758315 -218.9235249718 203.10756
J157 05JUL10 2005.5222 53561 1331 0 141.1 -2000 -0.330997 4461849 0.341833 203 0.106922 0.0000 0.000882 0.001166 0.004046 -0.123190 0.072627 -0.072321 40.2910758225 -218.9235249567 203.10692
J157 05JUL11 2005.5250 53562 1331 1 141.1 -2000 -0.331904 4461849 0.341552 203 0.103735 0.0000 0.000837 0.001112 0.003696 -0.156991 0.169371 -0.030259 40.2910758199 -218.9235249674 203.10374
J157 05JUL12 2005.5277 53563 1331 2 141.1 -2000 -0.333442 4461849 0.341428 203 0.105715 0.0000 0.000773 0.001040 0.003406 -0.110437 0.142148 -0.097117 40.2910758188 -218.9235249854 203.10571
J157 05JUL13 2005.5305 53564 1331 3 141.1 -2000 -0.332492 4461849 0.343080 203 0.110634 0.0000 0.000801 0.001062 0.003503 -0.159813 0.093223 -0.115121 40.2910758337 -218.9235249743 203.11063
J157 05JUL14 2005.5332 53565 1331 4 141.1 -2000 -0.332205 4461849 0.341227 203 0.104788 0.0000 0.000781 0.001068 0.003540 -0.094000 0.119171 -0.121901 40.2910758170 -218.9235249709 203.10479
J157 05JUL15 2005.5359 53566 1331 5 141.1 -2000 -0.332050 4461849 0.341583 203 0.103619 0.0000 0.000801 0.001095 0.003636 -0.126115 0.088317 -0.180515 40.2910758202 -218.9235249691 203.10362
J157 05JUL16 2005.5387 53567 1331 6 141.1 -2000 -0.331342 4461849 0.344333 203 0.112503 0.0000 0.000810 0.001071 0.003619 -0.144155 0.160429 -0.143082 40.2910758450 -218.9235249608 203.11250
J157 05JUL17 2005.5414 53568 1332 0 141.1 -2000 -0.335049 4461849 0.342757 203 0.101141 0.0000 0.000799 0.001116 0.003642 -0.108488 0.099932 -0.093477 40.2910758308 -218.9235250044 203.10114
J157 05JUL18 2005.5441 53569 1332 1 141.1 -2000 -0.330228 4461849 0.340874 203 0.097883 0.0000 0.000849 0.001140 0.003776 -0.130560 0.136685 -0.069793 40.2910758138 -218.9235249476 203.09788
J157 05JUL19 2005.5469 53570 1332 2 141.1 -2000 -0.332501 4461849 0.344398 203 0.120478 0.0000 0.000835 0.001109 0.003762 -0.115288 0.152749 -0.069865 40.2910758456 -218.9235249744 203.12048
J157 05JUL20 2005.5496 53571 1332 3 141.1 -2000 -0.329994 4461849 0.339701 203 0.104687 0.0000 0.000784 0.001078 0.003507 -0.120464 0.120067 -0.147722 40.2910758033 -218.9235249449 203.10469
J157 05JUL21 2005.5524 53572 1332 4 141.1 -2000 -0.332036 4461849 0.341821 203 0.107369 0.0000 0.000808 0.001076 0.003674 -0.053673 0.137989 -0.075871 40.2910758224 -218.9235249689 203.10737
J157 05JUL22 2005.5551 53573 1332 5 141.1 -2000 -0.332285 4461849 0.342976 203 0.105740 0.0000 0.000770 0.001038 0.003419 -0.088683 0.107293 -0.118060 40.2910758328 -218.9235249718 203.10574
J157 05JUL23 2005.5578 53574 1332 6 141.1 -2000 -0.330823 4461849 0.339841 203 0.104453 0.0000 0.000801 0.001078 0.003607 -0.106082 0.127278 -0.100434 40.2910758045 -218.9235249546 203.10445
J157 05JUL24 2005.5606 53575 1333 0 141.1 -2000 -0.330611 4461849 0.341622 203 0.111371 0.0000 0.000806 0.001070 0.003626 -0.100601 0.182884 -0.166867 40.2910758206 -218.9235249521 203.11137
J157 05JUL25 2005.5633 53576 1333 1 141.1 -2000 -0.331200 4461849 0.343383 203 0.111090 0.0000 0.000846 0.001136 0.003909 -0.093651 0.188485 -0.148111 40.2910758364 -218.9235249591 203.11109
J157 05JUL26 2005.5661 53577 1333 2 141.1 -2000 -0.330479 4461849 0.340796 203 0.109258 0.0000 0.000848 0.001155 0.003886 -0.138609 0.174538 -0.161509 40.2910758131 -218.9235249506 203.10926
J157 05JUL27 2005.5688 53578 1333 3 141.1 -2000 -0.335177 4461849 0.346497 203 0.103418 0.0000 0.000869 0.001175 0.003991 -0.102363 0.226655 -0.153761 40.2910758645 -218.9235250059 203.10342
J157 05JUL28 2005.5715 53579 1333 4 141.1 -2000 -0.330664 4461849 0.343013 203 0.104807 0.0000 0.000848 0.001208 0.003908 -0.089089 0.094530 -0.146319 40.2910758331 -218.9235249528 203.10481
J157 05JUL29 2005.5743 53580 1333 5 141.1 -2000 -0.329077 4461849 0.344056 203 0.125231 0.0000 0.000838 0.001143 0.003748 -0.119363 0.141351 -0.126080 40.2910758425 -218.9235249341 203.12523
J157 05JUL30 2005.5770 53581 1333 6 141.1 -2000 -0.330393 4461849 0.341977 203 0.108974 0.0000 0.000860 0.001132 0.003895 -0.085245 0.179362 -0.122116 40.2910758238 -218.9235249496 203.10897
J157 05JUL31 2005.5797 53582 1334 0 141.1 -2000 -0.331187 4461849 0.340731 203 0.115264 0.0000 0.000848 0.001111 0.003791 -0.133399 0.145671 -0.104471 40.2910758125 -218.9235249589 203.11526
J157 05AUG01 2005.5825 53583 1334 1 141.1 -2000 -0.331164 4461849 0.341791 203 0.115415 0.0000 0.000845 0.001166 0.003858 -0.113018 0.131483 -0.078183 40.2910758221 -218.9235249587 203.11542
J157 05AUG02 2005.5852 53584 1334 2 141.1 -2000 -0.328983 4461849 0.341379 203 0.114973 0.0000 0.000847 0.001157 0.003876 -0.160740 0.157362 -0.137908 40.2910758184 -218.9235249330 203.11497
J157 05AUG03 2005.5880 53585 1334 3 141.1 -2000 -0.332113 4461849 0.341409 203 0.110460 0.0000 0.000813 0.001092 0.003798 -0.103003 0.187261 -0.081051 40.2910758187 -218.9235249698 203.11046
J157 05AUG04 2005.5907 53586 1334 4 141.1 -2000 -0.334264 4461849 0.341589 203 0.104700 0.0000 0.000786 0.001073 0.003585 -0.098537 0.144892 -0.136643 40.2910758203 -218.9235249951 203.10470
J157 05AUG05 2005.5934 53587 1334 5 141.1 -2000 -0.332321 4461849 0.342592 203 0.104846 0.0000 0.000829 0.001072 0.003706 -0.148449 0.175514 -0.158930 40.2910758293 -218.9235249723 203.10485
J157 05AUG06 2005.5962 53588 1334 6 141.1 -2000 -0.330982 4461849 0.341002 203 0.108301 0.0000 0.000812 0.001091 0.003657 -0.122841 0.164064 -0.109275 40.2910758150 -218.9235249565 203.10830
J157 05AUG07 2005.5989 53589 1335 0 141.1 -2000 -0.332257 4461849 0.342410 203 0.112990 0.0000 0.000798 0.001097 0.003656 -0.146060 0.133163 -0.127102 40.2910758277 -218.9235249715 203.11299
J157 05AUG08 2005.6016 53590 1335 1 141.1 -2000 -0.331945 4461849 0.341490 203 0.100161 0.0000 0.000781 0.001034 0.003502 -0.115883 0.171701 -0.109227 40.2910758194 -218.9235249678 203.10016
J157 05AUG09 2005.6044 53591 1335 2 141.1 -2000 -0.331188 4461849 0.341643 203 0.105652 0.0000 0.000811 0.001094 0.003703 -0.127187 0.153867 -0.152529 40.2910758208 -218.9235249589 203.10565
J157 05AUG10 2005.6071 53592 1335 3 141.1 -2000 -0.331275 4461849 0.341008 203 0.110364 0.0000 0.000808 0.001080 0.003570 -0.105692 0.100678 -0.053025 40.2910758150 -218.9235249600 203.11036
J157 05AUG11 2005.6099 53593 1335 4 141.1 -2000 -0.330015 4461849 0.343944 203 0.117804 0.0000 0.000878 0.001131 0.003889 -0.128748 0.127225 -0.119742 40.2910758415 -218.9235249452 203.11780
J157 05AUG12 2005.6126 53594 1335 5 141.1 -2000 -0.330098 4461849 0.342347 203 0.107670 0.0000 0.000821 0.001085 0.003643 -0.138628 0.181330 -0.121134 40.2910758271 -218.9235249461 203.10767
J157 05AUG13 2005.6153 53595 1335 6 141.1 -2000 -0.329093 4461849 0.342926 203 0.108323 0.0000 0.000812 0.001079 0.003666 -0.146484 0.223690 -0.103780 40.2910758323 -218.9235249343 203.10832
J157 05AUG15 2005.6208 53597 1336 1 141.1 -2000 -0.332133 4461849 0.342064 203 0.101632 0.0000 0.000820 0.001107 0.003664 -0.086023 0.079917 -0.146932 40.2910758246 -218.9235249701 203.10163
J157 05AUG16 2005.6235 53598 1336 2 141.1 -2000 -0.330348 4461849 0.341555 203 0.106412 0.0000 0.000800 0.001107 0.003638 -0.086161 0.097594 -0.059477 40.2910758200 -218.9235249491 203.10641
J157 05AUG17 2005.6263 53599 1336 3 141.1 -2000 -0.330920 4461849 0.338484 203 0.099803 0.0000 0.000832 0.001082 0.003730 -0.118825 0.149032 -0.155789 40.2910757923 -218.9235249558 203.09980
J157 05AUG18 2005.6290 53600 1336 4 141.1 -2000 -0.331523 4461849 0.341529 203 0.104623 0.0000 0.000816 0.001065 0.003584 -0.132278 0.129724 -0.129744 40.2910758197 -218.9235249629 203.10462
J157 05AUG19 2005.6318 53601 1336 5 141.1 -2000 -0.325701 4461849 0.342680 203 0.106618 0.0000 0.000776 0.001051 0.003402 -0.122209 0.109795 -0.102345 40.2910758301 -218.9235248944 203.10662
J157 05AUG20 2005.6345 53602 1336 6 141.1 -2000 -0.329605 4461849 0.340033 203 0.100178 0.0000 0.000814 0.001080 0.003645 -0.138420 0.144945 -0.161466 40.2910758063 -218.9235249403 203.10018
J157 05AUG21 2005.6372 53603 1337 0 141.1 -2000 -0.329193 4461849 0.339967 203 0.104390 0.0000 0.000815 0.001089 0.003614 -0.145666 0.104619 -0.114289 40.2910758057 -218.9235249355 203.10439
J157 05AUG22 2005.6400 53604 1337 1 141.1 -2000 -0.331533 4461849 0.342197 203 0.108891 0.0000 0.000827 0.001142 0.003733 -0.110678 0.175006 -0.093148 40.2910758258 -218.9235249630 203.10889
J157 05AUG23 2005.6427 53605 1337 2 141.1 -2000 -0.329029 4461849 0.342063 203 0.102473 0.0000 0.000828 0.001102 0.003682 -0.152416 0.128673 -0.152827 40.2910758246 -218.9235249335 203.10247
J157 05AUG24 2005.6454 53606 1337 3 141.1 -2000 -0.330329 4461849 0.340837 203 0.101191 0.0000 0.000860 0.001141 0.003801 -0.096408 0.190999 -0.040428 40.2910758135 -218.9235249488 203.10119
J157 05AUG25 2005.6482 53607 1337 4 141.1 -2000 -0.328419 4461849 0.340170 203 0.102302 0.0000 0.000779 0.001076 0.003568 -0.071416 0.107159 -0.171306 40.2910758075 -218.9235249264 203.10230
J157 05AUG26 2005.6509 53608 1337 5 141.1 -2000 -0.329851 4461849 0.340488 203 0.104965 0.0000 0.000801 0.001090 0.003653 -0.072957 0.113514 -0.130956 40.2910758104 -218.9235249432 203.10496
J157 05AUG27 2005.6537 53609 1337 6 141.1 -2000 -0.329366 4461849 0.342365 203 0.101368 0.0000 0.000797 0.001057 0.003633 -0.099727 0.229973 -0.129538 40.2910758273 -218.9235249375 203.10137
J157 05AUG28 2005.6564 53610 1338 0 141.1 -2000 -0.330231 4461849 0.342113 203 0.107233 0.0000 0.000806 0.001078 0.003574 -0.142849 0.185520 -0.070227 40.2910758250 -218.9235249477 203.10723
J157 05AUG29 2005.6591 53611 1338 1 141.1 -2000 -0.331613 4461849 0.342380 203 0.094985 0.0000 0.000803 0.001077 0.003591 -0.099926 0.134106 -0.137208 40.2910758274 -218.9235249639 203.09498
J157 05AUG30 2005.6619 53612 1338 2 141.1 -2000 -0.328818 4461849 0.338130 203 0.108060 0.0000 0.000880 0.001127 0.003847 -0.131277 0.176102 -0.134962 40.2910757891 -218.9235249311 203.10806
J157 05AUG31 2005.6646 53613 1338 3 141.1 -2000 -0.329374 4461849 0.340445 203 0.102866 0.0000 0.000799 0.001081 0.003589 -0.142782 0.136645 -0.137112 40.2910758100 -218.9235249376 203.10287
J157 05SEP01 2005.6674 53614 1338 4 141.1 -2000 -0.327079 4461849 0.339146 203 0.112299 0.0000 0.000834 0.001118 0.003886 -0.111635 0.161189 -0.157400 40.2910757983 -218.9235249106 203.11230
J157 05SEP02 2005.6701 53615 1338 5 141.1 -2000 -0.328510 4461849 0.340386 203 0.104442 0.0000 0.000852 0.001175 0.003964 -0.156959 0.113848 -0.075262 40.2910758094 -218.9235249274 203.10444
J157 05SEP03 2005.6728 53616 1338 6 141.1 -2000 -0.329695 4461849 0.340794 203 0.101169 0.0000 0.000787 0.001070 0.003465 -0.158387 0.148054 -0.096540 40.2910758131 -218.9235249414 203.10117
J157 05SEP04 2005.6756 53617 1339 0 141.1 -2000 -0.328088 4461849 0.339240 203 0.097608 0.0000 0.000788 0.001042 0.003531 -0.123010 0.165048 -0.099683 40.2910757991 -218.9235249225 203.09761
J157 05SEP05 2005.6783 53618 1339 1 141.1 -2000 -0.327390 4461849 0.340175 203 0.101693 0.0000 0.000787 0.001045 0.003519 -0.112615 0.056052 -0.136436 40.2910758075 -218.9235249143 203.10169
J157 05SEP06 2005.6810 53619 1339 2 141.1 -2000 -0.325568 4461849 0.337110 203 0.108710 0.0000 0.000774 0.001036 0.003345 -0.135071 0.130054 -0.091927 40.2910757799 -218.9235248928 203.10871
J157 05SEP07 2005.6838 53620 1339 3 141.1 -2000 -0.327110 4461849 0.331785 203 0.092655 0.0000 0.000845 0.001150 0.003940 -0.113889 0.071264 -0.085575 40.2910757320 -218.9235249109 203.09266
J157 05SEP08 2005.6865 53621 1339 4 141.1 -2000 -0.332179 4461849 0.340603 203 0.095931 0.0000 0.000808 0.001086 0.003524 -0.082164 0.129909 -0.073520 40.2910758114 -218.9235249706 203.09593
J157 05SEP09 2005.6893 53622 1339 5 141.1 -2000 -0.329657 4461849 0.342361 203 0.100213 0.0000 0.000806 0.001098 0.003580 -0.109115 0.112516 -0.089668 40.2910758272 -218.9235249409 203.10021
J157 05SEP10 2005.6920 53623 1339 6 141.1 -2000 -0.331341 4461849 0.343595 203 0.105842 0.0000 0.000829 0.001123 0.003778 -0.103765 0.105487 -0.128500 40.2910758383 -218.9235249607 203.10584
J157 05SEP11 2005.6947 53624 1340 0 141.1 -2000 -0.324602 4461849 0.340822 203 0.092873 0.0000 0.000829 0.001091 0.003680 -0.116948 0.105906 -0.130698 40.2910758134 -218.9235248815 203.09287
J157 05SEP12 2005.6975 53625 1340 1 141.1 -2000 -0.327511 4461849 0.340196 203 0.096587 0.0000 0.000832 0.001134 0.003788 -0.065184 0.092209 -0.112112 40.2910758077 -218.9235249157 203.09659
J157 05SEP13 2005.7002 53626 1340 2 141.1 -2000 -0.327049 4461849 0.340202 203 0.107061 0.0000 0.000827 0.001104 0.003665 -0.073440 0.031454 -0.143966 40.2910758078 -218.9235249102 203.10706
J157 05SEP14 2005.7029 53627 1340 3 141.1 -2000 -0.329801 4461849 0.341224 203 0.097018 0.0000 0.000805 0.001070 0.003547 -0.091691 0.097298 -0.045516 40.2910758170 -218.9235249426 203.09702
J157 05SEP15 2005.7057 53628 1340 4 141.1 -2000 -0.325059 4461849 0.340600 203 0.103875 0.0000 0.000841 0.001092 0.003659 -0.116013 0.136186 -0.098773 40.2910758114 -218.9235248869 203.10388
J157 05SEP16 2005.7084 53629 1340 5 141.1 -2000 -0.328929 4461849 0.342372 203 0.095072 0.0000 0.000816 0.001056 0.003591 -0.099640 0.135260 -0.035814 40.2910758273 -218.9235249324 203.09507
J157 05SEP17 2005.7112 53630 1340 6 141.1 -2000 -0.327688 4461849 0.339228 203 0.102758 0.0000 0.000800 0.001068 0.003533 -0.121794 0.162165 -0.119401 40.2910757990 -218.9235249178 203.10276
J157 05SEP18 2005.7139 53631 1341 0 141.1 -2000 -0.329357 4461849 0.338146 203 0.106466 0.0000 0.000826 0.001140 0.003792 -0.114096 0.130089 -0.073013 40.2910757893 -218.9235249374 203.10647
J157 05SEP19 2005.7166 53632 1341 1 141.1 -2000 -0.327537 4461849 0.340832 203 0.095995 0.0000 0.000823 0.001130 0.003721 -0.113976 0.100302 -0.172110 40.2910758135 -218.9235249160 203.09599
J157 05SEP20 2005.7194 53633 1341 2 141.1 -2000 -0.330545 4461849 0.340659 203 0.103653 0.0000 0.000774 0.001062 0.003442 -0.077147 0.122188 -0.075865 40.2910758119 -218.9235249514 203.10365
J157 05SEP21 2005.7221 53634 1341 3 141.1 -2000 -0.326832 4461849 0.341421 203 0.099050 0.0000 0.000775 0.001072 0.003476 -0.122717 0.132189 -0.148612 40.2910758188 -218.9235249077 203.09905
J157 05SEP22 2005.7248 53635 1341 4 141.1 -2000 -0.327340 4461849 0.339928 203 0.103729 0.0000 0.000763 0.001029 0.003313 -0.129764 0.151618 -0.111719 40.2910758053 -218.9235249137 203.10373
J157 05SEP23 2005.7276 53636 1341 5 141.1 -2000 -0.327593 4461849 0.338389 203 0.099970 0.0000 0.000769 0.001054 0.003418 -0.128396 0.073387 -0.164231 40.2910757915 -218.9235249166 203.09997
J157 05SEP24 2005.7303 53637 1341 6 141.1 -2000 -0.326586 4461849 0.340974 203 0.099313 0.0000 0.000816 0.001080 0.003542 -0.130438 0.064608 -0.086232 40.2910758147 -218.9235249048 203.09931
J157 05SEP25 2005.7331 53638 1342 0 141.1 -2000 -0.327541 4461849 0.340417 203 0.099889 0.0000 0.000786 0.001039 0.003401 -0.108949 0.105234 -0.090988 40.2910758097 -218.9235249160 203.09989
J157 05SEP26 2005.7358 53639 1342 1 141.1 -2000 -0.327295 4461849 0.338374 203 0.097189 0.0000 0.000772 0.001001 0.003263 -0.099328 0.110197 -0.099334 40.2910757913 -218.9235249131 203.09719
J157 05SEP27 2005.7385 53640 1342 2 141.1 -2000 -0.326737 4461849 0.340484 203 0.095590 0.0000 0.000807 0.001107 0.003615 -0.106830 0.027429 -0.125038 40.2910758103 -218.9235249066 203.09559
J157 05SEP28 2005.7413 53641 1342 3 141.1 -2000 -0.327441 4461849 0.338953 203 0.097522 0.0000 0.000810 0.001095 0.003681 -0.100983 0.141859 -0.149465 40.2910757965 -218.9235249149 203.09752
J157 05SEP29 2005.7440 53642 1342 4 141.1 -2000 -0.326496 4461849 0.339615 203 0.097588 0.0000 0.000860 0.001121 0.003767 -0.218644 0.216301 -0.120928 40.2910758025 -218.9235249037 203.09759
J157 05SEP30 2005.7467 53643 1342 5 141.1 -2000 -0.327532 4461849 0.339028 203 0.105595 0.0000 0.000787 0.001046 0.003473 -0.113914 0.109337 -0.107813 40.2910757972 -218.9235249159 203.10559
J157 05OCT01 2005.7495 53644 1342 6 141.1 -2000 -0.328586 4461849 0.337869 203 0.099605 0.0000 0.000790 0.001074 0.003526 -0.137290 0.096424 -0.059740 40.2910757868 -218.9235249283 203.09960
J157 05OCT02 2005.7522 53645 1343 0 141.1 -2000 -0.333146 4461849 0.340198 203 0.097252 0.0000 0.000821 0.001110 0.003736 -0.099335 0.124409 -0.092114 40.2910758078 -218.9235249820 203.09725
J157 05OCT03 2005.7550 53646 1343 1 141.1 -2000 -0.326734 4461849 0.338264 203 0.100343 0.0000 0.000805 0.001062 0.003553 -0.110786 0.171563 -0.094120 40.2910757903 -218.9235249065 203.10034
J157 05OCT04 2005.7577 53647 1343 2 141.1 -2000 -0.328209 4461849 0.338912 203 0.097867 0.0000 0.000810 0.001095 0.003581 -0.154894 0.093563 -0.104069 40.2910757962 -218.9235249239 203.09787
J157 05OCT05 2005.7604 53648 1343 3 141.1 -2000 -0.325728 4461849 0.339830 203 0.096029 0.0000 0.000766 0.001046 0.003352 -0.130162 0.135990 -0.146365 40.2910758044 -218.9235248947 203.09603
J157 05OCT06 2005.7632 53649 1343 4 141.1 -2000 -0.326082 4461849 0.338834 203 0.097115 0.0000 0.000779 0.001043 0.003486 -0.096651 0.129134 -0.190353 40.2910757955 -218.9235248989 203.09711
J157 05OCT07 2005.7659 53650 1343 5 141.1 -2000 -0.328036 4461849 0.335908 203 0.099338 0.0000 0.000793 0.001058 0.003442 -0.152232 0.110009 -0.067261 40.2910757691 -218.9235249219 203.09934
J157 05OCT08 2005.7687 53651 1343 6 141.1 -2000 -0.329674 4461849 0.334010 203 0.095289 0.0000 0.000785 0.001058 0.003464 -0.135168 0.160172 -0.073042 40.2910757520 -218.9235249411 203.09529
J157 05OCT09 2005.7714 53652 1344 0 141.1 -2000 -0.326429 4461849 0.335025 203 0.101208 0.0000 0.000774 0.001071 0.003499 -0.119003 0.115612 -0.091212 40.2910757612 -218.9235249030 203.10121
J157 05OCT10 2005.7741 53653 1344 1 141.1 -2000 -0.326971 4461849 0.335350 203 0.098709 0.0000 0.000788 0.001059 0.003448 -0.133352 0.162662 -0.149515 40.2910757641 -218.9235249093 203.09871
J157 05OCT11 2005.7769 53654 1344 2 141.1 -2000 -0.326554 4461849 0.336762 203 0.103500 0.0000 0.000812 0.001059 0.003500 -0.115148 0.088176 -0.105941 40.2910757768 -218.9235249044 203.10350
J157 05OCT12 2005.7796 53655 1344 3 141.1 -2000 -0.324542 4461849 0.337781 203 0.094358 0.0000 0.000799 0.001061 0.003543 -0.114898 0.171961 -0.082378 40.2910757860 -218.9235248808 203.09436
J157 05OCT13 2005.7823 53656 1344 4 141.1 -2000 -0.325109 4461849 0.337625 203 0.102782 0.0000 0.000815 0.001077 0.003654 -0.107923 0.161463 -0.137356 40.2910757846 -218.9235248874 203.10278
J157 05OCT14 2005.7851 53657 1344 5 141.1 -2000 -0.327032 4461849 0.335537 203 0.102666 0.0000 0.000796 0.001068 0.003550 -0.112135 0.191588 -0.098797 40.2910757658 -218.9235249100 203.10267
J157 05OCT15 2005.7878 53658 1344 6 141.1 -2000 -0.324985 4461849 0.335862 203 0.114749 0.0000 0.000811 0.001079 0.003575 -0.146057 0.177315 -0.081208 40.2910757687 -218.9235248860 203.11475
J157 05OCT16 2005.7906 53659 1345 0 141.1 -2000 -0.325664 4461849 0.336497 203 0.101941 0.0000 0.000795 0.001050 0.003515 -0.121082 0.113281 -0.122042 40.2910757744 -218.9235248939 203.10194
J157 05OCT17 2005.7933 53660 1345 1 141.1 -2000 -0.327402 4461849 0.334511 203 0.101690 0.0000 0.000786 0.001071 0.003496 -0.127777 0.169207 -0.155680 40.2910757565 -218.9235249144 203.10169
J157 05OCT18 2005.7960 53661 1345 2 141.1 -2000 -0.327260 4461849 0.333873 203 0.100076 0.0000 0.000813 0.001082 0.003563 -0.143653 0.160389 -0.090625 40.2910757508 -218.9235249127 203.10008
J157 05OCT19 2005.7988 53662 1345 3 141.1 -2000 -0.326175 4461849 0.336437 203 0.095946 0.0000 0.000811 0.001075 0.003512 -0.110001 0.099242 -0.055374 40.2910757739 -218.9235249000 203.09595
J157 05OCT20 2005.8015 53663 1345 4 141.1 -2000 -0.325883 4461849 0.335250 203 0.088553 0.0000 0.000798 0.001087 0.003536 -0.163377 0.204654 -0.161718 40.2910757632 -218.9235248965 203.08855
J157 05OCT21 2005.8042 53664 1345 5 141.1 -2000 -0.325599 4461849 0.334270 203 0.102642 0.0000 0.000796 0.001048 0.003454 -0.124283 0.119994 -0.123288 40.2910757544 -218.9235248932 203.10264
J157 05OCT22 2005.8070 53665 1345 6 141.1 -2000 -0.326138 4461849 0.334431 203 0.100200 0.0000 0.000792 0.001061 0.003498 -0.088071 0.154367 -0.090777 40.2910757558 -218.9235248995 203.10020
J157 05OCT23 2005.8097 53666 1346 0 141.1 -2000 -0.325077 4461849 0.332758 203 0.094960 0.0000 0.000780 0.001063 0.003531 -0.114101 0.155553 -0.197309 40.2910757407 -218.9235248870 203.09496
J157 05OCT24 2005.8125 53667 1346 1 141.1 -2000 -0.328382 4461849 0.333018 203 0.099155 0.0000 0.000808 0.001092 0.003596 -0.124612 0.159678 -0.061035 40.2910757431 -218.9235249259 203.09916
J157 05OCT25 2005.8152 53668 1346 2 141.1 -2000 -0.324452 4461849 0.335767 203 0.088703 0.0000 0.000820 0.001074 0.003639 -0.105031 0.230202 -0.126590 40.2910757679 -218.9235248797 203.08870
J157 05OCT26 2005.8179 53669 1346 3 141.1 -2000 -0.326236 4461849 0.334681 203 0.094474 0.0000 0.000813 0.001073 0.003557 -0.109896 0.151663 -0.118971 40.2910757581 -218.9235249007 203.09447
J157 05OCT27 2005.8207 53670 1346 4 141.1 -2000 -0.325385 4461849 0.337263 203 0.091381 0.0000 0.000786 0.001042 0.003419 -0.089387 0.114965 -0.111464 40.2910757813 -218.9235248907 203.09138
J157 05OCT28 2005.8234 53671 1346 5 141.1 -2000 -0.324669 4461849 0.336678 203 0.104874 0.0000 0.000807 0.001088 0.003583 -0.097731 0.159461 -0.137899 40.2910757761 -218.9235248823 203.10487
J157 05OCT29 2005.8261 53672 1346 6 141.1 -2000 -0.325674 4461849 0.332449 203 0.086808 0.0000 0.000789 0.001051 0.003502 -0.121707 0.142089 -0.088199 40.2910757380 -218.9235248941 203.08681
J157 05OCT30 2005.8289 53673 1347 0 141.1 -2000 -0.325178 4461849 0.333050 203 0.098375 0.0000 0.000848 0.001086 0.003627 -0.139830 0.147962 -0.074872 40.2910757434 -218.9235248882 203.09837
J157 05OCT31 2005.8316 53674 1347 1 141.1 -2000 -0.324390 4461849 0.336601 203 0.097893 0.0000 0.000785 0.001067 0.003452 -0.047150 0.072379 -0.134161 40.2910757754 -218.9235248790 203.09789
J157 05NOV01 2005.8344 53675 1347 2 141.1 -2000 -0.323145 4461849 0.338214 203 0.103712 0.0000 0.000849 0.001127 0.003787 -0.137177 0.201393 -0.129556 40.2910757899 -218.9235248643 203.10371
J157 05NOV02 2005.8371 53676 1347 3 141.1 -2000 -0.323656 4461849 0.337666 203 0.095544 0.0000 0.000849 0.001114 0.003747 -0.064041 0.100700 -0.128938 40.2910757849 -218.9235248703 203.09554
J157 05NOV03 2005.8398 53677 1347 4 141.1 -2000 -0.324661 4461849 0.336482 203 0.095516 0.0000 0.000854 0.001158 0.003805 -0.113092 0.039992 -0.128522 40.2910757743 -218.9235248822 203.09552
J157 05NOV04 2005.8426 53678 1347 5 141.1 -2000 -0.326255 4461849 0.336721 203 0.110073 0.0000 0.000836 0.001083 0.003688 -0.116791 0.226308 -0.131440 40.2910757764 -218.9235249009 203.11007
J157 05NOV05 2005.8453 53679 1347 6 141.1 -2000 -0.325441 4461849 0.337289 203 0.096954 0.0000 0.000853 0.001099 0.003724 -0.031965 0.153684 -0.088180 40.2910757816 -218.9235248913 203.09695
J157 05NOV06 2005.8480 53680 1348 0 141.1 -2000 -0.324589 4461849 0.334107 203 0.099417 0.0000 0.000850 0.001165 0.003881 -0.068501 0.123089 -0.096585 40.2910757529 -218.9235248813 203.09942
J157 05NOV07 2005.8508 53681 1348 1 141.1 -2000 -0.326796 4461849 0.335043 203 0.102259 0.0000 0.000810 0.001109 0.003639 -0.028984 0.116279 -0.124567 40.2910757613 -218.9235249073 203.10226
J157 05NOV08 2005.8535 53682 1348 2 141.1 -2000 -0.326180 4461849 0.337190 203 0.101857 0.0000 0.000836 0.001133 0.003778 -0.060201 0.098763 -0.112620 40.2910757807 -218.9235249000 203.10186
J157 05NOV09 2005.8563 53683 1348 3 141.1 -2000 -0.327824 4461849 0.338406 203 0.091647 0.0000 0.000817 0.001122 0.003705 -0.033250 0.030070 -0.127627 40.2910757916 -218.9235249194 203.09165
J157 05NOV10 2005.8590 53684 1348 4 141.1 -2000 -0.324996 4461849 0.336561 203 0.092330 0.0000 0.000843 0.001134 0.003853 -0.060158 0.138219 -0.176527 40.2910757750 -218.9235248861 203.09233
J157 05NOV11 2005.8617 53685 1348 5 141.1 -2000 -0.326354 4461849 0.336140 203 0.093497 0.0000 0.000824 0.001078 0.003635 -0.018658 0.100671 -0.139558 40.2910757712 -218.9235249021 203.09350
J157 05NOV12 2005.8645 53686 1348 6 141.1 -2000 -0.327250 4461849 0.336736 203 0.083200 0.0000 0.000798 0.001064 0.003460 -0.055394 0.052823 -0.081276 40.2910757766 -218.9235249126 203.08320
J157 05NOV13 2005.8672 53687 1349 0 141.1 -2000 -0.327465 4461849 0.337834 203 0.081558 0.0000 0.000822 0.001073 0.003625 -0.010137 0.136634 -0.076135 40.2910757865 -218.9235249151 203.08156
J157 05NOV14 2005.8700 53688 1349 1 141.1 -2000 -0.324686 4461849 0.337534 203 0.089837 0.0000 0.000838 0.001097 0.003735 -0.022487 0.109045 -0.133610 40.2910757838 -218.9235248825 203.08984
J157 05NOV15 2005.8727 53689 1349 2 141.1 -2000 -0.322879 4461849 0.338535 203 0.083302 0.0000 0.000795 0.001066 0.003539 -0.106801 0.167837 -0.094773 40.2910757928 -218.9235248612 203.08330
J157 05NOV16 2005.8754 53690 1349 3 141.1 -2000 -0.325684 4461849 0.336045 203 0.095368 0.0000 0.000803 0.001063 0.003596 -0.109522 0.119891 -0.099445 40.2910757704 -218.9235248942 203.09537
J157 05NOV17 2005.8782 53691 1349 4 141.1 -2000 -0.326528 4461849 0.335331 203 0.093234 0.0000 0.000808 0.001055 0.003519 -0.129391 0.149932 -0.103081 40.2910757639 -218.9235249041 203.09323
J157 05NOV18 2005.8809 53692 1349 5 141.1 -2000 -0.327767 4461849 0.336089 203 0.088721 0.0000 0.000820 0.001072 0.003622 -0.072709 0.119086 -0.136011 40.2910757707 -218.9235249187 203.08872
J157 05NOV19 2005.8836 53693 1349 6 141.1 -2000 -0.328025 4461849 0.336005 203 0.091058 0.0000 0.000805 0.001052 0.003518 -0.119434 0.195503 -0.100044 40.2910757700 -218.9235249217 203.09106
J157 05NOV20 2005.8864 53694 1350 0 141.1 -2000 -0.326667 4461849 0.332873 203 0.099023 0.0000 0.000798 0.001056 0.003637 -0.133390 0.150632 -0.188326 40.2910757418 -218.9235249057 203.09902
J157 05NOV21 2005.8891 53695 1350 1 141.1 -2000 -0.325332 4461849 0.335979 203 0.094107 0.0000 0.000822 0.001093 0.003631 -0.071068 0.072621 -0.112526 40.2910757698 -218.9235248901 203.09411
J157 05NOV22 2005.8919 53696 1350 2 141.1 -2000 -0.327586 4461849 0.335364 203 0.092505 0.0000 0.000790 0.001044 0.003464 -0.112117 0.160159 -0.149080 40.2910757642 -218.9235249165 203.09251
J157 05NOV23 2005.8946 53697 1350 3 141.1 -2000 -0.328391 4461849 0.332470 203 0.098381 0.0000 0.000815 0.001094 0.003622 -0.114302 0.121632 -0.135859 40.2910757382 -218.9235249260 203.09838
J157 05NOV24 2005.8973 53698 1350 4 141.1 -2000 -0.326854 4461849 0.336925 203 0.086407 0.0000 0.000814 0.001065 0.003611 -0.104110 0.105338 -0.130002 40.2910757783 -218.9235249080 203.08641
J157 05NOV25 2005.9001 53699 1350 5 141.1 -2000 -0.326349 4461849 0.335137 203 0.099539 0.0000 0.000833 0.001079 0.003669 -0.111943 0.136535 -0.150559 40.2910757622 -218.9235249020 203.09954
J157 05NOV26 2005.9028 53700 1350 6 141.1 -2000 -0.323639 4461849 0.334765 203 0.096981 0.0000 0.000801 0.001051 0.003578 -0.120440 0.180767 -0.101691 40.2910757588 -218.9235248701 203.09698
J157 05NOV27 2005.9055 53701 1351 0 141.1 -2000 -0.327813 4461849 0.334515 203 0.093983 0.0000 0.000791 0.001042 0.003459 -0.114873 0.137184 -0.139400 40.2910757566 -218.9235249192 203.09398
J157 05NOV28 2005.9083 53702 1351 1 141.1 -2000 -0.325155 4461849 0.331701 203 0.093139 0.0000 0.000773 0.001041 0.003458 -0.106817 0.171458 -0.133416 40.2910757312 -218.9235248880 203.09314
J157 05NOV29 2005.9110 53703 1351 2 141.1 -2000 -0.329010 4461849 0.334544 203 0.085101 0.0000 0.000829 0.001076 0.003737 -0.111978 0.130380 -0.116633 40.2910757568 -218.9235249333 203.08510
J157 05NOV30 2005.9138 53704 1351 3 141.1 -2000 -0.327684 4461849 0.334415 203 0.087084 0.0000 0.000794 0.001048 0.003479 -0.112770 0.159934 -0.147649 40.2910757557 -218.9235249177 203.08708
J157 05DEC01 2005.9165 53705 1351 4 141.1 -2000 -0.326437 4461849 0.338907 203 0.096522 0.0000 0.000829 0.001082 0.003749 -0.106812 0.190276 -0.155956 40.2910757961 -218.9235249031 203.09652
J157 05DEC02 2005.9192 53706 1351 5 141.1 -2000 -0.328537 4461849 0.337218 203 0.082795 0.0000 0.000802 0.001045 0.003535 -0.100037 0.120429 -0.132403 40.2910757809 -218.9235249277 203.08280
J157 05DEC03 2005.9220 53707 1351 6 141.1 -2000 -0.326767 4461849 0.336944 203 0.096929 0.0000 0.000802 0.001058 0.003542 -0.111514 0.142065 -0.123728 40.2910757785 -218.9235249069 203.09693
J157 05DEC04 2005.9247 53708 1352 0 141.1 -2000 -0.324246 4461849 0.336002 203 0.103856 0.0000 0.000765 0.001024 0.003438 -0.099354 0.166621 -0.100412 40.2910757700 -218.9235248773 203.10386
J157 05DEC05 2005.9274 53709 1352 1 141.1 -2000 -0.328455 4461849 0.341102 203 0.083807 0.0000 0.000823 0.001092 0.003711 -0.144041 0.168465 -0.163719 40.2910758159 -218.9235249268 203.08381
J157 05DEC06 2005.9302 53710 1352 2 141.1 -2000 -0.327470 4461849 0.335949 203 0.099967 0.0000 0.000796 0.001063 0.003543 -0.099136 0.090000 -0.092192 40.2910757695 -218.9235249152 203.09997
J157 05DEC07 2005.9329 53711 1352 3 141.1 -2000 -0.324564 4461849 0.335114 203 0.096569 0.0000 0.000776 0.001047 0.003382 -0.102895 0.130405 -0.136794 40.2910757620 -218.9235248810 203.09657
J157 05DEC08 2005.9357 53712 1352 4 141.1 -2000 -0.324437 4461849 0.335494 203 0.098004 0.0000 0.000790 0.001062 0.003531 -0.092794 0.105732 -0.164815 40.2910757654 -218.9235248795 203.09800
J157 05DEC09 2005.9384 53713 1352 5 141.1 -2000 -0.324778 4461849 0.335360 203 0.093672 0.0000 0.000784 0.001055 0.003505 -0.103380 0.174997 -0.151603 40.2910757642 -218.9235248835 203.09367
J157 05DEC10 2005.9411 53714 1352 6 141.1 -2000 -0.326509 4461849 0.336267 203 0.088528 0.0000 0.000781 0.001071 0.003458 -0.090698 0.093134 -0.129988 40.2910757723 -218.9235249039 203.08853
J157 05DEC11 2005.9439 53715 1353 0 141.1 -2000 -0.326298 4461849 0.337649 203 0.096043 0.0000 0.000770 0.001033 0.003425 -0.116652 0.192102 -0.138421 40.2910757848 -218.9235249014 203.09604
J157 05DEC12 2005.9466 53716 1353 1 141.1 -2000 -0.324206 4461849 0.334713 203 0.104978 0.0000 0.000781 0.001044 0.003441 -0.077753 0.084117 -0.083131 40.2910757584 -218.9235248768 203.10498
J157 05DEC13 2005.9493 53717 1353 2 141.1 -2000 -0.324445 4461849 0.337649 203 0.099462 0.0000 0.000773 0.001035 0.003338 -0.096642 0.097233 -0.114576 40.2910757848 -218.9235248796 203.09946
J157 05DEC14 2005.9521 53718 1353 3 141.1 -2000 -0.323793 4461849 0.336028 203 0.093494 0.0000 0.000756 0.001013 0.003333 -0.066036 0.115008 -0.185810 40.2910757702 -218.9235248720 203.09349
J157 05DEC15 2005.9548 53719 1353 4 141.1 -2000 -0.322818 4461849 0.335783 203 0.096622 0.0000 0.000762 0.001037 0.003392 -0.056091 0.102375 -0.117019 40.2910757680 -218.9235248605 203.09662
J157 05DEC16 2005.9576 53720 1353 5 141.1 -2000 -0.323567 4461849 0.332942 203 0.099899 0.0000 0.000760 0.001027 0.003322 -0.087777 0.091436 -0.116111 40.2910757424 -218.9235248693 203.09990
J157 05DEC17 2005.9603 53721 1353 6 141.1 -2000 -0.324159 4461849 0.334044 203 0.096165 0.0000 0.000797 0.001007 0.003522 -0.105413 0.175003 -0.149134 40.2910757523 -218.9235248763 203.09616
J157 05DEC18 2005.9630 53722 1354 0 141.1 -2000 -0.324211 4461849 0.334787 203 0.097478 0.0000 0.000781 0.001016 0.003476 -0.108849 0.200386 -0.150200 40.2910757590 -218.9235248769 203.09748
J157 05DEC19 2005.9658 53723 1354 1 141.1 -2000 -0.324595 4461849 0.336356 203 0.089086 0.0000 0.000798 0.001064 0.003579 -0.012906 0.079535 -0.140488 40.2910757732 -218.9235248814 203.08909
J157 05DEC20 2005.9685 53724 1354 2 141.1 -2000 -0.327383 4461849 0.334666 203 0.096748 0.0000 0.000829 0.001080 0.003628 -0.052260 0.084655 -0.075397 40.2910757579 -218.9235249142 203.09675
J157 05DEC21 2005.9713 53725 1354 3 141.1 -2000 -0.327276 4461849 0.334970 203 0.096614 0.0000 0.000801 0.001063 0.003602 -0.067417 0.067924 -0.122384 40.2910757607 -218.9235249129 203.09661
J157 05DEC22 2005.9740 53726 1354 4 141.1 -2000 -0.325293 4461849 0.333181 203 0.100912 0.0000 0.000784 0.001064 0.003570 -0.066814 0.127060 -0.149538 40.2910757446 -218.9235248896 203.10091
J157 05DEC23 2005.9767 53727 1354 5 141.1 -2000 -0.324489 4461849 0.335671 203 0.096956 0.0000 0.000803 0.001099 0.003602 -0.074018 0.106564 -0.006991 40.2910757670 -218.9235248801 203.09696
J157 05DEC24 2005.9795 53728 1354 6 141.1 -2000 -0.324925 4461849 0.336085 203 0.097081 0.0000 0.000780 0.001065 0.003421 -0.116411 0.110536 -0.051668 40.2910757707 -218.9235248853 203.09708
J157 05DEC25 2005.9822 53729 1355 0 141.1 -2000 -0.324877 4461849 0.333992 203 0.090285 0.0000 0.000767 0.001038 0.003319 -0.120468 0.103639 -0.129612 40.2910757519 -218.9235248847 203.09029
J157 05DEC26 2005.9849 53730 1355 1 141.1 -2000 -0.327357 4461849 0.333196 203 0.093256 0.0000 0.000783 0.001036 0.003520 -0.118628 0.134830 -0.113568 40.2910757447 -218.9235249138 203.09326
J157 05DEC27 2005.9877 53731 1355 2 141.1 -2000 -0.325746 4461849 0.330351 203 0.101025 0.0000 0.000798 0.001049 0.003591 -0.090478 0.133167 -0.165689 40.2910757191 -218.9235248949 203.10103
J157 05DEC28 2005.9904 53732 1355 3 141.1 -2000 -0.327633 4461849 0.339466 203 0.088436 0.0000 0.000807 0.001030 0.003524 -0.103814 0.141417 -0.151646 40.2910758012 -218.9235249171 203.08844
J157 05DEC29 2005.9932 53733 1355 4 141.1 -2000 -0.326804 4461849 0.331016 203 0.096477 0.0000 0.000818 0.001061 0.003624 -0.131586 0.148159 -0.155366 40.2910757251 -218.9235249073 203.09648
J157 05DEC30 2005.9959 53734 1355 5 141.1 -2000 -0.324484 4461849 0.334885 203 0.089636 0.0000 0.000764 0.001031 0.003327 -0.063242 0.077903 -0.105656 40.2910757599 -218.9235248801 203.08964
J157 05DEC31 2005.9986 53735 1355 6 141.1 -2000 -0.326381 4461849 0.330768 203 0.087666 0.0000 0.000791 0.001048 0.003559 -0.106636 0.096524 -0.184035 40.2910757228 -218.9235249024 203.08767
J157 06JAN01 2006.0014 53736 1356 0 141.1 -2000 -0.325030 4461849 0.332414 203 0.096043 0.0000 0.000794 0.001043 0.003520 -0.102722 0.171559 -0.184999 40.2910757376 -218.9235248865 203.09604
J157 06JAN02 2006.0041 53737 1356 1 141.1 -2000 -0.325375 4461849 0.332714 203 0.097282 0.0000 0.000809 0.001047 0.003659 -0.132195 0.220982 -0.162897 40.2910757404 -218.9235248905 203.09728
J157 06JAN03 2006.0068 53738 1356 2 141.1 -2000 -0.327471 4461849 0.338824 203 0.082053 0.0000 0.000805 0.001062 0.003619 -0.089595 0.146651 -0.121305 40.2910757954 -218.9235249152 203.08205
J157 06JAN04 2006.0096 53739 1356 3 141.1 -2000 -0.329184 4461849 0.332150 203 0.095147 0.0000 0.000779 0.001046 0.003455 -0.120204 0.085530 -0.136858 40.2910757353 -218.9235249353 203.09515
J157 06JAN05 2006.0123 53740 1356 4 141.1 -2000 -0.328602 4461849 0.331611 203 0.092391 0.0000 0.000756 0.000997 0.003280 -0.094858 0.128022 -0.098095 40.2910757304 -218.9235249285 203.09239
J157 06JAN06 2006.0151 53741 1356 5 141.1 -2000 -0.326566 4461849 0.332071 203 0.101993 0.0000 0.000770 0.001019 0.003445 -0.069394 0.089221 -0.150052 40.2910757346 -218.9235249045 203.10199
J157 06JAN07 2006.0178 53742 1356 6 141.1 -2000 -0.327103 4461849 0.332592 203 0.096517 0.0000 0.000764 0.001019 0.003393 -0.096001 0.107557 -0.156091 40.2910757393 -218.9235249109 203.09652
J157 06JAN08 2006.0205 53743 1357 0 141.1 -2000 -0.329177 4461849 0.330961 203 0.101471 0.0000 0.000784 0.001050 0.003457 -0.086030 0.105363 -0.150217 40.2910757246 -218.9235249353 203.10147
J157 06JAN09 2006.0233 53744 1357 1 141.1 -2000 -0.326478 4461849 0.329401 203 0.093678 0.0000 0.000779 0.001048 0.003399 -0.086232 0.131518 -0.138780 40.2910757105 -218.9235249035 203.09368
J157 06JAN10 2006.0260 53745 1357 2 141.1 -2000 -0.325605 4461849 0.332339 203 0.095263 0.0000 0.000799 0.001064 0.003634 -0.092640 0.166697 -0.207748 40.2910757370 -218.9235248932 203.09526
J157 06JAN11 2006.0287 53746 1357 3 141.1 -2000 -0.326685 4461849 0.333806 203 0.076257 0.0000 0.000782 0.001077 0.003582 -0.092446 0.144792 -0.193796 40.2910757502 -218.9235249059 203.07626
J157 06JAN12 2006.0315 53747 1357 4 141.1 -2000 -0.325523 4461849 0.333663 203 0.088680 0.0000 0.000784 0.001092 0.003601 -0.131372 0.236551 -0.191640 40.2910757489 -218.9235248923 203.08868
J157 06JAN13 2006.0342 53748 1357 5 141.1 -2000 -0.324559 4461849 0.333400 203 0.085843 0.0000 0.000786 0.001036 0.003551 -0.088430 0.097600 -0.155124 40.2910757465 -218.9235248809 203.08584
J157 06JAN14 2006.0370 53749 1357 6 141.1 -2000 -0.324619 4461849 0.335646 203 0.093900 0.0000 0.000806 0.001084 0.003628 -0.094533 0.152640 -0.157539 40.2910757668 -218.9235248817 203.09390
J157 06JAN15 2006.0397 53750 1358 0 141.1 -2000 -0.325497 4461849 0.333245 203 0.095126 0.0000 0.000796 0.001078 0.003622 -0.106619 0.178535 -0.177621 40.2910757451 -218.9235248920 203.09513
J157 06JAN16 2006.0424 53751 1358 1 141.1 -2000 -0.324927 4461849 0.333478 203 0.088681 0.0000 0.000790 0.001050 0.003453 -0.130264 0.134711 -0.078935 40.2910757472 -218.9235248853 203.08868
J157 06JAN17 2006.0452 53752 1358 2 141.1 -2000 -0.328799 4461849 0.332792 203 0.095974 0.0000 0.000829 0.001118 0.003655 -0.159783 0.137520 -0.099672 40.2910757411 -218.9235249308 203.09597
J157 06JAN18 2006.0479 53753 1358 3 141.1 -2000 -0.327463 4461849 0.336693 203 0.084346 0.0000 0.000786 0.001039 0.003562 -0.115385 0.191777 -0.186361 40.2910757762 -218.9235249151 203.08435
J157 06JAN19 2006.0507 53754 1358 4 141.1 -2000 -0.329601 4461849 0.333944 203 0.089303 0.0000 0.000803 0.001072 0.003591 -0.126824 0.147028 -0.198852 40.2910757514 -218.9235249403 203.08930
J157 06JAN20 2006.0534 53755 1358 5 141.1 -2000 -0.328919 4461849 0.334818 203 0.080720 0.0000 0.000805 0.001039 0.003527 -0.104496 0.211642 -0.162389 40.2910757593 -218.9235249322 203.08072
J157 06JAN21 2006.0561 53756 1358 6 141.1 -2000 -0.328454 4461849 0.333689 203 0.090910 0.0000 0.000781 0.001012 0.003365 -0.126743 0.190874 -0.093532 40.2910757491 -218.9235249268 203.09091
J157 06JAN22 2006.0589 53757 1359 0 141.1 -2000 -0.328109 4461849 0.333793 203 0.089388 0.0000 0.000778 0.001012 0.003422 -0.135103 0.156979 -0.156911 40.2910757501 -218.9235249227 203.08939
J157 06JAN23 2006.0616 53758 1359 1 141.1 -2000 -0.329807 4461849 0.335144 203 0.091784 0.0000 0.000739 0.000986 0.003217 -0.096994 0.139519 -0.090589 40.2910757622 -218.9235249427 203.09178
J157 06JAN24 2006.0643 53759 1359 2 141.1 -2000 -0.328839 4461849 0.335856 203 0.086852 0.0000 0.000788 0.001027 0.003447 -0.058513 0.102601 -0.107390 40.2910757687 -218.9235249313 203.08685
J157 06JAN25 2006.0671 53760 1359 3 141.1 -2000 -0.327920 4461849 0.334131 203 0.093886 0.0000 0.000766 0.001017 0.003353 -0.088993 0.069545 -0.139189 40.2910757531 -218.9235249205 203.09389
J157 06JAN26 2006.0698 53761 1359 4 141.1 -2000 -0.329598 4461849 0.332966 203 0.096409 0.0000 0.000758 0.000976 0.003300 -0.081614 0.129257 -0.117160 40.2910757426 -218.9235249402 203.09641
J157 06JAN27 2006.0726 53762 1359 5 141.1 -2000 -0.328253 4461849 0.332660 203 0.091620 0.0000 0.000752 0.000998 0.003271 -0.093699 0.106138 -0.132830 40.2910757399 -218.9235249244 203.09162
J157 06JAN28 2006.0753 53763 1359 6 141.1 -2000 -0.327738 4461849 0.332549 203 0.089957 0.0000 0.000752 0.000977 0.003274 -0.109925 0.115095 -0.068730 40.2910757389 -218.9235249183 203.08996
J157 06JAN29 2006.0780 53764 1360 0 141.1 -2000 -0.327069 4461849 0.331485 203 0.086165 0.0000 0.000754 0.001005 0.003337 -0.091406 0.113810 -0.152291 40.2910757293 -218.9235249105 203.08617
J157 06JAN30 2006.0808 53765 1360 1 141.1 -2000 -0.329616 4461849 0.333830 203 0.083907 0.0000 0.000764 0.001021 0.003363 -0.087475 0.118205 -0.075252 40.2910757504 -218.9235249404 203.08391
J157 06JAN31 2006.0835 53766 1360 2 141.1 -2000 -0.327144 4461849 0.332113 203 0.085874 0.0000 0.000759 0.000996 0.003320 -0.068612 0.132301 -0.099533 40.2910757349 -218.9235249113 203.08587
J157 06FEB01 2006.0862 53767 1360 3 141.1 -2000 -0.330293 4461849 0.331401 203 0.089236 0.0000 0.000764 0.001032 0.003404 -0.093161 0.097223 -0.127344 40.2910757285 -218.9235249484 203.08924
J157 06FEB02 2006.0890 53768 1360 4 141.1 -2000 -0.335841 4461849 0.329490 203 0.092514 0.0000 0.000746 0.000987 0.003260 -0.093795 0.138585 -0.118989 40.2910757113 -218.9235250136 203.09251
J157 06FEB03 2006.0917 53769 1360 5 141.1 -2000 -0.331285 4461849 0.328967 203 0.092085 0.0000 0.000768 0.001015 0.003321 -0.116898 0.090616 -0.122467 40.2910757066 -218.9235249600 203.09209
J157 06FEB04 2006.0945 53770 1360 6 141.1 -2000 -0.331822 4461849 0.329409 203 0.095567 0.0000 0.000763 0.001000 0.003314 -0.104728 0.104602 -0.046441 40.2910757106 -218.9235249664 203.09557
J157 06FEB05 2006.0972 53771 1361 0 141.1 -2000 -0.329876 4461849 0.329337 203 0.092427 0.0000 0.000753 0.001009 0.003351 -0.063556 0.095960 -0.090161 40.2910757099 -218.9235249435 203.09243
J157 06FEB06 2006.0999 53772 1361 1 141.1 -2000 -0.327795 4461849 0.330436 203 0.093202 0.0000 0.000753 0.001006 0.003337 -0.061530 0.142586 -0.136248 40.2910757198 -218.9235249190 203.09320
J157 06FEB07 2006.1027 53773 1361 2 141.1 -2000 -0.328749 4461849 0.331819 203 0.082832 0.0000 0.000767 0.001030 0.003380 -0.099765 0.084016 -0.124092 40.2910757323 -218.9235249302 203.08283
J157 06FEB08 2006.1054 53774 1361 3 141.1 -2000 -0.327254 4461849 0.328703 203 0.080537 0.0000 0.000767 0.001024 0.003391 -0.102290 0.137534 -0.109489 40.2910757042 -218.9235249126 203.08054
J157 06FEB09 2006.1081 53775 1361 4 141.1 -2000 -0.326171 4461849 0.329426 203 0.081582 0.0000 0.000792 0.001095 0.003593 -0.105052 0.103362 -0.126613 40.2910757107 -218.9235248999 203.08158
J157 06FEB10 2006.1109 53776 1361 5 141.1 -2000 -0.330022 4461849 0.331707 203 0.076044 0.0000 0.000783 0.001078 0.003466 -0.141977 0.058777 -0.106637 40.2910757313 -218.9235249452 203.07604
J157 06FEB11 2006.1136 53777 1361 6 141.1 -2000 -0.328723 4461849 0.330092 203 0.080458 0.0000 0.000763 0.001029 0.003378 -0.088247 0.104855 -0.116064 40.2910757167 -218.9235249299 203.08046
J157 06FEB12 2006.1164 53778 1362 0 141.1 -2000 -0.328693 4461849 0.329613 203 0.095788 0.0000 0.000767 0.001041 0.003441 -0.063148 0.134675 -0.176673 40.2910757124 -218.9235249295 203.09579
J157 06FEB13 2006.1191 53779 1362 1 141.1 -2000 -0.328773 4461849 0.329875 203 0.070338 0.0000 0.000795 0.001084 0.003561 -0.100590 0.085822 -0.134445 40.2910757148 -218.9235249305 203.07034
J157 06FEB14 2006.1218 53780 1362 2 141.1 -2000 -0.331481 4461849 0.326875 203 0.078285 0.0000 0.000771 0.001038 0.003468 -0.120199 0.091814 -0.083820 40.2910756878 -218.9235249623 203.07829
J157 06FEB15 2006.1246 53781 1362 3 141.1 -2000 -0.330495 4461849 0.329757 203 0.088145 0.0000 0.000809 0.001088 0.003698 -0.115471 0.138412 -0.154800 40.2910757137 -218.9235249507 203.08815
J157 06FEB16 2006.1273 53782 1362 4 141.1 -2000 -0.331208 4461849 0.328699 203 0.091869 0.0000 0.000803 0.001122 0.003726 -0.144262 0.139640 -0.160388 40.2910757042 -218.9235249591 203.09187
J157 06FEB17 2006.1300 53783 1362 5 141.1 -2000 -0.330631 4461849 0.332366 203 0.083918 0.0000 0.000808 0.001081 0.003680 -0.092277 0.155307 -0.149759 40.2910757372 -218.9235249524 203.08392
J157 06FEB18 2006.1328 53784 1362 6 141.1 -2000 -0.324371 4461849 0.330509 203 0.078814 0.0000 0.000772 0.001035 0.003413 -0.131844 0.141399 -0.138198 40.2910757205 -218.9235248787 203.07881
J157 06FEB19 2006.1355 53785 1363 0 141.1 -2000 -0.327868 4461849 0.330102 203 0.090095 0.0000 0.000788 0.001056 0.003450 -0.125472 0.153863 -0.115728 40.2910757168 -218.9235249199 203.09009
J157 06FEB20 2006.1383 53786 1363 1 141.1 -2000 -0.326115 4461849 0.330440 203 0.095394 0.0000 0.000769 0.001027 0.003468 -0.112162 0.190766 -0.140104 40.2910757199 -218.9235248992 203.09539
J157 06FEB21 2006.1410 53787 1363 2 141.1 -2000 -0.327240 4461849 0.329598 203 0.088516 0.0000 0.000759 0.001048 0.003447 -0.067675 0.055648 -0.191659 40.2910757123 -218.9235249125 203.08852
J157 06FEB22 2006.1437 53788 1363 3 141.1 -2000 -0.328735 4461849 0.330598 203 0.092628 0.0000 0.000773 0.001067 0.003427 -0.112729 0.133141 -0.136412 40.2910757213 -218.9235249300 203.09263
J157 06FEB23 2006.1465 53789 1363 4 141.1 -2000 -0.328825 4461849 0.328485 203 0.094525 0.0000 0.000770 0.001064 0.003432 -0.139226 0.160857 -0.119155 40.2910757023 -218.9235249311 203.09453
J157 06FEB24 2006.1492 53790 1363 5 141.1 -2000 -0.327609 4461849 0.330790 203 0.095145 0.0000 0.000774 0.001055 0.003448 -0.123098 0.169324 -0.138485 40.2910757230 -218.9235249168 203.09514
J157 06FEB25 2006.1520 53791 1363 6 141.1 -2000 -0.326856 4461849 0.330159 203 0.094032 0.0000 0.000759 0.001077 0.003439 -0.110387 0.156242 -0.133372 40.2910757173 -218.9235249079 203.09403
J157 06FEB26 2006.1547 53792 1364 0 141.1 -2000 -0.328960 4461849 0.327147 203 0.093985 0.0000 0.000791 0.001053 0.003517 -0.082853 0.102149 -0.130698 40.2910756902 -218.9235249327 203.09399
J157 06FEB27 2006.1574 53793 1364 1 141.1 -2000 -0.334036 4461849 0.330287 203 0.090202 0.0000 0.000786 0.001121 0.003715 -0.113405 0.078344 -0.183090 40.2910757185 -218.9235249924 203.09020
J157 06FEB28 2006.1602 53794 1364 2 141.1 -2000 -0.327656 4461849 0.329068 203 0.093913 0.0000 0.000787 0.001054 0.003528 -0.088540 0.104894 -0.164300 40.2910757075 -218.9235249174 203.09391
J157 06MAR01 2006.1629 53795 1364 3 141.1 -2000 -0.327598 4461849 0.330271 203 0.103547 0.0000 0.000845 0.001094 0.003769 -0.120537 0.221512 -0.121017 40.2910757184 -218.9235249167 203.10355
J157 06MAR02 2006.1656 53796 1364 4 141.1 -2000 -0.331202 4461849 0.328130 203 0.098165 0.0000 0.000764 0.001024 0.003414 -0.082356 0.128065 -0.086175 40.2910756991 -218.9235249591 203.09816
J157 06MAR03 2006.1684 53797 1364 5 141.1 -2000 -0.328031 4461849 0.329496 203 0.089656 0.0000 0.000763 0.001030 0.003376 -0.087358 0.173777 -0.115687 40.2910757114 -218.9235249218 203.08966
J157 06MAR04 2006.1711 53798 1364 6 141.1 -2000 -0.329123 4461849 0.328834 203 0.093906 0.0000 0.000781 0.001041 0.003505 -0.108082 0.182452 -0.138629 40.2910757054 -218.9235249346 203.09391
J157 06MAR05 2006.1739 53799 1365 0 141.1 -2000 -0.329534 4461849 0.328972 203 0.090590 0.0000 0.000758 0.001028 0.003437 -0.051048 0.082040 -0.172641 40.2910757067 -218.9235249394 203.09059
J157 06MAR06 2006.1766 53800 1365 1 141.1 -2000 -0.329839 4461849 0.330109 203 0.092525 0.0000 0.000779 0.001032 0.003483 -0.089171 0.126307 -0.152090 40.2910757169 -218.9235249430 203.09252
J157 06MAR07 2006.1793 53801 1365 2 141.1 -2000 -0.328075 4461849 0.330018 203 0.088430 0.0000 0.000774 0.001023 0.003386 -0.080914 0.087401 -0.090125 40.2910757161 -218.9235249223 203.08843
J157 06MAR08 2006.1821 53802 1365 3 141.1 -2000 -0.331005 4461849 0.331445 203 0.077337 0.0000 0.000769 0.001033 0.003448 -0.091586 0.127418 -0.103278 40.2910757289 -218.9235249567 203.07734
J157 06MAR09 2006.1848 53803 1365 4 141.1 -2000 -0.327719 4461849 0.328436 203 0.089097 0.0000 0.000752 0.001009 0.003347 -0.075002 0.155146 -0.137605 40.2910757018 -218.9235249181 203.08910
J157 06MAR10 2006.1875 53804 1365 5 141.1 -2000 -0.327930 4461849 0.330649 203 0.093194 0.0000 0.000765 0.001035 0.003342 -0.117470 0.179679 -0.106491 40.2910757218 -218.9235249206 203.09319
J157 06MAR11 2006.1903 53805 1365 6 141.1 -2000 -0.330996 4461849 0.331505 203 0.084455 0.0000 0.000760 0.001053 0.003439 -0.091093 0.116118 -0.125739 40.2910757295 -218.9235249566 203.08445
J157 06MAR12 2006.1930 53806 1366 0 141.1 -2000 -0.331664 4461849 0.328787 203 0.082459 0.0000 0.000751 0.001031 0.003328 -0.079880 0.140114 -0.106828 40.2910757050 -218.9235249645 203.08246
J157 06MAR13 2006.1958 53807 1366 1 141.1 -2000 -0.327516 4461849 0.328625 203 0.098084 0.0000 0.000766 0.001053 0.003418 -0.053114 0.128760 -0.112569 40.2910757035 -218.9235249157 203.09808
J157 06MAR14 2006.1985 53808 1366 2 141.1 -2000 -0.328752 4461849 0.329148 203 0.095857 0.0000 0.000772 0.001052 0.003423 -0.083773 0.152107 -0.135139 40.2910757082 -218.9235249302 203.09586
J157 06MAR15 2006.2012 53809 1366 3 141.1 -2000 -0.328727 4461849 0.330883 203 0.097246 0.0000 0.000784 0.001054 0.003459 -0.086306 0.149104 -0.114946 40.2910757239 -218.9235249300 203.09725
J157 06MAR16 2006.2040 53810 1366 4 141.1 -2000 -0.329340 4461849 0.329516 203 0.098301 0.0000 0.000786 0.001057 0.003455 -0.101953 0.156392 -0.089114 40.2910757116 -218.9235249372 203.09830
J157 06MAR17 2006.2067 53811 1366 5 141.1 -2000 -0.328328 4461849 0.332410 203 0.099927 0.0000 0.000778 0.001055 0.003410 -0.144761 0.170766 -0.095848 40.2910757376 -218.9235249253 203.09993
J157 06MAR18 2006.2094 53812 1366 6 141.1 -2000 -0.329285 4461849 0.330931 203 0.100672 0.0000 0.000750 0.001015 0.003289 -0.077623 0.101670 -0.086867 40.2910757243 -218.9235249365 203.10067
J157 06MAR19 2006.2122 53813 1367 0 141.1 -2000 -0.328949 4461849 0.330151 203 0.089481 0.0000 0.000756 0.001013 0.003302 -0.058104 0.147169 -0.120970 40.2910757173 -218.9235249326 203.08948
J157 06MAR20 2006.2149 53814 1367 1 141.1 -2000 -0.328851 4461849 0.328462 203 0.089078 0.0000 0.000791 0.001086 0.003518 -0.102940 0.154846 -0.106462 40.2910757021 -218.9235249314 203.08908
J157 06MAR21 2006.2177 53815 1367 2 141.1 -2000 -0.328542 4461849 0.330861 203 0.083559 0.0000 0.000760 0.001017 0.003341 -0.085324 0.175235 -0.116224 40.2910757237 -218.9235249278 203.08356
J157 06MAR22 2006.2204 53816 1367 3 141.1 -2000 -0.330076 4461849 0.329036 203 0.096477 0.0000 0.000795 0.001104 0.003594 -0.110378 0.123791 -0.157032 40.2910757072 -218.9235249458 203.09648
J157 06MAR23 2006.2231 53817 1367 4 141.1 -2000 -0.328206 4461849 0.329337 203 0.092954 0.0000 0.000788 0.001095 0.003505 -0.125291 0.153542 -0.117586 40.2910757099 -218.9235249238 203.09295
J157 06MAR24 2006.2259 53818 1367 5 141.1 -2000 -0.327950 4461849 0.331210 203 0.093240 0.0000 0.000774 0.001053 0.003403 -0.106784 0.175007 -0.119914 40.2910757268 -218.9235249208 203.09324
J157 06MAR25 2006.2286 53819 1367 6 141.1 -2000 -0.330642 4461849 0.329189 203 0.093513 0.0000 0.000810 0.001100 0.003625 -0.068071 0.127850 -0.152808 40.2910757086 -218.9235249525 203.09351
J157 06MAR26 2006.2313 53820 1368 0 141.1 -2000 -0.332099 4461849 0.326561 203 0.093644 0.0000 0.000775 0.001081 0.003501 -0.121029 0.162526 -0.123269 40.2910756849 -218.9235249696 203.09364
J157 06MAR27 2006.2341 53821 1368 1 141.1 -2000 -0.329451 4461849 0.327494 203 0.102027 0.0000 0.000771 0.001087 0.003419 -0.125152 0.139151 -0.139092 40.2910756933 -218.9235249385 203.10203
J157 06MAR28 2006.2368 53822 1368 2 141.1 -2000 -0.327466 4461849 0.327211 203 0.092510 0.0000 0.000761 0.001014 0.003394 -0.077974 0.124195 -0.096964 40.2910756908 -218.9235249151 203.09251
J157 06MAR29 2006.2396 53823 1368 3 141.1 -2000 -0.329727 4461849 0.327229 203 0.093454 0.0000 0.000752 0.001021 0.003317 -0.091238 0.156389 -0.131759 40.2910756910 -218.9235249417 203.09345
J157 06MAR30 2006.2423 53824 1368 4 141.1 -2000 -0.330613 4461849 0.328451 203 0.092819 0.0000 0.000767 0.001014 0.003412 -0.102764 0.206943 -0.163124 40.2910757020 -218.9235249521 203.09282
J157 06MAR31 2006.2450 53825 1368 5 141.1 -2000 -0.332809 4461849 0.330013 203 0.086983 0.0000 0.000761 0.001024 0.003347 -0.111679 0.120703 -0.135694 40.2910757160 -218.9235249780 203.08698
J157 06APR01 2006.2478 53826 1368 6 141.1 -2000 -0.329773 4461849 0.328723 203 0.091140 0.0000 0.000744 0.001020 0.003287 -0.049418 0.120950 -0.115132 40.2910757044 -218.9235249422 203.09114
J157 06APR02 2006.2505 53827 1369 0 141.1 -2000 -0.331610 4461849 0.326936 203 0.100082 0.0000 0.000787 0.001027 0.003410 -0.077464 0.116605 -0.120253 40.2910756883 -218.9235249638 203.10008
J157 06APR03 2006.2533 53828 1369 1 141.1 -2000 -0.335210 4461849 0.328183 203 0.094076 0.0000 0.000764 0.001009 0.003285 -0.079440 0.068143 -0.074965 40.2910756995 -218.9235250062 203.09408
J157 06APR04 2006.2560 53829 1369 2 141.1 -2000 -0.331785 4461849 0.328797 203 0.098836 0.0000 0.000764 0.001020 0.003395 -0.101255 0.147760 -0.127977 40.2910757051 -218.9235249659 203.09884
J157 06APR05 2006.2587 53830 1369 3 141.1 -2000 -0.330776 4461849 0.328617 203 0.095844 0.0000 0.000753 0.001014 0.003294 -0.105028 0.147196 -0.152174 40.2910757035 -218.9235249541 203.09584
J157 06APR06 2006.2615 53831 1369 4 141.1 -2000 -0.332211 4461849 0.329414 203 0.087417 0.0000 0.000795 0.001035 0.003440 -0.075557 0.133014 -0.147022 40.2910757106 -218.9235249709 203.08742
J157 06APR07 2006.2642 53832 1369 5 141.1 -2000 -0.329514 4461849 0.326836 203 0.092354 0.0000 0.000775 0.001079 0.003398 -0.072191 0.093573 -0.092712 40.2910756874 -218.9235249392 203.09235
J157 06APR08 2006.2669 53833 1369 6 141.1 -2000 -0.329507 4461849 0.327626 203 0.083923 0.0000 0.000783 0.001070 0.003439 -0.102559 0.109479 -0.141375 40.2910756945 -218.9235249391 203.08392
J157 06APR09 2006.2697 53834 1370 0 141.1 -2000 -0.330615 4461849 0.327722 203 0.092634 0.0000 0.000777 0.001026 0.003447 -0.082376 0.162379 -0.172171 40.2910756954 -218.9235249522 203.09263
J157 06APR10 2006.2724 53835 1370 1 141.1 -2000 -0.330993 4461849 0.327152 203 0.092262 0.0000 0.000769 0.001015 0.003329 -0.100948 0.157632 -0.111077 40.2910756903 -218.9235249566 203.09226
J157 06APR11 2006.2752 53836 1370 2 141.1 -2000 -0.330673 4461849 0.327087 203 0.098550 0.0000 0.000809 0.001062 0.003503 -0.098800 0.130069 -0.095355 40.2910756897 -218.9235249528 203.09855
J157 06APR12 2006.2779 53837 1370 3 141.1 -2000 -0.329585 4461849 0.328876 203 0.093038 0.0000 0.000793 0.001063 0.003419 -0.102200 0.113738 -0.106051 40.2910757058 -218.9235249400 203.09304
J157 06APR13 2006.2806 53838 1370 4 141.1 -2000 -0.330433 4461849 0.326942 203 0.094511 0.0000 0.000764 0.001029 0.003312 -0.102114 0.043773 -0.108711 40.2910756884 -218.9235249500 203.09451
J157 06APR14 2006.2834 53839 1370 5 141.1 -2000 -0.330383 4461849 0.327638 203 0.093842 0.0000 0.000766 0.001057 0.003419 -0.116596 0.055606 -0.133348 40.2910756946 -218.9235249494 203.09384
J157 06APR15 2006.2861 53840 1370 6 141.1 -2000 -0.329385 4461849 0.328430 203 0.099276 0.0000 0.000768 0.001037 0.003400 -0.069947 0.141422 -0.096279 40.2910757018 -218.9235249377 203.09928
J157 06APR16 2006.2888 53841 1371 0 141.1 -2000 -0.329864 4461849 0.328480 203 0.093794 0.0000 0.000779 0.001050 0.003417 -0.084387 0.114394 -0.095447 40.2910757022 -218.9235249433 203.09379
J157 06APR17 2006.2916 53842 1371 1 141.1 -2000 -0.334946 4461849 0.325872 203 0.084320 0.0000 0.000744 0.001008 0.003256 -0.091743 0.120198 -0.109928 40.2910756787 -218.9235250031 203.08432
J157 06APR18 2006.2943 53843 1371 2 141.1 -2000 -0.331091 4461849 0.329750 203 0.090198 0.0000 0.000779 0.001029 0.003408 -0.098995 0.125058 -0.082399 40.2910757137 -218.9235249578 203.09020
J157 06APR19 2006.2971 53844 1371 3 141.1 -2000 -0.329531 4461849 0.328396 203 0.098386 0.0000 0.000766 0.001047 0.003393 -0.101209 0.109449 -0.068474 40.2910757015 -218.9235249394 203.09839
J157 06APR20 2006.2998 53845 1371 4 141.1 -2000 -0.329540 4461849 0.326918 203 0.097647 0.0000 0.000773 0.001018 0.003278 -0.137245 0.152896 -0.063719 40.2910756882 -218.9235249395 203.09765
J157 06APR21 2006.3025 53846 1371 5 141.1 -2000 -0.330470 4461849 0.329929 203 0.097827 0.0000 0.000756 0.001020 0.003343 -0.084632 0.130354 -0.106243 40.2910757153 -218.9235249505 203.09783
J157 06APR22 2006.3053 53847 1371 6 141.1 -2000 -0.332550 4461849 0.328105 203 0.102124 0.0000 0.000760 0.001009 0.003290 -0.112976 0.082900 -0.126917 40.2910756988 -218.9235249749 203.10212
J157 06APR23 2006.3080 53848 1372 0 141.1 -2000 -0.328368 4461849 0.328227 203 0.096627 0.0000 0.000755 0.001013 0.003277 -0.145934 0.158881 -0.124712 40.2910756999 -218.9235249257 203.09663
J157 06APR24 2006.3107 53849 1372 1 141.1 -2000 -0.333263 4461849 0.327625 203 0.100144 0.0000 0.000772 0.001046 0.003400 -0.078488 0.111160 -0.156603 40.2910756945 -218.9235249833 203.10014
J157 06APR25 2006.3135 53850 1372 2 141.1 -2000 -0.332774 4461849 0.326913 203 0.094570 0.0000 0.000795 0.001025 0.003405 -0.093197 0.098419 -0.089622 40.2910756881 -218.9235249775 203.09457
J157 06APR26 2006.3162 53851 1372 3 141.1 -2000 -0.329969 4461849 0.327762 203 0.105171 0.0000 0.000787 0.001031 0.003427 -0.105750 0.146106 -0.102503 40.2910756958 -218.9235249446 203.10517
J157 06APR27 2006.3190 53852 1372 4 141.1 -2000 -0.331661 4461849 0.328909 203 0.100569 0.0000 0.000777 0.001029 0.003371 -0.092808 0.141377 -0.107054 40.2910757061 -218.9235249645 203.10057
J157 06APR28 2006.3217 53853 1372 5 141.1 -2000 -0.335778 4461849 0.327078 203 0.082253 0.0000 0.000819 0.001095 0.003666 -0.098322 0.109128 -0.177480 40.2910756896 -218.9235250129 203.08225
J157 06APR29 2006.3244 53854 1372 6 141.1 -2000 -0.327817 4461849 0.327682 203 0.103473 0.0000 0.000792 0.001054 0.003497 -0.098138 0.130718 -0.112440 40.2910756950 -218.9235249192 203.10347
J157 06APR30 2006.3272 53855 1373 0 141.1 -2000 -0.331627 4461849 0.329322 203 0.094359 0.0000 0.000786 0.001037 0.003489 -0.097293 0.117973 -0.144372 40.2910757098 -218.9235249641 203.09436
J157 06MAY01 2006.3299 53856 1373 1 141.1 -2000 -0.332009 4461849 0.330817 203 0.099293 0.0000 0.000794 0.001051 0.003517 -0.085278 0.099186 -0.109036 40.2910757233 -218.9235249686 203.09929
J157 06MAY02 2006.3326 53857 1373 2 141.1 -2000 -0.329403 4461849 0.327843 203 0.100901 0.0000 0.000755 0.000999 0.003269 -0.109525 0.145327 -0.119558 40.2910756965 -218.9235249379 203.10090
J157 06MAY03 2006.3354 53858 1373 3 141.1 -2000 -0.331145 4461849 0.327235 203 0.102487 0.0000 0.000778 0.001023 0.003321 -0.152952 0.136303 -0.134318 40.2910756910 -218.9235249584 203.10249
J157 06MAY04 2006.3381 53859 1373 4 141.1 -2000 -0.328964 4461849 0.326854 203 0.105224 0.0000 0.000786 0.001014 0.003400 -0.130357 0.164241 -0.156569 40.2910756876 -218.9235249327 203.10522
J157 06MAY05 2006.3409 53860 1373 5 141.1 -2000 -0.341662 4461849 0.328395 203 0.090401 0.0000 0.000785 0.001044 0.003408 -0.132441 0.086823 -0.091078 40.2910757015 -218.9235250821 203.09040
J157 06MAY06 2006.3436 53861 1373 6 141.1 -2000 -0.327748 4461849 0.327882 203 0.093534 0.0000 0.000763 0.001016 0.003357 -0.085590 0.137863 -0.113970 40.2910756968 -218.9235249184 203.09353
J157 06MAY07 2006.3463 53862 1374 0 141.1 -2000 -0.329361 4461849 0.328581 203 0.093569 0.0000 0.000784 0.000998 0.003374 -0.091344 0.115535 -0.121826 40.2910757031 -218.9235249374 203.09357
J157 06MAY08 2006.3491 53863 1374 1 141.1 -2000 -0.329487 4461849 0.328707 203 0.097656 0.0000 0.000789 0.001029 0.003394 -0.142224 0.154128 -0.142794 40.2910757043 -218.9235249389 203.09766
J157 06MAY09 2006.3518 53864 1374 2 141.1 -2000 -0.328826 4461849 0.330251 203 0.098979 0.0000 0.000789 0.001060 0.003478 -0.103832 0.127801 -0.125913 40.2910757182 -218.9235249311 203.09898
J157 06MAY10 2006.3546 53865 1374 3 141.1 -2000 -0.329991 4461849 0.329291 203 0.094780 0.0000 0.000797 0.001046 0.003486 -0.090570 0.130203 -0.107979 40.2910757095 -218.9235249448 203.09478
J157 06MAY11 2006.3573 53866 1374 4 141.1 -2000 -0.329754 4461849 0.331147 203 0.104302 0.0000 0.000792 0.001054 0.003460 -0.135077 0.141829 -0.122378 40.2910757262 -218.9235249420 203.10430
J157 06MAY12 2006.3600 53867 1374 5 141.1 -2000 -0.329520 4461849 0.327621 203 0.103263 0.0000 0.000768 0.001035 0.003375 -0.088624 0.090914 -0.068122 40.2910756945 -218.9235249393 203.10326
J157 06MAY13 2006.3628 53868 1374 6 141.1 -2000 -0.329205 4461849 0.329492 203 0.104654 0.0000 0.000769 0.001042 0.003378 -0.131171 0.142597 -0.104517 40.2910757113 -218.9235249356 203.10465
J157 06MAY14 2006.3655 53869 1375 0 141.1 -2000 -0.330350 4461849 0.328260 203 0.100865 0.0000 0.000799 0.001064 0.003535 -0.110465 0.082459 -0.129303 40.2910757002 -218.9235249490 203.10087
J157 06MAY15 2006.3682 53870 1375 1 141.1 -2000 -0.329775 4461849 0.330164 203 0.093908 0.0000 0.000779 0.001029 0.003352 -0.104216 0.072975 -0.058433 40.2910757174 -218.9235249423 203.09391
J157 06MAY16 2006.3710 53871 1375 2 141.1 -2000 -0.327922 4461849 0.326601 203 0.099594 0.0000 0.000836 0.001106 0.003764 -0.138962 0.173018 -0.107129 40.2910756853 -218.9235249205 203.09959
J157 06MAY17 2006.3737 53872 1375 3 141.1 -2000 -0.329537 4461849 0.329100 203 0.094433 0.0000 0.000804 0.001068 0.003589 -0.108640 0.068933 -0.112141 40.2910757078 -218.9235249395 203.09443
J157 06MAY18 2006.3765 53873 1375 4 141.1 -2000 -0.327953 4461849 0.329291 203 0.100333 0.0000 0.000778 0.001042 0.003418 -0.101178 0.116388 -0.114826 40.2910757095 -218.9235249209 203.10033
J157 06MAY19 2006.3792 53874 1375 5 141.1 -2000 -0.328337 4461849 0.330747 203 0.102497 0.0000 0.000855 0.001116 0.003716 -0.167309 0.137081 0.011576 40.2910757226 -218.9235249254 203.10250
J157 06MAY20 2006.3819 53875 1375 6 141.1 -2000 -0.329027 4461849 0.328243 203 0.091969 0.0000 0.000803 0.001102 0.003527 -0.146784 0.081291 -0.055750 40.2910757001 -218.9235249335 203.09197
J157 06MAY21 2006.3847 53876 1376 0 141.1 -2000 -0.328922 4461849 0.327823 203 0.097278 0.0000 0.000849 0.001153 0.003755 -0.165069 0.091463 -0.009104 40.2910756963 -218.9235249322 203.09728
J157 06MAY22 2006.3874 53877 1376 1 141.1 -2000 -0.329338 4461849 0.328741 203 0.102317 0.0000 0.000831 0.001110 0.003697 -0.089085 0.076422 -0.134747 40.2910757046 -218.9235249371 203.10232
J157 06MAY23 2006.3901 53878 1376 2 141.1 -2000 -0.331654 4461849 0.332598 203 0.091774 0.0000 0.000826 0.001118 0.003628 -0.172467 0.138563 -0.087184 40.2910757393 -218.9235249644 203.09177
J157 06MAY24 2006.3929 53879 1376 3 141.1 -2000 -0.328350 4461849 0.330143 203 0.099762 0.0000 0.000855 0.001121 0.003850 -0.160038 0.203259 -0.140378 40.2910757172 -218.9235249255 203.09976
J157 06MAY25 2006.3956 53880 1376 4 141.1 -2000 -0.326438 4461849 0.328878 203 0.097376 0.0000 0.000854 0.001125 0.003747 -0.114575 0.086290 -0.088822 40.2910757058 -218.9235249030 203.09738
J157 06MAY26 2006.3984 53881 1376 5 141.1 -2000 -0.328729 4461849 0.327691 203 0.098412 0.0000 0.000874 0.001231 0.004116 -0.116601 0.097377 -0.036795 40.2910756951 -218.9235249300 203.09841
J157 06MAY27 2006.4011 53882 1376 6 141.1 -2000 -0.323996 4461849 0.328431 203 0.108474 0.0000 0.000864 0.001139 0.003780 -0.139199 0.169607 -0.054384 40.2910757018 -218.9235248743 203.10847
J157 06MAY28 2006.4038 53883 1377 0 141.1 -2000 -0.326206 4461849 0.330188 203 0.110877 0.0000 0.000801 0.001085 0.003511 -0.164433 0.144186 -0.080732 40.2910757176 -218.9235249003 203.11088
J157 06MAY29 2006.4066 53884 1377 1 141.1 -2000 -0.325959 4461849 0.329072 203 0.110067 0.0000 0.000860 0.001155 0.003825 -0.107457 0.169021 -0.077536 40.2910757076 -218.9235248974 203.11007
J157 06MAY30 2006.4093 53885 1377 2 141.1 -2000 -0.329642 4461849 0.329964 203 0.092920 0.0000 0.000859 0.001089 0.003806 -0.127602 0.186960 -0.080798 40.2910757156 -218.9235249407 203.09292
J157 06MAY31 2006.4120 53886 1377 3 141.1 -2000 -0.334683 4461849 0.332170 203 0.097768 0.0000 0.000892 0.001159 0.004021 -0.153349 0.119792 -0.115182 40.2910757355 -218.9235250000 203.09777
J157 06JUN01 2006.4148 53887 1377 4 141.1 -2000 -0.330606 4461849 0.332825 203 0.098965 0.0000 0.000816 0.001094 0.003556 -0.158918 0.141127 -0.114232 40.2910757414 -218.9235249521 203.09896
J157 06JUN02 2006.4175 53888 1377 5 141.1 -2000 -0.329641 4461849 0.328835 203 0.095458 0.0000 0.000836 0.001142 0.003726 -0.113797 0.156121 -0.086414 40.2910757054 -218.9235249407 203.09546
J157 06JUN03 2006.4203 53889 1377 6 141.1 -2000 -0.326731 4461849 0.329448 203 0.094160 0.0000 0.000818 0.001104 0.003699 -0.108680 0.075540 -0.087297 40.2910757109 -218.9235249065 203.09416
J157 06JUN04 2006.4230 53890 1378 0 141.1 -2000 -0.328332 4461849 0.329838 203 0.102374 0.0000 0.000838 0.001152 0.003710 -0.114011 0.085487 -0.096685 40.2910757145 -218.9235249253 203.10237
J157 06JUN05 2006.4257 53891 1378 1 141.1 -2000 -0.328676 4461849 0.329636 203 0.094930 0.0000 0.000836 0.001183 0.003853 -0.117988 0.086716 -0.092727 40.2910757126 -218.9235249294 203.09493
J157 06JUN06 2006.4285 53892 1378 2 141.1 -2000 -0.327414 4461849 0.329833 203 0.106563 0.0000 0.000874 0.001211 0.003891 -0.185405 0.151538 -0.101662 40.2910757144 -218.9235249145 203.10656
J157 06JUN07 2006.4312 53893 1378 3 141.1 -2000 -0.326760 4461849 0.331031 203 0.104861 0.0000 0.000851 0.001133 0.003770 -0.045100 0.113469 -0.120270 40.2910757252 -218.9235249068 203.10486
J157 06JUN08 2006.4339 53894 1378 4 141.1 -2000 -0.328431 4461849 0.328550 203 0.106735 0.0000 0.000857 0.001131 0.003666 -0.159364 0.103947 -0.092218 40.2910757029 -218.9235249265 203.10673
J157 06JUN09 2006.4367 53895 1378 5 141.1 -2000 -0.328176 4461849 0.329395 203 0.111914 0.0000 0.000823 0.001103 0.003615 -0.120417 0.114971 -0.119001 40.2910757105 -218.9235249235 203.11191
J157 06JUN10 2006.4394 53896 1378 6 141.1 -2000 -0.329712 4461849 0.329344 203 0.103769 0.0000 0.000827 0.001150 0.003651 -0.148213 0.082703 -0.062164 40.2910757100 -218.9235249415 203.10377
J157 06JUN11 2006.4422 53897 1379 0 141.1 -2000 -0.329559 4461849 0.327303 203 0.108925 0.0000 0.000826 0.001101 0.003588 -0.150047 0.158958 -0.064361 40.2910756916 -218.9235249397 203.10893
J157 06JUN12 2006.4449 53898 1379 1 141.1 -2000 -0.329359 4461849 0.328273 203 0.101033 0.0000 0.000840 0.001140 0.003684 -0.090803 0.081354 -0.018689 40.2910757004 -218.9235249374 203.10103
J157 06JUN13 2006.4476 53899 1379 2 141.1 -2000 -0.329730 4461849 0.328186 203 0.100521 0.0000 0.000845 0.001085 0.003785 -0.114880 0.186075 -0.104452 40.2910756996 -218.9235249417 203.10052
J157 06JUN14 2006.4504 53900 1379 3 141.1 -2000 -0.326777 4461849 0.328312 203 0.103266 0.0000 0.000906 0.001210 0.004022 -0.142446 0.112643 -0.095504 40.2910757007 -218.9235249070 203.10327
J157 06JUN15 2006.4531 53901 1379 4 141.1 -2000 -0.326102 4461849 0.326804 203 0.102575 0.0000 0.000867 0.001131 0.003918 -0.150340 0.144387 -0.036137 40.2910756871 -218.9235248991 203.10258
J157 06JUN16 2006.4559 53902 1379 5 141.1 -2000 -0.330414 4461849 0.326359 203 0.108869 0.0000 0.000852 0.001155 0.003769 -0.155377 0.014552 -0.078605 40.2910756831 -218.9235249498 203.10887
J157 06JUN17 2006.4586 53903 1379 6 141.1 -2000 -0.327691 4461849 0.328007 203 0.107878 0.0000 0.000836 0.001128 0.003691 -0.158156 0.127627 -0.058558 40.2910756980 -218.9235249178 203.10788
J157 06JUN18 2006.4613 53904 1380 0 141.1 -2000 -0.329530 4461849 0.329602 203 0.099803 0.0000 0.000858 0.001153 0.003883 -0.113403 0.076519 -0.135479 40.2910757123 -218.9235249394 203.09980
J157 06JUN19 2006.4641 53905 1380 1 141.1 -2000 -0.329618 4461849 0.333576 203 0.109294 0.0000 0.000839 0.001094 0.003608 -0.136807 0.101486 -0.069719 40.2910757481 -218.9235249404 203.10929
J157 06JUN20 2006.4668 53906 1380 2 141.1 -2000 -0.328156 4461849 0.329433 203 0.106932 0.0000 0.000822 0.001086 0.003579 -0.110524 0.114792 -0.113849 40.2910757108 -218.9235249232 203.10693
J157 06JUN21 2006.4695 53907 1380 3 141.1 -2000 -0.326461 4461849 0.333489 203 0.102577 0.0000 0.000891 0.001157 0.004034 -0.106238 0.239659 -0.086023 40.2910757473 -218.9235249033 203.10258
J157 06JUN22 2006.4723 53908 1380 4 141.1 -2000 -0.326708 4461849 0.330083 203 0.102597 0.0000 0.000831 0.001099 0.003629 -0.069150 0.023527 -0.108386 40.2910757167 -218.9235249062 203.10260
J157 06JUN23 2006.4750 53909 1380 5 141.1 -2000 -0.331025 4461849 0.329683 203 0.107705 0.0000 0.000912 0.001152 0.003951 -0.143641 0.068720 -0.088454 40.2910757131 -218.9235249570 203.10771
J157 06JUN24 2006.4778 53910 1380 6 141.1 -2000 -0.327763 4461849 0.328055 203 0.105560 0.0000 0.000856 0.001126 0.003728 -0.047509 0.085615 -0.067326 40.2910756984 -218.9235249186 203.10556
J157 06JUN25 2006.4805 53911 1381 0 141.1 -2000 -0.327416 4461849 0.329957 203 0.115827 0.0000 0.000934 0.001188 0.004209 -0.107047 0.114469 -0.082423 40.2910757155 -218.9235249145 203.11583
J157 06JUN26 2006.4832 53912 1381 1 141.1 -2000 -0.325332 4461849 0.329449 203 0.106297 0.0000 0.000960 0.001234 0.004100 -0.117130 0.108421 -0.059806 40.2910757110 -218.9235248900 203.10630
J157 06JUN27 2006.4860 53913 1381 2 141.1 -2000 -0.328113 4461849 0.332372 203 0.117331 0.0000 0.000945 0.001226 0.004318 -0.063596 0.008565 -0.093744 40.2910757373 -218.9235249227 203.11733
J157 06JUN28 2006.4887 53914 1381 3 141.1 -2000 -0.330570 4461849 0.330111 203 0.103543 0.0000 0.000908 0.001216 0.003992 -0.068066 0.032054 -0.081298 40.2910757169 -218.9235249516 203.10354
J157 06JUN29 2006.4914 53915 1381 4 141.1 -2000 -0.330844 4461849 0.328385 203 0.110000 0.0000 0.000852 0.001117 0.003937 -0.078059 0.045175 -0.065436 40.2910757014 -218.9235249548 203.11000
J157 06JUN30 2006.4942 53916 1381 5 141.1 -2000 -0.328298 4461849 0.330571 203 0.111433 0.0000 0.000879 0.001123 0.003841 -0.105667 0.085996 -0.099342 40.2910757211 -218.9235249249 203.11143
J157 06JUL01 2006.4969 53917 1381 6 141.1 -2000 -0.328741 4461849 0.326791 203 0.116831 0.0000 0.000876 0.001133 0.003769 -0.147085 0.037887 -0.035540 40.2910756870 -218.9235249301 203.11683
J157 06JUL02 2006.4997 53918 1382 0 141.1 -2000 -0.329883 4461849 0.328393 203 0.107709 0.0000 0.000864 0.001133 0.003804 -0.072079 0.048323 -0.133141 40.2910757014 -218.9235249435 203.10771
J157 06JUL03 2006.5024 53919 1382 1 141.1 -2000 -0.327952 4461849 0.330421 203 0.103345 0.0000 0.000942 0.001201 0.004050 -0.107711 0.115143 -0.061631 40.2910757197 -218.9235249208 203.10335
J157 06JUL04 2006.5051 53920 1382 2 141.1 -2000 -0.329027 4461849 0.331508 203 0.104526 0.0000 0.000858 0.001096 0.003653 -0.152916 0.078398 -0.115266 40.2910757295 -218.9235249335 203.10453
J157 06JUL05 2006.5079 53921 1382 3 141.1 -2000 -0.328204 4461849 0.330836 203 0.107526 0.0000 0.000855 0.001151 0.003871 -0.123299 0.105086 -0.113318 40.2910757234 -218.9235249238 203.10753
J157 06JUL06 2006.5106 53922 1382 4 141.1 -2000 -0.328762 4461849 0.330120 203 0.117304 0.0000 0.000901 0.001157 0.003849 -0.121462 0.080599 -0.062155 40.2910757170 -218.9235249304 203.11730
J157 06JUL07 2006.5133 53923 1382 5 141.1 -2000 -0.330109 4461849 0.329233 203 0.106252 0.0000 0.000852 0.001112 0.003732 -0.134477 0.048389 -0.083923 40.2910757090 -218.9235249462 203.10625
J157 06JUL08 2006.5161 53924 1382 6 141.1 -2000 -0.329278 4461849 0.330395 203 0.106539 0.0000 0.000836 0.001064 0.003479 -0.130669 0.088155 -0.068803 40.2910757195 -218.9235249364 203.10654
J157 06JUL09 2006.5188 53925 1383 0 141.1 -2000 -0.328746 4461849 0.329910 203 0.102523 0.0000 0.000873 0.001115 0.003804 -0.123714 0.107594 -0.103496 40.2910757151 -218.9235249302 203.10252
J157 06JUL10 2006.5216 53926 1383 1 141.1 -2000 -0.327466 4461849 0.330867 203 0.101545 0.0000 0.000946 0.001235 0.004223 -0.110157 0.075259 -0.013231 40.2910757237 -218.9235249151 203.10154
J157 06JUL11 2006.5243 53927 1383 2 141.1 -2000 -0.332125 4461849 0.331473 203 0.114347 0.0000 0.000905 0.001159 0.004055 -0.121670 0.055514 -0.069698 40.2910757292 -218.9235249699 203.11435
J157 06JUL12 2006.5270 53928 1383 3 141.1 -2000 -0.325892 4461849 0.331368 203 0.111786 0.0000 0.000877 0.001150 0.003927 -0.129096 0.107923 -0.126879 40.2910757282 -218.9235248966 203.11179
J157 06JUL13 2006.5298 53929 1383 4 141.1 -2000 -0.329563 4461849 0.332659 203 0.095797 0.0000 0.000871 0.001176 0.003987 -0.052312 0.080853 -0.115033 40.2910757399 -218.9235249398 203.09580
J157 06JUL14 2006.5325 53930 1383 5 141.1 -2000 -0.335796 4461849 0.335269 203 0.106197 0.0000 0.000912 0.001148 0.004022 -0.087895 0.176700 -0.168003 40.2910757634 -218.9235250131 203.10620
J157 06JUL15 2006.5352 53931 1383 6 141.1 -2000 -0.331399 4461849 0.333995 203 0.105319 0.0000 0.000899 0.001163 0.003908 -0.064260 0.089328 -0.104023 40.2910757519 -218.9235249614 203.10532
J157 06JUL16 2006.5380 53932 1384 0 141.1 -2000 -0.328853 4461849 0.332082 203 0.098014 0.0000 0.000900 0.001154 0.004099 -0.093347 0.036021 -0.139020 40.2910757347 -218.9235249314 203.09801
J157 06JUL17 2006.5407 53933 1384 1 141.1 -2000 -0.329232 4461849 0.331956 203 0.102155 0.0000 0.000938 0.001193 0.004083 -0.054735 0.084931 -0.046887 40.2910757335 -218.9235249359 203.10216
J157 06JUL18 2006.5435 53934 1384 2 141.1 -2000 -0.328930 4461849 0.330243 203 0.103130 0.0000 0.000852 0.001110 0.003740 -0.177030 0.126010 -0.113003 40.2910757181 -218.9235249323 203.10313
J157 06JUL19 2006.5462 53935 1384 3 141.1 -2000 -0.329360 4461849 0.332209 203 0.103698 0.0000 0.000778 0.001021 0.003438 -0.138346 0.113399 -0.102550 40.2910757358 -218.9235249374 203.10370
J157 06JUL20 2006.5489 53936 1384 4 141.1 -2000 -0.329595 4461849 0.331431 203 0.104036 0.0000 0.000790 0.001027 0.003414 -0.110377 0.181126 -0.094890 40.2910757288 -218.9235249402 203.10404
J157 06JUL21 2006.5517 53937 1384 5 141.1 -2000 -0.328727 4461849 0.329483 203 0.104534 0.0000 0.000851 0.001064 0.003721 -0.133089 0.147741 -0.073596 40.2910757113 -218.9235249299 203.10453
J157 06JUL22 2006.5544 53938 1384 6 141.1 -2000 -0.328584 4461849 0.331167 203 0.100377 0.0000 0.000810 0.001056 0.003589 -0.078755 0.010964 -0.060335 40.2910757264 -218.9235249283 203.10038
J157 06JUL23 2006.5572 53939 1385 0 141.1 -2000 -0.327240 4461849 0.332143 203 0.108274 0.0000 0.000834 0.001106 0.003745 -0.123418 0.101554 -0.099215 40.2910757352 -218.9235249125 203.10827
J157 06JUL24 2006.5599 53940 1385 1 141.1 -2000 -0.328840 4461849 0.329266 203 0.110256 0.0000 0.000845 0.001115 0.003870 -0.089448 0.046919 -0.104816 40.2910757093 -218.9235249313 203.11026
J157 06JUL25 2006.5626 53941 1385 2 141.1 -2000 -0.329660 4461849 0.330542 203 0.112596 0.0000 0.000886 0.001161 0.003917 -0.071872 0.139588 -0.111884 40.2910757208 -218.9235249409 203.11260
J157 06JUL26 2006.5654 53942 1385 3 141.1 -2000 -0.326134 4461849 0.335577 203 0.110447 0.0000 0.000875 0.001128 0.003796 -0.167400 0.131498 -0.108043 40.2910757661 -218.9235248995 203.11045
J157 06JUL27 2006.5681 53943 1385 4 141.1 -2000 -0.324097 4461849 0.332086 203 0.107174 0.0000 0.000805 0.001044 0.003475 -0.105374 0.153420 -0.102351 40.2910757347 -218.9235248755 203.10717
J157 06JUL28 2006.5708 53944 1385 5 141.1 -2000 -0.330337 4461849 0.330781 203 0.113277 0.0000 0.000839 0.001079 0.003648 -0.160348 0.114953 -0.065550 40.2910757230 -218.9235249489 203.11328
J157 06JUL29 2006.5736 53945 1385 6 141.1 -2000 -0.329245 4461849 0.330084 203 0.096744 0.0000 0.000821 0.001044 0.003466 -0.168568 0.092059 -0.076107 40.2910757167 -218.9235249360 203.09674
J157 06JUL30 2006.5763 53946 1386 0 141.1 -2000 -0.329852 4461849 0.330808 203 0.096724 0.0000 0.000805 0.001055 0.003510 -0.153486 0.157107 -0.038959 40.2910757232 -218.9235249432 203.09672
J157 06JUL31 2006.5791 53947 1386 1 141.1 -2000 -0.329494 4461849 0.330229 203 0.100061 0.0000 0.000818 0.001071 0.003491 -0.154769 0.099372 -0.086720 40.2910757180 -218.9235249390 203.10006
J157 06AUG01 2006.5818 53948 1386 2 141.1 -2000 -0.328498 4461849 0.332437 203 0.101973 0.0000 0.000839 0.001108 0.003812 -0.106037 0.153569 -0.099218 40.2910757379 -218.9235249273 203.10197
J157 06AUG02 2006.5845 53949 1386 3 141.1 -2000 -0.329356 4461849 0.330663 203 0.100413 0.0000 0.000797 0.001036 0.003472 -0.086459 0.103142 -0.101809 40.2910757219 -218.9235249374 203.10041
J157 06AUG03 2006.5873 53950 1386 4 141.1 -2000 -0.330705 4461849 0.332773 203 0.108420 0.0000 0.000852 0.001088 0.003524 -0.108092 0.094171 -0.039346 40.2910757409 -218.9235249532 203.10842
J157 06AUG04 2006.5900 53951 1386 5 141.1 -2000 -0.331121 4461849 0.331115 203 0.100957 0.0000 0.000974 0.001216 0.004111 -0.156420 0.164613 -0.056621 40.2910757260 -218.9235249581 203.10096
J157 06AUG05 2006.5927 53952 1386 6 141.1 -2000 -0.328685 4461849 0.329740 203 0.103134 0.0000 0.000855 0.001068 0.003822 -0.082812 0.180075 -0.089027 40.2910757136 -218.9235249295 203.10313
J157 06AUG06 2006.5955 53953 1387 0 141.1 -2000 -0.329589 4461849 0.325515 203 0.104245 0.0000 0.000813 0.001086 0.003651 -0.085260 0.089903 -0.085348 40.2910756755 -218.9235249401 203.10425
J157 06AUG07 2006.5982 53954 1387 1 141.1 -2000 -0.331279 4461849 0.330926 203 0.104558 0.0000 0.000874 0.001095 0.003740 -0.160891 0.137238 -0.079119 40.2910757243 -218.9235249600 203.10456
J157 06AUG08 2006.6010 53955 1387 2 141.1 -2000 -0.329034 4461849 0.333609 203 0.108541 0.0000 0.000794 0.001070 0.003535 -0.114727 0.105836 -0.092537 40.2910757484 -218.9235249336 203.10854
J157 06AUG09 2006.6037 53956 1387 3 141.1 -2000 -0.328562 4461849 0.328169 203 0.107740 0.0000 0.000835 0.001074 0.003629 -0.108737 0.108836 -0.152445 40.2910756994 -218.9235249280 203.10774
J157 06AUG10 2006.6064 53957 1387 4 141.1 -2000 -0.328040 4461849 0.330501 203 0.107229 0.0000 0.000822 0.001073 0.003576 -0.131836 0.195673 -0.085154 40.2910757204 -218.9235249219 203.10723
J157 06AUG11 2006.6092 53958 1387 5 141.1 -2000 -0.328789 4461849 0.328725 203 0.105603 0.0000 0.000819 0.001059 0.003559 -0.108986 0.088164 -0.064444 40.2910757044 -218.9235249307 203.10560
J157 06AUG12 2006.6119 53959 1387 6 141.1 -2000 -0.328541 4461849 0.329585 203 0.107542 0.0000 0.000851 0.001129 0.003854 -0.150074 0.097333 -0.066605 40.2910757122 -218.9235249278 203.10754
J157 06AUG13 2006.6146 53960 1388 0 141.1 -2000 -0.330297 4461849 0.331594 203 0.111016 0.0000 0.000804 0.001057 0.003481 -0.117939 0.044740 -0.117606 40.2910757303 -218.9235249484 203.11102
J157 06AUG14 2006.6174 53961 1388 1 141.1 -2000 -0.330299 4461849 0.332650 203 0.107482 0.0000 0.000797 0.001046 0.003402 -0.170061 0.113526 -0.092579 40.2910757398 -218.9235249485 203.10748
J157 06AUG15 2006.6201 53962 1388 2 141.1 -2000 -0.327967 4461849 0.331864 203 0.106799 0.0000 0.000841 0.001078 0.003771 -0.128173 0.111218 -0.100134 40.2910757327 -218.9235249210 203.10680
J157 06AUG16 2006.6229 53963 1388 3 141.1 -2000 -0.328664 4461849 0.330462 203 0.103571 0.0000 0.000787 0.001020 0.003451 -0.106640 0.091059 -0.094313 40.2910757201 -218.9235249292 203.10357
J157 06AUG17 2006.6256 53964 1388 4 141.1 -2000 -0.326921 4461849 0.330235 203 0.106304 0.0000 0.000804 0.001047 0.003547 -0.136668 0.152875 -0.119957 40.2910757180 -218.9235249087 203.10630
J157 06AUG18 2006.6283 53965 1388 5 141.1 -2000 -0.328649 4461849 0.329237 203 0.107605 0.0000 0.000869 0.001110 0.003780 -0.182402 0.116673 -0.034485 40.2910757090 -218.9235249290 203.10760
J157 06AUG19 2006.6311 53966 1388 6 141.1 -2000 -0.329101 4461849 0.331136 203 0.113017 0.0000 0.000810 0.001070 0.003577 -0.102769 0.051142 -0.105636 40.2910757261 -218.9235249344 203.11302
J157 06AUG20 2006.6338 53967 1389 0 141.1 -2000 -0.326593 4461849 0.330499 203 0.107024 0.0000 0.000842 0.001075 0.003680 -0.108674 0.087963 -0.074063 40.2910757204 -218.9235249049 203.10702
J157 06AUG21 2006.6366 53968 1389 1 141.1 -2000 -0.326938 4461849 0.328637 203 0.103619 0.0000 0.000858 0.001087 0.003679 -0.133965 0.131001 -0.104431 40.2910757036 -218.9235249089 203.10362
J157 06AUG22 2006.6393 53969 1389 2 141.1 -2000 -0.330307 4461849 0.330522 203 0.105656 0.0000 0.000848 0.001059 0.003740 -0.110916 0.101553 -0.062772 40.2910757206 -218.9235249485 203.10566
J157 06AUG23 2006.6420 53970 1389 3 141.1 -2000 -0.328245 4461849 0.333680 203 0.103983 0.0000 0.000862 0.001089 0.003752 -0.122567 0.095754 -0.109883 40.2910757491 -218.9235249243 203.10398
J157 06AUG24 2006.6448 53971 1389 4 141.1 -2000 -0.329892 4461849 0.332006 203 0.104184 0.0000 0.000860 0.001128 0.003883 -0.124757 0.107473 -0.105734 40.2910757340 -218.9235249437 203.10418
J157 06AUG25 2006.6475 53972 1389 5 141.1 -2000 -0.329264 4461849 0.330658 203 0.112916 0.0000 0.000915 0.001114 0.003990 -0.105098 0.170013 -0.105322 40.2910757218 -218.9235249363 203.11292
J157 06AUG26 2006.6502 53973 1389 6 141.1 -2000 -0.326298 4461849 0.332646 203 0.101640 0.0000 0.000843 0.001076 0.003673 -0.072493 0.087680 -0.032795 40.2910757397 -218.9235249014 203.10164
J157 06AUG27 2006.6530 53974 1390 0 141.1 -2000 -0.327493 4461849 0.331434 203 0.103475 0.0000 0.000845 0.001088 0.003735 -0.066591 0.076379 -0.075443 40.2910757288 -218.9235249154 203.10348
J157 06AUG28 2006.6557 53975 1390 1 141.1 -2000 -0.328510 4461849 0.331328 203 0.110261 0.0000 0.000883 0.001125 0.003951 -0.049037 0.124907 -0.017410 40.2910757279 -218.9235249274 203.11026
J157 06AUG29 2006.6585 53976 1390 2 141.1 -2000 -0.328955 4461849 0.330619 203 0.101248 0.0000 0.000883 0.001109 0.004024 -0.032652 0.112624 -0.031652 40.2910757215 -218.9235249326 203.10125
J157 06AUG30 2006.6612 53977 1390 3 141.1 -2000 -0.328078 4461849 0.331570 203 0.105793 0.0000 0.000864 0.001102 0.003805 -0.037033 0.114419 -0.066014 40.2910757301 -218.9235249223 203.10579
J157 06AUG31 2006.6639 53978 1390 4 141.1 -2000 -0.325617 4461849 0.331881 203 0.115242 0.0000 0.000842 0.001057 0.003673 -0.073719 0.163164 -0.114339 40.2910757329 -218.9235248934 203.11524
J157 06SEP01 2006.6667 53979 1390 5 141.1 -2000 -0.326872 4461849 0.332521 203 0.104658 0.0000 0.000852 0.001086 0.003742 -0.054931 0.090845 -0.080324 40.2910757386 -218.9235249081 203.10466
J157 06SEP02 2006.6694 53980 1390 6 141.1 -2000 -0.327865 4461849 0.330299 203 0.108007 0.0000 0.000844 0.001077 0.003634 -0.060414 0.061736 -0.085286 40.2910757186 -218.9235249198 203.10801
J157 06SEP03 2006.6721 53981 1391 0 141.1 -2000 -0.328208 4461849 0.331976 203 0.110761 0.0000 0.000869 0.001083 0.003781 -0.025372 0.127983 -0.038356 40.2910757337 -218.9235249239 203.11076
J157 06SEP04 2006.6749 53982 1391 1 141.1 -2000 -0.327062 4461849 0.332048 203 0.113753 0.0000 0.000889 0.001153 0.003863 -0.106655 0.122393 -0.040433 40.2910757344 -218.9235249104 203.11375
J157 06SEP05 2006.6776 53983 1391 2 141.1 -2000 -0.329661 4461849 0.332257 203 0.100547 0.0000 0.000842 0.001118 0.003708 -0.061062 0.077663 -0.040421 40.2910757362 -218.9235249409 203.10055
J157 06SEP06 2006.6804 53984 1391 3 141.1 -2000 -0.328999 4461849 0.329980 203 0.113660 0.0000 0.000882 0.001087 0.003754 -0.083670 0.145784 -0.121958 40.2910757157 -218.9235249331 203.11366
J157 06SEP07 2006.6831 53985 1391 4 141.1 -2000 -0.329094 4461849 0.331954 203 0.102206 0.0000 0.000875 0.001079 0.003718 -0.111724 0.134120 -0.133212 40.2910757335 -218.9235249343 203.10221
J157 06SEP08 2006.6858 53986 1391 5 141.1 -2000 -0.329087 4461849 0.330195 203 0.109291 0.0000 0.000863 0.001102 0.003703 -0.096601 0.080851 -0.077663 40.2910757177 -218.9235249342 203.10929
J157 06SEP09 2006.6886 53987 1391 6 141.1 -2000 -0.329383 4461849 0.331696 203 0.119211 0.0000 0.000832 0.001071 0.003615 -0.104944 0.114880 -0.044103 40.2910757312 -218.9235249377 203.11921
J157 06SEP10 2006.6913 53988 1392 0 141.1 -2000 -0.329116 4461849 0.333586 203 0.105987 0.0000 0.000844 0.001084 0.003730 -0.099420 0.154334 -0.070821 40.2910757482 -218.9235249345 203.10599
J157 06SEP11 2006.6940 53989 1392 1 141.1 -2000 -0.326373 4461849 0.330097 203 0.106278 0.0000 0.000853 0.001037 0.003619 -0.079792 0.171769 -0.097225 40.2910757168 -218.9235249023 203.10628
J157 06SEP12 2006.6968 53990 1392 2 141.1 -2000 -0.327072 4461849 0.330236 203 0.102083 0.0000 0.000823 0.001039 0.003485 -0.107741 0.125158 -0.096491 40.2910757180 -218.9235249105 203.10208
J157 06SEP13 2006.6995 53991 1392 3 141.1 -2000 -0.325808 4461849 0.328798 203 0.105635 0.0000 0.000825 0.001052 0.003530 -0.110651 0.142925 -0.099849 40.2910757051 -218.9235248956 203.10563
J157 06SEP14 2006.7023 53992 1392 4 141.1 -2000 -0.326477 4461849 0.329726 203 0.108086 0.0000 0.000850 0.001092 0.003695 -0.127613 0.125315 -0.059399 40.2910757135 -218.9235249035 203.10809
J157 06SEP15 2006.7050 53993 1392 5 141.1 -2000 -0.327141 4461849 0.332186 203 0.097108 0.0000 0.000828 0.001079 0.003603 -0.123290 0.146611 -0.052309 40.2910757356 -218.9235249113 203.09711
J157 06SEP16 2006.7077 53994 1392 6 141.1 -2000 -0.327968 4461849 0.328382 203 0.105045 0.0000 0.000783 0.001029 0.003428 -0.093784 0.120052 -0.111096 40.2910757013 -218.9235249210 203.10504
J157 06SEP17 2006.7105 53995 1393 0 141.1 -2000 -0.325861 4461849 0.328514 203 0.105252 0.0000 0.000817 0.001083 0.003611 -0.115958 0.143138 -0.132043 40.2910757025 -218.9235248963 203.10525
J157 06SEP18 2006.7132 53996 1393 1 141.1 -2000 -0.327138 4461849 0.328467 203 0.103070 0.0000 0.000824 0.001048 0.003622 -0.096040 0.090336 -0.096046 40.2910757021 -218.9235249113 203.10307
J157 06SEP19 2006.7159 53997 1393 2 141.1 -2000 -0.337299 4461849 0.322049 203 0.090945 0.0000 0.000861 0.001106 0.003752 -0.125808 0.080790 -0.110691 40.2910756443 -218.9235250307 203.09094
J157 06SEP20 2006.7187 53998 1393 3 141.1 -2000 -0.328748 4461849 0.330198 203 0.110330 0.0000 0.000819 0.001064 0.003577 -0.110732 0.072996 -0.084328 40.2910757177 -218.9235249302 203.11033
J157 06SEP21 2006.7214 53999 1393 4 141.1 -2000 -0.324507 4461849 0.332217 203 0.097946 0.0000 0.000801 0.001044 0.003525 -0.092353 0.099518 -0.102688 40.2910757359 -218.9235248803 203.09795
J157 06SEP22 2006.7242 54000 1393 5 141.1 -2000 -0.326773 4461849 0.330628 203 0.103786 0.0000 0.000886 0.001094 0.003822 -0.048701 0.088641 -0.113230 40.2910757216 -218.9235249070 203.10379
J157 06SEP23 2006.7269 54001 1393 6 141.1 -2000 -0.325277 4461849 0.328504 203 0.094694 0.0000 0.000834 0.001048 0.003594 -0.148566 0.194045 -0.067558 40.2910757024 -218.9235248894 203.09469
J157 06SEP24 2006.7296 54002 1394 0 141.1 -2000 -0.326151 4461849 0.331097 203 0.097240 0.0000 0.000826 0.001048 0.003570 -0.128418 0.128822 -0.102244 40.2910757258 -218.9235248997 203.09724
J157 06SEP25 2006.7324 54003 1394 1 141.1 -2000 -0.325752 4461849 0.329845 203 0.099815 0.0000 0.000788 0.001026 0.003373 -0.109832 0.128315 -0.135255 40.2910757145 -218.9235248950 203.09981
J157 06SEP26 2006.7351 54004 1394 2 141.1 -2000 -0.326339 4461849 0.330286 203 0.095036 0.0000 0.000802 0.001025 0.003424 -0.106495 0.129011 -0.111873 40.2910757185 -218.9235249019 203.09504
J157 06SEP27 2006.7379 54005 1394 3 141.1 -2000 -0.328428 4461849 0.328766 203 0.101582 0.0000 0.000807 0.001064 0.003672 -0.090690 0.098901 -0.136701 40.2910757048 -218.9235249264 203.10158
J157 06SEP28 2006.7406 54006 1394 4 141.1 -2000 -0.328241 4461849 0.331894 203 0.099203 0.0000 0.000827 0.001056 0.003615 -0.092946 0.075696 -0.135528 40.2910757330 -218.9235249243 203.09920
J157 06SEP29 2006.7433 54007 1394 5 141.1 -2000 -0.326844 4461849 0.328539 203 0.100962 0.0000 0.000806 0.001039 0.003554 -0.121689 0.147953 -0.132123 40.2910757028 -218.9235249078 203.10096
J157 06SEP30 2006.7461 54008 1394 6 141.1 -2000 -0.327897 4461849 0.329297 203 0.094849 0.0000 0.000836 0.001027 0.003577 -0.098150 0.136178 -0.124763 40.2910757096 -218.9235249202 203.09485
J157 06OCT01 2006.7488 54009 1395 0 141.1 -2000 -0.328167 4461849 0.330027 203 0.098862 0.0000 0.000814 0.001043 0.003491 -0.122142 0.096647 -0.064392 40.2910757162 -218.9235249234 203.09886
J157 06OCT02 2006.7515 54010 1395 1 141.1 -2000 -0.328266 4461849 0.326397 203 0.109847 0.0000 0.000828 0.001077 0.003574 -0.067485 0.086797 -0.122748 40.2910756835 -218.9235249245 203.10985
J157 06OCT03 2006.7543 54011 1395 2 141.1 -2000 -0.329458 4461849 0.326082 203 0.104035 0.0000 0.000817 0.001117 0.003611 -0.042761 0.036799 -0.093558 40.2910756806 -218.9235249385 203.10403
J157 06OCT04 2006.7570 54012 1395 3 141.1 -2000 -0.327747 4461849 0.327087 203 0.095502 0.0000 0.000826 0.001060 0.003620 -0.051663 0.041784 -0.124807 40.2910756897 -218.9235249184 203.09550
J157 06OCT05 2006.7598 54013 1395 4 141.1 -2000 -0.326314 4461849 0.326480 203 0.099531 0.0000 0.000825 0.001084 0.003639 -0.034098 0.077717 -0.140322 40.2910756842 -218.9235249016 203.09953
J157 06OCT06 2006.7625 54014 1395 5 141.1 -2000 -0.326609 4461849 0.327283 203 0.104528 0.0000 0.000841 0.001046 0.003557 -0.130585 0.190879 -0.116324 40.2910756914 -218.9235249050 203.10453
J157 06OCT07 2006.7652 54015 1395 6 141.1 -2000 -0.327589 4461849 0.328579 203 0.099060 0.0000 0.000847 0.001065 0.003555 -0.109326 0.084116 -0.093613 40.2910757031 -218.9235249166 203.09906
J157 06OCT08 2006.7680 54016 1396 0 141.1 -2000 -0.330648 4461849 0.330708 203 0.096127 0.0000 0.000847 0.001076 0.003683 -0.078568 0.077763 -0.088347 40.2910757223 -218.9235249526 203.09613
J157 06OCT09 2006.7707 54017 1396 1 141.1 -2000 -0.327849 4461849 0.328367 203 0.092810 0.0000 0.000842 0.001105 0.003680 -0.117544 0.087028 -0.102548 40.2910757012 -218.9235249196 203.09281
J157 06OCT10 2006.7734 54018 1396 2 141.1 -2000 -0.328125 4461849 0.327467 203 0.102931 0.0000 0.000839 0.001079 0.003774 -0.091222 0.063908 -0.147118 40.2910756931 -218.9235249229 203.10293
J157 06OCT11 2006.7762 54019 1396 3 141.1 -2000 -0.331542 4461849 0.328911 203 0.092577 0.0000 0.000837 0.001107 0.003752 -0.072758 0.108718 -0.045832 40.2910757061 -218.9235249631 203.09258
J157 06OCT12 2006.7789 54020 1396 4 141.1 -2000 -0.325978 4461849 0.329460 203 0.099945 0.0000 0.000837 0.001056 0.003685 -0.092102 0.182035 -0.112464 40.2910757111 -218.9235248976 203.09994
J157 06OCT13 2006.7817 54021 1396 5 141.1 -2000 -0.328084 4461849 0.329194 203 0.094253 0.0000 0.000813 0.001020 0.003542 -0.078475 0.116671 -0.154880 40.2910757087 -218.9235249224 203.09425
J157 06OCT14 2006.7844 54022 1396 6 141.1 -2000 -0.325999 4461849 0.331329 203 0.093784 0.0000 0.000809 0.001030 0.003545 -0.085183 0.165057 -0.108974 40.2910757279 -218.9235248979 203.09378
J157 06OCT15 2006.7871 54023 1397 0 141.1 -2000 -0.327447 4461849 0.329630 203 0.096142 0.0000 0.000857 0.001046 0.003738 -0.064799 0.117590 -0.115196 40.2910757126 -218.9235249149 203.09614
J157 06OCT16 2006.7899 54024 1397 1 141.1 -2000 -0.325401 4461849 0.331035 203 0.091926 0.0000 0.000802 0.001050 0.003523 -0.065438 0.107178 -0.117175 40.2910757252 -218.9235248908 203.09193
J157 06OCT17 2006.7926 54025 1397 2 141.1 -2000 -0.329387 4461849 0.328618 203 0.088567 0.0000 0.000837 0.001068 0.003653 -0.047420 0.088239 -0.121840 40.2910757035 -218.9235249377 203.08857
J157 06OCT18 2006.7953 54026 1397 3 141.1 -2000 -0.325642 4461849 0.329527 203 0.094528 0.0000 0.000806 0.001014 0.003430 -0.091822 0.130896 -0.071781 40.2910757117 -218.9235248937 203.09453
J157 06OCT19 2006.7981 54027 1397 4 141.1 -2000 -0.326655 4461849 0.331479 203 0.091203 0.0000 0.000814 0.001053 0.003577 -0.042487 0.069002 -0.127845 40.2910757292 -218.9235249056 203.09120
J157 06OCT20 2006.8008 54028 1397 5 141.1 -2000 -0.329322 4461849 0.329543 203 0.086731 0.0000 0.000831 0.001043 0.003558 -0.068719 0.069828 -0.122909 40.2910757118 -218.9235249370 203.08673
J157 06OCT21 2006.8036 54029 1397 6 141.1 -2000 -0.326962 4461849 0.328714 203 0.098034 0.0000 0.000796 0.001009 0.003418 -0.052293 0.095630 -0.123184 40.2910757043 -218.9235249092 203.09803
J157 06OCT22 2006.8063 54030 1398 0 141.1 -2000 -0.325701 4461849 0.327824 203 0.094377 0.0000 0.000811 0.001043 0.003577 -0.011325 0.045706 -0.155395 40.2910756963 -218.9235248944 203.09438
J157 06OCT23 2006.8090 54031 1398 1 141.1 -2000 -0.326518 4461849 0.327429 203 0.093894 0.0000 0.000816 0.001081 0.003639 -0.059917 0.091986 -0.123358 40.2910756928 -218.9235249040 203.09389
J157 06OCT24 2006.8118 54032 1398 2 141.1 -2000 -0.326626 4461849 0.325904 203 0.101566 0.0000 0.000857 0.001124 0.003828 -0.087015 0.108576 -0.051031 40.2910756790 -218.9235249052 203.10157
J157 06OCT25 2006.8145 54033 1398 3 141.1 -2000 -0.326556 4461849 0.325711 203 0.094761 0.0000 0.000845 0.001064 0.003618 -0.046034 0.108945 -0.054113 40.2910756773 -218.9235249044 203.09476
J157 06OCT26 2006.8172 54034 1398 4 141.1 -2000 -0.326427 4461849 0.326845 203 0.093192 0.0000 0.000799 0.001020 0.003406 -0.067605 0.098507 -0.044785 40.2910756875 -218.9235249029 203.09319
J157 06OCT27 2006.8200 54035 1398 5 141.1 -2000 -0.325063 4461849 0.328943 203 0.099705 0.0000 0.000795 0.001012 0.003387 -0.022620 0.048228 -0.114260 40.2910757064 -218.9235248869 203.09970
J157 06OCT28 2006.8227 54036 1398 6 141.1 -2000 -0.327338 4461849 0.328045 203 0.096249 0.0000 0.000837 0.001040 0.003607 -0.054423 0.124296 -0.091262 40.2910756983 -218.9235249136 203.09625
J157 06OCT29 2006.8255 54037 1399 0 141.1 -2000 -0.327214 4461849 0.327660 203 0.093248 0.0000 0.000823 0.001031 0.003493 -0.110461 0.079836 -0.097382 40.2910756948 -218.9235249122 203.09325
J157 06OCT30 2006.8282 54038 1399 1 141.1 -2000 -0.326529 4461849 0.329141 203 0.092043 0.0000 0.000802 0.000999 0.003385 -0.052632 0.112271 -0.088403 40.2910757082 -218.9235249041 203.09204
J157 06OCT31 2006.8309 54039 1399 2 141.1 -2000 -0.324819 4461849 0.327711 203 0.096198 0.0000 0.000803 0.001026 0.003489 -0.051757 0.089672 -0.090643 40.2910756953 -218.9235248840 203.09620
J157 06NOV01 2006.8337 54040 1399 3 141.1 -2000 -0.324916 4461849 0.327003 203 0.100784 0.0000 0.000804 0.000995 0.003446 -0.038877 0.034636 -0.086702 40.2910756889 -218.9235248851 203.10078
J157 06NOV02 2006.8364 54041 1399 4 141.1 -2000 -0.325233 4461849 0.329654 203 0.093960 0.0000 0.000810 0.001036 0.003533 -0.062683 0.047524 -0.107034 40.2910757128 -218.9235248889 203.09396
J157 06NOV03 2006.8392 54042 1399 5 141.1 -2000 -0.326160 4461849 0.328840 203 0.098694 0.0000 0.000774 0.001009 0.003318 -0.062624 0.095737 -0.105315 40.2910757055 -218.9235248998 203.09869
J157 06NOV04 2006.8419 54043 1399 6 141.1 -2000 -0.325624 4461849 0.328752 203 0.100910 0.0000 0.000809 0.001030 0.003576 -0.042676 0.123471 -0.141447 40.2910757047 -218.9235248935 203.10091
J157 06NOV05 2006.8446 54044 1400 0 141.1 -2000 -0.325960 4461849 0.327654 203 0.102550 0.0000 0.000838 0.001060 0.003664 -0.058821 0.046298 -0.118057 40.2910756948 -218.9235248974 203.10255
J157 06NOV06 2006.8474 54045 1400 1 141.1 -2000 -0.325991 4461849 0.324014 203 0.102492 0.0000 0.000799 0.001001 0.003452 -0.060259 0.109592 -0.099116 40.2910756620 -218.9235248978 203.10249
J157 06NOV07 2006.8501 54046 1400 2 141.1 -2000 -0.326608 4461849 0.325990 203 0.091670 0.0000 0.000841 0.001061 0.003627 -0.065681 0.133014 -0.087380 40.2910756798 -218.9235249050 203.09167
J157 06NOV08 2006.8528 54047 1400 3 141.1 -2000 -0.324024 4461849 0.328891 203 0.092226 0.0000 0.000882 0.001063 0.003756 -0.029707 0.154415 -0.100187 40.2910757059 -218.9235248746 203.09223
J157 06NOV09 2006.8556 54048 1400 4 141.1 -2000 -0.327570 4461849 0.323900 203 0.091935 0.0000 0.000855 0.001096 0.003759 -0.027663 0.027417 -0.089302 40.2910756610 -218.9235249163 203.09193
J157 06NOV10 2006.8583 54049 1400 5 141.1 -2000 -0.323463 4461849 0.326277 203 0.103555 0.0000 0.000836 0.001073 0.003688 -0.038112 0.135316 -0.163845 40.2910756824 -218.9235248680 203.10355
J157 06NOV11 2006.8611 54050 1400 6 141.1 -2000 -0.324927 4461849 0.326356 203 0.100967 0.0000 0.000828 0.001041 0.003635 -0.054260 0.098250 -0.114854 40.2910756831 -218.9235248853 203.10097
J157 06NOV12 2006.8638 54051 1401 0 141.1 -2000 -0.326045 4461849 0.327174 203 0.086958 0.0000 0.000863 0.001102 0.003845 -0.051427 0.081095 -0.138490 40.2910756905 -218.9235248984 203.08696
J157 06NOV13 2006.8665 54052 1401 1 141.1 -2000 -0.331958 4461849 0.329975 203 0.089097 0.0000 0.000873 0.001079 0.003887 -0.036534 0.147474 -0.094937 40.2910757157 -218.9235249679 203.08910
J157 06NOV14 2006.8693 54053 1401 2 141.1 -2000 -0.325500 4461849 0.326524 203 0.093467 0.0000 0.000789 0.001011 0.003419 -0.073596 0.119893 -0.078179 40.2910756846 -218.9235248920 203.09347
J157 06NOV15 2006.8720 54054 1401 3 141.1 -2000 -0.325556 4461849 0.328452 203 0.100564 0.0000 0.000827 0.001058 0.003705 -0.071660 0.114959 -0.066302 40.2910757020 -218.9235248927 203.10056
J157 06NOV16 2006.8747 54055 1401 4 141.1 -2000 -0.324234 4461849 0.325944 203 0.100746 0.0000 0.000779 0.001016 0.003389 -0.098253 0.109831 -0.134073 40.2910756794 -218.9235248771 203.10075
J157 06NOV17 2006.8775 54056 1401 5 141.1 -2000 -0.324507 4461849 0.326855 203 0.100583 0.0000 0.000780 0.001005 0.003337 -0.096336 0.109578 -0.055221 40.2910756876 -218.9235248803 203.10058
J157 06NOV18 2006.8802 54057 1401 6 141.1 -2000 -0.323907 4461849 0.327998 203 0.095888 0.0000 0.000792 0.001038 0.003492 -0.041961 0.084931 -0.153664 40.2910756979 -218.9235248733 203.09589
J157 06NOV19 2006.8830 54058 1402 0 141.1 -2000 -0.322570 4461849 0.328475 203 0.098465 0.0000 0.000772 0.001010 0.003301 -0.077028 0.106957 -0.093933 40.2910757022 -218.9235248575 203.09846
J157 06NOV20 2006.8857 54059 1402 1 141.1 -2000 -0.323205 4461849 0.328148 203 0.095847 0.0000 0.000781 0.001013 0.003316 -0.072675 0.070667 -0.068246 40.2910756992 -218.9235248650 203.09585
J157 06NOV21 2006.8884 54060 1402 2 141.1 -2000 -0.324292 4461849 0.327116 203 0.089416 0.0000 0.000810 0.001045 0.003581 -0.045922 0.108967 -0.111302 40.2910756899 -218.9235248778 203.08942
J157 06NOV22 2006.8912 54061 1402 3 141.1 -2000 -0.330942 4461849 0.329582 203 0.088145 0.0000 0.000794 0.001014 0.003478 -0.090584 0.095668 -0.120480 40.2910757122 -218.9235249560 203.08815
J157 06NOV23 2006.8939 54062 1402 4 141.1 -2000 -0.327306 4461849 0.325896 203 0.103897 0.0000 0.000810 0.001042 0.003500 -0.033683 0.076589 -0.134122 40.2910756790 -218.9235249132 203.10390
J157 06NOV24 2006.8966 54063 1402 5 141.1 -2000 -0.324381 4461849 0.324821 203 0.100730 0.0000 0.000814 0.001053 0.003638 -0.035529 0.140663 -0.156192 40.2910756693 -218.9235248788 203.10073
J157 06NOV25 2006.8994 54064 1402 6 141.1 -2000 -0.323729 4461849 0.325823 203 0.102893 0.0000 0.000798 0.001024 0.003464 -0.105098 0.076937 -0.112826 40.2910756783 -218.9235248712 203.10289
J157 06NOV26 2006.9021 54065 1403 0 141.1 -2000 -0.322598 4461849 0.327517 203 0.101139 0.0000 0.000799 0.001043 0.003552 -0.047060 0.088161 -0.102430 40.2910756936 -218.9235248579 203.10114
J157 06NOV27 2006.9049 54066 1403 1 141.1 -2000 -0.322558 4461849 0.324689 203 0.099182 0.0000 0.000785 0.001028 0.003370 -0.094179 0.089074 -0.099263 40.2910756681 -218.9235248574 203.09918
J157 06NOV28 2006.9076 54067 1403 2 141.1 -2000 -0.323068 4461849 0.326952 203 0.097410 0.0000 0.000793 0.001035 0.003590 -0.043335 0.074944 -0.089436 40.2910756885 -218.9235248634 203.09741
J157 06NOV29 2006.9103 54068 1403 3 141.1 -2000 -0.330684 4461849 0.325504 203 0.095172 0.0000 0.000784 0.001032 0.003408 -0.053296 0.009438 -0.122676 40.2910756754 -218.9235249530 203.09517
J157 06NOV30 2006.9131 54069 1403 4 141.1 -2000 -0.324240 4461849 0.326467 203 0.099917 0.0000 0.000795 0.001029 0.003504 -0.057662 0.034659 -0.086707 40.2910756841 -218.9235248772 203.09992
J157 06DEC01 2006.9158 54070 1403 5 141.1 -2000 -0.324739 4461849 0.327862 203 0.094641 0.0000 0.000801 0.000997 0.003517 -0.055981 0.126945 -0.124286 40.2910756967 -218.9235248830 203.09464
J157 06DEC02 2006.9185 54071 1403 6 141.1 -2000 -0.325054 4461849 0.331309 203 0.086086 0.0000 0.000818 0.001006 0.003563 -0.072408 0.066710 -0.159273 40.2910757277 -218.9235248868 203.08609
J157 06DEC03 2006.9213 54072 1404 0 141.1 -2000 -0.325890 4461849 0.330802 203 0.074279 0.0000 0.000797 0.001037 0.003521 -0.040957 0.033909 -0.108276 40.2910757231 -218.9235248966 203.07428
J157 06DEC04 2006.9240 54073 1404 1 141.1 -2000 -0.325547 4461849 0.327717 203 0.086008 0.0000 0.000788 0.001007 0.003457 -0.077109 0.100607 -0.112111 40.2910756954 -218.9235248926 203.08601
J157 06DEC05 2006.9268 54074 1404 2 141.1 -2000 -0.323501 4461849 0.326608 203 0.087755 0.0000 0.000806 0.001016 0.003479 -0.047298 0.097018 -0.105707 40.2910756854 -218.9235248685 203.08776
J157 06DEC06 2006.9295 54075 1404 3 141.1 -2000 -0.321666 4461849 0.324701 203 0.089541 0.0000 0.000817 0.001031 0.003564 -0.050130 0.086374 -0.128213 40.2910756682 -218.9235248469 203.08954
J157 06DEC07 2006.9322 54076 1404 4 141.1 -2000 -0.325408 4461849 0.328700 203 0.089065 0.0000 0.000786 0.001042 0.003415 -0.093290 0.046024 -0.151668 40.2910757042 -218.9235248909 203.08907
J157 06DEC08 2006.9350 54077 1404 5 141.1 -2000 -0.323274 4461849 0.325179 203 0.095758 0.0000 0.000834 0.001077 0.003730 -0.074440 0.122123 -0.147555 40.2910756725 -218.9235248658 203.09576
J157 06DEC09 2006.9377 54078 1404 6 141.1 -2000 -0.322884 4461849 0.321964 203 0.094461 0.0000 0.000805 0.001036 0.003594 -0.068220 0.101533 -0.095019 40.2910756435 -218.9235248612 203.09446
J157 06DEC10 2006.9405 54079 1405 0 141.1 -2000 -0.322655 4461849 0.324652 203 0.082357 0.0000 0.000806 0.001033 0.003575 -0.069744 0.055311 -0.133462 40.2910756678 -218.9235248585 203.08236
J157 06DEC11 2006.9432 54080 1405 1 141.1 -2000 -0.322621 4461849 0.325383 203 0.092071 0.0000 0.000798 0.001035 0.003565 -0.070195 0.100891 -0.177522 40.2910756743 -218.9235248581 203.09207
J157 06DEC12 2006.9459 54081 1405 2 141.1 -2000 -0.322129 4461849 0.326544 203 0.100301 0.0000 0.000815 0.001027 0.003467 -0.094217 0.092348 -0.087945 40.2910756848 -218.9235248523 203.10030
J157 06DEC13 2006.9487 54082 1405 3 141.1 -2000 -0.324385 4461849 0.325376 203 0.089692 0.0000 0.000835 0.001022 0.003746 -0.042842 0.145836 -0.119619 40.2910756743 -218.9235248789 203.08969
J157 06DEC14 2006.9514 54083 1405 4 141.1 -2000 -0.321069 4461849 0.326025 203 0.090545 0.0000 0.000794 0.000978 0.003426 -0.067296 0.094688 -0.119582 40.2910756801 -218.9235248399 203.09055
J157 06DEC15 2006.9541 54084 1405 5 141.1 -2000 -0.323143 4461849 0.324806 203 0.091380 0.0000 0.000814 0.001029 0.003694 -0.033111 0.008241 -0.082620 40.2910756691 -218.9235248643 203.09138
J157 06DEC16 2006.9569 54085 1405 6 141.1 -2000 -0.322257 4461849 0.323266 203 0.096014 0.0000 0.000841 0.001036 0.003763 -0.069938 0.144221 -0.159576 40.2910756553 -218.9235248538 203.09601
J157 06DEC17 2006.9596 54086 1406 0 141.1 -2000 -0.321957 4461849 0.327480 203 0.096783 0.0000 0.000788 0.001016 0.003479 -0.069122 0.095260 -0.098362 40.2910756932 -218.9235248503 203.09678
J157 06DEC18 2006.9624 54087 1406 1 141.1 -2000 -0.323732 4461849 0.327390 203 0.081702 0.0000 0.000814 0.001001 0.003533 -0.077691 0.090353 -0.104545 40.2910756924 -218.9235248712 203.08170
J157 06DEC19 2006.9651 54088 1406 2 141.1 -2000 -0.321738 4461849 0.326537 203 0.094328 0.0000 0.000800 0.000980 0.003481 -0.070682 0.110696 -0.112082 40.2910756847 -218.9235248478 203.09433
J157 06DEC20 2006.9678 54089 1406 3 141.1 -2000 -0.322997 4461849 0.325305 203 0.090466 0.0000 0.000780 0.000975 0.003477 -0.035040 0.095205 -0.109027 40.2910756736 -218.9235248625 203.09047
J157 06DEC21 2006.9706 54090 1406 4 141.1 -2000 -0.321340 4461849 0.324741 203 0.094584 0.0000 0.000775 0.000996 0.003436 -0.031075 0.013294 -0.131264 40.2910756686 -218.9235248431 203.09458
J157 06DEC22 2006.9733 54091 1406 5 141.1 -2000 -0.322886 4461849 0.325939 203 0.099915 0.0000 0.000795 0.001016 0.003428 -0.070702 0.115381 -0.134307 40.2910756793 -218.9235248613 203.09991
J157 06DEC23 2006.9760 54092 1406 6 141.1 -2000 -0.325805 4461849 0.328647 203 0.092509 0.0000 0.000799 0.001002 0.003496 -0.054832 0.089017 -0.172043 40.2910757037 -218.9235248956 203.09251
J157 06DEC24 2006.9788 54093 1407 0 141.1 -2000 -0.324674 4461849 0.326551 203 0.098606 0.0000 0.000782 0.001008 0.003450 -0.062514 0.095236 -0.178963 40.2910756849 -218.9235248823 203.09861
J157 06DEC25 2006.9815 54094 1407 1 141.1 -2000 -0.323643 4461849 0.326117 203 0.094716 0.0000 0.000778 0.000993 0.003369 -0.059040 0.069177 -0.126162 40.2910756809 -218.9235248702 203.09472
J157 06DEC26 2006.9843 54095 1407 2 141.1 -2000 -0.325542 4461849 0.325892 203 0.100993 0.0000 0.000792 0.001012 0.003525 -0.072179 0.064907 -0.171674 40.2910756789 -218.9235248925 203.10099
J157 06DEC27 2006.9870 54096 1407 3 141.1 -2000 -0.328275 4461849 0.325453 203 0.100144 0.0000 0.000829 0.001035 0.003680 -0.022827 0.069114 -0.014929 40.2910756750 -218.9235249246 203.10014
J157 06DEC28 2006.9897 54097 1407 4 141.1 -2000 -0.325336 4461849 0.325817 203 0.095974 0.0000 0.000784 0.000991 0.003390 -0.039073 0.030317 -0.014214 40.2910756782 -218.9235248901 203.09597
J157 06DEC29 2006.9925 54098 1407 5 141.1 -2000 -0.326212 4461849 0.327350 203 0.094590 0.0000 0.000799 0.001008 0.003392 -0.013869 0.056369 -0.136222 40.2910756920 -218.9235249004 203.09459
J157 06DEC30 2006.9952 54099 1407 6 141.1 -2000 -0.327904 4461849 0.327649 203 0.094895 0.0000 0.000813 0.001028 0.003546 -0.053460 0.047687 -0.055550 40.2910756947 -218.9235249203 203.09490
J157 06DEC31 2006.9979 54100 1408 0 141.1 -2000 -0.325690 4461849 0.325337 203 0.098118 0.0000 0.000829 0.001019 0.003580 -0.020842 -0.046188 -0.108207 40.2910756739 -218.9235248942 203.09812
J157 07JAN01 2007.0007 54101 1408 1 141.1 -2000 -0.324639 4461849 0.325791 203 0.096573 0.0000 0.000818 0.001030 0.003541 -0.065081 0.056205 -0.092590 40.2910756780 -218.9235248819 203.09657
J157 07JAN02 2007.0034 54102 1408 2 141.1 -2000 -0.324647 4461849 0.327473 203 0.089976 0.0000 0.000806 0.001036 0.003554 -0.031980 0.056424 -0.113450 40.2910756932 -218.9235248820 203.08998
J157 07JAN03 2007.0062 54103 1408 3 141.1 -2000 -0.325148 4461849 0.326590 203 0.096854 0.0000 0.000825 0.001066 0.003627 -0.042176 -0.014143 -0.104537 40.2910756852 -218.9235248879 203.09685
J157 07JAN04 2007.0089 54104 1408 4 141.1 -2000 -0.324249 4461849 0.326436 203 0.085750 0.0000 0.000794 0.001034 0.003452 -0.025012 0.001027 -0.087949 40.2910756838 -218.9235248773 203.08575
J157 07JAN05 2007.0116 54105 1408 5 141.1 -2000 -0.322700 4461849 0.328002 203 0.091755 0.0000 0.000788 0.001013 0.003432 -0.094045 0.039408 -0.066829 40.2910756979 -218.9235248591 203.09176
J157 07JAN06 2007.0144 54106 1408 6 141.1 -2000 -0.322110 4461849 0.327868 203 0.094315 0.0000 0.000798 0.001003 0.003420 -0.070086 0.114053 -0.124736 40.2910756967 -218.9235248521 203.09431
J157 07JAN07 2007.0171 54107 1409 0 141.1 -2000 -0.325958 4461849 0.323735 203 0.100559 0.0000 0.000828 0.001039 0.003645 -0.022245 0.120437 -0.118898 40.2910756595 -218.9235248974 203.10056
J157 07JAN08 2007.0198 54108 1409 1 141.1 -2000 -0.324933 4461849 0.328669 203 0.081195 0.0000 0.000818 0.001036 0.003528 -0.018917 0.079702 -0.096827 40.2910757039 -218.9235248853 203.08119
J157 07JAN09 2007.0226 54109 1409 2 141.1 -2000 -0.332970 4461849 0.326417 203 0.082870 0.0000 0.000818 0.001031 0.003674 -0.058509 0.085440 -0.158896 40.2910756836 -218.9235249798 203.08287
J157 07JAN10 2007.0253 54110 1409 3 141.1 -2000 -0.334201 4461849 0.328616 203 0.087815 0.0000 0.000818 0.001051 0.003558 -0.101831 0.084170 -0.135490 40.2910757035 -218.9235249943 203.08781
J157 07JAN11 2007.0281 54111 1409 4 141.1 -2000 -0.328831 4461849 0.328929 203 0.079961 0.0000 0.000808 0.001037 0.003515 -0.064780 0.019976 -0.094193 40.2910757063 -218.9235249312 203.07996
J157 07JAN12 2007.0308 54112 1409 5 141.1 -2000 -0.323395 4461849 0.324974 203 0.088696 0.0000 0.000807 0.001030 0.003483 -0.110885 0.051410 -0.150776 40.2910756706 -218.9235248672 203.08870
J157 07JAN13 2007.0335 54113 1409 6 141.1 -2000 -0.326527 4461849 0.325889 203 0.098348 0.0000 0.000750 0.000991 0.003326 -0.075463 0.091772 -0.141467 40.2910756789 -218.9235249041 203.09835
J157 07JAN14 2007.0363 54114 1410 0 141.1 -2000 -0.327566 4461849 0.326629 203 0.089444 0.0000 0.000740 0.000970 0.003222 -0.068377 0.064512 -0.049167 40.2910756856 -218.9235249163 203.08944
J157 07JAN15 2007.0390 54115 1410 1 141.1 -2000 -0.324290 4461849 0.328035 203 0.078600 0.0000 0.000794 0.001022 0.003559 -0.116556 0.129157 -0.130941 40.2910756982 -218.9235248778 203.07860
J157 07JAN16 2007.0418 54116 1410 2 141.1 -2000 -0.324890 4461849 0.324806 203 0.092793 0.0000 0.000799 0.000991 0.003484 -0.121861 0.192613 -0.114670 40.2910756691 -218.9235248848 203.09279
J157 07JAN17 2007.0445 54117 1410 3 141.1 -2000 -0.324943 4461849 0.327105 203 0.090238 0.0000 0.000765 0.000980 0.003374 -0.075580 0.085775 -0.072289 40.2910756898 -218.9235248854 203.09024
J157 07JAN18 2007.0472 54118 1410 4 141.1 -2000 -0.325519 4461849 0.328860 203 0.090140 0.0000 0.000820 0.001045 0.003642 -0.101188 0.058694 -0.091812 40.2910757056 -218.9235248922 203.09014
J157 07JAN19 2007.0500 54119 1410 5 141.1 -2000 -0.327015 4461849 0.324953 203 0.091421 0.0000 0.000800 0.001015 0.003515 -0.100809 0.115564 -0.114804 40.2910756705 -218.9235249098 203.09142
J157 07JAN20 2007.0527 54120 1410 6 141.1 -2000 -0.325343 4461849 0.324853 203 0.085020 0.0000 0.000797 0.001059 0.003502 -0.105962 0.076597 -0.043572 40.2910756696 -218.9235248901 203.08502
J157 07JAN21 2007.0554 54121 1411 0 141.1 -2000 -0.324011 4461849 0.325213 203 0.092090 0.0000 0.000765 0.000979 0.003326 -0.060208 0.074274 -0.092235 40.2910756728 -218.9235248745 203.09209
J157 07JAN22 2007.0582 54122 1411 1 141.1 -2000 -0.325580 4461849 0.325904 203 0.094066 0.0000 0.000810 0.001004 0.003613 -0.069351 0.143718 -0.124001 40.2910756790 -218.9235248929 203.09407
J157 07JAN23 2007.0609 54123 1411 2 141.1 -2000 -0.327516 4461849 0.327068 203 0.100601 0.0000 0.000798 0.000985 0.003425 -0.089416 0.108395 -0.109639 40.2910756895 -218.9235249157 203.10060
J157 07JAN24 2007.0637 54124 1411 3 141.1 -2000 -0.325508 4461849 0.324445 203 0.098631 0.0000 0.000782 0.000991 0.003491 -0.065219 0.119961 -0.112592 40.2910756659 -218.9235248921 203.09863
J157 07JAN25 2007.0664 54125 1411 4 141.1 -2000 -0.325864 4461849 0.324314 203 0.094647 0.0000 0.000788 0.001004 0.003371 -0.124817 0.094713 -0.081329 40.2910756647 -218.9235248963 203.09465
J157 07JAN26 2007.0691 54126 1411 5 141.1 -2000 -0.326172 4461849 0.323893 203 0.096784 0.0000 0.000744 0.000982 0.003259 -0.069642 0.079879 -0.055272 40.2910756609 -218.9235248999 203.09678
J157 07JAN27 2007.0719 54127 1411 6 141.1 -2000 -0.329269 4461849 0.321019 203 0.099397 0.0000 0.000769 0.001012 0.003384 -0.079282 0.089931 -0.079780 40.2910756350 -218.9235249363 203.09940
J157 07JAN28 2007.0746 54128 1412 0 141.1 -2000 -0.324843 4461849 0.324023 203 0.101817 0.0000 0.000804 0.001044 0.003522 -0.106300 0.083747 -0.093748 40.2910756621 -218.9235248843 203.10182
J157 07JAN29 2007.0773 54129 1412 1 141.1 -2000 -0.324716 4461849 0.326239 203 0.098558 0.0000 0.000771 0.000990 0.003391 -0.050343 0.094051 -0.088591 40.2910756820 -218.9235248828 203.09856
J157 07JAN30 2007.0801 54130 1412 2 141.1 -2000 -0.325960 4461849 0.326957 203 0.109129 0.0000 0.000816 0.000991 0.003552 -0.090642 0.164186 -0.117988 40.2910756885 -218.9235248974 203.10913
J157 07JAN31 2007.0828 54131 1412 3 141.1 -2000 -0.326398 4461849 0.323097 203 0.094821 0.0000 0.000782 0.001002 0.003474 -0.102030 0.081626 -0.067983 40.2910756537 -218.9235249025 203.09482
J157 07FEB01 2007.0856 54132 1412 4 141.1 -2000 -0.326382 4461849 0.323028 203 0.097366 0.0000 0.000787 0.001001 0.003387 -0.051954 0.082383 -0.064980 40.2910756531 -218.9235249024 203.09737
J157 07FEB02 2007.0883 54133 1412 5 141.1 -2000 -0.327425 4461849 0.325544 203 0.100125 0.0000 0.000786 0.000993 0.003411 -0.097736 0.159315 -0.122444 40.2910756758 -218.9235249146 203.10012
J157 07FEB03 2007.0910 54134 1412 6 141.1 -2000 -0.325594 4461849 0.324169 203 0.095813 0.0000 0.000784 0.000995 0.003433 -0.095729 0.102379 -0.134456 40.2910756634 -218.9235248931 203.09581
J157 07FEB04 2007.0938 54135 1413 0 141.1 -2000 -0.327607 4461849 0.325127 203 0.102665 0.0000 0.000796 0.000992 0.003465 -0.051715 0.044421 -0.075474 40.2910756720 -218.9235249168 203.10267
J157 07FEB05 2007.0965 54136 1413 1 141.1 -2000 -0.323909 4461849 0.323628 203 0.103584 0.0000 0.000782 0.000988 0.003484 -0.085153 0.132499 -0.138148 40.2910756585 -218.9235248733 203.10358
J157 07FEB06 2007.0992 54137 1413 2 141.1 -2000 -0.325071 4461849 0.324762 203 0.083685 0.0000 0.000784 0.000991 0.003399 -0.095803 0.090120 -0.091965 40.2910756687 -218.9235248869 203.08369
J157 07FEB07 2007.1020 54138 1413 3 141.1 -2000 -0.326648 4461849 0.328099 203 0.097763 0.0000 0.000763 0.000971 0.003350 -0.061918 0.099172 -0.023838 40.2910756988 -218.9235249055 203.09776
J157 07FEB08 2007.1047 54139 1413 4 141.1 -2000 -0.324442 4461849 0.325474 203 0.097625 0.0000 0.000870 0.001048 0.003772 -0.167756 0.177197 -0.069003 40.2910756752 -218.9235248795 203.09762
J157 07FEB09 2007.1075 54140 1413 5 141.1 -2000 -0.324517 4461849 0.322812 203 0.105279 0.0000 0.000809 0.000999 0.003480 -0.106138 0.140531 -0.047359 40.2910756512 -218.9235248804 203.10528
J157 07FEB10 2007.1102 54141 1413 6 141.1 -2000 -0.325548 4461849 0.324141 203 0.106204 0.0000 0.000770 0.000981 0.003374 -0.079981 0.071368 -0.083327 40.2910756631 -218.9235248926 203.10620
J157 07FEB11 2007.1129 54142 1414 0 141.1 -2000 -0.325760 4461849 0.325081 203 0.091577 0.0000 0.000777 0.001024 0.003571 -0.075219 0.131613 -0.090477 40.2910756716 -218.9235248950 203.09158
J157 07FEB12 2007.1157 54143 1414 1 141.1 -2000 -0.325678 4461849 0.322742 203 0.093704 0.0000 0.000782 0.000974 0.003394 -0.076967 0.092410 -0.087531 40.2910756505 -218.9235248941 203.09370
J157 07FEB13 2007.1184 54144 1414 2 141.1 -2000 -0.326166 4461849 0.324629 203 0.095819 0.0000 0.000755 0.000986 0.003322 -0.056839 0.054662 -0.086973 40.2910756675 -218.9235248998 203.09582
J157 07FEB14 2007.1211 54145 1414 3 141.1 -2000 -0.325931 4461849 0.323767 203 0.096612 0.0000 0.000786 0.001016 0.003507 -0.075820 0.183100 -0.062219 40.2910756598 -218.9235248971 203.09661
J157 07FEB15 2007.1239 54146 1414 4 141.1 -2000 -0.329774 4461849 0.325043 203 0.089540 0.0000 0.000763 0.000976 0.003383 -0.056988 0.005286 -0.084952 40.2910756713 -218.9235249423 203.08954
J157 07FEB16 2007.1266 54147 1414 5 141.1 -2000 -0.326628 4461849 0.324220 203 0.094582 0.0000 0.000774 0.000992 0.003452 -0.090986 0.144126 -0.059239 40.2910756639 -218.9235249053 203.09458
J157 07FEB17 2007.1294 54148 1414 6 141.1 -2000 -0.324713 4461849 0.322465 203 0.100850 0.0000 0.000792 0.001008 0.003483 -0.063692 0.175888 -0.087259 40.2910756481 -218.9235248827 203.10085
J157 07FEB18 2007.1321 54149 1415 0 141.1 -2000 -0.324842 4461849 0.322381 203 0.098696 0.0000 0.000795 0.001053 0.003627 -0.125584 0.139953 -0.107120 40.2910756473 -218.9235248842 203.09870
J157 07FEB19 2007.1348 54150 1415 1 141.1 -2000 -0.325120 4461849 0.324550 203 0.101083 0.0000 0.000761 0.000983 0.003318 -0.106409 0.107589 -0.126507 40.2910756668 -218.9235248875 203.10108
J157 07FEB20 2007.1376 54151 1415 2 141.1 -2000 -0.325082 4461849 0.323976 203 0.097580 0.0000 0.000764 0.000978 0.003459 -0.092778 0.140874 -0.035542 40.2910756617 -218.9235248871 203.09758
J157 07FEB21 2007.1403 54152 1415 3 141.1 -2000 -0.327453 4461849 0.324585 203 0.098353 0.0000 0.000755 0.000956 0.003322 -0.075952 0.117229 -0.119271 40.2910756671 -218.9235249150 203.09835
J157 07FEB22 2007.1431 54153 1415 4 141.1 -2000 -0.325615 4461849 0.323528 203 0.097452 0.0000 0.000765 0.001006 0.003457 -0.052946 0.103313 -0.112645 40.2910756576 -218.9235248933 203.09745
J157 07FEB23 2007.1458 54154 1415 5 141.1 -2000 -0.329006 4461849 0.322464 203 0.092648 0.0000 0.000738 0.000962 0.003225 -0.062802 0.111503 -0.053367 40.2910756480 -218.9235249332 203.09265
J157 07FEB24 2007.1485 54155 1415 6 141.1 -2000 -0.326370 4461849 0.325163 203 0.092486 0.0000 0.000775 0.000983 0.003414 -0.092814 0.133720 -0.106605 40.2910756724 -218.9235249022 203.09249
J157 07FEB25 2007.1513 54156 1416 0 141.1 -2000 -0.325743 4461849 0.323223 203 0.094081 0.0000 0.000753 0.000978 0.003434 -0.040658 0.102371 -0.173130 40.2910756549 -218.9235248948 203.09408
J157 07FEB26 2007.1540 54157 1416 1 141.1 -2000 -0.326198 4461849 0.324133 203 0.095444 0.0000 0.000765 0.000962 0.003358 -0.070102 0.102271 -0.149810 40.2910756631 -218.9235249002 203.09544
J157 07FEB27 2007.1567 54158 1416 2 141.1 -2000 -0.324205 4461849 0.324738 203 0.096616 0.0000 0.000770 0.000986 0.003399 -0.110633 0.164227 -0.104921 40.2910756685 -218.9235248768 203.09662
J157 07FEB28 2007.1595 54159 1416 3 141.1 -2000 -0.328192 4461849 0.324627 203 0.090667 0.0000 0.000743 0.000972 0.003213 -0.060638 0.073689 -0.084684 40.2910756675 -218.9235249236 203.09067
J157 07MAR01 2007.1622 54160 1416 4 141.1 -2000 -0.327813 4461849 0.324071 203 0.094827 0.0000 0.000796 0.001009 0.003470 -0.056609 0.109397 -0.141506 40.2910756625 -218.9235249192 203.09483
J157 07MAR02 2007.1650 54161 1416 5 141.1 -2000 -0.328119 4461849 0.325014 203 0.090462 0.0000 0.000794 0.000990 0.003385 -0.067955 0.129160 -0.092936 40.2910756710 -218.9235249228 203.09046
J157 07MAR03 2007.1677 54162 1416 6 141.1 -2000 -0.327500 4461849 0.324769 203 0.087940 0.0000 0.000796 0.000999 0.003457 -0.099703 0.131551 -0.068667 40.2910756688 -218.9235249155 203.08794
J157 07MAR04 2007.1704 54163 1417 0 141.1 -2000 -0.328439 4461849 0.325413 203 0.094131 0.0000 0.000789 0.001021 0.003442 -0.086748 0.072468 -0.088996 40.2910756746 -218.9235249266 203.09413
J157 07MAR05 2007.1732 54164 1417 1 141.1 -2000 -0.332089 4461849 0.321064 203 0.094763 0.0000 0.000780 0.000991 0.003438 -0.081828 0.050702 -0.071421 40.2910756354 -218.9235249695 203.09476
J157 07MAR06 2007.1759 54165 1417 2 141.1 -2000 -0.330477 4461849 0.322748 203 0.097752 0.0000 0.000782 0.001027 0.003502 -0.051594 0.084900 -0.127978 40.2910756506 -218.9235249505 203.09775
J157 07MAR07 2007.1786 54166 1417 3 141.1 -2000 -0.329716 4461849 0.322836 203 0.092534 0.0000 0.000767 0.000978 0.003326 -0.047744 0.103672 -0.118691 40.2910756514 -218.9235249416 203.09253
J157 07MAR08 2007.1814 54167 1417 4 141.1 -2000 -0.327410 4461849 0.324801 203 0.092660 0.0000 0.000809 0.001047 0.003594 -0.061717 0.044461 -0.060664 40.2910756691 -218.9235249145 203.09266
J157 07MAR09 2007.1841 54168 1417 5 141.1 -2000 -0.327887 4461849 0.323513 203 0.091755 0.0000 0.000788 0.001030 0.003576 -0.096978 0.139980 -0.151245 40.2910756575 -218.9235249201 203.09175
J157 07MAR10 2007.1869 54169 1417 6 141.1 -2000 -0.327797 4461849 0.320818 203 0.089639 0.0000 0.000782 0.001018 0.003418 -0.061137 0.084246 -0.066921 40.2910756332 -218.9235249190 203.08964
J157 07MAR11 2007.1896 54170 1418 0 141.1 -2000 -0.327005 4461849 0.321606 203 0.090139 0.0000 0.000765 0.000989 0.003297 -0.100098 0.111147 -0.079598 40.2910756403 -218.9235249097 203.09014
J157 07MAR12 2007.1923 54171 1418 1 141.1 -2000 -0.330903 4461849 0.323612 203 0.094468 0.0000 0.000768 0.000980 0.003381 -0.043875 0.067435 -0.008277 40.2910756584 -218.9235249555 203.09447
J157 07MAR13 2007.1951 54172 1418 2 141.1 -2000 -0.330263 4461849 0.325316 203 0.090961 0.0000 0.000756 0.000986 0.003363 -0.090403 0.092618 -0.122555 40.2910756737 -218.9235249480 203.09096
J157 07MAR14 2007.1978 54173 1418 3 141.1 -2000 -0.329783 4461849 0.325272 203 0.093666 0.0000 0.000761 0.000988 0.003360 -0.092247 0.155181 -0.077207 40.2910756733 -218.9235249424 203.09367
J157 07MAR15 2007.2005 54174 1418 4 141.1 -2000 -0.328484 4461849 0.323221 203 0.095474 0.0000 0.000787 0.001037 0.003425 -0.105815 0.113868 -0.057379 40.2910756549 -218.9235249271 203.09547
J157 07MAR16 2007.2033 54175 1418 5 141.1 -2000 -0.327963 4461849 0.322592 203 0.091594 0.0000 0.000790 0.001026 0.003427 -0.131858 0.149742 -0.086604 40.2910756492 -218.9235249209 203.09159
J157 07MAR17 2007.2060 54176 1418 6 141.1 -2000 -0.330288 4461849 0.323847 203 0.091646 0.0000 0.000767 0.000995 0.003336 -0.109623 0.081810 -0.089162 40.2910756605 -218.9235249483 203.09165
J157 07MAR18 2007.2088 54177 1419 0 141.1 -2000 -0.330546 4461849 0.323942 203 0.089516 0.0000 0.000774 0.001002 0.003335 -0.111401 0.125318 -0.097692 40.2910756614 -218.9235249513 203.08952
J157 07MAR19 2007.2115 54178 1419 1 141.1 -2000 -0.328119 4461849 0.324689 203 0.085720 0.0000 0.000760 0.001026 0.003390 -0.073395 0.075995 -0.069172 40.2910756681 -218.9235249228 203.08572
J157 07MAR20 2007.2142 54179 1419 2 141.1 -2000 -0.329369 4461849 0.322785 203 0.094296 0.0000 0.000768 0.001023 0.003364 -0.141726 0.092711 -0.051901 40.2910756509 -218.9235249375 203.09430
J157 07MAR21 2007.2170 54180 1419 3 141.1 -2000 -0.330230 4461849 0.321935 203 0.090140 0.0000 0.000802 0.001045 0.003600 -0.131757 0.157744 -0.055748 40.2910756433 -218.9235249476 203.09014
J157 07MAR22 2007.2197 54181 1419 4 141.1 -2000 -0.328962 4461849 0.319274 203 0.087932 0.0000 0.000763 0.000987 0.003427 -0.101538 0.122408 -0.092122 40.2910756193 -218.9235249327 203.08793
J157 07MAR23 2007.2225 54182 1419 5 141.1 -2000 -0.329331 4461849 0.323380 203 0.090068 0.0000 0.000755 0.000993 0.003378 -0.088918 0.069365 -0.068427 40.2910756563 -218.9235249370 203.09007
J157 07MAR24 2007.2252 54183 1419 6 141.1 -2000 -0.326804 4461849 0.320986 203 0.091872 0.0000 0.000763 0.001006 0.003369 -0.132124 0.126076 -0.076784 40.2910756347 -218.9235249073 203.09187
J157 07MAR25 2007.2279 54184 1420 0 141.1 -2000 -0.328671 4461849 0.319895 203 0.086702 0.0000 0.000772 0.001014 0.003431 -0.124971 0.059406 -0.040009 40.2910756249 -218.9235249293 203.08670
J157 07MAR26 2007.2307 54185 1420 1 141.1 -2000 -0.328901 4461849 0.322089 203 0.085042 0.0000 0.000776 0.001036 0.003485 -0.125957 0.071209 -0.059381 40.2910756447 -218.9235249320 203.08504
J157 07MAR27 2007.2334 54186 1420 2 141.1 -2000 -0.329196 4461849 0.321032 203 0.088013 0.0000 0.000790 0.001034 0.003489 -0.104622 0.100455 -0.078737 40.2910756351 -218.9235249354 203.08801
J157 07MAR28 2007.2361 54187 1420 3 141.1 -2000 -0.327341 4461849 0.322187 203 0.089792 0.0000 0.000789 0.001043 0.003512 -0.085847 0.103625 -0.070359 40.2910756456 -218.9235249136 203.08979
J157 07MAR29 2007.2389 54188 1420 4 141.1 -2000 -0.328621 4461849 0.319148 203 0.095089 0.0000 0.000776 0.000984 0.003374 -0.120747 0.056016 -0.077280 40.2910756182 -218.9235249287 203.09509
J157 07MAR30 2007.2416 54189 1420 5 141.1 -2000 -0.328828 4461849 0.323609 203 0.094207 0.0000 0.000779 0.001009 0.003456 -0.098988 0.123365 -0.112175 40.2910756584 -218.9235249311 203.09421
J157 07MAR31 2007.2444 54190 1420 6 141.1 -2000 -0.328954 4461849 0.322395 203 0.091258 0.0000 0.000769 0.001002 0.003419 -0.160262 0.112657 -0.141757 40.2910756474 -218.9235249326 203.09126
J157 07APR01 2007.2471 54191 1421 0 141.1 -2000 -0.329818 4461849 0.322884 203 0.098071 0.0000 0.000780 0.001043 0.003535 -0.095685 0.082130 -0.072176 40.2910756518 -218.9235249428 203.09807
J157 07APR02 2007.2498 54192 1421 1 141.1 -2000 -0.328535 4461849 0.324906 203 0.094862 0.0000 0.000771 0.001032 0.003434 -0.153853 0.054427 -0.115690 40.2910756700 -218.9235249277 203.09486
J157 07APR03 2007.2526 54193 1421 2 141.1 -2000 -0.329213 4461849 0.323394 203 0.100403 0.0000 0.000754 0.001023 0.003328 -0.141757 0.101065 -0.059099 40.2910756564 -218.9235249357 203.10040
J157 07APR04 2007.2553 54194 1421 3 141.1 -2000 -0.329637 4461849 0.322997 203 0.096430 0.0000 0.000777 0.000989 0.003370 -0.110347 0.103200 -0.064605 40.2910756528 -218.9235249406 203.09643
J157 07APR05 2007.2580 54195 1421 4 141.1 -2000 -0.330387 4461849 0.323001 203 0.093230 0.0000 0.000755 0.000994 0.003419 -0.087966 0.116882 -0.107087 40.2910756529 -218.9235249495 203.09323
J157 07APR06 2007.2608 54196 1421 5 141.1 -2000 -0.329332 4461849 0.322935 203 0.096305 0.0000 0.000767 0.001052 0.003437 -0.110763 0.070678 -0.057569 40.2910756523 -218.9235249370 203.09630
J157 07APR07 2007.2635 54197 1421 6 141.1 -2000 -0.327741 4461849 0.321142 203 0.092816 0.0000 0.000766 0.001008 0.003396 -0.137914 0.069172 -0.067365 40.2910756361 -218.9235249183 203.09282
J157 07APR08 2007.2663 54198 1422 0 141.1 -2000 -0.328977 4461849 0.319995 203 0.091926 0.0000 0.000742 0.001005 0.003341 -0.104054 0.049696 -0.068999 40.2910756258 -218.9235249329 203.09193
J157 07APR09 2007.2690 54199 1422 1 141.1 -2000 -0.329625 4461849 0.321460 203 0.088393 0.0000 0.000765 0.001019 0.003473 -0.136361 0.119534 -0.081838 40.2910756390 -218.9235249405 203.08839
J157 07APR10 2007.2717 54200 1422 2 141.1 -2000 -0.331576 4461849 0.322879 203 0.093704 0.0000 0.000788 0.001075 0.003512 -0.126090 0.048407 -0.077874 40.2910756518 -218.9235249634 203.09370
J157 07APR11 2007.2745 54201 1422 3 141.1 -2000 -0.330126 4461849 0.321012 203 0.094429 0.0000 0.000749 0.001005 0.003316 -0.116757 0.026286 -0.075054 40.2910756350 -218.9235249464 203.09443
J157 07APR12 2007.2772 54202 1422 4 141.1 -2000 -0.327047 4461849 0.320726 203 0.095759 0.0000 0.000736 0.000986 0.003269 -0.120627 0.110465 -0.050947 40.2910756324 -218.9235249102 203.09576
J157 07APR13 2007.2799 54203 1422 5 141.1 -2000 -0.327741 4461849 0.320680 203 0.092484 0.0000 0.000750 0.000997 0.003376 -0.072183 0.069823 -0.112403 40.2910756320 -218.9235249183 203.09248
J157 07APR14 2007.2827 54204 1422 6 141.1 -2000 -0.327794 4461849 0.321748 203 0.092650 0.0000 0.000761 0.001003 0.003337 -0.156764 0.086297 -0.077674 40.2910756416 -218.9235249190 203.09265
J157 07APR15 2007.2854 54205 1423 0 141.1 -2000 -0.326249 4461849 0.321580 203 0.095337 0.0000 0.000749 0.000976 0.003330 -0.113500 0.099050 -0.075567 40.2910756401 -218.9235249008 203.09534
J157 07APR16 2007.2882 54206 1423 1 141.1 -2000 -0.326567 4461849 0.321246 203 0.096168 0.0000 0.000757 0.000992 0.003305 -0.124187 0.089126 -0.112822 40.2910756371 -218.9235249045 203.09617
J157 07APR17 2007.2909 54207 1423 2 141.1 -2000 -0.325874 4461849 0.320295 203 0.095075 0.0000 0.000784 0.001008 0.003497 -0.109138 0.109506 -0.129929 40.2910756285 -218.9235248964 203.09508
J157 07APR18 2007.2936 54208 1423 3 141.1 -2000 -0.326890 4461849 0.321518 203 0.092820 0.0000 0.000761 0.000989 0.003382 -0.124072 0.079906 -0.082467 40.291075639
