site YYMMMDD yyyy.yyyy __MJD week d reflon _e0(m) __east(m) ____n0(m) _north(m) u0(m) ____up(m) _ant(m) sig_e(m) sig_n(m) sig_u(m) __corr_en __corr_eu __corr_nu _latitude(deg) _longitude(deg) __height(m)
J166 96MAR21 1996.2190 50163 845 4 141.2 -2395 -0.976274 4384736 0.166174 151 0.250152 0.0000 0.001130 0.001482 0.005234 -0.030268 -0.001463 -0.152784 39.5965724794 -218.8278944849 151.25015
J166 96MAR22 1996.2218 50164 845 5 141.2 -2395 -0.974969 4384736 0.163871 151 0.261415 0.0000 0.001143 0.001491 0.005329 -0.048641 0.014746 -0.171300 39.5965724586 -218.8278944697 151.26141
J166 96MAR23 1996.2245 50165 845 6 141.2 -2395 -0.975558 4384736 0.163906 151 0.258169 0.0000 0.001136 0.001498 0.005340 -0.024170 -0.012965 -0.147902 39.5965724589 -218.8278944766 151.25817
J166 96MAR24 1996.2272 50166 846 0 141.2 -2395 -0.970737 4384736 0.162196 151 0.252791 0.0000 0.001175 0.001466 0.005224 -0.050449 0.019083 -0.090817 39.5965724435 -218.8278944204 151.25279
J166 96MAR25 1996.2300 50167 846 1 141.2 -2395 -0.975425 4384736 0.167266 151 0.255091 0.0000 0.001183 0.001480 0.005458 -0.023600 0.010273 -0.106391 39.5965724892 -218.8278944750 151.25509
J166 96MAR26 1996.2327 50168 846 2 141.2 -2395 -0.978259 4384736 0.163264 151 0.262110 0.0000 0.001156 0.001454 0.005424 -0.036214 0.014198 -0.107980 39.5965724532 -218.8278945080 151.26211
J166 96MAR27 1996.2355 50169 846 3 141.2 -2395 -0.973156 4384736 0.160202 151 0.250827 0.0000 0.001126 0.001459 0.005301 -0.004161 -0.017483 -0.156219 39.5965724256 -218.8278944486 151.25083
J166 96MAR28 1996.2382 50170 846 4 141.2 -2395 -0.971622 4384736 0.159965 151 0.246278 0.0000 0.001139 0.001450 0.005294 0.009568 -0.021614 -0.146664 39.5965724234 -218.8278944307 151.24628
J166 96MAR29 1996.2409 50171 846 5 141.2 -2395 -0.968764 4384736 0.164561 151 0.257816 0.0000 0.001132 0.001437 0.005317 -0.015729 0.061662 -0.144507 39.5965724648 -218.8278943975 151.25782
J166 96MAR30 1996.2437 50172 846 6 141.2 -2395 -0.974990 4384736 0.161551 151 0.260112 0.0000 0.001148 0.001444 0.005370 -0.013260 -0.044568 -0.160219 39.5965724377 -218.8278944699 151.26011
J166 96MAR31 1996.2464 50173 847 0 141.2 -2395 -0.976807 4384736 0.168188 151 0.243042 0.0000 0.001151 0.001429 0.005336 0.001332 -0.049925 -0.125300 39.5965724975 -218.8278944911 151.24304
J166 96APR01 1996.2491 50174 847 1 141.2 -2395 -0.975022 4384736 0.163780 151 0.258777 0.0000 0.001119 0.001422 0.005247 -0.003699 -0.016018 -0.118792 39.5965724578 -218.8278944703 151.25878
J166 96APR02 1996.2519 50175 847 2 141.2 -2395 -0.976429 4384736 0.167277 151 0.246716 0.0000 0.001126 0.001442 0.005283 0.001283 0.009743 -0.165551 39.5965724893 -218.8278944867 151.24672
J166 96APR03 1996.2546 50176 847 3 141.2 -2395 -0.972712 4384736 0.163436 151 0.238318 0.0000 0.001124 0.001441 0.005308 0.027808 -0.002753 -0.116322 39.5965724547 -218.8278944434 151.23832
J166 96APR04 1996.2574 50177 847 4 141.2 -2395 -0.973094 4384736 0.164314 151 0.260408 0.0000 0.001123 0.001418 0.005295 0.001794 0.020807 -0.185384 39.5965724626 -218.8278944479 151.26041
J166 96APR05 1996.2601 50178 847 5 141.2 -2395 -0.972348 4384736 0.166603 151 0.257860 0.0000 0.001232 0.001471 0.005599 -0.031826 -0.051501 -0.144297 39.5965724832 -218.8278944392 151.25786
J166 96APR06 1996.2628 50179 847 6 141.2 -2395 -0.976875 4384736 0.160866 151 0.260335 0.0000 0.001131 0.001410 0.005218 0.011209 -0.010945 -0.145752 39.5965724316 -218.8278944919 151.26034
J166 96APR07 1996.2656 50180 848 0 141.2 -2395 -0.972467 4384736 0.160796 151 0.257764 0.0000 0.001132 0.001431 0.005305 -0.039259 0.044469 -0.179383 39.5965724309 -218.8278944406 151.25776
J166 96APR08 1996.2683 50181 848 1 141.2 -2395 -0.976985 4384736 0.160955 151 0.257273 0.0000 0.001162 0.001474 0.005414 -0.006033 -0.015230 -0.148465 39.5965724324 -218.8278944932 151.25727
J166 96APR09 1996.2710 50182 848 2 141.2 -2395 -0.973520 4384736 0.158785 151 0.258891 0.0000 0.001145 0.001458 0.005383 -0.015839 0.058710 -0.136576 39.5965724128 -218.8278944528 151.25889
J166 96APR10 1996.2738 50183 848 3 141.2 -2395 -0.971612 4384736 0.162480 151 0.261134 0.0000 0.001142 0.001477 0.005351 -0.047984 0.048811 -0.134338 39.5965724461 -218.8278944306 151.26113
J166 96APR11 1996.2765 50184 848 4 141.2 -2395 -0.971577 4384736 0.161382 151 0.260137 0.0000 0.001091 0.001402 0.005102 -0.044548 0.023109 -0.142473 39.5965724362 -218.8278944302 151.26014
J166 96APR12 1996.2793 50185 848 5 141.2 -2395 -0.972073 4384736 0.161958 151 0.254489 0.0000 0.001188 0.001531 0.005490 -0.081422 0.058218 -0.129977 39.5965724414 -218.8278944360 151.25449
J166 96APR13 1996.2820 50186 848 6 141.2 -2395 -0.973042 4384736 0.162235 151 0.255388 0.0000 0.001157 0.001453 0.005286 -0.055965 0.021444 -0.090538 39.5965724439 -218.8278944473 151.25539
J166 96APR14 1996.2847 50187 849 0 141.2 -2395 -0.969026 4384736 0.160408 151 0.247073 0.0000 0.001171 0.001442 0.005330 -0.077077 0.040699 -0.115106 39.5965724274 -218.8278944005 151.24707
J166 96APR15 1996.2875 50188 849 1 141.2 -2395 -0.973874 4384736 0.163024 151 0.247792 0.0000 0.001184 0.001499 0.005401 -0.079281 0.003220 -0.090370 39.5965724510 -218.8278944570 151.24779
J166 96APR16 1996.2902 50189 849 2 141.2 -2395 -0.973767 4384736 0.164484 151 0.261542 0.0000 0.001123 0.001422 0.005167 -0.056574 0.015047 -0.146044 39.5965724641 -218.8278944557 151.26154
J166 96APR17 1996.2930 50190 849 3 141.2 -2395 -0.977483 4384736 0.160030 151 0.255670 0.0000 0.001139 0.001466 0.005409 -0.054813 0.044560 -0.106029 39.5965724240 -218.8278944990 151.25567
J166 96APR18 1996.2957 50191 849 4 141.2 -2395 -0.972925 4384736 0.160656 151 0.253533 0.0000 0.001211 0.001549 0.005484 -0.104259 0.021105 -0.121163 39.5965724297 -218.8278944459 151.25353
J166 96APR19 1996.2984 50192 849 5 141.2 -2395 -0.972749 4384736 0.161115 151 0.257984 0.0000 0.001184 0.001472 0.005521 -0.076913 0.006287 -0.143034 39.5965724338 -218.8278944438 151.25798
J166 96APR20 1996.3012 50193 849 6 141.2 -2395 -0.973123 4384736 0.160834 151 0.246500 0.0000 0.001159 0.001446 0.005200 -0.096202 0.029568 -0.127482 39.5965724313 -218.8278944482 151.24650
J166 96APR22 1996.3066 50195 850 1 141.2 -2395 -0.973149 4384736 0.160915 151 0.256496 0.0000 0.001228 0.001521 0.005597 -0.117777 0.048388 -0.128895 39.5965724320 -218.8278944485 151.25650
J166 96APR23 1996.3094 50196 850 2 141.2 -2395 -0.971863 4384736 0.158575 151 0.255374 0.0000 0.001131 0.001435 0.005179 -0.059307 0.002936 -0.154822 39.5965724109 -218.8278944335 151.25537
J166 96APR24 1996.3121 50197 850 3 141.2 -2395 -0.972984 4384736 0.160980 151 0.252432 0.0000 0.001139 0.001460 0.005382 -0.058333 0.085678 -0.131886 39.5965724326 -218.8278944466 151.25243
J166 96APR25 1996.3149 50198 850 4 141.2 -2395 -0.972064 4384736 0.160103 151 0.253495 0.0000 0.001174 0.001476 0.005479 -0.056475 0.080306 -0.109949 39.5965724247 -218.8278944359 151.25349
J166 96APR26 1996.3176 50199 850 5 141.2 -2395 -0.976612 4384736 0.166538 151 0.252707 0.0000 0.001210 0.001538 0.005663 -0.042650 0.039732 -0.113265 39.5965724826 -218.8278944888 151.25271
J166 96APR27 1996.3203 50200 850 6 141.2 -2395 -0.965023 4384736 0.162384 151 0.260083 0.0000 0.001138 0.001458 0.005362 -0.063689 0.045740 -0.157941 39.5965724452 -218.8278943539 151.26008
J166 96APR28 1996.3231 50201 851 0 141.2 -2395 -0.972216 4384736 0.160726 151 0.255051 0.0000 0.001122 0.001455 0.005246 -0.052823 0.028745 -0.101507 39.5965724303 -218.8278944376 151.25505
J166 96APR29 1996.3258 50202 851 1 141.2 -2395 -0.974045 4384736 0.157589 151 0.255008 0.0000 0.001154 0.001518 0.005583 -0.046840 0.065632 -0.144257 39.5965724020 -218.8278944589 151.25501
J166 96APR30 1996.3285 50203 851 2 141.2 -2395 -0.974970 4384736 0.161726 151 0.252958 0.0000 0.001139 0.001470 0.005369 -0.042304 0.034561 -0.139172 39.5965724393 -218.8278944697 151.25296
J166 96MAY01 1996.3313 50204 851 3 141.2 -2395 -0.973142 4384736 0.162621 151 0.253874 0.0000 0.001167 0.001473 0.005356 -0.100434 0.033926 -0.087433 39.5965724474 -218.8278944484 151.25387
J166 96MAY02 1996.3340 50205 851 4 141.2 -2395 -0.974693 4384736 0.160731 151 0.257828 0.0000 0.001198 0.001502 0.005537 -0.062812 -0.012850 -0.155818 39.5965724303 -218.8278944665 151.25783
J166 96MAY03 1996.3368 50206 851 5 141.2 -2395 -0.977142 4384736 0.163980 151 0.263414 0.0000 0.001163 0.001458 0.005402 -0.033837 0.017940 -0.116150 39.5965724596 -218.8278944950 151.26341
J166 96MAY04 1996.3395 50207 851 6 141.2 -2395 -0.972499 4384736 0.161458 151 0.254580 0.0000 0.001129 0.001423 0.005232 -0.045534 0.055066 -0.139249 39.5965724369 -218.8278944409 151.25458
J166 96MAY05 1996.3422 50208 852 0 141.2 -2395 -0.972823 4384736 0.161599 151 0.263445 0.0000 0.001131 0.001435 0.005298 -0.042684 0.013088 -0.170106 39.5965724382 -218.8278944447 151.26344
J166 96MAY06 1996.3450 50209 852 1 141.2 -2395 -0.970703 4384736 0.161403 151 0.265905 0.0000 0.001263 0.001633 0.005970 -0.102228 0.040641 -0.154484 39.5965724364 -218.8278944200 151.26591
J166 96MAY07 1996.3477 50210 852 2 141.2 -2395 -0.974759 4384736 0.161817 151 0.262889 0.0000 0.001161 0.001453 0.005434 -0.074658 0.078304 -0.153981 39.5965724401 -218.8278944673 151.26289
J166 96MAY08 1996.3504 50211 852 3 141.2 -2395 -0.973701 4384736 0.158791 151 0.262125 0.0000 0.001163 0.001478 0.005447 -0.073008 0.056779 -0.164224 39.5965724129 -218.8278944549 151.26213
J166 96MAY09 1996.3532 50212 852 4 141.2 -2395 -0.975449 4384736 0.158721 151 0.263100 0.0000 0.001195 0.001550 0.005620 -0.055731 0.033439 -0.074191 39.5965724122 -218.8278944753 151.26310
J166 96MAY10 1996.3559 50213 852 5 141.2 -2395 -0.975849 4384736 0.161328 151 0.239668 0.0000 0.001210 0.001579 0.005761 -0.008900 0.077711 -0.152960 39.5965724357 -218.8278944799 151.23967
J166 96MAY11 1996.3587 50214 852 6 141.2 -2395 -0.974724 4384736 0.164158 151 0.257538 0.0000 0.001196 0.001542 0.005667 -0.012005 0.097878 -0.145949 39.5965724612 -218.8278944669 151.25754
J166 96MAY12 1996.3614 50215 853 0 141.2 -2395 -0.970893 4384736 0.163392 151 0.256294 0.0000 0.001248 0.001608 0.005995 -0.018448 0.051163 -0.198606 39.5965724543 -218.8278944222 151.25629
J166 96MAY13 1996.3641 50216 853 1 141.2 -2395 -0.971986 4384736 0.163187 151 0.246725 0.0000 0.001209 0.001585 0.005773 -0.019937 0.022781 -0.153265 39.5965724525 -218.8278944350 151.24672
J166 96MAY14 1996.3669 50217 853 2 141.2 -2395 -0.975671 4384736 0.162653 151 0.249922 0.0000 0.001169 0.001479 0.005550 -0.013852 0.000287 -0.183523 39.5965724476 -218.8278944779 151.24992
J166 96MAY15 1996.3696 50218 853 3 141.2 -2395 -0.974226 4384736 0.163053 151 0.229325 0.0000 0.001215 0.001541 0.005855 -0.051497 0.062132 -0.157776 39.5965724513 -218.8278944610 151.22933
J166 96MAY16 1996.3723 50219 853 4 141.2 -2395 -0.976792 4384736 0.158295 151 0.258127 0.0000 0.001296 0.001565 0.006025 -0.059298 0.033534 -0.201231 39.5965724084 -218.8278944909 151.25813
J166 96MAY17 1996.3751 50220 853 5 141.2 -2395 -0.973669 4384736 0.159629 151 0.251587 0.0000 0.001342 0.001744 0.006347 -0.045705 0.134641 -0.139804 39.5965724204 -218.8278944546 151.25159
J166 96MAY18 1996.3778 50221 853 6 141.2 -2395 -0.968668 4384736 0.161073 151 0.264607 0.0000 0.001267 0.001611 0.005906 -0.040111 0.089079 -0.134880 39.5965724334 -218.8278943963 151.26461
J166 96MAY19 1996.3806 50222 854 0 141.2 -2395 -0.964778 4384736 0.164821 151 0.256042 0.0000 0.001249 0.001600 0.005874 -0.046388 0.062658 -0.149003 39.5965724672 -218.8278943511 151.25604
J166 96MAY20 1996.3833 50223 854 1 141.2 -2395 -0.971730 4384736 0.158756 151 0.260534 0.0000 0.001214 0.001461 0.005628 -0.075979 0.127716 -0.205737 39.5965724125 -218.8278944320 151.26053
J166 96MAY21 1996.3860 50224 854 2 141.2 -2395 -0.968969 4384736 0.160023 151 0.253357 0.0000 0.001182 0.001595 0.005688 -0.031790 0.071065 -0.185384 39.5965724240 -218.8278943998 151.25336
J166 96MAY22 1996.3888 50225 854 3 141.2 -2395 -0.971089 4384736 0.161635 151 0.267147 0.0000 0.001225 0.001579 0.005837 -0.064078 -0.039962 -0.182734 39.5965724385 -218.8278944245 151.26715
J166 96MAY23 1996.3915 50226 854 4 141.2 -2395 -0.971365 4384736 0.162098 151 0.263144 0.0000 0.001319 0.001755 0.006018 -0.027499 0.024266 -0.135718 39.5965724427 -218.8278944277 151.26314
J166 96MAY24 1996.3943 50227 854 5 141.2 -2395 -0.972238 4384736 0.161108 151 0.252430 0.0000 0.001230 0.001589 0.005944 -0.092659 0.034634 -0.129036 39.5965724337 -218.8278944379 151.25243
J166 96MAY25 1996.3970 50228 854 6 141.2 -2395 -0.974325 4384736 0.160750 151 0.248046 0.0000 0.001189 0.001524 0.005730 -0.056259 0.046894 -0.170075 39.5965724305 -218.8278944622 151.24805
J166 96MAY26 1996.3997 50229 855 0 141.2 -2395 -0.971091 4384736 0.157244 151 0.262968 0.0000 0.001186 0.001494 0.005601 0.022353 0.039810 -0.162507 39.5965723989 -218.8278944245 151.26297
J166 96MAY27 1996.4025 50230 855 1 141.2 -2395 -0.977196 4384736 0.157682 151 0.263588 0.0000 0.001181 0.001550 0.005722 -0.068278 0.060694 -0.173999 39.5965724029 -218.8278944956 151.26359
J166 96MAY28 1996.4052 50231 855 2 141.2 -2395 -0.971408 4384736 0.158284 151 0.246944 0.0000 0.001261 0.001588 0.005895 -0.025640 0.012766 -0.100684 39.5965724083 -218.8278944282 151.24694
J166 96MAY29 1996.4079 50232 855 3 141.2 -2395 -0.978042 4384736 0.157428 151 0.258536 0.0000 0.001261 0.001577 0.005857 -0.074116 0.076161 -0.224038 39.5965724006 -218.8278945055 151.25854
J166 96MAY30 1996.4107 50233 855 4 141.2 -2395 -0.973670 4384736 0.155132 151 0.261967 0.0000 0.001212 0.001549 0.005754 -0.013385 0.057475 -0.166115 39.5965723799 -218.8278944545 151.26197
J166 96MAY31 1996.4134 50234 855 5 141.2 -2395 -0.976236 4384736 0.157795 151 0.257398 0.0000 0.001228 0.001549 0.005709 -0.012362 0.051444 -0.165048 39.5965724039 -218.8278944844 151.25740
J166 96JUN01 1996.4162 50235 855 6 141.2 -2395 -0.975789 4384736 0.157565 151 0.263052 0.0000 0.001305 0.001721 0.006270 0.011679 0.033788 -0.103257 39.5965724018 -218.8278944792 151.26305
J166 96JUN02 1996.4189 50236 856 0 141.2 -2395 -0.969665 4384736 0.159807 151 0.261664 0.0000 0.001323 0.001650 0.005950 -0.020940 0.060151 -0.162312 39.5965724220 -218.8278944079 151.26166
J166 96JUN03 1996.4216 50237 856 1 141.2 -2395 -0.980323 4384736 0.156627 151 0.264532 0.0000 0.001324 0.001697 0.006102 -0.077300 0.020532 -0.183341 39.5965723934 -218.8278945320 151.26453
J166 96JUN04 1996.4244 50238 856 2 141.2 -2395 -0.975421 4384736 0.158728 151 0.262018 0.0000 0.001239 0.001541 0.005823 -0.028540 0.098920 -0.106399 39.5965724123 -218.8278944749 151.26202
J166 96JUN05 1996.4271 50239 856 3 141.2 -2395 -0.973963 4384736 0.158157 151 0.256781 0.0000 0.001368 0.001710 0.006347 -0.046729 0.018819 -0.193541 39.5965724072 -218.8278944580 151.25678
J166 96JUN06 1996.4298 50240 856 4 141.2 -2395 -0.975157 4384736 0.158235 151 0.252779 0.0000 0.001187 0.001519 0.005582 -0.003025 -0.022551 -0.107648 39.5965724079 -218.8278944719 151.25278
J166 96JUN07 1996.4326 50241 856 5 141.2 -2395 -0.974612 4384736 0.161823 151 0.254268 0.0000 0.001237 0.001580 0.005701 0.018035 0.031219 -0.196299 39.5965724402 -218.8278944655 151.25427
J166 96JUN08 1996.4353 50242 856 6 141.2 -2395 -0.973782 4384736 0.159927 151 0.262129 0.0000 0.001371 0.001739 0.006325 -0.031472 0.064679 -0.170388 39.5965724231 -218.8278944559 151.26213
J166 96JUN09 1996.4381 50243 857 0 141.2 -2395 -0.970802 4384736 0.161429 151 0.247534 0.0000 0.001249 0.001647 0.005876 -0.053541 0.003573 -0.190558 39.5965724366 -218.8278944212 151.24753
J166 96JUN10 1996.4408 50244 857 1 141.2 -2395 -0.975635 4384736 0.158816 151 0.262871 0.0000 0.001229 0.001544 0.005661 0.028406 -0.033519 -0.097342 39.5965724131 -218.8278944774 151.26287
J166 96JUN11 1996.4435 50245 857 2 141.2 -2395 -0.974031 4384736 0.157122 151 0.269471 0.0000 0.001224 0.001522 0.005701 0.033175 0.012164 -0.116558 39.5965723978 -218.8278944588 151.26947
J166 96JUN12 1996.4463 50246 857 3 141.2 -2395 -0.974092 4384736 0.159088 151 0.258570 0.0000 0.001291 0.001614 0.006076 -0.023608 -0.053220 -0.169247 39.5965724155 -218.8278944595 151.25857
J166 96JUN13 1996.4490 50247 857 4 141.2 -2395 -0.971007 4384736 0.155678 151 0.267030 0.0000 0.001274 0.001624 0.005897 -0.000976 0.068237 -0.165742 39.5965723848 -218.8278944236 151.26703
J166 96JUN14 1996.4517 50248 857 5 141.2 -2395 -0.974863 4384736 0.159429 151 0.271993 0.0000 0.001306 0.001625 0.005983 0.014566 -0.016470 -0.169354 39.5965724186 -218.8278944685 151.27199
J166 96JUN15 1996.4545 50249 857 6 141.2 -2395 -0.974280 4384736 0.164276 151 0.268714 0.0000 0.001287 0.001637 0.006098 -0.007497 0.021509 -0.142031 39.5965724623 -218.8278944617 151.26871
J166 96JUN16 1996.4572 50250 858 0 141.2 -2395 -0.974051 4384736 0.161924 151 0.261917 0.0000 0.001355 0.001673 0.006396 0.064857 0.070204 -0.095677 39.5965724411 -218.8278944590 151.26192
J166 96JUN17 1996.4600 50251 858 1 141.2 -2395 -0.972860 4384736 0.161176 151 0.257295 0.0000 0.001276 0.001752 0.006137 0.034146 -0.061760 -0.145192 39.5965724344 -218.8278944451 151.25729
J166 96JUN18 1996.4627 50252 858 2 141.2 -2395 -0.969785 4384736 0.161113 151 0.264031 0.0000 0.001336 0.001748 0.006255 0.021746 -0.026007 -0.085231 39.5965724338 -218.8278944093 151.26403
J166 96JUN19 1996.4654 50253 858 3 141.2 -2395 -0.971675 4384736 0.161847 151 0.265569 0.0000 0.001280 0.001632 0.006086 0.009836 0.078344 -0.150074 39.5965724404 -218.8278944313 151.26557
J166 96JUN20 1996.4682 50254 858 4 141.2 -2395 -0.973470 4384736 0.163459 151 0.259665 0.0000 0.001285 0.001640 0.005880 -0.018665 0.082200 -0.117765 39.5965724549 -218.8278944522 151.25967
J166 96JUN21 1996.4709 50255 858 5 141.2 -2395 -0.971888 4384736 0.163537 151 0.264254 0.0000 0.001221 0.001589 0.005646 -0.058178 0.035675 -0.152640 39.5965724556 -218.8278944338 151.26425
J166 96JUN22 1996.4736 50256 858 6 141.2 -2395 -0.970434 4384736 0.161466 151 0.259069 0.0000 0.001263 0.001650 0.006066 -0.016494 0.079322 -0.215083 39.5965724370 -218.8278944169 151.25907
J166 96JUN23 1996.4764 50257 859 0 141.2 -2395 -0.970727 4384736 0.160627 151 0.263733 0.0000 0.001202 0.001536 0.005627 -0.021860 0.023428 -0.227730 39.5965724294 -218.8278944203 151.26373
J166 96JUN24 1996.4791 50258 859 1 141.2 -2395 -0.972987 4384736 0.160937 151 0.264197 0.0000 0.001223 0.001544 0.005723 -0.020221 -0.004069 -0.142006 39.5965724322 -218.8278944466 151.26420
J166 96JUN25 1996.4819 50259 859 2 141.2 -2395 -0.976007 4384736 0.161743 151 0.273348 0.0000 0.001155 0.001504 0.005388 -0.033185 0.041518 -0.119545 39.5965724395 -218.8278944818 151.27335
J166 96JUN26 1996.4846 50260 859 3 141.2 -2395 -0.970809 4384736 0.161012 151 0.257004 0.0000 0.001231 0.001562 0.005648 0.003360 0.015661 -0.173803 39.5965724329 -218.8278944213 151.25700
J166 96JUN27 1996.4873 50261 859 4 141.2 -2395 -0.975796 4384736 0.160403 151 0.265720 0.0000 0.001216 0.001559 0.005660 -0.006993 0.039209 -0.191687 39.5965724274 -218.8278944793 151.26572
J166 96JUN28 1996.4901 50262 859 5 141.2 -2395 -0.969652 4384736 0.161652 151 0.282869 0.0000 0.001240 0.001646 0.005779 0.028095 -0.056687 -0.078666 39.5965724386 -218.8278944078 151.28287
J166 96JUN29 1996.4928 50263 859 6 141.2 -2395 -0.972806 4384736 0.159640 151 0.266601 0.0000 0.001226 0.001563 0.005753 -0.024835 0.009505 -0.182800 39.5965724205 -218.8278944445 151.26660
J166 96JUN30 1996.4956 50264 860 0 141.2 -2395 -0.968158 4384736 0.159343 151 0.258835 0.0000 0.001302 0.001584 0.006017 0.010027 -0.031014 -0.185382 39.5965724178 -218.8278943904 151.25883
J166 96JUL01 1996.4983 50265 860 1 141.2 -2395 -0.969871 4384736 0.161923 151 0.258737 0.0000 0.001251 0.001595 0.005863 -0.013065 0.025631 -0.112862 39.5965724411 -218.8278944103 151.25874
J166 96JUL02 1996.5010 50266 860 2 141.2 -2395 -0.975418 4384736 0.163497 151 0.260151 0.0000 0.001243 0.001595 0.005937 -0.033528 0.019594 -0.172242 39.5965724553 -218.8278944749 151.26015
J166 96JUL03 1996.5038 50267 860 3 141.2 -2395 -0.971901 4384736 0.164692 151 0.256912 0.0000 0.001289 0.001642 0.005901 -0.035610 0.065473 -0.162769 39.5965724660 -218.8278944340 151.25691
J166 96JUL04 1996.5065 50268 860 4 141.2 -2395 -0.968263 4384736 0.162496 151 0.263799 0.0000 0.001201 0.001556 0.005518 0.038234 -0.040717 -0.146687 39.5965724462 -218.8278943916 151.26380
J166 96JUL05 1996.5092 50269 860 5 141.2 -2395 -0.975329 4384736 0.163290 151 0.277823 0.0000 0.001214 0.001580 0.005603 0.009369 -0.052556 -0.167535 39.5965724534 -218.8278944739 151.27782
J166 96JUL06 1996.5120 50270 860 6 141.2 -2395 -0.970983 4384736 0.161006 151 0.274823 0.0000 0.001153 0.001510 0.005485 -0.015756 -0.000593 -0.204737 39.5965724328 -218.8278944233 151.27482
J166 96JUL07 1996.5147 50271 861 0 141.2 -2395 -0.972810 4384736 0.159009 151 0.264742 0.0000 0.001173 0.001541 0.005511 -0.018104 -0.001815 -0.155800 39.5965724148 -218.8278944446 151.26474
J166 96JUL08 1996.5175 50272 861 1 141.2 -2395 -0.968153 4384736 0.161145 151 0.268251 0.0000 0.001231 0.001555 0.005630 0.002607 -0.013908 -0.119133 39.5965724341 -218.8278943903 151.26825
J166 96JUL09 1996.5202 50273 861 2 141.2 -2395 -0.968771 4384736 0.160656 151 0.263794 0.0000 0.001260 0.001570 0.005767 0.010727 -0.017659 -0.090882 39.5965724297 -218.8278943975 151.26379
J166 96JUL10 1996.5229 50274 861 3 141.2 -2395 -0.968705 4384736 0.166614 151 0.261868 0.0000 0.001265 0.001609 0.005861 -0.036642 0.019150 -0.107516 39.5965724833 -218.8278943968 151.26187
J166 96JUL11 1996.5257 50275 861 4 141.2 -2395 -0.976434 4384736 0.165716 151 0.250592 0.0000 0.001186 0.001592 0.005710 0.000239 0.004983 -0.165570 39.5965724752 -218.8278944868 151.25059
J166 96JUL12 1996.5284 50276 861 5 141.2 -2395 -0.973019 4384736 0.162014 151 0.258856 0.0000 0.001197 0.001548 0.005801 -0.000368 0.053699 -0.199926 39.5965724419 -218.8278944470 151.25886
J166 96JUL13 1996.5311 50277 861 6 141.2 -2395 -0.968575 4384736 0.160360 151 0.264087 0.0000 0.001252 0.001614 0.005844 -0.025483 -0.000523 -0.130329 39.5965724270 -218.8278943953 151.26409
J166 96JUL14 1996.5339 50278 862 0 141.2 -2395 -0.971335 4384736 0.158759 151 0.270928 0.0000 0.001270 0.001598 0.006069 0.026820 -0.033518 -0.155127 39.5965724126 -218.8278944274 151.27093
J166 96JUL15 1996.5366 50279 862 1 141.2 -2395 -0.969578 4384736 0.164922 151 0.256060 0.0000 0.001260 0.001620 0.005821 -0.061190 -0.001275 -0.158400 39.5965724681 -218.8278944069 151.25606
J166 96JUL16 1996.5394 50280 862 2 141.2 -2395 -0.971830 4384736 0.165883 151 0.260662 0.0000 0.001264 0.001651 0.005963 -0.015440 -0.000649 -0.183716 39.5965724767 -218.8278944332 151.26066
J166 96JUL17 1996.5421 50281 862 3 141.2 -2395 -0.969175 4384736 0.165724 151 0.248182 0.0000 0.001264 0.001569 0.005879 -0.036938 0.060265 -0.146101 39.5965724753 -218.8278944023 151.24818
J166 96JUL18 1996.5448 50282 862 4 141.2 -2395 -0.974344 4384736 0.160839 151 0.275537 0.0000 0.001241 0.001604 0.005813 -0.010046 0.000323 -0.162325 39.5965724313 -218.8278944624 151.27554
J166 96JUL19 1996.5476 50283 862 5 141.2 -2395 -0.973384 4384736 0.164815 151 0.261406 0.0000 0.001202 0.001590 0.005670 0.016863 -0.008588 -0.158673 39.5965724671 -218.8278944513 151.26141
J166 96JUL20 1996.5503 50284 862 6 141.2 -2395 -0.974858 4384736 0.163919 151 0.266037 0.0000 0.001158 0.001490 0.005453 -0.011452 0.026491 -0.141637 39.5965724590 -218.8278944684 151.26604
J166 96JUL21 1996.5530 50285 863 0 141.2 -2395 -0.970917 4384736 0.162762 151 0.269553 0.0000 0.001162 0.001505 0.005487 0.016910 0.036864 -0.187755 39.5965724486 -218.8278944225 151.26955
J166 96JUL22 1996.5558 50286 863 1 141.2 -2395 -0.969539 4384736 0.167517 151 0.268664 0.0000 0.001195 0.001512 0.005569 0.006713 -0.017877 -0.179928 39.5965724915 -218.8278944065 151.26866
J166 96JUL23 1996.5585 50287 863 2 141.2 -2395 -0.967177 4384736 0.167140 151 0.273459 0.0000 0.001221 0.001580 0.005833 -0.027758 0.073330 -0.160102 39.5965724881 -218.8278943790 151.27346
J166 96JUL24 1996.5613 50288 863 3 141.2 -2395 -0.971399 4384736 0.164772 151 0.262596 0.0000 0.001261 0.001586 0.005894 -0.000171 0.019653 -0.176517 39.5965724667 -218.8278944281 151.26260
J166 96JUL25 1996.5640 50289 863 4 141.2 -2395 -0.965024 4384736 0.162477 151 0.264304 0.0000 0.001187 0.001571 0.005662 -0.024147 0.016595 -0.167398 39.5965724461 -218.8278943539 151.26430
J166 96JUL26 1996.5667 50290 863 5 141.2 -2395 -0.969380 4384736 0.161312 151 0.274346 0.0000 0.001198 0.001552 0.005536 -0.042819 -0.000005 -0.104703 39.5965724356 -218.8278944046 151.27435
J166 96JUL27 1996.5695 50291 863 6 141.2 -2395 -0.971380 4384736 0.167221 151 0.259136 0.0000 0.001249 0.001626 0.006038 -0.020671 -0.019615 -0.197853 39.5965724888 -218.8278944279 151.25914
J166 96JUL28 1996.5722 50292 864 0 141.2 -2395 -0.967959 4384736 0.164914 151 0.267157 0.0000 0.001183 0.001541 0.005767 -0.000217 0.047541 -0.219610 39.5965724680 -218.8278943881 151.26716
J166 96JUL29 1996.5749 50293 864 1 141.2 -2395 -0.967431 4384736 0.160435 151 0.275633 0.0000 0.001248 0.001555 0.005792 -0.015397 0.026391 -0.171175 39.5965724277 -218.8278943819 151.27563
J166 96JUL30 1996.5777 50294 864 2 141.2 -2395 -0.967684 4384736 0.159800 151 0.276180 0.0000 0.001153 0.001539 0.005500 0.022815 0.011067 -0.145729 39.5965724220 -218.8278943849 151.27618
J166 96JUL31 1996.5804 50295 864 3 141.2 -2395 -0.964409 4384736 0.163108 151 0.274712 0.0000 0.001172 0.001580 0.005692 0.002975 0.031806 -0.168970 39.5965724518 -218.8278943468 151.27471
J166 96AUG01 1996.5832 50296 864 4 141.2 -2395 -0.972461 4384736 0.165570 151 0.258252 0.0000 0.001160 0.001524 0.005477 0.027098 0.002595 -0.123373 39.5965724739 -218.8278944405 151.25825
J166 96AUG02 1996.5859 50297 864 5 141.2 -2395 -0.966979 4384736 0.163651 151 0.264354 0.0000 0.001212 0.001637 0.005683 -0.001872 -0.011236 -0.135795 39.5965724566 -218.8278943767 151.26435
J166 96AUG03 1996.5886 50298 864 6 141.2 -2395 -0.967208 4384736 0.162801 151 0.265341 0.0000 0.001146 0.001474 0.005414 -0.003015 0.028785 -0.183611 39.5965724490 -218.8278943793 151.26534
J166 96AUG04 1996.5914 50299 865 0 141.2 -2395 -0.968815 4384736 0.164233 151 0.250289 0.0000 0.001379 0.001730 0.006082 -0.006323 0.107222 -0.119002 39.5965724619 -218.8278943981 151.25029
J166 96AUG05 1996.5941 50300 865 1 141.2 -2395 -0.967599 4384736 0.164250 151 0.252836 0.0000 0.001259 0.001624 0.005745 0.086319 0.000331 -0.179039 39.5965724620 -218.8278943839 151.25284
J166 96AUG06 1996.5969 50301 865 2 141.2 -2395 -0.968650 4384736 0.166212 151 0.256990 0.0000 0.001284 0.001694 0.006201 0.061821 -0.002928 -0.188295 39.5965724797 -218.8278943961 151.25699
J166 96AUG07 1996.5996 50302 865 3 141.2 -2395 -0.967370 4384736 0.167708 151 0.262061 0.0000 0.001261 0.001579 0.005860 -0.057414 0.005174 -0.129646 39.5965724932 -218.8278943812 151.26206
J166 96AUG08 1996.6023 50303 865 4 141.2 -2395 -0.963230 4384736 0.169593 151 0.260450 0.0000 0.001249 0.001614 0.005886 -0.013603 0.047825 -0.126333 39.5965725102 -218.8278943331 151.26045
J166 96AUG09 1996.6051 50304 865 5 141.2 -2395 -0.966737 4384736 0.161887 151 0.264915 0.0000 0.001253 0.001653 0.005901 -0.037667 0.024515 -0.135518 39.5965724407 -218.8278943739 151.26492
J166 96AUG10 1996.6078 50305 865 6 141.2 -2395 -0.969019 4384736 0.161873 151 0.253113 0.0000 0.001271 0.001698 0.005864 0.073112 0.009710 -0.139207 39.5965724406 -218.8278944004 151.25311
J166 96AUG11 1996.6105 50306 866 0 141.2 -2395 -0.973054 4384736 0.162886 151 0.267245 0.0000 0.001245 0.001611 0.006029 -0.056951 0.135353 -0.178869 39.5965724498 -218.8278944474 151.26724
J166 96AUG12 1996.6133 50307 866 1 141.2 -2395 -0.966282 4384736 0.164495 151 0.263952 0.0000 0.001101 0.001469 0.005253 0.001192 0.018731 -0.166473 39.5965724642 -218.8278943686 151.26395
J166 96AUG13 1996.6160 50308 866 2 141.2 -2395 -0.970153 4384736 0.167836 151 0.261226 0.0000 0.001119 0.001470 0.005263 0.029635 -0.013525 -0.139094 39.5965724943 -218.8278944137 151.26123
J166 96AUG14 1996.6188 50309 866 3 141.2 -2395 -0.968637 4384736 0.162968 151 0.266655 0.0000 0.001173 0.001513 0.005542 0.015203 0.005199 -0.184418 39.5965724505 -218.8278943960 151.26665
J166 96AUG15 1996.6215 50310 866 4 141.2 -2395 -0.959394 4384736 0.164458 151 0.290963 0.0000 0.001199 0.001552 0.005703 0.043834 0.029907 -0.120065 39.5965724639 -218.8278942884 151.29096
J166 96AUG16 1996.6242 50311 866 5 141.2 -2395 -0.968731 4384736 0.162243 151 0.267202 0.0000 0.001110 0.001454 0.005319 0.044196 -0.053342 -0.199900 39.5965724440 -218.8278943971 151.26720
J166 96AUG17 1996.6270 50312 866 6 141.2 -2395 -0.968344 4384736 0.166209 151 0.257574 0.0000 0.001126 0.001515 0.005443 0.032650 -0.006655 -0.178212 39.5965724797 -218.8278943926 151.25757
J166 96AUG18 1996.6297 50313 867 0 141.2 -2395 -0.966820 4384736 0.167159 151 0.258580 0.0000 0.001120 0.001522 0.005451 0.042198 0.006202 -0.189747 39.5965724882 -218.8278943748 151.25858
J166 96AUG19 1996.6324 50314 867 1 141.2 -2395 -0.970098 4384736 0.167313 151 0.259292 0.0000 0.001180 0.001574 0.005648 0.012143 -0.021054 -0.175083 39.5965724896 -218.8278944130 151.25929
J166 96AUG20 1996.6352 50315 867 2 141.2 -2395 -0.970457 4384736 0.165160 151 0.258097 0.0000 0.001181 0.001534 0.005622 0.029963 0.011388 -0.158888 39.5965724702 -218.8278944172 151.25810
J166 96AUG21 1996.6379 50316 867 3 141.2 -2395 -0.971812 4384736 0.162131 151 0.270400 0.0000 0.001267 0.001666 0.005966 -0.024143 -0.002845 -0.130977 39.5965724430 -218.8278944329 151.27040
J166 96AUG22 1996.6407 50317 867 4 141.2 -2395 -0.965046 4384736 0.161510 151 0.262538 0.0000 0.001109 0.001508 0.005484 0.046311 -0.005240 -0.194337 39.5965724374 -218.8278943542 151.26254
J166 96AUG23 1996.6434 50318 867 5 141.2 -2395 -0.969546 4384736 0.161378 151 0.276892 0.0000 0.001109 0.001489 0.005451 0.050317 -0.029522 -0.209607 39.5965724362 -218.8278944066 151.27689
J166 96AUG24 1996.6461 50319 867 6 141.2 -2395 -0.967022 4384736 0.157576 151 0.261985 0.0000 0.001140 0.001546 0.005537 0.060229 -0.081961 -0.243277 39.5965724019 -218.8278943772 151.26199
J166 96AUG25 1996.6489 50320 868 0 141.2 -2395 -0.970309 4384736 0.162138 151 0.257044 0.0000 0.001162 0.001499 0.005491 0.004593 0.029231 -0.142644 39.5965724430 -218.8278944154 151.25704
J166 96AUG26 1996.6516 50321 868 1 141.2 -2395 -0.970405 4384736 0.161301 151 0.255495 0.0000 0.001128 0.001489 0.005564 0.030277 -0.016709 -0.216314 39.5965724355 -218.8278944166 151.25550
J166 96AUG27 1996.6543 50322 868 2 141.2 -2395 -0.971600 4384736 0.161049 151 0.275404 0.0000 0.001111 0.001465 0.005356 0.018987 -0.000278 -0.203213 39.5965724332 -218.8278944305 151.27540
J166 96AUG28 1996.6571 50323 868 3 141.2 -2395 -0.974046 4384736 0.164099 151 0.263560 0.0000 0.001099 0.001456 0.005248 0.026386 -0.005541 -0.146957 39.5965724607 -218.8278944590 151.26356
J166 96AUG29 1996.6598 50324 868 4 141.2 -2395 -0.968784 4384736 0.161772 151 0.263252 0.0000 0.001186 0.001503 0.005592 0.017993 -0.026669 -0.158575 39.5965724397 -218.8278943977 151.26325
J166 96AUG30 1996.6626 50325 868 5 141.2 -2395 -0.974258 4384736 0.160613 151 0.257054 0.0000 0.001235 0.001541 0.005574 -0.009999 -0.012499 -0.138672 39.5965724293 -218.8278944614 151.25705
J166 96AUG31 1996.6653 50326 868 6 141.2 -2395 -0.973584 4384736 0.160642 151 0.256173 0.0000 0.001099 0.001440 0.005200 0.034684 -0.023460 -0.161368 39.5965724295 -218.8278944536 151.25617
J166 96SEP01 1996.6680 50327 869 0 141.2 -2395 -0.972602 4384736 0.165900 151 0.263941 0.0000 0.001131 0.001489 0.005445 0.035632 -0.001876 -0.162417 39.5965724769 -218.8278944422 151.26394
J166 96SEP02 1996.6708 50328 869 1 141.2 -2395 -0.967386 4384736 0.166802 151 0.263142 0.0000 0.001138 0.001468 0.005381 0.042838 -0.019180 -0.197969 39.5965724850 -218.8278943814 151.26314
J166 96SEP03 1996.6735 50329 869 2 141.2 -2395 -0.971979 4384736 0.164759 151 0.253318 0.0000 0.001193 0.001576 0.005673 0.060841 -0.049015 -0.166622 39.5965724666 -218.8278944349 151.25332
J166 96SEP04 1996.6762 50330 869 3 141.2 -2395 -0.968978 4384736 0.162797 151 0.267224 0.0000 0.001164 0.001506 0.005589 0.043289 -0.050003 -0.229003 39.5965724490 -218.8278943999 151.26722
J166 96SEP05 1996.6790 50331 869 4 141.2 -2395 -0.970962 4384736 0.161481 151 0.252554 0.0000 0.001107 0.001432 0.005229 0.014452 -0.018521 -0.186984 39.5965724371 -218.8278944230 151.25255
J166 96SEP06 1996.6817 50332 869 5 141.2 -2395 -0.969033 4384736 0.163782 151 0.265926 0.0000 0.001169 0.001512 0.005444 0.003090 -0.019197 -0.117216 39.5965724578 -218.8278944006 151.26593
J166 96SEP07 1996.6845 50333 869 6 141.2 -2395 -0.973688 4384736 0.161609 151 0.263193 0.0000 0.001132 0.001478 0.005378 0.006285 0.006911 -0.185564 39.5965724382 -218.8278944548 151.26319
J166 96SEP08 1996.6872 50334 870 0 141.2 -2395 -0.968428 4384736 0.163799 151 0.263107 0.0000 0.001126 0.001458 0.005336 0.029747 -0.008936 -0.188715 39.5965724580 -218.8278943935 151.26311
J166 96SEP09 1996.6899 50335 870 1 141.2 -2395 -0.973442 4384736 0.161183 151 0.249331 0.0000 0.001195 0.001531 0.005535 0.033539 -0.005930 -0.207760 39.5965724344 -218.8278944519 151.24933
J166 96SEP10 1996.6927 50336 870 2 141.2 -2395 -0.967399 4384736 0.162123 151 0.253875 0.0000 0.001226 0.001605 0.005888 0.010131 0.016345 -0.176952 39.5965724429 -218.8278943816 151.25388
J166 96SEP11 1996.6954 50337 870 3 141.2 -2395 -0.968625 4384736 0.164284 151 0.242755 0.0000 0.001201 0.001504 0.005614 0.022043 -0.011729 -0.201776 39.5965724623 -218.8278943958 151.24276
J166 96SEP12 1996.6982 50338 870 4 141.2 -2395 -0.972398 4384736 0.164143 151 0.243257 0.0000 0.001145 0.001464 0.005358 -0.008927 -0.010773 -0.154729 39.5965724611 -218.8278944398 151.24326
J166 96SEP13 1996.7009 50339 870 5 141.2 -2395 -0.968680 4384736 0.167504 151 0.255275 0.0000 0.001161 0.001497 0.005510 0.016855 0.042967 -0.136272 39.5965724913 -218.8278943965 151.25528
J166 96SEP14 1996.7036 50340 870 6 141.2 -2395 -0.971249 4384736 0.163417 151 0.260410 0.0000 0.001143 0.001491 0.005374 0.044024 -0.004298 -0.145182 39.5965724545 -218.8278944264 151.26041
J166 96SEP15 1996.7064 50341 871 0 141.2 -2395 -0.974790 4384736 0.162150 151 0.256889 0.0000 0.001191 0.001539 0.005696 0.008108 -0.016349 -0.190823 39.5965724431 -218.8278944676 151.25689
J166 96SEP16 1996.7091 50342 871 1 141.2 -2395 -0.969336 4384736 0.165005 151 0.256211 0.0000 0.001131 0.001464 0.005411 0.047512 -0.014070 -0.192956 39.5965724688 -218.8278944041 151.25621
J166 96SEP17 1996.7118 50343 871 2 141.2 -2395 -0.967884 4384736 0.161477 151 0.261412 0.0000 0.001131 0.001482 0.005447 0.025028 -0.047317 -0.213375 39.5965724371 -218.8278943872 151.26141
J166 96SEP18 1996.7146 50344 871 3 141.2 -2395 -0.970190 4384736 0.166543 151 0.248510 0.0000 0.001137 0.001485 0.005392 0.032943 0.007372 -0.155915 39.5965724827 -218.8278944141 151.24851
J166 96SEP19 1996.7173 50345 871 4 141.2 -2395 -0.966704 4384736 0.162630 151 0.259053 0.0000 0.001124 0.001460 0.005280 -0.002417 0.015545 -0.166193 39.5965724474 -218.8278943735 151.25905
J166 96SEP20 1996.7201 50346 871 5 141.2 -2395 -0.966384 4384736 0.158251 151 0.258219 0.0000 0.001120 0.001467 0.005367 0.022295 -0.001164 -0.206038 39.5965724080 -218.8278943697 151.25822
J166 96SEP21 1996.7228 50347 871 6 141.2 -2395 -0.965181 4384736 0.162102 151 0.260515 0.0000 0.001139 0.001459 0.005281 0.041000 -0.034211 -0.165300 39.5965724427 -218.8278943557 151.26051
J166 96SEP22 1996.7255 50348 872 0 141.2 -2395 -0.970019 4384736 0.159619 151 0.269240 0.0000 0.001105 0.001449 0.005223 0.020042 -0.041910 -0.177797 39.5965724203 -218.8278944121 151.26924
J166 96SEP23 1996.7283 50349 872 1 141.2 -2395 -0.969516 4384736 0.163847 151 0.256344 0.0000 0.001199 0.001507 0.005712 0.005644 -0.071571 -0.211048 39.5965724584 -218.8278944062 151.25634
J166 96SEP24 1996.7310 50350 872 2 141.2 -2395 -0.965668 4384736 0.164969 151 0.239001 0.0000 0.001193 0.001496 0.005623 -0.004095 -0.080054 -0.244901 39.5965724685 -218.8278943614 151.23900
J166 96SEP25 1996.7337 50351 872 3 141.2 -2395 -0.965194 4384736 0.168629 151 0.245754 0.0000 0.001085 0.001407 0.005173 0.008314 -0.033140 -0.217891 39.5965725015 -218.8278943559 151.24575
J166 96SEP26 1996.7365 50352 872 4 141.2 -2395 -0.964911 4384736 0.162075 151 0.264891 0.0000 0.001109 0.001445 0.005400 -0.035776 -0.024348 -0.223729 39.5965724424 -218.8278943526 151.26489
J166 96SEP27 1996.7392 50353 872 5 141.2 -2395 -0.969567 4384736 0.163577 151 0.237760 0.0000 0.001156 0.001464 0.005599 -0.029529 0.008206 -0.249227 39.5965724560 -218.8278944068 151.23776
J166 96SEP28 1996.7420 50354 872 6 141.2 -2395 -0.965226 4384736 0.162368 151 0.241941 0.0000 0.001075 0.001392 0.005127 0.009694 -0.049046 -0.233586 39.5965724451 -218.8278943563 151.24194
J166 96SEP29 1996.7447 50355 873 0 141.2 -2395 -0.967282 4384736 0.160262 151 0.255206 0.0000 0.001106 0.001413 0.005264 0.016116 -0.039724 -0.232560 39.5965724261 -218.8278943802 151.25521
J166 96SEP30 1996.7474 50356 873 1 141.2 -2395 -0.965529 4384736 0.162396 151 0.248844 0.0000 0.001110 0.001436 0.005371 -0.008649 -0.000492 -0.242578 39.5965724453 -218.8278943598 151.24884
J166 96OCT01 1996.7502 50357 873 2 141.2 -2395 -0.963013 4384736 0.162761 151 0.260783 0.0000 0.001150 0.001475 0.005649 -0.005418 -0.032313 -0.290241 39.5965724486 -218.8278943305 151.26078
J166 96OCT02 1996.7529 50358 873 3 141.2 -2395 -0.966778 4384736 0.162674 151 0.258255 0.0000 0.001111 0.001399 0.005254 -0.022033 -0.061720 -0.213424 39.5965724478 -218.8278943743 151.25826
J166 96OCT03 1996.7556 50359 873 4 141.2 -2395 -0.965152 4384736 0.162659 151 0.257946 0.0000 0.001090 0.001359 0.005114 -0.015354 -0.020201 -0.192701 39.5965724477 -218.8278943554 151.25795
J166 96OCT04 1996.7584 50360 873 5 141.2 -2395 -0.970557 4384736 0.159757 151 0.259123 0.0000 0.001186 0.001415 0.005654 -0.033738 0.014575 -0.245441 39.5965724216 -218.8278944183 151.25912
J166 96OCT05 1996.7611 50361 873 6 141.2 -2395 -0.962833 4384736 0.166215 151 0.245551 0.0000 0.001130 0.001382 0.005237 -0.037827 -0.004715 -0.187312 39.5965724797 -218.8278943284 151.24555
J166 96OCT06 1996.7639 50362 874 0 141.2 -2395 -0.966597 4384736 0.162909 151 0.254318 0.0000 0.001123 0.001389 0.005257 -0.016506 0.012767 -0.231213 39.5965724500 -218.8278943722 151.25432
J166 96OCT07 1996.7666 50363 874 1 141.2 -2395 -0.966943 4384736 0.161979 151 0.250596 0.0000 0.001122 0.001399 0.005222 -0.020784 0.003432 -0.198182 39.5965724416 -218.8278943763 151.25060
J166 96OCT08 1996.7693 50364 874 2 141.2 -2395 -0.968138 4384736 0.165164 151 0.248419 0.0000 0.001132 0.001445 0.005286 -0.031738 0.021794 -0.221769 39.5965724703 -218.8278943902 151.24842
J166 96OCT09 1996.7721 50365 874 3 141.2 -2395 -0.967985 4384736 0.168028 151 0.242523 0.0000 0.001200 0.001493 0.005717 -0.028087 0.018380 -0.257998 39.5965724961 -218.8278943884 151.24252
J166 96OCT10 1996.7748 50366 874 4 141.2 -2395 -0.968349 4384736 0.163061 151 0.243708 0.0000 0.001124 0.001415 0.005258 -0.050965 0.039829 -0.183287 39.5965724513 -218.8278943926 151.24371
J166 96OCT11 1996.7775 50367 874 5 141.2 -2395 -0.967572 4384736 0.163714 151 0.243753 0.0000 0.001099 0.001372 0.005053 -0.029975 -0.014491 -0.192041 39.5965724572 -218.8278943836 151.24375
J166 96OCT12 1996.7803 50368 874 6 141.2 -2395 -0.966157 4384736 0.162807 151 0.252300 0.0000 0.001088 0.001376 0.005084 -0.028315 -0.031197 -0.184196 39.5965724490 -218.8278943671 151.25230
J166 96OCT13 1996.7830 50369 875 0 141.2 -2395 -0.967758 4384736 0.166552 151 0.244175 0.0000 0.001114 0.001388 0.005161 -0.015712 0.000275 -0.182060 39.5965724828 -218.8278943858 151.24418
J166 96OCT14 1996.7858 50370 875 1 141.2 -2395 -0.968131 4384736 0.161321 151 0.239873 0.0000 0.001224 0.001503 0.005799 -0.006665 0.022709 -0.198318 39.5965724357 -218.8278943901 151.23987
J166 96OCT15 1996.7885 50371 875 2 141.2 -2395 -0.964717 4384736 0.159316 151 0.264279 0.0000 0.001137 0.001402 0.005251 0.004712 -0.009044 -0.147776 39.5965724176 -218.8278943503 151.26428
J166 96OCT16 1996.7912 50372 875 3 141.2 -2395 -0.968162 4384736 0.160056 151 0.248148 0.0000 0.001145 0.001386 0.005231 -0.013970 -0.012175 -0.141795 39.5965724243 -218.8278943904 151.24815
J166 96OCT17 1996.7940 50373 875 4 141.2 -2395 -0.966223 4384736 0.160935 151 0.251716 0.0000 0.001084 0.001382 0.005092 -0.022451 -0.026784 -0.174164 39.5965724322 -218.8278943679 151.25172
J166 96OCT18 1996.7967 50374 875 5 141.2 -2395 -0.965678 4384736 0.163007 151 0.255473 0.0000 0.001074 0.001358 0.004976 -0.022441 0.018533 -0.178051 39.5965724508 -218.8278943615 151.25547
J166 96OCT19 1996.7995 50375 875 6 141.2 -2395 -0.964568 4384736 0.164436 151 0.254677 0.0000 0.001095 0.001388 0.005176 -0.030590 0.008858 -0.189802 39.5965724637 -218.8278943486 151.25468
J166 96OCT20 1996.8022 50376 876 0 141.2 -2395 -0.967000 4384736 0.164770 151 0.255065 0.0000 0.001092 0.001392 0.005125 -0.014698 -0.018025 -0.173937 39.5965724667 -218.8278943769 151.25507
J166 96OCT21 1996.8049 50377 876 1 141.2 -2395 -0.967397 4384736 0.163195 151 0.247569 0.0000 0.001078 0.001382 0.005083 -0.026033 -0.022546 -0.134446 39.5965724525 -218.8278943815 151.24757
J166 96OCT22 1996.8077 50378 876 2 141.2 -2395 -0.965967 4384736 0.164388 151 0.246082 0.0000 0.001080 0.001380 0.005046 -0.005850 -0.028193 -0.191594 39.5965724633 -218.8278943649 151.24608
J166 96OCT23 1996.8104 50379 876 3 141.2 -2395 -0.966406 4384736 0.164618 151 0.251044 0.0000 0.001072 0.001353 0.004985 -0.040930 -0.001121 -0.182146 39.5965724653 -218.8278943700 151.25104
J166 96OCT24 1996.8131 50380 876 4 141.2 -2395 -0.965326 4384736 0.163765 151 0.254373 0.0000 0.001084 0.001371 0.005086 -0.028743 0.020978 -0.210037 39.5965724577 -218.8278943574 151.25437
J166 96OCT25 1996.8159 50381 876 5 141.2 -2395 -0.965331 4384736 0.162589 151 0.273736 0.0000 0.001119 0.001395 0.005217 -0.015859 -0.007762 -0.156851 39.5965724471 -218.8278943575 151.27374
J166 96OCT26 1996.8186 50382 876 6 141.2 -2395 -0.963907 4384736 0.162246 151 0.262355 0.0000 0.001105 0.001404 0.005239 -0.047149 0.043727 -0.145529 39.5965724440 -218.8278943409 151.26235
J166 96OCT27 1996.8214 50383 877 0 141.2 -2395 -0.962868 4384736 0.162063 151 0.258627 0.0000 0.001073 0.001357 0.005024 -0.033862 0.003789 -0.181736 39.5965724423 -218.8278943288 151.25863
J166 96OCT28 1996.8241 50384 877 1 141.2 -2395 -0.965369 4384736 0.161799 151 0.255905 0.0000 0.001090 0.001383 0.005132 -0.063615 0.015748 -0.181921 39.5965724400 -218.8278943579 151.25590
J166 96OCT29 1996.8268 50385 877 2 141.2 -2395 -0.964781 4384736 0.162467 151 0.252933 0.0000 0.001099 0.001386 0.005191 -0.056073 0.000251 -0.184276 39.5965724460 -218.8278943511 151.25293
J166 96OCT30 1996.8296 50386 877 3 141.2 -2395 -0.965168 4384736 0.167340 151 0.249118 0.0000 0.001135 0.001428 0.005242 -0.040855 0.010676 -0.202787 39.5965724899 -218.8278943556 151.24912
J166 96OCT31 1996.8323 50387 877 4 141.2 -2395 -0.961813 4384736 0.163712 151 0.261567 0.0000 0.001135 0.001438 0.005298 -0.051133 0.011732 -0.165390 39.5965724572 -218.8278943165 151.26157
J166 96NOV01 1996.8350 50388 877 5 141.2 -2395 -0.964386 4384736 0.161978 151 0.262909 0.0000 0.001116 0.001383 0.005180 -0.054441 -0.005161 -0.139746 39.5965724416 -218.8278943465 151.26291
J166 96NOV02 1996.8378 50389 877 6 141.2 -2395 -0.967115 4384736 0.161108 151 0.251181 0.0000 0.001100 0.001370 0.005120 -0.045163 0.013346 -0.177295 39.5965724337 -218.8278943783 151.25118
J166 96NOV03 1996.8405 50390 878 0 141.2 -2395 -0.965816 4384736 0.159275 151 0.254405 0.0000 0.001093 0.001359 0.005095 -0.040982 0.014492 -0.182488 39.5965724172 -218.8278943631 151.25441
J166 96NOV04 1996.8433 50391 878 1 141.2 -2395 -0.962061 4384736 0.161464 151 0.247152 0.0000 0.001108 0.001415 0.005238 -0.029817 0.018388 -0.181574 39.5965724369 -218.8278943194 151.24715
J166 96NOV05 1996.8460 50392 878 2 141.2 -2395 -0.966931 4384736 0.160811 151 0.255898 0.0000 0.001141 0.001484 0.005399 -0.000429 -0.008640 -0.220513 39.5965724311 -218.8278943761 151.25590
J166 96NOV06 1996.8487 50393 878 3 141.2 -2395 -0.968783 4384736 0.165105 151 0.246625 0.0000 0.001164 0.001512 0.005604 -0.021943 0.025881 -0.231337 39.5965724697 -218.8278943977 151.24662
J166 96NOV07 1996.8515 50394 878 4 141.2 -2395 -0.965574 4384736 0.160544 151 0.253724 0.0000 0.001135 0.001463 0.005375 -0.019960 0.047080 -0.214283 39.5965724287 -218.8278943603 151.25372
J166 96NOV08 1996.8542 50395 878 5 141.2 -2395 -0.967891 4384736 0.163049 151 0.261241 0.0000 0.001147 0.001456 0.005416 -0.038490 0.059166 -0.224960 39.5965724512 -218.8278943873 151.26124
J166 96NOV09 1996.8569 50396 878 6 141.2 -2395 -0.962144 4384736 0.160661 151 0.278285 0.0000 0.001148 0.001478 0.005414 -0.045440 0.060751 -0.207825 39.5965724297 -218.8278943204 151.27828
J166 96NOV10 1996.8597 50397 879 0 141.2 -2395 -0.966802 4384736 0.159222 151 0.273804 0.0000 0.001140 0.001475 0.005311 -0.057005 0.057394 -0.224236 39.5965724167 -218.8278943746 151.27380
J166 96NOV11 1996.8624 50398 879 1 141.2 -2395 -0.962231 4384736 0.164317 151 0.258751 0.0000 0.001106 0.001413 0.005181 -0.048109 0.042899 -0.251604 39.5965724626 -218.8278943214 151.25875
J166 96NOV12 1996.8652 50399 879 2 141.2 -2395 -0.955639 4384736 0.164753 151 0.271293 0.0000 0.001140 0.001436 0.005315 -0.037241 -0.008929 -0.199727 39.5965724666 -218.8278942447 151.27129
J166 96NOV13 1996.8679 50400 879 3 141.2 -2395 -0.964170 4384736 0.169245 151 0.249378 0.0000 0.001126 0.001465 0.005357 -0.054752 0.049952 -0.197510 39.5965725070 -218.8278943440 151.24938
J166 96NOV14 1996.8706 50401 879 4 141.2 -2395 -0.965134 4384736 0.161874 151 0.270978 0.0000 0.001128 0.001438 0.005297 -0.042802 0.039475 -0.220945 39.5965724406 -218.8278943552 151.27098
J166 96NOV15 1996.8734 50402 879 5 141.2 -2395 -0.967283 4384736 0.158666 151 0.260212 0.0000 0.001204 0.001485 0.005504 -0.048890 0.038708 -0.182947 39.5965724117 -218.8278943802 151.26021
J166 96NOV16 1996.8761 50403 879 6 141.2 -2395 -0.961921 4384736 0.161129 151 0.241561 0.0000 0.001171 0.001495 0.005403 -0.027610 0.025020 -0.171530 39.5965724339 -218.8278943178 151.24156
J166 96NOV17 1996.8789 50404 880 0 141.2 -2395 -0.965204 4384736 0.162469 151 0.265593 0.0000 0.001140 0.001439 0.005337 -0.039875 0.020530 -0.206908 39.5965724460 -218.8278943560 151.26559
J166 96NOV18 1996.8816 50405 880 1 141.2 -2395 -0.963264 4384736 0.160709 151 0.254019 0.0000 0.001157 0.001475 0.005411 -0.028452 0.019267 -0.251507 39.5965724301 -218.8278943334 151.25402
J166 96NOV19 1996.8843 50406 880 2 141.2 -2395 -0.964001 4384736 0.159133 151 0.258317 0.0000 0.001195 0.001469 0.005531 -0.041827 0.017446 -0.212864 39.5965724159 -218.8278943420 151.25832
J166 96NOV20 1996.8871 50407 880 3 141.2 -2395 -0.961899 4384736 0.162093 151 0.252690 0.0000 0.001115 0.001441 0.005309 -0.029180 -0.014712 -0.205113 39.5965724426 -218.8278943175 151.25269
J166 96NOV21 1996.8898 50408 880 4 141.2 -2395 -0.961558 4384736 0.164369 151 0.270298 0.0000 0.001145 0.001477 0.005413 -0.043570 -0.003526 -0.168135 39.5965724631 -218.8278943136 151.27030
J166 96NOV22 1996.8925 50409 880 5 141.2 -2395 -0.965687 4384736 0.166299 151 0.259846 0.0000 0.001135 0.001434 0.005339 -0.023408 -0.017240 -0.192097 39.5965724805 -218.8278943616 151.25985
J166 96NOV23 1996.8953 50410 880 6 141.2 -2395 -0.964788 4384736 0.164378 151 0.250230 0.0000 0.001115 0.001438 0.005193 -0.010071 -0.048451 -0.200404 39.5965724632 -218.8278943512 151.25023
J166 96NOV24 1996.8980 50411 881 0 141.2 -2395 -0.959365 4384736 0.161657 151 0.261456 0.0000 0.001143 0.001419 0.005327 -0.016255 -0.014112 -0.201866 39.5965724387 -218.8278942880 151.26146
J166 96NOV25 1996.9008 50412 881 1 141.2 -2395 -0.959093 4384736 0.163737 151 0.255448 0.0000 0.001175 0.001465 0.005550 -0.042731 0.042212 -0.195716 39.5965724574 -218.8278942849 151.25545
J166 96NOV26 1996.9035 50413 881 2 141.2 -2395 -0.961611 4384736 0.166206 151 0.263235 0.0000 0.001158 0.001459 0.005462 -0.105420 0.029314 -0.222007 39.5965724797 -218.8278943142 151.26324
J166 96NOV27 1996.9062 50414 881 3 141.2 -2395 -0.962178 4384736 0.167097 151 0.254924 0.0000 0.001162 0.001481 0.005478 -0.003795 0.023999 -0.221961 39.5965724877 -218.8278943208 151.25492
J166 96NOV28 1996.9090 50415 881 4 141.2 -2395 -0.965198 4384736 0.158776 151 0.246486 0.0000 0.001205 0.001499 0.005582 -0.067909 0.049289 -0.188157 39.5965724127 -218.8278943559 151.24649
J166 96NOV29 1996.9117 50416 881 5 141.2 -2395 -0.959790 4384736 0.159816 151 0.248392 0.0000 0.001170 0.001446 0.005320 -0.048407 0.020997 -0.128663 39.5965724221 -218.8278942930 151.24839
J166 96NOV30 1996.9144 50417 881 6 141.2 -2395 -0.962579 4384736 0.169075 151 0.246681 0.0000 0.001258 0.001666 0.005879 -0.038799 -0.024078 -0.165554 39.5965725055 -218.8278943255 151.24668
J166 96DEC01 1996.9172 50418 882 0 141.2 -2395 -0.957684 4384736 0.163023 151 0.259740 0.0000 0.001234 0.001501 0.005701 -0.073158 0.005201 -0.171375 39.5965724510 -218.8278942685 151.25974
J166 96DEC02 1996.9199 50419 882 1 141.2 -2395 -0.964681 4384736 0.162558 151 0.253699 0.0000 0.001163 0.001505 0.005454 -0.038213 0.012882 -0.201553 39.5965724468 -218.8278943499 151.25370
J166 96DEC03 1996.9227 50420 882 2 141.2 -2395 -0.963975 4384736 0.162322 151 0.257856 0.0000 0.001159 0.001538 0.005752 0.001330 -0.023183 -0.184625 39.5965724447 -218.8278943417 151.25786
J166 96DEC04 1996.9254 50421 882 3 141.2 -2395 -0.964721 4384736 0.163283 151 0.250432 0.0000 0.001163 0.001514 0.005647 -0.027924 -0.012312 -0.181477 39.5965724533 -218.8278943504 151.25043
J166 96DEC05 1996.9281 50422 882 4 141.2 -2395 -0.960591 4384736 0.160039 151 0.257537 0.0000 0.001176 0.001521 0.005644 0.005152 -0.016423 -0.230514 39.5965724241 -218.8278943023 151.25754
J166 96DEC06 1996.9309 50423 882 5 141.2 -2395 -0.965009 4384736 0.160425 151 0.250255 0.0000 0.001166 0.001481 0.005533 -0.015036 -0.016518 -0.192381 39.5965724276 -218.8278943537 151.25026
J166 96DEC07 1996.9336 50424 882 6 141.2 -2395 -0.958229 4384736 0.164756 151 0.250479 0.0000 0.001144 0.001490 0.005556 -0.020450 -0.004644 -0.210343 39.5965724666 -218.8278942748 151.25048
J166 96DEC08 1996.9363 50425 883 0 141.2 -2395 -0.965785 4384736 0.160122 151 0.251606 0.0000 0.001185 0.001506 0.005692 -0.025758 -0.000331 -0.206019 39.5965724249 -218.8278943628 151.25161
J166 96DEC09 1996.9391 50426 883 1 141.2 -2395 -0.963112 4384736 0.156118 151 0.241914 0.0000 0.001167 0.001511 0.005647 0.010112 -0.038471 -0.234132 39.5965723888 -218.8278943316 151.24191
J166 96DEC10 1996.9418 50427 883 2 141.2 -2395 -0.963390 4384736 0.161197 151 0.260118 0.0000 0.001213 0.001574 0.005896 -0.016260 -0.042030 -0.192550 39.5965724345 -218.8278943349 151.26012
J166 96DEC11 1996.9446 50428 883 3 141.2 -2395 -0.959015 4384736 0.161655 151 0.251052 0.0000 0.001156 0.001471 0.005607 0.001624 -0.032475 -0.205827 39.5965724387 -218.8278942840 151.25105
J166 96DEC12 1996.9473 50429 883 4 141.2 -2395 -0.959722 4384736 0.162483 151 0.244761 0.0000 0.001152 0.001482 0.005506 0.022041 -0.036329 -0.162612 39.5965724461 -218.8278942922 151.24476
J166 96DEC13 1996.9500 50430 883 5 141.2 -2395 -0.962639 4384736 0.164178 151 0.251819 0.0000 0.001172 0.001470 0.005607 0.029214 -0.063488 -0.225703 39.5965724614 -218.8278943262 151.25182
J166 96DEC14 1996.9528 50431 883 6 141.2 -2395 -0.958327 4384736 0.164506 151 0.245945 0.0000 0.001135 0.001463 0.005434 -0.010134 -0.005813 -0.202147 39.5965724643 -218.8278942760 151.24594
J166 96DEC15 1996.9555 50432 884 0 141.2 -2395 -0.961191 4384736 0.165388 151 0.255763 0.0000 0.001175 0.001501 0.005579 -0.006681 -0.019691 -0.159256 39.5965724723 -218.8278943093 151.25576
J166 96DEC16 1996.9582 50433 884 1 141.2 -2395 -0.960188 4384736 0.165022 151 0.253835 0.0000 0.001145 0.001436 0.005398 -0.033242 0.014782 -0.168323 39.5965724690 -218.8278942976 151.25383
J166 96DEC17 1996.9610 50434 884 2 141.2 -2395 -0.962833 4384736 0.163918 151 0.246978 0.0000 0.001200 0.001581 0.005826 -0.028879 -0.003300 -0.220497 39.5965724590 -218.8278943284 151.24698
J166 96DEC18 1996.9637 50435 884 3 141.2 -2395 -0.962013 4384736 0.166044 151 0.246960 0.0000 0.001132 0.001414 0.005295 -0.029414 0.006352 -0.173235 39.5965724782 -218.8278943189 151.24696
J166 96DEC19 1996.9665 50436 884 4 141.2 -2395 -0.968830 4384736 0.162385 151 0.254111 0.0000 0.001140 0.001446 0.005334 0.013232 -0.034328 -0.166011 39.5965724452 -218.8278943982 151.25411
J166 96DEC20 1996.9692 50437 884 5 141.2 -2395 -0.961028 4384736 0.164013 151 0.238037 0.0000 0.001160 0.001509 0.005487 -0.001098 -0.007755 -0.195942 39.5965724599 -218.8278943074 151.23804
J166 96DEC21 1996.9719 50438 884 6 141.2 -2395 -0.961045 4384736 0.164830 151 0.259251 0.0000 0.001129 0.001417 0.005279 -0.019985 -0.022071 -0.157853 39.5965724673 -218.8278943076 151.25925
J166 96DEC22 1996.9747 50439 885 0 141.2 -2395 -0.959668 4384736 0.161306 151 0.255766 0.0000 0.001144 0.001423 0.005358 -0.004423 -0.035862 -0.181386 39.5965724355 -218.8278942916 151.25577
J166 96DEC23 1996.9774 50440 885 1 141.2 -2395 -0.962231 4384736 0.159997 151 0.258653 0.0000 0.001143 0.001417 0.005313 -0.015678 -0.010518 -0.183182 39.5965724237 -218.8278943214 151.25865
J166 96DEC24 1996.9802 50441 885 2 141.2 -2395 -0.960551 4384736 0.162030 151 0.252602 0.0000 0.001155 0.001444 0.005350 -0.013807 -0.035699 -0.168806 39.5965724420 -218.8278943018 151.25260
J166 96DEC25 1996.9829 50442 885 3 141.2 -2395 -0.963594 4384736 0.163669 151 0.256987 0.0000 0.001114 0.001374 0.005175 -0.009379 -0.041796 -0.170866 39.5965724568 -218.8278943373 151.25699
J166 96DEC26 1996.9856 50443 885 4 141.2 -2395 -0.969095 4384736 0.165858 151 0.236988 0.0000 0.001147 0.001416 0.005322 -0.001114 -0.041551 -0.199741 39.5965724765 -218.8278944013 151.23699
J166 96DEC27 1996.9884 50444 885 5 141.2 -2395 -0.964486 4384736 0.164126 151 0.249980 0.0000 0.001150 0.001441 0.005331 0.001235 -0.041788 -0.179694 39.5965724609 -218.8278943477 151.24998
J166 96DEC28 1996.9911 50445 885 6 141.2 -2395 -0.966719 4384736 0.164386 151 0.257123 0.0000 0.001176 0.001480 0.005589 -0.017294 -0.012430 -0.159447 39.5965724633 -218.8278943737 151.25712
J166 96DEC29 1996.9938 50446 886 0 141.2 -2395 -0.966193 4384736 0.164351 151 0.248156 0.0000 0.001105 0.001394 0.005217 -0.004594 -0.024547 -0.192401 39.5965724629 -218.8278943675 151.24816
J166 96DEC30 1996.9966 50447 886 1 141.2 -2395 -0.963949 4384736 0.162351 151 0.250138 0.0000 0.001218 0.001551 0.005735 -0.013230 -0.016510 -0.156705 39.5965724449 -218.8278943414 151.25014
J166 96DEC31 1996.9993 50448 886 2 141.2 -2395 -0.967719 4384736 0.169133 151 0.243514 0.0000 0.001190 0.001479 0.005423 -0.043103 -0.027983 -0.160007 39.5965725060 -218.8278943853 151.24351
J166 97JAN01 1997.0021 50449 886 3 141.2 -2395 -0.964520 4384736 0.164324 151 0.243298 0.0000 0.001215 0.001475 0.005499 -0.015322 -0.051986 -0.146902 39.5965724627 -218.8278943481 151.24330
J166 97JAN02 1997.0048 50450 886 4 141.2 -2395 -0.964039 4384736 0.164446 151 0.251369 0.0000 0.001185 0.001518 0.005580 -0.004700 -0.075087 -0.203821 39.5965724638 -218.8278943425 151.25137
J166 97JAN03 1997.0075 50451 886 5 141.2 -2395 -0.970500 4384736 0.161478 151 0.258489 0.0000 0.001151 0.001445 0.005370 0.001077 -0.080102 -0.181346 39.5965724371 -218.8278944177 151.25849
J166 97JAN04 1997.0103 50452 886 6 141.2 -2395 -0.956631 4384736 0.163003 151 0.246498 0.0000 0.001136 0.001445 0.005253 -0.023001 -0.026397 -0.156130 39.5965724508 -218.8278942562 151.24650
J166 97JAN05 1997.0130 50453 887 0 141.2 -2395 -0.963103 4384736 0.159485 151 0.242544 0.0000 0.001121 0.001390 0.005197 -0.022397 -0.052724 -0.171353 39.5965724191 -218.8278943315 151.24254
J166 97JAN06 1997.0157 50454 887 1 141.2 -2395 -0.961112 4384736 0.164130 151 0.244503 0.0000 0.001185 0.001533 0.005581 0.010217 -0.060196 -0.198142 39.5965724610 -218.8278943084 151.24450
J166 97JAN07 1997.0185 50455 887 2 141.2 -2395 -0.964993 4384736 0.167188 151 0.246251 0.0000 0.001178 0.001438 0.005485 -0.003275 -0.056045 -0.206246 39.5965724885 -218.8278943536 151.24625
J166 97JAN08 1997.0212 50456 887 3 141.2 -2395 -0.962270 4384736 0.166794 151 0.251487 0.0000 0.001133 0.001423 0.005308 0.005583 -0.040481 -0.198048 39.5965724850 -218.8278943219 151.25149
J166 97JAN09 1997.0240 50457 887 4 141.2 -2395 -0.962700 4384736 0.160834 151 0.254026 0.0000 0.001175 0.001457 0.005454 -0.028832 -0.051323 -0.209228 39.5965724313 -218.8278943269 151.25403
J166 97JAN10 1997.0267 50458 887 5 141.2 -2395 -0.961919 4384736 0.160430 151 0.246666 0.0000 0.001118 0.001436 0.005252 -0.023018 -0.032113 -0.219565 39.5965724276 -218.8278943178 151.24667
J166 97JAN11 1997.0294 50459 887 6 141.2 -2395 -0.965403 4384736 0.165967 151 0.248329 0.0000 0.001145 0.001435 0.005353 -0.007700 -0.035304 -0.154327 39.5965724775 -218.8278943583 151.24833
J166 97JAN12 1997.0322 50460 888 0 141.2 -2395 -0.964743 4384736 0.174365 151 0.240937 0.0000 0.001138 0.001417 0.005223 -0.023499 -0.029661 -0.177921 39.5965725531 -218.8278943507 151.24094
J166 97JAN13 1997.0349 50461 888 1 141.2 -2395 -0.965187 4384736 0.167921 151 0.249163 0.0000 0.001160 0.001417 0.005420 -0.000683 -0.043831 -0.183547 39.5965724951 -218.8278943558 151.24916
J166 97JAN14 1997.0376 50462 888 2 141.2 -2395 -0.965616 4384736 0.166963 151 0.262340 0.0000 0.001213 0.001441 0.005528 -0.056031 0.004446 -0.166311 39.5965724865 -218.8278943608 151.26234
J166 97JAN15 1997.0404 50463 888 3 141.2 -2395 -0.965034 4384736 0.159702 151 0.250765 0.0000 0.001141 0.001432 0.005376 -0.036824 -0.006968 -0.202850 39.5965724211 -218.8278943540 151.25077
J166 97JAN16 1997.0431 50464 888 4 141.2 -2395 -0.967283 4384736 0.165134 151 0.241694 0.0000 0.001131 0.001393 0.005204 -0.038352 0.001315 -0.171183 39.5965724700 -218.8278943802 151.24169
J166 97JAN17 1997.0459 50465 888 5 141.2 -2395 -0.963819 4384736 0.162476 151 0.252477 0.0000 0.001165 0.001540 0.005496 -0.025006 0.015952 -0.201147 39.5965724461 -218.8278943399 151.25248
J166 97JAN18 1997.0486 50466 888 6 141.2 -2395 -0.961818 4384736 0.161165 151 0.233099 0.0000 0.001161 0.001460 0.005511 -0.026512 -0.002678 -0.214928 39.5965724342 -218.8278943166 151.23310
J166 97JAN19 1997.0513 50467 889 0 141.2 -2395 -0.963129 4384736 0.160412 151 0.255121 0.0000 0.001137 0.001403 0.005279 -0.000870 -0.023398 -0.215213 39.5965724275 -218.8278943318 151.25512
J166 97JAN20 1997.0541 50468 889 1 141.2 -2395 -0.965942 4384736 0.164202 151 0.242835 0.0000 0.001159 0.001438 0.005427 -0.012387 -0.031893 -0.185561 39.5965724616 -218.8278943646 151.24284
J166 97JAN21 1997.0568 50469 889 2 141.2 -2395 -0.967304 4384736 0.158968 151 0.251629 0.0000 0.001164 0.001478 0.005513 -0.019403 -0.057262 -0.208773 39.5965724145 -218.8278943804 151.25163
J166 97JAN22 1997.0595 50470 889 3 141.2 -2395 -0.961218 4384736 0.166931 151 0.240695 0.0000 0.001194 0.001439 0.005548 -0.037118 -0.005450 -0.215523 39.5965724862 -218.8278943096 151.24069
J166 97JAN23 1997.0623 50471 889 4 141.2 -2395 -0.963768 4384736 0.166054 151 0.248436 0.0000 0.001157 0.001451 0.005436 -0.020854 -0.021673 -0.219243 39.5965724783 -218.8278943393 151.24844
J166 97JAN24 1997.0650 50472 889 5 141.2 -2395 -0.965274 4384736 0.163422 151 0.253236 0.0000 0.001144 0.001431 0.005297 0.000551 -0.033622 -0.194482 39.5965724546 -218.8278943568 151.25324
J166 97JAN25 1997.0678 50473 889 6 141.2 -2395 -0.969004 4384736 0.161209 151 0.256474 0.0000 0.001150 0.001439 0.005350 -0.022926 0.017511 -0.186318 39.5965724346 -218.8278944002 151.25647
J166 97JAN26 1997.0705 50474 890 0 141.2 -2395 -0.969346 4384736 0.161638 151 0.273354 0.0000 0.001165 0.001412 0.005358 -0.010455 -0.057152 -0.191208 39.5965724385 -218.8278944042 151.27335
J166 97JAN27 1997.0732 50475 890 1 141.2 -2395 -0.965136 4384736 0.164164 151 0.254392 0.0000 0.001278 0.001568 0.005863 -0.010824 -0.066517 -0.186530 39.5965724613 -218.8278943552 151.25439
J166 97JAN28 1997.0760 50476 890 2 141.2 -2395 -0.965441 4384736 0.165190 151 0.253394 0.0000 0.001150 0.001460 0.005384 -0.022740 -0.036031 -0.147130 39.5965724705 -218.8278943588 151.25339
J166 97JAN29 1997.0787 50477 890 3 141.2 -2395 -0.964450 4384736 0.164769 151 0.258611 0.0000 0.001182 0.001481 0.005497 -0.029801 -0.042287 -0.156592 39.5965724667 -218.8278943472 151.25861
J166 97JAN30 1997.0815 50478 890 4 141.2 -2395 -0.966006 4384736 0.162157 151 0.256515 0.0000 0.001142 0.001439 0.005293 -0.012537 -0.046703 -0.134190 39.5965724432 -218.8278943654 151.25651
J166 97JAN31 1997.0842 50479 890 5 141.2 -2395 -0.966071 4384736 0.163744 151 0.255539 0.0000 0.001132 0.001444 0.005268 -0.002450 0.001940 -0.141558 39.5965724575 -218.8278943661 151.25554
J166 97FEB01 1997.0869 50480 890 6 141.2 -2395 -0.964166 4384736 0.161972 151 0.248948 0.0000 0.001131 0.001410 0.005189 -0.025765 -0.006918 -0.166363 39.5965724415 -218.8278943439 151.24895
J166 97FEB02 1997.0897 50481 891 0 141.2 -2395 -0.963838 4384736 0.160981 151 0.251943 0.0000 0.001056 0.001335 0.004801 -0.035551 0.004462 -0.146503 39.5965724326 -218.8278943401 151.25194
J166 97FEB03 1997.0924 50482 891 1 141.2 -2395 -0.965254 4384736 0.162494 151 0.250728 0.0000 0.001058 0.001336 0.004812 -0.028149 -0.020985 -0.126765 39.5965724462 -218.8278943566 151.25073
J166 97FEB04 1997.0951 50483 891 2 141.2 -2395 -0.961008 4384736 0.160465 151 0.247856 0.0000 0.001099 0.001468 0.005060 -0.027957 -0.012062 -0.173107 39.5965724279 -218.8278943072 151.24786
J166 97FEB05 1997.0979 50484 891 3 141.2 -2395 -0.966068 4384736 0.159442 151 0.248719 0.0000 0.001074 0.001375 0.004879 -0.056982 0.013041 -0.140971 39.5965724187 -218.8278943661 151.24872
J166 97FEB06 1997.1006 50485 891 4 141.2 -2395 -0.963840 4384736 0.162667 151 0.253066 0.0000 0.001051 0.001338 0.004799 -0.034959 -0.007916 -0.132637 39.5965724478 -218.8278943401 151.25307
J166 97FEB07 1997.1034 50486 891 5 141.2 -2395 -0.968322 4384736 0.160379 151 0.262353 0.0000 0.001058 0.001334 0.004816 -0.033928 -0.011370 -0.136861 39.5965724272 -218.8278943923 151.26235
J166 97FEB08 1997.1061 50487 891 6 141.2 -2395 -0.971154 4384736 0.161058 151 0.247581 0.0000 0.001057 0.001330 0.004806 -0.036271 -0.004277 -0.136445 39.5965724333 -218.8278944253 151.24758
J166 97FEB09 1997.1088 50488 892 0 141.2 -2395 -0.967510 4384736 0.161996 151 0.241623 0.0000 0.001058 0.001343 0.004814 -0.042854 -0.025566 -0.112800 39.5965724417 -218.8278943829 151.24162
J166 97FEB10 1997.1116 50489 892 1 141.2 -2395 -0.967341 4384736 0.161632 151 0.255601 0.0000 0.001118 0.001475 0.005182 -0.045878 0.008417 -0.199474 39.5965724385 -218.8278943809 151.25560
J166 97FEB11 1997.1143 50490 892 2 141.2 -2395 -0.969419 4384736 0.161990 151 0.240241 0.0000 0.001056 0.001326 0.004804 -0.035395 -0.003638 -0.141760 39.5965724417 -218.8278944051 151.24024
J166 97FEB12 1997.1170 50491 892 3 141.2 -2395 -0.967613 4384736 0.163569 151 0.260230 0.0000 0.001078 0.001333 0.004826 -0.041633 -0.019040 -0.137950 39.5965724559 -218.8278943841 151.26023
J166 97FEB13 1997.1198 50492 892 4 141.2 -2395 -0.970559 4384736 0.161387 151 0.241884 0.0000 0.001069 0.001322 0.004805 -0.034851 0.002458 -0.147785 39.5965724362 -218.8278944184 151.24188
J166 97FEB14 1997.1225 50493 892 5 141.2 -2395 -0.971895 4384736 0.160898 151 0.244598 0.0000 0.001084 0.001334 0.004953 -0.027866 -0.014354 -0.149705 39.5965724318 -218.8278944339 151.24460
J166 97FEB15 1997.1253 50494 892 6 141.2 -2395 -0.967686 4384736 0.158747 151 0.243057 0.0000 0.001129 0.001413 0.005204 -0.041859 -0.018382 -0.179814 39.5965724125 -218.8278943849 151.24306
J166 97FEB16 1997.1280 50495 893 0 141.2 -2395 -0.967843 4384736 0.161411 151 0.241086 0.0000 0.001051 0.001323 0.004769 -0.045103 -0.004695 -0.118215 39.5965724365 -218.8278943867 151.24109
J166 97FEB17 1997.1307 50496 893 1 141.2 -2395 -0.970686 4384736 0.157927 151 0.257570 0.0000 0.001073 0.001332 0.004846 -0.035745 0.004812 -0.127925 39.5965724051 -218.8278944198 151.25757
J166 97FEB18 1997.1335 50497 893 2 141.2 -2395 -0.968835 4384736 0.158239 151 0.243996 0.0000 0.001090 0.001372 0.004937 -0.022848 0.005786 -0.134889 39.5965724079 -218.8278943983 151.24400
J166 97FEB19 1997.1362 50498 893 3 141.2 -2395 -0.969893 4384736 0.161492 151 0.232001 0.0000 0.001106 0.001347 0.004976 -0.042793 -0.035204 -0.161751 39.5965724372 -218.8278944106 151.23200
J166 97FEB20 1997.1389 50499 893 4 141.2 -2395 -0.972117 4384736 0.159519 151 0.235612 0.0000 0.001077 0.001331 0.004897 -0.023366 -0.032214 -0.140248 39.5965724194 -218.8278944365 151.23561
J166 97FEB21 1997.1417 50500 893 5 141.2 -2395 -0.971102 4384736 0.162100 151 0.244073 0.0000 0.001063 0.001337 0.004833 -0.032562 0.013676 -0.132956 39.5965724427 -218.8278944247 151.24407
J166 97FEB22 1997.1444 50501 893 6 141.2 -2395 -0.969380 4384736 0.157910 151 0.250171 0.0000 0.001067 0.001348 0.004841 -0.033674 -0.014043 -0.109406 39.5965724049 -218.8278944046 151.25017
J166 97FEB23 1997.1472 50502 894 0 141.2 -2395 -0.967222 4384736 0.158861 151 0.244680 0.0000 0.001101 0.001381 0.004978 -0.020345 0.004947 -0.130796 39.5965724135 -218.8278943795 151.24468
J166 97FEB24 1997.1499 50503 894 1 141.2 -2395 -0.970686 4384736 0.158564 151 0.244214 0.0000 0.001145 0.001417 0.005287 -0.000921 -0.015145 -0.131274 39.5965724108 -218.8278944198 151.24421
J166 97FEB25 1997.1526 50504 894 2 141.2 -2395 -0.972587 4384736 0.156881 151 0.254608 0.0000 0.001163 0.001466 0.005457 -0.023993 -0.055675 -0.154340 39.5965723957 -218.8278944419 151.25461
J166 97FEB26 1997.1554 50505 894 3 141.2 -2395 -0.969717 4384736 0.157585 151 0.245528 0.0000 0.001154 0.001443 0.005301 -0.057291 -0.017527 -0.117712 39.5965724020 -218.8278944085 151.24553
J166 97FEB27 1997.1581 50506 894 4 141.2 -2395 -0.966062 4384736 0.161693 151 0.255291 0.0000 0.001184 0.001444 0.005472 -0.024502 -0.038646 -0.121981 39.5965724390 -218.8278943660 151.25529
J166 97FEB28 1997.1608 50507 894 5 141.2 -2395 -0.965586 4384736 0.158013 151 0.263246 0.0000 0.001181 0.001497 0.005516 -0.014781 -0.003896 -0.118119 39.5965724059 -218.8278943604 151.26325
J166 97MAR01 1997.1636 50508 894 6 141.2 -2395 -0.975033 4384736 0.157411 151 0.268153 0.0000 0.001180 0.001488 0.005462 -0.035654 -0.008615 -0.153170 39.5965724004 -218.8278944704 151.26815
J166 97MAR02 1997.1663 50509 895 0 141.2 -2395 -0.964136 4384736 0.160876 151 0.265001 0.0000 0.001196 0.001464 0.005475 -0.022437 -0.023105 -0.167495 39.5965724316 -218.8278943436 151.26500
J166 97MAR03 1997.1691 50510 895 1 141.2 -2395 -0.967509 4384736 0.160066 151 0.250073 0.0000 0.001128 0.001428 0.005229 -0.040030 -0.020898 -0.120947 39.5965724243 -218.8278943828 151.25007
J166 97MAR04 1997.1718 50511 895 2 141.2 -2395 -0.970137 4384736 0.160357 151 0.264677 0.0000 0.001176 0.001458 0.005502 -0.016131 -0.029556 -0.158324 39.5965724270 -218.8278944134 151.26468
J166 97MAR05 1997.1745 50512 895 3 141.2 -2395 -0.968219 4384736 0.164600 151 0.243610 0.0000 0.001133 0.001409 0.005218 -0.031419 0.010481 -0.126342 39.5965724652 -218.8278943911 151.24361
J166 97MAR06 1997.1773 50513 895 4 141.2 -2395 -0.966564 4384736 0.163707 151 0.257278 0.0000 0.001129 0.001410 0.005161 -0.045173 -0.009170 -0.141626 39.5965724571 -218.8278943718 151.25728
J166 97MAR07 1997.1800 50514 895 5 141.2 -2395 -0.970333 4384736 0.158781 151 0.253680 0.0000 0.001163 0.001458 0.005467 -0.017081 0.003065 -0.159735 39.5965724128 -218.8278944157 151.25368
J166 97MAR08 1997.1828 50515 895 6 141.2 -2395 -0.965712 4384736 0.160820 151 0.252323 0.0000 0.001191 0.001452 0.005509 -0.057159 0.005641 -0.161469 39.5965724311 -218.8278943619 151.25232
J166 97MAR09 1997.1855 50516 896 0 141.2 -2395 -0.967076 4384736 0.161900 151 0.243301 0.0000 0.001159 0.001445 0.005403 -0.037003 0.007601 -0.177103 39.5965724409 -218.8278943778 151.24330
J166 97MAR10 1997.1882 50517 896 1 141.2 -2395 -0.967725 4384736 0.162143 151 0.248136 0.0000 0.001140 0.001410 0.005274 -0.038401 -0.016752 -0.142013 39.5965724431 -218.8278943854 151.24814
J166 97MAR11 1997.1910 50518 896 2 141.2 -2395 -0.968740 4384736 0.158296 151 0.246662 0.0000 0.001121 0.001405 0.005189 -0.024009 -0.030214 -0.149523 39.5965724084 -218.8278943972 151.24666
J166 97MAR12 1997.1937 50519 896 3 141.2 -2395 -0.969314 4384736 0.162294 151 0.252531 0.0000 0.001122 0.001403 0.005207 -0.038820 -0.046249 -0.143769 39.5965724444 -218.8278944039 151.25253
J166 97MAR13 1997.1964 50520 896 4 141.2 -2395 -0.968613 4384736 0.162715 151 0.255516 0.0000 0.001141 0.001407 0.005275 -0.023764 -0.024865 -0.129922 39.5965724482 -218.8278943957 151.25552
J166 97MAR14 1997.1992 50521 896 5 141.2 -2395 -0.965845 4384736 0.160189 151 0.250615 0.0000 0.001121 0.001405 0.005221 -0.005679 -0.034422 -0.153966 39.5965724255 -218.8278943635 151.25061
J166 97MAR15 1997.2019 50522 896 6 141.2 -2395 -0.968037 4384736 0.155874 151 0.249203 0.0000 0.001140 0.001396 0.005342 -0.014769 -0.011786 -0.174593 39.5965723866 -218.8278943890 151.24920
J166 97MAR16 1997.2047 50523 897 0 141.2 -2395 -0.967255 4384736 0.157340 151 0.246507 0.0000 0.001100 0.001376 0.005081 -0.028021 -0.027279 -0.164806 39.5965723998 -218.8278943799 151.24651
J166 97MAR17 1997.2074 50524 897 1 141.2 -2395 -0.970383 4384736 0.159812 151 0.255535 0.0000 0.001147 0.001385 0.005313 -0.023655 -0.009718 -0.203887 39.5965724221 -218.8278944163 151.25553
J166 97MAR18 1997.2101 50525 897 2 141.2 -2395 -0.966937 4384736 0.164001 151 0.251799 0.0000 0.001106 0.001359 0.005092 -0.015959 -0.059712 -0.174621 39.5965724598 -218.8278943762 151.25180
J166 97MAR19 1997.2129 50526 897 3 141.2 -2395 -0.971008 4384736 0.158371 151 0.251124 0.0000 0.001092 0.001348 0.005052 -0.003893 -0.025778 -0.174521 39.5965724091 -218.8278944236 151.25112
J166 97MAR20 1997.2156 50527 897 4 141.2 -2395 -0.968487 4384736 0.157954 151 0.249471 0.0000 0.001106 0.001360 0.005141 -0.027272 -0.002974 -0.189272 39.5965724053 -218.8278943942 151.24947
J166 97MAR21 1997.2183 50528 897 5 141.2 -2395 -0.967379 4384736 0.162122 151 0.246325 0.0000 0.001128 0.001379 0.005201 -0.021499 0.001310 -0.168972 39.5965724429 -218.8278943813 151.24633
J166 97MAR22 1997.2211 50529 897 6 141.2 -2395 -0.966794 4384736 0.163424 151 0.243277 0.0000 0.001099 0.001365 0.005093 -0.015446 -0.040528 -0.191923 39.5965724546 -218.8278943745 151.24328
J166 97MAR23 1997.2238 50530 898 0 141.2 -2395 -0.967384 4384736 0.159598 151 0.255209 0.0000 0.001106 0.001375 0.005126 -0.038174 -0.025194 -0.170402 39.5965724201 -218.8278943814 151.25521
J166 97MAR24 1997.2266 50531 898 1 141.2 -2395 -0.971101 4384736 0.155920 151 0.247482 0.0000 0.001101 0.001364 0.005084 -0.009040 -0.019052 -0.188484 39.5965723870 -218.8278944246 151.24748
J166 97MAR25 1997.2293 50532 898 2 141.2 -2395 -0.970011 4384736 0.159361 151 0.238138 0.0000 0.001150 0.001393 0.005337 -0.030091 0.045283 -0.209606 39.5965724180 -218.8278944120 151.23814
J166 97MAR26 1997.2320 50533 898 3 141.2 -2395 -0.970342 4384736 0.157370 151 0.250099 0.0000 0.001132 0.001419 0.005280 -0.027686 -0.034968 -0.192854 39.5965724001 -218.8278944158 151.25010
J166 97MAR27 1997.2348 50534 898 4 141.2 -2395 -0.966472 4384736 0.155058 151 0.251140 0.0000 0.001108 0.001411 0.005183 -0.042499 -0.000183 -0.161915 39.5965723792 -218.8278943707 151.25114
J166 97MAR28 1997.2375 50535 898 5 141.2 -2395 -0.970004 4384736 0.159710 151 0.247632 0.0000 0.001094 0.001388 0.005072 -0.018695 -0.016102 -0.149540 39.5965724211 -218.8278944119 151.24763
J166 97MAR29 1997.2402 50536 898 6 141.2 -2395 -0.965205 4384736 0.154670 151 0.256971 0.0000 0.001124 0.001383 0.005252 -0.024804 0.027187 -0.164145 39.5965723758 -218.8278943560 151.25697
J166 97MAR30 1997.2430 50537 899 0 141.2 -2395 -0.966984 4384736 0.159818 151 0.245216 0.0000 0.001117 0.001354 0.005190 -0.011807 0.013144 -0.186985 39.5965724221 -218.8278943767 151.24522
J166 97MAR31 1997.2457 50538 899 1 141.2 -2395 -0.970883 4384736 0.156789 151 0.234808 0.0000 0.001159 0.001410 0.005408 0.004672 -0.002944 -0.177482 39.5965723948 -218.8278944221 151.23481
J166 97APR01 1997.2485 50539 899 2 141.2 -2395 -0.959689 4384736 0.153767 151 0.260833 0.0000 0.001134 0.001391 0.005239 -0.033559 0.011946 -0.153069 39.5965723676 -218.8278942918 151.26083
J166 97APR02 1997.2512 50540 899 3 141.2 -2395 -0.965191 4384736 0.154670 151 0.254363 0.0000 0.001479 0.001864 0.006769 -0.049986 -0.010369 -0.208524 39.5965723758 -218.8278943558 151.25436
J166 97APR03 1997.2539 50541 899 4 141.2 -2395 -0.968022 4384736 0.154350 151 0.252556 0.0000 0.001791 0.002105 0.008468 -0.029100 -0.029330 -0.141083 39.5965723729 -218.8278943888 151.25256
J166 97APR04 1997.2567 50542 899 5 141.2 -2395 -0.966172 4384736 0.158528 151 0.255981 0.0000 0.001107 0.001390 0.005141 -0.048164 0.033134 -0.161425 39.5965724105 -218.8278943673 151.25598
J166 97APR05 1997.2594 50543 899 6 141.2 -2395 -0.966000 4384736 0.156583 151 0.257838 0.0000 0.001157 0.001419 0.005394 -0.058391 0.016233 -0.170402 39.5965723930 -218.8278943653 151.25784
J166 97APR06 1997.2621 50544 900 0 141.2 -2395 -0.967103 4384736 0.156387 151 0.267499 0.0000 0.001113 0.001389 0.005175 -0.035163 -0.035299 -0.138481 39.5965723912 -218.8278943781 151.26750
J166 97APR07 1997.2649 50545 900 1 141.2 -2395 -0.966034 4384736 0.155164 151 0.258318 0.0000 0.001152 0.001415 0.005244 -0.053096 -0.039134 -0.158179 39.5965723802 -218.8278943656 151.25832
J166 97APR08 1997.2676 50546 900 2 141.2 -2395 -0.969745 4384736 0.157803 151 0.258990 0.0000 0.001108 0.001398 0.005228 -0.013066 -0.000908 -0.161931 39.5965724040 -218.8278944089 151.25899
J166 97APR09 1997.2704 50547 900 3 141.2 -2395 -0.968995 4384736 0.157246 151 0.256633 0.0000 0.001131 0.001418 0.005281 -0.027972 0.004199 -0.189102 39.5965723989 -218.8278944001 151.25663
J166 97APR10 1997.2731 50548 900 4 141.2 -2395 -0.972459 4384736 0.161104 151 0.251560 0.0000 0.001118 0.001428 0.005278 -0.009424 -0.023742 -0.152016 39.5965724337 -218.8278944405 151.25156
J166 97APR11 1997.2758 50549 900 5 141.2 -2395 -0.967623 4384736 0.155690 151 0.263524 0.0000 0.001135 0.001421 0.005289 -0.039928 -0.010903 -0.142100 39.5965723849 -218.8278943842 151.26352
J166 97APR12 1997.2786 50550 900 6 141.2 -2395 -0.967216 4384736 0.154838 151 0.245981 0.0000 0.001129 0.001408 0.005252 -0.040084 -0.020851 -0.154243 39.5965723773 -218.8278943794 151.24598
J166 97APR13 1997.2813 50551 901 0 141.2 -2395 -0.964933 4384736 0.156880 151 0.252823 0.0000 0.001101 0.001383 0.005134 -0.046332 0.032599 -0.147000 39.5965723957 -218.8278943528 151.25282
J166 97APR14 1997.2841 50552 901 1 141.2 -2395 -0.973467 4384736 0.156721 151 0.246375 0.0000 0.001102 0.001400 0.005105 -0.057343 0.003653 -0.163335 39.5965723942 -218.8278944522 151.24637
J166 97APR15 1997.2868 50553 901 2 141.2 -2395 -0.967652 4384736 0.155415 151 0.253540 0.0000 0.001099 0.001379 0.005102 -0.032588 -0.027463 -0.134895 39.5965723825 -218.8278943845 151.25354
J166 97APR16 1997.2895 50554 901 3 141.2 -2395 -0.969673 4384736 0.156707 151 0.250080 0.0000 0.001104 0.001403 0.005187 -0.039890 -0.023061 -0.158698 39.5965723941 -218.8278944080 151.25008
J166 97APR17 1997.2923 50555 901 4 141.2 -2395 -0.967387 4384736 0.155070 151 0.258598 0.0000 0.001124 0.001419 0.005197 -0.059632 0.011558 -0.167126 39.5965723793 -218.8278943814 151.25860
J166 97APR18 1997.2950 50556 901 5 141.2 -2395 -0.965127 4384736 0.155147 151 0.247259 0.0000 0.001141 0.001403 0.005338 -0.036158 0.035589 -0.161982 39.5965723800 -218.8278943551 151.24726
J166 97APR19 1997.2977 50557 901 6 141.2 -2395 -0.971406 4384736 0.156374 151 0.241233 0.0000 0.001120 0.001388 0.005197 -0.019333 0.022585 -0.169137 39.5965723911 -218.8278944282 151.24123
J166 97APR20 1997.3005 50558 902 0 141.2 -2395 -0.967110 4384736 0.159251 151 0.250806 0.0000 0.001111 0.001374 0.005205 -0.041599 0.010686 -0.187721 39.5965724170 -218.8278943782 151.25081
J166 97APR21 1997.3032 50559 902 1 141.2 -2395 -0.969559 4384736 0.158403 151 0.255463 0.0000 0.001122 0.001412 0.005286 -0.008978 -0.046862 -0.138567 39.5965724094 -218.8278944067 151.25546
J166 97APR22 1997.3060 50560 902 2 141.2 -2395 -0.973898 4384736 0.156069 151 0.251269 0.0000 0.001119 0.001411 0.005239 -0.050457 0.027737 -0.076199 39.5965723883 -218.8278944572 151.25127
J166 97APR23 1997.3087 50561 902 3 141.2 -2395 -0.964880 4384736 0.153807 151 0.260763 0.0000 0.001129 0.001422 0.005258 -0.049898 0.006382 -0.141630 39.5965723680 -218.8278943522 151.26076
J166 97APR24 1997.3114 50562 902 4 141.2 -2395 -0.970385 4384736 0.154218 151 0.256292 0.0000 0.001128 0.001394 0.005264 -0.050920 -0.018222 -0.193625 39.5965723717 -218.8278944163 151.25629
J166 97APR25 1997.3142 50563 902 5 141.2 -2395 -0.966993 4384736 0.154061 151 0.258026 0.0000 0.001129 0.001377 0.005242 -0.024478 -0.055365 -0.179003 39.5965723703 -218.8278943768 151.25803
J166 97APR26 1997.3169 50564 902 6 141.2 -2395 -0.968884 4384736 0.155583 151 0.266928 0.0000 0.001125 0.001401 0.005278 -0.031064 0.008184 -0.159593 39.5965723840 -218.8278943988 151.26693
J166 97APR27 1997.3196 50565 903 0 141.2 -2395 -0.963940 4384736 0.163017 151 0.242358 0.0000 0.001101 0.001366 0.005129 -0.027238 -0.014547 -0.163186 39.5965724509 -218.8278943413 151.24236
J166 97APR28 1997.3224 50566 903 1 141.2 -2395 -0.968651 4384736 0.152423 151 0.250840 0.0000 0.001101 0.001365 0.005123 -0.034336 -0.036972 -0.166799 39.5965723555 -218.8278943961 151.25084
J166 97APR29 1997.3251 50567 903 2 141.2 -2395 -0.964460 4384736 0.154450 151 0.246267 0.0000 0.001121 0.001398 0.005214 -0.038790 -0.002673 -0.136735 39.5965723738 -218.8278943473 151.24627
J166 97APR30 1997.3279 50568 903 3 141.2 -2395 -0.966658 4384736 0.153925 151 0.251673 0.0000 0.001104 0.001387 0.005208 -0.029600 -0.002288 -0.177259 39.5965723690 -218.8278943729 151.25167
J166 97MAY01 1997.3306 50569 903 4 141.2 -2395 -0.968858 4384736 0.156074 151 0.256164 0.0000 0.001125 0.001400 0.005202 -0.050973 0.021966 -0.145932 39.5965723884 -218.8278943985 151.25616
J166 97MAY02 1997.3333 50570 903 5 141.2 -2395 -0.971123 4384736 0.154128 151 0.258048 0.0000 0.001134 0.001395 0.005226 -0.037288 -0.009086 -0.159888 39.5965723709 -218.8278944249 151.25805
J166 97MAY03 1997.3361 50571 903 6 141.2 -2395 -0.965428 4384736 0.156011 151 0.262286 0.0000 0.001116 0.001380 0.005254 -0.025111 0.001034 -0.193500 39.5965723878 -218.8278943586 151.26229
J166 97MAY04 1997.3388 50572 904 0 141.2 -2395 -0.967392 4384736 0.153788 151 0.268462 0.0000 0.001119 0.001377 0.005151 -0.032042 -0.020931 -0.158995 39.5965723678 -218.8278943815 151.26846
J166 97MAY05 1997.3415 50573 904 1 141.2 -2395 -0.963491 4384736 0.153243 151 0.255557 0.0000 0.001147 0.001415 0.005381 -0.019461 -0.049498 -0.183606 39.5965723629 -218.8278943360 151.25556
J166 97MAY06 1997.3443 50574 904 2 141.2 -2395 -0.973742 4384736 0.158144 151 0.262402 0.0000 0.001166 0.001424 0.005516 -0.025727 -0.037222 -0.153023 39.5965724070 -218.8278944554 151.26240
J166 97MAY07 1997.3470 50575 904 3 141.2 -2395 -0.968388 4384736 0.157138 151 0.257201 0.0000 0.001104 0.001343 0.005097 -0.029499 -0.004020 -0.176745 39.5965723980 -218.8278943931 151.25720
J166 97MAY08 1997.3498 50576 904 4 141.2 -2395 -0.968974 4384736 0.156117 151 0.282325 0.0000 0.001120 0.001376 0.005247 -0.024317 0.000759 -0.180777 39.5965723888 -218.8278943999 151.28232
J166 97MAY09 1997.3525 50577 904 5 141.2 -2395 -0.966196 4384736 0.158241 151 0.263501 0.0000 0.001151 0.001442 0.005344 -0.063992 0.006842 -0.126827 39.5965724079 -218.8278943675 151.26350
J166 97MAY10 1997.3552 50578 904 6 141.2 -2395 -0.974522 4384736 0.157360 151 0.266523 0.0000 0.001176 0.001423 0.005536 -0.023702 0.028375 -0.174889 39.5965724000 -218.8278944645 151.26652
J166 97MAY11 1997.3580 50579 905 0 141.2 -2395 -0.970639 4384736 0.156045 151 0.244931 0.0000 0.001118 0.001371 0.005194 -0.018047 -0.009207 -0.156160 39.5965723881 -218.8278944193 151.24493
J166 97MAY12 1997.3607 50580 905 1 141.2 -2395 -0.967583 4384736 0.158561 151 0.249115 0.0000 0.001141 0.001423 0.005395 -0.026776 0.038732 -0.121545 39.5965724108 -218.8278943837 151.24912
J166 97MAY13 1997.3634 50581 905 2 141.2 -2395 -0.966996 4384736 0.158816 151 0.253974 0.0000 0.001101 0.001366 0.005117 -0.028897 0.034455 -0.131074 39.5965724131 -218.8278943769 151.25397
J166 97MAY14 1997.3662 50582 905 3 141.2 -2395 -0.967909 4384736 0.157902 151 0.270957 0.0000 0.001117 0.001401 0.005255 -0.043716 0.019326 -0.160290 39.5965724049 -218.8278943875 151.27096
J166 97MAY15 1997.3689 50583 905 4 141.2 -2395 -0.971558 4384736 0.157930 151 0.261894 0.0000 0.001213 0.001522 0.005617 0.026333 -0.086384 -0.172967 39.5965724051 -218.8278944300 151.26189
J166 97MAY16 1997.3717 50584 905 5 141.2 -2395 -0.966776 4384736 0.157174 151 0.256999 0.0000 0.001141 0.001399 0.005251 -0.017812 0.038657 -0.098092 39.5965723983 -218.8278943743 151.25700
J166 97MAY17 1997.3744 50585 905 6 141.2 -2395 -0.969547 4384736 0.161554 151 0.240624 0.0000 0.001141 0.001393 0.005325 -0.065640 0.091850 -0.161964 39.5965724378 -218.8278944066 151.24062
J166 97MAY18 1997.3771 50586 906 0 141.2 -2395 -0.972336 4384736 0.160995 151 0.247322 0.0000 0.001131 0.001385 0.005289 -0.059651 0.020975 -0.185233 39.5965724327 -218.8278944390 151.24732
J166 97MAY19 1997.3799 50587 906 1 141.2 -2395 -0.968308 4384736 0.161369 151 0.256379 0.0000 0.001237 0.001516 0.005949 -0.046109 -0.016505 -0.223070 39.5965724361 -218.8278943921 151.25638
J166 97MAY20 1997.3826 50588 906 2 141.2 -2395 -0.969772 4384736 0.160445 151 0.261145 0.0000 0.001180 0.001416 0.005465 -0.039406 -0.024510 -0.159302 39.5965724278 -218.8278944092 151.26115
J166 97MAY21 1997.3854 50589 906 3 141.2 -2395 -0.969033 4384736 0.158629 151 0.258820 0.0000 0.001159 0.001413 0.005375 -0.038835 -0.011364 -0.139966 39.5965724114 -218.8278944006 151.25882
J166 97MAY22 1997.3881 50590 906 4 141.2 -2395 -0.969908 4384736 0.157554 151 0.268505 0.0000 0.001161 0.001464 0.005544 -0.033945 -0.009574 -0.166864 39.5965724017 -218.8278944108 151.26850
J166 97MAY23 1997.3908 50591 906 5 141.2 -2395 -0.970159 4384736 0.160270 151 0.255163 0.0000 0.001253 0.001529 0.005930 0.000190 -0.015563 -0.167226 39.5965724262 -218.8278944137 151.25516
J166 97MAY24 1997.3936 50592 906 6 141.2 -2395 -0.968498 4384736 0.162296 151 0.269466 0.0000 0.001148 0.001433 0.005404 -0.038245 0.028914 -0.141565 39.5965724444 -218.8278943944 151.26947
J166 97MAY25 1997.3963 50593 907 0 141.2 -2395 -0.969993 4384736 0.163195 151 0.267421 0.0000 0.001275 0.001500 0.005916 0.018854 -0.021730 -0.140768 39.5965724525 -218.8278944118 151.26742
J166 97MAY26 1997.3990 50594 907 1 141.2 -2395 -0.971232 4384736 0.164905 151 0.266267 0.0000 0.001174 0.001480 0.005583 -0.003821 0.006167 -0.169857 39.5965724679 -218.8278944262 151.26627
J166 97MAY27 1997.4018 50595 907 2 141.2 -2395 -0.971516 4384736 0.162068 151 0.264349 0.0000 0.001227 0.001535 0.005659 -0.048506 -0.008418 -0.157449 39.5965724424 -218.8278944295 151.26435
J166 97MAY28 1997.4045 50596 907 3 141.2 -2395 -0.971897 4384736 0.160852 151 0.254184 0.0000 0.001126 0.001408 0.005279 -0.054361 0.001185 -0.142020 39.5965724314 -218.8278944339 151.25418
J166 97MAY29 1997.4073 50597 907 4 141.2 -2395 -0.970338 4384736 0.160067 151 0.259684 0.0000 0.001200 0.001458 0.005566 -0.027100 -0.014653 -0.130990 39.5965724244 -218.8278944158 151.25968
J166 97MAY30 1997.4100 50598 907 5 141.2 -2395 -0.970307 4384736 0.159776 151 0.259667 0.0000 0.001172 0.001497 0.005547 -0.052061 0.001907 -0.119499 39.5965724217 -218.8278944154 151.25967
J166 97MAY31 1997.4127 50599 907 6 141.2 -2395 -0.974190 4384736 0.164612 151 0.265870 0.0000 0.001157 0.001415 0.005368 -0.007911 -0.012115 -0.113882 39.5965724653 -218.8278944606 151.26587
J166 97JUN01 1997.4155 50600 908 0 141.2 -2395 -0.970583 4384736 0.162534 151 0.242651 0.0000 0.001120 0.001382 0.005224 -0.038358 -0.015121 -0.118240 39.5965724466 -218.8278944186 151.24265
J166 97JUN02 1997.4182 50601 908 1 141.2 -2395 -0.968434 4384736 0.162490 151 0.266275 0.0000 0.001147 0.001401 0.005324 -0.025076 0.022543 -0.135092 39.5965724462 -218.8278943936 151.26627
J166 97JUN03 1997.4209 50602 908 2 141.2 -2395 -0.970719 4384736 0.161001 151 0.268590 0.0000 0.001125 0.001422 0.005316 -0.026898 0.013556 -0.079379 39.5965724328 -218.8278944202 151.26859
J166 97JUN04 1997.4237 50603 908 3 141.2 -2395 -0.971261 4384736 0.161755 151 0.270346 0.0000 0.001137 0.001430 0.005381 -0.016525 -0.034476 -0.098766 39.5965724396 -218.8278944265 151.27035
J166 97JUN05 1997.4264 50604 908 4 141.2 -2395 -0.971922 4384736 0.161672 151 0.254783 0.0000 0.001116 0.001398 0.005210 -0.060874 0.033590 -0.119786 39.5965724388 -218.8278944342 151.25478
J166 97JUN06 1997.4292 50605 908 5 141.2 -2395 -0.970691 4384736 0.159913 151 0.256560 0.0000 0.001118 0.001436 0.005322 -0.017952 -0.010698 -0.098783 39.5965724230 -218.8278944199 151.25656
J166 97JUN07 1997.4319 50606 908 6 141.2 -2395 -0.971883 4384736 0.159571 151 0.261303 0.0000 0.001194 0.001476 0.005605 0.002573 -0.066303 -0.156001 39.5965724199 -218.8278944338 151.26130
J166 97JUN08 1997.4346 50607 909 0 141.2 -2395 -0.969890 4384736 0.159824 151 0.261334 0.0000 0.001113 0.001397 0.005207 -0.021402 -0.004800 -0.110894 39.5965724222 -218.8278944106 151.26133
J166 97JUN09 1997.4374 50608 909 1 141.2 -2395 -0.970497 4384736 0.160346 151 0.276007 0.0000 0.001138 0.001476 0.005395 0.009224 0.017521 -0.101999 39.5965724269 -218.8278944176 151.27601
J166 97JUN10 1997.4401 50609 909 2 141.2 -2395 -0.972514 4384736 0.157610 151 0.245796 0.0000 0.001277 0.001470 0.005789 0.020342 0.068055 -0.117047 39.5965724022 -218.8278944411 151.24580
J166 97JUN11 1997.4428 50610 909 3 141.2 -2395 -0.968498 4384736 0.159792 151 0.251269 0.0000 0.001155 0.001468 0.005410 -0.100351 0.048353 -0.111345 39.5965724219 -218.8278943943 151.25127
J166 97JUN12 1997.4456 50611 909 4 141.2 -2395 -0.972032 4384736 0.157457 151 0.267008 0.0000 0.001135 0.001467 0.005322 -0.029244 0.025300 -0.117693 39.5965724008 -218.8278944355 151.26701
J166 97JUN13 1997.4483 50612 909 5 141.2 -2395 -0.970354 4384736 0.157234 151 0.251475 0.0000 0.001115 0.001398 0.005234 -0.026299 0.005119 -0.142018 39.5965723988 -218.8278944159 151.25147
J166 97JUN14 1997.4511 50613 909 6 141.2 -2395 -0.972252 4384736 0.159812 151 0.256860 0.0000 0.001169 0.001446 0.005505 -0.058372 0.011194 -0.122989 39.5965724221 -218.8278944381 151.25686
J166 97JUN15 1997.4538 50614 910 0 141.2 -2395 -0.972008 4384736 0.155127 151 0.256262 0.0000 0.001138 0.001420 0.005281 -0.036595 -0.003562 -0.083824 39.5965723799 -218.8278944352 151.25626
J166 97JUN16 1997.4565 50615 910 1 141.2 -2395 -0.969726 4384736 0.158094 151 0.258404 0.0000 0.001112 0.001370 0.005150 -0.005086 -0.010028 -0.095444 39.5965724066 -218.8278944086 151.25840
J166 97JUN17 1997.4593 50616 910 2 141.2 -2395 -0.968577 4384736 0.156025 151 0.253247 0.0000 0.001135 0.001422 0.005326 -0.027128 -0.026055 -0.131543 39.5965723880 -218.8278943953 151.25325
J166 97JUN18 1997.4620 50617 910 3 141.2 -2395 -0.969197 4384736 0.156244 151 0.266568 0.0000 0.001162 0.001419 0.005391 -0.042575 -0.017411 -0.144806 39.5965723899 -218.8278944025 151.26657
J166 97JUN19 1997.4648 50618 910 4 141.2 -2395 -0.969785 4384736 0.156452 151 0.259855 0.0000 0.001165 0.001473 0.005551 -0.038457 -0.017205 -0.091525 39.5965723918 -218.8278944093 151.25986
J166 97JUN20 1997.4675 50619 910 5 141.2 -2395 -0.971940 4384736 0.154307 151 0.258900 0.0000 0.001153 0.001417 0.005368 -0.090490 0.016103 -0.119586 39.5965723725 -218.8278944344 151.25890
J166 97JUN21 1997.4702 50620 910 6 141.2 -2395 -0.972598 4384736 0.159511 151 0.259583 0.0000 0.001102 0.001367 0.005123 -0.039678 0.003585 -0.124743 39.5965724194 -218.8278944421 151.25958
J166 97JUN22 1997.4730 50621 911 0 141.2 -2395 -0.968884 4384736 0.161020 151 0.266979 0.0000 0.001113 0.001426 0.005244 -0.027504 -0.033071 -0.148863 39.5965724329 -218.8278943988 151.26698
J166 97JUN23 1997.4757 50622 911 1 141.2 -2395 -0.970023 4384736 0.161562 151 0.265853 0.0000 0.001113 0.001388 0.005225 -0.029384 0.015465 -0.127281 39.5965724378 -218.8278944121 151.26585
J166 97JUN24 1997.4784 50623 911 2 141.2 -2395 -0.967939 4384736 0.155093 151 0.259515 0.0000 0.001159 0.001425 0.005401 -0.055210 0.038836 -0.151099 39.5965723796 -218.8278943878 151.25951
J166 97JUN25 1997.4812 50624 911 3 141.2 -2395 -0.969971 4384736 0.156807 151 0.261012 0.0000 0.001145 0.001380 0.005330 -0.046835 -0.020318 -0.186813 39.5965723950 -218.8278944115 151.26101
J166 97JUN26 1997.4839 50625 911 4 141.2 -2395 -0.970059 4384736 0.153416 151 0.266118 0.0000 0.001132 0.001402 0.005283 -0.052856 0.034064 -0.148258 39.5965723645 -218.8278944125 151.26612
J166 97JUN27 1997.4867 50626 911 5 141.2 -2395 -0.970858 4384736 0.155995 151 0.265244 0.0000 0.001175 0.001427 0.005361 -0.047453 0.003544 -0.086885 39.5965723877 -218.8278944218 151.26524
J166 97JUN28 1997.4894 50627 911 6 141.2 -2395 -0.966703 4384736 0.157389 151 0.275164 0.0000 0.001140 0.001392 0.005159 -0.053781 -0.003849 -0.092302 39.5965724002 -218.8278943734 151.27516
J166 97JUN29 1997.4921 50628 912 0 141.2 -2395 -0.969800 4384736 0.158385 151 0.265936 0.0000 0.001101 0.001356 0.005064 -0.036216 -0.023581 -0.124938 39.5965724092 -218.8278944095 151.26594
J166 97JUN30 1997.4949 50629 912 1 141.2 -2395 -0.971399 4384736 0.156874 151 0.251490 0.0000 0.001102 0.001358 0.005125 -0.013670 -0.011460 -0.142056 39.5965723956 -218.8278944281 151.25149
J166 97JUL01 1997.4976 50630 912 2 141.2 -2395 -0.972195 4384736 0.157766 151 0.257300 0.0000 0.001152 0.001439 0.005528 0.000246 0.018461 -0.153351 39.5965724036 -218.8278944374 151.25730
J166 97JUL02 1997.5003 50631 912 3 141.2 -2395 -0.972584 4384736 0.156516 151 0.271609 0.0000 0.001189 0.001413 0.005424 -0.070951 -0.011018 -0.124681 39.5965723924 -218.8278944419 151.27161
J166 97JUL03 1997.5031 50632 912 4 141.2 -2395 -0.968556 4384736 0.162573 151 0.270542 0.0000 0.001202 0.001463 0.005658 -0.002345 -0.023406 -0.135159 39.5965724469 -218.8278943950 151.27054
J166 97JUL04 1997.5058 50633 912 5 141.2 -2395 -0.977973 4384736 0.158725 151 0.265219 0.0000 0.001152 0.001433 0.005438 -0.045207 -0.009927 -0.103543 39.5965724123 -218.8278945047 151.26522
J166 97JUL05 1997.5086 50634 912 6 141.2 -2395 -0.965412 4384736 0.159007 151 0.264779 0.0000 0.001147 0.001406 0.005366 -0.016146 -0.025683 -0.174914 39.5965724148 -218.8278943584 151.26478
J166 97JUL06 1997.5113 50635 913 0 141.2 -2395 -0.971057 4384736 0.159822 151 0.264002 0.0000 0.001150 0.001429 0.005290 -0.026053 -0.045706 -0.120689 39.5965724222 -218.8278944241 151.26400
J166 97JUL07 1997.5140 50636 913 1 141.2 -2395 -0.973500 4384736 0.161067 151 0.265479 0.0000 0.001121 0.001357 0.005250 -0.035950 0.022067 -0.155917 39.5965724334 -218.8278944526 151.26548
J166 97JUL08 1997.5168 50637 913 2 141.2 -2395 -0.972241 4384736 0.161489 151 0.265017 0.0000 0.001102 0.001394 0.005163 -0.024205 -0.026708 -0.157655 39.5965724372 -218.8278944379 151.26502
J166 97JUL09 1997.5195 50638 913 3 141.2 -2395 -0.973463 4384736 0.163357 151 0.269917 0.0000 0.001096 0.001372 0.005197 -0.026758 0.000018 -0.197319 39.5965724540 -218.8278944522 151.26992
J166 97JUL10 1997.5222 50639 913 4 141.2 -2395 -0.969164 4384736 0.160259 151 0.268975 0.0000 0.001205 0.001494 0.005685 -0.059996 -0.000699 -0.139307 39.5965724261 -218.8278944021 151.26897
J166 97JUL11 1997.5250 50640 913 5 141.2 -2395 -0.969190 4384736 0.163098 151 0.256781 0.0000 0.001182 0.001393 0.005419 -0.029775 0.002351 -0.165796 39.5965724517 -218.8278944024 151.25678
J166 97JUL12 1997.5277 50641 913 6 141.2 -2395 -0.967946 4384736 0.163337 151 0.263092 0.0000 0.001206 0.001482 0.005670 -0.055317 0.060463 -0.153615 39.5965724538 -218.8278943879 151.26309
J166 97JUL13 1997.5305 50642 914 0 141.2 -2395 -0.967033 4384736 0.164463 151 0.267025 0.0000 0.001196 0.001503 0.005587 -0.045763 -0.015819 -0.102257 39.5965724639 -218.8278943773 151.26703
J166 97JUL14 1997.5332 50643 914 1 141.2 -2395 -0.970892 4384736 0.163730 151 0.272803 0.0000 0.001123 0.001460 0.005425 -0.006958 0.005434 -0.166652 39.5965724574 -218.8278944222 151.27280
J166 97JUL15 1997.5359 50644 914 2 141.2 -2395 -0.974250 4384736 0.166759 151 0.267115 0.0000 0.001128 0.001447 0.005283 -0.003087 0.002275 -0.136912 39.5965724846 -218.8278944613 151.26712
J166 97JUL16 1997.5387 50645 914 3 141.2 -2395 -0.974145 4384736 0.160974 151 0.260331 0.0000 0.001146 0.001445 0.005324 -0.035147 0.029137 -0.100922 39.5965724325 -218.8278944601 151.26033
J166 97JUL17 1997.5414 50646 914 4 141.2 -2395 -0.969166 4384736 0.157054 151 0.255372 0.0000 0.001120 0.001384 0.005306 -0.026482 -0.017306 -0.179678 39.5965723972 -218.8278944021 151.25537
J166 97JUL18 1997.5441 50647 914 5 141.2 -2395 -0.969889 4384736 0.164755 151 0.258174 0.0000 0.001149 0.001424 0.005367 -0.022734 -0.017913 -0.116420 39.5965724666 -218.8278944106 151.25817
J166 97JUL19 1997.5469 50648 914 6 141.2 -2395 -0.970872 4384736 0.161348 151 0.263821 0.0000 0.001137 0.001447 0.005389 -0.024578 0.003060 -0.168851 39.5965724359 -218.8278944220 151.26382
J166 97JUL20 1997.5496 50649 915 0 141.2 -2395 -0.967920 4384736 0.160725 151 0.250910 0.0000 0.001116 0.001407 0.005192 -0.041949 0.005384 -0.169786 39.5965724303 -218.8278943876 151.25091
J166 97JUL21 1997.5524 50650 915 1 141.2 -2395 -0.970292 4384736 0.161088 151 0.266719 0.0000 0.001097 0.001363 0.005080 -0.018328 -0.008857 -0.135571 39.5965724336 -218.8278944152 151.26672
J166 97JUL22 1997.5551 50651 915 2 141.2 -2395 -0.968025 4384736 0.160658 151 0.259022 0.0000 0.001120 0.001424 0.005187 -0.028991 0.000107 -0.104037 39.5965724297 -218.8278943888 151.25902
J166 97JUL23 1997.5578 50652 915 3 141.2 -2395 -0.968903 4384736 0.162858 151 0.264022 0.0000 0.001229 0.001487 0.005705 0.043691 -0.079112 -0.071920 39.5965724495 -218.8278943991 151.26402
J166 97JUL24 1997.5606 50653 915 4 141.2 -2395 -0.968504 4384736 0.162023 151 0.249324 0.0000 0.001179 0.001450 0.005513 -0.037409 0.019768 -0.091873 39.5965724420 -218.8278943944 151.24932
J166 97JUL25 1997.5633 50654 915 5 141.2 -2395 -0.967264 4384736 0.164839 151 0.268668 0.0000 0.001123 0.001442 0.005292 -0.019401 -0.029272 -0.130263 39.5965724673 -218.8278943800 151.26867
J166 97JUL26 1997.5661 50655 915 6 141.2 -2395 -0.969647 4384736 0.160217 151 0.257027 0.0000 0.001178 0.001443 0.005474 0.004131 0.000461 -0.141783 39.5965724257 -218.8278944077 151.25703
J166 97JUL27 1997.5688 50656 916 0 141.2 -2395 -0.969551 4384736 0.161259 151 0.269863 0.0000 0.001182 0.001572 0.005744 -0.004396 -0.016940 -0.111617 39.5965724351 -218.8278944066 151.26986
J166 97JUL28 1997.5715 50657 916 1 141.2 -2395 -0.968391 4384736 0.160604 151 0.273030 0.0000 0.001127 0.001443 0.005298 -0.050414 0.021741 -0.140009 39.5965724292 -218.8278943931 151.27303
J166 97JUL29 1997.5743 50658 916 2 141.2 -2395 -0.969570 4384736 0.160134 151 0.260563 0.0000 0.001154 0.001445 0.005423 -0.011559 -0.031409 -0.143966 39.5965724250 -218.8278944068 151.26056
J166 97JUL30 1997.5770 50659 916 3 141.2 -2395 -0.967776 4384736 0.162036 151 0.250629 0.0000 0.001109 0.001453 0.005158 -0.026401 -0.004223 -0.114774 39.5965724421 -218.8278943860 151.25063
J166 97JUL31 1997.5797 50660 916 4 141.2 -2395 -0.968049 4384736 0.162810 151 0.260520 0.0000 0.001197 0.001397 0.005454 -0.031856 -0.030108 -0.130027 39.5965724491 -218.8278943891 151.26052
J166 97AUG01 1997.5825 50661 916 5 141.2 -2395 -0.967580 4384736 0.162277 151 0.249580 0.0000 0.001170 0.001413 0.005375 -0.016730 -0.033348 -0.096816 39.5965724443 -218.8278943837 151.24958
J166 97AUG02 1997.5852 50662 916 6 141.2 -2395 -0.968156 4384736 0.162862 151 0.258895 0.0000 0.001114 0.001405 0.005258 -0.043560 0.010105 -0.099777 39.5965724495 -218.8278943904 151.25890
J166 97AUG03 1997.5880 50663 917 0 141.2 -2395 -0.970624 4384736 0.160605 151 0.274082 0.0000 0.001114 0.001437 0.005308 -0.051379 0.005655 -0.079766 39.5965724292 -218.8278944191 151.27408
J166 97AUG04 1997.5907 50664 917 1 141.2 -2395 -0.966100 4384736 0.159751 151 0.281614 0.0000 0.001187 0.001453 0.005645 -0.011383 0.028660 -0.170453 39.5965724215 -218.8278943664 151.28161
J166 97AUG05 1997.5934 50665 917 2 141.2 -2395 -0.971075 4384736 0.160299 151 0.256357 0.0000 0.001128 0.001413 0.005355 -0.041442 0.001522 -0.103700 39.5965724264 -218.8278944244 151.25636
J166 97AUG06 1997.5962 50666 917 3 141.2 -2395 -0.967673 4384736 0.164348 151 0.261203 0.0000 0.001152 0.001458 0.005416 -0.041385 -0.034974 -0.101151 39.5965724629 -218.8278943848 151.26120
J166 97AUG07 1997.5989 50667 917 4 141.2 -2395 -0.969454 4384736 0.163523 151 0.262429 0.0000 0.001119 0.001412 0.005259 -0.047761 -0.010339 -0.106858 39.5965724555 -218.8278944055 151.26243
J166 97AUG08 1997.6016 50668 917 5 141.2 -2395 -0.971469 4384736 0.163105 151 0.262783 0.0000 0.001132 0.001433 0.005398 -0.024028 -0.014144 -0.149605 39.5965724517 -218.8278944289 151.26278
J166 97AUG09 1997.6044 50669 917 6 141.2 -2395 -0.970827 4384736 0.163833 151 0.256903 0.0000 0.001118 0.001378 0.005228 -0.033754 -0.028602 -0.119685 39.5965724583 -218.8278944215 151.25690
J166 97AUG10 1997.6071 50670 918 0 141.2 -2395 -0.970513 4384736 0.163751 151 0.263179 0.0000 0.001146 0.001443 0.005382 -0.017981 -0.019358 -0.129058 39.5965724575 -218.8278944178 151.26318
J166 97AUG11 1997.6099 50671 918 1 141.2 -2395 -0.974784 4384736 0.165961 151 0.270206 0.0000 0.001134 0.001395 0.005357 -0.017302 -0.026342 -0.139680 39.5965724774 -218.8278944676 151.27021
J166 97AUG12 1997.6126 50672 918 2 141.2 -2395 -0.968944 4384736 0.159406 151 0.273780 0.0000 0.001160 0.001459 0.005482 0.000448 -0.027559 -0.129996 39.5965724184 -218.8278943995 151.27378
J166 97AUG13 1997.6153 50673 918 3 141.2 -2395 -0.973134 4384736 0.159985 151 0.244442 0.0000 0.001105 0.001402 0.005194 -0.043124 0.012771 -0.120520 39.5965724236 -218.8278944483 151.24444
J166 97AUG14 1997.6181 50674 918 4 141.2 -2395 -0.972363 4384736 0.160205 151 0.248915 0.0000 0.001099 0.001362 0.005110 -0.023281 -0.031297 -0.084961 39.5965724256 -218.8278944393 151.24891
J166 97AUG15 1997.6208 50675 918 5 141.2 -2395 -0.970533 4384736 0.162762 151 0.256989 0.0000 0.001091 0.001372 0.005088 -0.021945 -0.028641 -0.112062 39.5965724486 -218.8278944181 151.25699
J166 97AUG16 1997.6235 50676 918 6 141.2 -2395 -0.969859 4384736 0.162668 151 0.257773 0.0000 0.001099 0.001361 0.005146 -0.010647 -0.033987 -0.139109 39.5965724478 -218.8278944102 151.25777
J166 97AUG17 1997.6263 50677 919 0 141.2 -2395 -0.968276 4384736 0.165059 151 0.258355 0.0000 0.001121 0.001380 0.005251 -0.032964 0.022038 -0.137155 39.5965724693 -218.8278943918 151.25835
J166 97AUG18 1997.6290 50678 919 1 141.2 -2395 -0.971096 4384736 0.161420 151 0.260999 0.0000 0.001112 0.001371 0.005232 -0.006604 0.010444 -0.113741 39.5965724365 -218.8278944246 151.26100
J166 97AUG19 1997.6318 50679 919 2 141.2 -2395 -0.968712 4384736 0.160409 151 0.256700 0.0000 0.001116 0.001447 0.005309 -0.024664 0.042769 -0.038232 39.5965724274 -218.8278943968 151.25670
J166 97AUG20 1997.6345 50680 919 3 141.2 -2395 -0.969958 4384736 0.161556 151 0.256076 0.0000 0.001094 0.001381 0.005124 -0.004670 0.020158 -0.087107 39.5965724378 -218.8278944114 151.25608
J166 97AUG21 1997.6372 50681 919 4 141.2 -2395 -0.974962 4384736 0.162654 151 0.275057 0.0000 0.001169 0.001436 0.005432 -0.025399 0.000500 -0.184132 39.5965724477 -218.8278944696 151.27506
J166 97AUG22 1997.6400 50682 919 5 141.2 -2395 -0.972222 4384736 0.161871 151 0.273647 0.0000 0.001165 0.001445 0.005542 -0.024684 -0.028754 -0.153269 39.5965724406 -218.8278944377 151.27365
J166 97AUG23 1997.6427 50683 919 6 141.2 -2395 -0.963661 4384736 0.162355 151 0.249382 0.0000 0.001145 0.001408 0.005408 -0.047769 0.049395 -0.141313 39.5965724450 -218.8278943380 151.24938
J166 97AUG24 1997.6454 50684 920 0 141.2 -2395 -0.970882 4384736 0.163114 151 0.264018 0.0000 0.001110 0.001377 0.005282 0.001581 -0.047313 -0.174048 39.5965724518 -218.8278944221 151.26402
J166 97AUG25 1997.6482 50685 920 1 141.2 -2395 -0.969261 4384736 0.164100 151 0.260248 0.0000 0.001146 0.001429 0.005393 -0.007150 -0.008145 -0.134074 39.5965724607 -218.8278944032 151.26025
J166 97AUG26 1997.6509 50686 920 2 141.2 -2395 -0.969241 4384736 0.161161 151 0.250809 0.0000 0.001136 0.001400 0.005299 0.009543 -0.000018 -0.161594 39.5965724342 -218.8278944030 151.25081
J166 97AUG27 1997.6537 50687 920 3 141.2 -2395 -0.971126 4384736 0.164234 151 0.262490 0.0000 0.001172 0.001435 0.005579 -0.013364 0.007141 -0.133613 39.5965724619 -218.8278944250 151.26249
J166 97AUG28 1997.6564 50688 920 4 141.2 -2395 -0.971103 4384736 0.163693 151 0.244194 0.0000 0.001133 0.001405 0.005291 -0.023376 -0.014783 -0.149726 39.5965724570 -218.8278944247 151.24419
J166 97AUG29 1997.6591 50689 920 5 141.2 -2395 -0.971055 4384736 0.165047 151 0.263090 0.0000 0.001108 0.001422 0.005312 -0.012519 -0.000093 -0.092744 39.5965724692 -218.8278944241 151.26309
J166 97AUG30 1997.6619 50690 920 6 141.2 -2395 -0.968497 4384736 0.163533 151 0.249497 0.0000 0.001132 0.001395 0.005309 -0.044357 0.027231 -0.144483 39.5965724556 -218.8278943944 151.24950
J166 97AUG31 1997.6646 50691 921 0 141.2 -2395 -0.970010 4384736 0.165934 151 0.262382 0.0000 0.001110 0.001364 0.005228 -0.039418 -0.019720 -0.128686 39.5965724772 -218.8278944120 151.26238
J166 97SEP01 1997.6674 50692 921 1 141.2 -2395 -0.968821 4384736 0.162093 151 0.269610 0.0000 0.001133 0.001390 0.005358 -0.054647 -0.007762 -0.137768 39.5965724426 -218.8278943981 151.26961
J166 97SEP02 1997.6701 50693 921 2 141.2 -2395 -0.966529 4384736 0.158264 151 0.271467 0.0000 0.001147 0.001437 0.005460 -0.074062 -0.004677 -0.142242 39.5965724081 -218.8278943714 151.27147
J166 97SEP03 1997.6728 50694 921 3 141.2 -2395 -0.967285 4384736 0.160355 151 0.271944 0.0000 0.001118 0.001403 0.005323 -0.045151 0.031363 -0.101897 39.5965724270 -218.8278943802 151.27194
J166 97SEP04 1997.6756 50695 921 4 141.2 -2395 -0.970678 4384736 0.165733 151 0.254869 0.0000 0.001091 0.001351 0.005103 -0.049652 0.007884 -0.138212 39.5965724754 -218.8278944198 151.25487
J166 97SEP05 1997.6783 50696 921 5 141.2 -2395 -0.967930 4384736 0.158219 151 0.255694 0.0000 0.001109 0.001384 0.005252 -0.036825 -0.003533 -0.137688 39.5965724077 -218.8278943877 151.25569
J166 97SEP06 1997.6810 50697 921 6 141.2 -2395 -0.969456 4384736 0.163058 151 0.250911 0.0000 0.001094 0.001351 0.005060 -0.047166 0.011243 -0.138398 39.5965724513 -218.8278944055 151.25091
J166 97SEP07 1997.6838 50698 922 0 141.2 -2395 -0.971686 4384736 0.159765 151 0.267297 0.0000 0.001075 0.001344 0.005007 -0.042031 -0.027400 -0.136572 39.5965724216 -218.8278944315 151.26730
J166 97SEP08 1997.6865 50699 922 1 141.2 -2395 -0.966547 4384736 0.161783 151 0.260203 0.0000 0.001089 0.001342 0.005058 -0.036882 -0.001315 -0.125164 39.5965724398 -218.8278943716 151.26020
J166 97SEP09 1997.6893 50700 922 2 141.2 -2395 -0.964041 4384736 0.159224 151 0.265816 0.0000 0.001126 0.001373 0.005298 -0.041893 -0.006459 -0.144521 39.5965724168 -218.8278943425 151.26582
J166 97SEP10 1997.6920 50701 922 3 141.2 -2395 -0.965974 4384736 0.159447 151 0.257637 0.0000 0.001099 0.001353 0.005109 -0.027408 0.003184 -0.137395 39.5965724188 -218.8278943650 151.25764
J166 97SEP11 1997.6947 50702 922 4 141.2 -2395 -0.965778 4384736 0.161206 151 0.262382 0.0000 0.001124 0.001436 0.005288 -0.042308 -0.026021 -0.190423 39.5965724346 -218.8278943627 151.26238
J166 97SEP12 1997.6975 50703 922 5 141.2 -2395 -0.967052 4384736 0.164190 151 0.254230 0.0000 0.001124 0.001430 0.005205 -0.074767 0.011261 -0.187375 39.5965724615 -218.8278943775 151.25423
J166 97SEP13 1997.7002 50704 922 6 141.2 -2395 -0.967673 4384736 0.165087 151 0.251126 0.0000 0.001119 0.001414 0.005169 -0.032710 -0.010367 -0.115590 39.5965724696 -218.8278943848 151.25113
J166 97SEP14 1997.7029 50705 923 0 141.2 -2395 -0.969690 4384736 0.166077 151 0.263938 0.0000 0.001107 0.001338 0.005110 -0.043181 0.046616 -0.126775 39.5965724785 -218.8278944083 151.26394
J166 97SEP15 1997.7057 50706 923 1 141.2 -2395 -0.967271 4384736 0.163909 151 0.252546 0.0000 0.001078 0.001333 0.005039 -0.046743 0.009959 -0.172463 39.5965724590 -218.8278943801 151.25255
J166 97SEP16 1997.7084 50707 923 2 141.2 -2395 -0.968401 4384736 0.161678 151 0.261151 0.0000 0.001110 0.001354 0.005173 -0.032253 0.020143 -0.158673 39.5965724389 -218.8278943932 151.26115
J166 97SEP17 1997.7112 50708 923 3 141.2 -2395 -0.967313 4384736 0.162694 151 0.258632 0.0000 0.001083 0.001340 0.005052 -0.027288 -0.006352 -0.138889 39.5965724480 -218.8278943806 151.25863
J166 97SEP18 1997.7139 50709 923 4 141.2 -2395 -0.973087 4384736 0.167077 151 0.254445 0.0000 0.001140 0.001412 0.005385 -0.060446 0.022359 -0.183783 39.5965724875 -218.8278944478 151.25445
J166 97SEP19 1997.7166 50710 923 5 141.2 -2395 -0.966752 4384736 0.161561 151 0.252610 0.0000 0.001097 0.001372 0.005127 -0.049080 0.000524 -0.148919 39.5965724378 -218.8278943740 151.25261
J166 97SEP20 1997.7194 50711 923 6 141.2 -2395 -0.966923 4384736 0.159394 151 0.255789 0.0000 0.001197 0.001455 0.005578 -0.060258 -0.029103 -0.140411 39.5965724183 -218.8278943760 151.25579
J166 97SEP21 1997.7221 50712 924 0 141.2 -2395 -0.965445 4384736 0.162381 151 0.259675 0.0000 0.001078 0.001323 0.004978 -0.049634 -0.012128 -0.143841 39.5965724452 -218.8278943588 151.25968
J166 97SEP22 1997.7248 50713 924 1 141.2 -2395 -0.967774 4384736 0.161853 151 0.261901 0.0000 0.001147 0.001360 0.005352 -0.053838 0.030328 -0.150991 39.5965724404 -218.8278943859 151.26190
J166 97SEP23 1997.7276 50714 924 2 141.2 -2395 -0.967581 4384736 0.160880 151 0.251693 0.0000 0.001096 0.001354 0.005099 -0.010841 0.005696 -0.163632 39.5965724317 -218.8278943837 151.25169
J166 97SEP24 1997.7303 50715 924 3 141.2 -2395 -0.970165 4384736 0.161053 151 0.252539 0.0000 0.001089 0.001353 0.005050 -0.041815 -0.003583 -0.110254 39.5965724332 -218.8278944138 151.25254
J166 97SEP25 1997.7331 50716 924 4 141.2 -2395 -0.968998 4384736 0.162347 151 0.255523 0.0000 0.001141 0.001375 0.005195 -0.056390 -0.022332 -0.100012 39.5965724449 -218.8278944002 151.25552
J166 97SEP26 1997.7358 50717 924 5 141.2 -2395 -0.972117 4384736 0.157207 151 0.263490 0.0000 0.001102 0.001359 0.005146 -0.043070 0.008171 -0.157447 39.5965723986 -218.8278944365 151.26349
J166 97SEP27 1997.7385 50718 924 6 141.2 -2395 -0.969797 4384736 0.160667 151 0.258849 0.0000 0.001169 0.001403 0.005397 -0.041597 0.024159 -0.151304 39.5965724298 -218.8278944095 151.25885
J166 97SEP28 1997.7413 50719 925 0 141.2 -2395 -0.965404 4384736 0.164391 151 0.254854 0.0000 0.001123 0.001411 0.005220 -0.012628 -0.009876 -0.138955 39.5965724633 -218.8278943584 151.25485
J166 97SEP29 1997.7440 50720 925 1 141.2 -2395 -0.968956 4384736 0.163298 151 0.247272 0.0000 0.001126 0.001382 0.005178 -0.022716 0.013819 -0.154443 39.5965724535 -218.8278943997 151.24727
J166 97SEP30 1997.7467 50721 925 2 141.2 -2395 -0.965160 4384736 0.160861 151 0.242809 0.0000 0.001102 0.001351 0.005075 -0.023497 0.005554 -0.125305 39.5965724315 -218.8278943555 151.24281
J166 97OCT01 1997.7495 50722 925 3 141.2 -2395 -0.967330 4384736 0.161253 151 0.240791 0.0000 0.001087 0.001337 0.005025 -0.014197 -0.005095 -0.131535 39.5965724350 -218.8278943808 151.24079
J166 97OCT02 1997.7522 50723 925 4 141.2 -2395 -0.967986 4384736 0.163157 151 0.244951 0.0000 0.001128 0.001382 0.005236 -0.028002 -0.012918 -0.083790 39.5965724522 -218.8278943884 151.24495
J166 97OCT03 1997.7550 50724 925 5 141.2 -2395 -0.968552 4384736 0.162416 151 0.252641 0.0000 0.001089 0.001361 0.005037 -0.010844 -0.015450 -0.139736 39.5965724455 -218.8278943950 151.25264
J166 97OCT04 1997.7577 50725 925 6 141.2 -2395 -0.965195 4384736 0.158927 151 0.257588 0.0000 0.001117 0.001372 0.005179 -0.042988 -0.025429 -0.136828 39.5965724141 -218.8278943559 151.25759
J166 97OCT05 1997.7604 50726 926 0 141.2 -2395 -0.969543 4384736 0.161796 151 0.264649 0.0000 0.001126 0.001396 0.005252 -0.041171 -0.010353 -0.163213 39.5965724399 -218.8278944065 151.26465
J166 97OCT06 1997.7632 50727 926 1 141.2 -2395 -0.965526 4384736 0.158892 151 0.257700 0.0000 0.001102 0.001344 0.005076 -0.017774 -0.023365 -0.130220 39.5965724138 -218.8278943598 151.25770
J166 97OCT07 1997.7659 50728 926 2 141.2 -2395 -0.965753 4384736 0.158918 151 0.262422 0.0000 0.001123 0.001375 0.005196 -0.017696 -0.010410 -0.130078 39.5965724140 -218.8278943624 151.26242
J166 97OCT08 1997.7687 50729 926 3 141.2 -2395 -0.971379 4384736 0.161196 151 0.256736 0.0000 0.001150 0.001439 0.005474 -0.034927 -0.004389 -0.120547 39.5965724345 -218.8278944279 151.25674
J166 97OCT09 1997.7714 50730 926 4 141.2 -2395 -0.966375 4384736 0.161995 151 0.244476 0.0000 0.001087 0.001336 0.005064 -0.037053 0.009583 -0.122020 39.5965724417 -218.8278943696 151.24448
J166 97OCT10 1997.7741 50731 926 5 141.2 -2395 -0.963730 4384736 0.162623 151 0.262402 0.0000 0.001125 0.001360 0.005171 -0.035949 -0.012357 -0.145006 39.5965724474 -218.8278943388 151.26240
J166 97OCT11 1997.7769 50732 926 6 141.2 -2395 -0.965779 4384736 0.161323 151 0.262039 0.0000 0.001154 0.001398 0.005418 -0.064900 0.021726 -0.163454 39.5965724357 -218.8278943627 151.26204
J166 97OCT12 1997.7796 50733 927 0 141.2 -2395 -0.966305 4384736 0.160665 151 0.259922 0.0000 0.001097 0.001353 0.005148 -0.033630 0.015954 -0.110639 39.5965724297 -218.8278943688 151.25992
J166 97OCT13 1997.7823 50734 927 1 141.2 -2395 -0.966159 4384736 0.158223 151 0.270714 0.0000 0.001091 0.001354 0.005077 -0.034566 0.020949 -0.110639 39.5965724078 -218.8278943671 151.27071
J166 97OCT14 1997.7851 50735 927 2 141.2 -2395 -0.965073 4384736 0.158631 151 0.264521 0.0000 0.001107 0.001352 0.005173 -0.040127 0.026526 -0.142481 39.5965724114 -218.8278943545 151.26452
J166 97OCT15 1997.7878 50736 927 3 141.2 -2395 -0.964154 4384736 0.158709 151 0.246357 0.0000 0.001100 0.001350 0.005082 -0.025765 0.048929 -0.135266 39.5965724121 -218.8278943438 151.24636
J166 97OCT16 1997.7906 50737 927 4 141.2 -2395 -0.961881 4384736 0.162084 151 0.247293 0.0000 0.001129 0.001400 0.005333 -0.019989 -0.011906 -0.148425 39.5965724425 -218.8278943173 151.24729
J166 97OCT17 1997.7933 50738 927 5 141.2 -2395 -0.963044 4384736 0.162518 151 0.261812 0.0000 0.001121 0.001383 0.005208 -0.034771 0.045509 -0.110508 39.5965724464 -218.8278943309 151.26181
J166 97OCT18 1997.7960 50739 927 6 141.2 -2395 -0.966519 4384736 0.162270 151 0.257700 0.0000 0.001130 0.001367 0.005253 -0.027926 0.007187 -0.119059 39.5965724442 -218.8278943713 151.25770
J166 97OCT19 1997.7988 50740 928 0 141.2 -2395 -0.963544 4384736 0.162437 151 0.269568 0.0000 0.001139 0.001363 0.005269 -0.035994 0.009071 -0.150446 39.5965724457 -218.8278943367 151.26957
J166 97OCT20 1997.8015 50741 928 1 141.2 -2395 -0.964645 4384736 0.166849 151 0.262809 0.0000 0.001120 0.001373 0.005192 -0.028714 0.023600 -0.151416 39.5965724854 -218.8278943495 151.26281
J166 97OCT21 1997.8042 50742 928 2 141.2 -2395 -0.963707 4384736 0.159132 151 0.246842 0.0000 0.001191 0.001416 0.005465 -0.062888 0.049182 -0.161677 39.5965724159 -218.8278943386 151.24684
J166 97OCT22 1997.8070 50743 928 3 141.2 -2395 -0.959522 4384736 0.162040 151 0.253672 0.0000 0.001119 0.001377 0.005243 -0.024582 -0.015468 -0.143325 39.5965724421 -218.8278942899 151.25367
J166 97OCT23 1997.8097 50744 928 4 141.2 -2395 -0.962297 4384736 0.164001 151 0.255764 0.0000 0.001131 0.001411 0.005334 0.002762 0.020517 -0.109218 39.5965724598 -218.8278943222 151.25576
J166 97OCT24 1997.8125 50745 928 5 141.2 -2395 -0.963272 4384736 0.163845 151 0.263582 0.0000 0.001153 0.001413 0.005523 -0.022239 0.037165 -0.097062 39.5965724584 -218.8278943335 151.26358
J166 97OCT25 1997.8152 50746 928 6 141.2 -2395 -0.964518 4384736 0.158112 151 0.260501 0.0000 0.001166 0.001421 0.005501 -0.011064 -0.024062 -0.174216 39.5965724068 -218.8278943480 151.26050
J166 97OCT26 1997.8179 50747 929 0 141.2 -2395 -0.963503 4384736 0.160565 151 0.260232 0.0000 0.001129 0.001362 0.005252 -0.044436 0.023189 -0.159004 39.5965724288 -218.8278943362 151.26023
J166 97OCT27 1997.8207 50748 929 1 141.2 -2395 -0.965627 4384736 0.158072 151 0.256502 0.0000 0.001191 0.001380 0.005456 -0.031175 -0.008300 -0.169823 39.5965724064 -218.8278943609 151.25650
J166 97OCT28 1997.8234 50749 929 2 141.2 -2395 -0.965251 4384736 0.163491 151 0.267198 0.0000 0.001203 0.001442 0.005650 -0.085098 0.051869 -0.170036 39.5965724552 -218.8278943566 151.26720
J166 97OCT29 1997.8261 50750 929 3 141.2 -2395 -0.965489 4384736 0.157600 151 0.263910 0.0000 0.001148 0.001422 0.005424 -0.034820 0.062271 -0.159264 39.5965724021 -218.8278943593 151.26391
J166 97OCT30 1997.8289 50751 929 4 141.2 -2395 -0.966296 4384736 0.160190 151 0.257143 0.0000 0.001140 0.001387 0.005317 -0.020655 0.017282 -0.195254 39.5965724255 -218.8278943687 151.25714
J166 97OCT31 1997.8316 50752 929 5 141.2 -2395 -0.968613 4384736 0.159626 151 0.258385 0.0000 0.001156 0.001400 0.005370 -0.042599 0.039790 -0.163358 39.5965724204 -218.8278943957 151.25838
J166 97NOV01 1997.8344 50753 929 6 141.2 -2395 -0.966115 4384736 0.161395 151 0.259086 0.0000 0.001160 0.001396 0.005454 -0.024274 -0.015171 -0.204423 39.5965724363 -218.8278943666 151.25909
J166 97NOV02 1997.8371 50754 930 0 141.2 -2395 -0.964857 4384736 0.162430 151 0.251412 0.0000 0.001173 0.001376 0.005403 -0.049423 0.036812 -0.182557 39.5965724456 -218.8278943520 151.25141
J166 97NOV03 1997.8398 50755 930 1 141.2 -2395 -0.959674 4384736 0.162332 151 0.248883 0.0000 0.001190 0.001427 0.005572 -0.000481 -0.013017 -0.182880 39.5965724448 -218.8278942916 151.24888
J166 97NOV04 1997.8426 50756 930 2 141.2 -2395 -0.963744 4384736 0.161753 151 0.251126 0.0000 0.001146 0.001371 0.005356 -0.024868 0.015363 -0.194195 39.5965724395 -218.8278943390 151.25113
J166 97NOV05 1997.8453 50757 930 3 141.2 -2395 -0.962893 4384736 0.160018 151 0.263121 0.0000 0.001170 0.001441 0.005504 -0.043369 0.031159 -0.141087 39.5965724239 -218.8278943291 151.26312
J166 97NOV06 1997.8480 50758 930 4 141.2 -2395 -0.965747 4384736 0.163523 151 0.267716 0.0000 0.001172 0.001457 0.005568 -0.057463 0.014618 -0.193487 39.5965724555 -218.8278943623 151.26772
J166 97NOV07 1997.8508 50759 930 5 141.2 -2395 -0.965953 4384736 0.163250 151 0.255189 0.0000 0.001145 0.001386 0.005367 -0.046927 0.056434 -0.179684 39.5965724530 -218.8278943647 151.25519
J166 97NOV08 1997.8535 50760 930 6 141.2 -2395 -0.965318 4384736 0.163168 151 0.269556 0.0000 0.001149 0.001410 0.005463 -0.059810 0.040325 -0.161937 39.5965724523 -218.8278943573 151.26956
J166 97NOV09 1997.8563 50761 931 0 141.2 -2395 -0.965261 4384736 0.159338 151 0.263237 0.0000 0.001149 0.001389 0.005409 -0.054970 0.051984 -0.214821 39.5965724178 -218.8278943567 151.26324
J166 97NOV10 1997.8590 50762 931 1 141.2 -2395 -0.967222 4384736 0.162125 151 0.245234 0.0000 0.001148 0.001406 0.005389 -0.026255 0.032651 -0.159565 39.5965724429 -218.8278943795 151.24523
J166 97NOV11 1997.8617 50763 931 2 141.2 -2395 -0.959595 4384736 0.159810 151 0.260551 0.0000 0.001162 0.001403 0.005525 -0.055502 0.057945 -0.172523 39.5965724220 -218.8278942907 151.26055
J166 97NOV12 1997.8645 50764 931 3 141.2 -2395 -0.965491 4384736 0.158455 151 0.251529 0.0000 0.001128 0.001363 0.005254 -0.054357 0.027378 -0.180918 39.5965724098 -218.8278943593 151.25153
J166 97NOV13 1997.8672 50765 931 4 141.2 -2395 -0.962806 4384736 0.157612 151 0.249490 0.0000 0.001123 0.001350 0.005211 -0.036513 0.075181 -0.150848 39.5965724022 -218.8278943281 151.24949
J166 97NOV14 1997.8700 50766 931 5 141.2 -2395 -0.962399 4384736 0.160711 151 0.261886 0.0000 0.001098 0.001352 0.005155 -0.028011 0.040133 -0.155990 39.5965724302 -218.8278943234 151.26189
J166 97NOV15 1997.8727 50767 931 6 141.2 -2395 -0.962584 4384736 0.161103 151 0.255725 0.0000 0.001122 0.001339 0.005225 -0.059567 0.034177 -0.197232 39.5965724337 -218.8278943255 151.25573
J166 97NOV16 1997.8754 50768 932 0 141.2 -2395 -0.962643 4384736 0.162069 151 0.255264 0.0000 0.001174 0.001395 0.005462 -0.038157 0.029128 -0.188843 39.5965724424 -218.8278943262 151.25526
J166 97NOV17 1997.8782 50769 932 1 141.2 -2395 -0.962664 4384736 0.159932 151 0.265717 0.0000 0.001165 0.001405 0.005459 -0.079633 0.042001 -0.135253 39.5965724231 -218.8278943264 151.26572
J166 97NOV18 1997.8809 50770 932 2 141.2 -2395 -0.962730 4384736 0.165019 151 0.265827 0.0000 0.001164 0.001405 0.005490 -0.036691 0.011915 -0.074109 39.5965724690 -218.8278943272 151.26583
J166 97NOV19 1997.8836 50771 932 3 141.2 -2395 -0.963619 4384736 0.159379 151 0.241705 0.0000 0.001184 0.001403 0.005517 -0.065581 0.026635 -0.127308 39.5965724182 -218.8278943375 151.24170
J166 97NOV20 1997.8864 50772 932 4 141.2 -2395 -0.962941 4384736 0.157884 151 0.245572 0.0000 0.001144 0.001356 0.005324 -0.053695 0.052464 -0.131855 39.5965724047 -218.8278943296 151.24557
J166 97NOV21 1997.8891 50773 932 5 141.2 -2395 -0.964526 4384736 0.160040 151 0.260963 0.0000 0.001152 0.001418 0.005491 -0.052174 0.027739 -0.166886 39.5965724241 -218.8278943481 151.26096
J166 97NOV22 1997.8919 50774 932 6 141.2 -2395 -0.960633 4384736 0.159090 151 0.255429 0.0000 0.001158 0.001397 0.005506 -0.054322 0.010988 -0.183510 39.5965724156 -218.8278943028 151.25543
J166 97NOV23 1997.8946 50775 933 0 141.2 -2395 -0.964101 4384736 0.158080 151 0.261726 0.0000 0.001152 0.001434 0.005532 -0.045631 0.032777 -0.166786 39.5965724065 -218.8278943432 151.26173
J166 97NOV24 1997.8973 50776 933 1 141.2 -2395 -0.966438 4384736 0.162760 151 0.252746 0.0000 0.001135 0.001396 0.005340 -0.042488 -0.000798 -0.140279 39.5965724486 -218.8278943704 151.25275
J166 97NOV25 1997.9001 50777 933 2 141.2 -2395 -0.963804 4384736 0.163072 151 0.258626 0.0000 0.001146 0.001388 0.005416 -0.042157 0.005024 -0.173301 39.5965724514 -218.8278943397 151.25863
J166 97NOV26 1997.9028 50778 933 3 141.2 -2395 -0.962625 4384736 0.160763 151 0.256070 0.0000 0.001123 0.001403 0.005369 -0.011974 -0.007375 -0.128537 39.5965724306 -218.8278943260 151.25607
J166 97NOV27 1997.9055 50779 933 4 141.2 -2395 -0.965176 4384736 0.160477 151 0.256249 0.0000 0.001123 0.001368 0.005279 -0.032779 0.023886 -0.178489 39.5965724281 -218.8278943557 151.25625
J166 97NOV28 1997.9083 50780 933 5 141.2 -2395 -0.963199 4384736 0.163467 151 0.252223 0.0000 0.001115 0.001373 0.005280 -0.053787 -0.021847 -0.134381 39.5965724550 -218.8278943327 151.25222
J166 97NOV29 1997.9110 50781 933 6 141.2 -2395 -0.968704 4384736 0.160985 151 0.261053 0.0000 0.001111 0.001366 0.005215 -0.080546 0.007555 -0.142681 39.5965724326 -218.8278943968 151.26105
J166 97NOV30 1997.9138 50782 934 0 141.2 -2395 -0.971608 4384736 0.161060 151 0.253006 0.0000 0.001142 0.001376 0.005369 -0.037976 0.023050 -0.116133 39.5965724333 -218.8278944306 151.25301
J166 97DEC01 1997.9165 50783 934 1 141.2 -2395 -0.961898 4384736 0.161070 151 0.260623 0.0000 0.001116 0.001361 0.005219 -0.027549 0.016196 -0.162020 39.5965724334 -218.8278943175 151.26062
J166 97DEC02 1997.9192 50784 934 2 141.2 -2395 -0.964885 4384736 0.161337 151 0.252936 0.0000 0.001109 0.001377 0.005270 -0.000118 -0.014290 -0.136952 39.5965724358 -218.8278943523 151.25294
J166 97DEC03 1997.9220 50785 934 3 141.2 -2395 -0.962364 4384736 0.166604 151 0.217092 0.0000 0.001185 0.001427 0.005491 0.000936 0.013251 -0.107542 39.5965724832 -218.8278943230 151.21709
J166 97DEC04 1997.9247 50786 934 4 141.2 -2395 -0.966695 4384736 0.161090 151 0.242683 0.0000 0.001105 0.001364 0.005258 -0.049812 0.036777 -0.151504 39.5965724336 -218.8278943734 151.24268
J166 97DEC05 1997.9274 50787 934 5 141.2 -2395 -0.966568 4384736 0.165036 151 0.242026 0.0000 0.001160 0.001419 0.005495 -0.054126 -0.034871 -0.173009 39.5965724691 -218.8278943719 151.24203
J166 97DEC06 1997.9302 50788 934 6 141.2 -2395 -0.965615 4384736 0.161507 151 0.248180 0.0000 0.001159 0.001400 0.005369 -0.054677 0.007584 -0.145110 39.5965724373 -218.8278943608 151.24818
J166 97DEC07 1997.9329 50789 935 0 141.2 -2395 -0.964604 4384736 0.160824 151 0.257566 0.0000 0.001103 0.001348 0.005143 -0.028296 0.021579 -0.129493 39.5965724312 -218.8278943490 151.25757
J166 97DEC08 1997.9357 50790 935 1 141.2 -2395 -0.963651 4384736 0.157685 151 0.242642 0.0000 0.001150 0.001374 0.005310 -0.084293 0.020142 -0.135310 39.5965724029 -218.8278943379 151.24264
J166 97DEC09 1997.9384 50791 935 2 141.2 -2395 -0.963862 4384736 0.157795 151 0.240740 0.0000 0.001100 0.001333 0.005124 -0.029681 0.032857 -0.156148 39.5965724039 -218.8278943404 151.24074
J166 97DEC10 1997.9411 50792 935 3 141.2 -2395 -0.963828 4384736 0.156146 151 0.249274 0.0000 0.001125 0.001430 0.005416 -0.053953 0.049356 -0.103357 39.5965723890 -218.8278943400 151.24927
J166 97DEC11 1997.9439 50793 935 4 141.2 -2395 -0.964885 4384736 0.155467 151 0.257606 0.0000 0.001150 0.001382 0.005376 -0.038819 0.063023 -0.143862 39.5965723829 -218.8278943523 151.25761
J166 97DEC12 1997.9466 50794 935 5 141.2 -2395 -0.962795 4384736 0.156448 151 0.248742 0.0000 0.001133 0.001371 0.005274 -0.070195 0.011245 -0.152639 39.5965723918 -218.8278943279 151.24874
J166 97DEC13 1997.9493 50795 935 6 141.2 -2395 -0.967979 4384736 0.161590 151 0.261027 0.0000 0.001186 0.001442 0.005545 -0.076927 0.073564 -0.173426 39.5965724381 -218.8278943883 151.26103
J166 97DEC14 1997.9521 50796 936 0 141.2 -2395 -0.963541 4384736 0.158456 151 0.246419 0.0000 0.001119 0.001367 0.005277 -0.025542 -0.031494 -0.187680 39.5965724098 -218.8278943366 151.24642
J166 97DEC15 1997.9548 50797 936 1 141.2 -2395 -0.965058 4384736 0.160526 151 0.245797 0.0000 0.001164 0.001376 0.005472 -0.013678 -0.012675 -0.124195 39.5965724285 -218.8278943543 151.24580
J166 97DEC16 1997.9576 50798 936 2 141.2 -2395 -0.965881 4384736 0.160799 151 0.252009 0.0000 0.001088 0.001336 0.005071 -0.068974 0.025283 -0.145081 39.5965724309 -218.8278943639 151.25201
J166 97DEC17 1997.9603 50799 936 3 141.2 -2395 -0.963173 4384736 0.159313 151 0.259262 0.0000 0.001105 0.001346 0.005185 -0.060071 0.025062 -0.157136 39.5965724176 -218.8278943324 151.25926
J166 97DEC18 1997.9630 50800 936 4 141.2 -2395 -0.963969 4384736 0.159803 151 0.253932 0.0000 0.001123 0.001344 0.005157 -0.051781 0.048133 -0.167033 39.5965724220 -218.8278943416 151.25393
J166 97DEC19 1997.9658 50801 936 5 141.2 -2395 -0.965246 4384736 0.158506 151 0.253718 0.0000 0.001100 0.001358 0.005168 -0.048463 0.026706 -0.181767 39.5965724103 -218.8278943565 151.25372
J166 97DEC20 1997.9685 50802 936 6 141.2 -2395 -0.968966 4384736 0.159200 151 0.246862 0.0000 0.001080 0.001330 0.005094 -0.056475 -0.017498 -0.163504 39.5965724166 -218.8278943998 151.24686
J166 97DEC21 1997.9713 50803 937 0 141.2 -2395 -0.966040 4384736 0.162383 151 0.246863 0.0000 0.001064 0.001360 0.005033 -0.078675 0.041724 -0.192951 39.5965724452 -218.8278943657 151.24686
J166 97DEC22 1997.9740 50804 937 1 141.2 -2395 -0.966643 4384736 0.162566 151 0.250276 0.0000 0.001078 0.001401 0.005121 -0.086029 0.053496 -0.211255 39.5965724469 -218.8278943728 151.25028
J166 97DEC23 1997.9767 50805 937 2 141.2 -2395 -0.964362 4384736 0.161356 151 0.245203 0.0000 0.001099 0.001376 0.005176 -0.043872 0.068103 -0.169437 39.5965724360 -218.8278943462 151.24520
J166 97DEC24 1997.9795 50806 937 3 141.2 -2395 -0.963715 4384736 0.162949 151 0.247033 0.0000 0.001099 0.001395 0.005192 -0.049241 0.039380 -0.204762 39.5965724503 -218.8278943387 151.24703
J166 97DEC25 1997.9822 50807 937 4 141.2 -2395 -0.965907 4384736 0.165544 151 0.252841 0.0000 0.001120 0.001482 0.005484 -0.063241 0.049117 -0.214388 39.5965724737 -218.8278943642 151.25284
J166 97DEC26 1997.9849 50808 937 5 141.2 -2395 -0.968008 4384736 0.165934 151 0.247723 0.0000 0.001112 0.001407 0.005348 -0.088520 0.068329 -0.198208 39.5965724772 -218.8278943887 151.24772
J166 97DEC27 1997.9877 50809 937 6 141.2 -2395 -0.966122 4384736 0.166336 151 0.239452 0.0000 0.001110 0.001380 0.005220 -0.069443 0.059617 -0.218441 39.5965724808 -218.8278943667 151.23945
J166 97DEC28 1997.9904 50810 938 0 141.2 -2395 -0.965548 4384736 0.159903 151 0.248346 0.0000 0.001080 0.001337 0.005058 -0.075014 0.057559 -0.209821 39.5965724229 -218.8278943600 151.24835
J166 97DEC29 1997.9932 50811 938 1 141.2 -2395 -0.965171 4384736 0.164271 151 0.238984 0.0000 0.001119 0.001388 0.005322 -0.038334 0.043108 -0.211501 39.5965724622 -218.8278943556 151.23898
J166 97DEC30 1997.9959 50812 938 2 141.2 -2395 -0.962228 4384736 0.166105 151 0.252907 0.0000 0.001126 0.001394 0.005302 -0.046418 0.028733 -0.211316 39.5965724787 -218.8278943214 151.25291
J166 97DEC31 1997.9986 50813 938 3 141.2 -2395 -0.969069 4384736 0.160329 151 0.250807 0.0000 0.001169 0.001397 0.005498 -0.034955 0.031773 -0.212537 39.5965724267 -218.8278944010 151.25081
J166 98JAN01 1998.0014 50814 938 4 141.2 -2395 -0.967013 4384736 0.156581 151 0.254690 0.0000 0.001160 0.001437 0.005551 -0.071024 0.088141 -0.220427 39.5965723930 -218.8278943771 151.25469
J166 98JAN02 1998.0041 50815 938 5 141.2 -2395 -0.967476 4384736 0.164819 151 0.238608 0.0000 0.001111 0.001365 0.005249 -0.047432 0.036127 -0.210983 39.5965724672 -218.8278943825 151.23861
J166 98JAN03 1998.0068 50816 938 6 141.2 -2395 -0.965331 4384736 0.160057 151 0.256016 0.0000 0.001152 0.001421 0.005542 -0.058598 0.018129 -0.266360 39.5965724243 -218.8278943575 151.25602
J166 98JAN04 1998.0096 50817 939 0 141.2 -2395 -0.965330 4384736 0.162202 151 0.273081 0.0000 0.001113 0.001399 0.005359 -0.028177 0.035496 -0.247880 39.5965724436 -218.8278943575 151.27308
J166 98JAN05 1998.0123 50818 939 1 141.2 -2395 -0.963713 4384736 0.162453 151 0.259364 0.0000 0.001118 0.001382 0.005369 0.004457 0.002970 -0.255528 39.5965724458 -218.8278943387 151.25936
J166 98JAN06 1998.0151 50819 939 2 141.2 -2395 -0.965531 4384736 0.160988 151 0.260830 0.0000 0.001090 0.001364 0.005178 -0.019528 -0.000152 -0.228173 39.5965724327 -218.8278943598 151.26083
J166 98JAN07 1998.0178 50820 939 3 141.2 -2395 -0.968799 4384736 0.164097 151 0.259953 0.0000 0.001115 0.001438 0.005302 -0.015283 0.006467 -0.193954 39.5965724607 -218.8278943979 151.25995
J166 98JAN08 1998.0205 50821 939 4 141.2 -2395 -0.969203 4384736 0.164591 151 0.252406 0.0000 0.001101 0.001387 0.005218 -0.051645 0.033523 -0.237979 39.5965724651 -218.8278944026 151.25241
J166 98JAN09 1998.0233 50822 939 5 141.2 -2395 -0.969456 4384736 0.164877 151 0.248278 0.0000 0.001134 0.001407 0.005388 -0.039674 0.013966 -0.214869 39.5965724677 -218.8278944055 151.24828
J166 98JAN10 1998.0260 50823 939 6 141.2 -2395 -0.970590 4384736 0.166242 151 0.250394 0.0000 0.001101 0.001357 0.005165 -0.043280 0.032763 -0.219336 39.5965724800 -218.8278944187 151.25039
J166 98JAN11 1998.0287 50824 940 0 141.2 -2395 -0.969470 4384736 0.168570 151 0.251137 0.0000 0.001115 0.001396 0.005264 -0.035775 0.036603 -0.195068 39.5965725009 -218.8278944057 151.25114
J166 98JAN12 1998.0315 50825 940 1 141.2 -2395 -0.969868 4384736 0.163599 151 0.255402 0.0000 0.001180 0.001484 0.005537 -0.022864 0.046171 -0.211264 39.5965724562 -218.8278944103 151.25540
J166 98JAN13 1998.0342 50826 940 2 141.2 -2395 -0.965989 4384736 0.166123 151 0.234054 0.0000 0.001129 0.001427 0.005411 -0.048382 0.028532 -0.250490 39.5965724789 -218.8278943652 151.23405
J166 98JAN14 1998.0370 50827 940 3 141.2 -2395 -0.970235 4384736 0.166031 151 0.241101 0.0000 0.001125 0.001424 0.005369 -0.048906 0.070906 -0.215120 39.5965724781 -218.8278944146 151.24110
J166 98JAN15 1998.0397 50828 940 4 141.2 -2395 -0.969410 4384736 0.157049 151 0.254221 0.0000 0.001116 0.001380 0.005275 -0.000829 -0.002831 -0.220141 39.5965723972 -218.8278944050 151.25422
J166 98JAN16 1998.0424 50829 940 5 141.2 -2395 -0.969651 4384736 0.162945 151 0.250417 0.0000 0.001122 0.001464 0.005351 -0.013730 0.006935 -0.177452 39.5965724503 -218.8278944078 151.25042
J166 98JAN17 1998.0452 50830 940 6 141.2 -2395 -0.969105 4384736 0.158841 151 0.254270 0.0000 0.001095 0.001377 0.005202 -0.028639 0.009715 -0.186793 39.5965724133 -218.8278944014 151.25427
J166 98JAN18 1998.0479 50831 941 0 141.2 -2395 -0.973378 4384736 0.165549 151 0.246106 0.0000 0.001136 0.001457 0.005427 -0.055572 0.027832 -0.201237 39.5965724737 -218.8278944512 151.24611
J166 98JAN19 1998.0507 50832 941 1 141.2 -2395 -0.971707 4384736 0.162593 151 0.248420 0.0000 0.001084 0.001355 0.005130 -0.037023 0.002744 -0.192340 39.5965724471 -218.8278944317 151.24842
J166 98JAN20 1998.0534 50833 941 2 141.2 -2395 -0.970380 4384736 0.161408 151 0.240458 0.0000 0.001079 0.001384 0.005115 -0.057907 0.009337 -0.198424 39.5965724364 -218.8278944163 151.24046
J166 98JAN21 1998.0561 50834 941 3 141.2 -2395 -0.972491 4384736 0.159030 151 0.260902 0.0000 0.001090 0.001397 0.005129 -0.065100 0.019496 -0.191022 39.5965724150 -218.8278944408 151.26090
J166 98JAN22 1998.0589 50835 941 4 141.2 -2395 -0.973023 4384736 0.162754 151 0.251997 0.0000 0.001152 0.001393 0.005372 -0.000071 -0.040710 -0.174277 39.5965724486 -218.8278944470 151.25200
J166 98JAN23 1998.0616 50836 941 5 141.2 -2395 -0.969155 4384736 0.161421 151 0.255840 0.0000 0.001146 0.001420 0.005450 -0.038412 0.015080 -0.198582 39.5965724366 -218.8278944020 151.25584
J166 98JAN24 1998.0643 50837 941 6 141.2 -2395 -0.968685 4384736 0.162314 151 0.251986 0.0000 0.001096 0.001411 0.005256 -0.034201 -0.007058 -0.202164 39.5965724446 -218.8278943965 151.25199
J166 98JAN25 1998.0671 50838 942 0 141.2 -2395 -0.972922 4384736 0.158505 151 0.248237 0.0000 0.001086 0.001367 0.005136 -0.058143 0.002386 -0.180945 39.5965724103 -218.8278944459 151.24824
J166 98JAN26 1998.0698 50839 942 1 141.2 -2395 -0.971745 4384736 0.161294 151 0.238544 0.0000 0.001074 0.001354 0.005070 -0.062683 0.006495 -0.198469 39.5965724354 -218.8278944322 151.23854
J166 98JAN27 1998.0726 50840 942 2 141.2 -2395 -0.969182 4384736 0.160272 151 0.242590 0.0000 0.001089 0.001368 0.005198 -0.061738 0.045259 -0.197196 39.5965724262 -218.8278944023 151.24259
J166 98JAN28 1998.0753 50841 942 3 141.2 -2395 -0.969708 4384736 0.161124 151 0.255728 0.0000 0.001125 0.001443 0.005418 -0.060344 -0.019005 -0.206965 39.5965724339 -218.8278944084 151.25573
J166 98JAN29 1998.0780 50842 942 4 141.2 -2395 -0.971602 4384736 0.161943 151 0.255364 0.0000 0.001141 0.001424 0.005397 -0.091464 0.010642 -0.181703 39.5965724413 -218.8278944305 151.25536
J166 98JAN30 1998.0808 50843 942 5 141.2 -2395 -0.967130 4384736 0.160673 151 0.248560 0.0000 0.001083 0.001358 0.005102 -0.050731 0.012469 -0.140736 39.5965724298 -218.8278943784 151.24856
J166 98JAN31 1998.0835 50844 942 6 141.2 -2395 -0.969525 4384736 0.160175 151 0.245430 0.0000 0.001085 0.001304 0.005066 -0.065377 0.000769 -0.199901 39.5965724253 -218.8278944063 151.24543
J166 98FEB01 1998.0862 50845 943 0 141.2 -2395 -0.970474 4384736 0.159763 151 0.247767 0.0000 0.001106 0.001332 0.005171 -0.061359 0.019003 -0.196888 39.5965724216 -218.8278944174 151.24777
J166 98FEB02 1998.0890 50846 943 1 141.2 -2395 -0.970483 4384736 0.159340 151 0.252899 0.0000 0.001085 0.001322 0.005051 -0.075662 0.043587 -0.175868 39.5965724178 -218.8278944175 151.25290
J166 98FEB03 1998.0917 50847 943 2 141.2 -2395 -0.969160 4384736 0.160388 151 0.244296 0.0000 0.001070 0.001331 0.005067 -0.076007 0.004784 -0.153798 39.5965724273 -218.8278944021 151.24430
J166 98FEB04 1998.0945 50848 943 3 141.2 -2395 -0.970919 4384736 0.159531 151 0.239960 0.0000 0.001098 0.001386 0.005172 -0.084728 0.047895 -0.186497 39.5965724195 -218.8278944225 151.23996
J166 98FEB05 1998.0972 50849 943 4 141.2 -2395 -0.972013 4384736 0.157849 151 0.250966 0.0000 0.001086 0.001355 0.005090 -0.081730 0.050177 -0.178687 39.5965724044 -218.8278944353 151.25097
J166 98FEB06 1998.0999 50850 943 5 141.2 -2395 -0.973616 4384736 0.159169 151 0.249475 0.0000 0.001099 0.001304 0.005139 -0.059056 -0.034579 -0.181647 39.5965724163 -218.8278944539 151.24948
J166 98FEB07 1998.1027 50851 943 6 141.2 -2395 -0.969350 4384736 0.163929 151 0.250660 0.0000 0.001132 0.001373 0.005353 -0.045041 -0.002844 -0.157009 39.5965724591 -218.8278944043 151.25066
J166 98FEB08 1998.1054 50852 944 0 141.2 -2395 -0.970490 4384736 0.163961 151 0.254545 0.0000 0.001128 0.001349 0.005221 -0.091381 0.066274 -0.190669 39.5965724594 -218.8278944176 151.25454
J166 98FEB09 1998.1081 50853 944 1 141.2 -2395 -0.968206 4384736 0.160231 151 0.250432 0.0000 0.001093 0.001387 0.005168 -0.046143 0.016518 -0.155895 39.5965724258 -218.8278943910 151.25043
J166 98FEB10 1998.1109 50854 944 2 141.2 -2395 -0.967253 4384736 0.159028 151 0.252255 0.0000 0.001140 0.001418 0.005414 -0.079562 0.073244 -0.232508 39.5965724150 -218.8278943799 151.25226
J166 98FEB11 1998.1136 50855 944 3 141.2 -2395 -0.968091 4384736 0.158788 151 0.261486 0.0000 0.001124 0.001340 0.005256 -0.090563 0.030031 -0.187158 39.5965724128 -218.8278943896 151.26149
J166 98FEB12 1998.1164 50856 944 4 141.2 -2395 -0.970705 4384736 0.159467 151 0.243642 0.0000 0.001222 0.001515 0.005802 -0.054741 0.064720 -0.207320 39.5965724190 -218.8278944200 151.24364
J166 98FEB13 1998.1191 50857 944 5 141.2 -2395 -0.967863 4384736 0.160264 151 0.250038 0.0000 0.001151 0.001381 0.005355 -0.061375 0.060628 -0.172959 39.5965724261 -218.8278943870 151.25004
J166 98FEB14 1998.1218 50858 944 6 141.2 -2395 -0.967986 4384736 0.156871 151 0.252321 0.0000 0.001155 0.001382 0.005437 -0.065245 -0.007631 -0.197324 39.5965723956 -218.8278943884 151.25232
J166 98FEB15 1998.1246 50859 945 0 141.2 -2395 -0.967803 4384736 0.161251 151 0.253731 0.0000 0.001114 0.001337 0.005166 -0.069778 0.029069 -0.174710 39.5965724350 -218.8278943863 151.25373
J166 98FEB16 1998.1273 50860 945 1 141.2 -2395 -0.968704 4384736 0.158966 151 0.247285 0.0000 0.001095 0.001289 0.005054 -0.059190 -0.006821 -0.203328 39.5965724144 -218.8278943968 151.24728
J166 98FEB17 1998.1300 50861 945 2 141.2 -2395 -0.970194 4384736 0.161073 151 0.249869 0.0000 0.001114 0.001370 0.005229 -0.057953 0.034618 -0.229697 39.5965724334 -218.8278944141 151.24987
J166 98FEB18 1998.1328 50862 945 3 141.2 -2395 -0.968291 4384736 0.164021 151 0.254200 0.0000 0.001226 0.001468 0.005990 -0.056772 0.069857 -0.254201 39.5965724600 -218.8278943920 151.25420
J166 98FEB19 1998.1355 50863 945 4 141.2 -2395 -0.970334 4384736 0.162785 151 0.261463 0.0000 0.001180 0.001422 0.005543 -0.074621 0.080903 -0.185957 39.5965724488 -218.8278944157 151.26146
J166 98FEB20 1998.1383 50864 945 5 141.2 -2395 -0.970857 4384736 0.160061 151 0.255922 0.0000 0.001143 0.001323 0.005218 -0.066178 0.058175 -0.194551 39.5965724243 -218.8278944218 151.25592
J166 98FEB21 1998.1410 50865 945 6 141.2 -2395 -0.971091 4384736 0.157959 151 0.248303 0.0000 0.001085 0.001315 0.005049 -0.076765 -0.018516 -0.174987 39.5965724054 -218.8278944245 151.24830
J166 98FEB22 1998.1437 50866 946 0 141.2 -2395 -0.968876 4384736 0.157440 151 0.250266 0.0000 0.001132 0.001309 0.005219 -0.070287 0.021521 -0.200990 39.5965724007 -218.8278943987 151.25027
J166 98FEB23 1998.1465 50867 946 1 141.2 -2395 -0.968544 4384736 0.158290 151 0.247454 0.0000 0.001098 0.001317 0.005117 -0.086211 0.058334 -0.193963 39.5965724084 -218.8278943949 151.24745
J166 98FEB24 1998.1492 50868 946 2 141.2 -2395 -0.969080 4384736 0.159693 151 0.259458 0.0000 0.001090 0.001307 0.005048 -0.074225 -0.019273 -0.146943 39.5965724210 -218.8278944011 151.25946
J166 98FEB25 1998.1520 50869 946 3 141.2 -2395 -0.968690 4384736 0.158861 151 0.254893 0.0000 0.001117 0.001328 0.005218 -0.052040 0.013329 -0.176362 39.5965724135 -218.8278943966 151.25489
J166 98FEB26 1998.1547 50870 946 4 141.2 -2395 -0.970554 4384736 0.159101 151 0.256337 0.0000 0.001099 0.001308 0.005125 -0.071161 0.036169 -0.207237 39.5965724157 -218.8278944183 151.25634
J166 98FEB27 1998.1574 50871 946 5 141.2 -2395 -0.968022 4384736 0.156225 151 0.255068 0.0000 0.001118 0.001317 0.005232 -0.038820 0.049290 -0.176900 39.5965723898 -218.8278943888 151.25507
J166 98FEB28 1998.1602 50872 946 6 141.2 -2395 -0.968446 4384736 0.158409 151 0.256639 0.0000 0.001134 0.001361 0.005358 -0.067816 0.020622 -0.186754 39.5965724094 -218.8278943937 151.25664
J166 98MAR01 1998.1629 50873 947 0 141.2 -2395 -0.966653 4384736 0.159151 151 0.252620 0.0000 0.001143 0.001342 0.005341 -0.035350 -0.042874 -0.198080 39.5965724161 -218.8278943729 151.25262
J166 98MAR02 1998.1656 50874 947 1 141.2 -2395 -0.967688 4384736 0.159106 151 0.259526 0.0000 0.001086 0.001295 0.005021 -0.053662 0.014757 -0.179638 39.5965724157 -218.8278943849 151.25953
J166 98MAR03 1998.1684 50875 947 2 141.2 -2395 -0.968916 4384736 0.158186 151 0.258692 0.0000 0.001112 0.001313 0.005259 -0.057109 -0.001175 -0.210939 39.5965724074 -218.8278943992 151.25869
J166 98MAR04 1998.1711 50876 947 3 141.2 -2395 -0.971008 4384736 0.154646 151 0.256563 0.0000 0.001113 0.001313 0.005331 -0.065267 0.028596 -0.232515 39.5965723755 -218.8278944236 151.25656
J166 98MAR05 1998.1739 50877 947 4 141.2 -2395 -0.969468 4384736 0.158062 151 0.256411 0.0000 0.001065 0.001294 0.005034 -0.059619 0.019089 -0.221360 39.5965724063 -218.8278944056 151.25641
J166 98MAR06 1998.1766 50878 947 5 141.2 -2395 -0.969339 4384736 0.158049 151 0.249840 0.0000 0.001084 0.001308 0.005076 -0.057077 0.011461 -0.204611 39.5965724062 -218.8278944041 151.24984
J166 98MAR07 1998.1793 50879 947 6 141.2 -2395 -0.970428 4384736 0.161192 151 0.244084 0.0000 0.001120 0.001318 0.005232 -0.063144 0.018681 -0.173016 39.5965724345 -218.8278944168 151.24408
J166 98MAR08 1998.1821 50880 948 0 141.2 -2395 -0.967973 4384736 0.157550 151 0.248718 0.0000 0.001128 0.001311 0.005254 -0.044782 -0.000410 -0.205638 39.5965724017 -218.8278943882 151.24872
J166 98MAR09 1998.1848 50881 948 1 141.2 -2395 -0.971574 4384736 0.157546 151 0.244166 0.0000 0.001070 0.001280 0.004999 -0.035888 -0.009431 -0.203483 39.5965724017 -218.8278944302 151.24417
J166 98MAR10 1998.1875 50882 948 2 141.2 -2395 -0.967921 4384736 0.159443 151 0.250465 0.0000 0.001146 0.001356 0.005386 0.003463 -0.019277 -0.141586 39.5965724187 -218.8278943876 151.25047
J166 98MAR11 1998.1903 50883 948 3 141.2 -2395 -0.968616 4384736 0.159365 151 0.251664 0.0000 0.001181 0.001350 0.005399 -0.032570 0.008676 -0.155340 39.5965724180 -218.8278943957 151.25166
J166 98MAR12 1998.1930 50884 948 4 141.2 -2395 -0.968260 4384736 0.158227 151 0.258111 0.0000 0.001153 0.001305 0.005217 -0.022342 0.018905 -0.146008 39.5965724078 -218.8278943916 151.25811
J166 98MAR13 1998.1958 50885 948 5 141.2 -2395 -0.969312 4384736 0.156384 151 0.249976 0.0000 0.001153 0.001312 0.005291 -0.017019 -0.030363 -0.165106 39.5965723912 -218.8278944038 151.24998
J166 98MAR14 1998.1985 50886 948 6 141.2 -2395 -0.967883 4384736 0.157498 151 0.252859 0.0000 0.001166 0.001324 0.005373 -0.000675 -0.052376 -0.182494 39.5965724012 -218.8278943872 151.25286
J166 98MAR15 1998.2012 50887 949 0 141.2 -2395 -0.971718 4384736 0.159409 151 0.248140 0.0000 0.001151 0.001333 0.005303 -0.045200 -0.011868 -0.204277 39.5965724184 -218.8278944318 151.24814
J166 98MAR16 1998.2040 50888 949 1 141.2 -2395 -0.970260 4384736 0.156489 151 0.248187 0.0000 0.001142 0.001320 0.005346 -0.046480 0.062620 -0.194691 39.5965723921 -218.8278944149 151.24819
J166 98MAR17 1998.2067 50889 949 2 141.2 -2395 -0.970548 4384736 0.157677 151 0.249125 0.0000 0.001109 0.001304 0.005204 -0.082527 0.012930 -0.202482 39.5965724028 -218.8278944182 151.24912
J166 98MAR18 1998.2094 50890 949 3 141.2 -2395 -0.971071 4384736 0.159074 151 0.251381 0.0000 0.001091 0.001305 0.005152 -0.048734 -0.016297 -0.183123 39.5965724154 -218.8278944243 151.25138
J166 98MAR19 1998.2122 50891 949 4 141.2 -2395 -0.971390 4384736 0.158994 151 0.256732 0.0000 0.001091 0.001309 0.005152 -0.045953 -0.006108 -0.219292 39.5965724147 -218.8278944280 151.25673
J166 98MAR20 1998.2149 50892 949 5 141.2 -2395 -0.973853 4384736 0.160636 151 0.254129 0.0000 0.001123 0.001313 0.005261 -0.038161 0.018915 -0.218710 39.5965724295 -218.8278944567 151.25413
J166 98MAR21 1998.2177 50893 949 6 141.2 -2395 -0.971102 4384736 0.158701 151 0.246603 0.0000 0.001076 0.001319 0.005080 -0.052030 0.013699 -0.190702 39.5965724121 -218.8278944247 151.24660
J166 98MAR22 1998.2204 50894 950 0 141.2 -2395 -0.970956 4384736 0.160670 151 0.239459 0.0000 0.001083 0.001286 0.005022 -0.047825 0.007388 -0.176336 39.5965724298 -218.8278944230 151.23946
J166 98MAR23 1998.2231 50895 950 1 141.2 -2395 -0.971701 4384736 0.156093 151 0.252853 0.0000 0.001125 0.001333 0.005234 -0.055935 -0.002704 -0.228908 39.5965723886 -218.8278944316 151.25285
J166 98MAR24 1998.2259 50896 950 2 141.2 -2395 -0.970188 4384736 0.154767 151 0.249619 0.0000 0.001132 0.001360 0.005163 -0.120218 0.030932 -0.191860 39.5965723766 -218.8278944140 151.24962
J166 98MAR25 1998.2286 50897 950 3 141.2 -2395 -0.972021 4384736 0.157298 151 0.244899 0.0000 0.001075 0.001313 0.005051 -0.079327 0.009231 -0.192524 39.5965723994 -218.8278944354 151.24490
J166 98MAR26 1998.2313 50898 950 4 141.2 -2395 -0.969436 4384736 0.157856 151 0.243389 0.0000 0.001071 0.001304 0.005054 -0.062168 -0.000140 -0.192312 39.5965724044 -218.8278944053 151.24339
J166 98MAR27 1998.2341 50899 950 5 141.2 -2395 -0.968651 4384736 0.153057 151 0.250330 0.0000 0.001160 0.001372 0.005402 -0.027043 -0.055049 -0.174804 39.5965723612 -218.8278943961 151.25033
J166 98MAR28 1998.2368 50900 950 6 141.2 -2395 -0.968994 4384736 0.154893 151 0.248550 0.0000 0.001103 0.001324 0.005243 -0.080211 0.037334 -0.215616 39.5965723778 -218.8278944001 151.24855
J166 98MAR29 1998.2396 50901 951 0 141.2 -2395 -0.971935 4384736 0.157430 151 0.229275 0.0000 0.001141 0.001370 0.005427 -0.088579 0.042879 -0.223546 39.5965724006 -218.8278944344 151.22928
J166 98MAR30 1998.2423 50902 951 1 141.2 -2395 -0.970942 4384736 0.156968 151 0.247060 0.0000 0.001293 0.001456 0.005934 -0.016446 0.061451 -0.118868 39.5965723965 -218.8278944228 151.24706
J166 98MAR31 1998.2450 50903 951 2 141.2 -2395 -0.971814 4384736 0.154126 151 0.255222 0.0000 0.001208 0.001420 0.005597 -0.031323 0.004654 -0.158169 39.5965723709 -218.8278944329 151.25522
J166 98APR01 1998.2478 50904 951 3 141.2 -2395 -0.966395 4384736 0.154938 151 0.239629 0.0000 0.001146 0.001350 0.005311 -0.069714 -0.021458 -0.157603 39.5965723782 -218.8278943699 151.23963
J166 98APR02 1998.2505 50905 951 4 141.2 -2395 -0.969166 4384736 0.156109 151 0.261399 0.0000 0.001133 0.001355 0.005329 -0.045624 -0.052198 -0.147873 39.5965723887 -218.8278944021 151.26140
J166 98APR03 1998.2533 50906 951 5 141.2 -2395 -0.967832 4384736 0.155815 151 0.250983 0.0000 0.001097 0.001316 0.005144 -0.065249 0.009192 -0.177885 39.5965723861 -218.8278943866 151.25098
J166 98APR04 1998.2560 50907 951 6 141.2 -2395 -0.968530 4384736 0.153406 151 0.243565 0.0000 0.001079 0.001325 0.005062 -0.057910 0.030574 -0.155960 39.5965723644 -218.8278943947 151.24357
J166 98APR05 1998.2587 50908 952 0 141.2 -2395 -0.967957 4384736 0.154431 151 0.238293 0.0000 0.001121 0.001341 0.005210 -0.078048 0.008049 -0.159389 39.5965723736 -218.8278943880 151.23829
J166 98APR06 1998.2615 50909 952 1 141.2 -2395 -0.970420 4384736 0.152002 151 0.254247 0.0000 0.001153 0.001368 0.005459 -0.084601 0.036624 -0.175881 39.5965723517 -218.8278944167 151.25425
J166 98APR07 1998.2642 50910 952 2 141.2 -2395 -0.969358 4384736 0.152541 151 0.251072 0.0000 0.001174 0.001361 0.005466 -0.066579 0.033071 -0.146813 39.5965723566 -218.8278944043 151.25107
J166 98APR08 1998.2669 50911 952 3 141.2 -2395 -0.965655 4384736 0.152658 151 0.257494 0.0000 0.001152 0.001352 0.005426 -0.019425 -0.038959 -0.190921 39.5965723576 -218.8278943612 151.25749
J166 98APR09 1998.2697 50912 952 4 141.2 -2395 -0.970090 4384736 0.152535 151 0.266816 0.0000 0.001125 0.001331 0.005271 -0.068298 0.010231 -0.180959 39.5965723565 -218.8278944129 151.26682
J166 98APR10 1998.2724 50913 952 5 141.2 -2395 -0.969854 4384736 0.152562 151 0.263115 0.0000 0.001208 0.001422 0.005769 -0.067225 0.023953 -0.225658 39.5965723568 -218.8278944101 151.26312
J166 98APR11 1998.2752 50914 952 6 141.2 -2395 -0.973067 4384736 0.152145 151 0.253005 0.0000 0.001261 0.001398 0.005780 -0.030342 0.010482 -0.184090 39.5965723530 -218.8278944475 151.25300
J166 98APR12 1998.2779 50915 953 0 141.2 -2395 -0.971463 4384736 0.153001 151 0.259933 0.0000 0.001309 0.001506 0.006141 -0.024704 0.159777 -0.127166 39.5965723607 -218.8278944289 151.25993
J166 98APR13 1998.2806 50916 953 1 141.2 -2395 -0.969227 4384736 0.154580 151 0.258160 0.0000 0.001110 0.001333 0.005212 -0.098631 0.015224 -0.192671 39.5965723749 -218.8278944028 151.25816
J166 98APR14 1998.2834 50917 953 2 141.2 -2395 -0.972410 4384736 0.154519 151 0.255574 0.0000 0.001105 0.001333 0.005212 -0.065971 0.034762 -0.201056 39.5965723744 -218.8278944399 151.25557
J166 98APR15 1998.2861 50918 953 3 141.2 -2395 -0.969096 4384736 0.152430 151 0.259350 0.0000 0.001116 0.001378 0.005255 -0.092659 0.057830 -0.184650 39.5965723556 -218.8278944013 151.25935
J166 98APR16 1998.2888 50919 953 4 141.2 -2395 -0.970868 4384736 0.152450 151 0.241374 0.0000 0.001100 0.001325 0.005116 -0.094067 0.027165 -0.166030 39.5965723558 -218.8278944219 151.24137
J166 98APR17 1998.2916 50920 953 5 141.2 -2395 -0.969234 4384736 0.152755 151 0.257585 0.0000 0.001081 0.001334 0.005098 -0.075861 0.026871 -0.190105 39.5965723585 -218.8278944029 151.25758
J166 98APR18 1998.2943 50921 953 6 141.2 -2395 -0.966490 4384736 0.155528 151 0.254410 0.0000 0.001074 0.001310 0.005068 -0.069780 0.056141 -0.177759 39.5965723835 -218.8278943710 151.25441
J166 98APR19 1998.2971 50922 954 0 141.2 -2395 -0.966231 4384736 0.154940 151 0.253129 0.0000 0.001100 0.001334 0.005255 -0.053811 0.047944 -0.215938 39.5965723782 -218.8278943679 151.25313
J166 98APR20 1998.2998 50923 954 1 141.2 -2395 -0.970694 4384736 0.151591 151 0.255838 0.0000 0.001090 0.001319 0.005115 -0.082823 0.074794 -0.184778 39.5965723480 -218.8278944199 151.25584
J166 98APR21 1998.3025 50924 954 2 141.2 -2395 -0.968469 4384736 0.152947 151 0.262332 0.0000 0.001102 0.001378 0.005211 -0.118549 0.046915 -0.217500 39.5965723602 -218.8278943940 151.26233
J166 98APR22 1998.3053 50925 954 3 141.2 -2395 -0.968765 4384736 0.152153 151 0.257617 0.0000 0.001084 0.001308 0.005106 -0.094688 0.058353 -0.232528 39.5965723531 -218.8278943974 151.25762
J166 98APR23 1998.3080 50926 954 4 141.2 -2395 -0.971892 4384736 0.153781 151 0.256326 0.0000 0.001077 0.001280 0.004971 -0.102595 0.039932 -0.208839 39.5965723677 -218.8278944338 151.25633
J166 98APR24 1998.3107 50927 954 5 141.2 -2395 -0.970375 4384736 0.153128 151 0.256587 0.0000 0.001102 0.001292 0.005179 -0.071506 0.000494 -0.229253 39.5965723619 -218.8278944162 151.25659
J166 98APR25 1998.3135 50928 954 6 141.2 -2395 -0.969583 4384736 0.152494 151 0.262502 0.0000 0.001097 0.001314 0.005265 -0.087320 0.054971 -0.244927 39.5965723562 -218.8278944070 151.26250
J166 98APR26 1998.3162 50929 955 0 141.2 -2395 -0.968214 4384736 0.152335 151 0.252948 0.0000 0.001083 0.001307 0.005089 -0.088680 0.055035 -0.198126 39.5965723547 -218.8278943910 151.25295
J166 98APR27 1998.3190 50930 955 1 141.2 -2395 -0.970598 4384736 0.151590 151 0.257114 0.0000 0.001100 0.001319 0.005264 -0.073293 0.023792 -0.218270 39.5965723480 -218.8278944188 151.25711
J166 98APR28 1998.3217 50931 955 2 141.2 -2395 -0.969969 4384736 0.155805 151 0.252835 0.0000 0.001221 0.001498 0.005839 -0.085492 0.031415 -0.158358 39.5965723860 -218.8278944115 151.25283
J166 98APR29 1998.3244 50932 955 3 141.2 -2395 -0.969975 4384736 0.153293 151 0.244373 0.0000 0.001135 0.001397 0.005356 -0.076189 0.078059 -0.166294 39.5965723634 -218.8278944115 151.24437
J166 98APR30 1998.3272 50933 955 4 141.2 -2395 -0.970994 4384736 0.157633 151 0.253496 0.0000 0.001091 0.001306 0.005189 -0.059296 0.023757 -0.221403 39.5965724024 -218.8278944234 151.25350
J166 98MAY01 1998.3299 50934 955 5 141.2 -2395 -0.970707 4384736 0.151067 151 0.257839 0.0000 0.001093 0.001311 0.005188 -0.089550 0.066115 -0.219407 39.5965723433 -218.8278944200 151.25784
J166 98MAY02 1998.3326 50935 955 6 141.2 -2395 -0.971743 4384736 0.151297 151 0.262645 0.0000 0.001085 0.001381 0.005206 -0.073745 0.055548 -0.167173 39.5965723454 -218.8278944321 151.26265
J166 98MAY03 1998.3354 50936 956 0 141.2 -2395 -0.971956 4384736 0.155418 151 0.255232 0.0000 0.001106 0.001398 0.005347 -0.078671 0.047158 -0.203905 39.5965723825 -218.8278944346 151.25523
J166 98MAY04 1998.3381 50937 956 1 141.2 -2395 -0.969637 4384736 0.152273 151 0.253963 0.0000 0.001143 0.001433 0.005588 -0.086945 0.076981 -0.189518 39.5965723542 -218.8278944076 151.25396
J166 98MAY05 1998.3409 50938 956 2 141.2 -2395 -0.970809 4384736 0.153671 151 0.254638 0.0000 0.001084 0.001375 0.005235 -0.078870 0.045139 -0.220034 39.5965723667 -218.8278944212 151.25464
J166 98MAY06 1998.3436 50939 956 3 141.2 -2395 -0.970003 4384736 0.157136 151 0.243760 0.0000 0.001164 0.001414 0.005588 -0.021089 0.094742 -0.242796 39.5965723980 -218.8278944119 151.24376
J166 98MAY07 1998.3463 50940 956 4 141.2 -2395 -0.970238 4384736 0.154924 151 0.263062 0.0000 0.001096 0.001354 0.005176 -0.068918 0.049564 -0.155840 39.5965723780 -218.8278944146 151.26306
J166 98MAY08 1998.3491 50941 956 5 141.2 -2395 -0.972625 4384736 0.155690 151 0.268982 0.0000 0.001106 0.001356 0.005171 -0.072618 0.050094 -0.172811 39.5965723849 -218.8278944424 151.26898
J166 98MAY09 1998.3518 50942 956 6 141.2 -2395 -0.969254 4384736 0.154229 151 0.267344 0.0000 0.001143 0.001330 0.005306 -0.069417 0.070823 -0.181418 39.5965723718 -218.8278944031 151.26734
J166 98MAY10 1998.3546 50943 957 0 141.2 -2395 -0.970366 4384736 0.156131 151 0.254457 0.0000 0.001135 0.001344 0.005363 -0.070843 0.082302 -0.200610 39.5965723889 -218.8278944161 151.25446
J166 98MAY11 1998.3573 50944 957 1 141.2 -2395 -0.969009 4384736 0.155460 151 0.257502 0.0000 0.001112 0.001348 0.005260 -0.049502 0.052372 -0.189707 39.5965723829 -218.8278944003 151.25750
J166 98MAY12 1998.3600 50945 957 2 141.2 -2395 -0.970631 4384736 0.153578 151 0.266637 0.0000 0.001136 0.001352 0.005348 -0.085970 0.041560 -0.175041 39.5965723659 -218.8278944192 151.26664
J166 98MAY13 1998.3628 50946 957 3 141.2 -2395 -0.970700 4384736 0.153751 151 0.259175 0.0000 0.001082 0.001314 0.005106 -0.065089 0.090953 -0.198969 39.5965723675 -218.8278944200 151.25917
J166 98MAY14 1998.3655 50947 957 4 141.2 -2395 -0.970993 4384736 0.152492 151 0.259879 0.0000 0.001079 0.001317 0.005070 -0.085950 0.055786 -0.179922 39.5965723561 -218.8278944234 151.25988
J166 98MAY15 1998.3682 50948 957 5 141.2 -2395 -0.970213 4384736 0.155131 151 0.250807 0.0000 0.001125 0.001359 0.005227 -0.058061 -0.014618 -0.138316 39.5965723799 -218.8278944143 151.25081
J166 98MAY16 1998.3710 50949 957 6 141.2 -2395 -0.971179 4384736 0.153190 151 0.260262 0.0000 0.001178 0.001424 0.005540 -0.081233 -0.035174 -0.145713 39.5965723624 -218.8278944255 151.26026
J166 98MAY17 1998.3737 50950 958 0 141.2 -2395 -0.966729 4384736 0.153926 151 0.259060 0.0000 0.001150 0.001417 0.005633 -0.073700 0.071614 -0.207313 39.5965723690 -218.8278943737 151.25906
J166 98MAY18 1998.3765 50951 958 1 141.2 -2395 -0.969891 4384736 0.153723 151 0.255381 0.0000 0.001134 0.001392 0.005414 -0.049985 0.035971 -0.172972 39.5965723672 -218.8278944105 151.25538
J166 98MAY19 1998.3792 50952 958 2 141.2 -2395 -0.970329 4384736 0.155000 151 0.260573 0.0000 0.001096 0.001376 0.005251 -0.078501 0.066446 -0.136924 39.5965723787 -218.8278944157 151.26057
J166 98MAY20 1998.3819 50953 958 3 141.2 -2395 -0.969952 4384736 0.155625 151 0.243656 0.0000 0.001159 0.001373 0.005406 -0.081394 0.009586 -0.162751 39.5965723843 -218.8278944113 151.24366
J166 98MAY21 1998.3847 50954 958 4 141.2 -2395 -0.972023 4384736 0.154476 151 0.255859 0.0000 0.001108 0.001358 0.005248 -0.079445 0.022558 -0.180278 39.5965723740 -218.8278944354 151.25586
J166 98MAY22 1998.3874 50955 958 5 141.2 -2395 -0.969474 4384736 0.155248 151 0.257903 0.0000 0.001140 0.001445 0.005441 -0.005797 0.054584 -0.138334 39.5965723810 -218.8278944057 151.25790
J166 98MAY23 1998.3901 50956 958 6 141.2 -2395 -0.970259 4384736 0.153082 151 0.256537 0.0000 0.001140 0.001457 0.005348 -0.086535 0.054560 -0.134080 39.5965723614 -218.8278944148 151.25654
J166 98MAY24 1998.3929 50957 959 0 141.2 -2395 -0.969046 4384736 0.152412 151 0.269068 0.0000 0.001123 0.001456 0.005421 -0.061188 0.058638 -0.147027 39.5965723554 -218.8278944007 151.26907
J166 98MAY25 1998.3956 50958 959 1 141.2 -2395 -0.970079 4384736 0.153844 151 0.274569 0.0000 0.001171 0.001441 0.005502 -0.056752 0.013944 -0.088932 39.5965723683 -218.8278944127 151.27457
J166 98MAY26 1998.3984 50959 959 2 141.2 -2395 -0.968493 4384736 0.150956 151 0.256498 0.0000 0.001115 0.001436 0.005357 -0.065315 0.034841 -0.159362 39.5965723423 -218.8278943943 151.25650
J166 98MAY27 1998.4011 50960 959 3 141.2 -2395 -0.970495 4384736 0.152176 151 0.252033 0.0000 0.001153 0.001481 0.005469 -0.057397 0.007343 -0.159892 39.5965723533 -218.8278944176 151.25203
J166 98MAY28 1998.4038 50961 959 4 141.2 -2395 -0.970997 4384736 0.152609 151 0.269115 0.0000 0.001143 0.001451 0.005466 -0.051504 0.053609 -0.126531 39.5965723572 -218.8278944234 151.26911
J166 98MAY29 1998.4066 50962 959 5 141.2 -2395 -0.969859 4384736 0.154123 151 0.271701 0.0000 0.001146 0.001488 0.005564 -0.099893 0.032491 -0.139672 39.5965723708 -218.8278944102 151.27170
J166 98MAY30 1998.4093 50963 959 6 141.2 -2395 -0.973214 4384736 0.155193 151 0.238918 0.0000 0.001174 0.001501 0.005514 -0.038647 0.011584 -0.144696 39.5965723805 -218.8278944492 151.23892
J166 98MAY31 1998.4120 50964 960 0 141.2 -2395 -0.972181 4384736 0.152268 151 0.270708 0.0000 0.001220 0.001468 0.005748 -0.063224 0.016667 -0.110610 39.5965723541 -218.8278944372 151.27071
J166 98JUN01 1998.4148 50965 960 1 141.2 -2395 -0.972923 4384736 0.153871 151 0.252415 0.0000 0.001191 0.001428 0.005531 -0.071862 -0.005369 -0.164826 39.5965723686 -218.8278944458 151.25241
J166 98JUN02 1998.4175 50966 960 2 141.2 -2395 -0.968530 4384736 0.154637 151 0.263755 0.0000 0.001113 0.001351 0.005262 -0.095357 0.066061 -0.172436 39.5965723755 -218.8278943947 151.26376
J166 98JUN03 1998.4203 50967 960 3 141.2 -2395 -0.972928 4384736 0.153888 151 0.273983 0.0000 0.001111 0.001334 0.005188 -0.075757 0.014375 -0.187900 39.5965723687 -218.8278944459 151.27398
J166 98JUN04 1998.4230 50968 960 4 141.2 -2395 -0.970717 4384736 0.153542 151 0.276149 0.0000 0.001123 0.001368 0.005328 -0.065813 0.037013 -0.159957 39.5965723656 -218.8278944202 151.27615
J166 98JUN05 1998.4257 50969 960 5 141.2 -2395 -0.971746 4384736 0.153170 151 0.261819 0.0000 0.001156 0.001352 0.005459 -0.050227 0.088675 -0.165073 39.5965723622 -218.8278944321 151.26182
J166 98JUN06 1998.4285 50970 960 6 141.2 -2395 -0.971583 4384736 0.154821 151 0.259369 0.0000 0.001183 0.001423 0.005547 -0.086214 -0.028964 -0.168580 39.5965723771 -218.8278944303 151.25937
J166 98JUN07 1998.4312 50971 961 0 141.2 -2395 -0.972117 4384736 0.153661 151 0.253943 0.0000 0.001145 0.001411 0.005445 -0.075839 0.081354 -0.151171 39.5965723667 -218.8278944365 151.25394
J166 98JUN08 1998.4339 50972 961 1 141.2 -2395 -0.972597 4384736 0.152402 151 0.254211 0.0000 0.001095 0.001344 0.005126 -0.074439 0.037830 -0.168879 39.5965723553 -218.8278944420 151.25421
J166 98JUN09 1998.4367 50973 961 2 141.2 -2395 -0.970994 4384736 0.152120 151 0.260720 0.0000 0.001093 0.001311 0.005090 -0.065078 -0.007776 -0.195751 39.5965723528 -218.8278944234 151.26072
J166 98JUN10 1998.4394 50974 961 3 141.2 -2395 -0.972400 4384736 0.151206 151 0.250173 0.0000 0.001191 0.001364 0.005496 -0.109840 0.001318 -0.184123 39.5965723445 -218.8278944398 151.25017
J166 98JUN11 1998.4422 50975 961 4 141.2 -2395 -0.972163 4384736 0.151235 151 0.261449 0.0000 0.001176 0.001410 0.005505 -0.039785 0.061813 -0.080676 39.5965723448 -218.8278944370 151.26145
J166 98JUN12 1998.4449 50976 961 5 141.2 -2395 -0.971593 4384736 0.150945 151 0.256851 0.0000 0.001178 0.001442 0.005486 -0.070779 0.023097 -0.159234 39.5965723422 -218.8278944303 151.25685
J166 98JUN13 1998.4476 50977 961 6 141.2 -2395 -0.972634 4384736 0.152917 151 0.255025 0.0000 0.001298 0.001607 0.006130 -0.069108 0.064970 -0.179739 39.5965723600 -218.8278944425 151.25503
J166 98JUN14 1998.4504 50978 962 0 141.2 -2395 -0.970306 4384736 0.152638 151 0.268327 0.0000 0.001185 0.001418 0.005433 -0.076430 -0.027050 -0.151188 39.5965723574 -218.8278944154 151.26833
J166 98JUN15 1998.4531 50979 962 1 141.2 -2395 -0.972504 4384736 0.152378 151 0.259414 0.0000 0.001174 0.001369 0.005545 -0.091661 0.050068 -0.204379 39.5965723551 -218.8278944410 151.25941
J166 98JUN16 1998.4559 50980 962 2 141.2 -2395 -0.970332 4384736 0.154847 151 0.266520 0.0000 0.001181 0.001366 0.005404 -0.081891 0.040556 -0.205614 39.5965723773 -218.8278944157 151.26652
J166 98JUN17 1998.4586 50981 962 3 141.2 -2395 -0.971130 4384736 0.155198 151 0.253624 0.0000 0.001129 0.001352 0.005272 -0.077648 0.053629 -0.194017 39.5965723805 -218.8278944250 151.25362
J166 98JUN18 1998.4613 50982 962 4 141.2 -2395 -0.969531 4384736 0.153763 151 0.258517 0.0000 0.001098 0.001311 0.005108 -0.063435 0.024782 -0.187620 39.5965723676 -218.8278944064 151.25852
J166 98JUN19 1998.4641 50983 962 5 141.2 -2395 -0.975645 4384736 0.152996 151 0.262115 0.0000 0.001156 0.001376 0.005462 -0.079997 0.008526 -0.145502 39.5965723607 -218.8278944775 151.26212
J166 98JUN20 1998.4668 50984 962 6 141.2 -2395 -0.974653 4384736 0.153187 151 0.274665 0.0000 0.001115 0.001383 0.005238 -0.083571 0.043837 -0.120942 39.5965723624 -218.8278944660 151.27466
J166 98JUN21 1998.4695 50985 963 0 141.2 -2395 -0.972804 4384736 0.154699 151 0.265439 0.0000 0.001107 0.001337 0.005206 -0.112954 0.044512 -0.190283 39.5965723760 -218.8278944445 151.26544
J166 98JUN22 1998.4723 50986 963 1 141.2 -2395 -0.973316 4384736 0.154867 151 0.264974 0.0000 0.001197 0.001470 0.005496 -0.082975 0.067257 -0.170989 39.5965723775 -218.8278944504 151.26497
J166 98JUN23 1998.4750 50987 963 2 141.2 -2395 -0.971551 4384736 0.155659 151 0.265675 0.0000 0.001185 0.001421 0.005499 -0.069763 0.034411 -0.110940 39.5965723847 -218.8278944299 151.26568
J166 98JUN24 1998.4778 50988 963 3 141.2 -2395 -0.973488 4384736 0.153974 151 0.254986 0.0000 0.001124 0.001335 0.005235 -0.052948 0.065460 -0.199950 39.5965723695 -218.8278944524 151.25499
J166 98JUN25 1998.4805 50989 963 4 141.2 -2395 -0.973959 4384736 0.156026 151 0.263967 0.0000 0.001160 0.001413 0.005563 -0.041832 -0.039391 -0.224176 39.5965723880 -218.8278944579 151.26397
J166 98JUN26 1998.4832 50990 963 5 141.2 -2395 -0.972329 4384736 0.154571 151 0.263802 0.0000 0.001141 0.001369 0.005376 -0.095127 0.068941 -0.217768 39.5965723749 -218.8278944389 151.26380
J166 98JUN27 1998.4860 50991 963 6 141.2 -2395 -0.977415 4384736 0.161360 151 0.245927 0.0000 0.001193 0.001431 0.005664 -0.126218 0.120813 -0.280935 39.5965724360 -218.8278944982 151.24593
J166 98JUN28 1998.4887 50992 964 0 141.2 -2395 -0.971288 4384736 0.155149 151 0.275068 0.0000 0.001141 0.001352 0.005302 -0.074862 0.100819 -0.206524 39.5965723801 -218.8278944268 151.27507
J166 98JUN29 1998.4914 50993 964 1 141.2 -2395 -0.970906 4384736 0.154718 151 0.270412 0.0000 0.001171 0.001445 0.005538 -0.065480 0.012266 -0.127879 39.5965723762 -218.8278944224 151.27041
J166 98JUN30 1998.4942 50994 964 2 141.2 -2395 -0.971974 4384736 0.157007 151 0.265822 0.0000 0.001269 0.001458 0.005601 -0.126253 0.086713 -0.218493 39.5965723968 -218.8278944348 151.26582
J166 98JUL01 1998.4969 50995 964 3 141.2 -2395 -0.966630 4384736 0.152865 151 0.263107 0.0000 0.001241 0.001480 0.005945 -0.067069 0.067191 -0.234229 39.5965723595 -218.8278943726 151.26311
J166 98JUL02 1998.4997 50996 964 4 141.2 -2395 -0.967310 4384736 0.154987 151 0.285086 0.0000 0.001217 0.001487 0.005693 -0.063529 0.042957 -0.147083 39.5965723786 -218.8278943805 151.28509
J166 98JUL03 1998.5024 50997 964 5 141.2 -2395 -0.968875 4384736 0.155327 151 0.258997 0.0000 0.001209 0.001508 0.005856 -0.055990 0.109158 -0.062972 39.5965723817 -218.8278943987 151.25900
J166 98JUL04 1998.5051 50998 964 6 141.2 -2395 -0.966342 4384736 0.157778 151 0.271880 0.0000 0.001248 0.001485 0.005753 -0.124687 0.101441 -0.113782 39.5965724037 -218.8278943692 151.27188
J166 98JUL05 1998.5079 50999 965 0 141.2 -2395 -0.973590 4384736 0.155291 151 0.269180 0.0000 0.001179 0.001420 0.005616 -0.082225 0.033846 -0.191799 39.5965723813 -218.8278944536 151.26918
J166 98JUL06 1998.5106 51000 965 1 141.2 -2395 -0.964960 4384736 0.156814 151 0.276989 0.0000 0.001246 0.001529 0.005823 -0.041048 -0.020703 -0.156607 39.5965723951 -218.8278943532 151.27699
J166 98JUL07 1998.5133 51001 965 2 141.2 -2395 -0.966567 4384736 0.156709 151 0.273875 0.0000 0.001183 0.001409 0.005638 -0.073645 -0.017185 -0.259967 39.5965723941 -218.8278943719 151.27387
J166 98JUL08 1998.5161 51002 965 3 141.2 -2395 -0.969250 4384736 0.151689 151 0.267500 0.0000 0.001236 0.001517 0.005807 -0.029588 0.046857 -0.126424 39.5965723489 -218.8278944031 151.26750
J166 98JUL09 1998.5188 51003 965 4 141.2 -2395 -0.968902 4384736 0.155327 151 0.274921 0.0000 0.001235 0.001499 0.005915 -0.081480 0.103237 -0.240430 39.5965723817 -218.8278943990 151.27492
J166 98JUL10 1998.5216 51004 965 5 141.2 -2395 -0.971501 4384736 0.154079 151 0.254235 0.0000 0.001137 0.001363 0.005196 -0.044796 0.009526 -0.133017 39.5965723704 -218.8278944293 151.25424
J166 98JUL11 1998.5243 51005 965 6 141.2 -2395 -0.967538 4384736 0.156158 151 0.269087 0.0000 0.001170 0.001443 0.005460 -0.104610 0.094278 -0.149040 39.5965723892 -218.8278943832 151.26909
J166 98JUL12 1998.5270 51006 966 0 141.2 -2395 -0.969978 4384736 0.157386 151 0.259525 0.0000 0.001127 0.001422 0.005391 -0.105517 0.072040 -0.175472 39.5965724002 -218.8278944116 151.25953
J166 98JUL13 1998.5298 51007 966 1 141.2 -2395 -0.967121 4384736 0.156387 151 0.261016 0.0000 0.001130 0.001354 0.005294 -0.120926 0.075216 -0.189546 39.5965723912 -218.8278943783 151.26102
J166 98JUL14 1998.5325 51008 966 2 141.2 -2395 -0.968344 4384736 0.157207 151 0.256661 0.0000 0.001194 0.001423 0.005682 -0.107756 0.074078 -0.220409 39.5965723986 -218.8278943925 151.25666
J166 98JUL15 1998.5352 51009 966 3 141.2 -2395 -0.966846 4384736 0.154121 151 0.260435 0.0000 0.001213 0.001426 0.005687 -0.096879 0.037327 -0.194490 39.5965723708 -218.8278943751 151.26043
J166 98JUL16 1998.5380 51010 966 4 141.2 -2395 -0.971945 4384736 0.156817 151 0.259945 0.0000 0.001200 0.001434 0.005542 -0.117902 0.082401 -0.190483 39.5965723951 -218.8278944345 151.25995
J166 98JUL17 1998.5407 51011 966 5 141.2 -2395 -0.968530 4384736 0.155758 151 0.262421 0.0000 0.001138 0.001391 0.005313 -0.081865 -0.019968 -0.136140 39.5965723855 -218.8278943947 151.26242
J166 98JUL18 1998.5435 51012 966 6 141.2 -2395 -0.967685 4384736 0.154773 151 0.263538 0.0000 0.001160 0.001408 0.005502 -0.061486 0.061565 -0.107240 39.5965723767 -218.8278943849 151.26354
J166 98JUL19 1998.5462 51013 967 0 141.2 -2395 -0.966672 4384736 0.156246 151 0.261061 0.0000 0.001137 0.001384 0.005382 -0.082809 0.028898 -0.169673 39.5965723899 -218.8278943731 151.26106
J166 98JUL20 1998.5489 51014 967 1 141.2 -2395 -0.971457 4384736 0.156455 151 0.267139 0.0000 0.001207 0.001527 0.005854 -0.091893 0.098175 -0.169683 39.5965723918 -218.8278944288 151.26714
J166 98JUL21 1998.5517 51015 967 2 141.2 -2395 -0.972535 4384736 0.155346 151 0.256698 0.0000 0.001133 0.001348 0.005330 -0.066646 0.090643 -0.191229 39.5965723818 -218.8278944413 151.25670
J166 98JUL22 1998.5544 51016 967 3 141.2 -2395 -0.969910 4384736 0.155574 151 0.262102 0.0000 0.001255 0.001534 0.005887 -0.083131 0.047158 -0.165596 39.5965723839 -218.8278944108 151.26210
J166 98JUL23 1998.5572 51017 967 4 141.2 -2395 -0.972242 4384736 0.155316 151 0.258033 0.0000 0.001177 0.001468 0.005422 -0.137534 0.082795 -0.132004 39.5965723816 -218.8278944379 151.25803
J166 98JUL24 1998.5599 51018 967 5 141.2 -2395 -0.971095 4384736 0.154883 151 0.246214 0.0000 0.001086 0.001348 0.005093 -0.070723 0.023202 -0.172912 39.5965723777 -218.8278944246 151.24621
J166 98JUL25 1998.5626 51019 967 6 141.2 -2395 -0.971369 4384736 0.153728 151 0.262650 0.0000 0.001125 0.001347 0.005313 -0.096001 0.058147 -0.176534 39.5965723673 -218.8278944278 151.26265
J166 98JUL26 1998.5654 51020 968 0 141.2 -2395 -0.973566 4384736 0.156449 151 0.255006 0.0000 0.001118 0.001313 0.005191 -0.048499 0.033095 -0.197811 39.5965723918 -218.8278944533 151.25501
J166 98JUL27 1998.5681 51021 968 1 141.2 -2395 -0.970034 4384736 0.155519 151 0.256454 0.0000 0.001203 0.001479 0.005527 -0.052016 0.033886 -0.133857 39.5965723834 -218.8278944122 151.25645
J166 98JUL28 1998.5708 51022 968 2 141.2 -2395 -0.968689 4384736 0.155523 151 0.254364 0.0000 0.001119 0.001335 0.005293 -0.100445 0.044330 -0.218639 39.5965723834 -218.8278943966 151.25436
J166 98JUL29 1998.5736 51023 968 3 141.2 -2395 -0.969119 4384736 0.154250 151 0.266176 0.0000 0.001112 0.001311 0.005076 -0.075317 0.033382 -0.175988 39.5965723720 -218.8278944016 151.26618
J166 98JUL30 1998.5763 51024 968 4 141.2 -2395 -0.970938 4384736 0.153396 151 0.267185 0.0000 0.001145 0.001363 0.005302 -0.049215 -0.010392 -0.196700 39.5965723643 -218.8278944227 151.26718
J166 98JUL31 1998.5791 51025 968 5 141.2 -2395 -0.972535 4384736 0.153700 151 0.259949 0.0000 0.001250 0.001430 0.005683 -0.116313 0.016729 -0.134634 39.5965723670 -218.8278944413 151.25995
J166 98AUG01 1998.5818 51026 968 6 141.2 -2395 -0.970168 4384736 0.155049 151 0.258237 0.0000 0.001162 0.001378 0.005334 -0.128847 0.116501 -0.159679 39.5965723792 -218.8278944138 151.25824
J166 98AUG02 1998.5845 51027 969 0 141.2 -2395 -0.970294 4384736 0.152973 151 0.265305 0.0000 0.001153 0.001410 0.005460 -0.079935 0.032340 -0.174380 39.5965723605 -218.8278944152 151.26531
J166 98AUG03 1998.5873 51028 969 1 141.2 -2395 -0.967238 4384736 0.158049 151 0.251237 0.0000 0.001312 0.001582 0.006266 -0.082953 0.048299 -0.247069 39.5965724062 -218.8278943797 151.25124
J166 98AUG04 1998.5900 51029 969 2 141.2 -2395 -0.972953 4384736 0.154888 151 0.249546 0.0000 0.001199 0.001373 0.005468 -0.033391 0.082558 -0.158996 39.5965723777 -218.8278944462 151.24955
J166 98AUG05 1998.5927 51030 969 3 141.2 -2395 -0.970190 4384736 0.157215 151 0.263616 0.0000 0.001212 0.001445 0.005588 -0.066592 0.067348 -0.116128 39.5965723987 -218.8278944140 151.26362
J166 98AUG06 1998.5955 51031 969 4 141.2 -2395 -0.968580 4384736 0.155350 151 0.261442 0.0000 0.001354 0.001570 0.006447 -0.024030 0.025673 -0.204268 39.5965723819 -218.8278943953 151.26144
J166 98AUG07 1998.5982 51032 969 5 141.2 -2395 -0.970233 4384736 0.157866 151 0.263153 0.0000 0.001130 0.001335 0.005345 -0.030107 0.039844 -0.221341 39.5965724045 -218.8278944145 151.26315
J166 98AUG08 1998.6010 51033 969 6 141.2 -2395 -0.973772 4384736 0.156544 151 0.248337 0.0000 0.001091 0.001307 0.005077 -0.078647 0.085038 -0.166124 39.5965723926 -218.8278944557 151.24834
J166 98AUG09 1998.6037 51034 970 0 141.2 -2395 -0.970452 4384736 0.155856 151 0.237992 0.0000 0.001187 0.001406 0.005452 -0.025429 -0.034451 -0.176236 39.5965723864 -218.8278944171 151.23799
J166 98AUG10 1998.6064 51035 970 1 141.2 -2395 -0.973198 4384736 0.157894 151 0.245110 0.0000 0.001100 0.001362 0.005199 -0.047354 0.070411 -0.163897 39.5965724048 -218.8278944491 151.24511
J166 98AUG11 1998.6092 51036 970 2 141.2 -2395 -0.970047 4384736 0.161269 151 0.262547 0.0000 0.001248 0.001468 0.005765 -0.027200 -0.009300 -0.161534 39.5965724352 -218.8278944124 151.26255
J166 98AUG12 1998.6119 51037 970 3 141.2 -2395 -0.968727 4384736 0.156999 151 0.254627 0.0000 0.001142 0.001382 0.005486 -0.076049 0.047335 -0.144387 39.5965723967 -218.8278943970 151.25463
J166 98AUG13 1998.6146 51038 970 4 141.2 -2395 -0.971895 4384736 0.158689 151 0.273644 0.0000 0.001145 0.001405 0.005399 -0.098706 0.075042 -0.213697 39.5965724119 -218.8278944339 151.27364
J166 98AUG14 1998.6174 51039 970 5 141.2 -2395 -0.970147 4384736 0.159412 151 0.253712 0.0000 0.001136 0.001353 0.005370 -0.077599 0.068747 -0.229172 39.5965724185 -218.8278944136 151.25371
J166 98AUG15 1998.6201 51040 970 6 141.2 -2395 -0.970779 4384736 0.157661 151 0.247293 0.0000 0.001193 0.001439 0.005583 -0.107945 0.069610 -0.174735 39.5965724027 -218.8278944209 151.24729
J166 98AUG16 1998.6229 51041 971 0 141.2 -2395 -0.974340 4384736 0.159064 151 0.255403 0.0000 0.001253 0.001553 0.005827 0.000338 0.003334 -0.148166 39.5965724153 -218.8278944624 151.25540
J166 98AUG17 1998.6256 51042 971 1 141.2 -2395 -0.968178 4384736 0.157347 151 0.253656 0.0000 0.001084 0.001333 0.005046 -0.049628 0.058778 -0.125899 39.5965723999 -218.8278943906 151.25366
J166 98AUG18 1998.6283 51043 971 2 141.2 -2395 -0.967446 4384736 0.154550 151 0.255210 0.0000 0.001092 0.001326 0.005161 -0.082958 0.017012 -0.197039 39.5965723747 -218.8278943821 151.25521
J166 98AUG19 1998.6311 51044 971 3 141.2 -2395 -0.966360 4384736 0.154914 151 0.255061 0.0000 0.001171 0.001448 0.005600 -0.112845 0.075870 -0.169146 39.5965723779 -218.8278943694 151.25506
J166 98AUG20 1998.6338 51045 971 4 141.2 -2395 -0.964752 4384736 0.159262 151 0.272831 0.0000 0.001128 0.001370 0.005379 -0.081078 0.042398 -0.166372 39.5965724171 -218.8278943507 151.27283
J166 98AUG21 1998.6366 51046 971 5 141.2 -2395 -0.969956 4384736 0.161235 151 0.258188 0.0000 0.001137 0.001401 0.005258 -0.046465 0.079630 -0.124092 39.5965724349 -218.8278944113 151.25819
J166 98AUG22 1998.6393 51047 971 6 141.2 -2395 -0.969335 4384736 0.159425 151 0.262232 0.0000 0.001128 0.001348 0.005233 -0.004375 -0.005970 -0.162011 39.5965724186 -218.8278944041 151.26223
J166 98AUG23 1998.6420 51048 972 0 141.2 -2395 -0.968306 4384736 0.158938 151 0.261842 0.0000 0.001134 0.001361 0.005349 -0.039690 0.058920 -0.121294 39.5965724142 -218.8278943921 151.26184
J166 98AUG24 1998.6448 51049 972 1 141.2 -2395 -0.972389 4384736 0.152955 151 0.264339 0.0000 0.001107 0.001305 0.005161 -0.065801 0.028698 -0.181732 39.5965723603 -218.8278944396 151.26434
J166 98AUG25 1998.6475 51050 972 2 141.2 -2395 -0.970411 4384736 0.156562 151 0.266843 0.0000 0.001121 0.001355 0.005268 -0.066152 0.024159 -0.138505 39.5965723928 -218.8278944166 151.26684
J166 98AUG26 1998.6502 51051 972 3 141.2 -2395 -0.969967 4384736 0.156096 151 0.262218 0.0000 0.001122 0.001393 0.005359 -0.009488 0.021786 -0.122697 39.5965723886 -218.8278944114 151.26222
J166 98AUG27 1998.6530 51052 972 4 141.2 -2395 -0.962655 4384736 0.151995 151 0.271075 0.0000 0.001113 0.001343 0.005295 -0.070655 0.069496 -0.166369 39.5965723517 -218.8278943263 151.27108
J166 98AUG28 1998.6557 51053 972 5 141.2 -2395 -0.968386 4384736 0.156845 151 0.269078 0.0000 0.001091 0.001361 0.005179 -0.068190 0.068455 -0.178839 39.5965723953 -218.8278943930 151.26908
J166 98AUG29 1998.6585 51054 972 6 141.2 -2395 -0.965043 4384736 0.154036 151 0.263347 0.0000 0.001057 0.001285 0.004901 -0.062132 0.058796 -0.167011 39.5965723700 -218.8278943541 151.26335
J166 98AUG30 1998.6612 51055 973 0 141.2 -2395 -0.965542 4384736 0.155710 151 0.268158 0.0000 0.001137 0.001318 0.005295 -0.066174 -0.014772 -0.222611 39.5965723851 -218.8278943599 151.26816
J166 98AUG31 1998.6639 51056 973 1 141.2 -2395 -0.966641 4384736 0.156935 151 0.257596 0.0000 0.001095 0.001296 0.005125 -0.056847 0.045483 -0.212571 39.5965723961 -218.8278943727 151.25760
J166 98SEP01 1998.6667 51057 973 2 141.2 -2395 -0.964447 4384736 0.156144 151 0.251092 0.0000 0.001113 0.001343 0.005265 -0.066933 0.049339 -0.226737 39.5965723890 -218.8278943472 151.25109
J166 98SEP02 1998.6694 51058 973 3 141.2 -2395 -0.970944 4384736 0.159301 151 0.266842 0.0000 0.001114 0.001313 0.005179 -0.088902 0.025539 -0.213260 39.5965724175 -218.8278944228 151.26684
J166 98SEP03 1998.6721 51059 973 4 141.2 -2395 -0.967185 4384736 0.159979 151 0.252330 0.0000 0.001086 0.001303 0.005061 -0.068308 0.018813 -0.207847 39.5965724236 -218.8278943791 151.25233
J166 98SEP04 1998.6749 51060 973 5 141.2 -2395 -0.973165 4384736 0.161284 151 0.255188 0.0000 0.001107 0.001304 0.005049 -0.053065 0.003397 -0.171242 39.5965724353 -218.8278944487 151.25519
J166 98SEP05 1998.6776 51061 973 6 141.2 -2395 -0.972464 4384736 0.160030 151 0.257352 0.0000 0.001055 0.001287 0.004897 -0.070376 0.028544 -0.193786 39.5965724240 -218.8278944405 151.25735
J166 98SEP06 1998.6804 51062 974 0 141.2 -2395 -0.970879 4384736 0.157069 151 0.261434 0.0000 0.001070 0.001284 0.004969 -0.068594 0.026352 -0.202042 39.5965723974 -218.8278944221 151.26143
J166 98SEP07 1998.6831 51063 974 1 141.2 -2395 -0.970160 4384736 0.155185 151 0.261507 0.0000 0.001094 0.001299 0.005114 -0.062302 0.035754 -0.220493 39.5965723804 -218.8278944137 151.26151
J166 98SEP08 1998.6858 51064 974 2 141.2 -2395 -0.971139 4384736 0.157651 151 0.248613 0.0000 0.001079 0.001308 0.004982 -0.076627 0.029697 -0.191361 39.5965724026 -218.8278944251 151.24861
J166 98SEP09 1998.6886 51065 974 3 141.2 -2395 -0.974535 4384736 0.156370 151 0.247678 0.0000 0.001096 0.001327 0.005073 -0.072543 -0.017405 -0.190195 39.5965723911 -218.8278944646 151.24768
J166 98SEP10 1998.6913 51066 974 4 141.2 -2395 -0.976000 4384736 0.156866 151 0.247950 0.0000 0.001063 0.001296 0.004896 -0.071249 0.017446 -0.157913 39.5965723955 -218.8278944817 151.24795
J166 98SEP11 1998.6940 51067 974 5 141.2 -2395 -0.970747 4384736 0.154850 151 0.249673 0.0000 0.001096 0.001360 0.005126 -0.101070 0.015455 -0.194334 39.5965723774 -218.8278944205 151.24967
J166 98SEP12 1998.6968 51068 974 6 141.2 -2395 -0.972083 4384736 0.158190 151 0.251011 0.0000 0.001063 0.001300 0.004936 -0.060280 0.005137 -0.169031 39.5965724075 -218.8278944361 151.25101
J166 98SEP13 1998.6995 51069 975 0 141.2 -2395 -0.971374 4384736 0.157095 151 0.262117 0.0000 0.001132 0.001329 0.005244 -0.079718 0.076597 -0.212484 39.5965723976 -218.8278944278 151.26212
J166 98SEP14 1998.7023 51070 975 1 141.2 -2395 -0.970119 4384736 0.156041 151 0.251902 0.0000 0.001139 0.001348 0.005316 -0.107627 0.035558 -0.182650 39.5965723881 -218.8278944132 151.25190
J166 98SEP15 1998.7050 51071 975 2 141.2 -2395 -0.969700 4384736 0.155361 151 0.261441 0.0000 0.001120 0.001318 0.005202 -0.110954 0.053989 -0.174371 39.5965723820 -218.8278944083 151.26144
J166 98SEP16 1998.7077 51072 975 3 141.2 -2395 -0.970030 4384736 0.157283 151 0.239995 0.0000 0.001161 0.001401 0.005618 -0.115804 0.076528 -0.152775 39.5965723993 -218.8278944122 151.23999
J166 98SEP17 1998.7105 51073 975 4 141.2 -2395 -0.971733 4384736 0.157991 151 0.259968 0.0000 0.001136 0.001339 0.005322 -0.099000 0.026982 -0.180820 39.5965724057 -218.8278944320 151.25997
J166 98SEP18 1998.7132 51074 975 5 141.2 -2395 -0.967403 4384736 0.153338 151 0.268639 0.0000 0.001158 0.001363 0.005516 -0.112929 0.048844 -0.203407 39.5965723638 -218.8278943816 151.26864
J166 98SEP19 1998.7159 51075 975 6 141.2 -2395 -0.967217 4384736 0.155323 151 0.269084 0.0000 0.001097 0.001323 0.005157 -0.094988 0.051032 -0.190341 39.5965723816 -218.8278943794 151.26908
J166 98SEP20 1998.7187 51076 976 0 141.2 -2395 -0.971626 4384736 0.150608 151 0.261467 0.0000 0.001101 0.001321 0.005165 -0.086661 0.044027 -0.145685 39.5965723392 -218.8278944307 151.26147
J166 98SEP21 1998.7214 51077 976 1 141.2 -2395 -0.971093 4384736 0.152995 151 0.277382 0.0000 0.001110 0.001337 0.005187 -0.074782 0.039260 -0.150834 39.5965723607 -218.8278944245 151.27738
J166 98SEP22 1998.7242 51078 976 2 141.2 -2395 -0.973157 4384736 0.155018 151 0.269044 0.0000 0.001158 0.001378 0.005470 -0.082904 0.027526 -0.207640 39.5965723789 -218.8278944486 151.26904
J166 98SEP23 1998.7269 51079 976 3 141.2 -2395 -0.968099 4384736 0.155171 151 0.255815 0.0000 0.001143 0.001380 0.005424 -0.056287 0.010910 -0.200441 39.5965723803 -218.8278943897 151.25581
J166 98SEP24 1998.7296 51080 976 4 141.2 -2395 -0.971506 4384736 0.159541 151 0.263663 0.0000 0.001140 0.001342 0.005308 -0.084907 0.081648 -0.176441 39.5965724196 -218.8278944294 151.26366
J166 98SEP25 1998.7324 51081 976 5 141.2 -2395 -0.973365 4384736 0.153326 151 0.249572 0.0000 0.001177 0.001451 0.005695 -0.065089 0.003920 -0.126515 39.5965723636 -218.8278944510 151.24957
J166 98SEP26 1998.7351 51082 976 6 141.2 -2395 -0.970184 4384736 0.151095 151 0.252631 0.0000 0.001107 0.001316 0.005138 -0.053860 -0.024673 -0.165557 39.5965723436 -218.8278944140 151.25263
J166 98SEP27 1998.7379 51083 977 0 141.2 -2395 -0.969421 4384736 0.149833 151 0.244213 0.0000 0.001085 0.001299 0.005046 -0.071199 0.045976 -0.181374 39.5965723322 -218.8278944051 151.24421
J166 98SEP28 1998.7406 51084 977 1 141.2 -2395 -0.971334 4384736 0.151137 151 0.253389 0.0000 0.001062 0.001284 0.004927 -0.048317 0.015921 -0.189962 39.5965723439 -218.8278944273 151.25339
J166 98SEP29 1998.7433 51085 977 2 141.2 -2395 -0.971070 4384736 0.156149 151 0.267806 0.0000 0.001062 0.001292 0.004931 -0.058559 0.041610 -0.156970 39.5965723891 -218.8278944243 151.26781
J166 98SEP30 1998.7461 51086 977 3 141.2 -2395 -0.972523 4384736 0.151878 151 0.265519 0.0000 0.001078 0.001310 0.005039 -0.069885 0.023187 -0.165941 39.5965723506 -218.8278944412 151.26552
J166 98OCT01 1998.7488 51087 977 4 141.2 -2395 -0.969262 4384736 0.153958 151 0.269604 0.0000 0.001124 0.001339 0.005264 -0.055033 0.000090 -0.163701 39.5965723693 -218.8278944032 151.26960
J166 98OCT02 1998.7515 51088 977 5 141.2 -2395 -0.963146 4384736 0.151675 151 0.262444 0.0000 0.001121 0.001389 0.005338 -0.040922 0.053055 -0.162498 39.5965723488 -218.8278943320 151.26244
J166 98OCT03 1998.7543 51089 977 6 141.2 -2395 -0.970520 4384736 0.149904 151 0.253463 0.0000 0.001095 0.001347 0.005197 -0.044219 -0.028263 -0.161016 39.5965723328 -218.8278944179 151.25346
J166 98OCT04 1998.7570 51090 978 0 141.2 -2395 -0.970807 4384736 0.154712 151 0.240785 0.0000 0.001138 0.001386 0.005355 -0.068007 0.045731 -0.150233 39.5965723761 -218.8278944212 151.24079
J166 98OCT05 1998.7598 51091 978 1 141.2 -2395 -0.969077 4384736 0.154130 151 0.260308 0.0000 0.001101 0.001335 0.005153 -0.057471 0.101294 -0.161218 39.5965723709 -218.8278944011 151.26031
J166 98OCT06 1998.7625 51092 978 2 141.2 -2395 -0.964289 4384736 0.151269 151 0.257348 0.0000 0.001095 0.001342 0.005122 -0.061543 0.068373 -0.160274 39.5965723451 -218.8278943453 151.25735
J166 98OCT07 1998.7652 51093 978 3 141.2 -2395 -0.973740 4384736 0.153618 151 0.268150 0.0000 0.001143 0.001339 0.005155 -0.104520 0.041081 -0.172216 39.5965723663 -218.8278944554 151.26815
J166 98OCT08 1998.7680 51094 978 4 141.2 -2395 -0.967689 4384736 0.158370 151 0.248902 0.0000 0.001204 0.001411 0.005648 -0.076231 0.018184 -0.161877 39.5965724091 -218.8278943849 151.24890
J166 98OCT09 1998.7707 51095 978 5 141.2 -2395 -0.966432 4384736 0.156481 151 0.248505 0.0000 0.001191 0.001408 0.005401 -0.087336 0.018415 -0.131586 39.5965723921 -218.8278943703 151.24850
J166 98OCT10 1998.7734 51096 978 6 141.2 -2395 -0.969126 4384736 0.156574 151 0.231677 0.0000 0.001176 0.001373 0.005312 -0.085406 0.014975 -0.172170 39.5965723929 -218.8278944017 151.23168
J166 98OCT11 1998.7762 51097 979 0 141.2 -2395 -0.966662 4384736 0.156103 151 0.232548 0.0000 0.001159 0.001373 0.005187 -0.093355 0.052433 -0.175858 39.5965723887 -218.8278943730 151.23255
J166 98OCT12 1998.7789 51098 979 1 141.2 -2395 -0.969318 4384736 0.153210 151 0.237753 0.0000 0.001203 0.001427 0.005367 -0.112764 0.023007 -0.173915 39.5965723626 -218.8278944039 151.23775
J166 98OCT13 1998.7817 51099 979 2 141.2 -2395 -0.968367 4384736 0.153535 151 0.247696 0.0000 0.001219 0.001482 0.005456 -0.119726 0.044927 -0.153304 39.5965723655 -218.8278943928 151.24770
J166 98OCT14 1998.7844 51100 979 3 141.2 -2395 -0.969063 4384736 0.154150 151 0.254951 0.0000 0.001178 0.001394 0.005367 -0.082228 0.040920 -0.176013 39.5965723711 -218.8278944009 151.25495
J166 98OCT15 1998.7871 51101 979 4 141.2 -2395 -0.960188 4384736 0.151893 151 0.273315 0.0000 0.001118 0.001437 0.005338 -0.069970 0.070589 -0.185497 39.5965723507 -218.8278942976 151.27331
J166 98OCT16 1998.7899 51102 979 5 141.2 -2395 -0.966130 4384736 0.151990 151 0.252685 0.0000 0.001133 0.001351 0.005378 -0.049913 0.005873 -0.217739 39.5965723516 -218.8278943668 151.25268
J166 98OCT17 1998.7926 51103 979 6 141.2 -2395 -0.967495 4384736 0.153099 151 0.255440 0.0000 0.001100 0.001340 0.005289 -0.045726 -0.003011 -0.232745 39.5965723616 -218.8278943827 151.25544
J166 98OCT18 1998.7953 51104 980 0 141.2 -2395 -0.970755 4384736 0.146924 151 0.251054 0.0000 0.001187 0.001388 0.005657 -0.093638 0.117134 -0.222282 39.5965723060 -218.8278944206 151.25105
J166 98OCT19 1998.7981 51105 980 1 141.2 -2395 -0.968997 4384736 0.156301 151 0.258209 0.0000 0.001157 0.001387 0.005606 -0.071274 0.029379 -0.209374 39.5965723904 -218.8278944001 151.25821
J166 98OCT20 1998.8008 51106 980 2 141.2 -2395 -0.964314 4384736 0.151029 151 0.249654 0.0000 0.001117 0.001355 0.005284 -0.089958 0.018284 -0.224734 39.5965723430 -218.8278943456 151.24965
J166 98OCT21 1998.8036 51107 980 3 141.2 -2395 -0.968879 4384736 0.155728 151 0.257283 0.0000 0.001152 0.001428 0.005378 -0.071189 0.057776 -0.170413 39.5965723853 -218.8278943988 151.25728
J166 98OCT22 1998.8063 51108 980 4 141.2 -2395 -0.966657 4384736 0.155466 151 0.252615 0.0000 0.001122 0.001347 0.005237 -0.032869 0.028340 -0.195919 39.5965723829 -218.8278943729 151.25261
J166 98OCT23 1998.8090 51109 980 5 141.2 -2395 -0.967865 4384736 0.158130 151 0.242103 0.0000 0.001105 0.001345 0.005198 -0.062119 0.027392 -0.180895 39.5965724069 -218.8278943870 151.24210
J166 98OCT24 1998.8118 51110 980 6 141.2 -2395 -0.963389 4384736 0.160139 151 0.249778 0.0000 0.001164 0.001374 0.005554 -0.090504 0.038681 -0.194156 39.5965724250 -218.8278943349 151.24978
J166 98OCT25 1998.8145 51111 981 0 141.2 -2395 -0.965691 4384736 0.159289 151 0.256179 0.0000 0.001112 0.001337 0.005256 -0.068534 0.010788 -0.204814 39.5965724174 -218.8278943617 151.25618
J166 98OCT26 1998.8172 51112 981 1 141.2 -2395 -0.967284 4384736 0.159367 151 0.235622 0.0000 0.001205 0.001386 0.005476 -0.122324 0.030188 -0.162284 39.5965724181 -218.8278943802 151.23562
J166 98OCT27 1998.8200 51113 981 2 141.2 -2395 -0.965703 4384736 0.157584 151 0.248590 0.0000 0.001128 0.001344 0.005322 -0.057726 -0.024263 -0.190315 39.5965724020 -218.8278943618 151.24859
J166 98OCT28 1998.8227 51114 981 3 141.2 -2395 -0.971290 4384736 0.153119 151 0.250751 0.0000 0.001129 0.001346 0.005342 -0.090691 0.019582 -0.224289 39.5965723618 -218.8278944268 151.25075
J166 98OCT29 1998.8255 51115 981 4 141.2 -2395 -0.962865 4384736 0.153404 151 0.254836 0.0000 0.001124 0.001347 0.005400 -0.062266 -0.002553 -0.196549 39.5965723643 -218.8278943287 151.25484
J166 98OCT30 1998.8282 51116 981 5 141.2 -2395 -0.965412 4384736 0.153679 151 0.254554 0.0000 0.001109 0.001314 0.005165 -0.076217 0.045867 -0.218420 39.5965723668 -218.8278943584 151.25455
J166 98OCT31 1998.8309 51117 981 6 141.2 -2395 -0.966356 4384736 0.156991 151 0.264237 0.0000 0.001117 0.001334 0.005402 -0.064921 0.026047 -0.232980 39.5965723967 -218.8278943694 151.26424
J166 98NOV01 1998.8337 51118 982 0 141.2 -2395 -0.964356 4384736 0.159242 151 0.248977 0.0000 0.001105 0.001336 0.005289 -0.080707 0.062121 -0.204632 39.5965724169 -218.8278943461 151.24898
J166 98NOV02 1998.8364 51119 982 1 141.2 -2395 -0.968384 4384736 0.156030 151 0.264758 0.0000 0.001166 0.001369 0.005463 -0.105550 0.048390 -0.236833 39.5965723880 -218.8278943930 151.26476
J166 98NOV03 1998.8392 51120 982 2 141.2 -2395 -0.963638 4384736 0.153543 151 0.260205 0.0000 0.001190 0.001389 0.005651 -0.038806 -0.006056 -0.240507 39.5965723656 -218.8278943378 151.26021
J166 98NOV04 1998.8419 51121 982 3 141.2 -2395 -0.967946 4384736 0.158122 151 0.274259 0.0000 0.001144 0.001354 0.005476 -0.100068 0.079048 -0.232137 39.5965724068 -218.8278943879 151.27426
J166 98NOV05 1998.8446 51122 982 4 141.2 -2395 -0.968535 4384736 0.157976 151 0.248511 0.0000 0.001137 0.001383 0.005480 -0.059366 0.056425 -0.257500 39.5965724055 -218.8278943948 151.24851
J166 98NOV06 1998.8474 51123 982 5 141.2 -2395 -0.968386 4384736 0.160005 151 0.251163 0.0000 0.001140 0.001352 0.005409 -0.105180 0.111545 -0.203325 39.5965724238 -218.8278943930 151.25116
J166 98NOV07 1998.8501 51124 982 6 141.2 -2395 -0.962138 4384736 0.158212 151 0.256315 0.0000 0.001172 0.001393 0.005525 -0.096290 0.041687 -0.175134 39.5965724077 -218.8278943203 151.25631
J166 98NOV08 1998.8528 51125 983 0 141.2 -2395 -0.965979 4384736 0.157285 151 0.248405 0.0000 0.001117 0.001352 0.005314 -0.038945 0.030211 -0.185474 39.5965723993 -218.8278943650 151.24841
J166 98NOV09 1998.8556 51126 983 1 141.2 -2395 -0.968375 4384736 0.157788 151 0.255036 0.0000 0.001155 0.001470 0.005493 -0.084662 0.012350 -0.106236 39.5965724038 -218.8278943929 151.25504
J166 98NOV10 1998.8583 51127 983 2 141.2 -2395 -0.972263 4384736 0.158565 151 0.255247 0.0000 0.001141 0.001340 0.005431 -0.082532 0.059009 -0.184332 39.5965724108 -218.8278944382 151.25525
J166 98NOV11 1998.8611 51128 983 3 141.2 -2395 -0.967364 4384736 0.156863 151 0.250713 0.0000 0.001101 0.001313 0.005219 -0.064593 0.087564 -0.193818 39.5965723955 -218.8278943811 151.25071
J166 98NOV12 1998.8638 51129 983 4 141.2 -2395 -0.964404 4384736 0.158975 151 0.253916 0.0000 0.001084 0.001302 0.005092 -0.073752 0.030562 -0.183900 39.5965724145 -218.8278943467 151.25392
J166 98NOV13 1998.8665 51130 983 5 141.2 -2395 -0.960934 4384736 0.158566 151 0.257180 0.0000 0.001125 0.001348 0.005341 -0.086095 0.023352 -0.156246 39.5965724108 -218.8278943063 151.25718
J166 98NOV14 1998.8693 51131 983 6 141.2 -2395 -0.965765 4384736 0.157591 151 0.239308 0.0000 0.001123 0.001355 0.005355 -0.056903 0.026912 -0.152823 39.5965724021 -218.8278943625 151.23931
J166 98NOV15 1998.8720 51132 984 0 141.2 -2395 -0.967882 4384736 0.157127 151 0.251203 0.0000 0.001127 0.001336 0.005318 -0.061123 0.070673 -0.183352 39.5965723979 -218.8278943872 151.25120
J166 98NOV16 1998.8747 51133 984 1 141.2 -2395 -0.965885 4384736 0.155442 151 0.251289 0.0000 0.001074 0.001318 0.005111 -0.076928 0.053914 -0.181680 39.5965723827 -218.8278943639 151.25129
J166 98NOV17 1998.8775 51134 984 2 141.2 -2395 -0.968840 4384736 0.158092 151 0.247427 0.0000 0.001111 0.001401 0.005394 -0.037368 0.045302 -0.191006 39.5965724066 -218.8278943983 151.24743
J166 98NOV18 1998.8802 51135 984 3 141.2 -2395 -0.966609 4384736 0.157375 151 0.248202 0.0000 0.001099 0.001323 0.005180 -0.078670 0.031323 -0.170565 39.5965724001 -218.8278943723 151.24820
J166 98NOV19 1998.8830 51136 984 4 141.2 -2395 -0.964603 4384736 0.161141 151 0.251480 0.0000 0.001088 0.001287 0.005058 -0.073502 0.022374 -0.153927 39.5965724340 -218.8278943490 151.25148
J166 98NOV20 1998.8857 51137 984 5 141.2 -2395 -0.967203 4384736 0.159222 151 0.249589 0.0000 0.001083 0.001321 0.005099 -0.097276 0.064231 -0.176231 39.5965724168 -218.8278943793 151.24959
J166 98NOV21 1998.8884 51138 984 6 141.2 -2395 -0.965446 4384736 0.159863 151 0.234818 0.0000 0.001075 0.001328 0.005073 -0.064125 0.037371 -0.148771 39.5965724225 -218.8278943588 151.23482
J166 98NOV22 1998.8912 51139 985 0 141.2 -2395 -0.966434 4384736 0.161747 151 0.245387 0.0000 0.001085 0.001321 0.005135 -0.074009 0.028898 -0.175229 39.5965724395 -218.8278943703 151.24539
J166 98NOV23 1998.8939 51140 985 1 141.2 -2395 -0.968957 4384736 0.155315 151 0.207431 0.0000 0.001120 0.001353 0.005255 -0.097613 0.111038 -0.164482 39.5965723816 -218.8278943997 151.20743
J166 98NOV24 1998.8966 51141 985 2 141.2 -2395 -0.969200 4384736 0.157012 151 0.251639 0.0000 0.001134 0.001341 0.005318 -0.080818 0.027789 -0.186217 39.5965723968 -218.8278944025 151.25164
J166 98NOV25 1998.8994 51142 985 3 141.2 -2395 -0.963261 4384736 0.154863 151 0.256477 0.0000 0.001157 0.001340 0.005262 -0.064384 -0.042117 -0.128388 39.5965723775 -218.8278943334 151.25648
J166 98NOV26 1998.9021 51143 985 4 141.2 -2395 -0.966914 4384736 0.159506 151 0.253508 0.0000 0.001116 0.001314 0.005176 -0.067156 0.040673 -0.222675 39.5965724193 -218.8278943759 151.25351
J166 98NOV27 1998.9049 51144 985 5 141.2 -2395 -0.966834 4384736 0.157267 151 0.251597 0.0000 0.001100 0.001346 0.005216 -0.065132 0.041183 -0.179142 39.5965723991 -218.8278943750 151.25160
J166 98NOV28 1998.9076 51145 985 6 141.2 -2395 -0.969635 4384736 0.159834 151 0.253243 0.0000 0.001118 0.001355 0.005285 -0.064540 0.053116 -0.136316 39.5965724223 -218.8278944076 151.25324
J166 98NOV29 1998.9103 51146 986 0 141.2 -2395 -0.964902 4384736 0.159375 151 0.247849 0.0000 0.001097 0.001307 0.005053 -0.058336 0.035313 -0.154802 39.5965724181 -218.8278943525 151.24785
J166 98NOV30 1998.9131 51147 986 1 141.2 -2395 -0.964945 4384736 0.158271 151 0.254251 0.0000 0.001136 0.001320 0.005171 -0.066861 0.063923 -0.149358 39.5965724082 -218.8278943530 151.25425
J166 98DEC01 1998.9158 51148 986 2 141.2 -2395 -0.966415 4384736 0.158344 151 0.240650 0.0000 0.001159 0.001353 0.005261 -0.079802 0.096982 -0.173698 39.5965724088 -218.8278943701 151.24065
J166 98DEC02 1998.9185 51149 986 3 141.2 -2395 -0.965976 4384736 0.161217 151 0.249124 0.0000 0.001118 0.001395 0.005275 -0.029398 0.049267 -0.159251 39.5965724347 -218.8278943650 151.24912
J166 98DEC03 1998.9213 51150 986 4 141.2 -2395 -0.967293 4384736 0.158385 151 0.243990 0.0000 0.001106 0.001337 0.005206 -0.080595 0.024153 -0.159717 39.5965724092 -218.8278943803 151.24399
J166 98DEC04 1998.9240 51151 986 5 141.2 -2395 -0.968212 4384736 0.160071 151 0.240585 0.0000 0.001093 0.001284 0.005016 -0.085028 0.030983 -0.190295 39.5965724244 -218.8278943910 151.24059
J166 98DEC05 1998.9268 51152 986 6 141.2 -2395 -0.973170 4384736 0.157212 151 0.240499 0.0000 0.001169 0.001355 0.005366 -0.139095 0.075052 -0.156261 39.5965723986 -218.8278944487 151.24050
J166 98DEC06 1998.9295 51153 987 0 141.2 -2395 -0.970125 4384736 0.159455 151 0.237676 0.0000 0.001111 0.001320 0.005143 -0.055500 0.054738 -0.175544 39.5965724188 -218.8278944133 151.23768
J166 98DEC07 1998.9322 51154 987 1 141.2 -2395 -0.967792 4384736 0.160896 151 0.255036 0.0000 0.001131 0.001341 0.005322 -0.063482 0.044639 -0.161665 39.5965724318 -218.8278943861 151.25504
J166 98DEC08 1998.9350 51155 987 2 141.2 -2395 -0.966673 4384736 0.158974 151 0.245231 0.0000 0.001151 0.001394 0.005387 -0.076864 0.090963 -0.197668 39.5965724145 -218.8278943731 151.24523
J166 98DEC09 1998.9377 51156 987 3 141.2 -2395 -0.964232 4384736 0.156984 151 0.252337 0.0000 0.001166 0.001438 0.005631 -0.029740 0.054379 -0.155198 39.5965723966 -218.8278943447 151.25234
J166 98DEC10 1998.9405 51157 987 4 141.2 -2395 -0.970315 4384736 0.154122 151 0.243046 0.0000 0.001135 0.001352 0.005270 -0.072515 0.089863 -0.171607 39.5965723708 -218.8278944155 151.24305
J166 98DEC11 1998.9432 51158 987 5 141.2 -2395 -0.970734 4384736 0.161708 151 0.239341 0.0000 0.001132 0.001337 0.005307 -0.091362 0.060953 -0.169659 39.5965724391 -218.8278944204 151.23934
J166 98DEC12 1998.9459 51159 987 6 141.2 -2395 -0.967029 4384736 0.154562 151 0.247980 0.0000 0.001123 0.001312 0.005205 -0.110120 0.050533 -0.218264 39.5965723748 -218.8278943772 151.24798
J166 98DEC13 1998.9487 51160 988 0 141.2 -2395 -0.967224 4384736 0.157555 151 0.257806 0.0000 0.001106 0.001363 0.005246 -0.053493 0.052461 -0.125536 39.5965724017 -218.8278943795 151.25781
J166 98DEC14 1998.9514 51161 988 1 141.2 -2395 -0.965314 4384736 0.155084 151 0.248408 0.0000 0.001142 0.001403 0.005380 -0.093936 0.082431 -0.212678 39.5965723795 -218.8278943573 151.24841
J166 98DEC15 1998.9541 51162 988 2 141.2 -2395 -0.966885 4384736 0.159636 151 0.243849 0.0000 0.001164 0.001384 0.005449 -0.129435 0.116061 -0.228137 39.5965724205 -218.8278943756 151.24385
J166 98DEC16 1998.9569 51163 988 3 141.2 -2395 -0.971670 4384736 0.157245 151 0.249271 0.0000 0.001137 0.001347 0.005320 -0.102350 0.069559 -0.210035 39.5965723989 -218.8278944313 151.24927
J166 98DEC17 1998.9596 51164 988 4 141.2 -2395 -0.969663 4384736 0.162484 151 0.233051 0.0000 0.001141 0.001318 0.005311 -0.087889 0.069603 -0.165159 39.5965724461 -218.8278944079 151.23305
J166 98DEC18 1998.9624 51165 988 5 141.2 -2395 -0.966284 4384736 0.162153 151 0.238969 0.0000 0.001168 0.001442 0.005402 -0.057117 0.046756 -0.171518 39.5965724432 -218.8278943686 151.23897
J166 98DEC19 1998.9651 51166 988 6 141.2 -2395 -0.969356 4384736 0.156965 151 0.265590 0.0000 0.001108 0.001321 0.005145 -0.080111 0.062090 -0.166938 39.5965723964 -218.8278944043 151.26559
J166 98DEC20 1998.9678 51167 989 0 141.2 -2395 -0.971350 4384736 0.164346 151 0.226209 0.0000 0.001143 0.001373 0.005403 -0.099821 0.070754 -0.217296 39.5965724629 -218.8278944276 151.22621
J166 98DEC21 1998.9706 51168 989 1 141.2 -2395 -0.964040 4384736 0.155283 151 0.242924 0.0000 0.001113 0.001334 0.005179 -0.063874 0.025409 -0.197843 39.5965723813 -218.8278943424 151.24292
J166 98DEC22 1998.9733 51169 989 2 141.2 -2395 -0.965147 4384736 0.153708 151 0.249469 0.0000 0.001142 0.001370 0.005324 -0.113396 0.040933 -0.223923 39.5965723671 -218.8278943553 151.24947
J166 98DEC23 1998.9760 51170 989 3 141.2 -2395 -0.969722 4384736 0.158663 151 0.248499 0.0000 0.001094 0.001329 0.005107 -0.087690 0.049273 -0.140487 39.5965724117 -218.8278944086 151.24850
J166 98DEC24 1998.9788 51171 989 4 141.2 -2395 -0.966650 4384736 0.157591 151 0.259104 0.0000 0.001160 0.001395 0.005413 -0.096049 0.073652 -0.195583 39.5965724021 -218.8278943728 151.25910
J166 98DEC25 1998.9815 51172 989 5 141.2 -2395 -0.969451 4384736 0.156356 151 0.243708 0.0000 0.001141 0.001376 0.005346 -0.078781 0.049740 -0.164192 39.5965723909 -218.8278944054 151.24371
J166 98DEC26 1998.9843 51173 989 6 141.2 -2395 -0.971378 4384736 0.149579 151 0.244027 0.0000 0.001145 0.001387 0.005453 -0.068848 0.049021 -0.188538 39.5965723299 -218.8278944278 151.24403
J166 98DEC27 1998.9870 51174 990 0 141.2 -2395 -0.969117 4384736 0.154163 151 0.253696 0.0000 0.001111 0.001364 0.005220 -0.064875 0.040204 -0.190071 39.5965723712 -218.8278944015 151.25370
J166 98DEC28 1998.9897 51175 990 1 141.2 -2395 -0.966666 4384736 0.157812 151 0.264625 0.0000 0.001154 0.001381 0.005342 -0.069354 0.072985 -0.145424 39.5965724040 -218.8278943730 151.26463
J166 98DEC29 1998.9925 51176 990 2 141.2 -2395 -0.970022 4384736 0.159092 151 0.244587 0.0000 0.001102 0.001343 0.005180 -0.071231 0.058845 -0.172898 39.5965724156 -218.8278944121 151.24459
J166 98DEC30 1998.9952 51177 990 3 141.2 -2395 -0.968029 4384736 0.159502 151 0.243397 0.0000 0.001112 0.001353 0.005193 -0.062498 0.050385 -0.159241 39.5965724193 -218.8278943889 151.24340
J166 98DEC31 1998.9979 51178 990 4 141.2 -2395 -0.969047 4384736 0.156862 151 0.244744 0.0000 0.001138 0.001368 0.005292 -0.070611 0.011087 -0.193230 39.5965723955 -218.8278944007 151.24474
J166 99JAN01 1999.0007 51179 990 5 141.2 -2395 -0.969620 4384736 0.155652 151 0.250480 0.0000 0.001198 0.001404 0.005573 -0.067963 -0.001699 -0.180729 39.5965723846 -218.8278944074 151.25048
J166 99JAN02 1999.0034 51180 990 6 141.2 -2395 -0.968286 4384736 0.154930 151 0.250638 0.0000 0.001140 0.001371 0.005276 -0.049415 -0.018187 -0.196916 39.5965723781 -218.8278943919 151.25064
J166 99JAN03 1999.0062 51181 991 0 141.2 -2395 -0.973852 4384736 0.162370 151 0.220133 0.0000 0.001125 0.001341 0.005205 -0.072113 0.024179 -0.153701 39.5965724451 -218.8278944567 151.22013
J166 99JAN04 1999.0089 51182 991 1 141.2 -2395 -0.970749 4384736 0.160759 151 0.243894 0.0000 0.001115 0.001363 0.005217 -0.053186 0.022205 -0.146168 39.5965724306 -218.8278944206 151.24389
J166 99JAN05 1999.0116 51183 991 2 141.2 -2395 -0.969688 4384736 0.160582 151 0.239826 0.0000 0.001125 0.001352 0.005225 -0.071023 0.049584 -0.180638 39.5965724290 -218.8278944082 151.23983
J166 99JAN06 1999.0144 51184 991 3 141.2 -2395 -0.970639 4384736 0.163277 151 0.231593 0.0000 0.001101 0.001329 0.005179 -0.086922 0.064277 -0.141041 39.5965724533 -218.8278944193 151.23159
J166 99JAN07 1999.0171 51185 991 4 141.2 -2395 -0.969630 4384736 0.159044 151 0.233759 0.0000 0.001114 0.001372 0.005239 -0.067016 0.044944 -0.159880 39.5965724151 -218.8278944075 151.23376
J166 99JAN08 1999.0198 51186 991 5 141.2 -2395 -0.968584 4384736 0.156412 151 0.237022 0.0000 0.001126 0.001337 0.005237 -0.092684 0.019694 -0.142931 39.5965723914 -218.8278943953 151.23702
J166 99JAN09 1999.0226 51187 991 6 141.2 -2395 -0.972652 4384736 0.157836 151 0.228476 0.0000 0.001147 0.001389 0.005280 -0.084834 0.027620 -0.147708 39.5965724043 -218.8278944427 151.22848
J166 99JAN10 1999.0253 51188 992 0 141.2 -2395 -0.969997 4384736 0.158890 151 0.238694 0.0000 0.001135 0.001376 0.005270 -0.075125 0.027266 -0.170917 39.5965724138 -218.8278944118 151.23869
J166 99JAN11 1999.0281 51189 992 1 141.2 -2395 -0.969944 4384736 0.156086 151 0.248419 0.0000 0.001199 0.001378 0.005411 -0.032137 0.015731 -0.147618 39.5965723885 -218.8278944112 151.24842
J166 99JAN12 1999.0308 51190 992 2 141.2 -2395 -0.970260 4384736 0.156238 151 0.235372 0.0000 0.001259 0.001384 0.005544 -0.096919 0.098594 -0.115327 39.5965723899 -218.8278944149 151.23537
J166 99JAN13 1999.0335 51191 992 3 141.2 -2395 -0.969707 4384736 0.156120 151 0.244769 0.0000 0.001133 0.001431 0.005271 -0.090908 0.035847 -0.141993 39.5965723888 -218.8278944084 151.24477
J166 99JAN14 1999.0363 51192 992 4 141.2 -2395 -0.968045 4384736 0.155558 151 0.254454 0.0000 0.001289 0.001513 0.006011 -0.055450 -0.096170 -0.190225 39.5965723837 -218.8278943891 151.25445
J166 99JAN15 1999.0390 51193 992 5 141.2 -2395 -0.970715 4384736 0.155321 151 0.239663 0.0000 0.001196 0.001556 0.005833 -0.049603 0.050824 -0.181871 39.5965723816 -218.8278944201 151.23966
J166 99JAN16 1999.0418 51194 992 6 141.2 -2395 -0.974267 4384736 0.160543 151 0.231845 0.0000 0.001103 0.001314 0.005078 -0.099214 0.051055 -0.174714 39.5965724286 -218.8278944615 151.23184
J166 99JAN17 1999.0445 51195 993 0 141.2 -2395 -0.973624 4384736 0.156155 151 0.247973 0.0000 0.001127 0.001355 0.005337 -0.111551 0.087545 -0.197246 39.5965723891 -218.8278944540 151.24797
J166 99JAN18 1999.0472 51196 993 1 141.2 -2395 -0.972913 4384736 0.157127 151 0.242358 0.0000 0.001082 0.001344 0.005093 -0.075770 0.042339 -0.169887 39.5965723979 -218.8278944457 151.24236
J166 99JAN19 1999.0500 51197 993 2 141.2 -2395 -0.971820 4384736 0.159083 151 0.247726 0.0000 0.001142 0.001345 0.005279 -0.067092 0.064738 -0.173850 39.5965724155 -218.8278944330 151.24773
J166 99JAN20 1999.0527 51198 993 3 141.2 -2395 -0.975992 4384736 0.159605 151 0.249142 0.0000 0.001151 0.001364 0.005456 -0.083146 0.074844 -0.160865 39.5965724202 -218.8278944816 151.24914
J166 99JAN21 1999.0554 51199 993 4 141.2 -2395 -0.968413 4384736 0.157572 151 0.260372 0.0000 0.001155 0.001388 0.005481 -0.064181 -0.001329 -0.168020 39.5965724019 -218.8278943934 151.26037
J166 99JAN22 1999.0582 51200 993 5 141.2 -2395 -0.968964 4384736 0.156948 151 0.230203 0.0000 0.001108 0.001342 0.005151 -0.060789 0.048297 -0.144280 39.5965723963 -218.8278943998 151.23020
J166 99JAN23 1999.0609 51201 993 6 141.2 -2395 -0.969794 4384736 0.161129 151 0.243415 0.0000 0.001191 0.001397 0.005547 -0.076644 0.019904 -0.133695 39.5965724339 -218.8278944094 151.24341
J166 99JAN24 1999.0637 51202 994 0 141.2 -2395 -0.969950 4384736 0.159991 151 0.246271 0.0000 0.001180 0.001378 0.005407 -0.015871 0.011975 -0.183166 39.5965724237 -218.8278944113 151.24627
J166 99JAN25 1999.0664 51203 994 1 141.2 -2395 -0.968730 4384736 0.157577 151 0.251420 0.0000 0.001211 0.001404 0.005604 -0.016101 0.039289 -0.171111 39.5965724019 -218.8278943970 151.25142
J166 99JAN26 1999.0691 51204 994 2 141.2 -2395 -0.967540 4384736 0.157463 151 0.241150 0.0000 0.001198 0.001398 0.005533 -0.091372 0.077557 -0.159025 39.5965724009 -218.8278943832 151.24115
J166 99JAN27 1999.0719 51205 994 3 141.2 -2395 -0.970091 4384736 0.158783 151 0.247902 0.0000 0.001166 0.001340 0.005346 -0.087002 0.064532 -0.163182 39.5965724128 -218.8278944129 151.24790
J166 99JAN28 1999.0746 51206 994 4 141.2 -2395 -0.970405 4384736 0.159491 151 0.247731 0.0000 0.001116 0.001300 0.005071 -0.053681 0.011719 -0.171966 39.5965724192 -218.8278944166 151.24773
J166 99JAN29 1999.0773 51207 994 5 141.2 -2395 -0.970201 4384736 0.155119 151 0.246449 0.0000 0.001143 0.001349 0.005199 -0.087497 0.081812 -0.180074 39.5965723798 -218.8278944142 151.24645
J166 99JAN30 1999.0801 51208 994 6 141.2 -2395 -0.969981 4384736 0.158291 151 0.235664 0.0000 0.001146 0.001386 0.005330 -0.100615 0.004039 -0.177328 39.5965724084 -218.8278944116 151.23566
J166 99JAN31 1999.0828 51209 995 0 141.2 -2395 -0.973699 4384736 0.158686 151 0.251356 0.0000 0.001164 0.001336 0.005336 -0.070795 0.043959 -0.168659 39.5965724119 -218.8278944549 151.25136
J166 99FEB01 1999.0856 51210 995 1 141.2 -2395 -0.970045 4384736 0.153593 151 0.236266 0.0000 0.001115 0.001299 0.005136 -0.060347 0.053553 -0.181399 39.5965723661 -218.8278944123 151.23627
J166 99FEB02 1999.0883 51211 995 2 141.2 -2395 -0.966666 4384736 0.153449 151 0.244133 0.0000 0.001162 0.001351 0.005406 -0.102127 0.065750 -0.195192 39.5965723647 -218.8278943730 151.24413
J166 99FEB03 1999.0910 51212 995 3 141.2 -2395 -0.972638 4384736 0.155957 151 0.238554 0.0000 0.001151 0.001338 0.005367 -0.063777 0.051176 -0.186692 39.5965723873 -218.8278944425 151.23855
J166 99FEB04 1999.0938 51213 995 4 141.2 -2395 -0.968104 4384736 0.154121 151 0.257336 0.0000 0.001140 0.001330 0.005284 -0.078982 0.000559 -0.178900 39.5965723708 -218.8278943897 151.25734
J166 99FEB05 1999.0965 51214 995 5 141.2 -2395 -0.968454 4384736 0.153639 151 0.246416 0.0000 0.001156 0.001321 0.005304 -0.073986 -0.001422 -0.182635 39.5965723665 -218.8278943938 151.24642
J166 99FEB06 1999.0992 51215 995 6 141.2 -2395 -0.970803 4384736 0.151962 151 0.252145 0.0000 0.001116 0.001310 0.005114 -0.092536 -0.001378 -0.129275 39.5965723514 -218.8278944212 151.25215
J166 99FEB07 1999.1020 51216 996 0 141.2 -2395 -0.968342 4384736 0.152639 151 0.246216 0.0000 0.001149 0.001297 0.005160 -0.064773 0.007122 -0.140276 39.5965723575 -218.8278943925 151.24622
J166 99FEB08 1999.1047 51217 996 1 141.2 -2395 -0.968106 4384736 0.154304 151 0.233933 0.0000 0.001083 0.001279 0.004919 -0.068869 0.049606 -0.145622 39.5965723724 -218.8278943898 151.23393
J166 99FEB09 1999.1075 51218 996 2 141.2 -2395 -0.968319 4384736 0.155056 151 0.249721 0.0000 0.001173 0.001335 0.005431 -0.053014 0.024403 -0.175157 39.5965723792 -218.8278943922 151.24972
J166 99FEB10 1999.1102 51219 996 3 141.2 -2395 -0.967884 4384736 0.153648 151 0.247389 0.0000 0.001108 0.001305 0.005112 -0.075268 0.062848 -0.158783 39.5965723665 -218.8278943872 151.24739
J166 99FEB11 1999.1129 51220 996 4 141.2 -2395 -0.968611 4384736 0.158260 151 0.252199 0.0000 0.001140 0.001403 0.005289 -0.059076 0.007821 -0.139040 39.5965724081 -218.8278943957 151.25220
J166 99FEB12 1999.1157 51221 996 5 141.2 -2395 -0.970708 4384736 0.153549 151 0.248212 0.0000 0.001169 0.001400 0.005400 -0.072759 0.052599 -0.168317 39.5965723657 -218.8278944201 151.24821
J166 99FEB13 1999.1184 51222 996 6 141.2 -2395 -0.970235 4384736 0.160538 151 0.235711 0.0000 0.001104 0.001375 0.005172 -0.050842 -0.004676 -0.175150 39.5965724286 -218.8278944146 151.23571
J166 99FEB14 1999.1211 51223 997 0 141.2 -2395 -0.967876 4384736 0.155490 151 0.248798 0.0000 0.001172 0.001348 0.005446 -0.054248 0.005798 -0.186882 39.5965723831 -218.8278943871 151.24880
J166 99FEB15 1999.1239 51224 997 1 141.2 -2395 -0.966032 4384736 0.155137 151 0.247463 0.0000 0.001173 0.001368 0.005351 -0.052079 0.022831 -0.160748 39.5965723800 -218.8278943656 151.24746
J166 99FEB16 1999.1266 51225 997 2 141.2 -2395 -0.971202 4384736 0.154629 151 0.252782 0.0000 0.001185 0.001381 0.005485 -0.072051 0.034381 -0.173765 39.5965723754 -218.8278944258 151.25278
J166 99FEB17 1999.1294 51226 997 3 141.2 -2395 -0.968719 4384736 0.157373 151 0.236646 0.0000 0.001179 0.001386 0.005479 -0.065204 0.009901 -0.157655 39.5965724001 -218.8278943969 151.23665
J166 99FEB18 1999.1321 51227 997 4 141.2 -2395 -0.974404 4384736 0.151807 151 0.261007 0.0000 0.001137 0.001338 0.005257 -0.076803 0.011041 -0.146271 39.5965723500 -218.8278944631 151.26101
J166 99FEB19 1999.1348 51228 997 5 141.2 -2395 -0.964312 4384736 0.155796 151 0.244655 0.0000 0.001220 0.001381 0.005607 -0.062214 0.061298 -0.163355 39.5965723859 -218.8278943456 151.24465
J166 99FEB20 1999.1376 51229 997 6 141.2 -2395 -0.966039 4384736 0.156507 151 0.245145 0.0000 0.001158 0.001344 0.005304 -0.064388 0.047922 -0.169531 39.5965723923 -218.8278943657 151.24515
J166 99FEB21 1999.1403 51230 998 0 141.2 -2395 -0.965646 4384736 0.156887 151 0.241760 0.0000 0.001094 0.001302 0.005094 -0.082625 0.023042 -0.190938 39.5965723957 -218.8278943611 151.24176
J166 99FEB22 1999.1431 51231 998 1 141.2 -2395 -0.970473 4384736 0.158183 151 0.247647 0.0000 0.001123 0.001330 0.005200 -0.089955 0.058092 -0.189907 39.5965724074 -218.8278944173 151.24765
J166 99FEB23 1999.1458 51232 998 2 141.2 -2395 -0.968716 4384736 0.155052 151 0.241917 0.0000 0.001084 0.001295 0.004974 -0.081728 0.018810 -0.150541 39.5965723792 -218.8278943969 151.24192
J166 99FEB24 1999.1485 51233 998 3 141.2 -2395 -0.969470 4384736 0.153495 151 0.239471 0.0000 0.001079 0.001283 0.004984 -0.067290 0.034873 -0.198265 39.5965723652 -218.8278944056 151.23947
J166 99FEB25 1999.1513 51234 998 4 141.2 -2395 -0.970581 4384736 0.156617 151 0.240456 0.0000 0.001093 0.001296 0.005094 -0.053551 0.018690 -0.194003 39.5965723933 -218.8278944186 151.24046
J166 99FEB26 1999.1540 51235 998 5 141.2 -2395 -0.972892 4384736 0.154774 151 0.245232 0.0000 0.001119 0.001361 0.005243 -0.102779 0.029921 -0.224155 39.5965723767 -218.8278944455 151.24523
J166 99FEB27 1999.1567 51236 998 6 141.2 -2395 -0.971507 4384736 0.154344 151 0.242683 0.0000 0.001141 0.001360 0.005319 -0.084883 0.081629 -0.185416 39.5965723728 -218.8278944294 151.24268
J166 99FEB28 1999.1595 51237 999 0 141.2 -2395 -0.970709 4384736 0.157470 151 0.234882 0.0000 0.001116 0.001317 0.005198 -0.110766 0.038126 -0.193116 39.5965724010 -218.8278944201 151.23488
J166 99MAR01 1999.1622 51238 999 1 141.2 -2395 -0.968071 4384736 0.155608 151 0.242144 0.0000 0.001286 0.001487 0.005816 -0.130777 0.072968 -0.232848 39.5965723842 -218.8278943894 151.24214
J166 99MAR02 1999.1650 51239 999 2 141.2 -2395 -0.971767 4384736 0.154028 151 0.241896 0.0000 0.001175 0.001349 0.005458 -0.109316 0.113463 -0.196164 39.5965723700 -218.8278944324 151.24190
J166 99MAR03 1999.1677 51240 999 3 141.2 -2395 -0.967438 4384736 0.150543 151 0.245895 0.0000 0.001108 0.001328 0.005168 -0.087511 0.063598 -0.167620 39.5965723386 -218.8278943820 151.24590
J166 99MAR04 1999.1704 51241 999 4 141.2 -2395 -0.970375 4384736 0.153045 151 0.244048 0.0000 0.001079 0.001274 0.004934 -0.090539 0.040607 -0.165199 39.5965723611 -218.8278944162 151.24405
J166 99MAR05 1999.1732 51242 999 5 141.2 -2395 -0.968118 4384736 0.155285 151 0.250544 0.0000 0.001095 0.001303 0.005070 -0.108321 0.067861 -0.184481 39.5965723813 -218.8278943899 151.25054
J166 99MAR06 1999.1759 51243 999 6 141.2 -2395 -0.969672 4384736 0.160092 151 0.255260 0.0000 0.001129 0.001334 0.005277 -0.093939 0.083805 -0.205130 39.5965724246 -218.8278944080 151.25526
J166 99MAR07 1999.1786 51244 1000 0 141.2 -2395 -0.968478 4384736 0.153421 151 0.242320 0.0000 0.001111 0.001331 0.005224 -0.093593 0.030749 -0.197480 39.5965723645 -218.8278943941 151.24232
J166 99MAR08 1999.1814 51245 1000 1 141.2 -2395 -0.969870 4384736 0.153471 151 0.249008 0.0000 0.001103 0.001310 0.005133 -0.115314 0.049549 -0.202182 39.5965723650 -218.8278944103 151.24901
J166 99MAR09 1999.1841 51246 1000 2 141.2 -2395 -0.970775 4384736 0.155724 151 0.247843 0.0000 0.001101 0.001336 0.005181 -0.100962 0.087237 -0.150229 39.5965723852 -218.8278944208 151.24784
J166 99MAR10 1999.1869 51247 1000 3 141.2 -2395 -0.971018 4384736 0.153278 151 0.245433 0.0000 0.001115 0.001283 0.005107 -0.108243 0.061360 -0.209657 39.5965723632 -218.8278944237 151.24543
J166 99MAR11 1999.1896 51248 1000 4 141.2 -2395 -0.974926 4384736 0.157150 151 0.238176 0.0000 0.001096 0.001289 0.005015 -0.097828 0.021173 -0.195301 39.5965723981 -218.8278944692 151.23818
J166 99MAR12 1999.1923 51249 1000 5 141.2 -2395 -0.970240 4384736 0.154689 151 0.246731 0.0000 0.001130 0.001350 0.005306 -0.118627 -0.000909 -0.174568 39.5965723759 -218.8278944146 151.24673
J166 99MAR13 1999.1951 51250 1000 6 141.2 -2395 -0.970702 4384736 0.152663 151 0.244625 0.0000 0.001105 0.001342 0.005181 -0.062984 -0.007051 -0.156583 39.5965723577 -218.8278944200 151.24462
J166 99MAR14 1999.1978 51251 1001 0 141.2 -2395 -0.968632 4384736 0.154536 151 0.248453 0.0000 0.001100 0.001346 0.005222 -0.077686 0.035499 -0.168938 39.5965723745 -218.8278943959 151.24845
J166 99MAR15 1999.2005 51252 1001 1 141.2 -2395 -0.974860 4384736 0.154306 151 0.249863 0.0000 0.001088 0.001338 0.005043 -0.097348 0.067714 -0.146639 39.5965723725 -218.8278944684 151.24986
J166 99MAR16 1999.2033 51253 1001 2 141.2 -2395 -0.967985 4384736 0.152317 151 0.243030 0.0000 0.001106 0.001419 0.005206 -0.092219 0.073785 -0.123922 39.5965723546 -218.8278943883 151.24303
J166 99MAR17 1999.2060 51254 1001 3 141.2 -2395 -0.969141 4384736 0.154387 151 0.252187 0.0000 0.001095 0.001340 0.005105 -0.085401 0.039012 -0.131289 39.5965723732 -218.8278944018 151.25219
J166 99MAR18 1999.2088 51255 1001 4 141.2 -2395 -0.968114 4384736 0.150481 151 0.246025 0.0000 0.001108 0.001336 0.005170 -0.069540 0.068882 -0.150064 39.5965723380 -218.8278943898 151.24602
J166 99MAR19 1999.2115 51256 1001 5 141.2 -2395 -0.970279 4384736 0.153551 151 0.254047 0.0000 0.001124 0.001337 0.005237 -0.071876 0.058525 -0.140914 39.5965723657 -218.8278944151 151.25405
J166 99MAR20 1999.2142 51257 1001 6 141.2 -2395 -0.966766 4384736 0.149314 151 0.254918 0.0000 0.001106 0.001348 0.005153 -0.104800 0.038666 -0.177212 39.5965723275 -218.8278943742 151.25492
J166 99MAR21 1999.2170 51258 1002 0 141.2 -2395 -0.968693 4384736 0.145779 151 0.239123 0.0000 0.001142 0.001364 0.005397 -0.093156 0.106752 -0.121303 39.5965722957 -218.8278943966 151.23912
J166 99MAR22 1999.2197 51259 1002 1 141.2 -2395 -0.968089 4384736 0.149496 151 0.239527 0.0000 0.001132 0.001374 0.005334 -0.094087 0.096918 -0.098616 39.5965723291 -218.8278943896 151.23953
J166 99MAR23 1999.2225 51260 1002 2 141.2 -2395 -0.967512 4384736 0.146459 151 0.227978 0.0000 0.001117 0.001350 0.005235 -0.089282 0.068159 -0.173842 39.5965723018 -218.8278943828 151.22798
J166 99MAR24 1999.2252 51261 1002 3 141.2 -2395 -0.968781 4384736 0.144535 151 0.236142 0.0000 0.001102 0.001357 0.005170 -0.093109 0.042098 -0.139258 39.5965722845 -218.8278943976 151.23614
J166 99MAR25 1999.2279 51262 1002 4 141.2 -2395 -0.968160 4384736 0.147495 151 0.240513 0.0000 0.001097 0.001300 0.005030 -0.078750 -0.001570 -0.175062 39.5965723111 -218.8278943904 151.24051
J166 99MAR26 1999.2307 51263 1002 5 141.2 -2395 -0.969540 4384736 0.148885 151 0.241217 0.0000 0.001122 0.001351 0.005297 -0.091047 0.032833 -0.150069 39.5965723236 -218.8278944064 151.24122
J166 99MAR27 1999.2334 51264 1002 6 141.2 -2395 -0.970235 4384736 0.152720 151 0.244102 0.0000 0.001095 0.001335 0.005105 -0.091631 0.054286 -0.148634 39.5965723582 -218.8278944146 151.24410
J166 99MAR28 1999.2361 51265 1003 0 141.2 -2395 -0.970176 4384736 0.149669 151 0.239692 0.0000 0.001111 0.001320 0.005097 -0.090566 0.024844 -0.157165 39.5965723307 -218.8278944138 151.23969
J166 99MAR29 1999.2389 51266 1003 1 141.2 -2395 -0.970832 4384736 0.146925 151 0.250902 0.0000 0.001089 0.001326 0.005093 -0.083646 0.054959 -0.181438 39.5965723060 -218.8278944215 151.25090
J166 99MAR30 1999.2416 51267 1003 2 141.2 -2395 -0.968050 4384736 0.150968 151 0.243992 0.0000 0.001107 0.001319 0.005120 -0.116321 0.055354 -0.199737 39.5965723424 -218.8278943891 151.24399
J166 99MAR31 1999.2444 51268 1003 3 141.2 -2395 -0.973927 4384736 0.146960 151 0.249935 0.0000 0.001156 0.001428 0.005339 -0.106919 0.047890 -0.160380 39.5965723063 -218.8278944575 151.24994
J166 99APR01 1999.2471 51269 1003 4 141.2 -2395 -0.973601 4384736 0.149492 151 0.242164 0.0000 0.001126 0.001343 0.005201 -0.081687 0.044118 -0.179340 39.5965723291 -218.8278944537 151.24216
J166 99APR02 1999.2498 51270 1003 5 141.2 -2395 -0.967514 4384736 0.147791 151 0.239661 0.0000 0.001109 0.001329 0.005150 -0.082570 0.047134 -0.164431 39.5965723138 -218.8278943829 151.23966
J166 99APR03 1999.2526 51271 1003 6 141.2 -2395 -0.971025 4384736 0.150303 151 0.235947 0.0000 0.001093 0.001312 0.005065 -0.064993 0.011033 -0.136845 39.5965723364 -218.8278944237 151.23595
J166 99APR04 1999.2553 51272 1004 0 141.2 -2395 -0.970963 4384736 0.151046 151 0.242119 0.0000 0.001102 0.001316 0.005112 -0.081063 0.008220 -0.153783 39.5965723431 -218.8278944230 151.24212
J166 99APR05 1999.2580 51273 1004 1 141.2 -2395 -0.969516 4384736 0.149747 151 0.243743 0.0000 0.001102 0.001333 0.005163 -0.103152 0.080343 -0.187785 39.5965723314 -218.8278944062 151.24374
J166 99APR06 1999.2608 51274 1004 2 141.2 -2395 -0.967867 4384736 0.151187 151 0.229360 0.0000 0.001104 0.001360 0.005097 -0.082517 0.065164 -0.138548 39.5965723444 -218.8278943870 151.22936
J166 99APR07 1999.2635 51275 1004 3 141.2 -2395 -0.969891 4384736 0.152763 151 0.242709 0.0000 0.001126 0.001309 0.005129 -0.109625 0.065933 -0.172005 39.5965723586 -218.8278944105 151.24271
J166 99APR08 1999.2663 51276 1004 4 141.2 -2395 -0.969496 4384736 0.148362 151 0.252290 0.0000 0.001073 0.001291 0.004919 -0.078103 0.005448 -0.174261 39.5965723189 -218.8278944059 151.25229
J166 99APR09 1999.2690 51277 1004 5 141.2 -2395 -0.971268 4384736 0.147651 151 0.245480 0.0000 0.001150 0.001355 0.005377 -0.117930 0.098809 -0.252167 39.5965723125 -218.8278944266 151.24548
J166 99APR10 1999.2717 51278 1004 6 141.2 -2395 -0.971207 4384736 0.149710 151 0.249653 0.0000 0.001073 0.001286 0.005025 -0.066359 0.020528 -0.194235 39.5965723311 -218.8278944259 151.24965
J166 99APR11 1999.2745 51279 1005 0 141.2 -2395 -0.967139 4384736 0.149664 151 0.235216 0.0000 0.001078 0.001288 0.004978 -0.092669 0.060588 -0.205901 39.5965723307 -218.8278943785 151.23522
J166 99APR12 1999.2772 51280 1005 1 141.2 -2395 -0.972985 4384736 0.147430 151 0.256649 0.0000 0.001061 0.001281 0.004929 -0.080499 0.068389 -0.183114 39.5965723105 -218.8278944465 151.25665
J166 99APR13 1999.2799 51281 1005 2 141.2 -2395 -0.972315 4384736 0.145373 151 0.242234 0.0000 0.001096 0.001290 0.005086 -0.098278 0.037292 -0.211683 39.5965722920 -218.8278944387 151.24223
J166 99APR14 1999.2827 51282 1005 3 141.2 -2395 -0.968847 4384736 0.145318 151 0.265937 0.0000 0.001077 0.001278 0.004978 -0.105132 0.032901 -0.191852 39.5965722915 -218.8278943984 151.26594
J166 99APR15 1999.2854 51283 1005 4 141.2 -2395 -0.970532 4384736 0.148252 151 0.241769 0.0000 0.001074 0.001287 0.005004 -0.086272 0.049688 -0.188192 39.5965723179 -218.8278944180 151.24177
J166 99APR16 1999.2882 51284 1005 5 141.2 -2395 -0.966644 4384736 0.150149 151 0.246715 0.0000 0.001091 0.001299 0.005117 -0.099424 0.076764 -0.242342 39.5965723350 -218.8278943727 151.24672
J166 99APR17 1999.2909 51285 1005 6 141.2 -2395 -0.973187 4384736 0.151578 151 0.242083 0.0000 0.001113 0.001348 0.005144 -0.109420 0.099893 -0.174625 39.5965723479 -218.8278944489 151.24208
J166 99APR18 1999.2936 51286 1006 0 141.2 -2395 -0.967729 4384736 0.146814 151 0.247026 0.0000 0.001077 0.001259 0.004937 -0.084741 0.050099 -0.183935 39.5965723050 -218.8278943854 151.24703
J166 99APR19 1999.2964 51287 1006 1 141.2 -2395 -0.969241 4384736 0.148343 151 0.245496 0.0000 0.001087 0.001271 0.005053 -0.084720 0.040201 -0.197440 39.5965723188 -218.8278944030 151.24550
J166 99APR20 1999.2991 51288 1006 2 141.2 -2395 -0.970079 4384736 0.150110 151 0.250704 0.0000 0.001103 0.001357 0.005141 -0.101454 0.017850 -0.182335 39.5965723347 -218.8278944127 151.25070
J166 99APR21 1999.3018 51289 1006 3 141.2 -2395 -0.968605 4384736 0.150166 151 0.242438 0.0000 0.001095 0.001355 0.005122 -0.099546 0.027170 -0.192341 39.5965723352 -218.8278943956 151.24244
J166 99APR22 1999.3046 51290 1006 4 141.2 -2395 -0.967793 4384736 0.150328 151 0.249490 0.0000 0.001081 0.001348 0.005022 -0.102428 0.080557 -0.156566 39.5965723366 -218.8278943861 151.24949
J166 99APR23 1999.3073 51291 1006 5 141.2 -2395 -0.969717 4384736 0.149146 151 0.247004 0.0000 0.001111 0.001358 0.005210 -0.116464 0.069263 -0.191257 39.5965723260 -218.8278944085 151.24700
J166 99APR24 1999.3101 51292 1006 6 141.2 -2395 -0.969170 4384736 0.147913 151 0.258647 0.0000 0.001111 0.001353 0.005170 -0.103555 0.042418 -0.203255 39.5965723149 -218.8278944021 151.25865
J166 99APR25 1999.3128 51293 1007 0 141.2 -2395 -0.972416 4384736 0.150004 151 0.267971 0.0000 0.001168 0.001378 0.005449 -0.105546 0.015873 -0.196408 39.5965723337 -218.8278944399 151.26797
J166 99APR26 1999.3155 51294 1007 1 141.2 -2395 -0.971575 4384736 0.150196 151 0.259219 0.0000 0.001097 0.001345 0.005126 -0.106544 0.036147 -0.224100 39.5965723355 -218.8278944301 151.25922
J166 99APR27 1999.3183 51295 1007 2 141.2 -2395 -0.971016 4384736 0.150484 151 0.238204 0.0000 0.001101 0.001292 0.005132 -0.120027 0.085370 -0.197682 39.5965723380 -218.8278944236 151.23820
J166 99APR28 1999.3210 51296 1007 3 141.2 -2395 -0.968677 4384736 0.147084 151 0.253100 0.0000 0.001099 0.001302 0.005120 -0.125149 0.104069 -0.192892 39.5965723074 -218.8278943964 151.25310
J166 99APR29 1999.3238 51297 1007 4 141.2 -2395 -0.970737 4384736 0.149928 151 0.246184 0.0000 0.001132 0.001286 0.005115 -0.086030 0.010768 -0.151701 39.5965723330 -218.8278944204 151.24618
J166 99APR30 1999.3265 51298 1007 5 141.2 -2395 -0.970626 4384736 0.148552 151 0.242362 0.0000 0.001101 0.001296 0.005119 -0.084789 0.055377 -0.180074 39.5965723206 -218.8278944191 151.24236
J166 99MAY01 1999.3292 51299 1007 6 141.2 -2395 -0.966727 4384736 0.146901 151 0.252048 0.0000 0.001110 0.001312 0.005257 -0.092763 0.022936 -0.191717 39.5965723058 -218.8278943737 151.25205
J166 99MAY02 1999.3320 51300 1008 0 141.2 -2395 -0.970064 4384736 0.151847 151 0.249601 0.0000 0.001098 0.001288 0.005074 -0.079276 0.030480 -0.166556 39.5965723503 -218.8278944126 151.24960
J166 99MAY03 1999.3347 51301 1008 1 141.2 -2395 -0.969629 4384736 0.149171 151 0.251383 0.0000 0.001135 0.001332 0.005285 -0.050640 0.046121 -0.148005 39.5965723262 -218.8278944075 151.25138
J166 99MAY04 1999.3374 51302 1008 2 141.2 -2395 -0.967369 4384736 0.149003 151 0.265094 0.0000 0.001109 0.001286 0.005102 -0.035384 0.017259 -0.161924 39.5965723247 -218.8278943812 151.26509
J166 99MAY05 1999.3402 51303 1008 3 141.2 -2395 -0.968875 4384736 0.146821 151 0.256741 0.0000 0.001125 0.001367 0.005416 -0.037854 0.016341 -0.163803 39.5965723051 -218.8278943987 151.25674
J166 99MAY06 1999.3429 51304 1008 4 141.2 -2395 -0.969641 4384736 0.148531 151 0.266794 0.0000 0.001089 0.001314 0.005096 -0.105183 0.077131 -0.138541 39.5965723205 -218.8278944076 151.26679
J166 99MAY07 1999.3457 51305 1008 5 141.2 -2395 -0.968976 4384736 0.149091 151 0.258385 0.0000 0.001064 0.001284 0.004919 -0.109989 0.016747 -0.159244 39.5965723255 -218.8278943999 151.25839
J166 99MAY08 1999.3484 51306 1008 6 141.2 -2395 -0.967032 4384736 0.148334 151 0.260731 0.0000 0.001099 0.001328 0.005194 -0.081570 0.048382 -0.145370 39.5965723187 -218.8278943772 151.26073
J166 99MAY09 1999.3511 51307 1009 0 141.2 -2395 -0.967898 4384736 0.153116 151 0.247254 0.0000 0.001088 0.001317 0.005062 -0.088027 0.040079 -0.133084 39.5965723617 -218.8278943873 151.24725
J166 99MAY10 1999.3539 51308 1009 1 141.2 -2395 -0.968271 4384736 0.149432 151 0.255811 0.0000 0.001090 0.001297 0.005077 -0.067149 0.055655 -0.139749 39.5965723286 -218.8278943917 151.25581
J166 99MAY11 1999.3566 51309 1009 2 141.2 -2395 -0.970227 4384736 0.149896 151 0.240441 0.0000 0.001070 0.001288 0.004981 -0.073982 0.015680 -0.166161 39.5965723328 -218.8278944144 151.24044
J166 99MAY12 1999.3593 51310 1009 3 141.2 -2395 -0.967252 4384736 0.151275 151 0.251735 0.0000 0.001094 0.001303 0.005122 -0.075900 -0.023856 -0.172131 39.5965723452 -218.8278943798 151.25173
J166 99MAY13 1999.3621 51311 1009 4 141.2 -2395 -0.970260 4384736 0.149757 151 0.257140 0.0000 0.001115 0.001330 0.005212 -0.082520 0.087273 -0.165985 39.5965723315 -218.8278944148 151.25714
J166 99MAY14 1999.3648 51312 1009 5 141.2 -2395 -0.966258 4384736 0.149524 151 0.255354 0.0000 0.001137 0.001382 0.005447 -0.090219 0.002496 -0.136211 39.5965723294 -218.8278943682 151.25535
J166 99MAY15 1999.3676 51313 1009 6 141.2 -2395 -0.971321 4384736 0.151560 151 0.243541 0.0000 0.001143 0.001374 0.005318 -0.071845 0.025122 -0.105105 39.5965723477 -218.8278944272 151.24354
J166 99MAY16 1999.3703 51314 1010 0 141.2 -2395 -0.971479 4384736 0.149829 151 0.255973 0.0000 0.001127 0.001363 0.005374 -0.078006 0.055702 -0.161138 39.5965723321 -218.8278944290 151.25597
J166 99MAY17 1999.3730 51315 1010 1 141.2 -2395 -0.970146 4384736 0.149449 151 0.243206 0.0000 0.001138 0.001358 0.005308 -0.107860 0.097941 -0.163586 39.5965723287 -218.8278944135 151.24321
J166 99MAY18 1999.3758 51316 1010 2 141.2 -2395 -0.970493 4384736 0.149252 151 0.244408 0.0000 0.001096 0.001331 0.005149 -0.051892 0.044503 -0.098177 39.5965723269 -218.8278944175 151.24441
J166 99MAY19 1999.3785 51317 1010 3 141.2 -2395 -0.971502 4384736 0.149039 151 0.271304 0.0000 0.001146 0.001340 0.005398 -0.053756 -0.027038 -0.162905 39.5965723250 -218.8278944293 151.27130
J166 99MAY20 1999.3812 51318 1010 4 141.2 -2395 -0.974154 4384736 0.149427 151 0.253854 0.0000 0.001179 0.001381 0.005490 -0.056176 0.025593 -0.096719 39.5965723285 -218.8278944602 151.25385
J166 99MAY21 1999.3840 51319 1010 5 141.2 -2395 -0.975631 4384736 0.150333 151 0.249701 0.0000 0.001194 0.001434 0.005591 -0.072713 -0.013691 -0.140401 39.5965723367 -218.8278944774 151.24970
J166 99MAY22 1999.3867 51320 1010 6 141.2 -2395 -0.970104 4384736 0.149934 151 0.258208 0.0000 0.001157 0.001400 0.005515 -0.109502 0.066875 -0.128045 39.5965723331 -218.8278944130 151.25821
J166 99MAY23 1999.3895 51321 1011 0 141.2 -2395 -0.970107 4384736 0.148802 151 0.257394 0.0000 0.001128 0.001411 0.005293 -0.076206 0.061977 -0.108065 39.5965723229 -218.8278944130 151.25739
J166 99MAY24 1999.3922 51322 1011 1 141.2 -2395 -0.973138 4384736 0.149594 151 0.265554 0.0000 0.001160 0.001375 0.005424 -0.077171 0.018117 -0.144575 39.5965723300 -218.8278944483 151.26555
J166 99MAY25 1999.3949 51323 1011 2 141.2 -2395 -0.975260 4384736 0.147622 151 0.260388 0.0000 0.001090 0.001338 0.005129 -0.107801 0.047472 -0.166504 39.5965723123 -218.8278944730 151.26039
J166 99MAY26 1999.3977 51324 1011 3 141.2 -2395 -0.972099 4384736 0.152974 151 0.259594 0.0000 0.001232 0.001453 0.005736 -0.097810 0.054595 -0.102382 39.5965723605 -218.8278944363 151.25959
J166 99MAY27 1999.4004 51325 1011 4 141.2 -2395 -0.971460 4384736 0.148681 151 0.257557 0.0000 0.001136 0.001348 0.005374 -0.096702 0.040707 -0.162214 39.5965723218 -218.8278944288 151.25756
J166 99MAY28 1999.4031 51326 1011 5 141.2 -2395 -0.971043 4384736 0.147502 151 0.252781 0.0000 0.001268 0.001420 0.005835 -0.062049 -0.044551 -0.181404 39.5965723112 -218.8278944239 151.25278
J166 99MAY29 1999.4059 51327 1011 6 141.2 -2395 -0.973914 4384736 0.149318 151 0.255022 0.0000 0.001228 0.001449 0.005862 -0.147850 0.159432 -0.205072 39.5965723275 -218.8278944574 151.25502
J166 99MAY30 1999.4086 51328 1012 0 141.2 -2395 -0.972742 4384736 0.150815 151 0.250733 0.0000 0.001193 0.001485 0.005663 -0.072235 -0.066853 -0.061611 39.5965723410 -218.8278944437 151.25073
J166 99MAY31 1999.4114 51329 1012 1 141.2 -2395 -0.972358 4384736 0.152910 151 0.255148 0.0000 0.001148 0.001368 0.005433 -0.061496 -0.048684 -0.109877 39.5965723599 -218.8278944393 151.25515
J166 99JUN01 1999.4141 51330 1012 2 141.2 -2395 -0.973077 4384736 0.149967 151 0.247674 0.0000 0.001183 0.001493 0.005557 -0.025194 -0.022596 -0.064957 39.5965723334 -218.8278944476 151.24767
J166 99JUN02 1999.4168 51331 1012 3 141.2 -2395 -0.972120 4384736 0.151675 151 0.260045 0.0000 0.001232 0.001448 0.005664 -0.058008 0.023094 -0.056003 39.5965723488 -218.8278944365 151.26005
J166 99JUN03 1999.4196 51332 1012 4 141.2 -2395 -0.970405 4384736 0.150109 151 0.244673 0.0000 0.001206 0.001494 0.005857 -0.084093 0.011674 -0.132980 39.5965723347 -218.8278944165 151.24467
J166 99JUN04 1999.4223 51333 1012 5 141.2 -2395 -0.974411 4384736 0.148879 151 0.247806 0.0000 0.001159 0.001387 0.005519 -0.008089 -0.049168 -0.158606 39.5965723236 -218.8278944632 151.24781
J166 99JUN05 1999.4251 51334 1012 6 141.2 -2395 -0.975157 4384736 0.155934 151 0.236517 0.0000 0.001261 0.001457 0.006015 -0.014061 0.049302 -0.196169 39.5965723871 -218.8278944719 151.23652
J166 99JUN06 1999.4278 51335 1013 0 141.2 -2395 -0.975860 4384736 0.149933 151 0.251889 0.0000 0.001171 0.001395 0.005519 -0.057519 0.027077 -0.194814 39.5965723331 -218.8278944800 151.25189
J166 99JUN07 1999.4305 51336 1013 1 141.2 -2395 -0.974354 4384736 0.148346 151 0.264704 0.0000 0.001144 0.001392 0.005399 -0.080879 -0.005968 -0.148531 39.5965723188 -218.8278944625 151.26470
J166 99JUN08 1999.4333 51337 1013 2 141.2 -2395 -0.968492 4384736 0.148329 151 0.262465 0.0000 0.001157 0.001418 0.005494 -0.074800 0.022326 -0.128971 39.5965723186 -218.8278943942 151.26246
J166 99JUN09 1999.4360 51338 1013 3 141.2 -2395 -0.972165 4384736 0.152159 151 0.253278 0.0000 0.001136 0.001370 0.005382 -0.027804 0.045691 -0.196582 39.5965723531 -218.8278944370 151.25328
J166 99JUN10 1999.4387 51339 1013 4 141.2 -2395 -0.972635 4384736 0.151513 151 0.256520 0.0000 0.001113 0.001351 0.005243 -0.011942 0.018679 -0.175565 39.5965723473 -218.8278944425 151.25652
J166 99JUN11 1999.4415 51340 1013 5 141.2 -2395 -0.973141 4384736 0.153320 151 0.255931 0.0000 0.001185 0.001433 0.005557 -0.070008 0.054824 -0.194348 39.5965723636 -218.8278944484 151.25593
J166 99JUN12 1999.4442 51341 1013 6 141.2 -2395 -0.973088 4384736 0.151256 151 0.255220 0.0000 0.001199 0.001462 0.005828 -0.047584 -0.001902 -0.184143 39.5965723450 -218.8278944478 151.25522
J166 99JUN13 1999.4470 51342 1014 0 141.2 -2395 -0.972750 4384736 0.149812 151 0.251404 0.0000 0.001235 0.001585 0.005788 -0.074125 0.025374 -0.134711 39.5965723320 -218.8278944438 151.25140
J166 99JUN14 1999.4497 51343 1014 1 141.2 -2395 -0.970869 4384736 0.150290 151 0.256305 0.0000 0.001230 0.001626 0.006017 -0.022836 0.016914 -0.114659 39.5965723363 -218.8278944219 151.25630
J166 99JUN15 1999.4524 51344 1014 2 141.2 -2395 -0.967744 4384736 0.152045 151 0.253991 0.0000 0.001179 0.001492 0.005734 -0.019251 0.002979 -0.207770 39.5965723521 -218.8278943855 151.25399
J166 99JUN16 1999.4552 51345 1014 3 141.2 -2395 -0.972317 4384736 0.151542 151 0.259500 0.0000 0.001164 0.001438 0.005654 -0.021038 0.024587 -0.113907 39.5965723476 -218.8278944388 151.25950
J166 99JUN17 1999.4579 51346 1014 4 141.2 -2395 -0.970540 4384736 0.149510 151 0.267693 0.0000 0.001188 0.001534 0.005752 0.034331 -0.022650 -0.141657 39.5965723293 -218.8278944181 151.26769
J166 99JUN18 1999.4606 51347 1014 5 141.2 -2395 -0.969880 4384736 0.150447 151 0.262093 0.0000 0.001217 0.001500 0.005820 -0.076366 0.027428 -0.168320 39.5965723377 -218.8278944104 151.26209
J166 99JUN19 1999.4634 51348 1014 6 141.2 -2395 -0.970703 4384736 0.152554 151 0.250993 0.0000 0.001180 0.001551 0.005815 0.000472 0.039100 -0.129287 39.5965723567 -218.8278944200 151.25099
J166 99JUN20 1999.4661 51349 1015 0 141.2 -2395 -0.970873 4384736 0.150553 151 0.250086 0.0000 0.001230 0.001553 0.005876 0.023855 0.025579 -0.119066 39.5965723387 -218.8278944220 151.25009
J166 99JUN21 1999.4689 51350 1015 1 141.2 -2395 -0.974632 4384736 0.153352 151 0.244253 0.0000 0.001179 0.001476 0.005651 -0.037394 0.000379 -0.171244 39.5965723639 -218.8278944657 151.24425
J166 99JUN22 1999.4716 51351 1015 2 141.2 -2395 -0.973551 4384736 0.150017 151 0.255878 0.0000 0.001148 0.001438 0.005457 -0.046268 0.006348 -0.143216 39.5965723338 -218.8278944531 151.25588
J166 99JUN23 1999.4743 51352 1015 3 141.2 -2395 -0.967024 4384736 0.151722 151 0.254183 0.0000 0.001152 0.001415 0.005535 -0.023686 0.042854 -0.190830 39.5965723492 -218.8278943772 151.25418
J166 99JUN24 1999.4771 51353 1015 4 141.2 -2395 -0.974685 4384736 0.151260 151 0.277607 0.0000 0.001190 0.001460 0.005603 -0.085461 -0.001149 -0.134452 39.5965723450 -218.8278944664 151.27761
J166 99JUN25 1999.4798 51354 1015 5 141.2 -2395 -0.971151 4384736 0.148083 151 0.249055 0.0000 0.001121 0.001414 0.005416 -0.027566 0.005032 -0.171124 39.5965723164 -218.8278944252 151.24905
J166 99JUN26 1999.4825 51355 1015 6 141.2 -2395 -0.970667 4384736 0.150808 151 0.254682 0.0000 0.001162 0.001491 0.005650 -0.004287 -0.000564 -0.046769 39.5965723410 -218.8278944196 151.25468
J166 99JUN27 1999.4853 51356 1016 0 141.2 -2395 -0.973714 4384736 0.152049 151 0.259904 0.0000 0.001167 0.001454 0.005656 -0.015346 -0.065985 -0.171963 39.5965723521 -218.8278944551 151.25990
J166 99JUN28 1999.4880 51357 1016 1 141.2 -2395 -0.971215 4384736 0.148289 151 0.254880 0.0000 0.001122 0.001381 0.005343 -0.009651 -0.033822 -0.195368 39.5965723183 -218.8278944259 151.25488
J166 99JUN29 1999.4908 51358 1016 2 141.2 -2395 -0.969325 4384736 0.150479 151 0.256992 0.0000 0.001255 0.001639 0.006094 0.007144 0.066848 -0.125425 39.5965723380 -218.8278944039 151.25699
J166 99JUN30 1999.4935 51359 1016 3 141.2 -2395 -0.974793 4384736 0.152823 151 0.261376 0.0000 0.001148 0.001416 0.005477 -0.058126 -0.017977 -0.153956 39.5965723591 -218.8278944676 151.26138
J166 99JUL01 1999.4962 51360 1016 4 141.2 -2395 -0.974148 4384736 0.149320 151 0.238956 0.0000 0.001276 0.001553 0.006024 0.015249 -0.078932 -0.207919 39.5965723276 -218.8278944601 151.23896
J166 99JUL02 1999.4990 51361 1016 5 141.2 -2395 -0.970374 4384736 0.150074 151 0.253730 0.0000 0.001157 0.001407 0.005539 -0.046781 0.028598 -0.191756 39.5965723344 -218.8278944162 151.25373
J166 99JUL03 1999.5017 51362 1016 6 141.2 -2395 -0.972385 4384736 0.151054 151 0.256286 0.0000 0.001517 0.001789 0.006970 -0.021653 -0.028995 -0.122883 39.5965723432 -218.8278944396 151.25629
J166 99JUL04 1999.5044 51363 1017 0 141.2 -2395 -0.975018 4384736 0.153442 151 0.250766 0.0000 0.001132 0.001387 0.005316 -0.083390 0.043321 -0.139194 39.5965723647 -218.8278944702 151.25077
J166 99JUL05 1999.5072 51364 1017 1 141.2 -2395 -0.973484 4384736 0.153882 151 0.247847 0.0000 0.001170 0.001560 0.005828 -0.042516 -0.010042 -0.177576 39.5965723687 -218.8278944524 151.24785
J166 99JUL06 1999.5099 51365 1017 2 141.2 -2395 -0.972912 4384736 0.151502 151 0.242915 0.0000 0.001170 0.001459 0.005675 -0.054757 0.049394 -0.145969 39.5965723472 -218.8278944457 151.24291
J166 99JUL07 1999.5127 51366 1017 3 141.2 -2395 -0.973537 4384736 0.152625 151 0.260961 0.0000 0.001297 0.001684 0.006407 0.027690 0.172221 -0.167907 39.5965723573 -218.8278944530 151.26096
J166 99JUL08 1999.5154 51367 1017 4 141.2 -2395 -0.975428 4384736 0.149060 151 0.250878 0.0000 0.001252 0.001616 0.006145 -0.026762 0.003738 -0.169203 39.5965723252 -218.8278944750 151.25088
J166 99JUL09 1999.5181 51368 1017 5 141.2 -2395 -0.975547 4384736 0.154078 151 0.258627 0.0000 0.001221 0.001550 0.006014 -0.021295 -0.010139 -0.212666 39.5965723704 -218.8278944764 151.25863
J166 99JUL10 1999.5209 51369 1017 6 141.2 -2395 -0.975894 4384736 0.153269 151 0.253153 0.0000 0.001213 0.001578 0.005816 -0.004087 0.050828 -0.114562 39.5965723631 -218.8278944804 151.25315
J166 99JUL11 1999.5236 51370 1018 0 141.2 -2395 -0.973350 4384736 0.154434 151 0.252257 0.0000 0.001198 0.001502 0.005820 -0.064412 -0.020356 -0.203920 39.5965723736 -218.8278944508 151.25226
J166 99JUL12 1999.5264 51371 1018 1 141.2 -2395 -0.982925 4384736 0.150740 151 0.255023 0.0000 0.001278 0.001543 0.006191 -0.073328 0.038495 -0.226950 39.5965723404 -218.8278945623 151.25502
J166 99JUL13 1999.5291 51372 1018 2 141.2 -2395 -0.974256 4384736 0.149021 151 0.269294 0.0000 0.001163 0.001465 0.005693 -0.048332 0.045416 -0.191279 39.5965723249 -218.8278944613 151.26929
J166 99JUL14 1999.5318 51373 1018 3 141.2 -2395 -0.976014 4384736 0.146846 151 0.253543 0.0000 0.001179 0.001435 0.005586 -0.066052 0.021346 -0.155678 39.5965723053 -218.8278944818 151.25354
J166 99JUL15 1999.5346 51374 1018 4 141.2 -2395 -0.974781 4384736 0.154527 151 0.259352 0.0000 0.001131 0.001351 0.005220 -0.094848 -0.006141 -0.136703 39.5965723745 -218.8278944675 151.25935
J166 99JUL16 1999.5373 51375 1018 5 141.2 -2395 -0.975974 4384736 0.150580 151 0.245993 0.0000 0.001257 0.001451 0.005611 -0.077028 -0.001444 -0.080626 39.5965723389 -218.8278944814 151.24599
J166 99JUL17 1999.5400 51376 1018 6 141.2 -2395 -0.974147 4384736 0.152977 151 0.259887 0.0000 0.001185 0.001394 0.005585 -0.060507 -0.017688 -0.105816 39.5965723605 -218.8278944601 151.25989
J166 99JUL18 1999.5428 51377 1019 0 141.2 -2395 -0.974511 4384736 0.152964 151 0.255909 0.0000 0.001257 0.001461 0.005891 -0.096166 0.059074 -0.210611 39.5965723604 -218.8278944643 151.25591
J166 99JUL19 1999.5455 51378 1019 1 141.2 -2395 -0.972910 4384736 0.152680 151 0.260757 0.0000 0.001223 0.001460 0.005614 -0.059908 0.048271 -0.157805 39.5965723578 -218.8278944457 151.26076
J166 99JUL20 1999.5483 51379 1019 2 141.2 -2395 -0.973915 4384736 0.152012 151 0.253784 0.0000 0.001146 0.001329 0.005277 -0.098390 0.027628 -0.174884 39.5965723518 -218.8278944574 151.25378
J166 99JUL21 1999.5510 51380 1019 3 141.2 -2395 -0.975844 4384736 0.153825 151 0.253752 0.0000 0.001248 0.001465 0.005840 -0.008402 -0.028584 -0.129263 39.5965723681 -218.8278944799 151.25375
J166 99JUL22 1999.5537 51381 1019 4 141.2 -2395 -0.977665 4384736 0.153563 151 0.250158 0.0000 0.001128 0.001337 0.005214 -0.077557 0.000164 -0.134383 39.5965723658 -218.8278945011 151.25016
J166 99JUL23 1999.5565 51382 1019 5 141.2 -2395 -0.970820 4384736 0.153627 151 0.258503 0.0000 0.001173 0.001427 0.005595 -0.074330 0.007023 -0.202034 39.5965723664 -218.8278944214 151.25850
J166 99JUL24 1999.5592 51383 1019 6 141.2 -2395 -0.974621 4384736 0.152624 151 0.270717 0.0000 0.001314 0.001551 0.006255 -0.118121 0.163162 -0.180806 39.5965723573 -218.8278944656 151.27072
J166 99JUL25 1999.5619 51384 1020 0 141.2 -2395 -0.970439 4384736 0.152884 151 0.266343 0.0000 0.001273 0.001471 0.005820 -0.068990 0.116941 -0.197785 39.5965723597 -218.8278944169 151.26634
J166 99JUL26 1999.5647 51385 1020 1 141.2 -2395 -0.973075 4384736 0.154805 151 0.261015 0.0000 0.001252 0.001446 0.005802 -0.022359 -0.042679 -0.163916 39.5965723770 -218.8278944476 151.26102
J166 99JUL27 1999.5674 51386 1020 2 141.2 -2395 -0.972893 4384736 0.154204 151 0.256044 0.0000 0.001158 0.001380 0.005364 -0.078695 0.002455 -0.142356 39.5965723716 -218.8278944455 151.25604
J166 99JUL28 1999.5702 51387 1020 3 141.2 -2395 -0.975067 4384736 0.155529 151 0.236073 0.0000 0.001114 0.001305 0.005091 -0.100729 0.073754 -0.169444 39.5965723835 -218.8278944708 151.23607
J166 99JUL29 1999.5729 51388 1020 4 141.2 -2395 -0.970700 4384736 0.149999 151 0.259283 0.0000 0.001152 0.001413 0.005513 -0.067042 0.078048 -0.195870 39.5965723337 -218.8278944200 151.25928
J166 99JUL30 1999.5756 51389 1020 5 141.2 -2395 -0.971035 4384736 0.154327 151 0.255978 0.0000 0.001171 0.001424 0.005622 -0.017775 -0.012046 -0.142632 39.5965723727 -218.8278944239 151.25598
J166 99JUL31 1999.5784 51390 1020 6 141.2 -2395 -0.976568 4384736 0.157314 151 0.257397 0.0000 0.001184 0.001409 0.005581 -0.071120 -0.000109 -0.177550 39.5965723996 -218.8278944883 151.25740
J166 99AUG01 1999.5811 51391 1021 0 141.2 -2395 -0.972236 4384736 0.157777 151 0.266232 0.0000 0.001165 0.001389 0.005471 -0.070131 0.082634 -0.113816 39.5965724037 -218.8278944379 151.26623
J166 99AUG02 1999.5838 51392 1021 1 141.2 -2395 -0.974942 4384736 0.154756 151 0.251935 0.0000 0.001265 0.001483 0.005913 -0.075221 0.071353 -0.144771 39.5965723765 -218.8278944694 151.25194
J166 99AUG03 1999.5866 51393 1021 2 141.2 -2395 -0.972898 4384736 0.156618 151 0.251605 0.0000 0.001128 0.001402 0.005396 -0.023913 0.044242 -0.134160 39.5965723933 -218.8278944456 151.25160
J166 99AUG04 1999.5893 51394 1021 3 141.2 -2395 -0.972933 4384736 0.156084 151 0.247016 0.0000 0.001191 0.001436 0.005539 -0.080293 0.031238 -0.190678 39.5965723885 -218.8278944460 151.24702
J166 99AUG05 1999.5921 51395 1021 4 141.2 -2395 -0.971378 4384736 0.157629 151 0.262730 0.0000 0.001246 0.001481 0.005802 -0.109422 0.038039 -0.125640 39.5965724024 -218.8278944279 151.26273
J166 99AUG06 1999.5948 51396 1021 5 141.2 -2395 -0.973818 4384736 0.154981 151 0.258831 0.0000 0.001223 0.001435 0.005792 -0.186189 0.145247 -0.195792 39.5965723786 -218.8278944563 151.25883
J166 99AUG07 1999.5975 51397 1021 6 141.2 -2395 -0.970818 4384736 0.152976 151 0.251745 0.0000 0.001102 0.001297 0.005084 -0.095716 0.051802 -0.114680 39.5965723605 -218.8278944213 151.25175
J166 99AUG08 1999.6003 51398 1022 0 141.2 -2395 -0.973711 4384736 0.154250 151 0.252170 0.0000 0.001079 0.001277 0.004944 -0.088661 0.023380 -0.163244 39.5965723720 -218.8278944550 151.25217
J166 99AUG09 1999.6030 51399 1022 1 141.2 -2395 -0.976357 4384736 0.155281 151 0.245663 0.0000 0.001197 0.001467 0.005597 -0.046607 0.011303 -0.143096 39.5965723813 -218.8278944858 151.24566
J166 99AUG10 1999.6057 51400 1022 2 141.2 -2395 -0.973174 4384736 0.152809 151 0.255744 0.0000 0.001192 0.001404 0.005645 -0.000011 0.046116 -0.102599 39.5965723590 -218.8278944488 151.25574
J166 99AUG11 1999.6085 51401 1022 3 141.2 -2395 -0.975621 4384736 0.155959 151 0.256249 0.0000 0.001217 0.001417 0.005630 -0.012732 0.040150 -0.108122 39.5965723874 -218.8278944773 151.25625
J166 99AUG12 1999.6112 51402 1022 4 141.2 -2395 -0.971951 4384736 0.154994 151 0.255829 0.0000 0.001143 0.001343 0.005329 -0.062321 0.018565 -0.197129 39.5965723787 -218.8278944345 151.25583
J166 99AUG13 1999.6140 51403 1022 5 141.2 -2395 -0.973066 4384736 0.153502 151 0.255877 0.0000 0.001070 0.001292 0.005006 -0.060928 0.036640 -0.180011 39.5965723652 -218.8278944475 151.25588
J166 99AUG14 1999.6167 51404 1022 6 141.2 -2395 -0.969960 4384736 0.151552 151 0.250536 0.0000 0.001070 0.001265 0.004893 -0.065653 0.026557 -0.164174 39.5965723477 -218.8278944113 151.25054
J166 99AUG15 1999.6194 51405 1023 0 141.2 -2395 -0.971416 4384736 0.157176 151 0.257376 0.0000 0.001193 0.001434 0.005561 0.002394 -0.054936 -0.151534 39.5965723983 -218.8278944283 151.25738
J166 99AUG16 1999.6222 51406 1023 1 141.2 -2395 -0.970787 4384736 0.151445 151 0.251008 0.0000 0.001140 0.001419 0.005462 -0.046436 0.012012 -0.109907 39.5965723467 -218.8278944210 151.25101
J166 99AUG17 1999.6249 51407 1023 2 141.2 -2395 -0.969438 4384736 0.151525 151 0.264550 0.0000 0.001122 0.001323 0.005276 -0.086195 0.065077 -0.186166 39.5965723474 -218.8278944053 151.26455
J166 99AUG18 1999.6277 51408 1023 3 141.2 -2395 -0.972640 4384736 0.152963 151 0.255540 0.0000 0.001075 0.001263 0.004916 -0.085453 0.023150 -0.169567 39.5965723604 -218.8278944425 151.25554
J166 99AUG19 1999.6304 51409 1023 4 141.2 -2395 -0.971135 4384736 0.155608 151 0.239367 0.0000 0.001072 0.001290 0.004947 -0.060621 0.016215 -0.151379 39.5965723842 -218.8278944250 151.23937
J166 99AUG20 1999.6331 51410 1023 5 141.2 -2395 -0.971371 4384736 0.156420 151 0.247717 0.0000 0.001119 0.001384 0.005334 -0.045228 -0.003765 -0.208585 39.5965723915 -218.8278944278 151.24772
J166 99AUG21 1999.6359 51411 1023 6 141.2 -2395 -0.972906 4384736 0.155556 151 0.248848 0.0000 0.001142 0.001337 0.005250 -0.040084 0.030037 -0.210811 39.5965723837 -218.8278944457 151.24885
J166 99AUG22 1999.6386 51412 1024 0 141.2 -2395 -0.975755 4384736 0.156484 151 0.244458 0.0000 0.001110 0.001325 0.005152 -0.079678 0.097154 -0.154856 39.5965723921 -218.8278944788 151.24446
J166 99AUG23 1999.6413 51413 1024 1 141.2 -2395 -0.976313 4384736 0.155087 151 0.256647 0.0000 0.001130 0.001367 0.005300 -0.044117 -0.000468 -0.175376 39.5965723795 -218.8278944853 151.25665
J166 99AUG24 1999.6441 51414 1024 2 141.2 -2395 -0.973277 4384736 0.153676 151 0.261569 0.0000 0.001128 0.001380 0.005235 -0.060009 0.034137 -0.192897 39.5965723668 -218.8278944500 151.26157
J166 99AUG25 1999.6468 51415 1024 3 141.2 -2395 -0.975655 4384736 0.154394 151 0.261834 0.0000 0.001104 0.001435 0.005218 -0.031611 0.020545 -0.149527 39.5965723733 -218.8278944777 151.26183
J166 99AUG26 1999.6496 51416 1024 4 141.2 -2395 -0.974005 4384736 0.152388 151 0.252929 0.0000 0.001154 0.001389 0.005366 -0.089962 0.050411 -0.172815 39.5965723552 -218.8278944584 151.25293
J166 99AUG27 1999.6523 51417 1024 5 141.2 -2395 -0.972360 4384736 0.150734 151 0.248389 0.0000 0.001148 0.001383 0.005346 -0.032789 0.060455 -0.138602 39.5965723403 -218.8278944393 151.24839
J166 99AUG28 1999.6550 51418 1024 6 141.2 -2395 -0.975973 4384736 0.152201 151 0.263125 0.0000 0.001218 0.001448 0.005738 -0.030149 0.025937 -0.151388 39.5965723535 -218.8278944813 151.26312
J166 99AUG29 1999.6578 51419 1025 0 141.2 -2395 -0.975867 4384736 0.154813 151 0.249688 0.0000 0.001186 0.001434 0.005700 -0.014154 0.006419 -0.139825 39.5965723770 -218.8278944801 151.24969
J166 99AUG30 1999.6605 51420 1025 1 141.2 -2395 -0.980733 4384736 0.148978 151 0.259362 0.0000 0.001259 0.001397 0.005628 -0.062705 0.059335 -0.178882 39.5965723245 -218.8278945368 151.25936
J166 99AUG31 1999.6632 51421 1025 2 141.2 -2395 -0.973416 4384736 0.149675 151 0.249486 0.0000 0.001205 0.001401 0.005465 -0.051428 0.046839 -0.154884 39.5965723308 -218.8278944516 151.24949
J166 99SEP01 1999.6660 51422 1025 3 141.2 -2395 -0.977383 4384736 0.153949 151 0.247395 0.0000 0.001188 0.001398 0.005577 -0.033282 0.063292 -0.195105 39.5965723693 -218.8278944978 151.24740
J166 99SEP02 1999.6687 51423 1025 4 141.2 -2395 -0.975945 4384736 0.155067 151 0.249995 0.0000 0.001144 0.001368 0.005323 -0.029003 0.062828 -0.147977 39.5965723793 -218.8278944810 151.25000
J166 99SEP03 1999.6715 51424 1025 5 141.2 -2395 -0.975504 4384736 0.153330 151 0.255049 0.0000 0.001121 0.001332 0.005167 -0.072456 0.095601 -0.169412 39.5965723637 -218.8278944759 151.25505
J166 99SEP04 1999.6742 51425 1025 6 141.2 -2395 -0.973590 4384736 0.154489 151 0.251541 0.0000 0.001160 0.001445 0.005592 -0.058409 -0.006567 -0.195818 39.5965723741 -218.8278944536 151.25154
J166 99SEP05 1999.6769 51426 1026 0 141.2 -2395 -0.971284 4384736 0.153256 151 0.242337 0.0000 0.001101 0.001305 0.005048 -0.091215 0.080001 -0.167352 39.5965723630 -218.8278944268 151.24234
J166 99SEP06 1999.6797 51427 1026 1 141.2 -2395 -0.973632 4384736 0.153659 151 0.259995 0.0000 0.001141 0.001318 0.005295 -0.080597 0.076092 -0.146750 39.5965723666 -218.8278944541 151.25999
J166 99SEP07 1999.6824 51428 1026 2 141.2 -2395 -0.972511 4384736 0.152388 151 0.253150 0.0000 0.001190 0.001434 0.005634 -0.110715 0.105165 -0.202393 39.5965723552 -218.8278944410 151.25315
J166 99SEP08 1999.6851 51429 1026 3 141.2 -2395 -0.972929 4384736 0.153285 151 0.257901 0.0000 0.001174 0.001471 0.005589 -0.115637 0.073353 -0.189603 39.5965723633 -218.8278944459 151.25790
J166 99SEP09 1999.6879 51430 1026 4 141.2 -2395 -0.974158 4384736 0.154688 151 0.238213 0.0000 0.001131 0.001372 0.005152 -0.104601 0.040313 -0.158963 39.5965723759 -218.8278944602 151.23821
J166 99SEP10 1999.6906 51431 1026 5 141.2 -2395 -0.972669 4384736 0.152487 151 0.253608 0.0000 0.001163 0.001373 0.005482 -0.066857 0.077306 -0.177391 39.5965723561 -218.8278944429 151.25361
J166 99SEP11 1999.6934 51432 1026 6 141.2 -2395 -0.974445 4384736 0.152355 151 0.259831 0.0000 0.001137 0.001398 0.005441 -0.064422 -0.001191 -0.161633 39.5965723549 -218.8278944636 151.25983
J166 99SEP12 1999.6961 51433 1027 0 141.2 -2395 -0.974075 4384736 0.151031 151 0.264529 0.0000 0.001098 0.001341 0.005141 -0.079685 0.043343 -0.137125 39.5965723430 -218.8278944592 151.26453
J166 99SEP13 1999.6988 51434 1027 1 141.2 -2395 -0.969951 4384736 0.148828 151 0.249212 0.0000 0.001126 0.001310 0.005128 -0.092105 0.029737 -0.147589 39.5965723231 -218.8278944112 151.24921
J166 99SEP14 1999.7016 51435 1027 2 141.2 -2395 -0.972799 4384736 0.151535 151 0.250935 0.0000 0.001115 0.001373 0.005304 -0.050234 0.010259 -0.159209 39.5965723475 -218.8278944444 151.25094
J166 99SEP15 1999.7043 51436 1027 3 141.2 -2395 -0.978208 4384736 0.150588 151 0.255058 0.0000 0.001100 0.001336 0.005108 -0.100042 0.032127 -0.143350 39.5965723390 -218.8278945074 151.25506
J166 99SEP16 1999.7070 51437 1027 4 141.2 -2395 -0.974634 4384736 0.150759 151 0.245276 0.0000 0.001090 0.001334 0.005123 -0.041226 0.024116 -0.176489 39.5965723405 -218.8278944658 151.24528
J166 99SEP17 1999.7098 51438 1027 5 141.2 -2395 -0.977075 4384736 0.152795 151 0.255151 0.0000 0.001153 0.001413 0.005449 -0.077076 0.048659 -0.157841 39.5965723589 -218.8278944942 151.25515
J166 99SEP18 1999.7125 51439 1027 6 141.2 -2395 -0.973805 4384736 0.152452 151 0.249469 0.0000 0.001116 0.001368 0.005260 -0.043924 0.021231 -0.136480 39.5965723558 -218.8278944561 151.24947
J166 99SEP19 1999.7153 51440 1028 0 141.2 -2395 -0.971403 4384736 0.149597 151 0.252093 0.0000 0.001104 0.001342 0.005200 -0.052161 0.048126 -0.171237 39.5965723301 -218.8278944281 151.25209
J166 99SEP20 1999.7180 51441 1028 1 141.2 -2395 -0.972981 4384736 0.152874 151 0.248205 0.0000 0.001103 0.001331 0.005097 -0.062770 0.004702 -0.147788 39.5965723596 -218.8278944465 151.24820
J166 99SEP21 1999.7207 51442 1028 2 141.2 -2395 -0.971389 4384736 0.148096 151 0.251446 0.0000 0.001103 0.001358 0.005181 -0.042086 -0.014230 -0.154126 39.5965723165 -218.8278944280 151.25145
J166 99SEP22 1999.7235 51443 1028 3 141.2 -2395 -0.972951 4384736 0.150712 151 0.249550 0.0000 0.001136 0.001423 0.005301 -0.081502 0.045063 -0.175544 39.5965723401 -218.8278944462 151.24955
J166 99SEP23 1999.7262 51444 1028 4 141.2 -2395 -0.973971 4384736 0.150709 151 0.247635 0.0000 0.001176 0.001389 0.005502 -0.068367 0.052070 -0.199858 39.5965723401 -218.8278944580 151.24763
J166 99SEP24 1999.7290 51445 1028 5 141.2 -2395 -0.968587 4384736 0.150850 151 0.250413 0.0000 0.001173 0.001460 0.005479 -0.070453 0.077361 -0.156584 39.5965723413 -218.8278943954 151.25041
J166 99SEP25 1999.7317 51446 1028 6 141.2 -2395 -0.966979 4384736 0.149010 151 0.246032 0.0000 0.001214 0.001412 0.005589 -0.058274 0.027300 -0.181120 39.5965723248 -218.8278943766 151.24603
J166 99SEP26 1999.7344 51447 1029 0 141.2 -2395 -0.975423 4384736 0.156502 151 0.234391 0.0000 0.001238 0.001454 0.005837 -0.011078 0.021265 -0.186848 39.5965723922 -218.8278944750 151.23439
J166 99SEP27 1999.7372 51448 1029 1 141.2 -2395 -0.975583 4384736 0.157485 151 0.232657 0.0000 0.001142 0.001368 0.005316 -0.071779 0.021857 -0.182338 39.5965724011 -218.8278944768 151.23266
J166 99SEP28 1999.7399 51449 1029 2 141.2 -2395 -0.970297 4384736 0.150383 151 0.234840 0.0000 0.001189 0.001424 0.005477 -0.097713 0.078972 -0.207057 39.5965723371 -218.8278944153 151.23484
J166 99SEP29 1999.7426 51450 1029 3 141.2 -2395 -0.976801 4384736 0.150520 151 0.247323 0.0000 0.001144 0.001416 0.005398 -0.043172 -0.001086 -0.163663 39.5965723384 -218.8278944910 151.24732
J166 99SEP30 1999.7454 51451 1029 4 141.2 -2395 -0.971856 4384736 0.152592 151 0.245524 0.0000 0.001273 0.001485 0.006052 -0.091128 0.156127 -0.187672 39.5965723570 -218.8278944334 151.24552
J166 99OCT01 1999.7481 51452 1029 5 141.2 -2395 -0.971426 4384736 0.154223 151 0.251124 0.0000 0.001304 0.001522 0.006200 -0.096009 0.049701 -0.221946 39.5965723717 -218.8278944284 151.25112
J166 99OCT02 1999.7509 51453 1029 6 141.2 -2395 -0.973061 4384736 0.152728 151 0.252224 0.0000 0.001246 0.001496 0.005797 -0.073892 0.064541 -0.162270 39.5965723583 -218.8278944474 151.25222
J166 99OCT03 1999.7536 51454 1030 0 141.2 -2395 -0.970825 4384736 0.152844 151 0.239041 0.0000 0.001170 0.001419 0.005488 -0.075635 0.075772 -0.168295 39.5965723593 -218.8278944214 151.23904
J166 99OCT04 1999.7563 51455 1030 1 141.2 -2395 -0.970939 4384736 0.156302 151 0.232799 0.0000 0.001171 0.001383 0.005464 -0.068920 0.100481 -0.200610 39.5965723904 -218.8278944228 151.23280
J166 99OCT05 1999.7591 51456 1030 2 141.2 -2395 -0.970115 4384736 0.152259 151 0.227696 0.0000 0.001127 0.001376 0.005280 -0.047406 -0.014591 -0.182428 39.5965723540 -218.8278944131 151.22770
J166 99OCT06 1999.7618 51457 1030 3 141.2 -2395 -0.969639 4384736 0.149248 151 0.249087 0.0000 0.001097 0.001354 0.005163 -0.045789 0.011655 -0.187472 39.5965723269 -218.8278944076 151.24909
J166 99OCT07 1999.7645 51458 1030 4 141.2 -2395 -0.969335 4384736 0.152708 151 0.251527 0.0000 0.001151 0.001392 0.005370 -0.093186 0.052033 -0.181936 39.5965723581 -218.8278944041 151.25153
J166 99OCT08 1999.7673 51459 1030 5 141.2 -2395 -0.971999 4384736 0.149881 151 0.243991 0.0000 0.001167 0.001388 0.005498 -0.096060 0.083633 -0.200715 39.5965723326 -218.8278944351 151.24399
J166 99OCT09 1999.7700 51460 1030 6 141.2 -2395 -0.966975 4384736 0.154342 151 0.230764 0.0000 0.001122 0.001348 0.005038 -0.112129 0.053568 -0.169141 39.5965723728 -218.8278943766 151.23076
J166 99OCT10 1999.7728 51461 1031 0 141.2 -2395 -0.969543 4384736 0.150281 151 0.233364 0.0000 0.001144 0.001394 0.005357 -0.102879 0.011993 -0.207517 39.5965723362 -218.8278944065 151.23336
J166 99OCT11 1999.7755 51462 1031 1 141.2 -2395 -0.969901 4384736 0.154020 151 0.243377 0.0000 0.001117 0.001415 0.005261 -0.076230 0.008769 -0.148706 39.5965723699 -218.8278944107 151.24338
J166 99OCT12 1999.7782 51463 1031 2 141.2 -2395 -0.971220 4384736 0.150084 151 0.243712 0.0000 0.001181 0.001413 0.005512 -0.056606 0.025040 -0.171282 39.5965723344 -218.8278944260 151.24371
J166 99OCT13 1999.7810 51464 1031 3 141.2 -2395 -0.969235 4384736 0.154029 151 0.246828 0.0000 0.001150 0.001371 0.005317 -0.079462 0.042437 -0.184798 39.5965723700 -218.8278944029 151.24683
J166 99OCT14 1999.7837 51465 1031 4 141.2 -2395 -0.969384 4384736 0.151839 151 0.232803 0.0000 0.001205 0.001392 0.005511 -0.045609 0.023118 -0.187592 39.5965723503 -218.8278944046 151.23280
J166 99OCT15 1999.7864 51466 1031 5 141.2 -2395 -0.970011 4384736 0.152800 151 0.238819 0.0000 0.001149 0.001391 0.005246 -0.082706 0.030520 -0.143485 39.5965723589 -218.8278944119 151.23882
J166 99OCT16 1999.7892 51467 1031 6 141.2 -2395 -0.968708 4384736 0.153189 151 0.247541 0.0000 0.001179 0.001402 0.005495 -0.072146 0.061166 -0.172177 39.5965723624 -218.8278943968 151.24754
J166 99OCT17 1999.7919 51468 1032 0 141.2 -2395 -0.969133 4384736 0.152165 151 0.242901 0.0000 0.001135 0.001356 0.005301 -0.077192 0.064589 -0.225742 39.5965723532 -218.8278944017 151.24290
J166 99OCT18 1999.7947 51469 1032 1 141.2 -2395 -0.968691 4384736 0.155231 151 0.251313 0.0000 0.001178 0.001416 0.005472 -0.105683 0.085747 -0.203860 39.5965723808 -218.8278943966 151.25131
J166 99OCT19 1999.7974 51470 1032 2 141.2 -2395 -0.970637 4384736 0.155906 151 0.236452 0.0000 0.001150 0.001457 0.005474 -0.070530 0.034599 -0.213778 39.5965723869 -218.8278944192 151.23645
J166 99OCT20 1999.8001 51471 1032 3 141.2 -2395 -0.970260 4384736 0.152689 151 0.248094 0.0000 0.001164 0.001418 0.005600 -0.012576 -0.010619 -0.179070 39.5965723579 -218.8278944148 151.24809
J166 99OCT21 1999.8029 51472 1032 4 141.2 -2395 -0.968806 4384736 0.153829 151 0.236042 0.0000 0.001123 0.001370 0.005307 -0.030138 0.025456 -0.176415 39.5965723682 -218.8278943979 151.23604
J166 99OCT22 1999.8056 51473 1032 5 141.2 -2395 -0.969816 4384736 0.151932 151 0.247538 0.0000 0.001151 0.001402 0.005375 -0.037455 -0.029355 -0.183175 39.5965723511 -218.8278944097 151.24754
J166 99OCT23 1999.8084 51474 1032 6 141.2 -2395 -0.971354 4384736 0.156991 151 0.250471 0.0000 0.001163 0.001401 0.005505 -0.047687 0.029198 -0.171622 39.5965723967 -218.8278944276 151.25047
J166 99OCT24 1999.8111 51475 1033 0 141.2 -2395 -0.970480 4384736 0.153233 151 0.225332 0.0000 0.001149 0.001374 0.005380 -0.033033 -0.043783 -0.166579 39.5965723628 -218.8278944174 151.22533
J166 99OCT25 1999.8138 51476 1033 1 141.2 -2395 -0.970205 4384736 0.155170 151 0.227499 0.0000 0.001155 0.001386 0.005420 -0.055782 0.019731 -0.179446 39.5965723803 -218.8278944142 151.22750
J166 99OCT26 1999.8166 51477 1033 2 141.2 -2395 -0.971084 4384736 0.153499 151 0.234080 0.0000 0.001118 0.001312 0.005171 -0.059365 -0.031643 -0.139727 39.5965723652 -218.8278944244 151.23408
J166 99OCT27 1999.8193 51478 1033 3 141.2 -2395 -0.968315 4384736 0.153300 151 0.241800 0.0000 0.001207 0.001468 0.005823 -0.052541 0.035356 -0.145896 39.5965723634 -218.8278943922 151.24180
J166 99OCT28 1999.8220 51479 1033 4 141.2 -2395 -0.970411 4384736 0.153334 151 0.239833 0.0000 0.001220 0.001452 0.005605 -0.115685 0.018365 -0.160894 39.5965723637 -218.8278944166 151.23983
J166 99OCT29 1999.8248 51480 1033 5 141.2 -2395 -0.968234 4384736 0.152812 151 0.232591 0.0000 0.001226 0.001443 0.005634 -0.028516 -0.013648 -0.120831 39.5965723590 -218.8278943912 151.23259
J166 99OCT30 1999.8275 51481 1033 6 141.2 -2395 -0.970622 4384736 0.149527 151 0.233629 0.0000 0.001175 0.001340 0.005337 -0.074217 0.053612 -0.166347 39.5965723294 -218.8278944190 151.23363
J166 99OCT31 1999.8303 51482 1034 0 141.2 -2395 -0.972468 4384736 0.156575 151 0.238969 0.0000 0.001196 0.001441 0.005539 -0.052013 0.023407 -0.140210 39.5965723929 -218.8278944406 151.23897
J166 99NOV01 1999.8330 51483 1034 1 141.2 -2395 -0.968025 4384736 0.151621 151 0.243933 0.0000 0.001198 0.001361 0.005439 -0.070493 0.036908 -0.139709 39.5965723483 -218.8278943888 151.24393
J166 99NOV02 1999.8357 51484 1034 2 141.2 -2395 -0.972219 4384736 0.153951 151 0.227131 0.0000 0.001159 0.001353 0.005248 -0.066419 0.059796 -0.110005 39.5965723693 -218.8278944377 151.22713
J166 99NOV03 1999.8385 51485 1034 3 141.2 -2395 -0.972960 4384736 0.153197 151 0.236035 0.0000 0.001176 0.001359 0.005417 -0.086332 0.019572 -0.223428 39.5965723625 -218.8278944463 151.23604
J166 99NOV04 1999.8412 51486 1034 4 141.2 -2395 -0.972312 4384736 0.154696 151 0.227547 0.0000 0.001195 0.001366 0.005431 -0.050969 0.057600 -0.164403 39.5965723760 -218.8278944387 151.22755
J166 99NOV05 1999.8439 51487 1034 5 141.2 -2395 -0.971657 4384736 0.151253 151 0.232735 0.0000 0.001203 0.001376 0.005509 -0.028521 -0.024760 -0.175325 39.5965723450 -218.8278944311 151.23274
J166 99NOV06 1999.8467 51488 1034 6 141.2 -2395 -0.972736 4384736 0.154137 151 0.230002 0.0000 0.001153 0.001348 0.005229 -0.058858 0.061881 -0.145086 39.5965723709 -218.8278944437 151.23000
J166 99NOV07 1999.8494 51489 1035 0 141.2 -2395 -0.971352 4384736 0.153441 151 0.227548 0.0000 0.001193 0.001358 0.005400 -0.080303 0.090954 -0.171957 39.5965723647 -218.8278944276 151.22755
J166 99NOV08 1999.8522 51490 1035 1 141.2 -2395 -0.972912 4384736 0.151798 151 0.241071 0.0000 0.001136 0.001324 0.005221 -0.019545 -0.002637 -0.148150 39.5965723499 -218.8278944457 151.24107
J166 99NOV09 1999.8549 51491 1035 2 141.2 -2395 -0.974076 4384736 0.153758 151 0.234785 0.0000 0.001180 0.001379 0.005406 -0.086283 0.031617 -0.167997 39.5965723675 -218.8278944593 151.23479
J166 99NOV10 1999.8576 51492 1035 3 141.2 -2395 -0.976262 4384736 0.158210 151 0.243382 0.0000 0.001149 0.001349 0.005318 -0.032234 0.006572 -0.163792 39.5965724076 -218.8278944847 151.24338
J166 99NOV11 1999.8604 51493 1035 4 141.2 -2395 -0.975428 4384736 0.153748 151 0.238742 0.0000 0.001162 0.001387 0.005371 -0.013796 -0.016018 -0.113607 39.5965723674 -218.8278944750 151.23874
J166 99NOV12 1999.8631 51494 1035 5 141.2 -2395 -0.975786 4384736 0.153108 151 0.241930 0.0000 0.001201 0.001350 0.005377 -0.044635 0.033376 -0.162053 39.5965723617 -218.8278944792 151.24193
J166 99NOV13 1999.8658 51495 1035 6 141.2 -2395 -0.971691 4384736 0.152935 151 0.224476 0.0000 0.001188 0.001336 0.005252 -0.037988 -0.002356 -0.142152 39.5965723601 -218.8278944315 151.22448
J166 99NOV14 1999.8686 51496 1036 0 141.2 -2395 -0.971067 4384736 0.153847 151 0.218533 0.0000 0.001161 0.001338 0.005259 -0.062096 -0.044924 -0.128931 39.5965723683 -218.8278944242 151.21853
J166 99NOV15 1999.8713 51497 1036 1 141.2 -2395 -0.970354 4384736 0.156053 151 0.249901 0.0000 0.001126 0.001341 0.005197 -0.068491 0.013405 -0.149850 39.5965723882 -218.8278944159 151.24990
J166 99NOV16 1999.8741 51498 1036 2 141.2 -2395 -0.973892 4384736 0.154812 151 0.252691 0.0000 0.001204 0.001371 0.005331 -0.021143 0.008458 -0.105093 39.5965723770 -218.8278944571 151.25269
J166 99NOV17 1999.8768 51499 1036 3 141.2 -2395 -0.973081 4384736 0.154450 151 0.232467 0.0000 0.001136 0.001346 0.005200 -0.006239 0.051279 -0.098209 39.5965723738 -218.8278944477 151.23247
J166 99NOV18 1999.8795 51500 1036 4 141.2 -2395 -0.975014 4384736 0.153178 151 0.234419 0.0000 0.001264 0.001408 0.005748 -0.078129 0.091133 -0.144684 39.5965723623 -218.8278944702 151.23442
J166 99NOV19 1999.8823 51501 1036 5 141.2 -2395 -0.973400 4384736 0.155473 151 0.234539 0.0000 0.001164 0.001324 0.005176 -0.049233 0.023129 -0.130081 39.5965723830 -218.8278944514 151.23454
J166 99NOV20 1999.8850 51502 1036 6 141.2 -2395 -0.973229 4384736 0.151626 151 0.226934 0.0000 0.001249 0.001368 0.005510 -0.065638 0.080055 -0.101093 39.5965723483 -218.8278944494 151.22693
J166 99NOV21 1999.8877 51503 1037 0 141.2 -2395 -0.972183 4384736 0.154409 151 0.231591 0.0000 0.001198 0.001313 0.005210 -0.063237 0.032615 -0.143265 39.5965723734 -218.8278944372 151.23159
J166 99NOV22 1999.8905 51504 1037 1 141.2 -2395 -0.971609 4384736 0.154216 151 0.236997 0.0000 0.001131 0.001316 0.005071 -0.053051 0.022121 -0.138611 39.5965723717 -218.8278944305 151.23700
J166 99NOV23 1999.8932 51505 1037 2 141.2 -2395 -0.973286 4384736 0.152805 151 0.234845 0.0000 0.001167 0.001373 0.005332 -0.064897 0.073616 -0.118638 39.5965723590 -218.8278944501 151.23484
J166 99NOV24 1999.8960 51506 1037 3 141.2 -2395 -0.971612 4384736 0.155718 151 0.246824 0.0000 0.001247 0.001446 0.005628 -0.101992 0.083804 -0.160531 39.5965723852 -218.8278944306 151.24682
J166 99NOV25 1999.8987 51507 1037 4 141.2 -2395 -0.971048 4384736 0.154823 151 0.258620 0.0000 0.001251 0.001421 0.005661 -0.043929 0.074035 -0.160908 39.5965723771 -218.8278944240 151.25862
J166 99NOV26 1999.9014 51508 1037 5 141.2 -2395 -0.973869 4384736 0.153838 151 0.250998 0.0000 0.001218 0.001411 0.005557 -0.047365 0.022269 -0.118626 39.5965723683 -218.8278944569 151.25100
J166 99NOV27 1999.9042 51509 1037 6 141.2 -2395 -0.974230 4384736 0.152708 151 0.252931 0.0000 0.001159 0.001376 0.005339 -0.041076 0.042290 -0.141178 39.5965723581 -218.8278944611 151.25293
J166 99NOV28 1999.9069 51510 1038 0 141.2 -2395 -0.974179 4384736 0.156070 151 0.252575 0.0000 0.001122 0.001312 0.005086 -0.048021 0.049206 -0.107051 39.5965723884 -218.8278944605 151.25258
J166 99NOV29 1999.9097 51511 1038 1 141.2 -2395 -0.970742 4384736 0.154515 151 0.244825 0.0000 0.001144 0.001401 0.005285 -0.011725 0.017978 -0.083071 39.5965723743 -218.8278944205 151.24482
J166 99NOV30 1999.9124 51512 1038 2 141.2 -2395 -0.971853 4384736 0.150909 151 0.236410 0.0000 0.001248 0.001472 0.005676 -0.026914 -0.007098 -0.120427 39.5965723419 -218.8278944334 151.23641
J166 99DEC01 1999.9151 51513 1038 3 141.2 -2395 -0.970410 4384736 0.153120 151 0.241527 0.0000 0.001180 0.001416 0.005387 -0.029870 -0.043922 -0.162127 39.5965723618 -218.8278944166 151.24153
J166 99DEC02 1999.9179 51514 1038 4 141.2 -2395 -0.969821 4384736 0.154324 151 0.235003 0.0000 0.001155 0.001342 0.005235 -0.030588 0.004343 -0.152953 39.5965723726 -218.8278944097 151.23500
J166 99DEC03 1999.9206 51515 1038 5 141.2 -2395 -0.972599 4384736 0.155750 151 0.223642 0.0000 0.001186 0.001379 0.005365 -0.023630 0.037129 -0.115076 39.5965723855 -218.8278944421 151.22364
J166 99DEC04 1999.9233 51516 1038 6 141.2 -2395 -0.972803 4384736 0.151563 151 0.250057 0.0000 0.001216 0.001458 0.005601 -0.030088 0.024628 -0.129558 39.5965723478 -218.8278944444 151.25006
J166 99DEC05 1999.9261 51517 1039 0 141.2 -2395 -0.969596 4384736 0.157597 151 0.231662 0.0000 0.001159 0.001293 0.005140 -0.027284 0.025061 -0.147042 39.5965724021 -218.8278944071 151.23166
J166 99DEC06 1999.9288 51518 1039 1 141.2 -2395 -0.969755 4384736 0.155659 151 0.242565 0.0000 0.001217 0.001414 0.005517 -0.021635 0.024617 -0.157463 39.5965723847 -218.8278944090 151.24256
J166 99DEC07 1999.9316 51519 1039 2 141.2 -2395 -0.971834 4384736 0.156728 151 0.217574 0.0000 0.001192 0.001327 0.005355 -0.048963 0.064793 -0.166720 39.5965723943 -218.8278944332 151.21757
J166 99DEC08 1999.9343 51520 1039 3 141.2 -2395 -0.971658 4384736 0.155647 151 0.242975 0.0000 0.001264 0.001496 0.005681 0.004083 -0.009770 -0.195661 39.5965723845 -218.8278944311 151.24298
J166 99DEC09 1999.9370 51521 1039 4 141.2 -2395 -0.970130 4384736 0.156493 151 0.233320 0.0000 0.001213 0.001385 0.005470 -0.038922 0.036690 -0.142018 39.5965723922 -218.8278944133 151.23332
J166 99DEC10 1999.9398 51522 1039 5 141.2 -2395 -0.972716 4384736 0.153778 151 0.244451 0.0000 0.001152 0.001320 0.005188 -0.023937 0.035561 -0.165292 39.5965723677 -218.8278944434 151.24445
J166 99DEC11 1999.9425 51523 1039 6 141.2 -2395 -0.972391 4384736 0.158801 151 0.232990 0.0000 0.001148 0.001321 0.005180 -0.034065 0.052070 -0.161952 39.5965724130 -218.8278944397 151.23299
J166 99DEC12 1999.9452 51524 1040 0 141.2 -2395 -0.976145 4384736 0.155599 151 0.243238 0.0000 0.001167 0.001353 0.005375 -0.012167 0.048889 -0.170200 39.5965723841 -218.8278944834 151.24324
J166 99DEC13 1999.9480 51525 1040 1 141.2 -2395 -0.973641 4384736 0.151851 151 0.248097 0.0000 0.001188 0.001424 0.005404 0.027431 0.016296 -0.124814 39.5965723504 -218.8278944542 151.24810
J166 99DEC14 1999.9507 51526 1040 2 141.2 -2395 -0.970099 4384736 0.158468 151 0.227416 0.0000 0.001291 0.001422 0.005857 -0.029711 0.131865 -0.116705 39.5965724100 -218.8278944130 151.22742
J166 99DEC15 1999.9535 51527 1040 3 141.2 -2395 -0.971611 4384736 0.152770 151 0.232010 0.0000 0.001203 0.001408 0.005477 -0.007789 0.025685 -0.098582 39.5965723586 -218.8278944306 151.23201
J166 99DEC16 1999.9562 51528 1040 4 141.2 -2395 -0.972191 4384736 0.154498 151 0.231808 0.0000 0.001199 0.001417 0.005521 -0.026044 0.076526 -0.181234 39.5965723742 -218.8278944373 151.23181
J166 99DEC17 1999.9589 51529 1040 5 141.2 -2395 -0.969715 4384736 0.153149 151 0.242870 0.0000 0.001266 0.001473 0.005730 0.021205 0.055664 -0.120828 39.5965723621 -218.8278944085 151.24287
J166 99DEC18 1999.9617 51530 1040 6 141.2 -2395 -0.978261 4384736 0.154793 151 0.243067 0.0000 0.001202 0.001451 0.005501 0.035472 -0.034427 -0.145542 39.5965723769 -218.8278945080 151.24307
J166 99DEC19 1999.9644 51531 1041 0 141.2 -2395 -0.972739 4384736 0.151658 151 0.241629 0.0000 0.001182 0.001377 0.005303 0.010352 0.027057 -0.109296 39.5965723486 -218.8278944437 151.24163
J166 99DEC20 1999.9671 51532 1041 1 141.2 -2395 -0.974265 4384736 0.155664 151 0.233996 0.0000 0.001161 0.001344 0.005262 -0.050061 0.058911 -0.144770 39.5965723847 -218.8278944615 151.23400
J166 99DEC21 1999.9699 51533 1041 2 141.2 -2395 -0.977123 4384736 0.152852 151 0.235081 0.0000 0.001213 0.001411 0.005610 -0.021626 0.040478 -0.165449 39.5965723594 -218.8278944947 151.23508
J166 99DEC22 1999.9726 51534 1041 3 141.2 -2395 -0.975813 4384736 0.155745 151 0.238114 0.0000 0.001171 0.001383 0.005285 -0.027370 0.059405 -0.107615 39.5965723854 -218.8278944795 151.23811
J166 99DEC23 1999.9754 51535 1041 4 141.2 -2395 -0.971431 4384736 0.150113 151 0.250705 0.0000 0.001178 0.001399 0.005395 0.032190 0.014028 -0.146055 39.5965723347 -218.8278944285 151.25070
J166 99DEC24 1999.9781 51536 1041 5 141.2 -2395 -0.974734 4384736 0.152612 151 0.242067 0.0000 0.001178 0.001338 0.005355 -0.001296 0.011596 -0.155007 39.5965723572 -218.8278944669 151.24207
J166 99DEC25 1999.9808 51537 1041 6 141.2 -2395 -0.975232 4384736 0.150415 151 0.249513 0.0000 0.001149 0.001332 0.005199 -0.012997 0.032931 -0.106372 39.5965723374 -218.8278944727 151.24951
J166 99DEC26 1999.9836 51538 1042 0 141.2 -2395 -0.972873 4384736 0.152489 151 0.255403 0.0000 0.001144 0.001325 0.005169 0.006921 0.004642 -0.118505 39.5965723561 -218.8278944453 151.25540
J166 99DEC27 1999.9863 51539 1042 1 141.2 -2395 -0.976684 4384736 0.151995 151 0.243420 0.0000 0.001152 0.001332 0.005274 -0.040392 0.075633 -0.127133 39.5965723517 -218.8278944896 151.24342
J166 99DEC28 1999.9890 51540 1042 2 141.2 -2395 -0.973321 4384736 0.149879 151 0.254661 0.0000 0.001247 0.001483 0.005642 0.001623 -0.002328 -0.138355 39.5965723326 -218.8278944505 151.25466
J166 99DEC29 1999.9918 51541 1042 3 141.2 -2395 -0.975144 4384736 0.155279 151 0.248254 0.0000 0.001193 0.001396 0.005515 -0.012492 0.020904 -0.172351 39.5965723812 -218.8278944717 151.24825
J166 99DEC30 1999.9945 51542 1042 4 141.2 -2395 -0.974531 4384736 0.154939 151 0.244798 0.0000 0.001114 0.001295 0.005052 -0.017331 0.021189 -0.141506 39.5965723782 -218.8278944646 151.24480
J166 99DEC31 1999.9973 51543 1042 5 141.2 -2395 -0.973506 4384736 0.154975 151 0.245427 0.0000 0.001166 0.001369 0.005332 -0.008966 0.030309 -0.114074 39.5965723785 -218.8278944526 151.24543
J166 00JAN01 2000.0000 51544 1042 6 141.2 -2395 -0.974883 4384736 0.157138 151 0.244484 0.0000 0.001218 0.001411 0.005568 -0.009358 0.063881 -0.172974 39.5965723980 -218.8278944687 151.24448
J166 00JAN02 2000.0027 51545 1043 0 141.2 -2395 -0.975383 4384736 0.156835 151 0.241610 0.0000 0.001134 0.001303 0.005182 -0.035324 0.045818 -0.178068 39.5965723952 -218.8278944745 151.24161
J166 00JAN03 2000.0055 51546 1043 1 141.2 -2395 -0.972479 4384736 0.145528 151 0.218139 0.0000 0.001131 0.001325 0.005213 -0.004998 -0.020327 -0.113806 39.5965722934 -218.8278944407 151.21814
J166 00JAN04 2000.0082 51547 1043 2 141.2 -2395 -0.975396 4384736 0.155467 151 0.231628 0.0000 0.001140 0.001371 0.005174 -0.042261 0.022603 -0.165431 39.5965723829 -218.8278944746 151.23163
J166 00JAN05 2000.0110 51548 1043 3 141.2 -2395 -0.975079 4384736 0.155697 151 0.236504 0.0000 0.001084 0.001315 0.004974 -0.052984 0.033201 -0.093115 39.5965723850 -218.8278944710 151.23650
J166 00JAN06 2000.0137 51549 1043 4 141.2 -2395 -0.973034 4384736 0.151879 151 0.247140 0.0000 0.001188 0.001376 0.005349 -0.031856 0.096847 -0.151724 39.5965723506 -218.8278944471 151.24714
J166 00JAN07 2000.0164 51550 1043 5 141.2 -2395 -0.972367 4384736 0.149435 151 0.246799 0.0000 0.001216 0.001449 0.005558 -0.034469 0.064628 -0.207045 39.5965723286 -218.8278944394 151.24680
J166 00JAN08 2000.0192 51551 1043 6 141.2 -2395 -0.974743 4384736 0.151491 151 0.238059 0.0000 0.001159 0.001329 0.005136 -0.042758 0.036098 -0.152161 39.5965723471 -218.8278944670 151.23806
J166 00JAN09 2000.0219 51552 1044 0 141.2 -2395 -0.973363 4384736 0.153127 151 0.233139 0.0000 0.001141 0.001325 0.005066 -0.046747 0.059804 -0.127751 39.5965723618 -218.8278944510 151.23314
J166 00JAN10 2000.0246 51553 1044 1 141.2 -2395 -0.977467 4384736 0.153301 151 0.234886 0.0000 0.001164 0.001365 0.005187 -0.022988 0.068347 -0.113314 39.5965723634 -218.8278944987 151.23489
J166 00JAN11 2000.0274 51554 1044 2 141.2 -2395 -0.974960 4384736 0.153986 151 0.224102 0.0000 0.001200 0.001360 0.005381 -0.037737 0.055706 -0.119555 39.5965723696 -218.8278944696 151.22410
J166 00JAN12 2000.0301 51555 1044 3 141.2 -2395 -0.974324 4384736 0.152897 151 0.221387 0.0000 0.001242 0.001435 0.005626 -0.070066 0.085038 -0.153401 39.5965723598 -218.8278944622 151.22139
J166 00JAN13 2000.0329 51556 1044 4 141.2 -2395 -0.974604 4384736 0.152229 151 0.243932 0.0000 0.001231 0.001425 0.005703 -0.003979 0.024547 -0.119231 39.5965723538 -218.8278944654 151.24393
J166 00JAN14 2000.0356 51557 1044 5 141.2 -2395 -0.974283 4384736 0.155444 151 0.232212 0.0000 0.001222 0.001390 0.005520 -0.037017 0.045626 -0.150490 39.5965723827 -218.8278944617 151.23221
J166 00JAN15 2000.0383 51558 1044 6 141.2 -2395 -0.974359 4384736 0.154974 151 0.245456 0.0000 0.001206 0.001371 0.005368 -0.029110 0.067428 -0.127550 39.5965723785 -218.8278944626 151.24546
J166 00JAN16 2000.0411 51559 1045 0 141.2 -2395 -0.974999 4384736 0.153374 151 0.245145 0.0000 0.001162 0.001337 0.005221 -0.046969 0.021218 -0.120462 39.5965723641 -218.8278944700 151.24515
J166 00JAN17 2000.0438 51560 1045 1 141.2 -2395 -0.975625 4384736 0.151963 151 0.247637 0.0000 0.001205 0.001361 0.005449 -0.032206 0.026760 -0.165465 39.5965723514 -218.8278944773 151.24764
J166 00JAN18 2000.0465 51561 1045 2 141.2 -2395 -0.975774 4384736 0.153210 151 0.246978 0.0000 0.001201 0.001347 0.005453 -0.037579 0.052269 -0.170670 39.5965723626 -218.8278944790 151.24698
J166 00JAN19 2000.0493 51562 1045 3 141.2 -2395 -0.973668 4384736 0.152181 151 0.246809 0.0000 0.001223 0.001357 0.005543 -0.049202 0.053556 -0.180140 39.5965723533 -218.8278944545 151.24681
J166 00JAN20 2000.0520 51563 1045 4 141.2 -2395 -0.974821 4384736 0.149925 151 0.249025 0.0000 0.001185 0.001351 0.005477 -0.038942 0.071912 -0.141894 39.5965723330 -218.8278944679 151.24902
J166 00JAN21 2000.0548 51564 1045 5 141.2 -2395 -0.973787 4384736 0.148962 151 0.228582 0.0000 0.001169 0.001333 0.005313 0.028074 0.002490 -0.158627 39.5965723243 -218.8278944559 151.22858
J166 00JAN22 2000.0575 51565 1045 6 141.2 -2395 -0.970240 4384736 0.151376 151 0.227014 0.0000 0.001189 0.001393 0.005558 0.026260 0.019161 -0.162092 39.5965723461 -218.8278944146 151.22701
J166 00JAN23 2000.0602 51566 1046 0 141.2 -2395 -0.977133 4384736 0.149598 151 0.241027 0.0000 0.001235 0.001438 0.005800 -0.067694 0.009067 -0.175898 39.5965723301 -218.8278944949 151.24103
J166 00JAN24 2000.0630 51567 1046 1 141.2 -2395 -0.979402 4384736 0.151644 151 0.254076 0.0000 0.001190 0.001329 0.005405 -0.040100 0.049000 -0.165111 39.5965723485 -218.8278945213 151.25408
J166 00JAN25 2000.0657 51568 1046 2 141.2 -2395 -0.976865 4384736 0.148572 151 0.245799 0.0000 0.001239 0.001353 0.005622 -0.019934 0.070261 -0.223138 39.5965723208 -218.8278944917 151.24580
J166 00JAN26 2000.0684 51569 1046 3 141.2 -2395 -0.973372 4384736 0.152596 151 0.242047 0.0000 0.001256 0.001403 0.005841 -0.036194 0.071916 -0.181358 39.5965723571 -218.8278944511 151.24205
J166 00JAN27 2000.0712 51570 1046 4 141.2 -2395 -0.971166 4384736 0.152087 151 0.241430 0.0000 0.001267 0.001399 0.005758 0.005105 0.072280 -0.164860 39.5965723525 -218.8278944254 151.24143
J166 00JAN28 2000.0739 51571 1046 5 141.2 -2395 -0.975075 4384736 0.152309 151 0.243138 0.0000 0.001226 0.001364 0.005585 -0.025481 0.056333 -0.215213 39.5965723545 -218.8278944709 151.24314
J166 00JAN29 2000.0767 51572 1046 6 141.2 -2395 -0.973882 4384736 0.150496 151 0.241845 0.0000 0.001312 0.001407 0.005834 -0.036047 0.004893 -0.204484 39.5965723382 -218.8278944570 151.24185
J166 00JAN30 2000.0794 51573 1047 0 141.2 -2395 -0.978034 4384736 0.151695 151 0.263288 0.0000 0.001269 0.001416 0.005735 -0.017554 0.006013 -0.196616 39.5965723490 -218.8278945053 151.26329
J166 00JAN31 2000.0821 51574 1047 1 141.2 -2395 -0.973872 4384736 0.150494 151 0.249081 0.0000 0.001284 0.001418 0.005766 -0.001135 0.005093 -0.183359 39.5965723381 -218.8278944569 151.24908
J166 00FEB01 2000.0849 51575 1047 2 141.2 -2395 -0.976104 4384736 0.152843 151 0.238865 0.0000 0.001233 0.001416 0.005704 -0.015573 -0.001445 -0.128193 39.5965723593 -218.8278944829 151.23886
J166 00FEB02 2000.0876 51576 1047 3 141.2 -2395 -0.973328 4384736 0.147390 151 0.243855 0.0000 0.001244 0.001422 0.005763 -0.008879 0.058284 -0.225600 39.5965723102 -218.8278944505 151.24386
J166 00FEB03 2000.0903 51577 1047 4 141.2 -2395 -0.971071 4384736 0.147300 151 0.239639 0.0000 0.001272 0.001461 0.005690 -0.025235 0.022559 -0.226211 39.5965723094 -218.8278944243 151.23964
J166 00FEB04 2000.0931 51578 1047 5 141.2 -2395 -0.972644 4384736 0.149483 151 0.247795 0.0000 0.001178 0.001335 0.005227 -0.000924 -0.014024 -0.160230 39.5965723290 -218.8278944426 151.24780
J166 00FEB05 2000.0958 51579 1047 6 141.2 -2395 -0.972302 4384736 0.152368 151 0.243781 0.0000 0.001226 0.001397 0.005541 -0.044431 0.040817 -0.165069 39.5965723550 -218.8278944386 151.24378
J166 00FEB06 2000.0986 51580 1048 0 141.2 -2395 -0.974643 4384736 0.151392 151 0.246030 0.0000 0.001216 0.001373 0.005506 -0.055575 0.055347 -0.113111 39.5965723462 -218.8278944659 151.24603
J166 00FEB07 2000.1013 51581 1048 1 141.2 -2395 -0.971264 4384736 0.148754 151 0.249237 0.0000 0.001211 0.001366 0.005356 -0.074121 0.064015 -0.142113 39.5965723225 -218.8278944265 151.24924
J166 00FEB08 2000.1040 51582 1048 2 141.2 -2395 -0.973198 4384736 0.152319 151 0.250678 0.0000 0.001199 0.001390 0.005386 -0.057395 0.065658 -0.197866 39.5965723546 -218.8278944490 151.25068
J166 00FEB09 2000.1068 51583 1048 3 141.2 -2395 -0.970789 4384736 0.147713 151 0.243756 0.0000 0.001184 0.001383 0.005439 0.003846 0.004600 -0.170476 39.5965723131 -218.8278944210 151.24376
J166 00FEB10 2000.1095 51584 1048 4 141.2 -2395 -0.970454 4384736 0.146765 151 0.236268 0.0000 0.001147 0.001392 0.005293 -0.028753 -0.038547 -0.141447 39.5965723046 -218.8278944171 151.23627
J166 00FEB11 2000.1123 51585 1048 5 141.2 -2395 -0.974356 4384736 0.149358 151 0.238486 0.0000 0.001177 0.001367 0.005393 -0.060173 0.051905 -0.142278 39.5965723279 -218.8278944625 151.23849
J166 00FEB12 2000.1150 51586 1048 6 141.2 -2395 -0.973452 4384736 0.149512 151 0.235683 0.0000 0.001200 0.001511 0.005667 -0.007222 -0.023947 -0.109057 39.5965723293 -218.8278944520 151.23568
J166 00FEB13 2000.1177 51587 1049 0 141.2 -2395 -0.971151 4384736 0.151308 151 0.226861 0.0000 0.001170 0.001356 0.005266 -0.078192 0.064247 -0.134904 39.5965723455 -218.8278944252 151.22686
J166 00FEB14 2000.1205 51588 1049 1 141.2 -2395 -0.973613 4384736 0.146587 151 0.245111 0.0000 0.001161 0.001391 0.005343 -0.025376 0.009896 -0.167734 39.5965723029 -218.8278944539 151.24511
J166 00FEB15 2000.1232 51589 1049 2 141.2 -2395 -0.976113 4384736 0.151158 151 0.236082 0.0000 0.001161 0.001359 0.005220 -0.037846 0.028635 -0.117204 39.5965723441 -218.8278944830 151.23608
J166 00FEB16 2000.1259 51590 1049 3 141.2 -2395 -0.971223 4384736 0.149807 151 0.239762 0.0000 0.001178 0.001412 0.005424 -0.036585 0.069204 -0.159936 39.5965723319 -218.8278944260 151.23976
J166 00FEB17 2000.1287 51591 1049 4 141.2 -2395 -0.973679 4384736 0.148185 151 0.242254 0.0000 0.001134 0.001309 0.005083 -0.052341 0.031629 -0.128992 39.5965723173 -218.8278944546 151.24225
J166 00FEB18 2000.1314 51592 1049 5 141.2 -2395 -0.974729 4384736 0.149212 151 0.248872 0.0000 0.001164 0.001356 0.005304 -0.053185 0.065989 -0.154873 39.5965723266 -218.8278944669 151.24887
J166 00FEB19 2000.1342 51593 1049 6 141.2 -2395 -0.973104 4384736 0.148095 151 0.230235 0.0000 0.001138 0.001381 0.005217 -0.019815 0.021451 -0.168123 39.5965723165 -218.8278944479 151.23024
J166 00FEB20 2000.1369 51594 1050 0 141.2 -2395 -0.970274 4384736 0.145999 151 0.246483 0.0000 0.001154 0.001445 0.005417 0.009639 -0.020221 -0.222721 39.5965722976 -218.8278944150 151.24648
J166 00FEB21 2000.1396 51595 1050 1 141.2 -2395 -0.972184 4384736 0.150256 151 0.233820 0.0000 0.001173 0.001459 0.005536 -0.034457 0.041327 -0.205191 39.5965723360 -218.8278944372 151.23382
J166 00FEB22 2000.1424 51596 1050 2 141.2 -2395 -0.976109 4384736 0.147484 151 0.240387 0.0000 0.001137 0.001381 0.005179 -0.034469 0.018222 -0.133816 39.5965723110 -218.8278944829 151.24039
J166 00FEB23 2000.1451 51597 1050 3 141.2 -2395 -0.973544 4384736 0.148557 151 0.239299 0.0000 0.001191 0.001380 0.005402 -0.033494 0.039206 -0.173054 39.5965723207 -218.8278944531 151.23930
J166 00FEB24 2000.1478 51598 1050 4 141.2 -2395 -0.973973 4384736 0.148391 151 0.231338 0.0000 0.001141 0.001312 0.005065 -0.036711 -0.005587 -0.115490 39.5965723192 -218.8278944581 151.23134
J166 00FEB25 2000.1506 51599 1050 5 141.2 -2395 -0.973907 4384736 0.150207 151 0.227347 0.0000 0.001177 0.001370 0.005389 -0.029917 0.016190 -0.131152 39.5965723355 -218.8278944573 151.22735
J166 00FEB26 2000.1533 51600 1050 6 141.2 -2395 -0.972966 4384736 0.147026 151 0.229878 0.0000 0.001191 0.001334 0.005276 -0.001240 0.066911 -0.108650 39.5965723069 -218.8278944463 151.22988
J166 00FEB27 2000.1561 51601 1051 0 141.2 -2395 -0.973781 4384736 0.151274 151 0.228803 0.0000 0.001204 0.001352 0.005441 -0.072949 0.106081 -0.125300 39.5965723452 -218.8278944558 151.22880
J166 00FEB28 2000.1588 51602 1051 1 141.2 -2395 -0.973382 4384736 0.148533 151 0.237696 0.0000 0.001202 0.001391 0.005483 -0.066706 0.112539 -0.145484 39.5965723205 -218.8278944512 151.23770
J166 00FEB29 2000.1615 51603 1051 2 141.2 -2395 -0.972984 4384736 0.148592 151 0.242566 0.0000 0.001207 0.001417 0.005548 -0.045733 0.054591 -0.139326 39.5965723210 -218.8278944465 151.24257
J166 00MAR01 2000.1643 51604 1051 3 141.2 -2395 -0.969993 4384736 0.145732 151 0.227588 0.0000 0.001179 0.001397 0.005380 -0.024298 -0.009110 -0.178523 39.5965722952 -218.8278944117 151.22759
J166 00MAR02 2000.1670 51605 1051 4 141.2 -2395 -0.974206 4384736 0.148627 151 0.230934 0.0000 0.001213 0.001382 0.005492 -0.034072 0.087323 -0.140936 39.5965723213 -218.8278944608 151.23093
J166 00MAR03 2000.1697 51606 1051 5 141.2 -2395 -0.970208 4384736 0.144299 151 0.241016 0.0000 0.001207 0.001366 0.005429 -0.072923 0.068561 -0.133456 39.5965722823 -218.8278944142 151.24102
J166 00MAR04 2000.1725 51607 1051 6 141.2 -2395 -0.973574 4384736 0.149036 151 0.227383 0.0000 0.001197 0.001428 0.005562 -0.028918 0.073898 -0.154633 39.5965723250 -218.8278944534 151.22738
J166 00MAR05 2000.1752 51608 1052 0 141.2 -2395 -0.969827 4384736 0.147144 151 0.238703 0.0000 0.001186 0.001421 0.005512 -0.031030 0.028245 -0.115474 39.5965723080 -218.8278944098 151.23870
J166 00MAR06 2000.1780 51609 1052 1 141.2 -2395 -0.972592 4384736 0.145662 151 0.239069 0.0000 0.001200 0.001478 0.005615 -0.029839 0.024964 -0.130142 39.5965722946 -218.8278944420 151.23907
J166 00MAR07 2000.1807 51610 1052 2 141.2 -2395 -0.973985 4384736 0.150182 151 0.231598 0.0000 0.001282 0.001454 0.005846 -0.033238 0.084921 -0.150069 39.5965723353 -218.8278944582 151.23160
J166 00MAR08 2000.1834 51611 1052 3 141.2 -2395 -0.973579 4384736 0.146799 151 0.237069 0.0000 0.001364 0.001573 0.006122 -0.045421 0.090660 -0.186869 39.5965723049 -218.8278944535 151.23707
J166 00MAR09 2000.1862 51612 1052 4 141.2 -2395 -0.974625 4384736 0.149639 151 0.230981 0.0000 0.001252 0.001486 0.005889 -0.041607 0.094419 -0.121094 39.5965723304 -218.8278944656 151.23098
J166 00MAR10 2000.1889 51613 1052 5 141.2 -2395 -0.978087 4384736 0.151414 151 0.227015 0.0000 0.001269 0.001576 0.005962 -0.069324 0.069012 -0.203824 39.5965723464 -218.8278945060 151.22702
J166 00MAR11 2000.1916 51614 1052 6 141.2 -2395 -0.970338 4384736 0.154248 151 0.239451 0.0000 0.001269 0.001516 0.005970 -0.057801 0.120085 -0.179289 39.5965723720 -218.8278944158 151.23945
J166 00MAR12 2000.1944 51615 1053 0 141.2 -2395 -0.972678 4384736 0.149771 151 0.236207 0.0000 0.001219 0.001483 0.005749 -0.081137 0.102659 -0.215393 39.5965723316 -218.8278944430 151.23621
J166 00MAR13 2000.1971 51616 1053 1 141.2 -2395 -0.974179 4384736 0.152887 151 0.208139 0.0000 0.001212 0.001487 0.005815 -0.060365 0.020787 -0.244686 39.5965723597 -218.8278944605 151.20814
J166 00MAR14 2000.1999 51617 1053 2 141.2 -2395 -0.969648 4384736 0.144913 151 0.230995 0.0000 0.001202 0.001500 0.005649 -0.064063 0.046418 -0.132654 39.5965722879 -218.8278944077 151.23100
J166 00MAR15 2000.2026 51618 1053 3 141.2 -2395 -0.970627 4384736 0.150112 151 0.231246 0.0000 0.001188 0.001469 0.005624 -0.054848 -0.020875 -0.132020 39.5965723347 -218.8278944191 151.23125
J166 00MAR16 2000.2053 51619 1053 4 141.2 -2395 -0.975407 4384736 0.150317 151 0.234584 0.0000 0.001199 0.001479 0.005678 -0.063161 0.059775 -0.184163 39.5965723365 -218.8278944748 151.23458
J166 00MAR17 2000.2081 51620 1053 5 141.2 -2395 -0.972280 4384736 0.150321 151 0.231758 0.0000 0.001182 0.001458 0.005571 -0.066475 0.048001 -0.210516 39.5965723366 -218.8278944384 151.23176
J166 00MAR18 2000.2108 51621 1053 6 141.2 -2395 -0.972637 4384736 0.144786 151 0.221166 0.0000 0.001204 0.001460 0.005708 -0.054866 0.074756 -0.136495 39.5965722867 -218.8278944425 151.22117
J166 00MAR19 2000.2136 51622 1054 0 141.2 -2395 -0.974237 4384736 0.149455 151 0.238331 0.0000 0.001186 0.001392 0.005433 -0.053450 0.075409 -0.134600 39.5965723288 -218.8278944611 151.23833
J166 00MAR20 2000.2163 51623 1054 1 141.2 -2395 -0.974145 4384736 0.146022 151 0.231424 0.0000 0.001221 0.001561 0.005646 -0.086720 0.060262 -0.141754 39.5965722979 -218.8278944600 151.23142
J166 00MAR21 2000.2190 51624 1054 2 141.2 -2395 -0.976358 4384736 0.145933 151 0.233230 0.0000 0.001187 0.001461 0.005464 -0.095469 0.024944 -0.191589 39.5965722971 -218.8278944858 151.23323
J166 00MAR22 2000.2218 51625 1054 3 141.2 -2395 -0.976033 4384736 0.145955 151 0.235815 0.0000 0.001170 0.001452 0.005419 -0.036040 0.027693 -0.190517 39.5965722973 -218.8278944820 151.23581
J166 00MAR23 2000.2245 51626 1054 4 141.2 -2395 -0.973777 4384736 0.144123 151 0.241536 0.0000 0.001208 0.001494 0.005660 -0.034127 0.067887 -0.125826 39.5965722807 -218.8278944558 151.24154
J166 00MAR24 2000.2272 51627 1054 5 141.2 -2395 -0.982518 4384736 0.143427 151 0.236480 0.0000 0.001215 0.001488 0.005641 -0.058466 0.064971 -0.149377 39.5965722745 -218.8278945575 151.23648
J166 00MAR25 2000.2300 51628 1054 6 141.2 -2395 -0.976695 4384736 0.146952 151 0.238811 0.0000 0.001175 0.001391 0.005402 -0.031476 0.032873 -0.110234 39.5965723062 -218.8278944897 151.23881
J166 00MAR26 2000.2327 51629 1055 0 141.2 -2395 -0.973288 4384736 0.145313 151 0.228454 0.0000 0.001233 0.001538 0.005740 0.030994 -0.013428 -0.183624 39.5965722915 -218.8278944501 151.22845
J166 00MAR27 2000.2355 51630 1055 1 141.2 -2395 -0.975056 4384736 0.148713 151 0.232395 0.0000 0.001237 0.001561 0.005742 -0.074749 -0.007552 -0.174448 39.5965723221 -218.8278944707 151.23239
J166 00MAR28 2000.2382 51631 1055 2 141.2 -2395 -0.974916 4384736 0.144042 151 0.238803 0.0000 0.001189 0.001469 0.005494 -0.045769 0.037563 -0.163792 39.5965722800 -218.8278944690 151.23880
J166 00MAR29 2000.2409 51632 1055 3 141.2 -2395 -0.975221 4384736 0.144243 151 0.246951 0.0000 0.001233 0.001474 0.005679 -0.057760 0.047826 -0.164425 39.5965722818 -218.8278944726 151.24695
J166 00MAR30 2000.2437 51633 1055 4 141.2 -2395 -0.973452 4384736 0.146795 151 0.216261 0.0000 0.001224 0.001453 0.005658 -0.023775 0.026294 -0.154985 39.5965723048 -218.8278944520 151.21626
J166 00MAR31 2000.2464 51634 1055 5 141.2 -2395 -0.976424 4384736 0.144164 151 0.235522 0.0000 0.001232 0.001484 0.005652 -0.015108 0.040331 -0.150031 39.5965722811 -218.8278944866 151.23552
J166 00APR01 2000.2491 51635 1055 6 141.2 -2395 -0.971585 4384736 0.147603 151 0.239512 0.0000 0.001228 0.001455 0.005596 -0.000897 0.040271 -0.163999 39.5965723121 -218.8278944302 151.23951
J166 00APR02 2000.2519 51636 1056 0 141.2 -2395 -0.974646 4384736 0.148145 151 0.228110 0.0000 0.001207 0.001454 0.005515 -0.025777 0.062306 -0.143324 39.5965723170 -218.8278944659 151.22811
J166 00APR03 2000.2546 51637 1056 1 141.2 -2395 -0.973334 4384736 0.149697 151 0.229245 0.0000 0.001251 0.001439 0.005560 -0.051624 0.093352 -0.147707 39.5965723310 -218.8278944506 151.22925
J166 00APR04 2000.2574 51638 1056 2 141.2 -2395 -0.974881 4384736 0.149101 151 0.234448 0.0000 0.001163 0.001394 0.005294 -0.029992 0.069497 -0.137647 39.5965723256 -218.8278944686 151.23445
J166 00APR05 2000.2601 51639 1056 3 141.2 -2395 -0.976409 4384736 0.148716 151 0.237546 0.0000 0.001189 0.001431 0.005523 -0.020284 0.031426 -0.176415 39.5965723221 -218.8278944864 151.23755
J166 00APR06 2000.2628 51640 1056 4 141.2 -2395 -0.980019 4384736 0.148646 151 0.246846 0.0000 0.001226 0.001491 0.005651 -0.035808 0.081045 -0.187385 39.5965723215 -218.8278945284 151.24685
J166 00APR07 2000.2656 51641 1056 5 141.2 -2395 -0.977172 4384736 0.147550 151 0.230100 0.0000 0.001256 0.001522 0.005865 -0.044975 0.070401 -0.145777 39.5965723116 -218.8278944953 151.23010
J166 00APR08 2000.2683 51642 1056 6 141.2 -2395 -0.979866 4384736 0.152475 151 0.235260 0.0000 0.001249 0.001361 0.005539 -0.019647 0.016528 -0.117291 39.5965723560 -218.8278945267 151.23526
J166 00APR09 2000.2710 51643 1057 0 141.2 -2395 -0.974434 4384736 0.148852 151 0.232662 0.0000 0.001213 0.001344 0.005375 -0.052577 0.031569 -0.118167 39.5965723233 -218.8278944634 151.23266
J166 00APR10 2000.2738 51644 1057 1 141.2 -2395 -0.974250 4384736 0.147416 151 0.245691 0.0000 0.001228 0.001353 0.005431 -0.009290 0.069429 -0.107163 39.5965723104 -218.8278944613 151.24569
J166 00APR11 2000.2765 51645 1057 2 141.2 -2395 -0.978476 4384736 0.139768 151 0.228994 0.0000 0.001200 0.001375 0.005381 -0.018141 0.098893 -0.107408 39.5965722415 -218.8278945104 151.22899
J166 00APR12 2000.2793 51646 1057 3 141.2 -2395 -0.974611 4384736 0.149200 151 0.231176 0.0000 0.001208 0.001458 0.005557 -0.075505 0.064959 -0.154054 39.5965723265 -218.8278944655 151.23118
J166 00APR13 2000.2820 51647 1057 4 141.2 -2395 -0.974217 4384736 0.149817 151 0.233946 0.0000 0.001229 0.001446 0.005516 -0.040551 0.006798 -0.125927 39.5965723320 -218.8278944609 151.23395
J166 00APR14 2000.2847 51648 1057 5 141.2 -2395 -0.973297 4384736 0.147698 151 0.230462 0.0000 0.001211 0.001430 0.005485 -0.100345 0.053902 -0.166995 39.5965723130 -218.8278944502 151.23046
J166 00APR15 2000.2875 51649 1057 6 141.2 -2395 -0.974297 4384736 0.146430 151 0.245521 0.0000 0.001190 0.001364 0.005430 -0.060637 0.071114 -0.187174 39.5965723015 -218.8278944618 151.24552
J166 00APR16 2000.2902 51650 1058 0 141.2 -2395 -0.973681 4384736 0.145475 151 0.256079 0.0000 0.001198 0.001381 0.005416 -0.034358 0.027376 -0.148628 39.5965722929 -218.8278944546 151.25608
J166 00APR17 2000.2930 51651 1058 1 141.2 -2395 -0.974980 4384736 0.147697 151 0.247820 0.0000 0.001178 0.001380 0.005358 -0.041264 0.044189 -0.113909 39.5965723129 -218.8278944698 151.24782
J166 00APR18 2000.2957 51652 1058 2 141.2 -2395 -0.976911 4384736 0.148710 151 0.231560 0.0000 0.001171 0.001357 0.005303 -0.032108 0.037104 -0.137592 39.5965723221 -218.8278944923 151.23156
J166 00APR19 2000.2984 51653 1058 3 141.2 -2395 -0.976717 4384736 0.144857 151 0.231337 0.0000 0.001236 0.001439 0.005688 -0.046373 0.061028 -0.088967 39.5965722874 -218.8278944900 151.23134
J166 00APR20 2000.3012 51654 1058 4 141.2 -2395 -0.977987 4384736 0.145103 151 0.236298 0.0000 0.001191 0.001399 0.005438 -0.077662 0.090355 -0.185201 39.5965722896 -218.8278945048 151.23630
J166 00APR21 2000.3039 51655 1058 5 141.2 -2395 -0.974581 4384736 0.143353 151 0.243592 0.0000 0.001209 0.001439 0.005585 -0.001634 0.092092 -0.113404 39.5965722738 -218.8278944651 151.24359
J166 00APR22 2000.3066 51656 1058 6 141.2 -2395 -0.977599 4384736 0.148101 151 0.250936 0.0000 0.001220 0.001403 0.005549 -0.035449 0.057654 -0.116848 39.5965723166 -218.8278945003 151.25094
J166 00APR23 2000.3094 51657 1059 0 141.2 -2395 -0.977959 4384736 0.148905 151 0.239539 0.0000 0.001183 0.001389 0.005378 -0.049763 0.045507 -0.115325 39.5965723238 -218.8278945045 151.23954
J166 00APR24 2000.3121 51658 1059 1 141.2 -2395 -0.975234 4384736 0.146637 151 0.236857 0.0000 0.001224 0.001418 0.005551 -0.041774 0.025003 -0.136325 39.5965723034 -218.8278944727 151.23686
J166 00APR25 2000.3149 51659 1059 2 141.2 -2395 -0.978401 4384736 0.145317 151 0.225590 0.0000 0.001233 0.001443 0.005657 -0.083427 0.117131 -0.125824 39.5965722915 -218.8278945096 151.22559
J166 00APR26 2000.3176 51660 1059 3 141.2 -2395 -0.973893 4384736 0.144464 151 0.240305 0.0000 0.001212 0.001418 0.005488 -0.071467 0.074487 -0.122327 39.5965722838 -218.8278944571 151.24031
J166 00APR27 2000.3203 51661 1059 4 141.2 -2395 -0.975461 4384736 0.144653 151 0.247105 0.0000 0.001201 0.001429 0.005531 -0.084758 0.037005 -0.122748 39.5965722855 -218.8278944754 151.24710
J166 00APR28 2000.3231 51662 1059 5 141.2 -2395 -0.974014 4384736 0.146106 151 0.249407 0.0000 0.001208 0.001408 0.005517 -0.069106 0.105253 -0.132950 39.5965722986 -218.8278944585 151.24941
J166 00APR29 2000.3258 51663 1059 6 141.2 -2395 -0.978397 4384736 0.141629 151 0.242471 0.0000 0.001204 0.001422 0.005498 -0.065375 0.101364 -0.112253 39.5965722583 -218.8278945095 151.24247
J166 00APR30 2000.3285 51664 1060 0 141.2 -2395 -0.976774 4384736 0.145723 151 0.236728 0.0000 0.001219 0.001444 0.005582 -0.061036 0.022572 -0.124187 39.5965722952 -218.8278944907 151.23673
J166 00MAY01 2000.3313 51665 1060 1 141.2 -2395 -0.977212 4384736 0.144639 151 0.234794 0.0000 0.001217 0.001435 0.005514 -0.070124 -0.001735 -0.110045 39.5965722854 -218.8278944958 151.23479
J166 00MAY02 2000.3340 51666 1060 2 141.2 -2395 -0.977976 4384736 0.145551 151 0.247662 0.0000 0.001268 0.001451 0.005833 -0.065463 0.124040 -0.132256 39.5965722936 -218.8278945046 151.24766
J166 00MAY03 2000.3368 51667 1060 3 141.2 -2395 -0.980699 4384736 0.146262 151 0.241242 0.0000 0.001288 0.001539 0.005915 -0.039281 0.073272 -0.056704 39.5965723000 -218.8278945363 151.24124
J166 00MAY04 2000.3395 51668 1060 4 141.2 -2395 -0.979725 4384736 0.146913 151 0.239622 0.0000 0.001321 0.001473 0.005887 -0.108399 0.139596 -0.152824 39.5965723059 -218.8278945250 151.23962
J166 00MAY05 2000.3422 51669 1060 5 141.2 -2395 -0.978276 4384736 0.145665 151 0.229885 0.0000 0.001184 0.001396 0.005365 -0.051664 0.071805 -0.147466 39.5965722946 -218.8278945081 151.22988
J166 00MAY06 2000.3450 51670 1060 6 141.2 -2395 -0.977074 4384736 0.144258 151 0.244291 0.0000 0.001191 0.001408 0.005469 -0.019053 0.011623 -0.138191 39.5965722820 -218.8278944941 151.24429
J166 00MAY07 2000.3477 51671 1061 0 141.2 -2395 -0.979423 4384736 0.144628 151 0.243321 0.0000 0.001201 0.001417 0.005476 -0.059791 0.075731 -0.121811 39.5965722853 -218.8278945215 151.24332
J166 00MAY08 2000.3504 51672 1061 1 141.2 -2395 -0.977203 4384736 0.143691 151 0.234452 0.0000 0.001251 0.001479 0.005718 -0.075324 0.067515 -0.128315 39.5965722769 -218.8278944956 151.23445
J166 00MAY09 2000.3532 51673 1061 2 141.2 -2395 -0.976738 4384736 0.147073 151 0.238713 0.0000 0.001180 0.001389 0.005388 -0.042751 0.052179 -0.135442 39.5965723073 -218.8278944902 151.23871
J166 00MAY10 2000.3559 51674 1061 3 141.2 -2395 -0.978010 4384736 0.145170 151 0.248141 0.0000 0.001206 0.001391 0.005401 -0.013875 0.029613 -0.116217 39.5965722902 -218.8278945050 151.24814
J166 00MAY11 2000.3587 51675 1061 4 141.2 -2395 -0.977987 4384736 0.147149 151 0.243979 0.0000 0.001255 0.001444 0.005633 -0.009294 -0.002072 -0.120926 39.5965723080 -218.8278945048 151.24398
J166 00MAY12 2000.3614 51676 1061 5 141.2 -2395 -0.975451 4384736 0.146744 151 0.249991 0.0000 0.001288 0.001456 0.005764 -0.008192 0.090934 -0.140085 39.5965723044 -218.8278944752 151.24999
J166 00MAY13 2000.3641 51677 1061 6 141.2 -2395 -0.977089 4384736 0.145290 151 0.251363 0.0000 0.001223 0.001445 0.005648 -0.036331 -0.000064 -0.149861 39.5965722913 -218.8278944943 151.25136
J166 00MAY14 2000.3669 51678 1062 0 141.2 -2395 -0.977716 4384736 0.147022 151 0.249618 0.0000 0.001189 0.001402 0.005528 -0.007911 0.004098 -0.146052 39.5965723069 -218.8278945016 151.24962
J166 00MAY15 2000.3696 51679 1062 1 141.2 -2395 -0.978018 4384736 0.145230 151 0.243772 0.0000 0.001186 0.001436 0.005477 -0.040155 0.053390 -0.187724 39.5965722907 -218.8278945051 151.24377
J166 00MAY16 2000.3723 51680 1062 2 141.2 -2395 -0.976301 4384736 0.147862 151 0.247878 0.0000 0.001192 0.001392 0.005515 0.036778 0.034724 -0.145751 39.5965723144 -218.8278944851 151.24788
J166 00MAY17 2000.3751 51681 1062 3 141.2 -2395 -0.974666 4384736 0.147698 151 0.238739 0.0000 0.001171 0.001361 0.005384 -0.008274 0.041240 -0.175356 39.5965723130 -218.8278944661 151.23874
J166 00MAY18 2000.3778 51682 1062 4 141.2 -2395 -0.976959 4384736 0.147105 151 0.242002 0.0000 0.001255 0.001511 0.005979 -0.026136 0.031937 -0.177521 39.5965723076 -218.8278944928 151.24200
J166 00MAY19 2000.3806 51683 1062 5 141.2 -2395 -0.976483 4384736 0.145810 151 0.241108 0.0000 0.001181 0.001375 0.005429 0.011701 0.016458 -0.167381 39.5965722959 -218.8278944873 151.24111
J166 00MAY20 2000.3833 51684 1062 6 141.2 -2395 -0.977751 4384736 0.146281 151 0.235021 0.0000 0.001180 0.001397 0.005455 -0.000178 0.035871 -0.134251 39.5965723002 -218.8278945020 151.23502
J166 00MAY21 2000.3860 51685 1063 0 141.2 -2395 -0.978164 4384736 0.144531 151 0.243085 0.0000 0.001210 0.001445 0.005617 -0.040238 0.005644 -0.122306 39.5965722844 -218.8278945068 151.24308
J166 00MAY22 2000.3888 51686 1063 1 141.2 -2395 -0.977924 4384736 0.144562 151 0.240698 0.0000 0.001302 0.001477 0.006086 0.022766 0.062354 -0.159345 39.5965722847 -218.8278945040 151.24070
J166 00MAY23 2000.3915 51687 1063 2 141.2 -2395 -0.975014 4384736 0.147185 151 0.242378 0.0000 0.001275 0.001524 0.006006 -0.064189 0.010677 -0.160474 39.5965723083 -218.8278944702 151.24238
J166 00MAY24 2000.3943 51688 1063 3 141.2 -2395 -0.977816 4384736 0.145775 151 0.236079 0.0000 0.001210 0.001544 0.005823 0.007775 -0.024289 -0.153875 39.5965722956 -218.8278945028 151.23608
J166 00MAY25 2000.3970 51689 1063 4 141.2 -2395 -0.977216 4384736 0.146335 151 0.235061 0.0000 0.001283 0.001421 0.005734 -0.029248 -0.019053 -0.144980 39.5965723007 -218.8278944958 151.23506
J166 00MAY26 2000.3997 51690 1063 5 141.2 -2395 -0.978567 4384736 0.147718 151 0.235886 0.0000 0.001145 0.001348 0.005311 -0.022772 0.017079 -0.190604 39.5965723131 -218.8278945115 151.23589
J166 00MAY27 2000.4025 51691 1063 6 141.2 -2395 -0.979291 4384736 0.148129 151 0.253579 0.0000 0.001226 0.001462 0.005839 0.023776 0.002235 -0.057828 39.5965723168 -218.8278945200 151.25358
J166 00MAY28 2000.4052 51692 1064 0 141.2 -2395 -0.976853 4384736 0.146736 151 0.266782 0.0000 0.001207 0.001488 0.005818 -0.004434 0.017590 -0.071198 39.5965723043 -218.8278944916 151.26678
J166 00MAY29 2000.4079 51693 1064 1 141.2 -2395 -0.979573 4384736 0.147181 151 0.252879 0.0000 0.001238 0.001455 0.005824 0.002108 0.068614 -0.101619 39.5965723083 -218.8278945232 151.25288
J166 00MAY30 2000.4107 51694 1064 2 141.2 -2395 -0.976554 4384736 0.146555 151 0.247668 0.0000 0.001211 0.001427 0.005727 0.037899 0.079591 -0.113225 39.5965723027 -218.8278944881 151.24767
J166 00MAY31 2000.4134 51695 1064 3 141.2 -2395 -0.976307 4384736 0.146218 151 0.255817 0.0000 0.001223 0.001431 0.005681 -0.021371 0.033070 -0.118758 39.5965722996 -218.8278944852 151.25582
J166 00JUN01 2000.4162 51696 1064 4 141.2 -2395 -0.977440 4384736 0.146779 151 0.249969 0.0000 0.001269 0.001479 0.005951 -0.051051 0.015545 -0.146577 39.5965723047 -218.8278944984 151.24997
J166 00JUN02 2000.4189 51697 1064 5 141.2 -2395 -0.979164 4384736 0.147607 151 0.225712 0.0000 0.001227 0.001485 0.005715 -0.032267 0.100783 -0.082051 39.5965723121 -218.8278945185 151.22571
J166 00JUN03 2000.4216 51698 1064 6 141.2 -2395 -0.977164 4384736 0.145023 151 0.246030 0.0000 0.001216 0.001445 0.005848 -0.042968 0.033564 -0.053810 39.5965722889 -218.8278944952 151.24603
J166 00JUN04 2000.4244 51699 1065 0 141.2 -2395 -0.976814 4384736 0.146549 151 0.251053 0.0000 0.001287 0.001553 0.006113 -0.009010 0.031056 -0.008096 39.5965723026 -218.8278944911 151.25105
J166 00JUN05 2000.4271 51700 1065 1 141.2 -2395 -0.975140 4384736 0.147359 151 0.248438 0.0000 0.001266 0.001556 0.005984 -0.016022 0.046780 -0.053236 39.5965723099 -218.8278944716 151.24844
J166 00JUN06 2000.4298 51701 1065 2 141.2 -2395 -0.974137 4384736 0.144908 151 0.261034 0.0000 0.001175 0.001388 0.005452 -0.042692 0.035888 -0.119151 39.5965722878 -218.8278944599 151.26103
J166 00JUN07 2000.4326 51702 1065 3 141.2 -2395 -0.971659 4384736 0.145692 151 0.249735 0.0000 0.001210 0.001385 0.005657 -0.062836 0.079374 -0.190350 39.5965722949 -218.8278944311 151.24973
J166 00JUN08 2000.4353 51703 1065 4 141.2 -2395 -0.973753 4384736 0.147724 151 0.250111 0.0000 0.001201 0.001466 0.005693 -0.056739 -0.036476 -0.125595 39.5965723132 -218.8278944555 151.25011
J166 00JUN09 2000.4381 51704 1065 5 141.2 -2395 -0.976949 4384736 0.149409 151 0.251445 0.0000 0.001165 0.001413 0.005415 -0.063092 0.030849 -0.076569 39.5965723284 -218.8278944927 151.25144
J166 00JUN10 2000.4408 51705 1065 6 141.2 -2395 -0.976710 4384736 0.145078 151 0.251764 0.0000 0.001185 0.001383 0.005532 -0.073926 0.042591 -0.195885 39.5965722894 -218.8278944899 151.25176
J166 00JUN11 2000.4435 51706 1066 0 141.2 -2395 -0.973399 4384736 0.146628 151 0.253762 0.0000 0.001170 0.001339 0.005337 -0.033553 -0.001378 -0.138562 39.5965723033 -218.8278944514 151.25376
J166 00JUN12 2000.4463 51707 1066 1 141.2 -2395 -0.973893 4384736 0.148428 151 0.250306 0.0000 0.001147 0.001373 0.005282 -0.068402 0.035152 -0.129153 39.5965723195 -218.8278944571 151.25031
J166 00JUN13 2000.4490 51708 1066 2 141.2 -2395 -0.974748 4384736 0.147354 151 0.250850 0.0000 0.001144 0.001400 0.005375 -0.081980 0.078006 -0.135569 39.5965723099 -218.8278944671 151.25085
J166 00JUN14 2000.4517 51709 1066 3 141.2 -2395 -0.978068 4384736 0.147329 151 0.248160 0.0000 0.001134 0.001397 0.005351 -0.067722 0.049527 -0.097911 39.5965723096 -218.8278945057 151.24816
J166 00JUN15 2000.4545 51710 1066 4 141.2 -2395 -0.976406 4384736 0.146087 151 0.240823 0.0000 0.001257 0.001427 0.005780 -0.052844 0.039122 -0.172196 39.5965722984 -218.8278944864 151.24082
J166 00JUN16 2000.4572 51711 1066 5 141.2 -2395 -0.971937 4384736 0.145930 151 0.256001 0.0000 0.001246 0.001471 0.005827 -0.046716 0.042442 -0.111769 39.5965722970 -218.8278944343 151.25600
J166 00JUN17 2000.4600 51712 1066 6 141.2 -2395 -0.974005 4384736 0.144098 151 0.256000 0.0000 0.001191 0.001440 0.005512 -0.060769 0.024870 -0.030532 39.5965722805 -218.8278944584 151.25600
J166 00JUN18 2000.4627 51713 1067 0 141.2 -2395 -0.977899 4384736 0.149660 151 0.240112 0.0000 0.001244 0.001451 0.005648 -0.067922 0.145051 -0.059197 39.5965723306 -218.8278945038 151.24011
J166 00JUN19 2000.4654 51714 1067 1 141.2 -2395 -0.977555 4384736 0.145688 151 0.244706 0.0000 0.001210 0.001454 0.005571 -0.071771 0.079037 -0.117390 39.5965722948 -218.8278944997 151.24471
J166 00JUN20 2000.4682 51715 1067 2 141.2 -2395 -0.977076 4384736 0.145497 151 0.259820 0.0000 0.001146 0.001375 0.005248 -0.074333 0.010918 -0.120817 39.5965722931 -218.8278944942 151.25982
J166 00JUN21 2000.4709 51716 1067 3 141.2 -2395 -0.978878 4384736 0.146003 151 0.238898 0.0000 0.001235 0.001475 0.005936 -0.043355 -0.017568 -0.082976 39.5965722977 -218.8278945151 151.23890
J166 00JUN22 2000.4736 51717 1067 4 141.2 -2395 -0.976546 4384736 0.144425 151 0.246300 0.0000 0.001250 0.001618 0.005897 0.002291 0.025917 -0.096119 39.5965722835 -218.8278944880 151.24630
J166 00JUN23 2000.4764 51718 1067 5 141.2 -2395 -0.975590 4384736 0.147181 151 0.239831 0.0000 0.001324 0.001572 0.006191 -0.018508 0.048378 -0.158397 39.5965723083 -218.8278944769 151.23983
J166 00JUN24 2000.4791 51719 1067 6 141.2 -2395 -0.974637 4384736 0.148654 151 0.260960 0.0000 0.001236 0.001504 0.005704 -0.072713 0.065460 -0.119825 39.5965723216 -218.8278944658 151.26096
J166 00JUN25 2000.4819 51720 1068 0 141.2 -2395 -0.978017 4384736 0.146492 151 0.247950 0.0000 0.001265 0.001485 0.005707 -0.062243 0.118749 -0.121294 39.5965723021 -218.8278945051 151.24795
J166 00JUN26 2000.4846 51721 1068 1 141.2 -2395 -0.974554 4384736 0.145555 151 0.245043 0.0000 0.001270 0.001576 0.005854 0.008228 0.083998 -0.091364 39.5965722937 -218.8278944648 151.24504
J166 00JUN27 2000.4873 51722 1068 2 141.2 -2395 -0.978067 4384736 0.144564 151 0.258432 0.0000 0.001308 0.001611 0.006123 0.015479 0.028380 -0.157108 39.5965722847 -218.8278945057 151.25843
J166 00JUN28 2000.4901 51723 1068 3 141.2 -2395 -0.977145 4384736 0.147067 151 0.256313 0.0000 0.001261 0.001493 0.005789 -0.064489 0.082290 -0.117738 39.5965723073 -218.8278944950 151.25631
J166 00JUN29 2000.4928 51724 1068 4 141.2 -2395 -0.975757 4384736 0.147773 151 0.252500 0.0000 0.001263 0.001505 0.005793 -0.079895 0.097957 -0.180729 39.5965723136 -218.8278944788 151.25250
J166 00JUN30 2000.4956 51725 1068 5 141.2 -2395 -0.976684 4384736 0.147655 151 0.254121 0.0000 0.001274 0.001499 0.005916 -0.079061 0.090903 -0.197039 39.5965723126 -218.8278944896 151.25412
J166 00JUL01 2000.4983 51726 1068 6 141.2 -2395 -0.979193 4384736 0.145876 151 0.259689 0.0000 0.001318 0.001605 0.006205 -0.086901 0.073523 -0.052961 39.5965722965 -218.8278945188 151.25969
J166 00JUL02 2000.5010 51727 1069 0 141.2 -2395 -0.980901 4384736 0.149146 151 0.246641 0.0000 0.001449 0.001711 0.006568 -0.086523 0.054499 -0.160144 39.5965723260 -218.8278945387 151.24664
J166 00JUL03 2000.5038 51728 1069 1 141.2 -2395 -0.978468 4384736 0.149804 151 0.240562 0.0000 0.001277 0.001536 0.005766 -0.050076 -0.022994 0.006130 39.5965723319 -218.8278945104 151.24056
J166 00JUL04 2000.5065 51729 1069 2 141.2 -2395 -0.978840 4384736 0.147689 151 0.242277 0.0000 0.001262 0.001491 0.005921 -0.048989 0.027115 -0.121195 39.5965723129 -218.8278945147 151.24228
J166 00JUL05 2000.5092 51730 1069 3 141.2 -2395 -0.978987 4384736 0.145502 151 0.249615 0.0000 0.001260 0.001458 0.005834 -0.044349 0.038358 -0.133927 39.5965722932 -218.8278945164 151.24962
J166 00JUL06 2000.5120 51731 1069 4 141.2 -2395 -0.9
