site YYMMMDD yyyy.yyyy __MJD week d reflon _e0(m) __east(m) ____n0(m) _north(m) u0(m) ____up(m) _ant(m) sig_e(m) sig_n(m) sig_u(m) __corr_en __corr_eu __corr_nu _latitude(deg) _longitude(deg) __height(m)
J533 97FEB19 1997.1362 50498 893 3 141.4 3979 0.124095 4585519 0.173301 66 0.477425 0.0000 0.001914 0.002359 0.008616 0.095552 0.029501 -0.173240 41.4047070382 -218.5524133242 66.47743
J533 97FEB20 1997.1389 50499 893 4 141.4 3979 0.125956 4585519 0.178251 66 0.461873 0.0000 0.001094 0.001373 0.004975 -0.038876 0.063352 -0.123496 41.4047070828 -218.5524133020 66.46187
J533 97FEB21 1997.1417 50500 893 5 141.4 3979 0.125754 4585519 0.175713 66 0.461474 0.0000 0.001087 0.001376 0.004960 -0.044060 0.067606 -0.107866 41.4047070600 -218.5524133044 66.46147
J533 97FEB22 1997.1444 50501 893 6 141.4 3979 0.128259 4585519 0.172887 66 0.461928 0.0000 0.001108 0.001401 0.005066 -0.033931 0.077369 -0.087483 41.4047070345 -218.5524132745 66.46193
J533 97FEB23 1997.1472 50502 894 0 141.4 3979 0.130836 4585519 0.173050 66 0.469129 0.0000 0.001116 0.001418 0.005070 0.004311 0.020059 -0.127033 41.4047070360 -218.5524132436 66.46913
J533 97FEB24 1997.1499 50503 894 1 141.4 3979 0.126686 4585519 0.173409 66 0.466248 0.0000 0.001510 0.001940 0.007052 -0.104086 0.057844 -0.166463 41.4047070392 -218.5524132933 66.46625
J533 97MAR19 1997.2129 50526 897 3 141.4 3979 0.128667 4585519 0.171379 66 0.472120 0.0000 0.001163 0.001442 0.005382 -0.037501 0.013014 -0.141529 41.4047070209 -218.5524132696 66.47212
J533 97MAR20 1997.2156 50527 897 4 141.4 3979 0.130065 4585519 0.172405 66 0.468265 0.0000 0.001180 0.001434 0.005404 -0.000986 -0.049773 -0.157297 41.4047070302 -218.5524132529 66.46827
J533 97MAR21 1997.2183 50528 897 5 141.4 3979 0.129457 4585519 0.177369 66 0.461395 0.0000 0.001176 0.001466 0.005475 -0.035043 0.051442 -0.112936 41.4047070749 -218.5524132601 66.46140
J533 97MAR22 1997.2211 50529 897 6 141.4 3979 0.131064 4585519 0.178634 66 0.463466 0.0000 0.001132 0.001442 0.005286 -0.042166 0.041223 -0.139018 41.4047070863 -218.5524132409 66.46347
J533 97MAR23 1997.2238 50530 898 0 141.4 3979 0.130134 4585519 0.174571 66 0.463342 0.0000 0.001163 0.001427 0.005363 -0.048859 0.051159 -0.156097 41.4047070497 -218.5524132520 66.46334
J533 97MAR24 1997.2266 50531 898 1 141.4 3979 0.128540 4585519 0.169580 66 0.467379 0.0000 0.001171 0.001451 0.005408 -0.046236 0.060699 -0.154252 41.4047070048 -218.5524132711 66.46738
J533 97MAR25 1997.2293 50532 898 2 141.4 3979 0.129538 4585519 0.173887 66 0.468801 0.0000 0.001201 0.001460 0.005530 -0.030211 0.085488 -0.172138 41.4047070435 -218.5524132591 66.46880
J533 97MAR26 1997.2320 50533 898 3 141.4 3979 0.126446 4585519 0.171879 66 0.461473 0.0000 0.001185 0.001507 0.005506 -0.010330 0.037191 -0.141352 41.4047070254 -218.5524132961 66.46147
J533 97MAR27 1997.2348 50534 898 4 141.4 3979 0.131497 4585519 0.171201 66 0.466147 0.0000 0.001169 0.001489 0.005453 0.005624 0.031753 -0.126380 41.4047070193 -218.5524132357 66.46615
J533 97MAR28 1997.2375 50535 898 5 141.4 3979 0.127176 4585519 0.174959 66 0.466673 0.0000 0.001167 0.001461 0.005395 -0.044758 -0.021619 -0.108237 41.4047070532 -218.5524132874 66.46667
J533 97MAR29 1997.2402 50536 898 6 141.4 3979 0.132432 4585519 0.173319 66 0.468268 0.0000 0.001199 0.001480 0.005528 -0.003959 0.025121 -0.138358 41.4047070384 -218.5524132245 66.46827
J533 97MAR30 1997.2430 50537 899 0 141.4 3979 0.125363 4585519 0.174449 66 0.462956 0.0000 0.001194 0.001453 0.005612 -0.044566 0.132078 -0.166977 41.4047070486 -218.5524133091 66.46296
J533 97MAR31 1997.2457 50538 899 1 141.4 3979 0.128709 4585519 0.171915 66 0.461265 0.0000 0.001263 0.001489 0.005870 -0.035835 0.097331 -0.179953 41.4047070258 -218.5524132691 66.46127
J533 97APR01 1997.2485 50539 899 2 141.4 3979 0.132352 4585519 0.172046 66 0.462930 0.0000 0.001205 0.001463 0.005612 -0.049764 0.076943 -0.148408 41.4047070269 -218.5524132255 66.46293
J533 97APR02 1997.2512 50540 899 3 141.4 3979 0.130675 4585519 0.173055 66 0.464980 0.0000 0.001206 0.001478 0.005611 -0.019873 0.021020 -0.165261 41.4047070360 -218.5524132456 66.46498
J533 97APR03 1997.2539 50541 899 4 141.4 3979 0.130973 4585519 0.169785 66 0.473770 0.0000 0.001157 0.001442 0.005432 -0.053946 0.041575 -0.160106 41.4047070066 -218.5524132420 66.47377
J533 97APR04 1997.2567 50542 899 5 141.4 3979 0.131677 4585519 0.174743 66 0.467521 0.0000 0.001182 0.001434 0.005386 -0.030630 0.024120 -0.127752 41.4047070512 -218.5524132336 66.46752
J533 97APR05 1997.2594 50543 899 6 141.4 3979 0.130305 4585519 0.170560 66 0.474609 0.0000 0.001175 0.001451 0.005478 -0.027619 0.080353 -0.129239 41.4047070136 -218.5524132500 66.47461
J533 97APR06 1997.2621 50544 900 0 141.4 3979 0.128548 4585519 0.171362 66 0.475581 0.0000 0.001160 0.001453 0.005441 -0.064389 0.013747 -0.167644 41.4047070208 -218.5524132710 66.47558
J533 97APR07 1997.2649 50545 900 1 141.4 3979 0.130856 4585519 0.169673 66 0.465981 0.0000 0.001187 0.001466 0.005507 -0.051446 0.043545 -0.162238 41.4047070056 -218.5524132434 66.46598
J533 97APR08 1997.2676 50546 900 2 141.4 3979 0.128076 4585519 0.173559 66 0.467087 0.0000 0.001181 0.001472 0.005451 -0.002359 -0.008182 -0.110510 41.4047070406 -218.5524132766 66.46709
J533 97APR09 1997.2704 50547 900 3 141.4 3979 0.128593 4585519 0.172010 66 0.465725 0.0000 0.001156 0.001447 0.005443 -0.040969 0.047676 -0.137636 41.4047070266 -218.5524132705 66.46573
J533 97APR10 1997.2731 50548 900 4 141.4 3979 0.128344 4585519 0.173765 66 0.468335 0.0000 0.001175 0.001456 0.005449 -0.030821 0.044844 -0.117676 41.4047070424 -218.5524132734 66.46834
J533 97APR11 1997.2758 50549 900 5 141.4 3979 0.131951 4585519 0.172815 66 0.471773 0.0000 0.001137 0.001435 0.005285 -0.042698 0.019381 -0.153195 41.4047070339 -218.5524132303 66.47177
J533 97APR12 1997.2786 50550 900 6 141.4 3979 0.128835 4585519 0.169434 66 0.465896 0.0000 0.001155 0.001456 0.005319 -0.014263 0.001250 -0.083109 41.4047070034 -218.5524132676 66.46590
J533 97APR13 1997.2813 50551 901 0 141.4 3979 0.134299 4585519 0.173154 66 0.468103 0.0000 0.001153 0.001445 0.005306 -0.052980 0.024096 -0.100153 41.4047070369 -218.5524132022 66.46810
J533 97APR14 1997.2841 50552 901 1 141.4 3979 0.124494 4585519 0.171263 66 0.462925 0.0000 0.001134 0.001422 0.005235 -0.037822 0.022509 -0.102962 41.4047070199 -218.5524133195 66.46292
J533 97APR15 1997.2868 50553 901 2 141.4 3979 0.129246 4585519 0.170077 66 0.469082 0.0000 0.001170 0.001432 0.005416 -0.028241 0.042961 -0.118505 41.4047070092 -218.5524132627 66.46908
J533 97APR16 1997.2895 50554 901 3 141.4 3979 0.128340 4585519 0.172716 66 0.468598 0.0000 0.001145 0.001469 0.005386 -0.036527 0.058676 -0.056635 41.4047070330 -218.5524132735 66.46860
J533 97APR17 1997.2923 50555 901 4 141.4 3979 0.129192 4585519 0.171862 66 0.470325 0.0000 0.001161 0.001467 0.005457 -0.041347 0.017734 -0.104152 41.4047070253 -218.5524132633 66.47032
J533 97APR18 1997.2950 50556 901 5 141.4 3979 0.129695 4585519 0.171213 66 0.455930 0.0000 0.001217 0.001497 0.005695 -0.030891 0.035526 -0.135443 41.4047070195 -218.5524132573 66.45593
J533 97APR19 1997.2977 50557 901 6 141.4 3979 0.127244 4585519 0.171475 66 0.460065 0.0000 0.001194 0.001505 0.005667 -0.041707 0.117448 -0.103153 41.4047070218 -218.5524132866 66.46007
J533 97APR20 1997.3005 50558 902 0 141.4 3979 0.129973 4585519 0.174623 66 0.461016 0.0000 0.001171 0.001464 0.005465 -0.052465 0.020484 -0.144914 41.4047070502 -218.5524132539 66.46102
J533 97APR21 1997.3032 50559 902 1 141.4 3979 0.126681 4585519 0.171404 66 0.467854 0.0000 0.001168 0.001487 0.005549 -0.052870 0.036079 -0.108393 41.4047070212 -218.5524132933 66.46785
J533 97APR22 1997.3060 50560 902 2 141.4 3979 0.127691 4585519 0.171241 66 0.458243 0.0000 0.001165 0.001450 0.005372 -0.040650 0.052402 -0.135955 41.4047070197 -218.5524132813 66.45824
J533 97APR23 1997.3087 50561 902 3 141.4 3979 0.130357 4585519 0.171284 66 0.467880 0.0000 0.001165 0.001488 0.005404 -0.055829 -0.003374 -0.076215 41.4047070201 -218.5524132494 66.46788
J533 97APR24 1997.3114 50562 902 4 141.4 3979 0.127848 4585519 0.169605 66 0.463359 0.0000 0.001178 0.001473 0.005570 -0.024318 0.055406 -0.097872 41.4047070050 -218.5524132794 66.46336
J533 97APR25 1997.3142 50563 902 5 141.4 3979 0.131573 4585519 0.171139 66 0.470544 0.0000 0.001168 0.001457 0.005492 -0.066628 0.047271 -0.123369 41.4047070188 -218.5524132348 66.47054
J533 97APR26 1997.3169 50564 902 6 141.4 3979 0.128825 4585519 0.170558 66 0.469857 0.0000 0.001179 0.001461 0.005490 -0.028189 -0.009747 -0.100716 41.4047070136 -218.5524132677 66.46986
J533 97APR27 1997.3196 50565 903 0 141.4 3979 0.133921 4585519 0.176184 66 0.467604 0.0000 0.001178 0.001441 0.005434 -0.030983 0.046157 -0.139781 41.4047070642 -218.5524132067 66.46760
J533 97APR28 1997.3224 50566 903 1 141.4 3979 0.128842 4585519 0.167949 66 0.466948 0.0000 0.001167 0.001469 0.005480 -0.032421 0.030942 -0.131137 41.4047069901 -218.5524132675 66.46695
J533 97APR29 1997.3251 50567 903 2 141.4 3979 0.131870 4585519 0.169278 66 0.459419 0.0000 0.001161 0.001451 0.005419 -0.031402 0.038463 -0.084395 41.4047070020 -218.5524132313 66.45942
J533 97APR30 1997.3279 50568 903 3 141.4 3979 0.127205 4585519 0.168555 66 0.469071 0.0000 0.001208 0.001449 0.005517 -0.031791 -0.001324 -0.128835 41.4047069955 -218.5524132871 66.46907
J533 97MAY01 1997.3306 50569 903 4 141.4 3979 0.127612 4585519 0.170355 66 0.471739 0.0000 0.001165 0.001433 0.005399 -0.080851 0.101036 -0.158004 41.4047070117 -218.5524132822 66.47174
J533 97MAY02 1997.3333 50570 903 5 141.4 3979 0.131671 4585519 0.168867 66 0.472370 0.0000 0.001180 0.001451 0.005425 -0.049235 0.036147 -0.111139 41.4047069983 -218.5524132337 66.47237
J533 97MAY03 1997.3361 50571 903 6 141.4 3979 0.132158 4585519 0.166553 66 0.474517 0.0000 0.001163 0.001455 0.005472 -0.060622 0.073101 -0.142004 41.4047069775 -218.5524132279 66.47452
J533 97MAY04 1997.3388 50572 904 0 141.4 3979 0.130118 4585519 0.167984 66 0.469306 0.0000 0.001174 0.001462 0.005504 -0.070903 0.110871 -0.115257 41.4047069904 -218.5524132523 66.46931
J533 97MAY05 1997.3415 50573 904 1 141.4 3979 0.132912 4585519 0.168172 66 0.463739 0.0000 0.001199 0.001461 0.005563 -0.045904 0.026483 -0.145491 41.4047069921 -218.5524132188 66.46374
J533 97MAY06 1997.3443 50574 904 2 141.4 3979 0.129947 4585519 0.174081 66 0.458752 0.0000 0.001221 0.001499 0.005617 -0.101287 -0.032540 -0.140964 41.4047070453 -218.5524132543 66.45875
J533 97MAY07 1997.3470 50575 904 3 141.4 3979 0.129766 4585519 0.171444 66 0.477302 0.0000 0.001151 0.001434 0.005393 -0.054311 0.014659 -0.147920 41.4047070215 -218.5524132564 66.47730
J533 97MAY08 1997.3498 50576 904 4 141.4 3979 0.129253 4585519 0.169767 66 0.476707 0.0000 0.001191 0.001489 0.005628 -0.073853 0.074245 -0.092457 41.4047070064 -218.5524132626 66.47671
J533 97MAY09 1997.3525 50577 904 5 141.4 3979 0.130769 4585519 0.173276 66 0.479653 0.0000 0.001182 0.001501 0.005525 -0.096046 0.077148 -0.095770 41.4047070380 -218.5524132444 66.47965
J533 97MAY10 1997.3552 50578 904 6 141.4 3979 0.125023 4585519 0.170146 66 0.466769 0.0000 0.001180 0.001489 0.005566 -0.066426 0.048272 -0.095639 41.4047070098 -218.5524133132 66.46677
J533 97MAY11 1997.3580 50579 905 0 141.4 3979 0.127702 4585519 0.169925 66 0.461257 0.0000 0.001158 0.001438 0.005446 -0.078414 0.034135 -0.121233 41.4047070079 -218.5524132811 66.46126
J533 97MAY12 1997.3607 50580 905 1 141.4 3979 0.130548 4585519 0.171819 66 0.469237 0.0000 0.001192 0.001466 0.005616 -0.024976 0.043479 -0.092120 41.4047070249 -218.5524132471 66.46924
J533 97MAY13 1997.3634 50581 905 2 141.4 3979 0.128558 4585519 0.174128 66 0.470669 0.0000 0.001137 0.001420 0.005327 -0.046121 0.052838 -0.127865 41.4047070457 -218.5524132709 66.47067
J533 97MAY14 1997.3662 50582 905 3 141.4 3979 0.128908 4585519 0.172909 66 0.481444 0.0000 0.001144 0.001429 0.005338 -0.061172 0.070028 -0.107143 41.4047070347 -218.5524132667 66.48144
J533 97MAY15 1997.3689 50583 905 4 141.4 3979 0.126098 4585519 0.172454 66 0.474396 0.0000 0.001278 0.001531 0.005780 -0.008600 0.053414 -0.143015 41.4047070306 -218.5524133003 66.47440
J533 97MAY16 1997.3717 50584 905 5 141.4 3979 0.127863 4585519 0.174413 66 0.475297 0.0000 0.001142 0.001458 0.005430 -0.055042 0.058042 -0.055393 41.4047070483 -218.5524132792 66.47530
J533 97MAY17 1997.3744 50585 905 6 141.4 3979 0.126617 4585519 0.176635 66 0.469717 0.0000 0.001207 0.001473 0.005678 -0.078349 0.085051 -0.160535 41.4047070683 -218.5524132941 66.46972
J533 97MAY18 1997.3771 50586 906 0 141.4 3979 0.126245 4585519 0.173973 66 0.471114 0.0000 0.001199 0.001491 0.005650 -0.054101 0.023905 -0.102992 41.4047070443 -218.5524132985 66.47111
J533 97MAY19 1997.3799 50587 906 1 141.4 3979 0.128524 4585519 0.176213 66 0.464040 0.0000 0.001274 0.001566 0.006108 -0.057394 0.030772 -0.125737 41.4047070645 -218.5524132713 66.46404
J533 97MAY20 1997.3826 50588 906 2 141.4 3979 0.126683 4585519 0.172883 66 0.483173 0.0000 0.001217 0.001476 0.005707 -0.080679 0.066808 -0.128161 41.4047070345 -218.5524132933 66.48317
J533 97MAY21 1997.3854 50589 906 3 141.4 3979 0.125856 4585519 0.172173 66 0.474399 0.0000 0.001217 0.001479 0.005830 -0.045317 0.055723 -0.123168 41.4047070281 -218.5524133032 66.47440
J533 97MAY22 1997.3881 50590 906 4 141.4 3979 0.127284 4585519 0.172600 66 0.476315 0.0000 0.001204 0.001551 0.005823 -0.009164 0.030290 -0.016799 41.4047070319 -218.5524132861 66.47631
J533 97MAY23 1997.3908 50591 906 5 141.4 3979 0.127376 4585519 0.172818 66 0.461507 0.0000 0.001303 0.001611 0.006220 -0.058126 0.005731 -0.178455 41.4047070339 -218.5524132850 66.46151
J533 97MAY24 1997.3936 50592 906 6 141.4 3979 0.128748 4585519 0.175706 66 0.475772 0.0000 0.001165 0.001506 0.005657 -0.050649 0.027668 -0.050016 41.4047070599 -218.5524132686 66.47577
J533 97MAY25 1997.3963 50593 907 0 141.4 3979 0.125320 4585519 0.178810 66 0.474993 0.0000 0.001195 0.001519 0.005771 -0.039303 0.034442 -0.049642 41.4047070879 -218.5524133096 66.47499
J533 97MAY26 1997.3990 50594 907 1 141.4 3979 0.125755 4585519 0.178728 66 0.486400 0.0000 0.001266 0.001589 0.006136 -0.067562 0.069268 -0.142654 41.4047070871 -218.5524133044 66.48640
J533 97MAY27 1997.4018 50595 907 2 141.4 3979 0.125700 4585519 0.176145 66 0.474444 0.0000 0.001313 0.001661 0.006094 -0.134985 0.128112 -0.085023 41.4047070639 -218.5524133050 66.47444
J533 97MAY28 1997.4045 50596 907 3 141.4 3979 0.126855 4585519 0.173964 66 0.474736 0.0000 0.001175 0.001480 0.005576 -0.042505 0.013791 -0.111436 41.4047070442 -218.5524132912 66.47474
J533 97MAY29 1997.4073 50597 907 4 141.4 3979 0.125015 4585519 0.174537 66 0.476515 0.0000 0.001216 0.001517 0.005772 -0.031984 0.030263 -0.070164 41.4047070494 -218.5524133132 66.47651
J533 97MAY30 1997.4100 50598 907 5 141.4 3979 0.127213 4585519 0.175585 66 0.472045 0.0000 0.001237 0.001529 0.005912 -0.074091 0.087607 -0.140820 41.4047070588 -218.5524132869 66.47205
J533 97MAY31 1997.4127 50599 907 6 141.4 3979 0.124027 4585519 0.177828 66 0.484140 0.0000 0.001194 0.001528 0.005722 -0.049349 0.078021 -0.052581 41.4047070790 -218.5524133250 66.48414
J533 97JUN01 1997.4155 50600 908 0 141.4 3979 0.126435 4585519 0.176484 66 0.467759 0.0000 0.001203 0.001482 0.005579 -0.104159 0.039489 -0.114890 41.4047070669 -218.5524132962 66.46776
J533 97JUN02 1997.4182 50601 908 1 141.4 3979 0.126888 4585519 0.175269 66 0.471583 0.0000 0.001208 0.001447 0.005567 -0.076229 0.107221 -0.107799 41.4047070560 -218.5524132908 66.47158
J533 97JUN03 1997.4209 50602 908 2 141.4 3979 0.125122 4585519 0.173039 66 0.473224 0.0000 0.001165 0.001458 0.005480 -0.031417 -0.014231 -0.045833 41.4047070359 -218.5524133120 66.47322
J533 97JUN04 1997.4237 50603 908 3 141.4 3979 0.123938 4585519 0.175130 66 0.470104 0.0000 0.001153 0.001462 0.005461 -0.048320 0.051489 -0.071792 41.4047070547 -218.5524133261 66.47010
J533 97JUN05 1997.4264 50604 908 4 141.4 3979 0.129359 4585519 0.173217 66 0.476593 0.0000 0.001171 0.001486 0.005502 -0.059858 0.057773 -0.051053 41.4047070375 -218.5524132613 66.47659
J533 97JUN06 1997.4292 50605 908 5 141.4 3979 0.128658 4585519 0.174205 66 0.475912 0.0000 0.001178 0.001547 0.005805 -0.067931 0.065647 -0.020351 41.4047070464 -218.5524132697 66.47591
J533 97JUN07 1997.4319 50606 908 6 141.4 3979 0.124925 4585519 0.173908 66 0.474031 0.0000 0.001314 0.001609 0.006190 -0.025111 -0.023232 -0.138526 41.4047070437 -218.5524133143 66.47403
J533 97JUN08 1997.4346 50607 909 0 141.4 3979 0.126463 4585519 0.173628 66 0.467241 0.0000 0.001175 0.001500 0.005591 -0.069122 0.044719 -0.062454 41.4047070412 -218.5524132959 66.46724
J533 97JUN09 1997.4374 50608 909 1 141.4 3979 0.125696 4585519 0.172989 66 0.480220 0.0000 0.001237 0.001528 0.005757 -0.009200 0.043767 -0.149993 41.4047070354 -218.5524133051 66.48022
J533 97JUN10 1997.4401 50609 909 2 141.4 3979 0.123687 4585519 0.171463 66 0.470427 0.0000 0.001326 0.001642 0.006141 -0.016639 0.082395 -0.001753 41.4047070217 -218.5524133291 66.47043
J533 97JUN11 1997.4428 50610 909 3 141.4 3979 0.127608 4585519 0.175942 66 0.474191 0.0000 0.001229 0.001520 0.005747 -0.124924 0.048834 -0.067413 41.4047070620 -218.5524132822 66.47419
J533 97JUN12 1997.4456 50611 909 4 141.4 3979 0.124980 4585519 0.173158 66 0.476681 0.0000 0.001170 0.001535 0.005474 -0.053237 0.015678 -0.044734 41.4047070370 -218.5524133137 66.47668
J533 97JUN13 1997.4483 50612 909 5 141.4 3979 0.125998 4585519 0.171972 66 0.462698 0.0000 0.001184 0.001475 0.005533 -0.076358 0.077918 -0.062440 41.4047070263 -218.5524133015 66.46270
J533 97JUN14 1997.4511 50613 909 6 141.4 3979 0.125566 4585519 0.176231 66 0.458998 0.0000 0.001202 0.001502 0.005716 -0.043433 0.025367 -0.115847 41.4047070646 -218.5524133066 66.45900
J533 97JUN15 1997.4538 50614 910 0 141.4 3979 0.125122 4585519 0.170396 66 0.463386 0.0000 0.001265 0.001510 0.005857 -0.027279 0.053185 -0.077569 41.4047070121 -218.5524133120 66.46339
J533 97JUN16 1997.4565 50615 910 1 141.4 3979 0.128264 4585519 0.169957 66 0.465221 0.0000 0.001169 0.001430 0.005388 -0.048595 0.026146 -0.104291 41.4047070081 -218.5524132744 66.46522
J533 97JUN17 1997.4593 50616 910 2 141.4 3979 0.128932 4585519 0.170593 66 0.465229 0.0000 0.001209 0.001477 0.005675 -0.036217 0.040295 -0.120497 41.4047070139 -218.5524132664 66.46523
J533 97JUN18 1997.4620 50617 910 3 141.4 3979 0.128929 4585519 0.173686 66 0.475563 0.0000 0.001281 0.001573 0.006070 -0.032173 0.020302 -0.075164 41.4047070417 -218.5524132664 66.47556
J533 97JUN19 1997.4648 50618 910 4 141.4 3979 0.128392 4585519 0.171534 66 0.459106 0.0000 0.001212 0.001528 0.005697 -0.062844 0.057993 -0.029706 41.4047070223 -218.5524132729 66.45911
J533 97JUN20 1997.4675 50619 910 5 141.4 3979 0.123008 4585519 0.169653 66 0.462255 0.0000 0.001230 0.001490 0.005729 -0.116944 0.045444 -0.106131 41.4047070054 -218.5524133373 66.46226
J533 97JUN21 1997.4702 50620 910 6 141.4 3979 0.126730 4585519 0.171548 66 0.475607 0.0000 0.001163 0.001424 0.005338 -0.043155 0.016014 -0.110322 41.4047070225 -218.5524132927 66.47561
J533 97JUN22 1997.4730 50621 911 0 141.4 3979 0.128268 4585519 0.173429 66 0.472404 0.0000 0.001191 0.001457 0.005507 -0.053197 0.024385 -0.123033 41.4047070394 -218.5524132743 66.47240
J533 97JUN23 1997.4757 50622 911 1 141.4 3979 0.125850 4585519 0.174543 66 0.462158 0.0000 0.001188 0.001466 0.005440 -0.070142 0.048602 -0.102848 41.4047070494 -218.5524133032 66.46216
J533 97JUN24 1997.4784 50623 911 2 141.4 3979 0.131951 4585519 0.167386 66 0.477136 0.0000 0.001239 0.001548 0.005821 -0.102134 0.057950 -0.133337 41.4047069850 -218.5524132303 66.47714
J533 97JUN25 1997.4812 50624 911 3 141.4 3979 0.126182 4585519 0.169323 66 0.471170 0.0000 0.001232 0.001483 0.005731 -0.038689 0.018786 -0.124816 41.4047070024 -218.5524132993 66.47117
J533 97JUN26 1997.4839 50625 911 4 141.4 3979 0.126185 4585519 0.169684 66 0.481320 0.0000 0.001229 0.001495 0.005686 -0.015839 0.018318 -0.094459 41.4047070057 -218.5524132993 66.48132
J533 97JUN27 1997.4867 50626 911 5 141.4 3979 0.128122 4585519 0.169491 66 0.479748 0.0000 0.001220 0.001552 0.005687 -0.045275 0.007249 -0.015692 41.4047070039 -218.5524132761 66.47975
J533 97JUN28 1997.4894 50627 911 6 141.4 3979 0.129106 4585519 0.170572 66 0.493292 0.0000 0.001218 0.001526 0.005649 -0.075871 0.019807 -0.012724 41.4047070137 -218.5524132643 66.49329
J533 97JUN29 1997.4921 50628 912 0 141.4 3979 0.129449 4585519 0.171122 66 0.478195 0.0000 0.001230 0.001433 0.005537 -0.064332 -0.016654 -0.096104 41.4047070186 -218.5524132602 66.47820
J533 97JUN30 1997.4949 50629 912 1 141.4 3979 0.125630 4585519 0.170850 66 0.475463 0.0000 0.001209 0.001431 0.005609 -0.010334 -0.071167 -0.158631 41.4047070162 -218.5524133059 66.47546
J533 97JUL01 1997.4976 50630 912 2 141.4 3979 0.124957 4585519 0.170393 66 0.469825 0.0000 0.001208 0.001536 0.005773 -0.035833 0.057729 -0.072313 41.4047070121 -218.5524133140 66.46982
J533 97JUL02 1997.5003 50631 912 3 141.4 3979 0.128894 4585519 0.168498 66 0.470405 0.0000 0.001245 0.001570 0.005817 -0.096163 0.041052 -0.006825 41.4047069950 -218.5524132669 66.47041
J533 97JUL03 1997.5031 50632 912 4 141.4 3979 0.127089 4585519 0.170819 66 0.473635 0.0000 0.001257 0.001571 0.005920 -0.081474 0.060766 -0.102468 41.4047070159 -218.5524132885 66.47364
J533 97JUL04 1997.5058 50633 912 5 141.4 3979 0.120363 4585519 0.175680 66 0.485739 0.0000 0.001201 0.001466 0.005541 -0.061681 0.029040 -0.067878 41.4047070597 -218.5524133689 66.48574
J533 97JUL05 1997.5086 50634 912 6 141.4 3979 0.130306 4585519 0.169415 66 0.480943 0.0000 0.001206 0.001498 0.005671 -0.032532 0.038850 -0.080169 41.4047070033 -218.5524132500 66.48094
J533 97JUL06 1997.5113 50635 913 0 141.4 3979 0.123465 4585519 0.171576 66 0.464243 0.0000 0.001205 0.001504 0.005564 -0.060726 0.012794 -0.048214 41.4047070227 -218.5524133318 66.46424
J533 97JUL07 1997.5140 50636 913 1 141.4 3979 0.127974 4585519 0.173457 66 0.479828 0.0000 0.001170 0.001448 0.005439 -0.063201 -0.000602 -0.087537 41.4047070397 -218.5524132778 66.47983
J533 97JUL08 1997.5168 50637 913 2 141.4 3979 0.125194 4585519 0.173952 66 0.475070 0.0000 0.001176 0.001500 0.005501 -0.038303 0.012981 -0.119115 41.4047070441 -218.5524133111 66.47507
J533 97JUL09 1997.5195 50638 913 3 141.4 3979 0.124775 4585519 0.175807 66 0.466491 0.0000 0.001158 0.001442 0.005422 -0.086150 0.031769 -0.107937 41.4047070608 -218.5524133161 66.46649
J533 97JUL10 1997.5222 50639 913 4 141.4 3979 0.128651 4585519 0.175077 66 0.474388 0.0000 0.001209 0.001561 0.005846 -0.046278 0.019392 -0.076388 41.4047070542 -218.5524132698 66.47439
J533 97JUL11 1997.5250 50640 913 5 141.4 3979 0.127519 4585519 0.177358 66 0.477056 0.0000 0.001212 0.001465 0.005571 -0.065076 0.048189 -0.155505 41.4047070748 -218.5524132833 66.47706
J533 97JUL12 1997.5277 50641 913 6 141.4 3979 0.129514 4585519 0.175309 66 0.472558 0.0000 0.001225 0.001521 0.005744 -0.102149 0.108244 -0.103948 41.4047070563 -218.5524132594 66.47256
J533 97JUL13 1997.5305 50642 914 0 141.4 3979 0.127855 4585519 0.175541 66 0.468225 0.0000 0.001254 0.001616 0.005868 -0.071777 0.023765 -0.112313 41.4047070584 -218.5524132793 66.46822
J533 97JUL14 1997.5332 50643 914 1 141.4 3979 0.126939 4585519 0.174012 66 0.480381 0.0000 0.001183 0.001503 0.005620 -0.035910 0.031547 -0.132934 41.4047070447 -218.5524132902 66.48038
J533 97JUL15 1997.5359 50644 914 2 141.4 3979 0.126243 4585519 0.174596 66 0.481326 0.0000 0.001209 0.001547 0.005754 -0.025191 0.021654 -0.097775 41.4047070499 -218.5524132985 66.48133
J533 97JUL16 1997.5387 50645 914 3 141.4 3979 0.127700 4585519 0.172277 66 0.473992 0.0000 0.001213 0.001517 0.005662 -0.054991 0.010625 -0.120868 41.4047070290 -218.5524132811 66.47399
J533 97JUL17 1997.5414 50646 914 4 141.4 3979 0.127843 4585519 0.170581 66 0.458615 0.0000 0.001195 0.001420 0.005485 -0.058751 0.041083 -0.126680 41.4047070138 -218.5524132794 66.45861
J533 97JUL18 1997.5441 50647 914 5 141.4 3979 0.130832 4585519 0.173769 66 0.473593 0.0000 0.001188 0.001523 0.005646 -0.078144 0.054475 -0.115065 41.4047070425 -218.5524132437 66.47359
J533 97JUL19 1997.5469 50648 914 6 141.4 3979 0.127750 4585519 0.172385 66 0.477553 0.0000 0.001190 0.001527 0.005645 -0.045616 0.053792 -0.149391 41.4047070300 -218.5524132805 66.47755
J533 97JUL20 1997.5496 50649 915 0 141.4 3979 0.128685 4585519 0.174353 66 0.466811 0.0000 0.001185 0.001518 0.005621 -0.014781 -0.002917 -0.083453 41.4047070477 -218.5524132693 66.46681
J533 97JUL21 1997.5524 50650 915 1 141.4 3979 0.127072 4585519 0.175927 66 0.472500 0.0000 0.001156 0.001414 0.005340 -0.050531 0.017354 -0.083416 41.4047070619 -218.5524132886 66.47250
J533 97JUL22 1997.5551 50651 915 2 141.4 3979 0.130449 4585519 0.174978 66 0.470469 0.0000 0.001196 0.001447 0.005492 -0.102231 0.071391 -0.087757 41.4047070534 -218.5524132482 66.47047
J533 97JUL23 1997.5578 50652 915 3 141.4 3979 0.126648 4585519 0.176077 66 0.465390 0.0000 0.001297 0.001593 0.006128 -0.035275 0.050984 -0.088560 41.4047070632 -218.5524132937 66.46539
J533 97JUL24 1997.5606 50653 915 4 141.4 3979 0.127489 4585519 0.174038 66 0.464037 0.0000 0.001223 0.001517 0.005760 -0.049505 0.111344 -0.050907 41.4047070449 -218.5524132837 66.46404
J533 97JUL25 1997.5633 50654 915 5 141.4 3979 0.129070 4585519 0.174215 66 0.469841 0.0000 0.001180 0.001476 0.005486 -0.016379 0.003747 -0.104999 41.4047070465 -218.5524132647 66.46984
J533 97JUL26 1997.5661 50655 915 6 141.4 3979 0.129988 4585519 0.168886 66 0.462678 0.0000 0.001244 0.001521 0.005843 -0.053918 0.031758 -0.111234 41.4047069985 -218.5524132538 66.46268
J533 97JUL27 1997.5688 50656 916 0 141.4 3979 0.128665 4585519 0.168839 66 0.468714 0.0000 0.001227 0.001591 0.005802 -0.045437 0.053139 -0.101528 41.4047069981 -218.5524132696 66.46871
J533 97JUL28 1997.5715 50657 916 1 141.4 3979 0.129918 4585519 0.172830 66 0.481848 0.0000 0.001198 0.001514 0.005551 -0.100257 0.041471 -0.086659 41.4047070340 -218.5524132546 66.48185
J533 97JUL29 1997.5743 50658 916 2 141.4 3979 0.128999 4585519 0.174556 66 0.476026 0.0000 0.001238 0.001516 0.005754 -0.027167 0.076512 -0.128606 41.4047070496 -218.5524132656 66.47603
J533 97JUL30 1997.5770 50659 916 3 141.4 3979 0.131250 4585519 0.173042 66 0.473151 0.0000 0.001177 0.001536 0.005504 -0.075161 0.047260 -0.100890 41.4047070359 -218.5524132387 66.47315
J533 97JUL31 1997.5797 50660 916 4 141.4 3979 0.129703 4585519 0.173856 66 0.478652 0.0000 0.001236 0.001480 0.005810 -0.017482 -0.023486 -0.046135 41.4047070433 -218.5524132572 66.47865
J533 97AUG01 1997.5825 50661 916 5 141.4 3979 0.131607 4585519 0.175652 66 0.472114 0.0000 0.001254 0.001497 0.005768 -0.015691 0.007798 -0.059895 41.4047070594 -218.5524132344 66.47211
J533 97AUG02 1997.5852 50662 916 6 141.4 3979 0.127191 4585519 0.173847 66 0.469192 0.0000 0.001175 0.001464 0.005551 -0.049497 0.029062 -0.075787 41.4047070432 -218.5524132872 66.46919
J533 97AUG03 1997.5880 50663 917 0 141.4 3979 0.130248 4585519 0.173495 66 0.458757 0.0000 0.001169 0.001465 0.005506 -0.083001 0.081312 -0.099024 41.4047070400 -218.5524132507 66.45876
J533 97AUG04 1997.5907 50664 917 1 141.4 3979 0.133091 4585519 0.174424 66 0.480011 0.0000 0.001251 0.001563 0.005959 -0.095001 0.055964 -0.162513 41.4047070484 -218.5524132166 66.48001
J533 97AUG05 1997.5934 50665 917 2 141.4 3979 0.134675 4585519 0.174083 66 0.470150 0.0000 0.001167 0.001493 0.005546 -0.087271 0.027631 -0.096879 41.4047070453 -218.5524131977 66.47015
J533 97AUG06 1997.5962 50666 917 3 141.4 3979 0.128486 4585519 0.176848 66 0.477578 0.0000 0.001198 0.001532 0.005606 -0.101990 0.071817 -0.061005 41.4047070702 -218.5524132717 66.47758
J533 97AUG07 1997.5989 50667 917 4 141.4 3979 0.129388 4585519 0.173893 66 0.467889 0.0000 0.001150 0.001449 0.005411 -0.070890 0.032720 -0.125022 41.4047070436 -218.5524132609 66.46789
J533 97AUG08 1997.6016 50668 917 5 141.4 3979 0.123984 4585519 0.175603 66 0.473651 0.0000 0.001212 0.001535 0.005776 -0.049913 0.046662 -0.096405 41.4047070590 -218.5524133256 66.47365
J533 97AUG09 1997.6044 50669 917 6 141.4 3979 0.128879 4585519 0.181797 66 0.485691 0.0000 0.001241 0.001575 0.005862 -0.106536 0.078526 -0.046033 41.4047071148 -218.5524132670 66.48569
J533 97AUG10 1997.6071 50670 918 0 141.4 3979 0.130640 4585519 0.173740 66 0.464604 0.0000 0.001244 0.001515 0.005803 -0.100213 0.085057 -0.140928 41.4047070422 -218.5524132460 66.46460
J533 97AUG11 1997.6099 50671 918 1 141.4 3979 0.125765 4585519 0.178496 66 0.478036 0.0000 0.001184 0.001479 0.005502 -0.081994 0.009157 -0.083568 41.4047070850 -218.5524133042 66.47804
J533 97AUG12 1997.6126 50672 918 2 141.4 3979 0.126221 4585519 0.176557 66 0.470765 0.0000 0.001222 0.001527 0.005877 -0.011190 -0.015363 -0.102950 41.4047070676 -218.5524132988 66.47076
J533 97AUG13 1997.6153 50673 918 3 141.4 3979 0.129051 4585519 0.172718 66 0.466581 0.0000 0.001144 0.001480 0.005445 -0.056234 -0.003966 -0.050938 41.4047070330 -218.5524132650 66.46658
J533 97AUG14 1997.6181 50674 918 4 141.4 3979 0.125263 4585519 0.172056 66 0.463739 0.0000 0.001190 0.001472 0.005617 -0.041706 0.046321 -0.065975 41.4047070270 -218.5524133103 66.46374
J533 97AUG15 1997.6208 50675 918 5 141.4 3979 0.126139 4585519 0.175238 66 0.471774 0.0000 0.001163 0.001476 0.005523 -0.081973 0.057053 -0.044767 41.4047070557 -218.5524132998 66.47177
J533 97AUG16 1997.6235 50676 918 6 141.4 3979 0.127526 4585519 0.175557 66 0.474324 0.0000 0.001152 0.001448 0.005414 -0.038057 0.015057 -0.038832 41.4047070586 -218.5524132832 66.47432
J533 97AUG17 1997.6263 50677 919 0 141.4 3979 0.129091 4585519 0.175980 66 0.468038 0.0000 0.001182 0.001481 0.005535 -0.033233 0.027665 -0.035601 41.4047070624 -218.5524132645 66.46804
J533 97AUG18 1997.6290 50678 919 1 141.4 3979 0.126731 4585519 0.175537 66 0.474202 0.0000 0.001150 0.001459 0.005463 -0.050574 0.059317 -0.059251 41.4047070584 -218.5524132927 66.47420
J533 97AUG19 1997.6318 50679 919 2 141.4 3979 0.128829 4585519 0.175148 66 0.474834 0.0000 0.001156 0.001511 0.005556 -0.051758 0.031259 -0.030922 41.4047070549 -218.5524132676 66.47483
J533 97AUG20 1997.6345 50680 919 3 141.4 3979 0.127954 4585519 0.176959 66 0.464152 0.0000 0.001165 0.001475 0.005547 -0.036343 0.000791 -0.065662 41.4047070712 -218.5524132781 66.46415
J533 97AUG21 1997.6372 50681 919 4 141.4 3979 0.129923 4585519 0.173955 66 0.469512 0.0000 0.001197 0.001498 0.005547 -0.074190 0.019503 -0.098135 41.4047070441 -218.5524132545 66.46951
J533 97AUG22 1997.6400 50682 919 5 141.4 3979 0.127529 4585519 0.172819 66 0.468851 0.0000 0.001195 0.001497 0.005712 -0.067436 0.054215 -0.022037 41.4047070339 -218.5524132832 66.46885
J533 97AUG23 1997.6427 50683 919 6 141.4 3979 0.130456 4585519 0.173732 66 0.462686 0.0000 0.001160 0.001491 0.005606 -0.031774 0.047437 -0.062281 41.4047070421 -218.5524132482 66.46269
J533 97AUG24 1997.6454 50684 920 0 141.4 3979 0.126940 4585519 0.175402 66 0.469561 0.0000 0.001166 0.001432 0.005471 -0.049129 0.018945 -0.092906 41.4047070572 -218.5524132902 66.46956
J533 97AUG25 1997.6482 50685 920 1 141.4 3979 0.128557 4585519 0.176725 66 0.469977 0.0000 0.001203 0.001533 0.005743 -0.013943 0.025496 -0.096287 41.4047070691 -218.5524132709 66.46998
J533 97AUG26 1997.6509 50686 920 2 141.4 3979 0.129004 4585519 0.177203 66 0.465533 0.0000 0.001161 0.001438 0.005465 -0.035259 -0.006607 -0.092156 41.4047070734 -218.5524132655 66.46553
J533 97AUG27 1997.6537 50687 920 3 141.4 3979 0.130004 4585519 0.178510 66 0.479711 0.0000 0.001184 0.001491 0.005618 -0.034506 0.011354 -0.051515 41.4047070852 -218.5524132535 66.47971
J533 97AUG28 1997.6564 50688 920 4 141.4 3979 0.127232 4585519 0.174883 66 0.460082 0.0000 0.001157 0.001471 0.005420 -0.053841 0.052091 -0.045850 41.4047070525 -218.5524132867 66.46008
J533 97AUG29 1997.6591 50689 920 5 141.4 3979 0.127984 4585519 0.175182 66 0.478833 0.0000 0.001162 0.001496 0.005602 -0.045034 0.006404 -0.064118 41.4047070552 -218.5524132777 66.47883
J533 97AUG30 1997.6619 50690 920 6 141.4 3979 0.133426 4585519 0.172989 66 0.463140 0.0000 0.001174 0.001515 0.005634 -0.074562 0.103844 -0.086051 41.4047070354 -218.5524132127 66.46314
J533 97AUG31 1997.6646 50691 921 0 141.4 3979 0.130675 4585519 0.177069 66 0.457204 0.0000 0.001161 0.001444 0.005531 -0.075107 0.035349 -0.110321 41.4047070722 -218.5524132455 66.45720
J533 97SEP01 1997.6674 50692 921 1 141.4 3979 0.129969 4585519 0.176658 66 0.464454 0.0000 0.001159 0.001477 0.005508 -0.081403 0.049662 -0.048854 41.4047070685 -218.5524132540 66.46445
J533 97SEP02 1997.6701 50693 921 2 141.4 3979 0.130527 4585519 0.174465 66 0.486612 0.0000 0.001203 0.001512 0.005772 -0.093465 0.025631 -0.122289 41.4047070487 -218.5524132473 66.48661
J533 97SEP03 1997.6728 50694 921 3 141.4 3979 0.128452 4585519 0.172858 66 0.477958 0.0000 0.001174 0.001498 0.005680 -0.076334 0.035598 -0.084988 41.4047070343 -218.5524132721 66.47796
J533 97SEP04 1997.6756 50695 921 4 141.4 3979 0.129446 4585519 0.175232 66 0.468841 0.0000 0.001132 0.001413 0.005294 -0.031080 0.023861 -0.086611 41.4047070556 -218.5524132602 66.46884
J533 97SEP05 1997.6783 50696 921 5 141.4 3979 0.127682 4585519 0.168662 66 0.463689 0.0000 0.001161 0.001438 0.005486 -0.052011 -0.007154 -0.130439 41.4047069965 -218.5524132814 66.46369
J533 97SEP06 1997.6810 50697 921 6 141.4 3979 0.129827 4585519 0.171785 66 0.459512 0.0000 0.001135 0.001419 0.005356 -0.067563 0.057991 -0.093832 41.4047070246 -218.5524132557 66.45951
J533 97SEP07 1997.6838 50698 922 0 141.4 3979 0.128212 4585519 0.173968 66 0.474904 0.0000 0.001138 0.001431 0.005416 -0.036490 0.008535 -0.074291 41.4047070443 -218.5524132750 66.47490
J533 97SEP08 1997.6865 50699 922 1 141.4 3979 0.130996 4585519 0.173498 66 0.468967 0.0000 0.001149 0.001448 0.005345 -0.096649 0.039273 -0.084642 41.4047070400 -218.5524132417 66.46897
J533 97SEP09 1997.6893 50700 922 2 141.4 3979 0.135368 4585519 0.170017 66 0.456126 0.0000 0.001191 0.001440 0.005583 -0.054126 -0.026677 -0.113939 41.4047070087 -218.5524131894 66.45613
J533 97SEP10 1997.6920 50701 922 3 141.4 3979 0.132347 4585519 0.174589 66 0.467188 0.0000 0.001162 0.001429 0.005436 -0.053730 -0.004750 -0.118379 41.4047070499 -218.5524132256 66.46719
J533 97SEP11 1997.6947 50702 922 4 141.4 3979 0.131341 4585519 0.172032 66 0.466940 0.0000 0.001172 0.001484 0.005503 -0.071050 0.032890 -0.150595 41.4047070268 -218.5524132376 66.46694
J533 97SEP12 1997.6975 50703 922 5 141.4 3979 0.133391 4585519 0.177453 66 0.463970 0.0000 0.001168 0.001491 0.005435 -0.093329 0.023536 -0.133929 41.4047070756 -218.5524132130 66.46397
J533 97SEP13 1997.7002 50704 922 6 141.4 3979 0.131097 4585519 0.177402 66 0.467036 0.0000 0.001157 0.001424 0.005407 -0.087630 0.064435 -0.158520 41.4047070752 -218.5524132405 66.46704
J533 97SEP14 1997.7029 50705 923 0 141.4 3979 0.128867 4585519 0.177492 66 0.478776 0.0000 0.001183 0.001471 0.005596 -0.068440 0.069466 -0.111759 41.4047070760 -218.5524132671 66.47878
J533 97SEP15 1997.7057 50706 923 1 141.4 3979 0.129903 4585519 0.179079 66 0.472564 0.0000 0.001162 0.001433 0.005480 -0.050596 0.000107 -0.124017 41.4047070903 -218.5524132547 66.47256
J533 97SEP16 1997.7084 50707 923 2 141.4 3979 0.129457 4585519 0.173087 66 0.466546 0.0000 0.001151 0.001424 0.005487 -0.041915 0.015132 -0.134372 41.4047070363 -218.5524132601 66.46655
J533 97SEP17 1997.7112 50708 923 3 141.4 3979 0.129777 4585519 0.175507 66 0.476728 0.0000 0.001148 0.001427 0.005337 -0.031932 -0.022581 -0.076453 41.4047070581 -218.5524132563 66.47673
J533 97SEP18 1997.7139 50709 923 4 141.4 3979 0.129164 4585519 0.175146 66 0.481521 0.0000 0.001172 0.001460 0.005550 -0.046055 0.046393 -0.120292 41.4047070549 -218.5524132636 66.48152
J533 97SEP19 1997.7166 50710 923 5 141.4 3979 0.129214 4585519 0.178227 66 0.473974 0.0000 0.001163 0.001405 0.005397 -0.042860 -0.025507 -0.089186 41.4047070826 -218.5524132630 66.47397
J533 97SEP20 1997.7194 50711 923 6 141.4 3979 0.131601 4585519 0.171877 66 0.464572 0.0000 0.001163 0.001441 0.005397 -0.050440 -0.003731 -0.124377 41.4047070254 -218.5524132345 66.46457
J533 97SEP21 1997.7221 50712 924 0 141.4 3979 0.132451 4585519 0.172475 66 0.471279 0.0000 0.001158 0.001411 0.005398 -0.048423 0.025752 -0.119393 41.4047070308 -218.5524132243 66.47128
J533 97SEP22 1997.7248 50713 924 1 141.4 3979 0.130254 4585519 0.176007 66 0.469023 0.0000 0.001164 0.001415 0.005460 -0.038185 0.039100 -0.136605 41.4047070626 -218.5524132506 66.46902
J533 97SEP23 1997.7276 50714 924 2 141.4 3979 0.129355 4585519 0.173761 66 0.464712 0.0000 0.001164 0.001467 0.005578 -0.038244 0.054226 -0.113556 41.4047070424 -218.5524132613 66.46471
J533 97SEP24 1997.7303 50715 924 3 141.4 3979 0.126492 4585519 0.172612 66 0.459201 0.0000 0.001145 0.001434 0.005354 -0.029280 0.031712 -0.079089 41.4047070321 -218.5524132956 66.45920
J533 97SEP25 1997.7331 50716 924 4 141.4 3979 0.128212 4585519 0.174993 66 0.463420 0.0000 0.001204 0.001466 0.005529 -0.039933 -0.025152 -0.080919 41.4047070535 -218.5524132750 66.46342
J533 97SEP26 1997.7358 50717 924 5 141.4 3979 0.126709 4585519 0.168819 66 0.461540 0.0000 0.001147 0.001424 0.005348 -0.059770 0.016228 -0.083972 41.4047069979 -218.5524132930 66.46154
J533 97SEP27 1997.7385 50718 924 6 141.4 3979 0.127887 4585519 0.171497 66 0.464635 0.0000 0.001218 0.001500 0.005769 -0.045109 0.058812 -0.155607 41.4047070220 -218.5524132789 66.46464
J533 97SEP28 1997.7413 50719 925 0 141.4 3979 0.134289 4585519 0.175849 66 0.461152 0.0000 0.001194 0.001476 0.005586 -0.081803 0.029987 -0.135178 41.4047070612 -218.5524132023 66.46115
J533 97SEP29 1997.7440 50720 925 1 141.4 3979 0.132588 4585519 0.173548 66 0.458451 0.0000 0.001176 0.001480 0.005483 -0.073384 0.069641 -0.109916 41.4047070405 -218.5524132227 66.45845
J533 97SEP30 1997.7467 50721 925 2 141.4 3979 0.133509 4585519 0.173622 66 0.467128 0.0000 0.001139 0.001415 0.005307 -0.057072 0.103655 -0.107819 41.4047070411 -218.5524132117 66.46713
J533 97OCT01 1997.7495 50722 925 3 141.4 3979 0.129537 4585519 0.172209 66 0.460168 0.0000 0.001124 0.001421 0.005308 -0.040798 0.023221 -0.098368 41.4047070284 -218.5524132592 66.46017
J533 97OCT02 1997.7522 50723 925 4 141.4 3979 0.130055 4585519 0.171436 66 0.457408 0.0000 0.001133 0.001430 0.005365 -0.055671 0.012294 -0.060535 41.4047070215 -218.5524132530 66.45741
J533 97OCT03 1997.7550 50724 925 5 141.4 3979 0.128615 4585519 0.169751 66 0.457613 0.0000 0.001150 0.001417 0.005363 -0.045084 0.016552 -0.117327 41.4047070063 -218.5524132702 66.45761
J533 97OCT04 1997.7577 50725 925 6 141.4 3979 0.133196 4585519 0.166142 66 0.464827 0.0000 0.001151 0.001418 0.005412 -0.042554 0.023836 -0.105300 41.4047069738 -218.5524132154 66.46483
J533 97OCT05 1997.7604 50726 926 0 141.4 3979 0.129960 4585519 0.174307 66 0.470651 0.0000 0.001167 0.001513 0.005628 -0.049869 0.085415 -0.071695 41.4047070473 -218.5524132541 66.47065
J533 97OCT06 1997.7632 50727 926 1 141.4 3979 0.131274 4585519 0.173753 66 0.468940 0.0000 0.001167 0.001443 0.005548 -0.064675 0.052906 -0.065592 41.4047070423 -218.5524132384 66.46894
J533 97OCT07 1997.7659 50728 926 2 141.4 3979 0.131110 4585519 0.173193 66 0.453357 0.0000 0.001123 0.001412 0.005348 -0.043791 0.043913 -0.113900 41.4047070373 -218.5524132404 66.45336
J533 97OCT08 1997.7687 50729 926 3 141.4 3979 0.132137 4585519 0.171677 66 0.468297 0.0000 0.001149 0.001429 0.005444 -0.071941 0.051882 -0.122749 41.4047070236 -218.5524132281 66.46830
J533 97OCT09 1997.7714 50730 926 4 141.4 3979 0.133068 4585519 0.170696 66 0.465812 0.0000 0.001125 0.001386 0.005275 -0.049184 0.020751 -0.100792 41.4047070148 -218.5524132169 66.46581
J533 97OCT10 1997.7741 50731 926 5 141.4 3979 0.133950 4585519 0.174172 66 0.469730 0.0000 0.001161 0.001435 0.005445 -0.093603 0.101951 -0.137226 41.4047070461 -218.5524132064 66.46973
J533 97OCT11 1997.7769 50732 926 6 141.4 3979 0.133704 4585519 0.173325 66 0.465562 0.0000 0.001127 0.001392 0.005350 -0.053401 0.035880 -0.114375 41.4047070385 -218.5524132093 66.46556
J533 97OCT12 1997.7796 50733 927 0 141.4 3979 0.132645 4585519 0.173045 66 0.480048 0.0000 0.001154 0.001416 0.005448 -0.055703 0.021329 -0.082406 41.4047070359 -218.5524132220 66.48005
J533 97OCT13 1997.7823 50734 927 1 141.4 3979 0.135293 4585519 0.172641 66 0.479010 0.0000 0.001130 0.001425 0.005440 -0.038983 0.055822 -0.076752 41.4047070323 -218.5524131903 66.47901
J533 97OCT14 1997.7851 50735 927 2 141.4 3979 0.132835 4585519 0.170490 66 0.484068 0.0000 0.001137 0.001409 0.005417 -0.051854 0.067785 -0.100076 41.4047070129 -218.5524132197 66.48407
J533 97OCT15 1997.7878 50736 927 3 141.4 3979 0.132962 4585519 0.169840 66 0.480245 0.0000 0.001128 0.001436 0.005323 -0.087178 0.026409 -0.060288 41.4047070071 -218.5524132182 66.48024
J533 97OCT16 1997.7906 50737 927 4 141.4 3979 0.137705 4585519 0.173543 66 0.475715 0.0000 0.001170 0.001501 0.005611 -0.033454 0.028054 -0.122927 41.4047070404 -218.5524131615 66.47571
J533 97OCT17 1997.7933 50738 927 5 141.4 3979 0.134277 4585519 0.175911 66 0.485632 0.0000 0.001209 0.001464 0.005683 -0.106183 0.114525 -0.126704 41.4047070618 -218.5524132025 66.48563
J533 97OCT18 1997.7960 50739 927 6 141.4 3979 0.134402 4585519 0.172377 66 0.480259 0.0000 0.001183 0.001431 0.005548 -0.050730 0.082751 -0.109879 41.4047070299 -218.5524132010 66.48026
J533 97OCT19 1997.7988 50740 928 0 141.4 3979 0.138073 4585519 0.173769 66 0.470527 0.0000 0.001162 0.001441 0.005485 -0.029822 0.029417 -0.114094 41.4047070425 -218.5524131571 66.47053
J533 97OCT20 1997.8015 50741 928 1 141.4 3979 0.137524 4585519 0.178890 66 0.471764 0.0000 0.001192 0.001472 0.005640 -0.059340 0.101867 -0.089267 41.4047070886 -218.5524131636 66.47176
J533 97OCT21 1997.8042 50742 928 2 141.4 3979 0.134773 4585519 0.174339 66 0.471866 0.0000 0.001253 0.001489 0.005725 -0.099528 0.079944 -0.131065 41.4047070476 -218.5524131965 66.47187
J533 97OCT22 1997.8070 50743 928 3 141.4 3979 0.138062 4585519 0.175205 66 0.477261 0.0000 0.001163 0.001426 0.005461 -0.032382 0.037716 -0.114374 41.4047070554 -218.5524131572 66.47726
J533 97OCT23 1997.8097 50744 928 4 141.4 3979 0.136673 4585519 0.174134 66 0.462450 0.0000 0.001167 0.001413 0.005500 -0.026654 0.035591 -0.133489 41.4047070458 -218.5524131738 66.46245
J533 97OCT24 1997.8125 50745 928 5 141.4 3979 0.135907 4585519 0.175099 66 0.481775 0.0000 0.001184 0.001463 0.005637 -0.031764 0.041754 -0.137875 41.4047070544 -218.5524131830 66.48177
J533 97OCT25 1997.8152 50746 928 6 141.4 3979 0.136579 4585519 0.171445 66 0.474146 0.0000 0.001213 0.001503 0.005789 -0.055081 0.079833 -0.184100 41.4047070215 -218.5524131750 66.47415
J533 97OCT26 1997.8179 50747 929 0 141.4 3979 0.135486 4585519 0.173643 66 0.475661 0.0000 0.001183 0.001492 0.005763 -0.031338 0.038997 -0.082404 41.4047070413 -218.5524131880 66.47566
J533 97OCT27 1997.8207 50748 929 1 141.4 3979 0.135247 4585519 0.170693 66 0.467063 0.0000 0.001202 0.001449 0.005638 -0.068649 0.047446 -0.170933 41.4047070148 -218.5524131909 66.46706
J533 97OCT28 1997.8234 50749 929 2 141.4 3979 0.133681 4585519 0.172652 66 0.467287 0.0000 0.001261 0.001549 0.005921 -0.041843 0.102069 -0.138950 41.4047070324 -218.5524132096 66.46729
J533 97OCT29 1997.8261 50750 929 3 141.4 3979 0.131564 4585519 0.172167 66 0.468355 0.0000 0.001269 0.001535 0.005988 -0.046232 0.086297 -0.117717 41.4047070280 -218.5524132349 66.46836
J533 97OCT30 1997.8289 50751 929 4 141.4 3979 0.130909 4585519 0.175159 66 0.470485 0.0000 0.001181 0.001511 0.005732 -0.080328 0.106742 -0.113742 41.4047070550 -218.5524132427 66.47048
J533 97OCT31 1997.8316 50752 929 5 141.4 3979 0.131804 4585519 0.171912 66 0.472380 0.0000 0.001174 0.001462 0.005591 -0.069333 0.105215 -0.199365 41.4047070258 -218.5524132321 66.47238
J533 97NOV01 1997.8344 50753 929 6 141.4 3979 0.134397 4585519 0.174641 66 0.475972 0.0000 0.001178 0.001456 0.005653 -0.064214 0.024541 -0.139922 41.4047070503 -218.5524132010 66.47597
J533 97NOV02 1997.8371 50754 930 0 141.4 3979 0.132707 4585519 0.172584 66 0.470932 0.0000 0.001217 0.001475 0.005797 -0.054575 0.078832 -0.161102 41.4047070318 -218.5524132213 66.47093
J533 97NOV03 1997.8398 50755 930 1 141.4 3979 0.138413 4585519 0.173791 66 0.471468 0.0000 0.001201 0.001499 0.005758 -0.053872 0.060779 -0.147123 41.4047070427 -218.5524131530 66.47147
J533 97NOV04 1997.8426 50756 930 2 141.4 3979 0.134378 4585519 0.174148 66 0.471068 0.0000 0.001176 0.001458 0.005547 -0.063221 0.039451 -0.160535 41.4047070459 -218.5524132013 66.47107
J533 97NOV05 1997.8453 50757 930 3 141.4 3979 0.137538 4585519 0.169823 66 0.472042 0.0000 0.001239 0.001520 0.005954 -0.030752 0.064814 -0.114828 41.4047070069 -218.5524131635 66.47204
J533 97NOV06 1997.8480 50758 930 4 141.4 3979 0.134218 4585519 0.174518 66 0.486960 0.0000 0.001218 0.001499 0.005692 -0.048700 0.024408 -0.151131 41.4047070492 -218.5524132032 66.48696
J533 97NOV07 1997.8508 50759 930 5 141.4 3979 0.136048 4585519 0.171962 66 0.468160 0.0000 0.001183 0.001432 0.005543 -0.045552 0.075957 -0.161399 41.4047070262 -218.5524131813 66.46816
J533 97NOV08 1997.8535 50760 930 6 141.4 3979 0.133795 4585519 0.173411 66 0.480006 0.0000 0.001196 0.001465 0.005746 -0.071795 0.092657 -0.112550 41.4047070392 -218.5524132082 66.48001
J533 97NOV09 1997.8563 50761 931 0 141.4 3979 0.134594 4585519 0.172224 66 0.470686 0.0000 0.001177 0.001418 0.005501 -0.079899 0.095008 -0.179543 41.4047070286 -218.5524131987 66.47069
J533 97NOV10 1997.8590 50762 931 1 141.4 3979 0.133265 4585519 0.173784 66 0.465505 0.0000 0.001197 0.001502 0.005718 -0.042210 0.050048 -0.109143 41.4047070426 -218.5524132146 66.46550
J533 97NOV11 1997.8617 50763 931 2 141.4 3979 0.138296 4585519 0.169957 66 0.480581 0.0000 0.001228 0.001492 0.005885 -0.088443 0.101073 -0.125605 41.4047070081 -218.5524131544 66.48058
J533 97NOV12 1997.8645 50764 931 3 141.4 3979 0.137571 4585519 0.171639 66 0.470103 0.0000 0.001179 0.001437 0.005564 -0.055477 0.084255 -0.181736 41.4047070233 -218.5524131631 66.47010
J533 97NOV13 1997.8672 50765 931 4 141.4 3979 0.134999 4585519 0.170683 66 0.463129 0.0000 0.001183 0.001423 0.005502 -0.016476 0.058100 -0.133536 41.4047070147 -218.5524131939 66.46313
J533 97NOV14 1997.8700 50766 931 5 141.4 3979 0.134352 4585519 0.170785 66 0.475288 0.0000 0.001177 0.001477 0.005705 -0.043743 0.072035 -0.129624 41.4047070156 -218.5524132016 66.47529
J533 97NOV15 1997.8727 50767 931 6 141.4 3979 0.137127 4585519 0.173479 66 0.472808 0.0000 0.001191 0.001444 0.005629 -0.025749 0.056914 -0.157295 41.4047070399 -218.5524131684 66.47281
J533 97NOV16 1997.8754 50768 932 0 141.4 3979 0.135477 4585519 0.171885 66 0.472144 0.0000 0.001170 0.001477 0.005636 -0.007927 0.051125 -0.135280 41.4047070255 -218.5524131881 66.47214
J533 97NOV17 1997.8782 50769 932 1 141.4 3979 0.136230 4585519 0.170031 66 0.480784 0.0000 0.001195 0.001475 0.005632 -0.072187 0.103486 -0.110004 41.4047070088 -218.5524131791 66.48078
J533 97NOV18 1997.8809 50770 932 2 141.4 3979 0.136513 4585519 0.173612 66 0.471550 0.0000 0.001192 0.001432 0.005619 -0.078895 0.076058 -0.088875 41.4047070411 -218.5524131757 66.47155
J533 97NOV19 1997.8836 50771 932 3 141.4 3979 0.135730 4585519 0.173237 66 0.462867 0.0000 0.001244 0.001473 0.005899 -0.089109 0.117485 -0.090415 41.4047070377 -218.5524131851 66.46287
J533 97NOV20 1997.8864 50772 932 4 141.4 3979 0.136072 4585519 0.170278 66 0.457288 0.0000 0.001226 0.001463 0.005812 -0.064655 0.060130 -0.140453 41.4047070110 -218.5524131810 66.45729
J533 97NOV21 1997.8891 50773 932 5 141.4 3979 0.134068 4585519 0.170887 66 0.460927 0.0000 0.001207 0.001509 0.005905 -0.067493 0.036781 -0.135892 41.4047070165 -218.5524132050 66.46093
J533 97NOV22 1997.8919 50774 932 6 141.4 3979 0.139226 4585519 0.173017 66 0.464863 0.0000 0.001189 0.001471 0.005742 -0.058017 0.047883 -0.153537 41.4047070357 -218.5524131433 66.46486
J533 97NOV23 1997.8946 50775 933 0 141.4 3979 0.135118 4585519 0.168555 66 0.473474 0.0000 0.001179 0.001429 0.005635 -0.056437 0.109722 -0.119615 41.4047069955 -218.5524131924 66.47347
J533 97NOV24 1997.8973 50776 933 1 141.4 3979 0.132646 4585519 0.172819 66 0.471696 0.0000 0.001214 0.001517 0.005891 -0.057133 0.098824 -0.098546 41.4047070339 -218.5524132220 66.47170
J533 97NOV25 1997.9001 50777 933 2 141.4 3979 0.133827 4585519 0.172076 66 0.472845 0.0000 0.001200 0.001474 0.005754 -0.103242 0.060896 -0.122901 41.4047070272 -218.5524132079 66.47284
J533 97NOV26 1997.9028 50778 933 3 141.4 3979 0.136897 4585519 0.175372 66 0.465250 0.0000 0.001199 0.001494 0.005792 -0.048212 0.078755 -0.095944 41.4047070569 -218.5524131711 66.46525
J533 97NOV27 1997.9055 50779 933 4 141.4 3979 0.132405 4585519 0.173806 66 0.468248 0.0000 0.001164 0.001458 0.005553 -0.032466 0.032093 -0.084837 41.4047070428 -218.5524132249 66.46825
J533 97NOV28 1997.9083 50780 933 5 141.4 3979 0.134070 4585519 0.173249 66 0.463077 0.0000 0.001166 0.001445 0.005540 -0.091123 0.063222 -0.109082 41.4047070378 -218.5524132049 66.46308
J533 97NOV29 1997.9110 50781 933 6 141.4 3979 0.131529 4585519 0.174233 66 0.480032 0.0000 0.001155 0.001474 0.005631 -0.086832 0.074693 -0.083695 41.4047070466 -218.5524132353 66.48003
J533 97NOV30 1997.9138 50782 934 0 141.4 3979 0.132377 4585519 0.171451 66 0.453440 0.0000 0.001140 0.001421 0.005405 -0.039454 0.044335 -0.123401 41.4047070216 -218.5524132252 66.45344
J533 97DEC01 1997.9165 50783 934 1 141.4 3979 0.135365 4585519 0.170410 66 0.461732 0.0000 0.001144 0.001412 0.005335 -0.055791 0.035603 -0.094054 41.4047070122 -218.5524131895 66.46173
J533 97DEC02 1997.9192 50784 934 2 141.4 3979 0.135563 4585519 0.173709 66 0.471270 0.0000 0.001121 0.001443 0.005400 -0.031366 0.051029 -0.037465 41.4047070419 -218.5524131871 66.47127
J533 97DEC03 1997.9220 50785 934 3 141.4 3979 0.135387 4585519 0.174644 66 0.459015 0.0000 0.001239 0.001470 0.005782 0.000731 0.056160 -0.093597 41.4047070503 -218.5524131892 66.45901
J533 97DEC04 1997.9247 50786 934 4 141.4 3979 0.135511 4585519 0.170019 66 0.464076 0.0000 0.001150 0.001453 0.005460 -0.016832 0.014603 -0.077631 41.4047070087 -218.5524131877 66.46408
J533 97DEC05 1997.9274 50787 934 5 141.4 3979 0.132648 4585519 0.174698 66 0.467730 0.0000 0.001188 0.001494 0.005677 -0.044858 0.033035 -0.080051 41.4047070508 -218.5524132219 66.46773
J533 97DEC06 1997.9302 50788 934 6 141.4 3979 0.134322 4585519 0.171085 66 0.470056 0.0000 0.001214 0.001493 0.005827 -0.056135 0.008979 -0.126930 41.4047070183 -218.5524132020 66.47006
J533 97DEC07 1997.9329 50789 935 0 141.4 3979 0.133146 4585519 0.173572 66 0.468673 0.0000 0.001191 0.001431 0.005602 -0.033231 0.042730 -0.105884 41.4047070407 -218.5524132160 66.46867
J533 97DEC08 1997.9357 50790 935 1 141.4 3979 0.135941 4585519 0.168493 66 0.459068 0.0000 0.001208 0.001459 0.005690 -0.119972 0.074001 -0.125881 41.4047069950 -218.5524131826 66.45907
J533 97DEC09 1997.9384 50791 935 2 141.4 3979 0.136003 4585519 0.171563 66 0.454227 0.0000 0.001146 0.001410 0.005347 -0.015726 0.014354 -0.087183 41.4047070226 -218.5524131818 66.45423
J533 97DEC10 1997.9411 50792 935 3 141.4 3979 0.139005 4585519 0.169660 66 0.468723 0.0000 0.001164 0.001479 0.005613 0.002310 -0.014056 -0.117184 41.4047070055 -218.5524131460 66.46872
J533 97DEC11 1997.9439 50793 935 4 141.4 3979 0.133749 4585519 0.167247 66 0.452783 0.0000 0.001199 0.001475 0.005661 -0.008255 0.023696 -0.092068 41.4047069837 -218.5524132088 66.45278
J533 97DEC12 1997.9466 50794 935 5 141.4 3979 0.133708 4585519 0.169833 66 0.463561 0.0000 0.001202 0.001432 0.005592 -0.071483 0.073930 -0.136343 41.4047070070 -218.5524132093 66.46356
J533 97DEC13 1997.9493 50795 935 6 141.4 3979 0.135110 4585519 0.171511 66 0.468443 0.0000 0.001188 0.001499 0.005814 -0.023544 0.038931 -0.140424 41.4047070221 -218.5524131925 66.46844
J533 97DEC14 1997.9521 50796 936 0 141.4 3979 0.136412 4585519 0.169375 66 0.463672 0.0000 0.001175 0.001463 0.005616 -0.020365 0.041504 -0.133258 41.4047070029 -218.5524131770 66.46367
J533 97DEC15 1997.9548 50797 936 1 141.4 3979 0.136603 4585519 0.171305 66 0.462687 0.0000 0.001184 0.001441 0.005580 -0.018489 0.044265 -0.045401 41.4047070203 -218.5524131747 66.46269
J533 97DEC16 1997.9576 50798 936 2 141.4 3979 0.136554 4585519 0.171169 66 0.465727 0.0000 0.001122 0.001395 0.005266 -0.032003 0.051175 -0.123670 41.4047070191 -218.5524131753 66.46573
J533 97DEC17 1997.9603 50799 936 3 141.4 3979 0.136754 4585519 0.170770 66 0.471076 0.0000 0.001132 0.001411 0.005337 -0.060485 0.045382 -0.124829 41.4047070155 -218.5524131729 66.47108
J533 97DEC18 1997.9630 50800 936 4 141.4 3979 0.136314 4585519 0.170146 66 0.473856 0.0000 0.001161 0.001426 0.005447 -0.031374 0.073414 -0.091339 41.4047070098 -218.5524131781 66.47386
J533 97DEC19 1997.9658 50801 936 5 141.4 3979 0.134341 4585519 0.171158 66 0.464821 0.0000 0.001138 0.001408 0.005360 -0.041171 -0.009163 -0.149311 41.4047070190 -218.5524132017 66.46482
J533 97DEC20 1997.9685 50802 936 6 141.4 3979 0.130751 4585519 0.170740 66 0.465511 0.0000 0.001129 0.001402 0.005290 -0.040335 0.041776 -0.135538 41.4047070152 -218.5524132447 66.46551
J533 97DEC21 1997.9713 50803 937 0 141.4 3979 0.134271 4585519 0.170712 66 0.459181 0.0000 0.001112 0.001441 0.005288 -0.073172 0.058948 -0.193942 41.4047070149 -218.5524132026 66.45918
J533 97DEC22 1997.9740 50804 937 1 141.4 3979 0.133987 4585519 0.171765 66 0.466705 0.0000 0.001123 0.001452 0.005262 -0.073919 0.090655 -0.143976 41.4047070244 -218.5524132060 66.46671
J533 97DEC23 1997.9767 50805 937 2 141.4 3979 0.134130 4585519 0.172795 66 0.459743 0.0000 0.001102 0.001429 0.005186 -0.077014 0.086657 -0.133006 41.4047070337 -218.5524132042 66.45974
J533 97DEC24 1997.9795 50806 937 3 141.4 3979 0.137201 4585519 0.171763 66 0.466351 0.0000 0.001111 0.001444 0.005259 -0.060089 0.065583 -0.149462 41.4047070244 -218.5524131675 66.46635
J533 97DEC25 1997.9822 50807 937 4 141.4 3979 0.133663 4585519 0.174528 66 0.460651 0.0000 0.001144 0.001467 0.005454 -0.062740 0.075865 -0.202547 41.4047070493 -218.5524132098 66.46065
J533 97DEC26 1997.9849 50808 937 5 141.4 3979 0.134084 4585519 0.174083 66 0.460390 0.0000 0.001155 0.001463 0.005475 -0.073218 0.063068 -0.156861 41.4047070453 -218.5524132048 66.46039
J533 97DEC27 1997.9877 50809 937 6 141.4 3979 0.136311 4585519 0.176130 66 0.453063 0.0000 0.001135 0.001452 0.005396 -0.076781 0.106109 -0.148139 41.4047070637 -218.5524131781 66.45306
J533 97DEC28 1997.9904 50810 938 0 141.4 3979 0.133935 4585519 0.171631 66 0.458915 0.0000 0.001132 0.001412 0.005397 -0.071872 0.034703 -0.173352 41.4047070232 -218.5524132066 66.45892
J533 97DEC29 1997.9932 50811 938 1 141.4 3979 0.135250 4585519 0.168830 66 0.463445 0.0000 0.001149 0.001484 0.005483 -0.071526 0.094612 -0.124687 41.4047069980 -218.5524131909 66.46344
J533 97DEC30 1997.9959 50812 938 2 141.4 3979 0.135748 4585519 0.177702 66 0.466122 0.0000 0.001179 0.001455 0.005506 -0.055345 -0.003931 -0.165654 41.4047070779 -218.5524131849 66.46612
J533 97DEC31 1997.9986 50813 938 3 141.4 3979 0.132917 4585519 0.171610 66 0.465134 0.0000 0.001200 0.001485 0.005698 -0.053292 0.083222 -0.156064 41.4047070230 -218.5524132187 66.46513
J533 98JAN01 1998.0014 50814 938 4 141.4 3979 0.133303 4585519 0.169329 66 0.473563 0.0000 0.001198 0.001542 0.005739 -0.093864 0.085108 -0.178529 41.4047070025 -218.5524132141 66.47356
J533 98JAN02 1998.0041 50815 938 5 141.4 3979 0.133043 4585519 0.171959 66 0.455013 0.0000 0.001162 0.001447 0.005465 -0.087470 0.063582 -0.200568 41.4047070262 -218.5524132172 66.45501
J533 98JAN03 1998.0068 50816 938 6 141.4 3979 0.130912 4585519 0.173366 66 0.469420 0.0000 0.001225 0.001530 0.005838 -0.056516 0.020253 -0.143328 41.4047070388 -218.5524132427 66.46942
J533 98JAN04 1998.0096 50817 939 0 141.4 3979 0.141801 4585519 0.170931 66 0.463657 0.0000 0.001152 0.001509 0.005583 -0.070402 0.069805 -0.130459 41.4047070169 -218.5524131125 66.46366
J533 98JAN05 1998.0123 50818 939 1 141.4 3979 0.135269 4585519 0.173123 66 0.467634 0.0000 0.001148 0.001423 0.005440 -0.065675 0.045765 -0.199008 41.4047070367 -218.5524131906 66.46763
J533 98JAN06 1998.0151 50819 939 2 141.4 3979 0.135764 4585519 0.172125 66 0.472792 0.0000 0.001154 0.001447 0.005490 -0.059945 0.066854 -0.186921 41.4047070277 -218.5524131847 66.47279
J533 98JAN07 1998.0178 50820 939 3 141.4 3979 0.133282 4585519 0.168799 66 0.483932 0.0000 0.001149 0.001502 0.005542 -0.042973 0.049163 -0.202350 41.4047069977 -218.5524132144 66.48393
J533 98JAN08 1998.0205 50821 939 4 141.4 3979 0.128559 4585519 0.174906 66 0.465992 0.0000 0.001173 0.001470 0.005525 -0.050413 0.049629 -0.236068 41.4047070527 -218.5524132708 66.46599
J533 98JAN09 1998.0233 50822 939 5 141.4 3979 0.128743 4585519 0.173754 66 0.467787 0.0000 0.001199 0.001505 0.005752 -0.065816 0.048019 -0.209616 41.4047070423 -218.5524132687 66.46779
J533 98JAN10 1998.0260 50823 939 6 141.4 3979 0.130201 4585519 0.177270 66 0.469254 0.0000 0.001135 0.001413 0.005305 -0.056443 0.049458 -0.187316 41.4047070740 -218.5524132512 66.46925
J533 98JAN11 1998.0287 50824 940 0 141.4 3979 0.129952 4585519 0.175599 66 0.464453 0.0000 0.001163 0.001513 0.005554 -0.012028 0.059314 -0.125018 41.4047070589 -218.5524132542 66.46445
J533 98JAN12 1998.0315 50825 940 1 141.4 3979 0.129027 4585519 0.173509 66 0.460993 0.0000 0.001196 0.001544 0.005543 -0.077491 0.125876 -0.174208 41.4047070401 -218.5524132653 66.46099
J533 98JAN13 1998.0342 50826 940 2 141.4 3979 0.130886 4585519 0.176026 66 0.457553 0.0000 0.001199 0.001482 0.005596 -0.058561 0.070259 -0.211633 41.4047070628 -218.5524132430 66.45755
J533 98JAN14 1998.0370 50827 940 3 141.4 3979 0.128976 4585519 0.172821 66 0.472011 0.0000 0.001136 0.001475 0.005411 -0.059424 0.085831 -0.141444 41.4047070339 -218.5524132659 66.47201
J533 98JAN15 1998.0397 50828 940 4 141.4 3979 0.129489 4585519 0.171601 66 0.472390 0.0000 0.001145 0.001446 0.005419 -0.040394 0.062539 -0.192016 41.4047070229 -218.5524132597 66.47239
J533 98JAN16 1998.0424 50829 940 5 141.4 3979 0.131654 4585519 0.174059 66 0.463651 0.0000 0.001169 0.001565 0.005621 -0.061538 0.064055 -0.151958 41.4047070451 -218.5524132338 66.46365
J533 98JAN17 1998.0452 50830 940 6 141.4 3979 0.129695 4585519 0.168990 66 0.463123 0.0000 0.001124 0.001419 0.005364 -0.090756 0.124973 -0.221447 41.4047069994 -218.5524132573 66.46312
J533 98JAN18 1998.0479 50831 941 0 141.4 3979 0.127373 4585519 0.178217 66 0.469193 0.0000 0.001185 0.001558 0.005785 -0.058708 0.085320 -0.185264 41.4047070825 -218.5524132850 66.46919
J533 98JAN19 1998.0507 50832 941 1 141.4 3979 0.127598 4585519 0.173905 66 0.463922 0.0000 0.001159 0.001468 0.005534 -0.090611 0.051845 -0.184438 41.4047070437 -218.5524132823 66.46392
J533 98JAN20 1998.0534 50833 941 2 141.4 3979 0.130153 4585519 0.172682 66 0.451855 0.0000 0.001132 0.001444 0.005410 -0.058008 0.081608 -0.144337 41.4047070327 -218.5524132518 66.45185
J533 98JAN21 1998.0561 50834 941 3 141.4 3979 0.129593 4585519 0.172419 66 0.454221 0.0000 0.001154 0.001473 0.005615 -0.071455 0.080917 -0.181230 41.4047070303 -218.5524132585 66.45422
J533 98JAN22 1998.0589 50835 941 4 141.4 3979 0.127888 4585519 0.170440 66 0.453577 0.0000 0.001168 0.001458 0.005514 -0.045259 0.091356 -0.136071 41.4047070125 -218.5524132789 66.45358
J533 98JAN23 1998.0616 50836 941 5 141.4 3979 0.127226 4585519 0.170460 66 0.465703 0.0000 0.001216 0.001550 0.005869 -0.060689 0.073205 -0.131778 41.4047070127 -218.5524132868 66.46570
J533 98JAN24 1998.0643 50837 941 6 141.4 3979 0.129002 4585519 0.173709 66 0.477930 0.0000 0.001161 0.001507 0.005627 -0.124152 0.119740 -0.175043 41.4047070419 -218.5524132656 66.47793
J533 98JAN25 1998.0671 50838 942 0 141.4 3979 0.127759 4585519 0.169176 66 0.470291 0.0000 0.001136 0.001428 0.005380 -0.115298 0.119125 -0.165919 41.4047070011 -218.5524132805 66.47029
J533 98JAN26 1998.0698 50839 942 1 141.4 3979 0.126959 4585519 0.172464 66 0.466392 0.0000 0.001138 0.001408 0.005377 -0.066592 0.121010 -0.130405 41.4047070307 -218.5524132900 66.46639
J533 98JAN27 1998.0726 50840 942 2 141.4 3979 0.127038 4585519 0.170206 66 0.468184 0.0000 0.001109 0.001427 0.005253 -0.058881 0.076581 -0.154128 41.4047070104 -218.5524132891 66.46818
J533 98JAN28 1998.0753 50841 942 3 141.4 3979 0.130487 4585519 0.168941 66 0.472340 0.0000 0.001169 0.001489 0.005646 -0.051851 0.036373 -0.139657 41.4047069990 -218.5524132478 66.47234
J533 98JAN29 1998.0780 50842 942 4 141.4 3979 0.128908 4585519 0.172033 66 0.472783 0.0000 0.001143 0.001443 0.005453 -0.086005 0.086980 -0.158816 41.4047070268 -218.5524132667 66.47278
J533 98JAN30 1998.0808 50843 942 5 141.4 3979 0.131695 4585519 0.171839 66 0.473986 0.0000 0.001131 0.001454 0.005458 -0.091430 0.059478 -0.136128 41.4047070251 -218.5524132334 66.47399
J533 98JAN31 1998.0835 50844 942 6 141.4 3979 0.129658 4585519 0.169076 66 0.465975 0.0000 0.001126 0.001387 0.005290 -0.104338 0.090581 -0.163895 41.4047070002 -218.5524132577 66.46598
J533 98FEB01 1998.0862 50845 943 0 141.4 3979 0.126847 4585519 0.168724 66 0.474384 0.0000 0.001136 0.001410 0.005430 -0.070922 0.023596 -0.170357 41.4047069970 -218.5524132914 66.47438
J533 98FEB02 1998.0890 50846 943 1 141.4 3979 0.130614 4585519 0.170417 66 0.474889 0.0000 0.001148 0.001378 0.005432 -0.082836 0.059962 -0.150221 41.4047070123 -218.5524132463 66.47489
J533 98FEB03 1998.0917 50847 943 2 141.4 3979 0.128818 4585519 0.170077 66 0.455690 0.0000 0.001137 0.001384 0.005345 -0.073987 0.091865 -0.152535 41.4047070092 -218.5524132678 66.45569
J533 98FEB04 1998.0945 50848 943 3 141.4 3979 0.128606 4585519 0.167854 66 0.470013 0.0000 0.001167 0.001411 0.005428 -0.149273 0.128952 -0.186559 41.4047069892 -218.5524132703 66.47001
J533 98FEB05 1998.0972 50849 943 4 141.4 3979 0.129530 4585519 0.171466 66 0.468553 0.0000 0.001142 0.001428 0.005349 -0.140291 0.110829 -0.153271 41.4047070217 -218.5524132593 66.46855
J533 98FEB06 1998.0999 50850 943 5 141.4 3979 0.126542 4585519 0.171364 66 0.458632 0.0000 0.001116 0.001359 0.005123 -0.101385 0.060368 -0.113554 41.4047070208 -218.5524132950 66.45863
J533 98FEB07 1998.1027 50851 943 6 141.4 3979 0.132343 4585519 0.172125 66 0.476415 0.0000 0.001137 0.001389 0.005353 -0.111951 0.116330 -0.123298 41.4047070277 -218.5524132256 66.47642
J533 98FEB08 1998.1054 50852 944 0 141.4 3979 0.131274 4585519 0.168799 66 0.473942 0.0000 0.001170 0.001411 0.005375 -0.053857 0.075136 -0.154409 41.4047069977 -218.5524132384 66.47394
J533 98FEB09 1998.1081 50853 944 1 141.4 3979 0.135161 4585519 0.168244 66 0.456777 0.0000 0.001155 0.001462 0.005460 -0.089195 0.090652 -0.191418 41.4047069927 -218.5524131919 66.45678
J533 98FEB10 1998.1109 50854 944 2 141.4 3979 0.137377 4585519 0.166332 66 0.459863 0.0000 0.001204 0.001477 0.005763 -0.137636 0.170179 -0.252732 41.4047069755 -218.5524131655 66.45986
J533 98FEB11 1998.1136 50855 944 3 141.4 3979 0.130875 4585519 0.168280 66 0.472287 0.0000 0.001158 0.001379 0.005419 -0.075028 0.060850 -0.131716 41.4047069930 -218.5524132432 66.47229
J533 98FEB12 1998.1164 50856 944 4 141.4 3979 0.131500 4585519 0.167005 66 0.471969 0.0000 0.001295 0.001610 0.006114 -0.079022 0.083361 -0.178403 41.4047069816 -218.5524132357 66.47197
J533 98FEB13 1998.1191 50857 944 5 141.4 3979 0.127727 4585519 0.170209 66 0.470294 0.0000 0.001189 0.001430 0.005440 -0.082572 0.083875 -0.146222 41.4047070104 -218.5524132808 66.47029
J533 98FEB14 1998.1218 50858 944 6 141.4 3979 0.128916 4585519 0.172489 66 0.444811 0.0000 0.001187 0.001418 0.005574 -0.090588 0.061160 -0.194982 41.4047070309 -218.5524132666 66.44481
J533 98FEB15 1998.1246 50859 945 0 141.4 3979 0.126967 4585519 0.176382 66 0.457303 0.0000 0.001141 0.001371 0.005269 -0.091142 0.056833 -0.116628 41.4047070660 -218.5524132899 66.45730
J533 98FEB16 1998.1273 50860 945 1 141.4 3979 0.129593 4585519 0.170692 66 0.474001 0.0000 0.001140 0.001360 0.005274 -0.078053 0.069390 -0.185598 41.4047070148 -218.5524132585 66.47400
J533 98FEB17 1998.1300 50861 945 2 141.4 3979 0.129991 4585519 0.169904 66 0.462321 0.0000 0.001156 0.001436 0.005375 -0.070201 0.041795 -0.191428 41.4047070077 -218.5524132538 66.46232
J533 98FEB18 1998.1328 50862 945 3 141.4 3979 0.130190 4585519 0.173996 66 0.473081 0.0000 0.001315 0.001656 0.006250 -0.058077 0.046044 -0.205150 41.4047070445 -218.5524132513 66.47308
J533 98FEB19 1998.1355 50863 945 4 141.4 3979 0.130198 4585519 0.172782 66 0.481412 0.0000 0.001220 0.001463 0.005731 -0.061346 0.066974 -0.174758 41.4047070336 -218.5524132513 66.48141
J533 98FEB20 1998.1383 50864 945 5 141.4 3979 0.130848 4585519 0.169824 66 0.471967 0.0000 0.001194 0.001384 0.005486 -0.077539 0.143218 -0.190546 41.4047070069 -218.5524132435 66.47197
J533 98FEB21 1998.1410 50865 945 6 141.4 3979 0.129599 4585519 0.169872 66 0.467249 0.0000 0.001195 0.001388 0.005453 -0.107605 0.064164 -0.184815 41.4047070074 -218.5524132584 66.46725
J533 98FEB22 1998.1437 50866 946 0 141.4 3979 0.132893 4585519 0.164986 66 0.468906 0.0000 0.001152 0.001370 0.005432 -0.105110 0.096344 -0.246794 41.4047069634 -218.5524132191 66.46891
J533 98FEB23 1998.1465 50867 946 1 141.4 3979 0.131725 4585519 0.167939 66 0.468284 0.0000 0.001148 0.001393 0.005457 -0.063662 0.106766 -0.187113 41.4047069900 -218.5524132330 66.46828
J533 98FEB24 1998.1492 50868 946 2 141.4 3979 0.131052 4585519 0.168972 66 0.473087 0.0000 0.001142 0.001392 0.005263 -0.100751 0.080814 -0.116861 41.4047069993 -218.5524132411 66.47309
J533 98FEB25 1998.1520 50869 946 3 141.4 3979 0.132023 4585519 0.167661 66 0.471688 0.0000 0.001186 0.001359 0.005397 -0.040560 0.066403 -0.168686 41.4047069875 -218.5524132295 66.47169
J533 98FEB26 1998.1547 50870 946 4 141.4 3979 0.130313 4585519 0.169545 66 0.472968 0.0000 0.001140 0.001368 0.005310 -0.067571 0.085020 -0.167303 41.4047070044 -218.5524132499 66.47297
J533 98FEB27 1998.1574 50871 946 5 141.4 3979 0.131161 4585519 0.168971 66 0.463616 0.0000 0.001180 0.001387 0.005626 -0.105257 0.147493 -0.237621 41.4047069993 -218.5524132398 66.46362
J533 98FEB28 1998.1602 50872 946 6 141.4 3979 0.130322 4585519 0.168816 66 0.469228 0.0000 0.001208 0.001414 0.005682 -0.057840 0.119612 -0.187548 41.4047069979 -218.5524132498 66.46923
J533 98MAR01 1998.1629 50873 947 0 141.4 3979 0.133167 4585519 0.169674 66 0.472115 0.0000 0.001171 0.001399 0.005446 -0.048976 0.028769 -0.112977 41.4047070056 -218.5524132158 66.47212
J533 98MAR02 1998.1656 50874 947 1 141.4 3979 0.133819 4585519 0.168501 66 0.470942 0.0000 0.001133 0.001358 0.005295 -0.073463 0.102749 -0.180629 41.4047069950 -218.5524132080 66.47094
J533 98MAR03 1998.1684 50875 947 2 141.4 3979 0.134364 4585519 0.168103 66 0.472393 0.0000 0.001190 0.001405 0.005536 -0.096541 0.062132 -0.201607 41.4047069914 -218.5524132015 66.47239
J533 98MAR04 1998.1711 50876 947 3 141.4 3979 0.130241 4585519 0.166721 66 0.466317 0.0000 0.001182 0.001379 0.005610 -0.094388 0.093429 -0.210841 41.4047069790 -218.5524132508 66.46632
J533 98MAR05 1998.1739 50877 947 4 141.4 3979 0.130760 4585519 0.169858 66 0.467234 0.0000 0.001128 0.001353 0.005380 -0.090087 0.102682 -0.204615 41.4047070073 -218.5524132446 66.46723
J533 98MAR06 1998.1766 50878 947 5 141.4 3979 0.130094 4585519 0.170608 66 0.470155 0.0000 0.001139 0.001377 0.005402 -0.093524 0.045715 -0.201738 41.4047070140 -218.5524132525 66.47015
J533 98MAR07 1998.1793 50879 947 6 141.4 3979 0.133812 4585519 0.169664 66 0.472818 0.0000 0.001180 0.001407 0.005569 -0.083408 0.105953 -0.137414 41.4047070055 -218.5524132081 66.47282
J533 98MAR08 1998.1821 50880 948 0 141.4 3979 0.130356 4585519 0.167148 66 0.463346 0.0000 0.001181 0.001380 0.005575 -0.043703 0.083009 -0.153190 41.4047069829 -218.5524132494 66.46335
J533 98MAR09 1998.1848 50881 948 1 141.4 3979 0.132309 4585519 0.168647 66 0.469949 0.0000 0.001116 0.001341 0.005237 -0.065039 0.052459 -0.214944 41.4047069963 -218.5524132260 66.46995
J533 98MAR10 1998.1875 50882 948 2 141.4 3979 0.132881 4585519 0.171510 66 0.469113 0.0000 0.001209 0.001407 0.005641 0.005272 0.017400 -0.122254 41.4047070221 -218.5524132192 66.46911
J533 98MAR11 1998.1903 50883 948 3 141.4 3979 0.129895 4585519 0.167806 66 0.462699 0.0000 0.001228 0.001402 0.005693 -0.029235 0.035363 -0.206545 41.4047069888 -218.5524132549 66.46270
J533 98MAR12 1998.1930 50884 948 4 141.4 3979 0.130864 4585519 0.171669 66 0.470268 0.0000 0.001198 0.001381 0.005475 -0.053163 0.060689 -0.146145 41.4047070236 -218.5524132433 66.47027
J533 98MAR13 1998.1958 50885 948 5 141.4 3979 0.129996 4585519 0.166618 66 0.471659 0.0000 0.001206 0.001384 0.005619 -0.054510 0.083874 -0.159368 41.4047069781 -218.5524132537 66.47166
J533 98MAR14 1998.1985 50886 948 6 141.4 3979 0.132817 4585519 0.171380 66 0.469370 0.0000 0.001208 0.001404 0.005651 -0.046448 0.047819 -0.114813 41.4047070210 -218.5524132200 66.46937
J533 98MAR15 1998.2012 50887 949 0 141.4 3979 0.132870 4585519 0.169181 66 0.460572 0.0000 0.001182 0.001348 0.005353 -0.032009 0.059772 -0.130165 41.4047070012 -218.5524132193 66.46057
J533 98MAR16 1998.2040 50888 949 1 141.4 3979 0.130700 4585519 0.167640 66 0.461531 0.0000 0.001161 0.001339 0.005371 -0.071610 0.105071 -0.133015 41.4047069873 -218.5524132453 66.46153
J533 98MAR17 1998.2067 50889 949 2 141.4 3979 0.128472 4585519 0.168449 66 0.465622 0.0000 0.001145 0.001360 0.005395 -0.091888 0.091167 -0.185648 41.4047069946 -218.5524132719 66.46562
J533 98MAR18 1998.2094 50890 949 3 141.4 3979 0.130027 4585519 0.168868 66 0.470982 0.0000 0.001178 0.001415 0.005511 -0.106793 0.124102 -0.166416 41.4047069983 -218.5524132533 66.47098
J533 98MAR19 1998.2122 50891 949 4 141.4 3979 0.128258 4585519 0.169029 66 0.472236 0.0000 0.001114 0.001354 0.005233 -0.111079 0.110049 -0.193204 41.4047069998 -218.5524132745 66.47224
J533 98MAR20 1998.2149 50892 949 5 141.4 3979 0.127197 4585519 0.169851 66 0.469184 0.0000 0.001191 0.001373 0.005531 -0.064426 0.079451 -0.200794 41.4047070072 -218.5524132872 66.46918
J533 98MAR21 1998.2177 50893 949 6 141.4 3979 0.130091 4585519 0.169964 66 0.470040 0.0000 0.001137 0.001354 0.005262 -0.110201 0.086470 -0.187971 41.4047070082 -218.5524132526 66.47004
J533 98MAR22 1998.2204 50894 950 0 141.4 3979 0.128457 4585519 0.171598 66 0.473873 0.0000 0.001115 0.001349 0.005196 -0.054997 0.036419 -0.104537 41.4047070229 -218.5524132721 66.47387
J533 98MAR23 1998.2231 50895 950 1 141.4 3979 0.128078 4585519 0.168026 66 0.463582 0.0000 0.001164 0.001387 0.005400 -0.094446 0.094035 -0.182416 41.4047069908 -218.5524132766 66.46358
J533 98MAR24 1998.2259 50896 950 2 141.4 3979 0.130239 4585519 0.165859 66 0.468176 0.0000 0.001193 0.001414 0.005444 -0.093602 0.091927 -0.128979 41.4047069713 -218.5524132508 66.46818
J533 98MAR25 1998.2286 50897 950 3 141.4 3979 0.128679 4585519 0.166496 66 0.468978 0.0000 0.001110 0.001355 0.005127 -0.094609 0.067866 -0.185960 41.4047069770 -218.5524132695 66.46898
J533 98MAR26 1998.2313 50898 950 4 141.4 3979 0.131644 4585519 0.167516 66 0.461717 0.0000 0.001130 0.001360 0.005338 -0.088574 0.053822 -0.207905 41.4047069862 -218.5524132340 66.46172
J533 98MAR27 1998.2341 50899 950 5 141.4 3979 0.132933 4585519 0.164540 66 0.459203 0.0000 0.001143 0.001406 0.005415 -0.085884 0.072296 -0.113373 41.4047069594 -218.5524132186 66.45920
J533 98MAR28 1998.2368 50900 950 6 141.4 3979 0.131670 4585519 0.166623 66 0.466015 0.0000 0.001139 0.001369 0.005390 -0.059464 0.048778 -0.203646 41.4047069781 -218.5524132337 66.46602
J533 98MAR29 1998.2396 50901 951 0 141.4 3979 0.127779 4585519 0.168062 66 0.461536 0.0000 0.001162 0.001410 0.005478 -0.065964 0.079402 -0.153085 41.4047069911 -218.5524132802 66.46154
J533 98MAR30 1998.2423 50902 951 1 141.4 3979 0.127548 4585519 0.167267 66 0.461629 0.0000 0.001341 0.001547 0.006092 -0.087927 0.110005 -0.122866 41.4047069839 -218.5524132830 66.46163
J533 98MAR31 1998.2450 50903 951 2 141.4 3979 0.131024 4585519 0.165094 66 0.464457 0.0000 0.001235 0.001462 0.005820 -0.066784 0.097017 -0.112092 41.4047069644 -218.5524132414 66.46446
J533 98APR01 1998.2478 50904 951 3 141.4 3979 0.134048 4585519 0.165807 66 0.467702 0.0000 0.001194 0.001397 0.005520 -0.062566 0.103537 -0.123044 41.4047069708 -218.5524132053 66.46770
J533 98APR02 1998.2505 50905 951 4 141.4 3979 0.132097 4585519 0.165581 66 0.467457 0.0000 0.001199 0.001411 0.005600 -0.095616 0.060403 -0.152867 41.4047069687 -218.5524132286 66.46746
J533 98APR03 1998.2533 50906 951 5 141.4 3979 0.131179 4585519 0.165712 66 0.465605 0.0000 0.001130 0.001413 0.005407 -0.059656 0.105035 -0.127520 41.4047069699 -218.5524132396 66.46561
J533 98APR04 1998.2560 50907 951 6 141.4 3979 0.131868 4585519 0.164868 66 0.462941 0.0000 0.001129 0.001410 0.005357 -0.076193 0.078012 -0.089541 41.4047069623 -218.5524132313 66.46294
J533 98APR05 1998.2587 50908 952 0 141.4 3979 0.130090 4585519 0.164844 66 0.454267 0.0000 0.001167 0.001401 0.005476 -0.059943 0.017149 -0.119028 41.4047069621 -218.5524132526 66.45427
J533 98APR06 1998.2615 50909 952 1 141.4 3979 0.127644 4585519 0.164657 66 0.460148 0.0000 0.001215 0.001430 0.005723 -0.106803 0.081323 -0.162859 41.4047069604 -218.5524132819 66.46015
J533 98APR07 1998.2642 50910 952 2 141.4 3979 0.131502 4585519 0.164289 66 0.468302 0.0000 0.001203 0.001412 0.005742 -0.055403 0.099692 -0.101749 41.4047069571 -218.5524132357 66.46830
J533 98APR08 1998.2669 50911 952 3 141.4 3979 0.134100 4585519 0.164822 66 0.465576 0.0000 0.001177 0.001413 0.005508 -0.110323 0.075360 -0.144489 41.4047069619 -218.5524132046 66.46558
J533 98APR09 1998.2697 50912 952 4 141.4 3979 0.127157 4585519 0.163712 66 0.474812 0.0000 0.001155 0.001427 0.005577 -0.129509 0.108875 -0.184132 41.4047069519 -218.5524132877 66.47481
J533 98APR10 1998.2724 50913 952 5 141.4 3979 0.128439 4585519 0.163200 66 0.478690 0.0000 0.001260 0.001461 0.005793 -0.084159 0.113357 -0.145246 41.4047069473 -218.5524132724 66.47869
J533 98APR11 1998.2752 50914 952 6 141.4 3979 0.125068 4585519 0.165451 66 0.467385 0.0000 0.001287 0.001447 0.005933 -0.069273 0.134410 -0.172718 41.4047069676 -218.5524133127 66.46739
J533 98APR12 1998.2779 50915 953 0 141.4 3979 0.126897 4585519 0.165140 66 0.473770 0.0000 0.001397 0.001584 0.006426 -0.051093 0.188683 -0.076345 41.4047069648 -218.5524132908 66.47377
J533 98APR13 1998.2806 50916 953 1 141.4 3979 0.130497 4585519 0.166000 66 0.473532 0.0000 0.001144 0.001418 0.005468 -0.087548 0.120160 -0.140112 41.4047069725 -218.5524132477 66.47353
J533 98APR14 1998.2834 50917 953 2 141.4 3979 0.126073 4585519 0.165630 66 0.460968 0.0000 0.001158 0.001415 0.005520 -0.049711 0.069997 -0.196507 41.4047069692 -218.5524133006 66.46097
J533 98APR15 1998.2861 50918 953 3 141.4 3979 0.130200 4585519 0.162776 66 0.468131 0.0000 0.001156 0.001446 0.005471 -0.113907 0.124339 -0.171745 41.4047069435 -218.5524132513 66.46813
J533 98APR16 1998.2888 50919 953 4 141.4 3979 0.128617 4585519 0.163300 66 0.463494 0.0000 0.001129 0.001386 0.005239 -0.096695 0.099391 -0.142637 41.4047069482 -218.5524132702 66.46349
J533 98APR17 1998.2916 50920 953 5 141.4 3979 0.128874 4585519 0.165320 66 0.471941 0.0000 0.001126 0.001384 0.005241 -0.085787 0.065767 -0.143264 41.4047069664 -218.5524132671 66.47194
J533 98APR18 1998.2943 50921 953 6 141.4 3979 0.130768 4585519 0.167007 66 0.473739 0.0000 0.001140 0.001385 0.005385 -0.048425 0.094454 -0.119672 41.4047069816 -218.5524132445 66.47374
J533 98APR19 1998.2971 50922 954 0 141.4 3979 0.134734 4585519 0.166094 66 0.465185 0.0000 0.001131 0.001372 0.005327 -0.069706 0.110750 -0.202201 41.4047069734 -218.5524131971 66.46518
J533 98APR20 1998.2998 50923 954 1 141.4 3979 0.130160 4585519 0.162731 66 0.473894 0.0000 0.001158 0.001387 0.005367 -0.066651 0.095085 -0.171707 41.4047069431 -218.5524132518 66.47389
J533 98APR21 1998.3025 50924 954 2 141.4 3979 0.131268 4585519 0.164694 66 0.467587 0.0000 0.001178 0.001451 0.005591 -0.141153 0.116352 -0.187847 41.4047069608 -218.5524132385 66.46759
J533 98APR22 1998.3053 50925 954 3 141.4 3979 0.129169 4585519 0.164907 66 0.468854 0.0000 0.001132 0.001373 0.005316 -0.119564 0.083132 -0.155132 41.4047069627 -218.5524132636 66.46885
J533 98APR23 1998.3080 50926 954 4 141.4 3979 0.126824 4585519 0.166812 66 0.472790 0.0000 0.001129 0.001359 0.005300 -0.115266 0.119062 -0.220241 41.4047069798 -218.5524132916 66.47279
J533 98APR24 1998.3107 50927 954 5 141.4 3979 0.130222 4585519 0.166245 66 0.468906 0.0000 0.001113 0.001360 0.005219 -0.109915 0.094699 -0.197775 41.4047069747 -218.5524132510 66.46891
J533 98APR25 1998.3135 50928 954 6 141.4 3979 0.128812 4585519 0.164656 66 0.470814 0.0000 0.001138 0.001389 0.005447 -0.082771 0.073700 -0.192481 41.4047069604 -218.5524132679 66.47081
J533 98APR26 1998.3162 50929 955 0 141.4 3979 0.129313 4585519 0.164218 66 0.471583 0.0000 0.001147 0.001366 0.005383 -0.103072 0.089411 -0.191824 41.4047069565 -218.5524132619 66.47158
J533 98APR27 1998.3190 50930 955 1 141.4 3979 0.127908 4585519 0.164300 66 0.472138 0.0000 0.001127 0.001368 0.005255 -0.110123 0.114042 -0.155801 41.4047069572 -218.5524132787 66.47214
J533 98APR28 1998.3217 50931 955 2 141.4 3979 0.129111 4585519 0.167603 66 0.472418 0.0000 0.001237 0.001529 0.005848 -0.101061 0.099734 -0.131486 41.4047069869 -218.5524132643 66.47242
J533 98APR29 1998.3244 50932 955 3 141.4 3979 0.129704 4585519 0.164421 66 0.476559 0.0000 0.001150 0.001487 0.005604 -0.100936 0.126022 -0.096822 41.4047069583 -218.5524132572 66.47656
J533 98APR30 1998.3272 50933 955 4 141.4 3979 0.127278 4585519 0.168568 66 0.470204 0.0000 0.001133 0.001377 0.005401 -0.068602 0.107818 -0.200375 41.4047069956 -218.5524132862 66.47020
J533 98MAY01 1998.3299 50934 955 5 141.4 3979 0.126980 4585519 0.164406 66 0.463666 0.0000 0.001128 0.001386 0.005372 -0.088552 0.119745 -0.182186 41.4047069582 -218.5524132898 66.46367
J533 98MAY02 1998.3326 50935 955 6 141.4 3979 0.126213 4585519 0.165405 66 0.479530 0.0000 0.001169 0.001473 0.005685 -0.069493 0.111577 -0.101531 41.4047069672 -218.5524132990 66.47953
J533 98MAY03 1998.3354 50936 956 0 141.4 3979 0.126071 4585519 0.167192 66 0.469903 0.0000 0.001141 0.001436 0.005396 -0.094310 0.069119 -0.137492 41.4047069832 -218.5524133007 66.46990
J533 98MAY04 1998.3381 50937 956 1 141.4 3979 0.128796 4585519 0.164875 66 0.466845 0.0000 0.001189 0.001484 0.005651 -0.072982 0.077115 -0.122017 41.4047069624 -218.5524132681 66.46685
J533 98MAY05 1998.3409 50938 956 2 141.4 3979 0.128441 4585519 0.164158 66 0.465624 0.0000 0.001162 0.001486 0.005688 -0.082043 0.076949 -0.143072 41.4047069559 -218.5524132723 66.46562
J533 98MAY06 1998.3436 50939 956 3 141.4 3979 0.130743 4585519 0.167440 66 0.467007 0.0000 0.001218 0.001479 0.005834 -0.043671 0.078365 -0.180686 41.4047069855 -218.5524132448 66.46701
J533 98MAY07 1998.3463 50940 956 4 141.4 3979 0.128539 4585519 0.165645 66 0.480674 0.0000 0.001145 0.001435 0.005433 -0.098732 0.097741 -0.153079 41.4047069693 -218.5524132712 66.48067
J533 98MAY08 1998.3491 50941 956 5 141.4 3979 0.127118 4585519 0.166852 66 0.469207 0.0000 0.001161 0.001437 0.005491 -0.122683 0.125535 -0.177993 41.4047069802 -218.5524132881 66.46921
J533 98MAY09 1998.3518 50942 956 6 141.4 3979 0.129631 4585519 0.165313 66 0.477293 0.0000 0.001165 0.001414 0.005490 -0.117038 0.058955 -0.115354 41.4047069663 -218.5524132581 66.47729
J533 98MAY10 1998.3546 50943 957 0 141.4 3979 0.131374 4585519 0.165693 66 0.472750 0.0000 0.001182 0.001431 0.005601 -0.136763 0.089449 -0.183734 41.4047069697 -218.5524132372 66.47275
J533 98MAY11 1998.3573 50944 957 1 141.4 3979 0.130740 4585519 0.167383 66 0.473106 0.0000 0.001164 0.001425 0.005523 -0.104942 0.087540 -0.076917 41.4047069850 -218.5524132448 66.47311
J533 98MAY12 1998.3600 50945 957 2 141.4 3979 0.130981 4585519 0.162170 66 0.485121 0.0000 0.001175 0.001440 0.005684 -0.091744 0.095650 -0.161656 41.4047069380 -218.5524132420 66.48512
J533 98MAY13 1998.3628 50946 957 3 141.4 3979 0.127716 4585519 0.164219 66 0.479709 0.0000 0.001173 0.001417 0.005527 -0.125166 0.100984 -0.161753 41.4047069565 -218.5524132810 66.47971
J533 98MAY14 1998.3655 50947 957 4 141.4 3979 0.128594 4585519 0.162988 66 0.472507 0.0000 0.001156 0.001411 0.005454 -0.111328 0.071769 -0.141336 41.4047069454 -218.5524132705 66.47251
J533 98MAY15 1998.3682 50948 957 5 141.4 3979 0.130665 4585519 0.165797 66 0.477886 0.0000 0.001227 0.001480 0.005739 -0.138268 0.049650 -0.062033 41.4047069707 -218.5524132457 66.47789
J533 98MAY16 1998.3710 50949 957 6 141.4 3979 0.128729 4585519 0.164548 66 0.470398 0.0000 0.001249 0.001474 0.006015 -0.118295 0.141165 -0.151181 41.4047069594 -218.5524132689 66.47040
J533 98MAY17 1998.3737 50950 958 0 141.4 3979 0.130909 4585519 0.165338 66 0.473317 0.0000 0.001282 0.001490 0.006192 -0.135888 0.116452 -0.188462 41.4047069666 -218.5524132428 66.47332
J533 98MAY18 1998.3765 50951 958 1 141.4 3979 0.129846 4585519 0.164950 66 0.470885 0.0000 0.001169 0.001488 0.005615 -0.117883 0.054467 -0.073064 41.4047069631 -218.5524132555 66.47089
J533 98MAY19 1998.3792 50952 958 2 141.4 3979 0.128944 4585519 0.164625 66 0.471960 0.0000 0.001172 0.001420 0.005501 -0.065139 0.045369 -0.105332 41.4047069601 -218.5524132663 66.47196
J533 98MAY20 1998.3819 50953 958 3 141.4 3979 0.131790 4585519 0.165153 66 0.473928 0.0000 0.001179 0.001479 0.005683 -0.076196 0.056062 -0.079685 41.4047069649 -218.5524132323 66.47393
J533 98MAY21 1998.3847 50954 958 4 141.4 3979 0.125702 4585519 0.166976 66 0.469327 0.0000 0.001198 0.001495 0.005657 -0.117786 0.139932 -0.067597 41.4047069813 -218.5524133051 66.46933
J533 98MAY22 1998.3874 50955 958 5 141.4 3979 0.128870 4585519 0.166893 66 0.477016 0.0000 0.001179 0.001493 0.005668 -0.051944 0.119799 -0.096684 41.4047069806 -218.5524132672 66.47702
J533 98MAY23 1998.3901 50956 958 6 141.4 3979 0.128633 4585519 0.164481 66 0.475090 0.0000 0.001207 0.001533 0.005800 -0.099247 0.113804 -0.128153 41.4047069588 -218.5524132700 66.47509
J533 98MAY24 1998.3929 50957 959 0 141.4 3979 0.129601 4585519 0.163464 66 0.473278 0.0000 0.001187 0.001495 0.005676 -0.096601 0.076414 -0.141922 41.4047069497 -218.5524132585 66.47328
J533 98MAY25 1998.3956 50958 959 1 141.4 3979 0.127349 4585519 0.164722 66 0.476329 0.0000 0.001242 0.001498 0.005789 -0.063185 0.040152 -0.083734 41.4047069610 -218.5524132854 66.47633
J533 98MAY26 1998.3984 50959 959 2 141.4 3979 0.129660 4585519 0.162946 66 0.478098 0.0000 0.001193 0.001505 0.005689 -0.087185 0.078197 -0.101709 41.4047069450 -218.5524132578 66.47810
J533 98MAY27 1998.4011 50960 959 3 141.4 3979 0.127901 4585519 0.164972 66 0.470125 0.0000 0.001206 0.001517 0.005634 -0.128689 0.087922 -0.102677 41.4047069633 -218.5524132788 66.47013
J533 98MAY28 1998.4038 50961 959 4 141.4 3979 0.127841 4585519 0.163077 66 0.485026 0.0000 0.001176 0.001543 0.005740 -0.071363 0.066370 -0.046121 41.4047069462 -218.5524132795 66.48503
J533 98MAY29 1998.4066 50962 959 5 141.4 3979 0.129312 4585519 0.165566 66 0.478554 0.0000 0.001220 0.001600 0.005896 -0.055716 0.052595 -0.062634 41.4047069686 -218.5524132619 66.47855
J533 98MAY30 1998.4093 50963 959 6 141.4 3979 0.128553 4585519 0.165559 66 0.467657 0.0000 0.001181 0.001539 0.005654 -0.076615 0.076808 -0.074009 41.4047069685 -218.5524132710 66.46766
J533 98MAY31 1998.4120 50964 960 0 141.4 3979 0.125768 4585519 0.166143 66 0.466425 0.0000 0.001266 0.001521 0.005855 -0.098358 0.054669 -0.101051 41.4047069738 -218.5524133043 66.46642
J533 98JUN01 1998.4148 50965 960 1 141.4 3979 0.126182 4585519 0.164106 66 0.477274 0.0000 0.001230 0.001473 0.005816 -0.079231 0.027149 -0.072145 41.4047069555 -218.5524132993 66.47727
J533 98JUN02 1998.4175 50966 960 2 141.4 3979 0.128486 4585519 0.164205 66 0.470410 0.0000 0.001160 0.001398 0.005417 -0.119561 0.099211 -0.130281 41.4047069563 -218.5524132718 66.47041
J533 98JUN03 1998.4203 50967 960 3 141.4 3979 0.126300 4585519 0.161366 66 0.486661 0.0000 0.001177 0.001418 0.005446 -0.124962 0.062923 -0.118807 41.4047069308 -218.5524132980 66.48666
J533 98JUN04 1998.4230 50968 960 4 141.4 3979 0.126087 4585519 0.164350 66 0.483897 0.0000 0.001204 0.001446 0.005679 -0.117877 0.123540 -0.137104 41.4047069577 -218.5524133005 66.48390
J533 98JUN05 1998.4257 50969 960 5 141.4 3979 0.125899 4585519 0.165430 66 0.470744 0.0000 0.001215 0.001465 0.005779 -0.140259 0.170425 -0.197785 41.4047069674 -218.5524133027 66.47074
J533 98JUN06 1998.4285 50970 960 6 141.4 3979 0.128994 4585519 0.163406 66 0.467237 0.0000 0.001239 0.001523 0.005756 -0.119536 0.080770 -0.061479 41.4047069492 -218.5524132657 66.46724
J533 98JUN07 1998.4312 50971 961 0 141.4 3979 0.125676 4585519 0.163766 66 0.469134 0.0000 0.001193 0.001461 0.005650 -0.120786 0.107185 -0.172799 41.4047069524 -218.5524133054 66.46913
J533 98JUN08 1998.4339 50972 961 1 141.4 3979 0.124725 4585519 0.163271 66 0.467954 0.0000 0.001160 0.001391 0.005370 -0.094392 0.061369 -0.112214 41.4047069479 -218.5524133168 66.46795
J533 98JUN09 1998.4367 50973 961 2 141.4 3979 0.127641 4585519 0.163828 66 0.472738 0.0000 0.001149 0.001406 0.005432 -0.116680 0.127209 -0.144748 41.4047069530 -218.5524132819 66.47274
J533 98JUN10 1998.4394 50974 961 3 141.4 3979 0.123205 4585519 0.164979 66 0.467040 0.0000 0.001228 0.001426 0.005663 -0.159820 0.058134 -0.146295 41.4047069633 -218.5524133349 66.46704
J533 98JUN11 1998.4422 50975 961 4 141.4 3979 0.124780 4585519 0.162453 66 0.470436 0.0000 0.001201 0.001478 0.005600 -0.127243 0.136889 -0.097282 41.4047069406 -218.5524133161 66.47044
J533 98JUN12 1998.4449 50976 961 5 141.4 3979 0.125146 4585519 0.164994 66 0.486288 0.0000 0.001199 0.001518 0.005698 -0.095905 0.041256 -0.029757 41.4047069635 -218.5524133117 66.48629
J533 98JUN13 1998.4476 50977 961 6 141.4 3979 0.125179 4585519 0.163991 66 0.470199 0.0000 0.001337 0.001651 0.006358 -0.119858 0.102059 -0.094092 41.4047069544 -218.5524133113 66.47020
J533 98JUN14 1998.4504 50978 962 0 141.4 3979 0.126320 4585519 0.166208 66 0.487939 0.0000 0.001239 0.001522 0.005836 -0.113801 -0.005530 -0.067723 41.4047069744 -218.5524132977 66.48794
J533 98JUN15 1998.4531 50979 962 1 141.4 3979 0.125463 4585519 0.163572 66 0.474269 0.0000 0.001216 0.001502 0.005706 -0.135722 0.098265 -0.142942 41.4047069507 -218.5524133080 66.47427
J533 98JUN16 1998.4559 50980 962 2 141.4 3979 0.130417 4585519 0.167307 66 0.467746 0.0000 0.001247 0.001476 0.005751 -0.141697 0.111747 -0.160906 41.4047069843 -218.5524132487 66.46775
J533 98JUN17 1998.4586 50981 962 3 141.4 3979 0.127893 4585519 0.164014 66 0.473349 0.0000 0.001193 0.001499 0.005639 -0.103506 0.088206 -0.185139 41.4047069546 -218.5524132789 66.47335
J533 98JUN18 1998.4613 50982 962 4 141.4 3979 0.126791 4585519 0.165763 66 0.481509 0.0000 0.001142 0.001392 0.005288 -0.111504 0.082337 -0.117921 41.4047069704 -218.5524132921 66.48151
J533 98JUN19 1998.4641 50983 962 5 141.4 3979 0.122212 4585519 0.167512 66 0.479578 0.0000 0.001182 0.001483 0.005771 -0.109907 0.137522 -0.124695 41.4047069861 -218.5524133468 66.47958
J533 98JUN20 1998.4668 50984 962 6 141.4 3979 0.124499 4585519 0.165738 66 0.480056 0.0000 0.001193 0.001426 0.005585 -0.095096 0.096306 -0.152578 41.4047069702 -218.5524133195 66.48006
J533 98JUN21 1998.4695 50985 963 0 141.4 3979 0.125544 4585519 0.164861 66 0.470628 0.0000 0.001147 0.001376 0.005330 -0.135232 0.090623 -0.172347 41.4047069623 -218.5524133070 66.47063
J533 98JUN22 1998.4723 50986 963 1 141.4 3979 0.124485 4585519 0.163961 66 0.476146 0.0000 0.001222 0.001529 0.005821 -0.084456 0.060266 -0.125544 41.4047069542 -218.5524133196 66.47615
J533 98JUN23 1998.4750 50987 963 2 141.4 3979 0.126701 4585519 0.165413 66 0.476389 0.0000 0.001220 0.001521 0.005758 -0.097986 0.133321 -0.107511 41.4047069672 -218.5524132931 66.47639
J533 98JUN24 1998.4778 50988 963 3 141.4 3979 0.124103 4585519 0.165122 66 0.469074 0.0000 0.001164 0.001430 0.005528 -0.093076 0.146121 -0.158114 41.4047069646 -218.5524133242 66.46907
J533 98JUN25 1998.4805 50989 963 4 141.4 3979 0.122855 4585519 0.168342 66 0.478817 0.0000 0.001222 0.001521 0.005740 -0.078815 0.002869 -0.114146 41.4047069936 -218.5524133391 66.47882
J533 98JUN26 1998.4832 50990 963 5 141.4 3979 0.124362 4585519 0.164029 66 0.472843 0.0000 0.001179 0.001409 0.005480 -0.106080 0.079274 -0.174089 41.4047069548 -218.5524133211 66.47284
J533 98JUN27 1998.4860 50991 963 6 141.4 3979 0.126118 4585519 0.167210 66 0.493035 0.0000 0.001270 0.001520 0.006128 -0.136298 0.106121 -0.252260 41.4047069834 -218.5524133001 66.49304
J533 98JUN28 1998.4887 50992 964 0 141.4 3979 0.127883 4585519 0.166890 66 0.483649 0.0000 0.001212 0.001454 0.005714 -0.155770 0.156875 -0.199531 41.4047069805 -218.5524132790 66.48365
J533 98JUN29 1998.4914 50993 964 1 141.4 3979 0.128358 4585519 0.164862 66 0.479460 0.0000 0.001206 0.001494 0.005724 -0.089075 0.106018 -0.093989 41.4047069623 -218.5524132733 66.47946
J533 98JUN30 1998.4942 50994 964 2 141.4 3979 0.128773 4585519 0.167285 66 0.478529 0.0000 0.001268 0.001515 0.005802 -0.167934 0.112153 -0.095394 41.4047069841 -218.5524132683 66.47853
J533 98JUL01 1998.4969 50995 964 3 141.4 3979 0.129176 4585519 0.163696 66 0.473016 0.0000 0.001260 0.001553 0.006095 -0.065826 0.124655 -0.109491 41.4047069518 -218.5524132635 66.47302
J533 98JUL02 1998.4997 50996 964 4 141.4 3979 0.129606 4585519 0.162894 66 0.471932 0.0000 0.001251 0.001517 0.005907 -0.132845 0.074635 -0.132120 41.4047069446 -218.5524132584 66.47193
J533 98JUL03 1998.5024 50997 964 5 141.4 3979 0.128531 4585519 0.164297 66 0.485509 0.0000 0.001256 0.001553 0.006055 -0.101429 0.147793 -0.028843 41.4047069572 -218.5524132712 66.48551
J533 98JUL04 1998.5051 50998 964 6 141.4 3979 0.128559 4585519 0.165241 66 0.483618 0.0000 0.001255 0.001501 0.005778 -0.141108 0.085846 -0.101795 41.4047069657 -218.5524132709 66.48362
J533 98JUL05 1998.5079 50999 965 0 141.4 3979 0.128263 4585519 0.165612 66 0.480652 0.0000 0.001217 0.001526 0.005936 -0.108392 0.060555 -0.143373 41.4047069690 -218.5524132744 66.48065
J533 98JUL06 1998.5106 51000 965 1 141.4 3979 0.133342 4585519 0.165646 66 0.488519 0.0000 0.001354 0.001641 0.006396 -0.116949 0.212953 -0.202518 41.4047069693 -218.5524132137 66.48852
J533 98JUL07 1998.5133 51001 965 2 141.4 3979 0.131278 4585519 0.167238 66 0.486904 0.0000 0.001261 0.001608 0.006095 -0.087106 0.084746 -0.156365 41.4047069837 -218.5524132384 66.48690
J533 98JUL08 1998.5161 51002 965 3 141.4 3979 0.129197 4585519 0.162279 66 0.479357 0.0000 0.001267 0.001582 0.006042 -0.077185 0.092678 -0.090154 41.4047069390 -218.5524132633 66.47936
J533 98JUL09 1998.5188 51003 965 4 141.4 3979 0.129734 4585519 0.166165 66 0.483669 0.0000 0.001311 0.001540 0.006143 -0.126924 0.176205 -0.153053 41.4047069740 -218.5524132569 66.48367
J533 98JUL10 1998.5216 51004 965 5 141.4 3979 0.127826 4585519 0.163513 66 0.479072 0.0000 0.001227 0.001454 0.005717 -0.103419 0.092870 -0.131142 41.4047069501 -218.5524132797 66.47907
J533 98JUL11 1998.5243 51005 965 6 141.4 3979 0.130373 4585519 0.165939 66 0.471714 0.0000 0.001184 0.001494 0.005577 -0.144619 0.162510 -0.126909 41.4047069720 -218.5524132492 66.47171
J533 98JUL12 1998.5270 51006 966 0 141.4 3979 0.126917 4585519 0.168142 66 0.484376 0.0000 0.001241 0.001561 0.006000 -0.163852 0.138771 -0.094345 41.4047069918 -218.5524132905 66.48438
J533 98JUL13 1998.5298 51007 966 1 141.4 3979 0.131345 4585519 0.165743 66 0.466782 0.0000 0.001184 0.001434 0.005537 -0.108479 0.045738 -0.143847 41.4047069702 -218.5524132376 66.46678
J533 98JUL14 1998.5325 51008 966 2 141.4 3979 0.128007 4585519 0.167889 66 0.469729 0.0000 0.001212 0.001501 0.005700 -0.123432 0.102724 -0.146755 41.4047069895 -218.5524132775 66.46973
J533 98JUL15 1998.5352 51009 966 3 141.4 3979 0.129651 4585519 0.166364 66 0.474519 0.0000 0.001250 0.001523 0.005818 -0.136321 0.034241 -0.103356 41.4047069758 -218.5524132578 66.47452
J533 98JUL16 1998.5380 51010 966 4 141.4 3979 0.125994 4585519 0.167621 66 0.477746 0.0000 0.001331 0.001607 0.006202 -0.178615 0.181578 -0.140822 41.4047069871 -218.5524133016 66.47775
J533 98JUL17 1998.5407 51011 966 5 141.4 3979 0.127492 4585519 0.165999 66 0.479203 0.0000 0.001211 0.001456 0.005520 -0.132450 0.053914 -0.123736 41.4047069725 -218.5524132837 66.47920
J533 98JUL18 1998.5435 51012 966 6 141.4 3979 0.129269 4585519 0.167320 66 0.476952 0.0000 0.001247 0.001485 0.005914 -0.102063 0.116446 -0.150336 41.4047069844 -218.5524132624 66.47695
J533 98JUL19 1998.5462 51013 967 0 141.4 3979 0.132290 4585519 0.166695 66 0.473138 0.0000 0.001206 0.001460 0.005723 -0.087734 0.063274 -0.160334 41.4047069788 -218.5524132263 66.47314
J533 98JUL20 1998.5489 51014 967 1 141.4 3979 0.128557 4585519 0.164896 66 0.476510 0.0000 0.001241 0.001566 0.005943 -0.110586 0.151196 -0.084171 41.4047069626 -218.5524132709 66.47651
J533 98JUL21 1998.5517 51015 967 2 141.4 3979 0.124270 4585519 0.167523 66 0.477060 0.0000 0.001163 0.001450 0.005576 -0.054297 0.032342 -0.156933 41.4047069862 -218.5524133222 66.47706
J533 98JUL22 1998.5544 51016 967 3 141.4 3979 0.126490 4585519 0.164820 66 0.469607 0.0000 0.001294 0.001712 0.006289 -0.166154 0.060987 -0.116491 41.4047069619 -218.5524132957 66.46961
J533 98JUL23 1998.5572 51017 967 4 141.4 3979 0.124854 4585519 0.164187 66 0.475777 0.0000 0.001267 0.001594 0.006082 -0.170154 0.121843 -0.143595 41.4047069562 -218.5524133152 66.47578
J533 98JUL24 1998.5599 51018 967 5 141.4 3979 0.125965 4585519 0.162076 66 0.470032 0.0000 0.001159 0.001416 0.005513 -0.063306 0.023365 -0.155959 41.4047069372 -218.5524133020 66.47003
J533 98JUL25 1998.5626 51019 967 6 141.4 3979 0.123928 4585519 0.155744 66 0.467321 0.0000 0.001184 0.001443 0.005604 -0.085273 0.090191 -0.156801 41.4047068802 -218.5524133264 66.46732
J533 98JUL26 1998.5654 51020 968 0 141.4 3979 0.123785 4585519 0.165512 66 0.467380 0.0000 0.001163 0.001415 0.005469 -0.134117 0.067985 -0.119718 41.4047069681 -218.5524133280 66.46738
J533 98JUL27 1998.5681 51021 968 1 141.4 3979 0.126419 4585519 0.164514 66 0.471627 0.0000 0.001239 0.001551 0.005689 -0.132214 0.050639 -0.108950 41.4047069591 -218.5524132965 66.47163
J533 98JUL28 1998.5708 51022 968 2 141.4 3979 0.128026 4585519 0.166150 66 0.480823 0.0000 0.001218 0.001484 0.005788 -0.108665 0.056284 -0.192148 41.4047069739 -218.5524132773 66.48082
J533 98JUL29 1998.5736 51023 968 3 141.4 3979 0.128675 4585519 0.167948 66 0.483495 0.0000 0.001125 0.001363 0.005116 -0.113194 0.055548 -0.135414 41.4047069901 -218.5524132695 66.48349
J533 98JUL30 1998.5763 51024 968 4 141.4 3979 0.127617 4585519 0.165617 66 0.484258 0.0000 0.001166 0.001439 0.005530 -0.084540 0.048242 -0.087397 41.4047069691 -218.5524132822 66.48426
J533 98JUL31 1998.5791 51025 968 5 141.4 3979 0.125557 4585519 0.166165 66 0.476451 0.0000 0.001296 0.001503 0.005793 -0.173038 0.034937 -0.089140 41.4047069740 -218.5524133068 66.47645
J533 98AUG01 1998.5818 51026 968 6 141.4 3979 0.126759 4585519 0.167653 66 0.478857 0.0000 0.001246 0.001454 0.005759 -0.154229 0.164929 -0.140763 41.4047069874 -218.5524132924 66.47886
J533 98AUG02 1998.5845 51027 969 0 141.4 3979 0.124337 4585519 0.167773 66 0.473973 0.0000 0.001235 0.001496 0.005840 -0.086473 0.042138 -0.129753 41.4047069885 -218.5524133214 66.47397
J533 98AUG03 1998.5873 51028 969 1 141.4 3979 0.129014 4585519 0.165367 66 0.482179 0.0000 0.001422 0.001725 0.006606 -0.122228 0.092094 -0.181107 41.4047069668 -218.5524132655 66.48218
J533 98AUG04 1998.5900 51029 969 2 141.4 3979 0.124280 4585519 0.165848 66 0.468576 0.0000 0.001279 0.001434 0.005738 -0.047509 0.062857 -0.102604 41.4047069711 -218.5524133221 66.46858
J533 98AUG05 1998.5927 51030 969 3 141.4 3979 0.129282 4585519 0.167241 66 0.474219 0.0000 0.001287 0.001537 0.006038 -0.120839 0.114736 -0.148780 41.4047069837 -218.5524132623 66.47422
J533 98AUG06 1998.5955 51031 969 4 141.4 3979 0.129028 4585519 0.166222 66 0.473740 0.0000 0.001354 0.001624 0.006194 -0.073627 0.048441 -0.154271 41.4047069745 -218.5524132653 66.47374
J533 98AUG07 1998.5982 51032 969 5 141.4 3979 0.126865 4585519 0.167956 66 0.471151 0.0000 0.001165 0.001399 0.005482 -0.080547 0.073033 -0.165357 41.4047069901 -218.5524132912 66.47115
J533 98AUG08 1998.6010 51033 969 6 141.4 3979 0.125479 4585519 0.166256 66 0.466469 0.0000 0.001173 0.001397 0.005488 -0.076981 0.114048 -0.136755 41.4047069748 -218.5524133077 66.46647
J533 98AUG09 1998.6037 51034 970 0 141.4 3979 0.127212 4585519 0.168348 66 0.462906 0.0000 0.001224 0.001479 0.005726 -0.052460 0.040886 -0.158547 41.4047069937 -218.5524132870 66.46291
J533 98AUG10 1998.6064 51035 970 1 141.4 3979 0.125624 4585519 0.167510 66 0.467536 0.0000 0.001123 0.001363 0.005279 -0.092960 0.087756 -0.106125 41.4047069861 -218.5524133060 66.46754
J533 98AUG11 1998.6092 51036 970 2 141.4 3979 0.127313 4585519 0.170426 66 0.471879 0.0000 0.001293 0.001552 0.006060 -0.046729 0.058594 -0.079746 41.4047070124 -218.5524132858 66.47188
J533 98AUG12 1998.6119 51037 970 3 141.4 3979 0.127244 4585519 0.166923 66 0.470448 0.0000 0.001200 0.001415 0.005639 -0.124082 0.127848 -0.201682 41.4047069808 -218.5524132866 66.47045
J533 98AUG13 1998.6146 51038 970 4 141.4 3979 0.127264 4585519 0.168711 66 0.471732 0.0000 0.001163 0.001390 0.005407 -0.072675 0.053183 -0.182150 41.4047069969 -218.5524132864 66.47173
J533 98AUG14 1998.6174 51039 970 5 141.4 3979 0.125947 4585519 0.170924 66 0.472301 0.0000 0.001197 0.001416 0.005547 -0.116359 0.046036 -0.127805 41.4047070169 -218.5524133021 66.47230
J533 98AUG15 1998.6201 51040 970 6 141.4 3979 0.124061 4585519 0.170193 66 0.471408 0.0000 0.001299 0.001564 0.006077 -0.093511 0.022509 -0.101977 41.4047070103 -218.5524133247 66.47141
J533 98AUG16 1998.6229 51041 971 0 141.4 3979 0.127673 4585519 0.167694 66 0.471935 0.0000 0.001333 0.001690 0.006269 -0.071942 0.123483 -0.120446 41.4047069878 -218.5524132815 66.47193
J533 98AUG17 1998.6256 51042 971 1 141.4 3979 0.128815 4585519 0.167742 66 0.472776 0.0000 0.001138 0.001384 0.005342 -0.095932 0.094337 -0.137137 41.4047069882 -218.5524132678 66.47278
J533 98AUG18 1998.6283 51043 971 2 141.4 3979 0.131189 4585519 0.164282 66 0.468216 0.0000 0.001157 0.001418 0.005377 -0.106583 0.073758 -0.120407 41.4047069570 -218.5524132395 66.46822
J533 98AUG19 1998.6311 51044 971 3 141.4 3979 0.128507 4585519 0.159813 66 0.470028 0.0000 0.001330 0.001588 0.006275 -0.055627 0.096539 -0.127093 41.4047069168 -218.5524132716 66.47003
J533 98AUG20 1998.6338 51045 971 4 141.4 3979 0.127621 4585519 0.167853 66 0.463231 0.0000 0.001210 0.001443 0.005707 -0.124462 0.086445 -0.172792 41.4047069892 -218.5524132821 66.46323
J533 98AUG21 1998.6366 51046 971 5 141.4 3979 0.127694 4585519 0.172836 66 0.471658 0.0000 0.001287 0.001531 0.006147 -0.082824 0.043148 -0.172112 41.4047070341 -218.5524132812 66.47166
J533 98AUG22 1998.6393 51047 971 6 141.4 3979 0.131571 4585519 0.167631 66 0.473875 0.0000 0.001185 0.001401 0.005471 -0.097736 0.094427 -0.139532 41.4047069872 -218.5524132349 66.47388
J533 98AUG23 1998.6420 51048 972 0 141.4 3979 0.129192 4585519 0.163241 66 0.475185 0.0000 0.001191 0.001399 0.005515 -0.094982 0.103061 -0.123144 41.4047069477 -218.5524132634 66.47519
J533 98AUG24 1998.6448 51049 972 1 141.4 3979 0.123147 4585519 0.164302 66 0.482790 0.0000 0.001193 0.001402 0.005523 -0.077365 0.050339 -0.142380 41.4047069572 -218.5524133356 66.48279
J533 98AUG25 1998.6475 51050 972 2 141.4 3979 0.128993 4585519 0.159481 66 0.488289 0.0000 0.001196 0.001434 0.005651 -0.041560 0.081233 -0.116102 41.4047069138 -218.5524132658 66.48829
J533 98AUG26 1998.6502 51051 972 3 141.4 3979 0.124832 4585519 0.168177 66 0.465019 0.0000 0.001173 0.001410 0.005479 -0.049675 0.032939 -0.120010 41.4047069921 -218.5524133155 66.46502
J533 98AUG27 1998.6530 51052 972 4 141.4 3979 0.133316 4585519 0.164331 66 0.478173 0.0000 0.001161 0.001394 0.005430 -0.100562 0.021459 -0.191696 41.4047069575 -218.5524132140 66.47817
J533 98AUG28 1998.6557 51053 972 5 141.4 3979 0.130784 4585519 0.166317 66 0.494876 0.0000 0.001153 0.001391 0.005480 -0.070919 0.052428 -0.131219 41.4047069754 -218.5524132443 66.49488
J533 98AUG29 1998.6585 51054 972 6 141.4 3979 0.133066 4585519 0.164109 66 0.494710 0.0000 0.001142 0.001365 0.005297 -0.080374 0.037703 -0.148099 41.4047069555 -218.5524132170 66.49471
J533 98AUG30 1998.6612 51055 973 0 141.4 3979 0.131761 4585519 0.166152 66 0.481329 0.0000 0.001162 0.001376 0.005431 -0.087864 0.036736 -0.164305 41.4047069739 -218.5524132326 66.48133
J533 98AUG31 1998.6639 51056 973 1 141.4 3979 0.130862 4585519 0.167225 66 0.470972 0.0000 0.001172 0.001375 0.005458 -0.068892 -0.022053 -0.164604 41.4047069835 -218.5524132434 66.47097
J533 98SEP01 1998.6667 51057 973 2 141.4 3979 0.133176 4585519 0.167124 66 0.463202 0.0000 0.001166 0.001416 0.005530 -0.109769 0.056388 -0.169679 41.4047069826 -218.5524132157 66.46320
J533 98SEP02 1998.6694 51058 973 3 141.4 3979 0.128387 4585519 0.170085 66 0.471034 0.0000 0.001146 0.001369 0.005371 -0.063223 -0.002844 -0.130198 41.4047070093 -218.5524132729 66.47103
J533 98SEP03 1998.6721 51059 973 4 141.4 3979 0.131002 4585519 0.168217 66 0.468992 0.0000 0.001118 0.001347 0.005186 -0.104070 0.083274 -0.173121 41.4047069925 -218.5524132417 66.46899
J533 98SEP04 1998.6749 51060 973 5 141.4 3979 0.128002 4585519 0.168671 66 0.468293 0.0000 0.001159 0.001395 0.005511 -0.049141 0.020641 -0.166484 41.4047069966 -218.5524132776 66.46829
J533 98SEP05 1998.6776 51061 973 6 141.4 3979 0.126988 4585519 0.165632 66 0.468670 0.0000 0.001126 0.001373 0.005262 -0.114686 0.057147 -0.146890 41.4047069692 -218.5524132897 66.46867
J533 98SEP06 1998.6804 51062 974 0 141.4 3979 0.126500 4585519 0.160645 66 0.477253 0.0000 0.001174 0.001429 0.005568 -0.082968 0.056995 -0.166149 41.4047069243 -218.5524132956 66.47725
J533 98SEP07 1998.6831 51063 974 1 141.4 3979 0.128734 4585519 0.160848 66 0.476551 0.0000 0.001175 0.001426 0.005532 -0.140844 0.132445 -0.174050 41.4047069261 -218.5524132689 66.47655
J533 98SEP08 1998.6858 51064 974 2 141.4 3979 0.129201 4585519 0.165572 66 0.469946 0.0000 0.001168 0.001410 0.005452 -0.078202 0.026165 -0.161080 41.4047069687 -218.5524132632 66.46995
J533 98SEP09 1998.6886 51065 974 3 141.4 3979 0.128028 4585519 0.165284 66 0.466295 0.0000 0.001199 0.001413 0.005513 -0.103409 0.038010 -0.184579 41.4047069661 -218.5524132773 66.46629
J533 98SEP10 1998.6913 51066 974 4 141.4 3979 0.126046 4585519 0.164165 66 0.461848 0.0000 0.001151 0.001395 0.005332 -0.123241 0.047426 -0.135073 41.4047069560 -218.5524133010 66.46185
J533 98SEP11 1998.6940 51067 974 5 141.4 3979 0.130344 4585519 0.163300 66 0.478655 0.0000 0.001156 0.001421 0.005365 -0.112606 0.073059 -0.145969 41.4047069482 -218.5524132496 66.47866
J533 98SEP12 1998.6968 51068 974 6 141.4 3979 0.127609 4585519 0.164042 66 0.476444 0.0000 0.001158 0.001406 0.005370 -0.101845 0.071407 -0.128681 41.4047069549 -218.5524132823 66.47644
J533 98SEP13 1998.6995 51069 975 0 141.4 3979 0.130176 4585519 0.164814 66 0.474330 0.0000 0.001180 0.001406 0.005452 -0.126063 0.117795 -0.151499 41.4047069618 -218.5524132516 66.47433
J533 98SEP14 1998.7023 51070 975 1 141.4 3979 0.129242 4585519 0.159164 66 0.469022 0.0000 0.001244 0.001467 0.005899 -0.180123 0.142947 -0.208824 41.4047069110 -218.5524132628 66.46902
J533 98SEP15 1998.7050 51071 975 2 141.4 3979 0.131517 4585519 0.166832 66 0.491800 0.0000 0.001188 0.001433 0.005605 -0.157913 0.076744 -0.141581 41.4047069800 -218.5524132355 66.49180
J533 98SEP16 1998.7077 51072 975 3 141.4 3979 0.129222 4585519 0.165725 66 0.475986 0.0000 0.001219 0.001463 0.005826 -0.156249 0.126185 -0.142030 41.4047069700 -218.5524132630 66.47599
J533 98SEP17 1998.7105 51073 975 4 141.4 3979 0.128311 4585519 0.168312 66 0.469334 0.0000 0.001228 0.001440 0.005904 -0.111963 0.036494 -0.147229 41.4047069933 -218.5524132739 66.46933
J533 98SEP18 1998.7132 51074 975 5 141.4 3979 0.132203 4585519 0.158451 66 0.460489 0.0000 0.001182 0.001405 0.005583 -0.122410 0.057909 -0.158644 41.4047069045 -218.5524132274 66.46049
J533 98SEP19 1998.7159 51075 975 6 141.4 3979 0.137003 4585519 0.161036 66 0.494244 0.0000 0.001243 0.001509 0.005877 -0.147402 0.052178 -0.134165 41.4047069278 -218.5524131700 66.49424
J533 98SEP20 1998.7187 51076 976 0 141.4 3979 0.127760 4585519 0.161723 66 0.483604 0.0000 0.001173 0.001419 0.005535 -0.120708 0.038796 -0.139806 41.4047069340 -218.5524132805 66.48360
J533 98SEP21 1998.7214 51077 976 1 141.4 3979 0.126471 4585519 0.161228 66 0.485648 0.0000 0.001173 0.001432 0.005528 -0.116734 0.055639 -0.122699 41.4047069295 -218.5524132959 66.48565
J533 98SEP22 1998.7242 51078 976 2 141.4 3979 0.128263 4585519 0.162810 66 0.477581 0.0000 0.001183 0.001444 0.005586 -0.091416 0.081709 -0.148799 41.4047069438 -218.5524132745 66.47758
J533 98SEP23 1998.7269 51079 976 3 141.4 3979 0.134001 4585519 0.164339 66 0.473835 0.0000 0.001185 0.001479 0.005652 -0.098316 0.066372 -0.176033 41.4047069576 -218.5524132058 66.47384
J533 98SEP24 1998.7296 51080 976 4 141.4 3979 0.131772 4585519 0.161946 66 0.487881 0.0000 0.001193 0.001427 0.005658 -0.102207 0.121060 -0.169233 41.4047069360 -218.5524132325 66.48788
J533 98SEP25 1998.7324 51081 976 5 141.4 3979 0.133905 4585519 0.162493 66 0.459127 0.0000 0.001228 0.001509 0.005946 -0.038317 0.004023 -0.110818 41.4047069409 -218.5524132070 66.45913
J533 98SEP26 1998.7351 51082 976 6 141.4 3979 0.134232 4585519 0.157974 66 0.481171 0.0000 0.001129 0.001385 0.005360 -0.094202 0.082184 -0.195390 41.4047069002 -218.5524132031 66.48117
J533 98SEP27 1998.7379 51083 977 0 141.4 3979 0.133118 4585519 0.158825 66 0.465646 0.0000 0.001100 0.001376 0.005181 -0.092518 0.040510 -0.146801 41.4047069079 -218.5524132164 66.46565
J533 98SEP28 1998.7406 51084 977 1 141.4 3979 0.129294 4585519 0.160879 66 0.461343 0.0000 0.001155 0.001418 0.005497 -0.092494 0.083908 -0.152088 41.4047069264 -218.5524132622 66.46134
J533 98SEP29 1998.7433 51085 977 2 141.4 3979 0.130430 4585519 0.162077 66 0.476039 0.0000 0.001141 0.001403 0.005385 -0.088408 0.093069 -0.127290 41.4047069372 -218.5524132486 66.47604
J533 98SEP30 1998.7461 51086 977 3 141.4 3979 0.128107 4585519 0.160320 66 0.473357 0.0000 0.001144 0.001400 0.005405 -0.083679 0.033458 -0.137472 41.4047069214 -218.5524132763 66.47336
J533 98OCT01 1998.7488 51087 977 4 141.4 3979 0.127551 4585519 0.163610 66 0.478576 0.0000 0.001162 0.001425 0.005489 -0.088339 0.055703 -0.143286 41.4047069510 -218.5524132830 66.47858
J533 98OCT02 1998.7515 51088 977 5 141.4 3979 0.137484 4585519 0.159450 66 0.474871 0.0000 0.001161 0.001445 0.005545 -0.039943 0.075252 -0.122004 41.4047069135 -218.5524131642 66.47487
J533 98OCT03 1998.7543 51089 977 6 141.4 3979 0.134690 4585519 0.156582 66 0.477548 0.0000 0.001156 0.001435 0.005533 -0.060030 0.052336 -0.111257 41.4047068877 -218.5524131977 66.47755
J533 98OCT04 1998.7570 51090 978 0 141.4 3979 0.133867 4585519 0.164557 66 0.480224 0.0000 0.001207 0.001505 0.005779 -0.057568 0.031757 -0.090007 41.4047069595 -218.5524132074 66.48022
J533 98OCT05 1998.7598 51091 978 1 141.4 3979 0.133169 4585519 0.159444 66 0.472011 0.0000 0.001126 0.001391 0.005281 -0.073729 0.087319 -0.140966 41.4047069135 -218.5524132158 66.47201
J533 98OCT06 1998.7625 51092 978 2 141.4 3979 0.136373 4585519 0.160667 66 0.480038 0.0000 0.001170 0.001411 0.005487 -0.092009 0.068038 -0.164868 41.4047069245 -218.5524131775 66.48004
J533 98OCT07 1998.7652 51093 978 3 141.4 3979 0.129319 4585519 0.161874 66 0.481551 0.0000 0.001192 0.001437 0.005459 -0.130129 0.086671 -0.167756 41.4047069354 -218.5524132618 66.48155
J533 98OCT08 1998.7680 51094 978 4 141.4 3979 0.133859 4585519 0.164606 66 0.469132 0.0000 0.001234 0.001452 0.005694 -0.105922 0.074666 -0.133607 41.4047069600 -218.5524132075 66.46913
J533 98OCT09 1998.7707 51095 978 5 141.4 3979 0.135472 4585519 0.162596 66 0.463215 0.0000 0.001235 0.001506 0.005663 -0.084245 0.107564 -0.094246 41.4047069419 -218.5524131883 66.46321
J533 98OCT10 1998.7734 51096 978 6 141.4 3979 0.133882 4585519 0.163481 66 0.469987 0.0000 0.001241 0.001483 0.005667 -0.115408 0.048351 -0.123348 41.4047069498 -218.5524132073 66.46999
J533 98OCT11 1998.7762 51097 979 0 141.4 3979 0.133761 4585519 0.163376 66 0.468218 0.0000 0.001213 0.001491 0.005521 -0.095500 0.053841 -0.072095 41.4047069489 -218.5524132087 66.46822
J533 98OCT12 1998.7789 51098 979 1 141.4 3979 0.131916 4585519 0.160141 66 0.471588 0.0000 0.001220 0.001515 0.005555 -0.141716 0.096927 -0.131891 41.4047069198 -218.5524132308 66.47159
J533 98OCT13 1998.7817 51099 979 2 141.4 3979 0.134194 4585519 0.163090 66 0.463088 0.0000 0.001231 0.001569 0.005712 -0.105800 0.113964 -0.079896 41.4047069463 -218.5524132035 66.46309
J533 98OCT14 1998.7844 51100 979 3 141.4 3979 0.132113 4585519 0.160664 66 0.475457 0.0000 0.001226 0.001480 0.005633 -0.096456 0.061407 -0.199151 41.4047069245 -218.5524132284 66.47546
J533 98OCT15 1998.7871 51101 979 4 141.4 3979 0.138305 4585519 0.162798 66 0.482456 0.0000 0.001199 0.001511 0.005669 -0.096925 0.072107 -0.165572 41.4047069437 -218.5524131544 66.48246
J533 98OCT17 1998.7926 51103 979 6 141.4 3979 0.132081 4585519 0.160909 66 0.480094 0.0000 0.001161 0.001453 0.005657 -0.106421 0.153359 -0.213532 41.4047069267 -218.5524132288 66.48009
J533 98OCT18 1998.7953 51104 980 0 141.4 3979 0.136873 4585519 0.162280 66 0.470380 0.0000 0.001221 0.001456 0.005795 -0.089562 0.094151 -0.181395 41.4047069390 -218.5524131715 66.47038
J533 98OCT19 1998.7981 51105 980 1 141.4 3979 0.130215 4585519 0.166665 66 0.478744 0.0000 0.001159 0.001416 0.005479 -0.110280 0.077965 -0.169121 41.4047069785 -218.5524132511 66.47874
J533 98OCT20 1998.8008 51106 980 2 141.4 3979 0.133799 4585519 0.159516 66 0.473953 0.0000 0.001236 0.001424 0.005705 -0.120766 0.135002 -0.203364 41.4047069141 -218.5524132083 66.47395
J533 98OCT21 1998.8036 51107 980 3 141.4 3979 0.134607 4585519 0.163358 66 0.480811 0.0000 0.001181 0.001495 0.005617 -0.112622 0.094982 -0.145511 41.4047069487 -218.5524131986 66.48081
J533 98OCT22 1998.8063 51108 980 4 141.4 3979 0.133384 4585519 0.164317 66 0.472782 0.0000 0.001155 0.001440 0.005485 -0.090233 0.081694 -0.156734 41.4047069574 -218.5524132132 66.47278
J533 98OCT23 1998.8090 51109 980 5 141.4 3979 0.132555 4585519 0.164759 66 0.472058 0.0000 0.001161 0.001409 0.005425 -0.093074 0.037771 -0.140593 41.4047069613 -218.5524132231 66.47206
J533 98OCT24 1998.8118 51110 980 6 141.4 3979 0.137082 4585519 0.167105 66 0.478154 0.0000 0.001240 0.001457 0.005829 -0.085034 0.067161 -0.199520 41.4047069825 -218.5524131690 66.47815
J533 98OCT25 1998.8145 51111 981 0 141.4 3979 0.137102 4585519 0.164991 66 0.472770 0.0000 0.001161 0.001410 0.005451 -0.093018 0.092161 -0.157398 41.4047069634 -218.5524131688 66.47277
J533 98OCT26 1998.8172 51112 981 1 141.4 3979 0.134808 4585519 0.164228 66 0.468472 0.0000 0.001262 0.001479 0.005729 -0.135529 0.121815 -0.154503 41.4047069566 -218.5524131962 66.46847
J533 98OCT27 1998.8200 51113 981 2 141.4 3979 0.135380 4585519 0.161668 66 0.478091 0.0000 0.001161 0.001395 0.005499 -0.048440 0.071513 -0.167467 41.4047069335 -218.5524131894 66.47809
J533 98OCT28 1998.8227 51114 981 3 141.4 3979 0.138236 4585519 0.164314 66 0.468846 0.0000 0.001175 0.001427 0.005519 -0.083768 0.052338 -0.131015 41.4047069573 -218.5524131552 66.46885
J533 98OCT29 1998.8255 51115 981 4 141.4 3979 0.136368 4585519 0.162062 66 0.456666 0.0000 0.001154 0.001404 0.005495 -0.114371 0.096403 -0.210775 41.4047069371 -218.5524131775 66.45667
J533 98OCT30 1998.8282 51116 981 5 141.4 3979 0.136884 4585519 0.162240 66 0.478124 0.0000 0.001145 0.001388 0.005372 -0.105022 0.087826 -0.197622 41.4047069387 -218.5524131714 66.47812
J533 98OCT31 1998.8309 51117 981 6 141.4 3979 0.131559 4585519 0.163576 66 0.476880 0.0000 0.001163 0.001396 0.005526 -0.065377 0.086806 -0.186220 41.4047069507 -218.5524132350 66.47688
J533 98NOV01 1998.8337 51118 982 0 141.4 3979 0.137731 4585519 0.164471 66 0.469910 0.0000 0.001261 0.001491 0.005802 -0.118096 0.097206 -0.158805 41.4047069587 -218.5524131612 66.46991
J533 98NOV02 1998.8364 51119 982 1 141.4 3979 0.134903 4585519 0.166023 66 0.472457 0.0000 0.001203 0.001425 0.005661 -0.074676 0.071001 -0.184067 41.4047069727 -218.5524131950 66.47246
J533 98NOV03 1998.8392 51120 982 2 141.4 3979 0.136029 4585519 0.163963 66 0.471407 0.0000 0.001184 0.001423 0.005547 -0.062396 0.014048 -0.219837 41.4047069542 -218.5524131816 66.47141
J533 98NOV04 1998.8419 51121 982 3 141.4 3979 0.133925 4585519 0.166983 66 0.476383 0.0000 0.001243 0.001476 0.005940 -0.136429 0.078471 -0.215382 41.4047069814 -218.5524132067 66.47638
J533 98NOV05 1998.8446 51122 982 4 141.4 3979 0.132742 4585519 0.168695 66 0.469486 0.0000 0.001236 0.001488 0.005904 -0.104286 0.090548 -0.213459 41.4047069968 -218.5524132209 66.46949
J533 98NOV06 1998.8474 51123 982 5 141.4 3979 0.133048 4585519 0.167421 66 0.480932 0.0000 0.001195 0.001410 0.005551 -0.098971 0.098848 -0.142548 41.4047069853 -218.5524132172 66.48093
J533 98NOV07 1998.8501 51124 982 6 141.4 3979 0.139109 4585519 0.166908 66 0.475276 0.0000 0.001208 0.001419 0.005534 -0.079857 0.114883 -0.185524 41.4047069807 -218.5524131447 66.47528
J533 98NOV08 1998.8528 51125 983 0 141.4 3979 0.135655 4585519 0.163331 66 0.470684 0.0000 0.001209 0.001455 0.005736 -0.094448 0.106419 -0.147258 41.4047069485 -218.5524131861 66.47068
J533 98NOV09 1998.8556 51126 983 1 141.4 3979 0.132084 4585519 0.167129 66 0.471003 0.0000 0.001213 0.001544 0.005904 -0.101338 0.121792 -0.093349 41.4047069827 -218.5524132287 66.47100
J533 98NOV10 1998.8583 51127 983 2 141.4 3979 0.135025 4585519 0.165788 66 0.467650 0.0000 0.001156 0.001382 0.005540 -0.097763 0.094554 -0.191267 41.4047069706 -218.5524131936 66.46765
J533 98NOV11 1998.8611 51128 983 3 141.4 3979 0.133808 4585519 0.165870 66 0.467240 0.0000 0.001145 0.001387 0.005394 -0.057108 0.109440 -0.125975 41.4047069713 -218.5524132081 66.46724
J533 98NOV12 1998.8638 51129 983 4 141.4 3979 0.137550 4585519 0.165477 66 0.476261 0.0000 0.001132 0.001388 0.005378 -0.050243 0.062332 -0.145740 41.4047069678 -218.5524131634 66.47626
J533 98NOV13 1998.8665 51130 983 5 141.4 3979 0.136760 4585519 0.164066 66 0.465493 0.0000 0.001203 0.001451 0.005793 -0.051035 0.085530 -0.139060 41.4047069551 -218.5524131728 66.46549
J533 98NOV14 1998.8693 51131 983 6 141.4 3979 0.135450 4585519 0.164968 66 0.470522 0.0000 0.001148 0.001394 0.005484 -0.080494 0.084254 -0.159124 41.4047069632 -218.5524131885 66.47052
J533 98NOV15 1998.8720 51132 984 0 141.4 3979 0.132121 4585519 0.163801 66 0.476553 0.0000 0.001165 0.001407 0.005437 -0.099958 0.073746 -0.099254 41.4047069527 -218.5524132283 66.47655
J533 98NOV16 1998.8747 51133 984 1 141.4 3979 0.134322 4585519 0.163583 66 0.483368 0.0000 0.001140 0.001370 0.005349 -0.092713 0.096928 -0.161090 41.4047069508 -218.5524132020 66.48337
J533 98NOV17 1998.8775 51134 984 2 141.4 3979 0.133160 4585519 0.165210 66 0.475929 0.0000 0.001190 0.001429 0.005617 -0.054142 0.077568 -0.203108 41.4047069654 -218.5524132159 66.47593
J533 98NOV18 1998.8802 51135 984 3 141.4 3979 0.132694 4585519 0.165090 66 0.466646 0.0000 0.001161 0.001404 0.005484 -0.075628 0.081856 -0.136712 41.4047069643 -218.5524132215 66.46665
J533 98NOV19 1998.8830 51136 984 4 141.4 3979 0.136961 4585519 0.166437 66 0.472452 0.0000 0.001135 0.001407 0.005404 -0.090951 0.039755 -0.149567 41.4047069764 -218.5524131704 66.47245
J533 98NOV20 1998.8857 51137 984 5 141.4 3979 0.133824 4585519 0.163834 66 0.475128 0.0000 0.001128 0.001383 0.005315 -0.071216 0.043973 -0.145902 41.4047069530 -218.5524132080 66.47513
J533 98NOV21 1998.8884 51138 984 6 141.4 3979 0.133694 4585519 0.167157 66 0.470808 0.0000 0.001159 0.001412 0.005477 -0.055179 0.081859 -0.141251 41.4047069829 -218.5524132095 66.47081
J533 98NOV22 1998.8912 51139 985 0 141.4 3979 0.133117 4585519 0.168908 66 0.461716 0.0000 0.001127 0.001394 0.005306 -0.043774 0.059340 -0.120588 41.4047069987 -218.5524132164 66.46172
J533 98NOV23 1998.8939 51140 985 1 141.4 3979 0.131267 4585519 0.164119 66 0.462407 0.0000 0.001138 0.001379 0.005294 -0.109866 0.094731 -0.148984 41.4047069556 -218.5524132385 66.46241
J533 98NOV24 1998.8966 51141 985 2 141.4 3979 0.132569 4585519 0.162658 66 0.476542 0.0000 0.001135 0.001406 0.005410 -0.076340 0.056431 -0.139949 41.4047069424 -218.5524132230 66.47654
J533 98NOV25 1998.8994 51142 985 3 141.4 3979 0.135582 4585519 0.164015 66 0.464626 0.0000 0.001188 0.001471 0.005722 -0.069761 0.019951 -0.091152 41.4047069546 -218.5524131869 66.46463
J533 98NOV26 1998.9021 51143 985 4 141.4 3979 0.134896 4585519 0.164518 66 0.472490 0.0000 0.001177 0.001389 0.005393 -0.087327 0.030315 -0.107360 41.4047069592 -218.5524131951 66.47249
J533 98NOV27 1998.9049 51144 985 5 141.4 3979 0.134328 4585519 0.165090 66 0.479617 0.0000 0.001140 0.001398 0.005360 -0.078786 0.080582 -0.126863 41.4047069643 -218.5524132019 66.47962
J533 98NOV28 1998.9076 51145 985 6 141.4 3979 0.133131 4585519 0.162613 66 0.469220 0.0000 0.001147 0.001399 0.005406 -0.074427 0.098518 -0.142567 41.4047069420 -218.5524132163 66.46922
J533 98NOV29 1998.9103 51146 986 0 141.4 3979 0.136426 4585519 0.167260 66 0.462844 0.0000 0.001122 0.001404 0.005308 -0.120189 0.109007 -0.145877 41.4047069839 -218.5524131768 66.46284
J533 98NOV30 1998.9131 51147 986 1 141.4 3979 0.136149 4585519 0.165568 66 0.474155 0.0000 0.001155 0.001402 0.005374 -0.116232 0.141255 -0.156412 41.4047069686 -218.5524131801 66.47415
J533 98DEC01 1998.9158 51148 986 2 141.4 3979 0.133685 4585519 0.170112 66 0.474601 0.0000 0.001171 0.001422 0.005487 -0.103417 0.108229 -0.149122 41.4047070095 -218.5524132096 66.47460
J533 98DEC02 1998.9185 51149 986 3 141.4 3979 0.131936 4585519 0.165916 66 0.462642 0.0000 0.001137 0.001468 0.005438 -0.065468 0.081390 -0.092053 41.4047069718 -218.5524132305 66.46264
J533 98DEC03 1998.9213 51150 986 4 141.4 3979 0.133921 4585519 0.164885 66 0.461548 0.0000 0.001139 0.001366 0.005332 -0.064151 0.059495 -0.117660 41.4047069625 -218.5524132068 66.46155
J533 98DEC04 1998.9240 51151 986 5 141.4 3979 0.132569 4585519 0.167413 66 0.463446 0.0000 0.001128 0.001406 0.005347 -0.054717 0.075324 -0.082901 41.4047069852 -218.5524132229 66.46345
J533 98DEC05 1998.9268 51152 986 6 141.4 3979 0.131514 4585519 0.165410 66 0.473206 0.0000 0.001217 0.001467 0.005730 -0.119696 0.095091 -0.151373 41.4047069672 -218.5524132356 66.47321
J533 98DEC06 1998.9295 51153 987 0 141.4 3979 0.131179 4585519 0.166095 66 0.462022 0.0000 0.001145 0.001396 0.005427 -0.093921 0.138209 -0.134270 41.4047069734 -218.5524132396 66.46202
J533 98DEC07 1998.9322 51154 987 1 141.4 3979 0.131825 4585519 0.166515 66 0.475562 0.0000 0.001197 0.001454 0.005652 -0.083863 0.098307 -0.109814 41.4047069772 -218.5524132318 66.47556
J533 98DEC08 1998.9350 51155 987 2 141.4 3979 0.132177 4585519 0.166024 66 0.461994 0.0000 0.001253 0.001546 0.006031 -0.107253 0.124310 -0.208651 41.4047069727 -218.5524132276 66.46199
J533 98DEC09 1998.9377 51156 987 3 141.4 3979 0.134335 4585519 0.165770 66 0.468947 0.0000 0.001246 0.001538 0.005953 -0.036551 0.086833 -0.126734 41.4047069704 -218.5524132018 66.46895
J533 98DEC10 1998.9405 51157 987 4 141.4 3979 0.135818 4585519 0.159758 66 0.463509 0.0000 0.001191 0.001418 0.005486 -0.158884 0.100410 -0.189118 41.4047069163 -218.5524131841 66.46351
J533 98DEC11 1998.9432 51158 987 5 141.4 3979 0.131911 4585519 0.162467 66 0.463675 0.0000 0.001246 0.001516 0.005934 -0.142658 0.102155 -0.186982 41.4047069407 -218.5524132308 66.46367
J533 98DEC12 1998.9459 51159 987 6 141.4 3979 0.135436 4585519 0.160881 66 0.468056 0.0000 0.001205 0.001384 0.005510 -0.126016 0.123321 -0.181792 41.4047069264 -218.5524131887 66.46806
J533 98DEC13 1998.9487 51160 988 0 141.4 3979 0.134666 4585519 0.162355 66 0.474215 0.0000 0.001181 0.001420 0.005560 -0.073896 0.023411 -0.177313 41.4047069397 -218.5524131979 66.47422
J533 98DEC14 1998.9514 51161 988 1 141.4 3979 0.132349 4585519 0.163916 66 0.464483 0.0000 0.001235 0.001506 0.005767 -0.100676 0.091692 -0.143779 41.4047069537 -218.5524132256 66.46448
J533 98DEC15 1998.9541 51162 988 2 141.4 3979 0.135592 4585519 0.164420 66 0.458642 0.0000 0.001250 0.001499 0.005784 -0.170315 0.141770 -0.182772 41.4047069583 -218.5524131868 66.45864
J533 98DEC16 1998.9569 51163 988 3 141.4 3979 0.132203 4585519 0.164631 66 0.459538 0.0000 0.001154 0.001418 0.005445 -0.124495 0.093434 -0.182703 41.4047069602 -218.5524132273 66.45954
J533 98DEC17 1998.9596 51164 988 4 141.4 3979 0.134492 4585519 0.167455 66 0.457530 0.0000 0.001143 0.001394 0.005282 -0.113170 0.117035 -0.152960 41.4047069856 -218.5524131999 66.45753
J533 98DEC18 1998.9624 51165 988 5 141.4 3979 0.136109 4585519 0.167159 66 0.468148 0.0000 0.001245 0.001532 0.005791 -0.123029 0.134127 -0.156394 41.4047069830 -218.5524131806 66.46815
J533 98DEC19 1998.9651 51166 988 6 141.4 3979 0.135878 4585519 0.163626 66 0.474802 0.0000 0.001173 0.001409 0.005572 -0.125972 0.128318 -0.194256 41.4047069511 -218.5524131834 66.47480
J533 98DEC20 1998.9678 51167 989 0 141.4 3979 0.132099 4585519 0.168939 66 0.470258 0.0000 0.001190 0.001423 0.005574 -0.096311 0.008922 -0.179609 41.4047069990 -218.5524132285 66.47026
J533 98DEC21 1998.9706 51168 989 1 141.4 3979 0.135991 4585519 0.167740 66 0.465129 0.0000 0.001186 0.001467 0.005648 -0.117875 0.111846 -0.164458 41.4047069882 -218.5524131820 66.46513
J533 98DEC22 1998.9733 51169 989 2 141.4 3979 0.133779 4585519 0.171081 66 0.454621 0.0000 0.001192 0.001444 0.005591 -0.106495 0.099754 -0.176420 41.4047070183 -218.5524132084 66.45462
J533 98DEC23 1998.9760 51170 989 3 141.4 3979 0.135245 4585519 0.164824 66 0.465684 0.0000 0.001134 0.001420 0.005426 -0.103610 0.078026 -0.125426 41.4047069619 -218.5524131910 66.46568
J533 98DEC24 1998.9788 51171 989 4 141.4 3979 0.135631 4585519 0.161313 66 0.486405 0.0000 0.001203 0.001427 0.005636 -0.098205 0.156473 -0.162301 41.4047069303 -218.5524131864 66.48640
J533 98DEC25 1998.9815 51172 989 5 141.4 3979 0.135032 4585519 0.164711 66 0.465787 0.0000 0.001188 0.001490 0.005638 -0.033763 0.088914 -0.095235 41.4047069609 -218.5524131935 66.46579
J533 98DEC26 1998.9843 51173 989 6 141.4 3979 0.133581 4585519 0.157185 66 0.481172 0.0000 0.001191 0.001478 0.005672 -0.075829 0.082189 -0.142172 41.4047068931 -218.5524132109 66.48117
J533 98DEC27 1998.9870 51174 990 0 141.4 3979 0.132056 4585519 0.166765 66 0.465239 0.0000 0.001175 0.001438 0.005536 -0.056024 0.071760 -0.133415 41.4047069794 -218.5524132291 66.46524
J533 98DEC28 1998.9897 51175 990 1 141.4 3979 0.135454 4585519 0.160747 66 0.473787 0.0000 0.001190 0.001451 0.005674 -0.079346 0.143023 -0.151472 41.4047069252 -218.5524131885 66.47379
J533 98DEC29 1998.9925 51176 990 2 141.4 3979 0.131839 4585519 0.164312 66 0.469690 0.0000 0.001170 0.001425 0.005486 -0.088035 0.119889 -0.174706 41.4047069573 -218.5524132317 66.46969
J533 98DEC30 1998.9952 51177 990 3 141.4 3979 0.133281 4585519 0.165300 66 0.479569 0.0000 0.001182 0.001437 0.005495 -0.117330 0.104640 -0.139738 41.4047069662 -218.5524132144 66.47957
J533 98DEC31 1998.9979 51178 990 4 141.4 3979 0.132539 4585519 0.162794 66 0.465613 0.0000 0.001208 0.001444 0.005633 -0.059808 0.082323 -0.207905 41.4047069436 -218.5524132233 66.46561
J533 99JAN01 1999.0007 51179 990 5 141.4 3979 0.132216 4585519 0.161652 66 0.474446 0.0000 0.001195 0.001450 0.005708 -0.091645 0.105179 -0.189971 41.4047069334 -218.5524132272 66.47445
J533 99JAN02 1999.0034 51180 990 6 141.4 3979 0.133598 4585519 0.162333 66 0.460207 0.0000 0.001181 0.001453 0.005571 -0.103757 0.121160 -0.195765 41.4047069395 -218.5524132107 66.46021
J533 99JAN03 1999.0062 51181 991 0 141.4 3979 0.131235 4585519 0.163071 66 0.450458 0.0000 0.001154 0.001439 0.005441 -0.070900 0.072142 -0.102064 41.4047069461 -218.5524132389 66.45046
J533 99JAN04 1999.0089 51182 991 1 141.4 3979 0.130073 4585519 0.168210 66 0.460088 0.0000 0.001149 0.001487 0.005449 -0.065856 0.078132 -0.077259 41.4047069924 -218.5524132528 66.46009
J533 99JAN05 1999.0116 51183 991 2 141.4 3979 0.132565 4585519 0.164123 66 0.474738 0.0000 0.001183 0.001444 0.005587 -0.065365 0.040938 -0.161747 41.4047069556 -218.5524132230 66.47474
J533 99JAN06 1999.0144 51184 991 3 141.4 3979 0.132471 4585519 0.172972 66 0.462671 0.0000 0.001130 0.001411 0.005345 -0.094471 0.077216 -0.104218 41.4047070353 -218.5524132241 66.46267
J533 99JAN07 1999.0171 51185 991 4 141.4 3979 0.133934 4585519 0.171634 66 0.461456 0.0000 0.001145 0.001426 0.005516 -0.038453 0.065718 -0.163976 41.4047070232 -218.5524132066 66.46146
J533 99JAN08 1999.0198 51186 991 5 141.4 3979 0.131024 4585519 0.168855 66 0.459852 0.0000 0.001146 0.001397 0.005368 -0.069988 0.111956 -0.106607 41.4047069982 -218.5524132414 66.45985
J533 99JAN09 1999.0226 51187 991 6 141.4 3979 0.129514 4585519 0.168248 66 0.460156 0.0000 0.001199 0.001490 0.005725 -0.118483 0.084014 -0.147536 41.4047069928 -218.5524132595 66.46016
J533 99JAN10 1999.0253 51188 992 0 141.4 3979 0.133066 4585519 0.164918 66 0.467794 0.0000 0.001212 0.001459 0.005630 -0.069769 0.039905 -0.180431 41.4047069628 -218.5524132170 66.46779
J533 99JAN11 1999.0281 51189 992 1 141.4 3979 0.130562 4585519 0.162591 66 0.467562 0.0000 0.001257 0.001491 0.005845 -0.011262 0.060196 -0.108749 41.4047069418 -218.5524132470 66.46756
J533 99JAN12 1999.0308 51190 992 2 141.4 3979 0.131759 4585519 0.163528 66 0.466160 0.0000 0.001249 0.001450 0.005610 -0.050181 0.059668 -0.043982 41.4047069503 -218.5524132327 66.46616
J533 99JAN13 1999.0335 51191 992 3 141.4 3979 0.132164 4585519 0.161608 66 0.475592 0.0000 0.001198 0.001499 0.005574 -0.146764 0.144034 -0.159583 41.4047069330 -218.5524132278 66.47559
J533 99JAN14 1999.0363 51192 992 4 141.4 3979 0.130348 4585519 0.161623 66 0.473770 0.0000 0.001347 0.001582 0.006166 -0.092783 -0.009271 -0.184559 41.4047069331 -218.5524132495 66.47377
J533 99JAN15 1999.0390 51193 992 5 141.4 3979 0.131348 4585519 0.164589 66 0.463626 0.0000 0.001173 0.001457 0.005685 -0.087708 0.086332 -0.155489 41.4047069598 -218.5524132376 66.46363
J533 99JAN16 1999.0418 51194 992 6 141.4 3979 0.128213 4585519 0.166239 66 0.460275 0.0000 0.001136 0.001396 0.005348 -0.117072 0.117634 -0.145709 41.4047069747 -218.5524132750 66.46028
J533 99JAN17 1999.0445 51195 993 0 141.4 3979 0.127749 4585519 0.164413 66 0.468940 0.0000 0.001116 0.001367 0.005237 -0.093822 0.067014 -0.140505 41.4047069582 -218.5524132806 66.46894
J533 99JAN18 1999.0472 51196 993 1 141.4 3979 0.128131 4585519 0.162140 66 0.460955 0.0000 0.001139 0.001384 0.005358 -0.094604 0.046720 -0.149696 41.4047069378 -218.5524132761 66.46095
J533 99JAN19 1999.0500 51197 993 2 141.4 3979 0.129271 4585519 0.164000 66 0.463959 0.0000 0.001146 0.001408 0.005410 -0.087701 0.036685 -0.103857 41.4047069545 -218.5524132624 66.46396
J533 99JAN20 1999.0527 51198 993 3 141.4 3979 0.126643 4585519 0.166256 66 0.469764 0.0000 0.001175 0.001400 0.005607 -0.088999 0.085797 -0.167384 41.4047069748 -218.5524132938 66.46976
J533 99JAN21 1999.0554 51199 993 4 141.4 3979 0.129156 4585519 0.166694 66 0.478535 0.0000 0.001200 0.001426 0.005690 -0.076493 0.097016 -0.159221 41.4047069788 -218.5524132638 66.47853
J533 99JAN22 1999.0582 51200 993 5 141.4 3979 0.132612 4585519 0.164317 66 0.462176 0.0000 0.001137 0.001407 0.005477 -0.088045 0.058988 -0.133831 41.4047069574 -218.5524132225 66.46218
J533 99JAN23 1999.0609 51201 993 6 141.4 3979 0.130393 4585519 0.168712 66 0.470212 0.0000 0.001270 0.001488 0.005890 -0.056986 0.015931 -0.195439 41.4047069969 -218.5524132490 66.47021
J533 99JAN24 1999.0637 51202 994 0 141.4 3979 0.130603 4585519 0.166048 66 0.475763 0.0000 0.001269 0.001481 0.005954 -0.040016 0.042121 -0.198186 41.4047069729 -218.5524132465 66.47576
J533 99JAN25 1999.0664 51203 994 1 141.4 3979 0.132790 4585519 0.165799 66 0.481636 0.0000 0.001256 0.001485 0.005900 -0.043096 -0.000392 -0.165926 41.4047069707 -218.5524132203 66.48164
J533 99JAN26 1999.0691 51204 994 2 141.4 3979 0.133686 4585519 0.166010 66 0.468258 0.0000 0.001212 0.001463 0.005675 -0.066089 0.042320 -0.159832 41.4047069726 -218.5524132096 66.46826
J533 99JAN27 1999.0719 51205 994 3 141.4 3979 0.132688 4585519 0.168041 66 0.476849 0.0000 0.001180 0.001395 0.005513 -0.119947 0.106689 -0.169792 41.4047069909 -218.5524132215 66.47685
J533 99JAN28 1999.0746 51206 994 4 141.4 3979 0.133875 4585519 0.165616 66 0.470332 0.0000 0.001145 0.001367 0.005302 -0.060907 0.073359 -0.123345 41.4047069691 -218.5524132073 66.47033
J533 99JAN29 1999.0773 51207 994 5 141.4 3979 0.135034 4585519 0.161935 66 0.470294 0.0000 0.001163 0.001425 0.005396 -0.042227 0.072518 -0.119931 41.4047069359 -218.5524131935 66.47029
J533 99JAN30 1999.0801 51208 994 6 141.4 3979 0.132870 4585519 0.165272 66 0.461637 0.0000 0.001213 0.001472 0.005659 -0.062251 0.027680 -0.097738 41.4047069660 -218.5524132194 66.46164
J533 99JAN31 1999.0828 51209 995 0 141.4 3979 0.130505 4585519 0.162973 66 0.459540 0.0000 0.001194 0.001415 0.005525 -0.080398 0.022779 -0.134504 41.4047069453 -218.5524132476 66.45954
J533 99FEB01 1999.0856 51210 995 1 141.4 3979 0.131864 4585519 0.162830 66 0.461185 0.0000 0.001171 0.001376 0.005396 -0.084107 0.051983 -0.193887 41.4047069440 -218.5524132314 66.46118
J533 99FEB02 1999.0883 51211 995 2 141.4 3979 0.132815 4585519 0.162268 66 0.475928 0.0000 0.001188 0.001401 0.005424 -0.076532 0.040169 -0.131278 41.4047069389 -218.5524132200 66.47593
J533 99FEB03 1999.0910 51212 995 3 141.4 3979 0.129057 4585519 0.162150 66 0.448556 0.0000 0.001185 0.001361 0.005404 -0.076374 0.014621 -0.182496 41.4047069379 -218.5524132650 66.44856
J533 99FEB04 1999.0938 51213 995 4 141.4 3979 0.135372 4585519 0.159312 66 0.470819 0.0000 0.001193 0.001408 0.005591 -0.072147 0.019322 -0.145329 41.4047069123 -218.5524131895 66.47082
J533 99FEB05 1999.0965 51214 995 5 141.4 3979 0.132435 4585519 0.159133 66 0.472064 0.0000 0.001210 0.001420 0.005645 -0.092211 0.092619 -0.195326 41.4047069107 -218.5524132246 66.47206
J533 99FEB06 1999.0992 51215 995 6 141.4 3979 0.135567 4585519 0.158649 66 0.476143 0.0000 0.001163 0.001366 0.005383 -0.090258 0.029474 -0.132637 41.4047069063 -218.5524131871 66.47614
J533 99FEB07 1999.1020 51216 996 0 141.4 3979 0.133570 4585519 0.159308 66 0.468629 0.0000 0.001169 0.001368 0.005375 -0.069410 0.030870 -0.168561 41.4047069123 -218.5524132110 66.46863
J533 99FEB08 1999.1047 51217 996 1 141.4 3979 0.132509 4585519 0.159775 66 0.465440 0.0000 0.001148 0.001361 0.005358 -0.101581 0.116433 -0.197056 41.4047069165 -218.5524132237 66.46544
J533 99FEB09 1999.1075 51218 996 2 141.4 3979 0.135008 4585519 0.160671 66 0.465997 0.0000 0.001187 0.001398 0.005544 -0.097033 0.071306 -0.164640 41.4047069245 -218.5524131938 66.46600
J533 99FEB10 1999.1102 51219 996 3 141.4 3979 0.133658 4585519 0.158426 66 0.465787 0.0000 0.001153 0.001373 0.005353 -0.072738 -0.002946 -0.128980 41.4047069043 -218.5524132100 66.46579
J533 99FEB11 1999.1129 51220 996 4 141.4 3979 0.130915 4585519 0.163232 66 0.479654 0.0000 0.001229 0.001491 0.005779 -0.100179 0.065877 -0.110745 41.4047069476 -218.5524132428 66.47965
J533 99FEB12 1999.1157 51221 996 5 141.4 3979 0.129168 4585519 0.162130 66 0.452886 0.0000 0.001242 0.001495 0.005843 -0.050610 0.001187 -0.161998 41.4047069377 -218.5524132636 66.45289
J533 99FEB13 1999.1184 51222 996 6 141.4 3979 0.130917 4585519 0.170153 66 0.438633 0.0000 0.001190 0.001461 0.005616 -0.068513 0.095183 -0.136114 41.4047070099 -218.5524132427 66.43863
J533 99FEB14 1999.1211 51223 997 0 141.4 3979 0.134125 4585519 0.159884 66 0.478682 0.0000 0.001198 0.001392 0.005508 -0.054109 0.023518 -0.165746 41.4047069174 -218.5524132044 66.47868
J533 99FEB15 1999.1239 51224 997 1 141.4 3979 0.135216 4585519 0.160616 66 0.470658 0.0000 0.001197 0.001407 0.005641 -0.049559 0.064518 -0.159615 41.4047069240 -218.5524131913 66.47066
J533 99FEB16 1999.1266 51225 997 2 141.4 3979 0.133104 4585519 0.161748 66 0.469772 0.0000 0.001236 0.001441 0.005732 -0.096446 0.020632 -0.166500 41.4047069342 -218.5524132166 66.46977
J533 99FEB17 1999.1294 51226 997 3 141.4 3979 0.135832 4585519 0.161831 66 0.471424 0.0000 0.001251 0.001440 0.005838 -0.070370 0.030931 -0.177969 41.4047069350 -218.5524131840 66.47142
J533 99FEB18 1999.1321 51227 997 4 141.4 3979 0.129234 4585519 0.162188 66 0.472316 0.0000 0.001176 0.001368 0.005439 -0.069033 0.090960 -0.136670 41.4047069382 -218.5524132629 66.47232
J533 99FEB19 1999.1348 51228 997 5 141.4 3979 0.139301 4585519 0.161317 66 0.473638 0.0000 0.001298 0.001461 0.006089 -0.106303 0.158649 -0.158029 41.4047069304 -218.5524131425 66.47364
J533 99FEB20 1999.1376 51229 997 6 141.4 3979 0.136000 4585519 0.162449 66 0.464523 0.0000 0.001217 0.001403 0.005723 -0.046510 0.071655 -0.134867 41.4047069405 -218.5524131819 66.46452
J533 99FEB21 1999.1403 51230 998 0 141.4 3979 0.134022 4585519 0.161257 66 0.468866 0.0000 0.001122 0.001365 0.005313 -0.089024 0.009449 -0.168507 41.4047069298 -218.5524132056 66.46887
J533 99FEB22 1999.1431 51231 998 1 141.4 3979 0.132178 4585519 0.163772 66 0.474810 0.0000 0.001146 0.001376 0.005313 -0.119746 0.079484 -0.172212 41.4047069525 -218.5524132276 66.47481
J533 99FEB23 1999.1458 51232 998 2 141.4 3979 0.132072 4585519 0.162118 66 0.466288 0.0000 0.001129 0.001360 0.005290 -0.062357 0.089478 -0.138531 41.4047069376 -218.5524132289 66.46629
J533 99FEB24 1999.1485 51233 998 3 141.4 3979 0.135019 4585519 0.158993 66 0.468306 0.0000 0.001143 0.001389 0.005424 -0.094843 0.096175 -0.170220 41.4047069094 -218.5524131937 66.46831
J533 99FEB25 1999.1513 51234 998 4 141.4 3979 0.134081 4585519 0.160725 66 0.462400 0.0000 0.001168 0.001407 0.005447 -0.133709 0.093583 -0.186889 41.4047069250 -218.5524132049 66.46240
J533 99FEB26 1999.1540 51235 998 5 141.4 3979 0.128908 4585519 0.161498 66 0.470216 0.0000 0.001167 0.001448 0.005411 -0.104561 0.063285 -0.183771 41.4047069320 -218.5524132668 66.47022
J533 99FEB27 1999.1567 51236 998 6 141.4 3979 0.132104 4585519 0.161707 66 0.465171 0.0000 0.001195 0.001395 0.005576 -0.094582 0.050278 -0.193792 41.4047069339 -218.5524132285 66.46517
J533 99FEB28 1999.1595 51237 999 0 141.4 3979 0.132410 4585519 0.162536 66 0.478828 0.0000 0.001176 0.001375 0.005527 -0.085208 0.070285 -0.139320 41.4047069413 -218.5524132249 66.47883
J533 99MAR01 1999.1622 51238 999 1 141.4 3979 0.132296 4585519 0.163505 66 0.479441 0.0000 0.001363 0.001637 0.006408 -0.099638 -0.005510 -0.124691 41.4047069500 -218.5524132262 66.47944
J533 99MAR02 1999.1650 51239 999 2 141.4 3979 0.132847 4585519 0.161232 66 0.477015 0.0000 0.001248 0.001463 0.005880 -0.077499 0.069409 -0.113360 41.4047069296 -218.5524132197 66.47701
J533 99MAR03 1999.1677 51240 999 3 141.4 3979 0.134009 4585519 0.161586 66 0.474930 0.0000 0.001167 0.001375 0.005466 -0.126121 0.119804 -0.167489 41.4047069328 -218.5524132058 66.47493
J533 99MAR04 1999.1704 51241 999 4 141.4 3979 0.134065 4585519 0.160394 66 0.479136 0.0000 0.001149 0.001385 0.005512 -0.106400 0.114725 -0.121319 41.4047069220 -218.5524132051 66.47914
J533 99MAR05 1999.1732 51242 999 5 141.4 3979 0.133017 4585519 0.164038 66 0.465715 0.0000 0.001141 0.001364 0.005358 -0.098058 0.102155 -0.188716 41.4047069549 -218.5524132176 66.46572
J533 99MAR06 1999.1759 51243 999 6 141.4 3979 0.130686 4585519 0.165154 66 0.473051 0.0000 0.001168 0.001421 0.005594 -0.099003 0.136438 -0.180136 41.4047069649 -218.5524132455 66.47305
J533 99MAR07 1999.1786 51244 1000 0 141.4 3979 0.133458 4585519 0.161911 66 0.460195 0.0000 0.001161 0.001372 0.005450 -0.106743 0.118826 -0.223277 41.4047069357 -218.5524132123 66.46019
J533 99MAR08 1999.1814 51245 1000 1 141.4 3979 0.133404 4585519 0.159407 66 0.473358 0.0000 0.001132 0.001367 0.005296 -0.123110 0.111463 -0.208651 41.4047069132 -218.5524132130 66.47336
J533 99MAR09 1999.1841 51246 1000 2 141.4 3979 0.130624 4585519 0.163098 66 0.469743 0.0000 0.001138 0.001351 0.005373 -0.090551 0.098057 -0.165333 41.4047069464 -218.5524132462 66.46974
J533 99MAR10 1999.1869 51247 1000 3 141.4 3979 0.130206 4585519 0.162975 66 0.464682 0.0000 0.001179 0.001375 0.005515 -0.119260 0.141260 -0.194428 41.4047069453 -218.5524132512 66.46468
J533 99MAR11 1999.1896 51248 1000 4 141.4 3979 0.129219 4585519 0.163969 66 0.462502 0.0000 0.001123 0.001363 0.005244 -0.064887 0.056483 -0.145410 41.4047069542 -218.5524132630 66.46250
J533 99MAR12 1999.1923 51249 1000 5 141.4 3979 0.134188 4585519 0.163113 66 0.471483 0.0000 0.001161 0.001399 0.005461 -0.118032 0.064403 -0.181173 41.4047069465 -218.5524132036 66.47148
J533 99MAR13 1999.1951 51250 1000 6 141.4 3979 0.130417 4585519 0.158804 66 0.467094 0.0000 0.001153 0.001424 0.005478 -0.098462 0.065144 -0.131843 41.4047069077 -218.5524132487 66.46709
J533 99MAR14 1999.1978 51251 1001 0 141.4 3979 0.133940 4585519 0.160040 66 0.470343 0.0000 0.001128 0.001389 0.005326 -0.094670 0.076577 -0.149558 41.4047069188 -218.5524132066 66.47034
J533 99MAR15 1999.2005 51252 1001 1 141.4 3979 0.136530 4585519 0.161040 66 0.497651 0.0000 0.001149 0.001417 0.005454 -0.151443 0.093809 -0.193726 41.4047069279 -218.5524131756 66.49765
J533 99MAR16 1999.2033 51253 1001 2 141.4 3979 0.134428 4585519 0.160849 66 0.474031 0.0000 0.001182 0.001486 0.005651 -0.106617 0.100530 -0.100004 41.4047069261 -218.5524132008 66.47403
J533 99MAR17 1999.2060 51254 1001 3 141.4 3979 0.131051 4585519 0.161305 66 0.466768 0.0000 0.001179 0.001441 0.005590 -0.105670 0.104626 -0.127621 41.4047069302 -218.5524132411 66.46677
J533 99MAR18 1999.2088 51255 1001 4 141.4 3979 0.132009 4585519 0.159854 66 0.473801 0.0000 0.001159 0.001410 0.005409 -0.097264 0.046200 -0.095128 41.4047069172 -218.5524132297 66.47380
J533 99MAR19 1999.2115 51256 1001 5 141.4 3979 0.134067 4585519 0.160490 66 0.473710 0.0000 0.001170 0.001427 0.005504 -0.101206 0.113009 -0.093286 41.4047069229 -218.5524132051 66.47371
J533 99MAR20 1999.2142 51257 1001 6 141.4 3979 0.137302 4585519 0.157503 66 0.481395 0.0000 0.001195 0.001437 0.005566 -0.151525 0.083346 -0.126380 41.4047068960 -218.5524131664 66.48139
J533 99MAR21 1999.2170 51258 1002 0 141.4 3979 0.133714 4585519 0.157134 66 0.467961 0.0000 0.001187 0.001442 0.005669 -0.100203 0.132645 -0.137123 41.4047068927 -218.5524132093 66.46796
J533 99MAR22 1999.2197 51259 1002 1 141.4 3979 0.134130 4585519 0.156990 66 0.470064 0.0000 0.001164 0.001442 0.005547 -0.121117 0.118479 -0.141091 41.4047068914 -218.5524132043 66.47006
J533 99MAR23 1999.2225 51260 1002 2 141.4 3979 0.134875 4585519 0.153604 66 0.459171 0.0000 0.001146 0.001423 0.005460 -0.070105 0.100421 -0.111964 41.4047068609 -218.5524131955 66.45917
J533 99MAR24 1999.2252 51261 1002 3 141.4 3979 0.133598 4585519 0.151989 66 0.459910 0.0000 0.001173 0.001428 0.005631 -0.105725 0.114763 -0.165276 41.4047068464 -218.5524132107 66.45991
J533 99MAR25 1999.2279 51262 1002 4 141.4 3979 0.134201 4585519 0.152322 66 0.462994 0.0000 0.001154 0.001388 0.005363 -0.094075 0.050763 -0.107940 41.4047068494 -218.5524132035 66.46299
J533 99MAR26 1999.2307 51263 1002 5 141.4 3979 0.133956 4585519 0.156034 66 0.461614 0.0000 0.001234 0.001468 0.005821 -0.106798 0.061137 -0.171500 41.4047068828 -218.5524132064 66.46161
J533 99MAR27 1999.2334 51264 1002 6 141.4 3979 0.131486 4585519 0.160023 66 0.464096 0.0000 0.001190 0.001430 0.005604 -0.084925 0.090366 -0.123732 41.4047069187 -218.5524132359 66.46410
J533 99MAR28 1999.2361 51265 1003 0 141.4 3979 0.132900 4585519 0.156729 66 0.462312 0.0000 0.001171 0.001399 0.005531 -0.102766 0.068987 -0.159402 41.4047068890 -218.5524132191 66.46231
J533 99MAR29 1999.2389 51266 1003 1 141.4 3979 0.130410 4585519 0.153905 66 0.463977 0.0000 0.001152 0.001395 0.005451 -0.077299 0.068490 -0.132761 41.4047068636 -218.5524132488 66.46398
J533 99MAR30 1999.2416 51267 1003 2 141.4 3979 0.132334 4585519 0.154828 66 0.464870 0.0000 0.001178 0.001443 0.005572 -0.125950 0.025648 -0.144749 41.4047068719 -218.5524132258 66.46487
J533 99MAR31 1999.2444 51268 1003 3 141.4 3979 0.128618 4585519 0.151207 66 0.461613 0.0000 0.001166 0.001464 0.005509 -0.130941 0.098968 -0.137026 41.4047068393 -218.5524132703 66.46161
J533 99APR01 1999.2471 51269 1003 4 141.4 3979 0.128670 4585519 0.158126 66 0.461622 0.0000 0.001217 0.001485 0.005732 -0.143966 0.089190 -0.136851 41.4047069016 -218.5524132696 66.46162
J533 99APR02 1999.2498 51270 1003 5 141.4 3979 0.132475 4585519 0.160189 66 0.463029 0.0000 0.001172 0.001426 0.005554 -0.113961 0.079346 -0.167023 41.4047069202 -218.5524132241 66.46303
J533 99APR03 1999.2526 51271 1003 6 141.4 3979 0.133237 4585519 0.155416 66 0.457360 0.0000 0.001141 0.001392 0.005385 -0.117606 0.119080 -0.162814 41.4047068772 -218.5524132150 66.45736
J533 99APR04 1999.2553 51272 1004 0 141.4 3979 0.130166 4585519 0.157004 66 0.467095 0.0000 0.001136 0.001431 0.005394 -0.117359 0.090667 -0.124407 41.4047068915 -218.5524132518 66.46710
J533 99APR05 1999.2580 51273 1004 1 141.4 3979 0.131776 4585519 0.157356 66 0.463869 0.0000 0.001139 0.001396 0.005319 -0.084529 0.079723 -0.157493 41.4047068947 -218.5524132325 66.46387
J533 99APR06 1999.2608 51274 1004 2 141.4 3979 0.133551 4585519 0.157458 66 0.467138 0.0000 0.001156 0.001428 0.005390 -0.102693 0.104730 -0.119937 41.4047068956 -218.5524132113 66.46714
J533 99APR07 1999.2635 51275 1004 3 141.4 3979 0.132623 4585519 0.159004 66 0.453087 0.0000 0.001156 0.001400 0.005396 -0.100113 0.066019 -0.201125 41.4047069095 -218.5524132223 66.45309
J533 99APR08 1999.2663 51276 1004 4 141.4 3979 0.133744 4585519 0.156253 66 0.469249 0.0000 0.001171 0.001390 0.005404 -0.140020 0.111421 -0.153729 41.4047068848 -218.5524132090 66.46925
J533 99APR09 1999.2690 51277 1004 5 141.4 3979 0.131151 4585519 0.152755 66 0.470015 0.0000 0.001213 0.001452 0.005793 -0.128267 0.131359 -0.191985 41.4047068533 -218.5524132400 66.47001
J533 99APR10 1999.2717 51278 1004 6 141.4 3979 0.132650 4585519 0.154848 66 0.466552 0.0000 0.001181 0.001377 0.005439 -0.151114 0.131364 -0.190305 41.4047068721 -218.5524132221 66.46655
J533 99APR11 1999.2745 51279 1005 0 141.4 3979 0.133204 4585519 0.155077 66 0.470505 0.0000 0.001183 0.001401 0.005452 -0.164796 0.105538 -0.205515 41.4047068742 -218.5524132154 66.47050
J533 99APR12 1999.2772 51280 1005 1 141.4 3979 0.127308 4585519 0.154304 66 0.475852 0.0000 0.001138 0.001366 0.005266 -0.130023 0.088539 -0.178418 41.4047068672 -218.5524132859 66.47585
J533 99APR13 1999.2799 51281 1005 2 141.4 3979 0.134038 4585519 0.152301 66 0.468960 0.0000 0.001181 0.001381 0.005462 -0.170254 0.154815 -0.216484 41.4047068492 -218.5524132055 66.46896
J533 99APR14 1999.2827 51282 1005 3 141.4 3979 0.131504 4585519 0.155298 66 0.477331 0.0000 0.001129 0.001362 0.005316 -0.117512 0.079452 -0.147783 41.4047068762 -218.5524132358 66.47733
J533 99APR15 1999.2854 51283 1005 4 141.4 3979 0.133792 4585519 0.152819 66 0.473335 0.0000 0.001110 0.001353 0.005243 -0.098943 0.098680 -0.149289 41.4047068538 -218.5524132084 66.47333
J533 99APR16 1999.2882 51284 1005 5 141.4 3979 0.134704 4585519 0.155509 66 0.475306 0.0000 0.001178 0.001391 0.005502 -0.132569 0.118765 -0.166105 41.4047068781 -218.5524131975 66.47531
J533 99APR17 1999.2909 51285 1005 6 141.4 3979 0.130990 4585519 0.154741 66 0.466266 0.0000 0.001166 0.001431 0.005423 -0.151767 0.107350 -0.224692 41.4047068711 -218.5524132419 66.46627
J533 99APR18 1999.2936 51286 1006 0 141.4 3979 0.133326 4585519 0.149285 66 0.462824 0.0000 0.001135 0.001336 0.005303 -0.092950 0.029108 -0.167934 41.4047068220 -218.5524132140 66.46282
J533 99APR19 1999.2964 51287 1006 1 141.4 3979 0.132057 4585519 0.154504 66 0.461508 0.0000 0.001113 0.001353 0.005194 -0.121014 0.083311 -0.177132 41.4047068690 -218.5524132292 66.46151
J533 99APR20 1999.2991 51288 1006 2 141.4 3979 0.132974 4585519 0.153538 66 0.469778 0.0000 0.001155 0.001463 0.005503 -0.107741 0.086942 -0.128920 41.4047068603 -218.5524132182 66.46978
J533 99APR21 1999.3018 51289 1006 3 141.4 3979 0.133198 4585519 0.156720 66 0.469410 0.0000 0.001182 0.001448 0.005425 -0.150359 0.079084 -0.173437 41.4047068890 -218.5524132155 66.46941
J533 99APR22 1999.3046 51290 1006 4 141.4 3979 0.132735 4585519 0.155882 66 0.470106 0.0000 0.001144 0.001423 0.005348 -0.133574 0.067265 -0.144836 41.4047068814 -218.5524132210 66.47011
J533 99APR23 1999.3073 51291 1006 5 141.4 3979 0.134359 4585519 0.156070 66 0.480836 0.0000 0.001188 0.001475 0.005651 -0.153349 0.109308 -0.147415 41.4047068831 -218.5524132016 66.48084
J533 99APR24 1999.3101 51292 1006 6 141.4 3979 0.133245 4585519 0.155076 66 0.474739 0.0000 0.001185 0.001464 0.005611 -0.156378 0.148137 -0.201416 41.4047068742 -218.5524132149 66.47474
J533 99APR25 1999.3128 51293 1007 0 141.4 3979 0.130440 4585519 0.156198 66 0.476848 0.0000 0.001194 0.001475 0.005627 -0.174037 0.107099 -0.160822 41.4047068843 -218.5524132485 66.47685
J533 99APR26 1999.3155 51294 1007 1 141.4 3979 0.131004 4585519 0.155817 66 0.475007 0.0000 0.001159 0.001437 0.005439 -0.136034 0.090170 -0.198003 41.4047068808 -218.5524132417 66.47501
J533 99APR27 1999.3183 51295 1007 2 141.4 3979 0.131948 4585519 0.156979 66 0.464800 0.0000 0.001196 0.001431 0.005799 -0.094469 0.088964 -0.189581 41.4047068913 -218.5524132304 66.46480
J533 99APR28 1999.3210 51296 1007 3 141.4 3979 0.133314 4585519 0.154628 66 0.480987 0.0000 0.001153 0.001403 0.005473 -0.130800 0.095464 -0.183124 41.4047068701 -218.5524132141 66.48099
J533 99APR29 1999.3238 51297 1007 4 141.4 3979 0.132785 4585519 0.154610 66 0.466085 0.0000 0.001210 0.001402 0.005664 -0.098192 0.061192 -0.185925 41.4047068700 -218.5524132204 66.46609
J533 99APR30 1999.3265 51298 1007 5 141.4 3979 0.131344 4585519 0.155312 66 0.471275 0.0000 0.001148 0.001370 0.005319 -0.136031 0.103219 -0.152356 41.4047068763 -218.5524132377 66.47128
J533 99MAY01 1999.3292 51299 1007 6 141.4 3979 0.136446 4585519 0.153743 66 0.475487 0.0000 0.001134 0.001386 0.005371 -0.118496 0.065118 -0.147115 41.4047068622 -218.5524131767 66.47549
J533 99MAY02 1999.3320 51300 1008 0 141.4 3979 0.130274 4585519 0.157215 66 0.470565 0.0000 0.001148 0.001365 0.005382 -0.120596 0.063495 -0.190002 41.4047068934 -218.5524132505 66.47056
J533 99MAY03 1999.3347 51301 1008 1 141.4 3979 0.132541 4585519 0.155378 66 0.473612 0.0000 0.001151 0.001386 0.005401 -0.067855 0.087023 -0.158313 41.4047068769 -218.5524132234 66.47361
J533 99MAY04 1999.3374 51302 1008 2 141.4 3979 0.133087 4585519 0.153715 66 0.480948 0.0000 0.001183 0.001375 0.005426 -0.109725 0.064988 -0.182121 41.4047068619 -218.5524132168 66.48095
J533 99MAY05 1999.3402 51303 1008 3 141.4 3979 0.134657 4585519 0.152409 66 0.487281 0.0000 0.001183 0.001457 0.005713 -0.046430 0.024356 -0.175073 41.4047068501 -218.5524131981 66.48728
J533 99MAY06 1999.3429 51304 1008 4 141.4 3979 0.133040 4585519 0.153855 66 0.486343 0.0000 0.001140 0.001372 0.005415 -0.125595 0.143270 -0.172498 41.4047068632 -218.5524132174 66.48634
J533 99MAY07 1999.3457 51305 1008 5 141.4 3979 0.133068 4585519 0.156354 66 0.482775 0.0000 0.001167 0.001409 0.005560 -0.140127 0.083161 -0.156606 41.4047068857 -218.5524132171 66.48277
J533 99MAY08 1999.3484 51306 1008 6 141.4 3979 0.135648 4585519 0.153770 66 0.476281 0.0000 0.001157 0.001372 0.005478 -0.123950 0.082835 -0.114709 41.4047068624 -218.5524131862 66.47628
J533 99MAY09 1999.3511 51307 1009 0 141.4 3979 0.134368 4585519 0.159045 66 0.486866 0.0000 0.001153 0.001386 0.005447 -0.127331 0.101870 -0.165806 41.4047069099 -218.5524132015 66.48687
J533 99MAY10 1999.3539 51308 1009 1 141.4 3979 0.136784 4585519 0.156649 66 0.481366 0.0000 0.001139 0.001382 0.005400 -0.101558 0.070285 -0.114945 41.4047068883 -218.5524131726 66.48137
J533 99MAY11 1999.3566 51309 1009 2 141.4 3979 0.134178 4585519 0.154709 66 0.477584 0.0000 0.001145 0.001373 0.005409 -0.118488 0.108180 -0.165815 41.4047068709 -218.5524132038 66.47758
J533 99MAY12 1999.3593 51310 1009 3 141.4 3979 0.133797 4585519 0.157765 66 0.481744 0.0000 0.001154 0.001436 0.005499 -0.106405 0.115362 -0.102848 41.4047068984 -218.5524132083 66.48174
J533 99MAY13 1999.3621 51311 1009 4 141.4 3979 0.132680 4585519 0.156789 66 0.479797 0.0000 0.001195 0.001452 0.005741 -0.117123 0.130303 -0.142955 41.4047068896 -218.5524132217 66.47980
J533 99MAY14 1999.3648 51312 1009 5 141.4 3979 0.134874 4585519 0.155582 66 0.481960 0.0000 0.001172 0.001431 0.005592 -0.106051 0.019945 -0.142494 41.4047068787 -218.5524131955 66.48196
J533 99MAY15 1999.3676 51313 1009 6 141.4 3979 0.132415 4585519 0.158145 66 0.472520 0.0000 0.001169 0.001463 0.005584 -0.067767 0.093474 -0.072712 41.4047069018 -218.5524132248 66.47252
J533 99MAY16 1999.3703 51314 1010 0 141.4 3979 0.131929 4585519 0.156049 66 0.477767 0.0000 0.001150 0.001410 0.005466 -0.104299 0.120106 -0.087448 41.4047068829 -218.5524132307 66.47777
J533 99MAY17 1999.3730 51315 1010 1 141.4 3979 0.131928 4585519 0.156633 66 0.466143 0.0000 0.001184 0.001456 0.005620 -0.162279 0.158476 -0.155856 41.4047068882 -218.5524132307 66.46614
J533 99MAY18 1999.3758 51316 1010 2 141.4 3979 0.133538 4585519 0.153309 66 0.470875 0.0000 0.001171 0.001396 0.005523 -0.147587 0.137272 -0.151657 41.4047068582 -218.5524132114 66.47088
J533 99MAY19 1999.3785 51317 1010 3 141.4 3979 0.127741 4585519 0.156573 66 0.483120 0.0000 0.001194 0.001432 0.005597 -0.138521 0.013114 -0.133067 41.4047068876 -218.5524132807 66.48312
J533 99MAY20 1999.3812 51318 1010 4 141.4 3979 0.131701 4585519 0.159267 66 0.471393 0.0000 0.001251 0.001477 0.005927 -0.098523 0.060716 -0.156985 41.4047069119 -218.5524132334 66.47139
J533 99MAY21 1999.3840 51319 1010 5 141.4 3979 0.134743 4585519 0.154287 66 0.470326 0.0000 0.001293 0.001527 0.006088 -0.111885 0.045211 -0.110690 41.4047068671 -218.5524131970 66.47033
J533 99MAY22 1999.3867 51320 1010 6 141.4 3979 0.128381 4585519 0.157312 66 0.473788 0.0000 0.001318 0.001549 0.006092 -0.145180 0.067692 -0.122765 41.4047068943 -218.5524132731 66.47379
J533 99MAY23 1999.3895 51321 1011 0 141.4 3979 0.131946 4585519 0.157083 66 0.479234 0.0000 0.001217 0.001540 0.005967 -0.099409 0.118153 -0.068854 41.4047068922 -218.5524132305 66.47923
J533 99MAY24 1999.3922 51322 1011 1 141.4 3979 0.129453 4585519 0.155625 66 0.473057 0.0000 0.001190 0.001449 0.005694 -0.124868 0.092780 -0.081331 41.4047068791 -218.5524132603 66.47306
J533 99MAY25 1999.3949 51323 1011 2 141.4 3979 0.129202 4585519 0.156281 66 0.472033 0.0000 0.001196 0.001430 0.005754 -0.118909 0.093641 -0.107565 41.4047068850 -218.5524132633 66.47203
J533 99MAY26 1999.3977 51324 1011 3 141.4 3979 0.129461 4585519 0.156357 66 0.483380 0.0000 0.001322 0.001608 0.006197 -0.119345 0.094742 -0.132398 41.4047068857 -218.5524132602 66.48338
J533 99MAY27 1999.4004 51325 1011 4 141.4 3979 0.130493 4585519 0.154246 66 0.481588 0.0000 0.001264 0.001491 0.005940 -0.176221 0.075295 -0.202692 41.4047068667 -218.5524132479 66.48159
J533 99MAY28 1999.4031 51326 1011 5 141.4 3979 0.129660 4585519 0.153433 66 0.481623 0.0000 0.001325 0.001551 0.006243 -0.134356 0.056405 -0.120694 41.4047068594 -218.5524132578 66.48162
J533 99MAY29 1999.4059 51327 1011 6 141.4 3979 0.128374 4585519 0.156585 66 0.479322 0.0000 0.001270 0.001566 0.006115 -0.114425 0.015972 -0.101453 41.4047068877 -218.5524132732 66.47932
J533 99MAY30 1999.4086 51328 1012 0 141.4 3979 0.132602 4585519 0.156288 66 0.483204 0.0000 0.001212 0.001512 0.005921 -0.097360 0.045027 -0.070636 41.4047068851 -218.5524132226 66.48320
J533 99MAY31 1999.4114 51329 1012 1 141.4 3979 0.130275 4585519 0.157446 66 0.477011 0.0000 0.001186 0.001441 0.005637 -0.114047 0.035475 -0.108851 41.4047068955 -218.5524132504 66.47701
J533 99JUN01 1999.4141 51330 1012 2 141.4 3979 0.131200 4585519 0.156627 66 0.474821 0.0000 0.001202 0.001568 0.005866 -0.066679 0.079657 -0.092337 41.4047068881 -218.5524132394 66.47482
J533 99JUN02 1999.4168 51331 1012 3 141.4 3979 0.130020 4585519 0.158493 66 0.492711 0.0000 0.001185 0.001468 0.005658 -0.097933 0.081946 -0.093757 41.4047069049 -218.5524132535 66.49271
J533 99JUN03 1999.4196 51332 1012 4 141.4 3979 0.130987 4585519 0.159554 66 0.469740 0.0000 0.001254 0.001550 0.006157 -0.104759 0.006745 -0.062961 41.4047069145 -218.5524132419 66.46974
J533 99JUN04 1999.4223 51333 1012 5 141.4 3979 0.126860 4585519 0.156011 66 0.472400 0.0000 0.001239 0.001496 0.005981 -0.014778 0.011598 -0.061787 41.4047068826 -218.5524132913 66.47240
J533 99JUN05 1999.4251 51334 1012 6 141.4 3979 0.127464 4585519 0.160608 66 0.463696 0.0000 0.001225 0.001566 0.006133 -0.020650 0.024293 -0.049216 41.4047069240 -218.5524132840 66.46370
J533 99JUN06 1999.4278 51335 1013 0 141.4 3979 0.128712 4585519 0.156354 66 0.481413 0.0000 0.001231 0.001460 0.005811 -0.081966 0.068003 -0.173963 41.4047068857 -218.5524132691 66.48141
J533 99JUN07 1999.4305 51336 1013 1 141.4 3979 0.128765 4585519 0.155348 66 0.484687 0.0000 0.001173 0.001445 0.005667 -0.097788 0.055850 -0.174160 41.4047068766 -218.5524132685 66.48469
J533 99JUN08 1999.4333 51337 1013 2 141.4 3979 0.129670 4585519 0.158302 66 0.487347 0.0000 0.001207 0.001504 0.005864 -0.084666 0.057642 -0.151553 41.4047069032 -218.5524132577 66.48735
J533 99JUN09 1999.4360 51338 1013 3 141.4 3979 0.133580 4585519 0.157984 66 0.479048 0.0000 0.001185 0.001443 0.005667 -0.087610 0.064925 -0.137074 41.4047069003 -218.5524132109 66.47905
J533 99JUN10 1999.4387 51339 1013 4 141.4 3979 0.130640 4585519 0.158108 66 0.482096 0.0000 0.001206 0.001450 0.005773 -0.056551 0.072203 -0.115414 41.4047069015 -218.5524132461 66.48210
J533 99JUN11 1999.4415 51340 1013 5 141.4 3979 0.129352 4585519 0.157815 66 0.474575 0.0000 0.001224 0.001472 0.005844 -0.076539 0.053948 -0.178562 41.4047068988 -218.5524132615 66.47458
J533 99JUN12 1999.4442 51341 1013 6 141.4 3979 0.129925 4585519 0.155555 66 0.477592 0.0000 0.001308 0.001620 0.006382 -0.056734 0.043758 -0.126313 41.4047068785 -218.5524132546 66.47759
J533 99JUN13 1999.4470 51342 1014 0 141.4 3979 0.133140 4585519 0.155456 66 0.472720 0.0000 0.001244 0.001645 0.005966 -0.112740 0.064887 -0.136319 41.4047068776 -218.5524132162 66.47272
J533 99JUN14 1999.4497 51343 1014 1 141.4 3979 0.132879 4585519 0.152156 66 0.486972 0.0000 0.001264 0.001672 0.006234 -0.113125 0.010165 -0.220458 41.4047068479 -218.5524132193 66.48697
J533 99JUN15 1999.4524 51344 1014 2 141.4 3979 0.132879 4585519 0.156472 66 0.477777 0.0000 0.001297 0.001549 0.006108 -0.055729 -0.022576 -0.177147 41.4047068867 -218.5524132193 66.47778
J533 99JUN16 1999.4552 51345 1014 3 141.4 3979 0.129162 4585519 0.159077 66 0.473233 0.0000 0.001227 0.001523 0.006016 -0.074904 0.059056 -0.078415 41.4047069102 -218.5524132637 66.47323
J533 99JUN17 1999.4579 51346 1014 4 141.4 3979 0.130602 4585519 0.155892 66 0.486642 0.0000 0.001213 0.001528 0.005860 -0.055207 0.032281 -0.139205 41.4047068815 -218.5524132465 66.48664
J533 99JUN18 1999.4606 51347 1014 5 141.4 3979 0.134378 4585519 0.155625 66 0.469297 0.0000 0.001270 0.001545 0.006050 -0.083516 0.095306 -0.188559 41.4047068791 -218.5524132014 66.46930
J533 99JUN19 1999.4634 51348 1014 6 141.4 3979 0.129435 4585519 0.158564 66 0.466859 0.0000 0.001266 0.001630 0.006126 -0.079402 0.093879 -0.134200 41.4047069056 -218.5524132605 66.46686
J533 99JUN20 1999.4661 51349 1015 0 141.4 3979 0.130105 4585519 0.159167 66 0.465606 0.0000 0.001277 0.001674 0.006224 -0.019410 0.071233 -0.089392 41.4047069110 -218.5524132525 66.46561
J533 99JUN21 1999.4689 51350 1015 1 141.4 3979 0.130955 4585519 0.159149 66 0.466195 0.0000 0.001193 0.001491 0.005681 -0.079340 0.075780 -0.108315 41.4047069108 -218.5524132423 66.46619
J533 99JUN22 1999.4716 51351 1015 2 141.4 3979 0.128786 4585519 0.156304 66 0.477372 0.0000 0.001219 0.001512 0.005869 -0.068743 -0.002228 -0.147653 41.4047068852 -218.5524132683 66.47737
J533 99JUN23 1999.4743 51352 1015 3 141.4 3979 0.134131 4585519 0.157047 66 0.477165 0.0000 0.001223 0.001464 0.005791 -0.077415 0.037705 -0.146328 41.4047068919 -218.5524132043 66.47717
J533 99JUN24 1999.4771 51353 1015 4 141.4 3979 0.135849 4585519 0.155356 66 0.494386 0.0000 0.001231 0.001544 0.006068 -0.033487 0.083745 -0.152929 41.4047068767 -218.5524131838 66.49439
J533 99JUN25 1999.4798 51354 1015 5 141.4 3979 0.131751 4585519 0.156187 66 0.473996 0.0000 0.001205 0.001480 0.005903 -0.077982 0.096431 -0.101768 41.4047068842 -218.5524132328 66.47400
J533 99JUN26 1999.4825 51355 1015 6 141.4 3979 0.129185 4585519 0.155268 66 0.469351 0.0000 0.001235 0.001602 0.006064 -0.078809 0.025846 -0.002096 41.4047068759 -218.5524132635 66.46935
J533 99JUN27 1999.4853 51356 1016 0 141.4 3979 0.130152 4585519 0.156429 66 0.477721 0.0000 0.001267 0.001550 0.005946 -0.035883 -0.007231 -0.159534 41.4047068863 -218.5524132519 66.47772
J533 99JUN28 1999.4880 51357 1016 1 141.4 3979 0.131078 4585519 0.152681 66 0.477248 0.0000 0.001252 0.001509 0.005846 -0.112411 0.008375 -0.159765 41.4047068526 -218.5524132409 66.47725
J533 99JUN29 1999.4908 51358 1016 2 141.4 3979 0.129595 4585519 0.153550 66 0.469053 0.0000 0.001323 0.001665 0.006256 -0.057301 0.135311 -0.170922 41.4047068604 -218.5524132586 66.46905
J533 99JUN30 1999.4935 51359 1016 3 141.4 3979 0.128897 4585519 0.156508 66 0.469190 0.0000 0.001178 0.001452 0.005746 -0.075658 0.067787 -0.184167 41.4047068870 -218.5524132669 66.46919
J533 99JUL01 1999.4962 51360 1016 4 141.4 3979 0.129049 4585519 0.157629 66 0.479783 0.0000 0.001382 0.001662 0.006542 -0.018110 -0.053640 -0.237472 41.4047068971 -218.5524132651 66.47978
J533 99JUL02 1999.4990 51361 1016 5 141.4 3979 0.131115 4585519 0.157796 66 0.461966 0.0000 0.001231 0.001485 0.005853 -0.036715 -0.002151 -0.189034 41.4047068986 -218.5524132404 66.46197
J533 99JUL03 1999.5017 51362 1016 6 141.4 3979 0.131228 4585519 0.158497 66 0.491084 0.0000 0.001484 0.001760 0.006829 -0.079004 -0.028335 -0.175657 41.4047069050 -218.5524132390 66.49108
J533 99JUL04 1999.5044 51363 1017 0 141.4 3979 0.126108 4585519 0.159193 66 0.470882 0.0000 0.001200 0.001472 0.005751 -0.061359 0.066450 -0.117712 41.4047069112 -218.5524133003 66.47088
J533 99JUL05 1999.5072 51364 1017 1 141.4 3979 0.130628 4585519 0.160975 66 0.468716 0.0000 0.001280 0.001586 0.006141 -0.116389 0.137011 -0.087577 41.4047069273 -218.5524132462 66.46872
J533 99JUL06 1999.5099 51365 1017 2 141.4 3979 0.128823 4585519 0.159718 66 0.465336 0.0000 0.001211 0.001518 0.005891 -0.051084 0.055743 -0.153851 41.4047069160 -218.5524132678 66.46534
J533 99JUL07 1999.5127 51366 1017 3 141.4 3979 0.129080 4585519 0.157651 66 0.479214 0.0000 0.001223 0.001628 0.006052 -0.020810 0.022663 -0.087904 41.4047068973 -218.5524132647 66.47921
J533 99JUL08 1999.5154 51367 1017 4 141.4 3979 0.127913 4585519 0.156900 66 0.468013 0.0000 0.001273 0.001684 0.006195 -0.030365 0.022742 -0.131649 41.4047068906 -218.5524132787 66.46801
J533 99JUL09 1999.5181 51368 1017 5 141.4 3979 0.125891 4585519 0.162191 66 0.478843 0.0000 0.001276 0.001659 0.006271 -0.066420 0.073397 -0.048126 41.4047069382 -218.5524133028 66.47884
J533 99JUL10 1999.5209 51369 1017 6 141.4 3979 0.126367 4585519 0.158593 66 0.466119 0.0000 0.001306 0.001662 0.006340 -0.035820 0.046830 -0.112377 41.4047069058 -218.5524132972 66.46612
J533 99JUL11 1999.5236 51370 1018 0 141.4 3979 0.128079 4585519 0.158199 66 0.482536 0.0000 0.001343 0.001681 0.006461 -0.135434 0.110141 -0.201212 41.4047069023 -218.5524132767 66.48254
J533 99JUL12 1999.5264 51371 1018 1 141.4 3979 0.123498 4585519 0.154570 66 0.485861 0.0000 0.001311 0.001611 0.006309 -0.068954 -0.001962 -0.195862 41.4047068696 -218.5524133315 66.48586
J533 99JUL13 1999.5291 51372 1018 2 141.4 3979 0.120978 4585519 0.157688 66 0.477078 0.0000 0.001231 0.001508 0.005955 -0.081115 0.089352 -0.179666 41.4047068977 -218.5524133616 66.47708
J533 99JUL14 1999.5318 51373 1018 3 141.4 3979 0.127905 4585519 0.157023 66 0.478915 0.0000 0.001240 0.001505 0.005843 -0.067069 0.062017 -0.091823 41.4047068917 -218.5524132788 66.47891
J533 99JUL15 1999.5346 51374 1018 4 141.4 3979 0.127294 4585519 0.156146 66 0.467046 0.0000 0.001211 0.001399 0.005618 -0.127351 0.048142 -0.163516 41.4047068838 -218.5524132861 66.46705
J533 99JUL16 1999.5373 51375 1018 5 141.4 3979 0.127215 4585519 0.156680 66 0.477575 0.0000 0.001262 0.001506 0.005941 -0.083824 0.066402 -0.074524 41.4047068886 -218.5524132870 66.47758
J533 99JUL17 1999.5400 51376 1018 6 141.4 3979 0.127509 4585519 0.157651 66 0.466294 0.0000 0.001228 0.001462 0.005703 -0.126389 0.087149 -0.083977 41.4047068973 -218.5524132835 66.46629
J533 99JUL18 1999.5428 51377 1019 0 141.4 3979 0.128187 4585519 0.159429 66 0.477805 0.0000 0.001351 0.001595 0.006279 -0.135900 0.092123 -0.244155 41.4047069134 -218.5524132754 66.47780
J533 99JUL19 1999.5455 51378 1019 1 141.4 3979 0.128057 4585519 0.159140 66 0.473283 0.0000 0.001250 0.001493 0.005806 -0.087250 -0.019052 -0.132227 41.4047069107 -218.5524132770 66.47328
J533 99JUL20 1999.5483 51379 1019 2 141.4 3979 0.127611 4585519 0.157142 66 0.473580 0.0000 0.001205 0.001431 0.005673 -0.113958 0.041572 -0.189296 41.4047068928 -218.5524132823 66.47358
J533 99JUL21 1999.5510 51380 1019 3 141.4 3979 0.126956 4585519 0.161138 66 0.474431 0.0000 0.001251 0.001473 0.005801 -0.097097 0.062799 -0.096867 41.4047069287 -218.5524132901 66.47443
J533 99JUL22 1999.5537 51381 1019 4 141.4 3979 0.126425 4585519 0.157179 66 0.478603 0.0000 0.001215 0.001430 0.005720 -0.098144 0.000014 -0.187565 41.4047068931 -218.5524132965 66.47860
J533 99JUL23 1999.5565 51382 1019 5 141.4 3979 0.129200 4585519 0.157990 66 0.480574 0.0000 0.001285 0.001535 0.006120 -0.135819 0.062984 -0.137717 41.4047069004 -218.5524132633 66.48057
J533 99JUL24 1999.5592 51383 1019 6 141.4 3979 0.130345 4585519 0.160720 66 0.479981 0.0000 0.001343 0.001608 0.006349 -0.064555 0.151683 -0.158626 41.4047069250 -218.5524132496 66.47998
J533 99JUL25 1999.5619 51384 1020 0 141.4 3979 0.133493 4585519 0.155625 66 0.491997 0.0000 0.001310 0.001562 0.006258 -0.112499 0.062114 -0.199424 41.4047068791 -218.5524132120 66.49200
J533 99JUL26 1999.5647 51385 1020 1 141.4 3979 0.128308 4585519 0.160061 66 0.477606 0.0000 0.001301 0.001542 0.006106 -0.052052 0.023999 -0.121130 41.4047069190 -218.5524132739 66.47761
J533 99JUL27 1999.5674 51386 1020 2 141.4 3979 0.129852 4585519 0.156693 66 0.477549 0.0000 0.001208 0.001438 0.005698 -0.083264 -0.036518 -0.135340 41.4047068887 -218.5524132555 66.47755
J533 99JUL28 1999.5702 51387 1020 3 141.4 3979 0.128889 4585519 0.161156 66 0.464202 0.0000 0.001235 0.001433 0.005707 -0.151962 0.080118 -0.207918 41.4047069289 -218.5524132670 66.46420
J533 99JUL29 1999.5729 51388 1020 4 141.4 3979 0.129003 4585519 0.157891 66 0.478685 0.0000 0.001280 0.001560 0.006059 -0.086381 0.050549 -0.170299 41.4047068995 -218.5524132656 66.47868
J533 99JUL30 1999.5756 51389 1020 5 141.4 3979 0.131452 4585519 0.161798 66 0.477180 0.0000 0.001220 0.001504 0.005807 -0.043389 0.010405 -0.103202 41.4047069347 -218.5524132363 66.47718
J533 99JUL31 1999.5784 51390 1020 6 141.4 3979 0.126573 4585519 0.160783 66 0.489818 0.0000 0.001201 0.001466 0.005678 -0.113521 0.084989 -0.133213 41.4047069255 -218.5524132947 66.48982
J533 99AUG01 1999.5811 51391 1021 0 141.4 3979 0.128683 4585519 0.164455 66 0.493340 0.0000 0.001306 0.001511 0.006157 -0.057631 0.091613 -0.087510 41.4047069586 -218.5524132694 66.49334
J533 99AUG02 1999.5838 51392 1021 1 141.4 3979 0.128158 4585519 0.159529 66 0.471597 0.0000 0.001257 0.001569 0.006092 -0.086857 0.075378 -0.158565 41.4047069142 -218.5524132757 66.47160
J533 99AUG03 1999.5866 51393 1021 2 141.4 3979 0.129440 4585519 0.165899 66 0.477509 0.0000 0.001210 0.001514 0.005867 -0.081277 0.114955 -0.109025 41.4047069716 -218.5524132604 66.47751
J533 99AUG04 1999.5893 51394 1021 3 141.4 3979 0.131662 4585519 0.162116 66 0.464691 0.0000 0.001275 0.001507 0.005869 -0.140722 0.065648 -0.180511 41.4047069375 -218.5524132338 66.46469
J533 99AUG05 1999.5921 51395 1021 4 141.4 3979 0.131078 4585519 0.162686 66 0.469344 0.0000 0.001350 0.001596 0.006372 -0.191362 0.147384 -0.155732 41.4047069427 -218.5524132408 66.46934
J533 99AUG06 1999.5948 51396 1021 5 141.4 3979 0.126467 4585519 0.158697 66 0.468427 0.0000 0.001251 0.001438 0.005778 -0.168872 0.104288 -0.152211 41.4047069068 -218.5524132960 66.46843
J533 99AUG07 1999.5975 51397 1021 6 141.4 3979 0.130010 4585519 0.160704 66 0.470815 0.0000 0.001168 0.001411 0.005519 -0.085013 0.050959 -0.104459 41.4047069248 -218.5524132536 66.47081
J533 99AUG08 1999.6003 51398 1022 0 141.4 3979 0.128730 4585519 0.160507 66 0.463897 0.0000 0.001212 0.001363 0.005562 -0.071429 0.077326 -0.147282 41.4047069231 -218.5524132689 66.46390
J533 99AUG09 1999.6030 51399 1022 1 141.4 3979 0.127001 4585519 0.163210 66 0.473485 0.0000 0.001289 0.001554 0.006046 -0.057196 0.038549 -0.092442 41.4047069474 -218.5524132896 66.47348
J533 99AUG10 1999.6057 51400 1022 2 141.4 3979 0.130886 4585519 0.159777 66 0.470936 0.0000 0.001237 0.001459 0.005832 -0.050416 0.025871 -0.096044 41.4047069165 -218.5524132431 66.47094
J533 99AUG11 1999.6085 51401 1022 3 141.4 3979 0.129178 4585519 0.161332 66 0.478850 0.0000 0.001279 0.001500 0.005984 -0.054418 0.056890 -0.097671 41.4047069305 -218.5524132635 66.47885
J533 99AUG12 1999.6112 51402 1022 4 141.4 3979 0.128787 4585519 0.157596 66 0.485878 0.0000 0.001224 0.001447 0.005712 -0.100791 0.135432 -0.137425 41.4047068968 -218.5524132682 66.48588
J533 99AUG13 1999.6140 51403 1022 5 141.4 3979 0.129180 4585519 0.159723 66 0.480460 0.0000 0.001139 0.001352 0.005294 -0.081129 0.051318 -0.171368 41.4047069160 -218.5524132635 66.48046
J533 99AUG14 1999.6167 51404 1022 6 141.4 3979 0.132263 4585519 0.155343 66 0.479001 0.0000 0.001159 0.001399 0.005436 -0.087382 0.008747 -0.137508 41.4047068766 -218.5524132267 66.47900
J533 99AUG15 1999.6194 51405 1023 0 141.4 3979 0.129037 4585519 0.161701 66 0.487339 0.0000 0.001238 0.001556 0.005958 -0.089133 0.095541 -0.164295 41.4047069338 -218.5524132652 66.48734
J533 99AUG16 1999.6222 51406 1023 1 141.4 3979 0.132437 4585519 0.154679 66 0.472879 0.0000 0.001204 0.001437 0.005645 -0.066681 0.120624 -0.124627 41.4047068706 -218.5524132246 66.47288
J533 99AUG17 1999.6249 51407 1023 2 141.4 3979 0.131200 4585519 0.158089 66 0.479242 0.0000 0.001186 0.001407 0.005622 -0.079916 0.051230 -0.197013 41.4047069013 -218.5524132394 66.47924
J533 99AUG18 1999.6277 51408 1023 3 141.4 3979 0.129424 4585519 0.157194 66 0.474506 0.0000 0.001159 0.001351 0.005283 -0.105012 0.031635 -0.134504 41.4047068932 -218.5524132606 66.47451
J533 99AUG19 1999.6304 51409 1023 4 141.4 3979 0.127267 4585519 0.158643 66 0.464465 0.0000 0.001135 0.001380 0.005314 -0.082699 0.045153 -0.132826 41.4047069063 -218.5524132864 66.46447
J533 99AUG20 1999.6331 51410 1023 5 141.4 3979 0.131548 4585519 0.159250 66 0.470879 0.0000 0.001158 0.001426 0.005473 -0.041070 -0.003866 -0.201839 41.4047069117 -218.5524132352 66.47088
J533 99AUG21 1999.6359 51411 1023 6 141.4 3979 0.128631 4585519 0.161859 66 0.476926 0.0000 0.001173 0.001369 0.005374 -0.062806 0.000690 -0.137064 41.4047069352 -218.5524132701 66.47693
J533 99AUG22 1999.6386 51412 1024 0 141.4 3979 0.132517 4585519 0.156073 66 0.470396 0.0000 0.001206 0.001368 0.005486 -0.101477 0.093615 -0.171199 41.4047068831 -218.5524132236 66.47040
J533 99AUG23 1999.6413 51413 1024 1 141.4 3979 0.125654 4585519 0.160118 66 0.483466 0.0000 0.001205 0.001439 0.005583 -0.042954 0.032896 -0.166205 41.4047069196 -218.5524133057 66.48347
J533 99AUG24 1999.6441 51414 1024 2 141.4 3979 0.127924 4585519 0.160181 66 0.489070 0.0000 0.001200 0.001476 0.005532 -0.097029 0.053299 -0.171514 41.4047069201 -218.5524132785 66.48907
J533 99AUG25 1999.6468 51415 1024 3 141.4 3979 0.125473 4585519 0.159811 66 0.467481 0.0000 0.001173 0.001451 0.005416 -0.059682 -0.011645 -0.123178 41.4047069168 -218.5524133079 66.46748
J533 99AUG26 1999.6496 51416 1024 4 141.4 3979 0.127539 4585519 0.160154 66 0.464921 0.0000 0.001241 0.001499 0.005755 -0.111265 0.097162 -0.156299 41.4047069199 -218.5524132831 66.46492
J533 99AUG27 1999.6523 51417 1024 5 141.4 3979 0.131509 4585519 0.158705 66 0.471261 0.0000 0.001178 0.001470 0.005535 -0.052967 0.047461 -0.151063 41.4047069068 -218.5524132357 66.47126
J533 99AUG28 1999.6550 51418 1024 6 141.4 3979 0.129063 4585519 0.157368 66 0.490315 0.0000 0.001212 0.001477 0.005721 -0.051108 0.100379 -0.124565 41.4047068948 -218.5524132649 66.49031
J533 99AUG29 1999.6578 51419 1025 0 141.4 3979 0.126889 4585519 0.157844 66 0.472951 0.0000 0.001272 0.001524 0.005956 -0.052548 0.023714 -0.146873 41.4047068991 -218.5524132909 66.47295
J533 99AUG30 1999.6605 51420 1025 1 141.4 3979 0.120420 4585519 0.157923 66 0.477662 0.0000 0.001350 0.001538 0.006167 -0.092291 0.112127 -0.138116 41.4047068998 -218.5524133683 66.47766
J533 99AUG31 1999.6632 51421 1025 2 141.4 3979 0.131820 4585519 0.158908 66 0.488344 0.0000 0.001263 0.001463 0.005753 -0.065851 0.102033 -0.123679 41.4047069087 -218.5524132320 66.48834
J533 99SEP01 1999.6660 51422 1025 3 141.4 3979 0.126249 4585519 0.157872 66 0.475368 0.0000 0.001266 0.001473 0.005899 -0.057664 0.082215 -0.181787 41.4047068993 -218.5524132986 66.47537
J533 99SEP02 1999.6687 51423 1025 4 141.4 3979 0.127372 4585519 0.160202 66 0.477281 0.0000 0.001172 0.001444 0.005519 -0.044042 0.069582 -0.106535 41.4047069203 -218.5524132851 66.47728
J533 99SEP03 1999.6715 51424 1025 5 141.4 3979 0.128041 4585519 0.158767 66 0.465972 0.0000 0.001219 0.001407 0.005644 -0.096365 0.138334 -0.140671 41.4047069074 -218.5524132771 66.46597
J533 99SEP04 1999.6742 51425 1025 6 141.4 3979 0.128647 4585519 0.158341 66 0.479446 0.0000 0.001201 0.001505 0.005687 -0.092262 0.053128 -0.190960 41.4047069036 -218.5524132699 66.47945
J533 99SEP05 1999.6769 51426 1026 0 141.4 3979 0.129957 4585519 0.159510 66 0.473814 0.0000 0.001166 0.001369 0.005366 -0.103869 0.071862 -0.145595 41.4047069141 -218.5524132542 66.47381
J533 99SEP06 1999.6797 51427 1026 1 141.4 3979 0.130829 4585519 0.151940 66 0.472119 0.0000 0.001182 0.001410 0.005513 -0.102617 0.084961 -0.167302 41.4047068459 -218.5524132439 66.47212
J533 99SEP07 1999.6824 51428 1026 2 141.4 3979 0.129036 4585519 0.157216 66 0.479173 0.0000 0.001238 0.001511 0.005854 -0.111899 0.050284 -0.158034 41.4047068934 -218.5524132653 66.47917
J533 99SEP08 1999.6851 51429 1026 3 141.4 3979 0.130438 4585519 0.155052 66 0.469724 0.0000 0.001262 0.001547 0.005901 -0.118382 0.057732 -0.176594 41.4047068739 -218.5524132485 66.46972
J533 99SEP09 1999.6879 51430 1026 4 141.4 3979 0.134528 4585519 0.156133 66 0.478790 0.0000 0.001175 0.001427 0.005394 -0.103516 0.056502 -0.128444 41.4047068837 -218.5524131996 66.47879
J533 99SEP10 1999.6906 51431 1026 5 141.4 3979 0.130247 4585519 0.154074 66 0.478910 0.0000 0.001220 0.001473 0.005791 -0.069074 0.061639 -0.120279 41.4047068651 -218.5524132508 66.47891
J533 99SEP11 1999.6934 51432 1026 6 141.4 3979 0.128959 4585519 0.156134 66 0.475612 0.0000 0.001230 0.001490 0.005747 -0.084789 -0.006517 -0.168882 41.4047068837 -218.5524132662 66.47561
J533 99SEP12 1999.6961 51433 1027 0 141.4 3979 0.132740 4585519 0.154063 66 0.481349 0.0000 0.001206 0.001443 0.005605 -0.096895 0.007634 -0.107513 41.4047068650 -218.5524132210 66.48135
J533 99SEP13 1999.6988 51434 1027 1 141.4 3979 0.133347 4585519 0.156017 66 0.466151 0.0000 0.001159 0.001398 0.005373 -0.110201 0.051784 -0.116087 41.4047068826 -218.5524132137 66.46615
J533 99SEP14 1999.7016 51435 1027 2 141.4 3979 0.128624 4585519 0.157806 66 0.462950 0.0000 0.001183 0.001467 0.005661 -0.031905 0.049166 -0.094318 41.4047068987 -218.5524132702 66.46295
J533 99SEP15 1999.7043 51436 1027 3 141.4 3979 0.125820 4585519 0.154666 66 0.470816 0.0000 0.001158 0.001413 0.005476 -0.097919 0.116554 -0.156824 41.4047068705 -218.5524133037 66.47082
J533 99SEP16 1999.7070 51437 1027 4 141.4 3979 0.128760 4585519 0.158860 66 0.464130 0.0000 0.001162 0.001437 0.005506 -0.085225 0.091521 -0.141612 41.4047069082 -218.5524132686 66.46413
J533 99SEP17 1999.7098 51438 1027 5 141.4 3979 0.127947 4585519 0.156540 66 0.466137 0.0000 0.001170 0.001458 0.005424 -0.062717 0.042538 -0.123234 41.4047068873 -218.5524132783 66.46614
J533 99SEP18 1999.7125 51439 1027 6 141.4 3979 0.131281 4585519 0.157559 66 0.471080 0.0000 0.001155 0.001461 0.005513 -0.066472 0.042847 -0.086158 41.4047068965 -218.5524132384 66.47108
J533 99SEP19 1999.7153 51440 1028 0 141.4 3979 0.130744 4585519 0.153611 66 0.474808 0.0000 0.001221 0.001482 0.005816 -0.072474 0.090323 -0.149241 41.4047068610 -218.5524132449 66.47481
J533 99SEP20 1999.7180 51441 1028 1 141.4 3979 0.130316 4585519 0.157402 66 0.485610 0.0000 0.001171 0.001412 0.005451 -0.124550 0.087264 -0.168977 41.4047068951 -218.5524132500 66.48561
J533 99SEP21 1999.7207 51442 1028 2 141.4 3979 0.130819 4585519 0.155653 66 0.470533 0.0000 0.001185 0.001450 0.005590 -0.072206 0.058459 -0.129070 41.4047068794 -218.5524132439 66.47053
J533 99SEP22 1999.7235 51443 1028 3 141.4 3979 0.132181 4585519 0.156804 66 0.458057 0.0000 0.001204 0.001556 0.005718 -0.086474 0.062680 -0.085201 41.4047068897 -218.5524132277 66.45806
J533 99SEP23 1999.7262 51444 1028 4 141.4 3979 0.129468 4585519 0.154075 66 0.474998 0.0000 0.001211 0.001475 0.005732 -0.059346 0.046997 -0.168863 41.4047068651 -218.5524132601 66.47500
J533 99SEP24 1999.7290 51445 1028 5 141.4 3979 0.130540 4585519 0.153792 66 0.474300 0.0000 0.001260 0.001550 0.005962 -0.085992 0.095135 -0.160500 41.4047068626 -218.5524132473 66.47430
J533 99SEP25 1999.7317 51446 1028 6 141.4 3979 0.128912 4585519 0.158558 66 0.472028 0.0000 0.001248 0.001529 0.006012 -0.076121 0.103244 -0.106947 41.4047069055 -218.5524132667 66.47203
J533 99SEP26 1999.7344 51447 1029 0 141.4 3979 0.133389 4585519 0.159932 66 0.458585 0.0000 0.001234 0.001471 0.005828 -0.016854 0.057729 -0.142356 41.4047069179 -218.5524132132 66.45859
J533 99SEP27 1999.7372 51448 1029 1 141.4 3979 0.129908 4585519 0.157774 66 0.470510 0.0000 0.001191 0.001466 0.005597 -0.100127 0.086355 -0.121962 41.4047068984 -218.5524132548 66.47051
J533 99SEP28 1999.7399 51449 1029 2 141.4 3979 0.133054 4585519 0.153669 66 0.460333 0.0000 0.001234 0.001550 0.005815 -0.078950 0.118312 -0.145507 41.4047068615 -218.5524132172 66.46033
J533 99SEP29 1999.7426 51450 1029 3 141.4 3979 0.127047 4585519 0.153268 66 0.440379 0.0000 0.001212 0.001509 0.005769 -0.060891 0.049267 -0.167287 41.4047068579 -218.5524132891 66.44038
J533 99SEP30 1999.7454 51451 1029 4 141.4 3979 0.135327 4585519 0.155902 66 0.470802 0.0000 0.001302 0.001513 0.006187 -0.140757 0.135534 -0.235201 41.4047068816 -218.5524131900 66.47080
J533 99OCT01 1999.7481 51452 1029 5 141.4 3979 0.131920 4585519 0.158171 66 0.480245 0.0000 0.001326 0.001551 0.006223 -0.115589 0.114195 -0.174613 41.4047069020 -218.5524132308 66.48024
J533 99OCT02 1999.7509 51453 1029 6 141.4 3979 0.129003 4585519 0.158380 66 0.473474 0.0000 0.001330 0.001609 0.006160 -0.106688 0.126335 -0.115199 41.4047069039 -218.5524132657 66.47347
J533 99OCT03 1999.7536 51454 1030 0 141.4 3979 0.130989 4585519 0.156993 66 0.470719 0.0000 0.001284 0.001526 0.006101 -0.080278 0.129161 -0.143134 41.4047068914 -218.5524132419 66.47072
J533 99OCT04 1999.7563 51455 1030 1 141.4 3979 0.133518 4585519 0.158559 66 0.461141 0.0000 0.001247 0.001512 0.005887 -0.046368 0.051985 -0.154699 41.4047069055 -218.5524132117 66.46114
J533 99OCT05 1999.7591 51456 1030 2 141.4 3979 0.133334 4585519 0.157950 66 0.469897 0.0000 0.001172 0.001429 0.005400 -0.083361 0.058559 -0.152097 41.4047069000 -218.5524132139 66.46990
J533 99OCT06 1999.7618 51457 1030 3 141.4 3979 0.132260 4585519 0.154388 66 0.466328 0.0000 0.001177 0.001425 0.005416 -0.083916 0.098153 -0.169108 41.4047068680 -218.5524132267 66.46633
J533 99OCT07 1999.7645 51458 1030 4 141.4 3979 0.133114 4585519 0.159898 66 0.465166 0.0000 0.001204 0.001448 0.005581 -0.104269 0.082888 -0.141239 41.4047069176 -218.5524132165 66.46517
J533 99OCT08 1999.7673 51459 1030 5 141.4 3979 0.129682 4585519 0.154976 66 0.466503 0.0000 0.001197 0.001457 0.005589 -0.085947 0.037544 -0.144011 41.4047068733 -218.5524132576 66.46650
J533 99OCT09 1999.7700 51460 1030 6 141.4 3979 0.136655 4585519 0.158077 66 0.462581 0.0000 0.001184 0.001433 0.005405 -0.130974 0.116377 -0.198544 41.4047069012 -218.5524131741 66.46258
J533 99OCT10 1999.7728 51461 1031 0 141.4 3979 0.132887 4585519 0.155081 66 0.479686 0.0000 0.001195 0.001513 0.005644 -0.109791 0.090519 -0.084348 41.4047068742 -218.5524132192 66.47969
J533 99OCT11 1999.7755 51462 1031 1 141.4 3979 0.134842 4585519 0.158177 66 0.467026 0.0000 0.001178 0.001481 0.005600 -0.103295 0.124419 -0.135537 41.4047069021 -218.5524131958 66.46703
J533 99OCT12 1999.7782 51463 1031 2 141.4 3979 0.133452 4585519 0.157370 66 0.471112 0.0000 0.001190 0.001440 0.005527 -0.092789 0.067717 -0.140891 41.4047068948 -218.5524132124 66.47111
J533 99OCT13 1999.7810 51464 1031 3 141.4 3979 0.134067 4585519 0.158400 66 0.464018 0.0000 0.001170 0.001432 0.005397 -0.085550 0.055177 -0.134648 41.4047069041 -218.5524132051 66.46402
J533 99OCT14 1999.7837 51465 1031 4 141.4 3979 0.132904 4585519 0.154900 66 0.464819 0.0000 0.001222 0.001434 0.005668 -0.108022 0.093159 -0.159993 41.4047068726 -218.5524132190 66.46482
J533 99OCT15 1999.7864 51466 1031 5 141.4 3979 0.133131 4585519 0.159578 66 0.463756 0.0000 0.001209 0.001468 0.005573 -0.128035 0.126676 -0.130975 41.4047069147 -218.5524132163 66.46376
J533 99OCT16 1999.7892 51467 1031 6 141.4 3979 0.134048 4585519 0.159896 66 0.478180 0.0000 0.001244 0.001418 0.005601 -0.093139 0.043278 -0.167010 41.4047069176 -218.5524132053 66.47818
J533 99OCT17 1999.7919 51468 1032 0 141.4 3979 0.133600 4585519 0.157751 66 0.467329 0.0000 0.001220 0.001426 0.005632 -0.076164 0.143993 -0.168339 41.4047068982 -218.5524132107 66.46733
J533 99OCT18 1999.7947 51469 1032 1 141.4 3979 0.135115 4585519 0.156344 66 0.476157 0.0000 0.001197 0.001453 0.005582 -0.110074 0.086235 -0.172290 41.4047068856 -218.5524131926 66.47616
J533 99OCT19 1999.7974 51470 1032 2 141.4 3979 0.130498 4585519 0.160384 66 0.464986 0.0000 0.001210 0.001517 0.005765 -0.080063 0.082516 -0.194002 41.4047069220 -218.5524132478 66.46499
J533 99OCT20 1999.8001 51471 1032 3 141.4 3979 0.135573 4585519 0.156054 66 0.462805 0.0000 0.001210 0.001480 0.005715 -0.052335 0.054923 -0.230113 41.4047068830 -218.5524131871 66.46280
J533 99OCT21 1999.8029 51472 1032 4 141.4 3979 0.134578 4585519 0.159218 66 0.446988 0.0000 0.001226 0.001447 0.005674 -0.062349 0.065559 -0.154129 41.4047069115 -218.5524131990 66.44699
J533 99OCT22 1999.8056 51473 1032 5 141.4 3979 0.132684 4585519 0.156270 66 0.477679 0.0000 0.001338 0.001562 0.006233 -0.123539 0.109697 -0.168187 41.4047068849 -218.5524132216 66.47768
J533 99OCT23 1999.8084 51474 1032 6 141.4 3979 0.134753 4585519 0.159627 66 0.465129 0.0000 0.001194 0.001461 0.005585 -0.093327 0.046184 -0.135939 41.4047069151 -218.5524131969 66.46513
J533 99OCT24 1999.8111 51475 1033 0 141.4 3979 0.134626 4585519 0.157260 66 0.467808 0.0000 0.001214 0.001481 0.005688 -0.036112 0.017846 -0.150377 41.4047068938 -218.5524131984 66.46781
J533 99OCT25 1999.8138 51476 1033 1 141.4 3979 0.133638 4585519 0.157230 66 0.464673 0.0000 0.001197 0.001466 0.005644 -0.095693 0.039175 -0.167899 41.4047068935 -218.5524132102 66.46467
J533 99OCT26 1999.8166 51477 1033 2 141.4 3979 0.131964 4585519 0.156407 66 0.454111 0.0000 0.001183 0.001405 0.005439 -0.119954 0.066178 -0.137643 41.4047068861 -218.5524132303 66.45411
J533 99OCT27 1999.8193 51478 1033 3 141.4 3979 0.134161 4585519 0.157119 66 0.463175 0.0000 0.001240 0.001479 0.005911 -0.048503 0.054496 -0.173598 41.4047068925 -218.5524132040 66.46318
J533 99OCT28 1999.8220 51479 1033 4 141.4 3979 0.133807 4585519 0.158618 66 0.463337 0.0000 0.001256 0.001473 0.005651 -0.103098 0.094022 -0.148916 41.4047069060 -218.5524132082 66.46334
J533 99OCT29 1999.8248 51480 1033 5 141.4 3979 0.134986 4585519 0.159079 66 0.473077 0.0000 0.001334 0.001562 0.006192 -0.123320 0.083552 -0.172011 41.4047069102 -218.5524131941 66.47308
J533 99OCT30 1999.8275 51481 1033 6 141.4 3979 0.131895 4585519 0.154611 66 0.456247 0.0000 0.001228 0.001409 0.005571 -0.132111 0.115169 -0.183165 41.4047068700 -218.5524132311 66.45625
J533 99OCT31 1999.8303 51482 1034 0 141.4 3979 0.131631 4585519 0.159498 66 0.463194 0.0000 0.001235 0.001478 0.005751 -0.076676 0.048961 -0.109135 41.4047069140 -218.5524132342 66.46319
J533 99NOV01 1999.8330 51483 1034 1 141.4 3979 0.132585 4585519 0.156095 66 0.466369 0.0000 0.001239 0.001445 0.005654 -0.124347 0.118851 -0.173767 41.4047068833 -218.5524132228 66.46637
J533 99NOV02 1999.8357 51484 1034 2 141.4 3979 0.130771 4585519 0.156505 66 0.463268 0.0000 0.001243 0.001391 0.005603 -0.078341 0.064794 -0.194508 41.4047068870 -218.5524132445 66.46327
J533 99NOV03 1999.8385 51485 1034 3 141.4 3979 0.129853 4585519 0.156281 66 0.458189 0.0000 0.001205 0.001388 0.005428 -0.105294 0.054647 -0.129584 41.4047068850 -218.5524132555 66.45819
J533 99NOV04 1999.8412 51486 1034 4 141.4 3979 0.131151 4585519 0.156681 66 0.459273 0.0000 0.001233 0.001423 0.005547 -0.102124 0.065131 -0.135128 41.4047068886 -218.5524132400 66.45927
J533 99NOV05 1999.8439 51487 1034 5 141.4 3979 0.130748 4585519 0.155015 66 0.463028 0.0000 0.001264 0.001454 0.005774 -0.083570 0.021775 -0.147697 41.4047068736 -218.5524132448 66.46303
J533 99NOV06 1999.8467 51488 1034 6 141.4 3979 0.130930 4585519 0.156176 66 0.463907 0.0000 0.001262 0.001421 0.005728 -0.107189 0.117674 -0.142313 41.4047068841 -218.5524132426 66.46391
J533 99NOV07 1999.8494 51489 1035 0 141.4 3979 0.130689 4585519 0.157690 66 0.464075 0.0000 0.001231 0.001428 0.005660 -0.087561 0.085479 -0.107822 41.4047068977 -218.5524132455 66.46407
J533 99NOV08 1999.8522 51490 1035 1 141.4 3979 0.129977 4585519 0.155043 66 0.465288 0.0000 0.001257 0.001470 0.005941 -0.102741 0.146833 -0.135660 41.4047068739 -218.5524132540 66.46529
J533 99NOV09 1999.8549 51491 1035 2 141.4 3979 0.129908 4585519 0.159785 66 0.469076 0.0000 0.001265 0.001470 0.005807 -0.114867 0.110827 -0.166096 41.4047069166 -218.5524132548 66.46908
J533 99NOV10 1999.8576 51492 1035 3 141.4 3979 0.128248 4585519 0.160680 66 0.470016 0.0000 0.001220 0.001446 0.005772 -0.053068 0.081325 -0.070083 41.4047069246 -218.5524132747 66.47002
J533 99NOV11 1999.8604 51493 1035 4 141.4 3979 0.128875 4585519 0.155200 66 0.465703 0.0000 0.001213 0.001443 0.005668 -0.090401 0.099995 -0.140895 41.4047068753 -218.5524132672 66.46570
J533 99NOV12 1999.8631 51494 1035 5 141.4 3979 0.129098 4585519 0.155040 66 0.466592 0.0000 0.001299 0.001478 0.005809 -0.107896 0.098622 -0.187414 41.4047068738 -218.5524132645 66.46659
J533 99NOV13 1999.8658 51495 1035 6 141.4 3979 0.131141 4585519 0.159695 66 0.456487 0.0000 0.001256 0.001446 0.005678 -0.056985 0.106136 -0.099899 41.4047069157 -218.5524132401 66.45649
J533 99NOV14 1999.8686 51496 1036 0 141.4 3979 0.131471 4585519 0.156946 66 0.456721 0.0000 0.001200 0.001406 0.005455 -0.039709 0.045288 -0.094137 41.4047068910 -218.5524132361 66.45672
J533 99NOV15 1999.8713 51497 1036 1 141.4 3979 0.133582 4585519 0.157104 66 0.472743 0.0000 0.001180 0.001398 0.005392 -0.060057 0.077068 -0.067164 41.4047068924 -218.5524132109 66.47274
J533 99NOV16 1999.8741 51498 1036 2 141.4 3979 0.131885 4585519 0.158503 66 0.475952 0.0000 0.001254 0.001447 0.005675 -0.065197 0.109565 -0.170128 41.4047069050 -218.5524132312 66.47595
J533 99NOV17 1999.8768 51499 1036 3 141.4 3979 0.131251 4585519 0.156332 66 0.465031 0.0000 0.001183 0.001433 0.005494 -0.071045 0.062850 -0.148657 41.4047068855 -218.5524132388 66.46503
J533 99NOV18 1999.8795 51500 1036 4 141.4 3979 0.126703 4585519 0.155685 66 0.463817 0.0000 0.001261 0.001433 0.005615 -0.068773 0.125060 -0.127745 41.4047068796 -218.5524132932 66.46382
J533 99NOV19 1999.8823 51501 1036 5 141.4 3979 0.131274 4585519 0.161252 66 0.464446 0.0000 0.001245 0.001386 0.005478 -0.075668 0.037631 -0.118698 41.4047069298 -218.5524132385 66.46445
J533 99NOV20 1999.8850 51502 1036 6 141.4 3979 0.129917 4585519 0.155125 66 0.464793 0.0000 0.001263 0.001426 0.005623 -0.059503 0.096443 -0.096597 41.4047068746 -218.5524132547 66.46479
J533 99NOV21 1999.8877 51503 1037 0 141.4 3979 0.132963 4585519 0.158010 66 0.461517 0.0000 0.001315 0.001440 0.005826 -0.080616 0.037324 -0.118961 41.4047069006 -218.5524132183 66.46152
J533 99NOV22 1999.8905 51504 1037 1 141.4 3979 0.134943 4585519 0.158036 66 0.479275 0.0000 0.001232 0.001400 0.005535 -0.009718 -0.028254 -0.073822 41.4047069008 -218.5524131946 66.47927
J533 99NOV23 1999.8932 51505 1037 2 141.4 3979 0.130302 4585519 0.154862 66 0.446865 0.0000 0.001236 0.001438 0.005588 -0.087484 0.044557 -0.155255 41.4047068722 -218.5524132501 66.44686
J533 99NOV24 1999.8960 51506 1037 3 141.4 3979 0.131557 4585519 0.158283 66 0.475523 0.0000 0.001328 0.001558 0.006018 -0.065558 0.056571 -0.083359 41.4047069030 -218.5524132351 66.47552
J533 99NOV25 1999.8987 51507 1037 4 141.4 3979 0.130256 4585519 0.155363 66 0.474287 0.0000 0.001296 0.001517 0.005897 -0.021564 0.031016 -0.101233 41.4047068767 -218.5524132507 66.47429
J533 99NOV26 1999.9014 51508 1037 5 141.4 3979 0.132321 4585519 0.156288 66 0.471060 0.0000 0.001309 0.001473 0.005757 -0.069153 0.079226 -0.188906 41.4047068851 -218.5524132260 66.47106
J533 99NOV27 1999.9042 51509 1037 6 141.4 3979 0.131264 4585519 0.154137 66 0.476077 0.0000 0.001228 0.001469 0.005634 -0.108456 0.106646 -0.144068 41.4047068657 -218.5524132386 66.47608
J533 99NOV28 1999.9069 51510 1038 0 141.4 3979 0.130721 4585519 0.157853 66 0.482306 0.0000 0.001177 0.001386 0.005416 -0.066523 0.090543 -0.141144 41.4047068992 -218.5524132451 66.48231
J533 99NOV29 1999.9097 51511 1038 1 141.4 3979 0.132644 4585519 0.157342 66 0.462079 0.0000 0.001212 0.001445 0.005467 -0.052591 0.040417 -0.096075 41.4047068946 -218.5524132221 66.46208
J533 99NOV30 1999.9124 51512 1038 2 141.4 3979 0.134348 4585519 0.156483 66 0.457505 0.0000 0.001271 0.001512 0.005677 -0.043507 0.061995 -0.078199 41.4047068868 -218.5524132017 66.45751
J533 99DEC01 1999.9151 51513 1038 3 141.4 3979 0.132563 4585519 0.154416 66 0.463029 0.0000 0.001227 0.001537 0.005773 -0.068769 0.033919 -0.133956 41.4047068682 -218.5524132231 66.46303
J533 99DEC02 1999.9179 51514 1038 4 141.4 3979 0.132243 4585519 0.157845 66 0.476157 0.0000 0.001254 0.001404 0.005625 -0.035507 0.025225 -0.100790 41.4047068991 -218.5524132269 66.47616
J533 99DEC03 1999.9206 51515 1038 5 141.4 3979 0.130168 4585519 0.154950 66 0.462811 0.0000 0.001229 0.001424 0.005478 -0.074915 0.061361 -0.082045 41.4047068730 -218.5524132517 66.46281
J533 99DEC04 1999.9233 51516 1038 6 141.4 3979 0.130854 4585519 0.155387 66 0.472569 0.0000 0.001346 0.001557 0.006235 -0.029544 0.052263 -0.164895 41.4047068770 -218.5524132435 66.47257
J533 99DEC05 1999.9261 51517 1039 0 141.4 3979 0.133509 4585519 0.160434 66 0.464298 0.0000 0.001211 0.001369 0.005398 -0.060236 0.043835 -0.141527 41.4047069224 -218.5524132117 66.46430
J533 99DEC06 1999.9288 51518 1039 1 141.4 3979 0.131838 4585519 0.159433 66 0.480212 0.0000 0.001268 0.001442 0.005651 -0.032984 0.061222 -0.112292 41.4047069134 -218.5524132317 66.48021
J533 99DEC07 1999.9316 51519 1039 2 141.4 3979 0.131204 4585519 0.159315 66 0.467603 0.0000 0.001220 0.001418 0.005565 -0.052513 0.085107 -0.108413 41.4047069123 -218.5524132393 66.46760
J533 99DEC08 1999.9343 51520 1039 3 141.4 3979 0.131931 4585519 0.158071 66 0.472607 0.0000 0.001293 0.001550 0.005946 0.002671 -0.010420 -0.174030 41.4047069011 -218.5524132306 66.47261
J533 99DEC09 1999.9370 51521 1039 4 141.4 3979 0.134794 4585519 0.160332 66 0.470260 0.0000 0.001279 0.001441 0.005906 -0.101259 0.179047 -0.184022 41.4047069215 -218.5524131964 66.47026
J533 99DEC10 1999.9398 51522 1039 5 141.4 3979 0.134367 4585519 0.158801 66 0.467384 0.0000 0.001225 0.001406 0.005523 -0.037871 0.133190 -0.099583 41.4047069077 -218.5524132015 66.46738
J533 99DEC11 1999.9425 51523 1039 6 141.4 3979 0.132164 4585519 0.162047 66 0.462002 0.0000 0.001219 0.001393 0.005495 -0.047649 0.110720 -0.106633 41.4047069369 -218.5524132278 66.46200
J533 99DEC12 1999.9452 51524 1040 0 141.4 3979 0.127902 4585519 0.157781 66 0.469611 0.0000 0.001233 0.001444 0.005745 -0.025577 0.118337 -0.120957 41.4047068985 -218.5524132788 66.46961
J533 99DEC13 1999.9480 51525 1040 1 141.4 3979 0.128558 4585519 0.157667 66 0.479498 0.0000 0.001238 0.001473 0.005681 -0.039431 0.085790 -0.115169 41.4047068975 -218.5524132710 66.47950
J533 99DEC14 1999.9507 51526 1040 2 141.4 3979 0.126282 4585519 0.161346 66 0.461483 0.0000 0.001313 0.001454 0.005836 -0.047837 0.094623 -0.111145 41.4047069306 -218.5524132982 66.46148
J533 99DEC15 1999.9535 51527 1040 3 141.4 3979 0.129545 4585519 0.158307 66 0.470689 0.0000 0.001215 0.001466 0.005529 0.008044 0.053231 -0.086656 41.4047069033 -218.5524132592 66.47069
J533 99DEC16 1999.9562 51528 1040 4 141.4 3979 0.129094 4585519 0.157431 66 0.465141 0.0000 0.001233 0.001454 0.005678 -0.050320 0.114384 -0.081434 41.4047068954 -218.5524132646 66.46514
J533 99DEC17 1999.9589 51529 1040 5 141.4 3979 0.132313 4585519 0.158269 66 0.472331 0.0000 0.001280 0.001565 0.005771 0.035498 0.037169 -0.032296 41.4047069029 -218.5524132261 66.47233
J533 99DEC18 1999.9617 51530 1040 6 141.4 3979 0.127402 4585519 0.159295 66 0.462176 0.0000 0.001224 0.001473 0.005525 -0.005626 0.047826 -0.116574 41.4047069121 -218.5524132848 66.46218
J533 99DEC19 1999.9644 51531 1041 0 141.4 3979 0.131430 4585519 0.155945 66 0.456880 0.0000 0.001255 0.001421 0.005696 -0.007785 0.047510 -0.125506 41.4047068820 -218.5524132366 66.45688
J533 99DEC20 1999.9671 51532 1041 1 141.4 3979 0.128984 4585519 0.161495 66 0.451743 0.0000 0.001213 0.001417 0.005463 -0.054402 0.073095 -0.117482 41.4047069319 -218.5524132659 66.45174
J533 99DEC21 1999.9699 51533 1041 2 141.4 3979 0.129105 4585519 0.154551 66 0.466479 0.0000 0.001256 0.001503 0.005892 -0.068441 0.093627 -0.132992 41.4047068694 -218.5524132644 66.46648
J533 99DEC22 1999.9726 51534 1041 3 141.4 3979 0.130827 4585519 0.156930 66 0.462380 0.0000 0.001223 0.001456 0.005524 -0.041193 0.057941 -0.077170 41.4047068908 -218.5524132438 66.46238
J533 99DEC23 1999.9754 51535 1041 4 141.4 3979 0.130707 4585519 0.153885 66 0.458955 0.0000 0.001203 0.001430 0.005569 -0.014298 0.063970 -0.128398 41.4047068634 -218.5524132453 66.45895
J533 99DEC24 1999.9781 51536 1041 5 141.4 3979 0.128091 4585519 0.157318 66 0.469541 0.0000 0.001190 0.001392 0.005344 -0.019524 0.029897 -0.092829 41.4047068943 -218.5524132766 66.46954
J533 99DEC25 1999.9808 51537 1041 6 141.4 3979 0.129895 4585519 0.156068 66 0.476667 0.0000 0.001209 0.001425 0.005538 -0.062861 0.063274 -0.081228 41.4047068831 -218.5524132550 66.47667
J533 99DEC26 1999.9836 51538 1042 0 141.4 3979 0.129615 4585519 0.155895 66 0.471330 0.0000 0.001191 0.001395 0.005413 -0.034808 0.060594 -0.101611 41.4047068815 -218.5524132583 66.47133
J533 99DEC27 1999.9863 51539 1042 1 141.4 3979 0.125833 4585519 0.154723 66 0.468273 0.0000 0.001186 0.001420 0.005438 -0.054421 0.046773 -0.027558 41.4047068710 -218.5524133036 66.46827
J533 99DEC28 1999.9890 51540 1042 2 141.4 3979 0.128977 4585519 0.154709 66 0.470276 0.0000 0.001307 0.001551 0.005898 0.009749 0.004173 -0.158965 41.4047068709 -218.5524132660 66.47028
J533 99DEC29 1999.9918 51541 1042 3 141.4 3979 0.130735 4585519 0.157257 66 0.469563 0.0000 0.001178 0.001423 0.005382 -0.042690 0.070687 -0.109768 41.4047068938 -218.5524132449 66.46956
J533 99DEC30 1999.9945 51542 1042 4 141.4 3979 0.129156 4585519 0.159080 66 0.469909 0.0000 0.001177 0.001348 0.005280 -0.040737 0.076770 -0.111654 41.4047069102 -218.5524132638 66.46991
J533 99DEC31 1999.9973 51543 1042 5 141.4 3979 0.129599 4585519 0.159332 66 0.467765 0.0000 0.001200 0.001431 0.005550 -0.019426 0.039345 -0.075426 41.4047069125 -218.5524132585 66.46776
J533 00JAN01 2000.0000 51544 1042 6 141.4 3979 0.129609 4585519 0.159599 66 0.468064 0.0000 0.001236 0.001474 0.005621 0.056707 -0.024180 -0.109226 41.4047069149 -218.5524132584 66.46806
J533 00JAN02 2000.0027 51545 1043 0 141.4 3979 0.126668 4585519 0.160278 66 0.467580 0.0000 0.001151 0.001367 0.005324 -0.021407 0.071108 -0.103260 41.4047069210 -218.5524132936 66.46758
J533 00JAN03 2000.0055 51546 1043 1 141.4 3979 0.125646 4585519 0.158433 66 0.465036 0.0000 0.001182 0.001397 0.005445 -0.050232 0.077230 -0.148465 41.4047069044 -218.5524133058 66.46504
J533 00JAN04 2000.0082 51547 1043 2 141.4 3979 0.126162 4585519 0.157268 66 0.457678 0.0000 0.001207 0.001465 0.005659 -0.045954 0.020702 -0.124052 41.4047068939 -218.5524132996 66.45768
J533 00JAN05 2000.0110 51548 1043 3 141.4 3979 0.127684 4585519 0.157930 66 0.464621 0.0000 0.001149 0.001370 0.005317 -0.072842 0.094111 -0.084076 41.4047068999 -218.5524132814 66.46462
J533 00JAN06 2000.0137 51549 1043 4 141.4 3979 0.129722 4585519 0.155712 66 0.469913 0.0000 0.001205 0.001424 0.005384 -0.040951 0.076776 -0.104015 41.4047068799 -218.5524132571 66.46991
J533 00JAN07 2000.0164 51550 1043 5 141.4 3979 0.130751 4585519 0.154124 66 0.470505 0.0000 0.001231 0.001500 0.005597 0.013830 0.012951 -0.127999 41.4047068656 -218.5524132448 66.47050
J533 00JAN08 2000.0192 51551 1043 6 141.4 3979 0.128645 4585519 0.154991 66 0.449604 0.0000 0.001197 0.001414 0.005369 -0.040061 0.086850 -0.088369 41.4047068734 -218.5524132699 66.44960
J533 00JAN09 2000.0219 51552 1044 0 141.4 3979 0.128296 4585519 0.157924 66 0.460148 0.0000 0.001180 0.001435 0.005402 -0.056044 0.122792 -0.044641 41.4047068998 -218.5524132741 66.46015
J533 00JAN10 2000.0246 51553 1044 1 141.4 3979 0.128317 4585519 0.157112 66 0.462003 0.0000 0.001210 0.001410 0.005478 -0.040084 0.124727 -0.153407 41.4047068925 -218.5524132739 66.46200
J533 00JAN11 2000.0274 51554 1044 2 141.4 3979 0.130849 4585519 0.157289 66 0.464791 0.0000 0.001279 0.001461 0.005939 -0.055911 0.158593 -0.165796 41.4047068941 -218.5524132436 66.46479
J533 00JAN12 2000.0301 51555 1044 3 141.4 3979 0.127823 4585519 0.156501 66 0.463618 0.0000 0.001304 0.001544 0.005856 -0.123055 0.124670 -0.133550 41.4047068870 -218.5524132798 66.46362
J533 00JAN13 2000.0329 51556 1044 4 141.4 3979 0.128211 4585519 0.156943 66 0.467654 0.0000 0.001219 0.001488 0.005681 -0.028160 0.034491 -0.081154 41.4047068910 -218.5524132751 66.46765
J533 00JAN14 2000.0356 51557 1044 5 141.4 3979 0.130721 4585519 0.156717 66 0.463685 0.0000 0.001235 0.001451 0.005634 -0.027358 0.041436 -0.126223 41.4047068889 -218.5524132451 66.46368
J533 00JAN15 2000.0383 51558 1044 6 141.4 3979 0.127823 4585519 0.158730 66 0.462493 0.0000 0.001238 0.001459 0.005659 -0.044077 0.107152 -0.099872 41.4047069071 -218.5524132798 66.46249
J533 00JAN16 2000.0411 51559 1045 0 141.4 3979 0.127576 4585519 0.157542 66 0.472562 0.0000 0.001217 0.001413 0.005549 -0.045626 0.070734 -0.110048 41.4047068964 -218.5524132827 66.47256
J533 00JAN17 2000.0438 51560 1045 1 141.4 3979 0.129450 4585519 0.156299 66 0.468872 0.0000 0.001221 0.001422 0.005685 -0.070131 0.096789 -0.168435 41.4047068852 -218.5524132603 66.46887
J533 00JAN18 2000.0465 51561 1045 2 141.4 3979 0.129000 4585519 0.151721 66 0.462591 0.0000 0.001242 0.001408 0.005681 -0.082403 0.125788 -0.168785 41.4047068440 -218.5524132657 66.46259
J533 00JAN19 2000.0493 51562 1045 3 141.4 3979 0.128564 4585519 0.153526 66 0.473773 0.0000 0.001278 0.001445 0.005927 -0.043961 0.091030 -0.108382 41.4047068602 -218.5524132709 66.47377
J533 00JAN20 2000.0520 51563 1045 4 141.4 3979 0.129314 4585519 0.152424 66 0.460320 0.0000 0.001260 0.001459 0.005872 -0.045794 0.103437 -0.160897 41.4047068503 -218.5524132620 66.46032
J533 00JAN21 2000.0548 51564 1045 5 141.4 3979 0.130045 4585519 0.151935 66 0.453531 0.0000 0.001217 0.001398 0.005542 -0.005081 0.051282 -0.131624 41.4047068459 -218.5524132532 66.45353
J533 00JAN22 2000.0575 51565 1045 6 141.4 3979 0.131149 4585519 0.154455 66 0.453697 0.0000 0.001211 0.001450 0.005691 -0.008888 0.037591 -0.122204 41.4047068686 -218.5524132400 66.45370
J533 00JAN23 2000.0602 51566 1046 0 141.4 3979 0.128245 4585519 0.154361 66 0.461755 0.0000 0.001300 0.001543 0.006123 -0.037945 0.041275 -0.159031 41.4047068677 -218.5524132747 66.46176
J533 00JAN24 2000.0630 51567 1046 1 141.4 3979 0.127418 4585519 0.152892 66 0.465671 0.0000 0.001255 0.001383 0.005716 -0.046606 0.052071 -0.155027 41.4047068545 -218.5524132846 66.46567
J533 00JAN25 2000.0657 51568 1046 2 141.4 3979 0.129978 4585519 0.151609 66 0.457513 0.0000 0.001236 0.001378 0.005561 -0.038891 0.114616 -0.134150 41.4047068429 -218.5524132540 66.45751
J533 00JAN26 2000.0684 51569 1046 3 141.4 3979 0.131350 4585519 0.153219 66 0.464410 0.0000 0.001279 0.001464 0.005851 -0.005094 0.068482 -0.144149 41.4047068574 -218.5524132376 66.46441
J533 00JAN27 2000.0712 51570 1046 4 141.4 3979 0.131957 4585519 0.153284 66 0.463875 0.0000 0.001291 0.001471 0.005909 -0.041804 0.095699 -0.129341 41.4047068580 -218.5524132304 66.46387
J533 00JAN28 2000.0739 51571 1046 5 141.4 3979 0.128206 4585519 0.155277 66 0.465354 0.0000 0.001280 0.001437 0.005795 -0.034488 0.032391 -0.151458 41.4047068760 -218.5524132752 66.46535
J533 00JAN29 2000.0767 51572 1046 6 141.4 3979 0.130474 4585519 0.151173 66 0.470671 0.0000 0.001331 0.001496 0.006024 -0.051053 -0.001420 -0.158258 41.4047068390 -218.5524132481 66.47067
J533 00JAN30 2000.0794 51573 1047 0 141.4 3979 0.128662 4585519 0.155111 66 0.464581 0.0000 0.001276 0.001467 0.005897 -0.030903 0.033356 -0.155979 41.4047068745 -218.5524132697 66.46458
J533 00JAN31 2000.0821 51574 1047 1 141.4 3979 0.129262 4585519 0.151533 66 0.473732 0.0000 0.001324 0.001483 0.005943 -0.044427 0.027086 -0.123886 41.4047068423 -218.5524132626 66.47373
J533 00FEB01 2000.0849 51575 1047 2 141.4 3979 0.131864 4585519 0.152447 66 0.476742 0.0000 0.001296 0.001537 0.006139 -0.044939 0.024759 -0.056238 41.4047068505 -218.5524132315 66.47674
J533 00FEB02 2000.0876 51576 1047 3 141.4 3979 0.130216 4585519 0.152682 66 0.468790 0.0000 0.001329 0.001516 0.006044 -0.000573 0.013847 -0.171792 41.4047068526 -218.5524132512 66.46879
J533 00FEB03 2000.0903 51577 1047 4 141.4 3979 0.131786 4585519 0.149954 66 0.461573 0.0000 0.001286 0.001512 0.005990 -0.070000 0.076491 -0.178256 41.4047068280 -218.5524132324 66.46157
J533 00FEB04 2000.0931 51578 1047 5 141.4 3979 0.129360 4585519 0.149875 66 0.463856 0.0000 0.001239 0.001413 0.005515 -0.073798 0.052386 -0.078503 41.4047068273 -218.5524132614 66.46386
J533 00FEB05 2000.0958 51579 1047 6 141.4 3979 0.131933 4585519 0.152634 66 0.468077 0.0000 0.001295 0.001456 0.005699 -0.026713 0.003391 -0.140762 41.4047068522 -218.5524132306 66.46808
J533 00FEB06 2000.0986 51580 1048 0 141.4 3979 0.129023 4585519 0.151865 66 0.475024 0.0000 0.001308 0.001483 0.005906 -0.058392 0.111889 -0.144594 41.4047068452 -218.5524132654 66.47502
J533 00FEB07 2000.1013 51581 1048 1 141.4 3979 0.131879 4585519 0.151414 66 0.472705 0.0000 0.001241 0.001427 0.005571 -0.035316 0.094541 -0.120507 41.4047068412 -218.5524132313 66.47270
J533 00FEB08 2000.1040 51582 1048 2 141.4 3979 0.130976 4585519 0.154939 66 0.470570 0.0000 0.001231 0.001414 0.005466 -0.104498 0.114899 -0.139603 41.4047068729 -218.5524132421 66.47057
J533 00FEB09 2000.1068 51583 1048 3 141.4 3979 0.131763 4585519 0.150869 66 0.472036 0.0000 0.001294 0.001468 0.005736 -0.027339 -0.047392 -0.121416 41.4047068363 -218.5524132327 66.47204
J533 00FEB10 2000.1095 51584 1048 4 141.4 3979 0.130362 4585519 0.150200 66 0.469689 0.0000 0.001203 0.001471 0.005586 -0.049575 0.051324 -0.120346 41.4047068303 -218.5524132494 66.46969
J533 00FEB11 2000.1123 51585 1048 5 141.4 3979 0.130748 4585519 0.153386 66 0.472615 0.0000 0.001201 0.001390 0.005420 -0.067240 0.088879 -0.123024 41.4047068589 -218.5524132448 66.47262
J533 00FEB12 2000.1150 51586 1048 6 141.4 3979 0.128710 4585519 0.152874 66 0.472299 0.0000 0.001290 0.001552 0.006076 0.015765 0.049032 -0.093862 41.4047068543 -218.5524132692 66.47230
J533 00FEB13 2000.1177 51587 1049 0 141.4 3979 0.132091 4585519 0.151068 66 0.469392 0.0000 0.001177 0.001396 0.005363 -0.046332 0.093364 -0.089790 41.4047068381 -218.5524132288 66.46939
J533 00FEB14 2000.1205 51588 1049 1 141.4 3979 0.129286 4585519 0.151552 66 0.459188 0.0000 0.001183 0.001428 0.005413 -0.053927 0.039540 -0.142121 41.4047068424 -218.5524132623 66.45919
J533 00FEB15 2000.1232 51589 1049 2 141.4 3979 0.129218 4585519 0.152560 66 0.473679 0.0000 0.001210 0.001440 0.005557 -0.054754 0.068035 -0.122851 41.4047068515 -218.5524132631 66.47368
J533 00FEB16 2000.1259 51590 1049 3 141.4 3979 0.131633 4585519 0.152348 66 0.470543 0.0000 0.001204 0.001451 0.005533 -0.051388 0.071317 -0.125957 41.4047068496 -218.5524132342 66.47054
J533 00FEB17 2000.1287 51591 1049 4 141.4 3979 0.128733 4585519 0.153150 66 0.465387 0.0000 0.001219 0.001433 0.005579 -0.061550 0.090683 -0.163411 41.4047068568 -218.5524132689 66.46539
J533 00FEB18 2000.1314 51592 1049 5 141.4 3979 0.129734 4585519 0.152204 66 0.467800 0.0000 0.001217 0.001424 0.005626 -0.062518 0.095555 -0.169044 41.4047068483 -218.5524132569 66.46780
J533 00FEB19 2000.1342 51593 1049 6 141.4 3979 0.132657 4585519 0.150389 66 0.466331 0.0000 0.001202 0.001451 0.005558 0.000744 0.068887 -0.106648 41.4047068320 -218.5524132220 66.46633
J533 00FEB20 2000.1369 51594 1050 0 141.4 3979 0.132276 4585519 0.151686 66 0.463739 0.0000 0.001212 0.001491 0.005554 -0.035578 0.012103 -0.162801 41.4047068436 -218.5524132265 66.46374
J533 00FEB21 2000.1396 51595 1050 1 141.4 3979 0.132491 4585519 0.153669 66 0.468407 0.0000 0.001202 0.001511 0.005633 -0.047238 0.052788 -0.159189 41.4047068615 -218.5524132240 66.46841
J533 00FEB22 2000.1424 51596 1050 2 141.4 3979 0.129583 4585519 0.150881 66 0.469032 0.0000 0.001220 0.001484 0.005666 -0.082589 0.108470 -0.138770 41.4047068364 -218.5524132588 66.46903
J533 00FEB23 2000.1451 51597 1050 3 141.4 3979 0.130660 4585519 0.152153 66 0.471843 0.0000 0.001199 0.001414 0.005530 -0.058746 0.093595 -0.110228 41.4047068478 -218.5524132459 66.47184
J533 00FEB24 2000.1478 51598 1050 4 141.4 3979 0.131532 4585519 0.152080 66 0.458877 0.0000 0.001189 0.001386 0.005361 -0.071713 0.096247 -0.154204 41.4047068472 -218.5524132354 66.45888
J533 00FEB25 2000.1506 51599 1050 5 141.4 3979 0.129924 4585519 0.152526 66 0.461598 0.0000 0.001228 0.001436 0.005737 -0.059157 0.094745 -0.173365 41.4047068512 -218.5524132547 66.46160
J533 00FEB26 2000.1533 51600 1050 6 141.4 3979 0.130943 4585519 0.151674 66 0.463549 0.0000 0.001220 0.001405 0.005566 -0.070854 0.121506 -0.128383 41.4047068435 -218.5524132425 66.46355
J533 00FEB27 2000.1561 51601 1051 0 141.4 3979 0.129779 4585519 0.152839 66 0.455106 0.0000 0.001259 0.001412 0.005773 -0.070763 0.130527 -0.083354 41.4047068540 -218.5524132564 66.45511
J533 00FEB28 2000.1588 51602 1051 1 141.4 3979 0.132027 4585519 0.153021 66 0.460947 0.0000 0.001269 0.001481 0.005781 -0.042245 0.165144 -0.100257 41.4047068557 -218.5524132295 66.46095
J533 00FEB29 2000.1615 51603 1051 2 141.4 3979 0.130170 4585519 0.157189 66 0.471562 0.0000 0.001242 0.001449 0.005632 -0.073843 0.127192 -0.150682 41.4047068932 -218.5524132517 66.47156
J533 00MAR01 2000.1643 51604 1051 3 141.4 3979 0.130829 4585519 0.147384 66 0.466891 0.0000 0.001264 0.001486 0.005891 -0.104798 0.056932 -0.179348 41.4047068049 -218.5524132439 66.46689
J533 00MAR02 2000.1670 51605 1051 4 141.4 3979 0.130145 4585519 0.153801 66 0.462438 0.0000 0.001290 0.001538 0.006007 -0.045485 0.082667 -0.113543 41.4047068627 -218.5524132520 66.46244
J533 00MAR03 2000.1697 51606 1051 5 141.4 3979 0.134924 4585519 0.147304 66 0.467589 0.0000 0.001275 0.001469 0.005804 -0.100815 0.060670 -0.085853 41.4047068042 -218.5524131949 66.46759
J533 00MAR04 2000.1725 51607 1051 6 141.4 3979 0.132258 4585519 0.150742 66 0.462109 0.0000 0.001244 0.001514 0.005873 -0.066248 0.093266 -0.158631 41.4047068351 -218.5524132268 66.46211
J533 00MAR05 2000.1752 51608 1052 0 141.4 3979 0.134338 4585519 0.152354 66 0.471268 0.0000 0.001274 0.001518 0.005935 -0.073613 0.073989 -0.091985 41.4047068496 -218.5524132019 66.47127
J533 00MAR06 2000.1780 51609 1052 1 141.4 3979 0.131488 4585519 0.150056 66 0.471827 0.0000 0.001280 0.001577 0.006160 -0.051627 0.064578 -0.131669 41.4047068290 -218.5524132360 66.47183
J533 00MAR07 2000.1807 51610 1052 2 141.4 3979 0.132039 4585519 0.153481 66 0.476284 0.0000 0.001300 0.001574 0.006212 -0.093420 0.090786 -0.120753 41.4047068598 -218.5524132294 66.47628
J533 00MAR08 2000.1834 51611 1052 3 141.4 3979 0.133056 4585519 0.150127 66 0.465205 0.0000 0.001436 0.001700 0.006670 -0.139047 0.216193 -0.200945 41.4047068296 -218.5524132172 66.46521
J533 00MAR09 2000.1862 51612 1052 4 141.4 3979 0.130368 4585519 0.152021 66 0.458088 0.0000 0.001328 0.001531 0.006196 -0.052547 0.149712 -0.099334 41.4047068466 -218.5524132494 66.45809
J533 00MAR10 2000.1889 51613 1052 5 141.4 3979 0.132778 4585519 0.152925 66 0.452889 0.0000 0.001368 0.001699 0.006505 -0.119852 0.198578 -0.198971 41.4047068548 -218.5524132205 66.45289
J533 00MAR11 2000.1916 51614 1052 6 141.4 3979 0.135127 4585519 0.157442 66 0.458928 0.0000 0.001354 0.001606 0.006396 -0.089241 0.173489 -0.126531 41.4047068955 -218.5524131924 66.45893
J533 00MAR12 2000.1944 51615 1053 0 141.4 3979 0.131587 4585519 0.152732 66 0.461860 0.0000 0.001349 0.001578 0.006308 -0.096967 0.168386 -0.162389 41.4047068531 -218.5524132348 66.46186
J533 00MAR13 2000.1971 51616 1053 1 141.4 3979 0.131825 4585519 0.152211 66 0.466452 0.0000 0.001305 0.001550 0.006101 -0.092264 0.092400 -0.141389 41.4047068484 -218.5524132319 66.46645
J533 00MAR14 2000.1999 51617 1053 2 141.4 3979 0.132440 4585519 0.150032 66 0.465119 0.0000 0.001263 0.001569 0.005984 -0.039607 0.074748 -0.111737 41.4047068287 -218.5524132246 66.46512
J533 00MAR15 2000.2026 51618 1053 3 141.4 3979 0.134966 4585519 0.153442 66 0.466655 0.0000 0.001297 0.001558 0.006061 -0.077758 0.064757 -0.176852 41.4047068594 -218.5524131944 66.46666
J533 00MAR16 2000.2053 51619 1053 4 141.4 3979 0.137579 4585519 0.146858 66 0.486198 0.0000 0.001343 0.001586 0.006254 -0.121685 0.155585 -0.175207 41.4047068002 -218.5524131632 66.48620
J533 00MAR17 2000.2081 51620 1053 5 141.4 3979 0.133632 4585519 0.153985 66 0.466796 0.0000 0.001288 0.001564 0.006026 -0.131225 0.155841 -0.181361 41.4047068643 -218.5524132103 66.46680
J533 00MAR18 2000.2108 51621 1053 6 141.4 3979 0.135022 4585519 0.147480 66 0.464625 0.0000 0.001255 0.001545 0.005910 -0.054106 0.045529 -0.189060 41.4047068058 -218.5524131937 66.46462
J533 00MAR19 2000.2136 51622 1054 0 141.4 3979 0.134921 4585519 0.143970 66 0.462299 0.0000 0.001314 0.001524 0.006213 -0.095474 0.158631 -0.172921 41.4047067742 -218.5524131950 66.46230
J533 00MAR20 2000.2163 51623 1054 1 141.4 3979 0.130774 4585519 0.148761 66 0.474868 0.0000 0.001293 0.001650 0.006049 -0.105318 0.090939 -0.124581 41.4047068173 -218.5524132445 66.47487
J533 00MAR21 2000.2190 51624 1054 2 141.4 3979 0.129107 4585519 0.149687 66 0.449128 0.0000 0.001239 0.001515 0.005685 -0.085875 0.044278 -0.156809 41.4047068256 -218.5524132645 66.44913
J533 00MAR22 2000.2218 51625 1054 3 141.4 3979 0.130482 4585519 0.150796 66 0.463252 0.0000 0.001226 0.001567 0.005767 -0.065068 0.097443 -0.116439 41.4047068356 -218.5524132480 66.46325
J533 00MAR23 2000.2245 51626 1054 4 141.4 3979 0.130081 4585519 0.149600 66 0.470902 0.0000 0.001272 0.001620 0.006052 -0.058309 0.140545 -0.092586 41.4047068248 -218.5524132528 66.47090
J533 00MAR24 2000.2272 51627 1054 5 141.4 3979 0.127411 4585519 0.148641 66 0.469337 0.0000 0.001277 0.001593 0.006021 -0.067016 0.110135 -0.119639 41.4047068162 -218.5524132847 66.46934
J533 00MAR25 2000.2300 51628 1054 6 141.4 3979 0.130594 4585519 0.144879 66 0.482539 0.0000 0.001233 0.001484 0.005671 -0.058433 0.054357 -0.084269 41.4047067823 -218.5524132467 66.48254
J533 00MAR26 2000.2327 51629 1055 0 141.4 3979 0.130678 4585519 0.149804 66 0.468602 0.0000 0.001327 0.001640 0.006184 -0.027058 0.005108 -0.184499 41.4047068267 -218.5524132457 66.46860
J533 00MAR27 2000.2355 51630 1055 1 141.4 3979 0.130236 4585519 0.147472 66 0.464723 0.0000 0.001255 0.001594 0.005775 -0.088534 0.066835 -0.196977 41.4047068057 -218.5524132510 66.46472
J533 00MAR28 2000.2382 51631 1055 2 141.4 3979 0.128374 4585519 0.147614 66 0.460714 0.0000 0.001277 0.001498 0.005851 -0.056637 0.044097 -0.125958 41.4047068070 -218.5524132732 66.46071
J533 00MAR29 2000.2409 51632 1055 3 141.4 3979 0.131495 4585519 0.148628 66 0.473645 0.0000 0.001259 0.001573 0.005930 -0.061084 0.117565 -0.155421 41.4047068161 -218.5524132359 66.47364
J533 00MAR30 2000.2437 51633 1055 4 141.4 3979 0.135726 4585519 0.153242 66 0.464422 0.0000 0.001299 0.001500 0.005785 -0.086398 0.089856 -0.123422 41.4047068576 -218.5524131853 66.46442
J533 00MAR31 2000.2464 51634 1055 5 141.4 3979 0.131882 4585519 0.147145 66 0.464474 0.0000 0.001280 0.001553 0.005917 -0.055280 0.107280 -0.128903 41.4047068027 -218.5524132313 66.46447
J533 00APR01 2000.2491 51635 1055 6 141.4 3979 0.133454 4585519 0.147463 66 0.464737 0.0000 0.001325 0.001569 0.006124 -0.081001 0.135539 -0.191556 41.4047068056 -218.5524132125 66.46474
J533 00APR02 2000.2519 51636 1056 0 141.4 3979 0.130906 4585519 0.153258 66 0.460772 0.0000 0.001282 0.001506 0.005869 -0.048105 0.107521 -0.176906 41.4047068578 -218.5524132429 66.46077
J533 00APR03 2000.2546 51637 1056 1 141.4 3979 0.131200 4585519 0.153108 66 0.458642 0.0000 0.001333 0.001515 0.005901 -0.081428 0.142862 -0.187640 41.4047068564 -218.5524132394 66.45864
J533 00APR04 2000.2574 51638 1056 2 141.4 3979 0.131477 4585519 0.151115 66 0.464348 0.0000 0.001223 0.001460 0.005596 -0.016885 0.044110 -0.128860 41.4047068385 -218.5524132361 66.46435
J533 00APR05 2000.2601 51639 1056 3 141.4 3979 0.132963 4585519 0.148812 66 0.472987 0.0000 0.001238 0.001459 0.005680 -0.081962 0.082020 -0.162449 41.4047068178 -218.5524132184 66.47299
J533 00APR06 2000.2628 51640 1056 4 141.4 3979 0.127277 4585519 0.154441 66 0.463406 0.0000 0.001306 0.001549 0.005931 -0.090702 0.166869 -0.123016 41.4047068684 -218.5524132863 66.46341
J533 00APR07 2000.2656 51641 1056 5 141.4 3979 0.128788 4585519 0.154291 66 0.454535 0.0000 0.001328 0.001627 0.006238 -0.070972 0.133655 -0.051058 41.4047068671 -218.5524132682 66.45453
J533 00APR08 2000.2683 51642 1056 6 141.4 3979 0.126975 4585519 0.154658 66 0.466305 0.0000 0.001272 0.001433 0.005671 -0.067342 0.090063 -0.110988 41.4047068704 -218.5524132899 66.46630
J533 00APR09 2000.2710 51643 1057 0 141.4 3979 0.129989 4585519 0.153118 66 0.466943 0.0000 0.001294 0.001436 0.005713 -0.077550 0.052025 -0.081892 41.4047068565 -218.5524132539 66.46694
J533 00APR10 2000.2738 51644 1057 1 141.4 3979 0.129613 4585519 0.152434 66 0.475267 0.0000 0.001350 0.001444 0.006077 -0.054019 0.210993 -0.084330 41.4047068504 -218.5524132584 66.47527
J533 00APR11 2000.2765 51645 1057 2 141.4 3979 0.126196 4585519 0.150422 66 0.467681 0.0000 0.001246 0.001452 0.005679 -0.084209 0.119434 -0.099582 41.4047068323 -218.5524132993 66.46768
J533 00APR12 2000.2793 51646 1057 3 141.4 3979 0.127304 4585519 0.150913 66 0.469879 0.0000 0.001269 0.001502 0.005720 -0.098545 0.054893 -0.089961 41.4047068367 -218.5524132860 66.46988
J533 00APR13 2000.2820 51647 1057 4 141.4 3979 0.128760 4585519 0.150726 66 0.464170 0.0000 0.001271 0.001492 0.005757 -0.078332 0.022067 -0.121254 41.4047068350 -218.5524132686 66.46417
J533 00APR14 2000.2847 51648 1057 5 141.4 3979 0.130587 4585519 0.147885 66 0.472426 0.0000 0.001248 0.001485 0.005696 -0.093120 0.125048 -0.150869 41.4047068094 -218.5524132468 66.47243
J533 00APR15 2000.2875 51649 1057 6 141.4 3979 0.131327 4585519 0.149916 66 0.483089 0.0000 0.001225 0.001447 0.005601 -0.080005 0.100111 -0.138763 41.4047068277 -218.5524132379 66.48309
J533 00APR16 2000.2902 51650 1058 0 141.4 3979 0.128628 4585519 0.151365 66 0.468759 0.0000 0.001254 0.001449 0.005711 -0.091438 0.067985 -0.155411 41.4047068407 -218.5524132702 66.46876
J533 00APR17 2000.2930 51651 1058 1 141.4 3979 0.127487 4585519 0.152135 66 0.461925 0.0000 0.001263 0.001434 0.005696 -0.127079 0.171375 -0.154424 41.4047068477 -218.5524132838 66.46192
J533 00APR18 2000.2957 51652 1058 2 141.4 3979 0.128092 4585519 0.151705 66 0.467528 0.0000 0.001221 0.001437 0.005513 -0.076143 0.071479 -0.078634 41.4047068438 -218.5524132766 66.46753
J533 00APR19 2000.2984 51653 1058 3 141.4 3979 0.128213 4585519 0.148437 66 0.459388 0.0000 0.001259 0.001477 0.005732 -0.077550 0.042525 -0.064519 41.4047068144 -218.5524132752 66.45939
J533 00APR20 2000.3012 51654 1058 4 141.4 3979 0.126822 4585519 0.146117 66 0.462790 0.0000 0.001247 0.001454 0.005665 -0.081165 0.095677 -0.136709 41.4047067935 -218.5524132918 66.46279
J533 00APR21 2000.3039 51655 1058 5 141.4 3979 0.126023 4585519 0.147438 66 0.477947 0.0000 0.001239 0.001472 0.005676 -0.068649 0.108193 -0.071706 41.4047068054 -218.5524133014 66.47795
J533 00APR22 2000.3066 51656 1058 6 141.4 3979 0.127831 4585519 0.152729 66 0.466978 0.0000 0.001224 0.001444 0.005546 -0.090218 0.112999 -0.087628 41.4047068530 -218.5524132797 66.46698
J533 00APR23 2000.3094 51657 1059 0 141.4 3979 0.124762 4585519 0.152290 66 0.471150 0.0000 0.001240 0.001436 0.005564 -0.090368 0.062563 -0.093366 41.4047068491 -218.5524133164 66.47115
J533 00APR24 2000.3121 51658 1059 1 141.4 3979 0.127133 4585519 0.150299 66 0.460869 0.0000 0.001246 0.001452 0.005640 -0.071875 0.084441 -0.105311 41.4047068311 -218.5524132881 66.46087
J533 00APR25 2000.3149 51659 1059 2 141.4 3979 0.129826 4585519 0.148449 66 0.466988 0.0000 0.001271 0.001452 0.005661 -0.135094 0.166665 -0.113069 41.4047068145 -218.5524132559 66.46699
J533 00APR26 2000.3176 51660 1059 3 141.4 3979 0.128459 4585519 0.149122 66 0.466568 0.0000 0.001254 0.001456 0.005637 -0.100715 0.128226 -0.067525 41.4047068205 -218.5524132722 66.46657
J533 00APR27 2000.3203 51661 1059 4 141.4 3979 0.126789 4585519 0.149914 66 0.470031 0.0000 0.001232 0.001417 0.005485 -0.083938 0.081048 -0.095579 41.4047068277 -218.5524132922 66.47003
J533 00APR28 2000.3231 51662 1059 5 141.4 3979 0.127051 4585519 0.151368 66 0.469395 0.0000 0.001220 0.001441 0.005509 -0.085701 0.083356 -0.093847 41.4047068408 -218.5524132890 66.46940
J533 00APR29 2000.3258 51663 1059 6 141.4 3979 0.128418 4585519 0.147464 66 0.464832 0.0000 0.001249 0.001461 0.005626 -0.069372 0.095221 -0.088344 41.4047068056 -218.5524132727 66.46483
J533 00APR30 2000.3285 51664 1060 0 141.4 3979 0.127455 4585519 0.149042 66 0.464586 0.0000 0.001290 0.001472 0.005785 -0.097964 0.114774 -0.103947 41.4047068198 -218.5524132842 66.46459
J533 00MAY01 2000.3313 51665 1060 1 141.4 3979 0.126246 4585519 0.150086 66 0.471893 0.0000 0.001248 0.001477 0.005668 -0.097470 0.128499 -0.079805 41.4047068292 -218.5524132987 66.47189
J533 00MAY02 2000.3340 51666 1060 2 141.4 3979 0.123105 4585519 0.153031 66 0.474821 0.0000 0.001299 0.001552 0.005951 -0.124999 0.156750 -0.079619 41.4047068557 -218.5524133362 66.47482
J533 00MAY03 2000.3368 51667 1060 3 141.4 3979 0.124072 4585519 0.150434 66 0.483829 0.0000 0.001375 0.001613 0.006282 -0.082666 0.172440 -0.074294 41.4047068324 -218.5524133247 66.48383
J533 00MAY04 2000.3395 51668 1060 4 141.4 3979 0.125035 4585519 0.151203 66 0.464634 0.0000 0.001320 0.001492 0.005912 -0.095647 0.132429 -0.116818 41.4047068393 -218.5524133131 66.46463
J533 00MAY05 2000.3422 51669 1060 5 141.4 3979 0.126567 4585519 0.148626 66 0.458317 0.0000 0.001219 0.001452 0.005525 -0.053291 0.106874 -0.072503 41.4047068161 -218.5524132948 66.45832
J533 00MAY06 2000.3450 51670 1060 6 141.4 3979 0.127204 4585519 0.146841 66 0.464235 0.0000 0.001253 0.001475 0.005766 -0.065156 0.115487 -0.119116 41.4047068000 -218.5524132872 66.46424
J533 00MAY07 2000.3477 51671 1061 0 141.4 3979 0.124524 4585519 0.148973 66 0.464500 0.0000 0.001226 0.001442 0.005637 -0.041125 0.096064 -0.115073 41.4047068192 -218.5524133193 66.46450
J533 00MAY08 2000.3504 51672 1061 1 141.4 3979 0.125991 4585519 0.148401 66 0.470981 0.0000 0.001263 0.001486 0.005744 -0.079622 0.119100 -0.111104 41.4047068141 -218.5524133017 66.47098
J533 00MAY09 2000.3532 51673 1061 2 141.4 3979 0.127553 4585519 0.150528 66 0.463780 0.0000 0.001259 0.001470 0.005601 -0.078453 0.088309 -0.056428 41.4047068332 -218.5524132830 66.46378
J533 00MAY10 2000.3559 51674 1061 3 141.4 3979 0.121766 4585519 0.148680 66 0.463764 0.0000 0.001244 0.001508 0.005651 -0.076883 0.078435 -0.082126 41.4047068166 -218.5524133523 66.46376
J533 00MAY11 2000.3587 51675 1061 4 141.4 3979 0.119635 4585519 0.157402 66 0.470759 0.0000 0.001333 0.001558 0.006007 -0.060946 0.087892 -0.070821 41.4047068951 -218.5524133777 66.47076
J533 00MAY12 2000.3614 51676 1061 5 141.4 3979 0.125678 4585519 0.154821 66 0.469304 0.0000 0.001301 0.001519 0.005847 -0.040675 0.096348 -0.070567 41.4047068719 -218.5524133054 66.46930
J533 00MAY13 2000.3641 51677 1061 6 141.4 3979 0.127195 4585519 0.149212 66 0.467871 0.0000 0.001221 0.001503 0.005620 -0.034954 0.053693 -0.090749 41.4047068214 -218.5524132873 66.46787
J533 00MAY14 2000.3669 51678 1062 0 141.4 3979 0.126469 4585519 0.151056 66 0.469300 0.0000 0.001219 0.001457 0.005577 -0.027411 0.034527 -0.133684 41.4047068380 -218.5524132960 66.46930
J533 00MAY15 2000.3696 51679 1062 1 141.4 3979 0.131043 4585519 0.148689 66 0.466936 0.0000 0.001243 0.001499 0.005723 -0.042989 0.095084 -0.129645 41.4047068166 -218.5524132413 66.46694
J533 00MAY16 2000.3723 51680 1062 2 141.4 3979 0.130691 4585519 0.151158 66 0.468494 0.0000 0.001229 0.001429 0.005635 -0.024403 0.074199 -0.091138 41.4047068389 -218.5524132455 66.46849
J533 00MAY17 2000.3751 51681 1062 3 141.4 3979 0.129039 4585519 0.151903 66 0.464366 0.0000 0.001241 0.001426 0.005608 -0.021153 0.056307 -0.111773 41.4047068456 -218.5524132653 66.46437
J533 00MAY18 2000.3778 51682 1062 4 141.4 3979 0.130553 4585519 0.151812 66 0.466715 0.0000 0.001254 0.001488 0.005811 0.008541 0.069693 -0.085297 41.4047068448 -218.5524132472 66.46672
J533 00MAY19 2000.3806 51683 1062 5 141.4 3979 0.128154 4585519 0.146195 66 0.467650 0.0000 0.001265 0.001469 0.005824 -0.040656 0.057108 -0.125813 41.4047067942 -218.5524132759 66.46765
J533 00MAY20 2000.3833 51684 1062 6 141.4 3979 0.123589 4585519 0.151131 66 0.463547 0.0000 0.001231 0.001464 0.005672 -0.053288 0.037223 -0.111849 41.4047068386 -218.5524133304 66.46355
J533 00MAY21 2000.3860 51685 1063 0 141.4 3979 0.126880 4585519 0.151360 66 0.473307 0.0000 0.001237 0.001496 0.005717 -0.041364 0.027841 -0.061864 41.4047068407 -218.5524132911 66.47331
J533 00MAY22 2000.3888 51686 1063 1 141.4 3979 0.125804 4585519 0.151130 66 0.473674 0.0000 0.001285 0.001569 0.006138 -0.025983 0.012928 -0.045597 41.4047068386 -218.5524133039 66.47367
J533 00MAY23 2000.3915 51687 1063 2 141.4 3979 0.126970 4585519 0.153124 66 0.463750 0.0000 0.001325 0.001610 0.006194 -0.070928 0.002456 -0.056424 41.4047068566 -218.5524132900 66.46375
J533 00MAY24 2000.3943 51688 1063 3 141.4 3979 0.126163 4585519 0.151482 66 0.467292 0.0000 0.001255 0.001531 0.005860 -0.006211 0.006329 -0.088803 41.4047068418 -218.5524132997 66.46729
J533 00MAY25 2000.3970 51689 1063 4 141.4 3979 0.126808 4585519 0.149749 66 0.460202 0.0000 0.001341 0.001544 0.006203 -0.029562 0.023515 -0.146993 41.4047068262 -218.5524132920 66.46020
J533 00MAY26 2000.3997 51690 1063 5 141.4 3979 0.126640 4585519 0.149719 66 0.461779 0.0000 0.001240 0.001431 0.005731 -0.036259 0.008672 -0.130869 41.4047068259 -218.5524132940 66.46178
J533 00MAY27 2000.4025 51691 1063 6 141.4 3979 0.128724 4585519 0.150229 66 0.476298 0.0000 0.001249 0.001495 0.005896 -0.018110 0.076865 -0.075677 41.4047068305 -218.5524132690 66.47630
J533 00MAY28 2000.4052 51692 1064 0 141.4 3979 0.134502 4585519 0.151216 66 0.463352 0.0000 0.001292 0.001539 0.006078 -0.044497 -0.010296 -0.070330 41.4047068394 -218.5524131999 66.46335
J533 00MAY29 2000.4079 51693 1064 1 141.4 3979 0.126094 4585519 0.151729 66 0.468483 0.0000 0.001231 0.001479 0.005756 -0.049650 0.012559 -0.046709 41.4047068440 -218.5524133005 66.46848
J533 00MAY30 2000.4107 51694 1064 2 141.4 3979 0.130563 4585519 0.150770 66 0.468746 0.0000 0.001262 0.001533 0.006041 0.021131 -0.035545 -0.036570 41.4047068354 -218.5524132470 66.46875
J533 00MAY31 2000.4134 51695 1064 3 141.4 3979 0.128010 4585519 0.149627 66 0.475440 0.0000 0.001250 0.001476 0.005910 -0.021313 0.044432 -0.110584 41.4047068251 -218.5524132776 66.47544
J533 00JUN01 2000.4162 51696 1064 4 141.4 3979 0.128076 4585519 0.150747 66 0.470287 0.0000 0.001253 0.001515 0.005869 -0.038949 0.030667 -0.085451 41.4047068352 -218.5524132768 66.47029
J533 00JUN02 2000.4189 51697 1064 5 141.4 3979 0.129950 4585519 0.148573 66 0.476630 0.0000 0.001279 0.001546 0.006156 -0.062825 0.088210 0.009067 41.4047068156 -218.5524132544 66.47663
J533 00JUN03 2000.4216 51698 1064 6 141.4 3979 0.128023 4585519 0.151693 66 0.479349 0.0000 0.001218 0.001503 0.005874 -0.039333 0.040898 -0.009611 41.4047068437 -218.5524132774 66.47935
J533 00JUN04 2000.4244 51699 1065 0 141.4 3979 0.130114 4585519 0.150110 66 0.478553 0.0000 0.001255 0.001558 0.006171 -0.035179 0.018180 0.006061 41.4047068294 -218.5524132524 66.47855
J533 00JUN05 2000.4271 51700 1065 1 141.4 3979 0.129068 4585519 0.150988 66 0.475822 0.0000 0.001299 0.001577 0.006055 -0.029820 0.059150 -0.047231 41.4047068373 -218.5524132649 66.47582
J533 00JUN06 2000.4298 51701 1065 2 141.4 3979 0.131597 4585519 0.151304 66 0.471992 0.0000 0.001250 0.001479 0.005944 -0.069008 0.084183 -0.042065 41.4047068402 -218.5524132347 66.47199
J533 00JUN07 2000.4326 51702 1065 3 141.4 3979 0.132758 4585519 0.151119 66 0.473889 0.0000 0.001209 0.001473 0.005742 -0.100484 0.078824 -0.106835 41.4047068385 -218.5524132208 66.47389
J533 00JUN08 2000.4353 51703 1065 4 141.4 3979 0.130441 4585519 0.153019 66 0.483494 0.0000 0.001272 0.001546 0.006001 -0.135612 -0.007022 -0.090995 41.4047068556 -218.5524132485 66.48349
J533 00JUN09 2000.4381 51704 1065 5 141.4 3979 0.128848 4585519 0.149245 66 0.470685 0.0000 0.001258 0.001456 0.005772 -0.075384 -0.015868 -0.081462 41.4047068217 -218.5524132676 66.47069
J533 00JUN10 2000.4408 51705 1065 6 141.4 3979 0.128293 4585519 0.149266 66 0.473995 0.0000 0.001203 0.001446 0.005640 -0.071095 0.044156 -0.045884 41.4047068218 -218.5524132742 66.47399
J533 00JUN11 2000.4435 51706 1066 0 141.4 3979 0.129018 4585519 0.150941 66 0.465704 0.0000 0.001242 0.001434 0.005750 -0.092234 0.027907 -0.103420 41.4047068369 -218.5524132655 66.46570
J533 00JUN12 2000.4463 51707 1066 1 141.4 3979 0.129931 4585519 0.151029 66 0.479604 0.0000 0.001185 0.001424 0.005486 -0.079878 0.035139 -0.123318 41.4047068377 -218.5524132546 66.47960
J533 00JUN13 2000.4490 51708 1066 2 141.4 3979 0.129739 4585519 0.150337 66 0.476962 0.0000 0.001197 0.001450 0.005596 -0.078393 0.066263 -0.065137 41.4047068315 -218.5524132569 66.47696
J533 00JUN14 2000.4517 51709 1066 3 141.4 3979 0.127257 4585519 0.151004 66 0.487915 0.0000 0.001212 0.001488 0.005749 -0.083336 0.058224 -0.062059 41.4047068375 -218.5524132866 66.48791
J533 00JUN15 2000.4545 51710 1066 4 141.4 3979 0.127714 4585519 0.150371 66 0.476806 0.0000 0.001345 0.001544 0.006090 -0.068922 0.069473 -0.045892 41.4047068318 -218.5524132811 66.47681
J533 00JUN16 2000.4572 51711 1066 5 141.4 3979 0.126664 4585519 0.150339 66 0.471742 0.0000 0.001256 0.001491 0.005830 -0.093295 0.111102 -0.083708 41.4047068315 -218.5524132937 66.47174
J533 00JUN17 2000.4600 51712 1066 6 141.4 3979 0.128446 4585519 0.148071 66 0.469249 0.0000 0.001237 0.001485 0.005782 -0.098010 0.085462 -0.107351 41.4047068111 -218.5524132724 66.46925
J533 00JUN18 2000.4627 51713 1067 0 141.4 3979 0.127629 4585519 0.151077 66 0.474224 0.0000 0.001227 0.001526 0.005703 -0.103026 0.086010 -0.007880 41.4047068381 -218.5524132821 66.47422
J533 00JUN19 2000.4654 51714 1067 1 141.4 3979 0.126384 4585519 0.148706 66 0.470361 0.0000 0.001231 0.001491 0.005665 -0.082725 0.055506 -0.114573 41.4047068168 -218.5524132970 66.47036
J533 00JUN20 2000.4682 51715 1067 2 141.4 3979 0.126110 4585519 0.150344 66 0.471285 0.0000 0.001222 0.001441 0.005570 -0.091647 0.044240 -0.116798 41.4047068315 -218.5524133003 66.47129
J533 00JUN21 2000.4709 51716 1067 3 141.4 3979 0.128159 4585519 0.150007 66 0.476534 0.0000 0.001257 0.001550 0.005964 -0.075793 0.036204 -0.030816 41.4047068285 -218.5524132758 66.47653
J533 00JUN22 2000.4736 51717 1067 4 141.4 3979 0.127219 4585519 0.148709 66 0.469966 0.0000 0.001315 0.001610 0.006278 -0.043981 0.046309 -0.083792 41.4047068168 -218.5524132870 66.46997
J533 00JUN23 2000.4764 51718 1067 5 141.4 3979 0.127895 4585519 0.150042 66 0.487894 0.0000 0.001270 0.001588 0.005890 -0.038841 0.065550 -0.053455 41.4047068288 -218.5524132789 66.48789
J533 00JUN24 2000.4791 51719 1067 6 141.4 3979 0.126509 4585519 0.148514 66 0.463915 0.0000 0.001252 0.001553 0.005600 -0.095105 0.082153 -0.098917 41.4047068151 -218.5524132955 66.46392
J533 00JUN25 2000.4819 51720 1068 0 141.4 3979 0.127473 4585519 0.149432 66 0.481774 0.0000 0.001246 0.001532 0.005734 -0.069791 0.053995 -0.041426 41.4047068233 -218.5524132840 66.48177
J533 00JUN26 2000.4846 51721 1068 1 141.4 3979 0.130148 4585519 0.148197 66 0.479156 0.0000 0.001230 0.001622 0.005839 -0.059007 0.076408 -0.102538 41.4047068122 -218.5524132520 66.47916
J533 00JUN27 2000.4873 51722 1068 2 141.4 3979 0.125285 4585519 0.150086 66 0.480381 0.0000 0.001284 0.001652 0.005965 -0.042183 0.056631 -0.053243 41.4047068292 -218.5524133102 66.48038
J533 00JUN28 2000.4901 51723 1068 3 141.4 3979 0.128531 4585519 0.148837 66 0.475633 0.0000 0.001252 0.001540 0.005795 -0.060189 0.049064 -0.072398 41.4047068180 -218.5524132714 66.47563
J533 00JUN29 2000.4928 51724 1068 4 141.4 3979 0.128366 4585519 0.149526 66 0.472200 0.0000 0.001252 0.001501 0.005569 -0.053453 0.084544 -0.104449 41.4047068242 -218.5524132733 66.47220
J533 00JUN30 2000.4956 51725 1068 5 141.4 3979 0.127439 4585519 0.147532 66 0.478252 0.0000 0.001306 0.001575 0.006155 -0.084242 0.089545 -0.153908 41.4047068062 -218.5524132844 66.47825
J533 00JUL01 2000.4983 51726 1068 6 141.4 3979 0.131090 4585519 0.149110 66 0.465219 0.0000 0.001243 0.001559 0.005758 -0.055359 0.058662 -0.022883 41.4047068204 -218.5524132407 66.46522
J533 00JUL02 2000.5010 51727 1069 0 141.4 3979 0.127752 4585519 0.152673 66 0.475350 0.0000 0.001319 0.001701 0.006068 -0.093213 0.079731 -0.008732 41.4047068525 -218.5524132807 66.47535
J533 00JUL03 2000.5038 51728 1069 1 141.4 3979 0.125583 4585519 0.151068 66 0.478738 0.0000 0.001249 0.001502 0.005690 -0.080310 0.008079 -0.067613 41.4047068381 -218.5524133066 66.47874
J533 00JUL04 2000.5065 51729 1069 2 141.4 3979 0.126629 4585519 0.149093 66 0.473184 0.0000 0.001285 0.001575 0.005966 -0.053370 0.055399 -0.066505 41.4047068203 -218.5524132941 66.47318
J533 00JUL05 2000.5092 51730 1069 3 141.4 3979 0.126206 4585519 0.149949 66 0.474073 0.0000 0.001303 0.001523 0.005948 -0.087088 0.037165 -0.114395 41.4047068280 -218.5524132992 66.47407
J533 00JUL06 2000.5120 51731 1069 4 141.4 3979 0.127676 4585519 0.152573 66 0.477225 0.0000 0.001286 0.001555 0.005788 -0.076556 0.034310 -0.087002 41.4047068516 -218.5524132816 66.47722
J533 00JUL07 2000.5147 51732 1069 5 141.4 3979 0.123253 4585519 0.153053 66 0.481451 0.0000 0.001212 0.001472 0.005625 -0.055623 0.042658 -0.076170 41.4047068559 -218.5524133345 66.48145
J533 00JUL08 2000.5175 51733 1069 6 141.4 3979 0.128049 4585519 0.151149 66 0.478946 0.0000 0.001422 0.001651 0.006282 -0.031587 0.076607 -0.112740 41.4047068388 -218.5524132771 66.47895
J533 00JUL09 2000.5202 51734 1070 0 141.4 3979 0.126498 4585519 0.148663 66 0.471531 0.0000 0.001301 0.001579 0.005950 -0.073867 0.021280 -0.051921 41.4047068164 -218.5524132957 66.47153
J533 00JUL10 2000.5229 51735 1070 1 141.4 3979 0.129637 4585519 0.149117 66 0.472824 0.0000 0.001336 0.001538 0.006036 -0.016996 -0.064957 -0.060557 41.4047068205 -218.5524132581 66.47282
J533 00JUL11 2000.5257 51736 1070 2 141.4 3979 0.131689 4585519 0.146759 66 0.468116 0.0000 0.001273 0.001456 0.005703 -0.062989 -0.004267 -0.114979 41.4047067993 -218.5524132336 66.46812
J533 00JUL12 2000.5284 51737 1070 3 141.4 3979 0.127426 4585519 0.151146 66 0.474265 0.0000 0.001216 0.001410 0.005585 -0.041080 0.008234 -0.159044 41.4047068388 -218.5524132846 66.47426
J533 00JUL13 2000.5311 51738 1070 4 141.4 3979 0.129451 4585519 0.155751 66 0.479905 0.0000 0.001595 0.001847 0.007354 -0.032451 0.035077 -0.037193 41.4047068802 -218.5524132603 66.47991
J533 00JUL14 2000.5339 51739 1070 5 141.4 3979 0.130152 4585519 0.149413 66 0.467765 0.0000 0.001298 0.001476 0.005899 -0.052434 -0.038752 -0.121367 41.4047068232 -218.5524132520 66.46776
J533 00JUL15 2000.5366 51740 1070 6 141.4 3979 0.124773 4585519 0.152861 66 0.469019 0.0000 0.001246 0.001462 0.005725 -0.044609 0.028959 -0.094317 41.4047068542 -218.5524133163 66.46902
J533 00JUL16 2000.5394 51741 1071 0 141.4 3979 0.128108 4585519 0.149978 66 0.474570 0.0000 0.001225 0.001469 0.005711 -0.011349 -0.005874 -0.058676 41.4047068283 -218.5524132764 66.47457
J533 00JUL17 2000.5421 51742 1071 1 141.4 3979 0.126713 4585519 0.151542 66 0.484793 0.0000 0.001206 0.001430 0.005577 -0.064536 0.033924 -0.110215 41.4047068423 -218.5524132931 66.48479
J533 00JUL18 2000.5448 51743 1071 2 141.4 3979 0.128452 4585519 0.152582 66 0.477346 0.0000 0.001324 0.001545 0.006029 -0.049640 0.071038 -0.103699 41.4047068517 -218.5524132723 66.47735
J533 00JUL19 2000.5476 51744 1071 3 141.4 3979 0.125290 4585519 0.155360 66 0.471797 0.0000 0.001252 0.001582 0.005938 -0.020735 0.034503 -0.063737 41.4047068767 -218.5524133101 66.47180
J533 00JUL20 2000.5503 51745 1071 4 141.4 3979 0.126002 4585519 0.150617 66 0.476595 0.0000 0.001228 0.001482 0.005708 -0.059305 0.024946 -0.100666 41.4047068340 -218.5524133016 66.47660
J533 00JUL21 2000.5530 51746 1071 5 141.4 3979 0.126301 4585519 0.151585 66 0.486883 0.0000 0.001248 0.001503 0.005871 -0.076202 0.033378 -0.086682 41.4047068427 -218.5524132980 66.48688
J533 00JUL22 2000.5558 51747 1071 6 141.4 3979 0.126969 4585519 0.150896 66 0.484839 0.0000 0.001336 0.001585 0.006112 -0.018277 -0.025002 -0.085660 41.4047068365 -218.5524132900 66.48484
J533 00JUL23 2000.5585 51748 1072 0 141.4 3979 0.131634 4585519 0.152630 66 0.481306 0.0000 0.001249 0.001502 0.005829 -0.044538 0.036636 -0.105138 41.4047068521 -218.5524132342 66.48131
J533 00JUL24 2000.5613 51749 1072 1 141.4 3979 0.126049 4585519 0.150451 66 0.478190 0.0000 0.001249 0.001490 0.005858 -0.091901 0.027979 -0.113400 41.4047068325 -218.5524133010 66.47819
J533 00JUL25 2000.5640 51750 1072 2 141.4 3979 0.129802 4585519 0.152484 66 0.471802 0.0000 0.001351 0.001711 0.006297 -0.019048 0.076167 -0.036790 41.4047068508 -218.5524132561 66.47180
J533 00JUL26 2000.5667 51751 1072 3 141.4 3979 0.126819 4585519 0.151256 66 0.489834 0.0000 0.001331 0.001569 0.006205 -0.150322 0.125606 -0.175035 41.4047068398 -218.5524132918 66.48983
J533 00JUL27 2000.5695 51752 1072 4 141.4 3979 0.126151 4585519 0.154491 66 0.474368 0.0000 0.001260 0.001537 0.005953 -0.021868 -0.011373 -0.092598 41.4047068689 -218.5524132998 66.47437
J533 00JUL28 2000.5722 51753 1072 5 141.4 3979 0.130225 4585519 0.156428 66 0.470241 0.0000 0.001297 0.001567 0.006029 -0.072566 0.022189 -0.109573 41.4047068863 -218.5524132510 66.47024
J533 00JUL29 2000.5749 51754 1072 6 141.4 3979 0.127901 4585519 0.149067 66 0.476219 0.0000 0.001267 0.001594 0.005838 -0.042289 -0.030936 -0.154538 41.4047068201 -218.5524132789 66.47622
J533 00JUL30 2000.5777 51755 1073 0 141.4 3979 0.128686 4585519 0.153762 66 0.473705 0.0000 0.001252 0.001509 0.005874 -0.029884 0.009050 -0.067717 41.4047068623 -218.5524132695 66.47371
J533 00JUL31 2000.5804 51756 1073 1 141.4 3979 0.128392 4585519 0.154647 66 0.464649 0.0000 0.001428 0.001619 0.006517 0.047085 -0.055516 -0.091439 41.4047068703 -218.5524132730 66.46465
J533 00AUG01 2000.5832 51757 1073 2 141.4 3979 0.126391 4585519 0.154039 66 0.472869 0.0000 0.001321 0.001601 0.006145 0.036172 -0.101622 -0.092113 41.4047068648 -218.5524132969 66.47287
J533 00AUG02 2000.5859 51758 1073 3 141.4 3979 0.128763 4585519 0.153750 66 0.468373 0.0000 0.001257 0.001579 0.005873 -0.027794 -0.026668 -0.082808 41.4047068622 -218.5524132685 66.46837
J533 00AUG03 2000.5886 51759 1073 4 141.4 3979 0.129119 4585519 0.156015 66 0.477478 0.0000 0.001277 0.001632 0.006028 0.008679 -0.001752 -0.072065 41.4047068826 -218.5524132643 66.47748
J533 00AUG04 2000.5914 51760 1073 5 141.4 3979 0.126987 4585519 0.155097 66 0.473294 0.0000 0.001271 0.001566 0.005886 -0.045469 0.038391 -0.087875 41.4047068743 -218.5524132898 66.47329
J533 00AUG05 2000.5941 51761 1073 6 141.4 3979 0.128861 4585519 0.153416 66 0.481870 0.0000 0.001210 0.001527 0.005688 -0.047181 0.024848 -0.112768 41.4047068592 -218.5524132674 66.48187
J533 00AUG06 2000.5969 51762 1074 0 141.4 3979 0.127936 4585519 0.155209 66 0.486596 0.0000 0.001285 0.001586 0.005927 -0.075277 -0.007283 -0.138246 41.4047068754 -218.5524132784 66.48660
J533 00AUG07 2000.5996 51763 1074 1 141.4 3979 0.130008 4585519 0.154277 66 0.475061 0.0000 0.001261 0.001552 0.005963 -0.010213 -0.042444 -0.098458 41.4047068670 -218.5524132537 66.47506
J533 00AUG08 2000.6023 51764 1074 2 141.4 3979 0.133092 4585519 0.152665 66 0.469188 0.0000 0.001224 0.001509 0.005735 -0.054141 -0.028145 -0.090266 41.4047068524 -218.5524132168 66.46919
J533 00AUG09 2000.6051 51765 1074 3 141.4 3979 0.128182 4585519 0.151958 66 0.469438 0.0000 0.001337 0.001627 0.006158 -0.016703 -0.042832 -0.131564 41.4047068461 -218.5524132755 66.46944
J533 00AUG10 2000.6078 51766 1074 4 141.4 3979 0.131221 4585519 0.154241 66 0.474161 0.0000 0.001297 0.001703 0.006122 -0.085240 -0.037020 -0.115556 41.4047068666 -218.5524132391 66.47416
J533 00AUG11 2000.6105 51767 1074 5 141.4 3979 0.129066 4585519 0.152655 66 0.478902 0.0000 0.001289 0.001580 0.006089 -0.046817 -0.025980 -0.137756 41.4047068524 -218.5524132649 66.47890
J533 00AUG12 2000.6133 51768 1074 6 141.4 3979 0.128611 4585519 0.155576 66 0.478406 0.0000 0.001398 0.001724 0.006315 -0.100677 0.026708 -0.045476 41.4047068787 -218.5524132704 66.47841
J533 00AUG13 2000.6160 51769 1075 0 141.4 3979 0.126343 4585519 0.152590 66 0.471419 0.0000 0.001191 0.001606 0.005711 -0.016126 -0.034776 -0.070814 41.4047068518 -218.5524132975 66.47142
J533 00AUG14 2000.6188 51770 1075 1 141.4 3979 0.125533 4585519 0.157703 66 0.468429 0.0000 0.001182 0.001554 0.005705 -0.020721 0.008221 -0.093340 41.4047068978 -218.5524133071 66.46843
J533 00AUG15 2000.6215 51771 1075 2 141.4 3979 0.132789 4585519 0.150871 66 0.482314 0.0000 0.001175 0.001531 0.005772 -0.050304 -0.037496 -0.113768 41.4047068363 -218.5524132204 66.48231
J533 00AUG16 2000.6242 51772 1075 3 141.4 3979 0.128343 4585519 0.156309 66 0.464590 0.0000 0.001187 0.001530 0.005624 -0.044615 -0.021208 -0.086221 41.4047068853 -218.5524132736 66.46459
J533 00AUG17 2000.6270 51773 1075 4 141.4 3979 0.128592 4585519 0.157341 66 0.471344 0.0000 0.001279 0.001645 0.006189 -0.038442 -0.092657 -0.091404 41.4047068946 -218.5524132706 66.47134
J533 00AUG18 2000.6297 51774 1075 5 141.4 3979 0.126229 4585519 0.156624 66 0.476254 0.0000 0.001230 0.001588 0.005840 -0.032809 0.005175 -0.087916 41.4047068881 -218.5524132988 66.47625
J533 00AUG19 2000.6324 51775 1075 6 141.4 3979 0.128483 4585519 0.154569 66 0.474398 0.0000 0.001174 0.001481 0.005626 -0.008884 -0.026107 -0.056057 41.4047068696 -218.5524132719 66.47440
J533 00AUG20 2000.6352 51776 1076 0 141.4 3979 0.128104 4585519 0.153088 66 0.474979 0.0000 0.001239 0.001609 0.006042 -0.048146 0.019810 -0.027243 41.4047068563 -218.5524132764 66.47498
J533 00AUG21 2000.6379 51777 1076 1 141.4 3979 0.126753 4585519 0.150447 66 0.468614 0.0000 0.001229 0.001506 0.005814 -0.035240 0.052917 -0.042144 41.4047068325 -218.5524132926 66.46861
J533 00AUG22 2000.6407 51778 1076 2 141.4 3979 0.130367 4585519 0.150094 66 0.489750 0.0000 0.001227 0.001599 0.005947 -0.051448 -0.019070 -0.105464 41.4047068293 -218.5524132494 66.48975
J533 00AUG23 2000.6434 51779 1076 3 141.4 3979 0.129795 4585519 0.151750 66 0.473759 0.0000 0.001225 0.001470 0.005766 -0.001471 -0.018756 -0.125425 41.4047068442 -218.5524132562 66.47376
J533 00AUG24 2000.6461 51780 1076 4 141.4 3979 0.130972 4585519 0.150817 66 0.475223 0.0000 0.001316 0.001766 0.006453 -0.039505 -0.105902 -0.123960 41.4047068358 -218.5524132421 66.47522
J533 00AUG25 2000.6489 51781 1076 5 141.4 3979 0.128778 4585519 0.150775 66 0.477847 0.0000 0.001206 0.001552 0.005769 -0.031626 -0.037781 -0.127747 41.4047068354 -218.5524132684 66.47785
J533 00AUG26 2000.6516 51782 1076 6 141.4 3979 0.127460 4585519 0.153494 66 0.487447 0.0000 0.001258 0.001553 0.005973 -0.046788 -0.033290 -0.092036 41.4047068599 -218.5524132841 66.48745
J533 00AUG27 2000.6543 51783 1077 0 141.4 3979 0.126277 4585519 0.151111 66 0.475247 0.0000 0.001196 0.001492 0.005708 -0.015949 -0.000182 -0.077927 41.4047068385 -218.5524132983 66.47525
J533 00AUG28 2000.6571 51784 1077 1 141.4 3979 0.131583 4585519 0.147783 66 0.470060 0.0000 0.001274 0.001588 0.006042 -0.011214 -0.046713 -0.068514 41.4047068085 -218.5524132349 66.47006
J533 00AUG29 2000.6598 51785 1077 2 141.4 3979 0.128507 4585519 0.149581 66 0.477018 0.0000 0.001212 0.001529 0.005842 -0.013657 -0.068253 -0.118367 41.4047068247 -218.5524132716 66.47702
J533 00AUG30 2000.6626 51786 1077 3 141.4 3979 0.129076 4585519 0.149152 66 0.475517 0.0000 0.001295 0.001582 0.006073 -0.007581 -0.104681 -0.079791 41.4047068208 -218.5524132648 66.47552
J533 00AUG31 2000.6653 51787 1077 4 141.4 3979 0.128103 4585519 0.152817 66 0.472974 0.0000 0.001232 0.001534 0.005944 -0.017593 0.002739 -0.134013 41.4047068538 -218.5524132764 66.47297
J533 00SEP01 2000.6680 51788 1077 5 141.4 3979 0.126763 4585519 0.151064 66 0.492286 0.0000 0.001289 0.001586 0.006241 -0.047707 -0.017327 -0.158393 41.4047068380 -218.5524132925 66.49229
J533 00SEP02 2000.6708 51789 1077 6 141.4 3979 0.129057 4585519 0.151438 66 0.476593 0.0000 0.001228 0.001511 0.005911 -0.038146 -0.049171 -0.104824 41.4047068414 -218.5524132650 66.47659
J533 00SEP03 2000.6735 51790 1078 0 141.4 3979 0.127186 4585519 0.149017 66 0.472358 0.0000 0.001184 0.001449 0.005616 -0.005936 -0.039161 -0.113206 41.4047068196 -218.5524132874 66.47236
J533 00SEP04 2000.6762 51791 1078 1 141.4 3979 0.127622 4585519 0.150559 66 0.466307 0.0000 0.001203 0.001511 0.005782 -0.031189 -0.020565 -0.114439 41.4047068335 -218.5524132822 66.46631
J533 00SEP05 2000.6790 51792 1078 2 141.4 3979 0.125234 4585519 0.147430 66 0.471653 0.0000 0.001243 0.001502 0.005881 -0.026588 -0.067841 -0.121273 41.4047068053 -218.5524133108 66.47165
J533 00SEP06 2000.6817 51793 1078 3 141.4 3979 0.125169 4585519 0.152270 66 0.468048 0.0000 0.001265 0.001571 0.006057 -0.048152 -0.048965 -0.141835 41.4047068489 -218.5524133115 66.46805
J533 00SEP07 2000.6845 51794 1078 4 141.4 3979 0.130222 4585519 0.151619 66 0.489683 0.0000 0.001218 0.001536 0.005905 -0.039292 0.018015 -0.105701 41.4047068430 -218.5524132511 66.48968
J533 00SEP08 2000.6872 51795 1078 5 141.4 3979 0.129073 4585519 0.149856 66 0.475481 0.0000 0.001260 0.001571 0.006004 -0.097170 0.062943 -0.161702 41.4047068272 -218.5524132649 66.47548
J533 00SEP09 2000.6899 51796 1078 6 141.4 3979 0.127682 4585519 0.151038 66 0.484059 0.0000 0.001288 0.001626 0.006052 -0.099865 0.076151 -0.116807 41.4047068378 -218.5524132815 66.48406
J533 00SEP10 2000.6927 51797 1079 0 141.4 3979 0.131202 4585519 0.149525 66 0.480755 0.0000 0.001340 0.001722 0.006597 -0.059288 -0.012092 -0.146912 41.4047068242 -218.5524132394 66.48075
J533 00SEP11 2000.6954 51798 1079 1 141.4 3979 0.128000 4585519 0.149996 66 0.475855 0.0000 0.001288 0.001608 0.006121 -0.127910 0.058628 -0.171232 41.4047068284 -218.5524132777 66.47585
J533 00SEP12 2000.6982 51799 1079 2 141.4 3979 0.128737 4585519 0.153327 66 0.482357 0.0000 0.001272 0.001571 0.006047 -0.133930 0.095930 -0.146028 41.4047068584 -218.5524132689 66.48236
J533 00SEP13 2000.7009 51800 1079 3 141.4 3979 0.128975 4585519 0.151093 66 0.467324 0.0000 0.001247 0.001570 0.006038 -0.084777 0.021652 -0.169978 41.4047068383 -218.5524132660 66.46732
J533 00SEP14 2000.7036 51801 1079 4 141.4 3979 0.129763 4585519 0.150966 66 0.482049 0.0000 0.001279 0.001588 0.006256 -0.100200 0.070241 -0.203339 41.4047068371 -218.5524132566 66.48205
J533 00SEP15 2000.7064 51802 1079 5 141.4 3979 0.128025 4585519 0.143994 66 0.461740 0.0000 0.001271 0.001561 0.006209 -0.099746 0.076551 -0.156199 41.4047067744 -218.5524132774 66.46174
J533 00SEP16 2000.7091 51803 1079 6 141.4 3979 0.127968 4585519 0.142971 66 0.455061 0.0000 0.001303 0.001580 0.006371 -0.117886 0.127042 -0.176291 41.4047067652 -218.5524132781 66.45506
J533 00SEP17 2000.7118 51804 1080 0 141.4 3979 0.125937 4585519 0.148491 66 0.477155 0.0000 0.001394 0.001683 0.006924 -0.109850 0.130484 -0.190808 41.4047068149 -218.5524133024 66.47716
J533 00SEP18 2000.7146 51805 1080 1 141.4 3979 0.129940 4585519 0.151742 66 0.480381 0.0000 0.001282 0.001587 0.006239 -0.098713 0.019252 -0.168025 41.4047068441 -218.5524132545 66.48038
J533 00SEP19 2000.7173 51806 1080 2 141.4 3979 0.129620 4585519 0.152581 66 0.484355 0.0000 0.001274 0.001552 0.006210 -0.103233 0.100451 -0.162742 41.4047068517 -218.5524132583 66.48435
J533 00SEP20 2000.7201 51807 1080 3 141.4 3979 0.130753 4585519 0.152835 66 0.482581 0.0000 0.001300 0.001595 0.006281 -0.143200 0.122594 -0.227493 41.4047068540 -218.5524132448 66.48258
J533 00SEP21 2000.7228 51808 1080 4 141.4 3979 0.130884 4585519 0.151124 66 0.482066 0.0000 0.001270 0.001571 0.006136 -0.145357 0.112470 -0.208129 41.4047068386 -218.5524132432 66.48207
J533 00SEP22 2000.7255 51809 1080 5 141.4 3979 0.130153 4585519 0.150178 66 0.480142 0.0000 0.001290 0.001568 0.006321 -0.134550 0.168465 -0.207433 41.4047068301 -218.5524132520 66.48014
J533 00SEP23 2000.7283 51810 1080 6 141.4 3979 0.131986 4585519 0.148158 66 0.481915 0.0000 0.001259 0.001531 0.006108 -0.080210 0.103867 -0.164306 41.4047068119 -218.5524132300 66.48191
J533 00SEP24 2000.7310 51811 1081 0 141.4 3979 0.127769 4585519 0.153653 66 0.481082 0.0000 0.001307 0.001573 0.006253 -0.138467 0.131365 -0.173074 41.4047068613 -218.5524132804 66.48108
J533 00SEP25 2000.7337 51812 1081 1 141.4 3979 0.130757 4585519 0.151342 66 0.465202 0.0000 0.001322 0.001636 0.006568 -0.143344 0.123962 -0.234216 41.4047068405 -218.5524132447 66.46520
J533 00SEP26 2000.7365 51813 1081 2 141.4 3979 0.130222 4585519 0.154031 66 0.473276 0.0000 0.001345 0.001590 0.006341 -0.151118 0.192333 -0.188800 41.4047068647 -218.5524132511 66.47328
J533 00SEP27 2000.7392 51814 1081 3 141.4 3979 0.128711 4585519 0.153407 66 0.473222 0.0000 0.001370 0.001626 0.006401 -0.128972 0.148521 -0.219822 41.4047068591 -218.5524132692 66.47322
J533 00SEP28 2000.7420 51815 1081 4 141.4 3979 0.132294 4585519 0.151653 66 0.466586 0.0000 0.001392 0.001658 0.006636 -0.129911 0.177353 -0.159451 41.4047068433 -218.5524132263 66.46659
J533 00SEP29 2000.7447 51816 1081 5 141.4 3979 0.130358 4585519 0.153493 66 0.459273 0.0000 0.001484 0.001747 0.006847 -0.189549 0.195674 -0.199598 41.4047068599 -218.5524132495 66.45927
J533 00SEP30 2000.7474 51817 1081 6 141.4 3979 0.130115 4585519 0.147836 66 0.462601 0.0000 0.001331 0.001607 0.006385 -0.120548 0.200083 -0.162940 41.4047068090 -218.5524132524 66.46260
J533 00OCT01 2000.7502 51818 1082 0 141.4 3979 0.131706 4585519 0.147867 66 0.464031 0.0000 0.001330 0.001670 0.006477 -0.147959 0.113475 -0.167965 41.4047068092 -218.5524132334 66.46403
J533 00OCT02 2000.7529 51819 1082 1 141.4 3979 0.126547 4585519 0.145893 66 0.459024 0.0000 0.001374 0.001624 0.006478 -0.160161 0.213420 -0.158705 41.4047067915 -218.5524132951 66.45902
J533 00OCT03 2000.7556 51820 1082 2 141.4 3979 0.127817 4585519 0.151028 66 0.468649 0.0000 0.001390 0.001671 0.006616 -0.182022 0.165199 -0.180440 41.4047068377 -218.5524132799 66.46865
J533 00OCT04 2000.7584 51821 1082 3 141.4 3979 0.131118 4585519 0.151021 66 0.465184 0.0000 0.001294 0.001644 0.006259 -0.070334 0.084563 -0.129524 41.4047068376 -218.5524132404 66.46518
J533 00OCT05 2000.7611 51822 1082 4 141.4 3979 0.130277 4585519 0.154615 66 0.466539 0.0000 0.001392 0.001642 0.006588 -0.068956 0.180671 -0.155421 41.4047068700 -218.5524132504 66.46654
J533 00OCT06 2000.7639 51823 1082 5 141.4 3979 0.128439 4585519 0.152305 66 0.461907 0.0000 0.001228 0.001525 0.005865 -0.067005 0.098755 -0.166479 41.4047068492 -218.5524132724 66.46191
J533 00OCT07 2000.7666 51824 1082 6 141.4 3979 0.129140 4585519 0.152594 66 0.472973 0.0000 0.001235 0.001547 0.005902 -0.088491 0.117661 -0.142111 41.4047068518 -218.5524132640 66.47297
J533 00OCT08 2000.7693 51825 1083 0 141.4 3979 0.127225 4585519 0.149174 66 0.459780 0.0000 0.001303 0.001578 0.006161 -0.100734 0.196484 -0.120754 41.4047068210 -218.5524132870 66.45978
J533 00OCT09 2000.7721 51826 1083 1 141.4 3979 0.128218 4585519 0.152029 66 0.465229 0.0000 0.001271 0.001559 0.006005 -0.103235 0.128596 -0.148606 41.4047068467 -218.5524132751 66.46523
J533 00OCT10 2000.7748 51827 1083 2 141.4 3979 0.129477 4585519 0.151856 66 0.467679 0.0000 0.001324 0.001630 0.006375 -0.139614 0.152327 -0.172094 41.4047068452 -218.5524132600 66.46768
J533 00OCT11 2000.7775 51828 1083 3 141.4 3979 0.124562 4585519 0.152144 66 0.468251 0.0000 0.001330 0.001712 0.006425 -0.109240 0.130926 -0.177985 41.4047068478 -218.5524133188 66.46825
J533 00OCT12 2000.7803 51829 1083 4 141.4 3979 0.126154 4585519 0.154446 66 0.475361 0.0000 0.001349 0.001692 0.006554 -0.050783 0.116415 -0.165999 41.4047068685 -218.5524132997 66.47536
J533 00OCT13 2000.7830 51830 1083 5 141.4 3979 0.126944 4585519 0.150953 66 0.458846 0.0000 0.001404 0.001696 0.006963 -0.035089 0.221395 -0.138645 41.4047068370 -218.5524132903 66.45885
J533 00OCT14 2000.7858 51831 1083 6 141.4 3979 0.129769 4585519 0.150944 66 0.466584 0.0000 0.001338 0.001598 0.006446 -0.120029 0.211813 -0.184669 41.4047068370 -218.5524132565 66.46658
J533 00OCT15 2000.7885 51832 1084 0 141.4 3979 0.125155 4585519 0.148981 66 0.454925 0.0000 0.001267 0.001534 0.005994 -0.102596 0.188341 -0.166138 41.4047068193 -218.5524133117 66.45493
J533 00OCT16 2000.7912 51833 1084 1 141.4 3979 0.127801 4585519 0.149240 66 0.461671 0.0000 0.001274 0.001585 0.006114 -0.109825 0.161738 -0.188966 41.4047068216 -218.5524132801 66.46167
J533 00OCT17 2000.7940 51834 1084 2 141.4 3979 0.125581 4585519 0.152333 66 0.452446 0.0000 0.001415 0.001721 0.006577 -0.178705 0.211259 -0.110247 41.4047068495 -218.5524133066 66.45245
J533 00OCT18 2000.7967 51835 1084 3 141.4 3979 0.124850 4585519 0.152821 66 0.470559 0.0000 0.001362 0.001654 0.006498 -0.178766 0.229910 -0.179594 41.4047068538 -218.5524133154 66.47056
J533 00OCT19 2000.7995 51836 1084 4 141.4 3979 0.127398 4585519 0.151691 66 0.457378 0.0000 0.001377 0.001647 0.006499 -0.095724 0.217508 -0.134093 41.4047068437 -218.5524132849 66.45738
J533 00OCT20 2000.8022 51837 1084 5 141.4 3979 0.124555 4585519 0.149722 66 0.469868 0.0000 0.001316 0.001614 0.006316 -0.119248 0.190218 -0.125004 41.4047068259 -218.5524133189 66.46987
J533 00OCT21 2000.8049 51838 1084 6 141.4 3979 0.127845 4585519 0.150186 66 0.458431 0.0000 0.001327 0.001623 0.006200 -0.151243 0.174011 -0.138114 41.4047068301 -218.5524132795 66.45843
J533 00OCT22 2000.8077 51839 1085 0 141.4 3979 0.129791 4585519 0.149436 66 0.471677 0.0000 0.001259 0.001573 0.005990 -0.083862 0.134153 -0.152923 41.4047068234 -218.5524132563 66.47168
J533 00OCT23 2000.8104 51840 1085 1 141.4 3979 0.127121 4585519 0.150722 66 0.460153 0.0000 0.001286 0.001591 0.006085 -0.125038 0.147527 -0.118486 41.4047068350 -218.5524132882 66.46015
J533 00OCT24 2000.8131 51841 1085 2 141.4 3979 0.127163 4585519 0.149884 66 0.471043 0.0000 0.001260 0.001578 0.006053 -0.086457 0.119456 -0.105395 41.4047068274 -218.5524132877 66.47104
J533 00OCT25 2000.8159 51842 1085 3 141.4 3979 0.127803 4585519 0.148014 66 0.487739 0.0000 0.001268 0.001563 0.006084 -0.089062 0.140483 -0.141960 41.4047068106 -218.5524132801 66.48774
J533 00OCT26 2000.8186 51843 1085 4 141.4 3979 0.124446 4585519 0.150720 66 0.469316 0.0000 0.001346 0.001642 0.006458 -0.073481 0.219358 -0.143982 41.4047068349 -218.5524133202 66.46932
J533 00OCT27 2000.8214 51844 1085 5 141.4 3979 0.131766 4585519 0.150449 66 0.467854 0.0000 0.001293 0.001638 0.006473 -0.089545 0.169477 -0.171882 41.4047068325 -218.5524132327 66.46785
J533 00OCT28 2000.8241 51845 1085 6 141.4 3979 0.135521 4585519 0.147623 66 0.477148 0.0000 0.001281 0.001650 0.006155 -0.082003 0.183929 -0.103239 41.4047068071 -218.5524131878 66.47715
J533 00OCT29 2000.8268 51846 1086 0 141.4 3979 0.131679 4585519 0.150156 66 0.467696 0.0000 0.001257 0.001561 0.005978 -0.096226 0.166819 -0.156758 41.4047068299 -218.5524132337 66.46770
J533 00OCT30 2000.8296 51847 1086 1 141.4 3979 0.132997 4585519 0.151405 66 0.465883 0.0000 0.001287 0.001665 0.006326 -0.026637 0.151009 -0.115476 41.4047068411 -218.5524132179 66.46588
J533 00OCT31 2000.8323 51848 1086 2 141.4 3979 0.128514 4585519 0.152931 66 0.454855 0.0000 0.001275 0.001628 0.006199 -0.030498 0.106327 -0.157795 41.4047068548 -218.5524132715 66.45485
J533 00NOV01 2000.8350 51849 1086 3 141.4 3979 0.128918 4585519 0.151185 66 0.465789 0.0000 0.001356 0.001637 0.006525 -0.117085 0.234000 -0.163951 41.4047068391 -218.5524132667 66.46579
J533 00NOV02 2000.8378 51850 1086 4 141.4 3979 0.128582 4585519 0.151675 66 0.466636 0.0000 0.001317 0.001623 0.006269 -0.122740 0.207213 -0.224603 41.4047068435 -218.5524132707 66.46664
J533 00NOV03 2000.8405 51851 1086 5 141.4 3979 0.130589 4585519 0.150336 66 0.457802 0.0000 0.001349 0.001651 0.006474 -0.107503 0.244991 -0.169054 41.4047068315 -218.5524132467 66.45780
J533 00NOV04 2000.8433 51852 1086 6 141.4 3979 0.129728 4585519 0.147745 66 0.464297 0.0000 0.001288 0.001617 0.006225 -0.103739 0.243658 -0.168488 41.4047068082 -218.5524132570 66.46430
J533 00NOV05 2000.8460 51853 1087 0 141.4 3979 0.130890 4585519 0.151634 66 0.460174 0.0000 0.001279 0.001635 0.006147 -0.131268 0.184918 -0.160059 41.4047068432 -218.5524132431 66.46017
J533 00NOV06 2000.8487 51854 1087 1 141.4 3979 0.128825 4585519 0.153491 66 0.459900 0.0000 0.001295 0.001591 0.006216 -0.125773 0.214399 -0.181598 41.4047068599 -218.5524132678 66.45990
J533 00NOV07 2000.8515 51855 1087 2 141.4 3979 0.129844 4585519 0.153787 66 0.482071 0.0000 0.001294 0.001579 0.006041 -0.089879 0.180689 -0.111549 41.4047068625 -218.5524132556 66.48207
J533 00NOV08 2000.8542 51856 1087 3 141.4 3979 0.131285 4585519 0.153065 66 0.468902 0.0000 0.001298 0.001592 0.006154 -0.084440 0.201859 -0.155975 41.4047068560 -218.5524132384 66.46890
J533 00NOV09 2000.8569 51857 1087 4 141.4 3979 0.127161 4585519 0.150035 66 0.469136 0.0000 0.001340 0.001661 0.006494 -0.121339 0.280823 -0.115841 41.4047068288 -218.5524132877 66.46914
J533 00NOV10 2000.8597 51858 1087 5 141.4 3979 0.129908 4585519 0.151479 66 0.473523 0.0000 0.001314 0.001709 0.006342 -0.103671 0.229586 -0.186137 41.4047068418 -218.5524132549 66.47352
J533 00NOV11 2000.8624 51859 1087 6 141.4 3979 0.127954 4585519 0.154303 66 0.457528 0.0000 0.001277 0.001589 0.006117 -0.097617 0.195014 -0.203864 41.4047068672 -218.5524132782 66.45753
J533 00NOV12 2000.8652 51860 1088 0 141.4 3979 0.129361 4585519 0.151150 66 0.462239 0.0000 0.001393 0.001635 0.006479 -0.156166 0.256970 -0.195570 41.4047068388 -218.5524132614 66.46224
J533 00NOV13 2000.8679 51861 1088 1 141.4 3979 0.128817 4585519 0.151824 66 0.455839 0.0000 0.001263 0.001580 0.006116 -0.072210 0.206038 -0.184069 41.4047068449 -218.5524132679 66.45584
J533 00NOV14 2000.8706 51862 1088 2 141.4 3979 0.128369 4585519 0.151870 66 0.457871 0.0000 0.001350 0.001651 0.006278 -0.102168 0.231529 -0.139337 41.4047068453 -218.5524132733 66.45787
J533 00NOV15 2000.8734 51863 1088 3 141.4 3979 0.128339 4585519 0.150787 66 0.453074 0.0000 0.001282 0.001636 0.006207 -0.082450 0.228933 -0.126514 41.4047068355 -218.5524132736 66.45307
J533 00NOV16 2000.8761 51864 1088 4 141.4 3979 0.128753 4585519 0.152390 66 0.461501 0.0000 0.001283 0.001668 0.006200 0.016855 0.113090 -0.148576 41.4047068500 -218.5524132687 66.46150
J533 00NOV17 2000.8789 51865 1088 5 141.4 3979 0.131236 4585519 0.150974 66 0.475910 0.0000 0.001256 0.001610 0.005938 -0.087532 0.172738 -0.135428 41.4047068372 -218.5524132390 66.47591
J533 00NOV18 2000.8816 51866 1088 6 141.4 3979 0.129903 4585519 0.152878 66 0.468712 0.0000 0.001264 0.001606 0.006008 -0.075393 0.187425 -0.143711 41.4047068544 -218.5524132549 66.46871
J533 00NOV19 2000.8843 51867 1089 0 141.4 3979 0.130113 4585519 0.151745 66 0.467787 0.0000 0.001297 0.001655 0.006211 -0.084108 0.134212 -0.172752 41.4047068442 -218.5524132524 66.46779
J533 00NOV20 2000.8871 51868 1089 1 141.4 3979 0.129334 4585519 0.149447 66 0.482917 0.0000 0.001317 0.001668 0.006386 -0.085569 0.171967 -0.225509 41.4047068235 -218.5524132618 66.48292
J533 00NOV21 2000.8898 51869 1089 2 141.4 3979 0.130560 4585519 0.152052 66 0.459234 0.0000 0.001283 0.001627 0.006142 -0.079009 0.196694 -0.124322 41.4047068469 -218.5524132471 66.45923
J533 00NOV22 2000.8925 51870 1089 3 141.4 3979 0.128083 4585519 0.152032 66 0.456260 0.0000 0.001307 0.001616 0.006189 -0.064497 0.190103 -0.103088 41.4047068467 -218.5524132767 66.45626
J533 00NOV23 2000.8953 51871 1089 4 141.4 3979 0.128643 4585519 0.153087 66 0.457849 0.0000 0.001315 0.001635 0.006062 -0.110925 0.183243 -0.132295 41.4047068562 -218.5524132700 66.45785
J533 00NOV24 2000.8980 51872 1089 5 141.4 3979 0.129455 4585519 0.151283 66 0.459854 0.0000 0.001327 0.001657 0.006330 -0.099144 0.170136 -0.203730 41.4047068400 -218.5524132603 66.45985
J533 00NOV25 2000.9008 51873 1089 6 141.4 3979 0.130331 4585519 0.151658 66 0.466766 0.0000 0.001347 0.001693 0.006485 -0.077638 0.168477 -0.166571 41.4047068434 -218.5524132498 66.46677
J533 00NOV26 2000.9035 51874 1090 0 141.4 3979 0.130076 4585519 0.152201 66 0.453560 0.0000 0.001326 0.001681 0.006230 -0.064541 0.160360 -0.155114 41.4047068483 -218.5524132529 66.45356
J533 00NOV27 2000.9062 51875 1090 1 141.4 3979 0.128435 4585519 0.153793 66 0.461598 0.0000 0.001511 0.001874 0.007088 -0.086556 0.203318 -0.072071 41.4047068626 -218.5524132725 66.46160
J533 00NOV28 2000.9090 51876 1090 2 141.4 3979 0.127365 4585519 0.157761 66 0.456187 0.0000 0.001369 0.001654 0.006252 -0.135119 0.274485 -0.119217 41.4047068983 -218.5524132852 66.45619
J533 00NOV29 2000.9117 51877 1090 3 141.4 3979 0.130911 4585519 0.148912 66 0.466471 0.0000 0.001375 0.001726 0.006457 -0.092256 0.202833 -0.179567 41.4047068187 -218.5524132429 66.46647
J533 00NOV30 2000.9144 51878 1090 4 141.4 3979 0.127290 4585519 0.148562 66 0.476735 0.0000 0.001360 0.001731 0.006380 -0.133628 0.204077 -0.162110 41.4047068155 -218.5524132862 66.47674
J533 00DEC01 2000.9172 51879 1090 5 141.4 3979 0.124499 4585519 0.152735 66 0.461143 0.0000 0.001365 0.001735 0.006378 -0.129102 0.172736 -0.159002 41.4047068531 -218.5524133195 66.46114
J533 00DEC02 2000.9199 51880 1090 6 141.4 3979 0.127057 4585519 0.149545 66 0.461993 0.0000 0.001445 0.001719 0.006849 -0.070228 0.251202 -0.167006 41.4047068244 -218.5524132890 66.46199
J533 00DEC03 2000.9227 51881 1091 0 141.4 3979 0.125241 4585519 0.152498 66 0.474574 0.0000 0.001384 0.001727 0.006457 -0.072284 0.216743 -0.089033 41.4047068509 -218.5524133107 66.47457
J533 00DEC04 2000.9254 51882 1091 1 141.4 3979 0.127587 4585519 0.153386 66 0.465414 0.0000 0.001453 0.001878 0.006899 -0.075140 0.265096 -0.154980 41.4047068589 -218.5524132826 66.46541
J533 00DEC05 2000.9281 51883 1091 2 141.4 3979 0.130214 4585519 0.150795 66 0.467921 0.0000 0.001436 0.001755 0.006724 -0.107365 0.244045 -0.124573 41.4047068356 -218.5524132512 66.46792
J533 00DEC06 2000.9309 51884 1091 3 141.4 3979 0.125923 4585519 0.152990 66 0.466870 0.0000 0.001314 0.001689 0.006159 -0.104443 0.196342 -0.109194 41.4047068554 -218.5524133025 66.46687
J533 00DEC07 2000.9336 51885 1091 4 141.4 3979 0.128903 4585519 0.154149 66 0.463000 0.0000 0.001307 0.001666 0.006181 -0.081545 0.190431 -0.104717 41.4047068658 -218.5524132669 66.46300
J533 00DEC08 2000.9363 51886 1091 5 141.4 3979 0.127342 4585519 0.152856 66 0.463618 0.0000 0.001321 0.001679 0.006131 -0.079347 0.161559 -0.098627 41.4047068542 -218.5524132855 66.46362
J533 00DEC09 2000.9391 51887 1091 6 141.4 3979 0.128420 4585519 0.152853 66 0.470550 0.0000 0.001281 0.001626 0.005923 -0.045591 0.170453 -0.067262 41.4047068541 -218.5524132727 66.47055
J533 00DEC10 2000.9418 51888 1092 0 141.4 3979 0.128903 4585519 0.150404 66 0.479244 0.0000 0.001296 0.001665 0.006127 -0.045736 0.216437 -0.117811 41.4047068321 -218.5524132669 66.47924
J533 00DEC11 2000.9446 51889 1092 1 141.4 3979 0.128865 4585519 0.150806 66 0.470629 0.0000 0.001316 0.001668 0.006148 -0.107457 0.225177 -0.176190 41.4047068357 -218.5524132673 66.47063
J533 00DEC12 2000.9473 51890 1092 2 141.4 3979 0.131098 4585519 0.148343 66 0.473603 0.0000 0.001260 0.001661 0.006045 -0.047283 0.207051 -0.119084 41.4047068135 -218.5524132407 66.47360
J533 00DEC13 2000.9500 51891 1092 3 141.4 3979 0.130841 4585519 0.150588 66 0.465202 0.0000 0.001239 0.001666 0.005837 -0.032607 0.134285 -0.096702 41.4047068337 -218.5524132437 66.46520
J533 00DEC14 2000.9528 51892 1092 4 141.4 3979 0.128212 4585519 0.147159 66 0.471675 0.0000 0.001285 0.001622 0.005986 -0.060550 0.128250 -0.159889 41.4047068029 -218.5524132752 66.47168
J533 00DEC15 2000.9555 51893 1092 5 141.4 3979 0.128118 4585519 0.150359 66 0.465514 0.0000 0.001255 0.001602 0.005899 -0.053624 0.187869 -0.129774 41.4047068317 -218.5524132763 66.46551
J533 00DEC16 2000.9582 51894 1092 6 141.4 3979 0.125531 4585519 0.151146 66 0.471706 0.0000 0.001251 0.001621 0.005833 -0.057539 0.109591 -0.181685 41.4047068388 -218.5524133072 66.47171
J533 00DEC17 2000.9610 51895 1093 0 141.4 3979 0.130549 4585519 0.150202 66 0.465560 0.0000 0.001253 0.001632 0.005892 -0.073075 0.126698 -0.194923 41.4047068303 -218.5524132472 66.46556
J533 00DEC18 2000.9637 51896 1093 1 141.4 3979 0.129686 4585519 0.152491 66 0.466090 0.0000 0.001248 0.001636 0.005836 -0.036196 0.118623 -0.180504 41.4047068509 -218.5524132575 66.46609
J533 00DEC19 2000.9665 51897 1093 2 141.4 3979 0.130747 4585519 0.153112 66 0.469626 0.0000 0.001341 0.001752 0.006325 -0.000775 0.093050 -0.142429 41.4047068565 -218.5524132448 66.46963
J533 00DEC20 2000.9692 51898 1093 3 141.4 3979 0.128440 4585519 0.151267 66 0.468130 0.0000 0.001282 0.001649 0.005911 -0.028834 0.101058 -0.128561 41.4047068399 -218.5524132724 66.46813
J533 00DEC21 2000.9719 51899 1093 4 141.4 3979 0.125804 4585519 0.152893 66 0.470968 0.0000 0.001269 0.001599 0.005868 -0.022875 0.134326 -0.149070 41.4047068545 -218.5524133039 66.47097
J533 00DEC22 2000.9747 51900 1093 5 141.4 3979 0.128834 4585519 0.153482 66 0.467239 0.0000 0.001277 0.001634 0.005893 -0.020190 0.107278 -0.127563 41.4047068598 -218.5524132677 66.46724
J533 00DEC23 2000.9774 51901 1093 6 141.4 3979 0.130157 4585519 0.149803 66 0.475785 0.0000 0.001273 0.001609 0.006028 -0.038431 0.134827 -0.176129 41.4047068267 -218.5524132519 66.47579
J533 00DEC24 2000.9802 51902 1094 0 141.4 3979 0.128261 4585519 0.152968 66 0.456199 0.0000 0.001251 0.001575 0.005852 -0.049651 0.127885 -0.168763 41.4047068552 -218.5524132746 66.45620
J533 00DEC25 2000.9829 51903 1094 1 141.4 3979 0.128925 4585519 0.149699 66 0.475419 0.0000 0.001242 0.001605 0.005883 -0.040400 0.092115 -0.136867 41.4047068257 -218.5524132666 66.47542
J533 00DEC26 2000.9856 51904 1094 2 141.4 3979 0.130565 4585519 0.149462 66 0.476616 0.0000 0.001245 0.001557 0.005804 -0.053770 0.171054 -0.141291 41.4047068236 -218.5524132470 66.47662
J533 00DEC27 2000.9884 51905 1094 3 141.4 3979 0.133696 4585519 0.149993 66 0.478211 0.0000 0.001248 0.001634 0.005865 -0.023938 0.112310 -0.096943 41.4047068284 -218.5524132096 66.47821
J533 00DEC28 2000.9911 51906 1094 4 141.4 3979 0.128364 4585519 0.150593 66 0.473149 0.0000 0.001294 0.001652 0.006244 -0.023577 0.071083 -0.195417 41.4047068338 -218.5524132733 66.47315
J533 00DEC29 2000.9938 51907 1094 5 141.4 3979 0.129666 4585519 0.149624 66 0.471954 0.0000 0.001226 0.001541 0.005682 -0.047564 0.116314 -0.133037 41.4047068251 -218.5524132578 66.47195
J533 00DEC30 2000.9966 51908 1094 6 141.4 3979 0.128003 4585519 0.150874 66 0.471633 0.0000 0.001239 0.001597 0.005805 -0.060951 0.119646 -0.113609 41.4047068363 -218.5524132777 66.47163
J533 00DEC31 2000.9993 51909 1095 0 141.4 3979 0.132131 4585519 0.151057 66 0.466542 0.0000 0.001272 0.001549 0.005906 -0.076726 0.171050 -0.147120 41.4047068380 -218.5524132283 66.46654
J533 01JAN01 2001.0021 51910 1095 1 141.4 3979 0.130409 4585519 0.150668 66 0.476293 0.0000 0.001273 0.001563 0.005958 -0.040094 0.187852 -0.155206 41.4047068345 -218.5524132489 66.47629
J533 01JAN02 2001.0048 51911 1095 2 141.4 3979 0.128444 4585519 0.149900 66 0.475609 0.0000 0.001286 0.001596 0.006085 -0.062061 0.163181 -0.171225 41.4047068275 -218.5524132724 66.47561
J533 01JAN03 2001.0075 51912 1095 3 141.4 3979 0.128014 4585519 0.148717 66 0.471392 0.0000 0.001305 0.001578 0.006046 -0.049908 0.153713 -0.174938 41.4047068169 -218.5524132775 66.47139
J533 01JAN04 2001.0103 51913 1095 4 141.4 3979 0.128074 4585519 0.150316 66 0.468456 0.0000 0.001312 0.001647 0.006217 -0.002070 0.151776 -0.115401 41.4047068313 -218.5524132768 66.46846
J533 01JAN05 2001.0130 51914 1095 5 141.4 3979 0.129369 4585519 0.154547 66 0.468389 0.0000 0.001291 0.001657 0.006188 0.006129 0.124530 -0.127327 41.4047068694 -218.5524132613 66.46839
J533 01JAN06 2001.0157 51915 1095 6 141.4 3979 0.128255 4585519 0.151505 66 0.464663 0.0000 0.001272 0.001585 0.005938 -0.008358 0.139947 -0.213146 41.4047068420 -218.5524132746 66.46466
J533 01JAN07 2001.0185 51916 1096 0 141.4 3979 0.127970 4585519 0.149368 66 0.463732 0.0000 0.001279 0.001543 0.005870 -0.075870 0.136052 -0.171739 41.4047068228 -218.5524132781 66.46373
J533 01JAN08 2001.0212 51917 1096 1 141.4 3979 0.127028 4585519 0.151908 66 0.471187 0.0000 0.001295 0.001552 0.005950 -0.019446 0.118154 -0.189054 41.4047068456 -218.5524132893 66.47119
J533 01JAN09 2001.0240 51918 1096 2 141.4 3979 0.128388 4585519 0.151473 66 0.474344 0.0000 0.001298 0.001599 0.006176 0.020463 0.072112 -0.198003 41.4047068417 -218.5524132730 66.47434
J533 01JAN10 2001.0267 51919 1096 3 141.4 3979 0.126611 4585519 0.151348 66 0.466874 0.0000 0.001292 0.001566 0.005971 -0.072367 0.164905 -0.181963 41.4047068406 -218.5524132943 66.46687
J533 01JAN11 2001.0294 51920 1096 4 141.4 3979 0.125867 4585519 0.152558 66 0.476666 0.0000 0.001296 0.001595 0.006108 0.009193 0.130442 -0.196721 41.4047068515 -218.5524133032 66.47667
J533 01JAN12 2001.0322 51921 1096 5 141.4 3979 0.126954 4585519 0.150158 66 0.453323 0.0000 0.001365 0.001607 0.006414 -0.049752 0.220825 -0.196801 41.4047068299 -218.5524132902 66.45332
J533 01JAN13 2001.0349 51922 1096 6 141.4 3979 0.126523 4585519 0.150968 66 0.464396 0.0000 0.001277 0.001619 0.006111 0.009245 0.106841 -0.166214 41.4047068372 -218.5524132954 66.46440
J533 01JAN14 2001.0376 51923 1097 0 141.4 3979 0.125473 4585519 0.152597 66 0.463877 0.0000 0.001249 0.001551 0.005878 -0.025163 0.073928 -0.208564 41.4047068518 -218.5524133079 66.46388
J533 01JAN15 2001.0404 51924 1097 1 141.4 3979 0.128295 4585519 0.152918 66 0.441746 0.0000 0.001338 0.001614 0.006350 0.017954 0.110548 -0.219987 41.4047068547 -218.5524132742 66.44175
J533 01JAN16 2001.0431 51925 1097 2 141.4 3979 0.130259 4585519 0.146684 66 0.446570 0.0000 0.001350 0.001621 0.006381 0.018840 0.058821 -0.204115 41.4047067986 -218.5524132507 66.44657
J533 01JAN17 2001.0459 51926 1097 3 141.4 3979 0.125678 4585519 0.145995 66 0.437767 0.0000 0.001344 0.001597 0.006315 0.035714 0.046773 -0.199980 41.4047067924 -218.5524133055 66.43777
J533 01JAN18 2001.0486 51927 1097 4 141.4 3979 0.125896 4585519 0.146054 66 0.428802 0.0000 0.001324 0.001626 0.006391 -0.025855 0.076909 -0.232538 41.4047067929 -218.5524133029 66.42880
J533 01JAN19 2001.0513 51928 1097 5 141.4 3979 0.127135 4585519 0.148331 66 0.459859 0.0000 0.001321 0.001605 0.006135 -0.066312 0.137925 -0.210330 41.4047068134 -218.5524132880 66.45986
J533 01JAN20 2001.0541 51929 1097 6 141.4 3979 0.128303 4585519 0.150440 66 0.463674 0.0000 0.001289 0.001581 0.005924 -0.089346 0.117065 -0.179192 41.4047068324 -218.5524132741 66.46367
J533 01JAN21 2001.0568 51930 1098 0 141.4 3979 0.130749 4585519 0.152893 66 0.457924 0.0000 0.001227 0.001555 0.005752 -0.034990 0.045627 -0.188124 41.4047068545 -218.5524132448 66.45792
J533 01JAN22 2001.0595 51931 1098 1 141.4 3979 0.127374 4585519 0.149394 66 0.445084 0.0000 0.001317 0.001626 0.006187 -0.017878 0.045232 -0.204052 41.4047068230 -218.5524132852 66.44508
J533 01JAN23 2001.0623 51932 1098 2 141.4 3979 0.127694 4585519 0.149033 66 0.447365 0.0000 0.001327 0.001634 0.006278 -0.042047 0.127644 -0.215660 41.4047068197 -218.5524132814 66.44736
J533 01JAN24 2001.0650 51933 1098 3 141.4 3979 0.128298 4585519 0.149051 66 0.456995 0.0000 0.001334 0.001606 0.006135 -0.044983 0.185148 -0.161108 41.4047068199 -218.5524132741 66.45699
J533 01JAN25 2001.0678 51934 1098 4 141.4 3979 0.130273 4585519 0.153068 66 0.455039 0.0000 0.001322 0.001603 0.006047 -0.059193 0.072869 -0.174720 41.4047068561 -218.5524132505 66.45504
J533 01JAN26 2001.0705 51935 1098 5 141.4 3979 0.127921 4585519 0.149537 66 0.464717 0.0000 0.001274 0.001613 0.005970 -0.040773 0.120977 -0.149773 41.4047068243 -218.5524132787 66.46472
J533 01JAN27 2001.0732 51936 1098 6 141.4 3979 0.127370 4585519 0.150950 66 0.462342 0.0000 0.001273 0.001572 0.005979 -0.031770 0.154448 -0.159058 41.4047068370 -218.5524132852 66.46234
J533 01JAN28 2001.0760 51937 1099 0 141.4 3979 0.133092 4585519 0.145326 66 0.465818 0.0000 0.001322 0.001612 0.006241 -0.038253 0.145595 -0.177306 41.4047067864 -218.5524132168 66.46582
J533 01JAN29 2001.0787 51938 1099 1 141.4 3979 0.127214 4585519 0.149687 66 0.467542 0.0000 0.001275 0.001572 0.006041 -0.078597 0.112568 -0.202182 41.4047068256 -218.5524132871 66.46754
J533 01JAN30 2001.0815 51939 1099 2 141.4 3979 0.127084 4585519 0.146668 66 0.456407 0.0000 0.001315 0.001580 0.006168 -0.083913 0.150634 -0.239181 41.4047067984 -218.5524132887 66.45641
J533 01JAN31 2001.0842 51940 1099 3 141.4 3979 0.125423 4585519 0.147605 66 0.450981 0.0000 0.001306 0.001640 0.006129 -0.022481 0.103440 -0.170507 41.4047068069 -218.5524133085 66.45098
J533 01FEB01 2001.0869 51941 1099 4 141.4 3979 0.126635 4585519 0.149199 66 0.470320 0.0000 0.001267 0.001619 0.006032 -0.075593 0.130118 -0.152937 41.4047068212 -218.5524132940 66.47032
J533 01FEB02 2001.0897 51942 1099 5 141.4 3979 0.126369 4585519 0.149607 66 0.463828 0.0000 0.001257 0.001597 0.006007 -0.048099 0.069076 -0.223010 41.4047068249 -218.5524132972 66.46383
J533 01FEB03 2001.0924 51943 1099 6 141.4 3979 0.127371 4585519 0.146669 66 0.473613 0.0000 0.001208 0.001538 0.005738 -0.036352 0.131871 -0.162821 41.4047067985 -218.5524132852 66.47361
J533 01FEB04 2001.0951 51944 1100 0 141.4 3979 0.125403 4585519 0.149756 66 0.457400 0.0000 0.001266 0.001586 0.006077 -0.048279 0.141723 -0.192623 41.4047068263 -218.5524133088 66.45740
J533 01FEB05 2001.0979 51945 1100 1 141.4 3979 0.126223 4585519 0.149190 66 0.465280 0.0000 0.001301 0.001629 0.006167 -0.097901 0.189495 -0.163497 41.4047068212 -218.5524132990 66.46528
J533 01FEB06 2001.1006 51946 1100 2 141.4 3979 0.127861 4585519 0.148982 66 0.469897 0.0000 0.001256 0.001591 0.005971 -0.043594 0.099487 -0.154393 41.4047068193 -218.5524132794 66.46990
J533 01FEB07 2001.1034 51947 1100 3 141.4 3979 0.128396 4585519 0.148695 66 0.462062 0.0000 0.001222 0.001563 0.005764 -0.042050 0.114849 -0.141859 41.4047068167 -218.5524132730 66.46206
J533 01FEB08 2001.1061 51948 1100 4 141.4 3979 0.131051 4585519 0.147400 66 0.466778 0.0000 0.001259 0.001568 0.006083 -0.022954 0.133744 -0.183037 41.4047068050 -218.5524132412 66.46678
J533 01FEB09 2001.1088 51949 1100 5 141.4 3979 0.128205 4585519 0.147865 66 0.458009 0.0000 0.001313 0.001594 0.006144 -0.061814 0.182752 -0.183358 41.4047068092 -218.5524132753 66.45801
J533 01FEB10 2001.1116 51950 1100 6 141.4 3979 0.125443 4585519 0.149049 66 0.454889 0.0000 0.001288 0.001600 0.006147 -0.085982 0.113795 -0.213707 41.4047068199 -218.5524133083 66.45489
J533 01FEB11 2001.1143 51951 1101 0 141.4 3979 0.126362 4585519 0.147266 66 0.444124 0.0000 0.001285 0.001590 0.006093 -0.094914 0.182054 -0.196672 41.4047068038 -218.5524132973 66.44412
J533 01FEB12 2001.1170 51952 1101 1 141.4 3979 0.126426 4585519 0.149021 66 0.454861 0.0000 0.001369 0.001663 0.006448 -0.175108 0.220691 -0.256633 41.4047068196 -218.5524132965 66.45486
J533 01FEB13 2001.1198 51953 1101 2 141.4 3979 0.124839 4585519 0.151596 66 0.454754 0.0000 0.001246 0.001544 0.006022 -0.050950 0.139296 -0.195226 41.4047068428 -218.5524133155 66.45475
J533 01FEB14 2001.1225 51954 1101 3 141.4 3979 0.127041 4585519 0.147616 66 0.467299 0.0000 0.001356 0.001611 0.006445 -0.112630 0.186055 -0.216812 41.4047068070 -218.5524132892 66.46730
J533 01FEB15 2001.1253 51955 1101 4 141.4 3979 0.131361 4585519 0.144578 66 0.446448 0.0000 0.001247 0.001531 0.006016 -0.065508 0.119118 -0.244074 41.4047067796 -218.5524132375 66.44645
J533 01FEB16 2001.1280 51956 1101 5 141.4 3979 0.129663 4585519 0.143234 66 0.460140 0.0000 0.001233 0.001506 0.005819 -0.065648 0.114223 -0.227275 41.4047067675 -218.5524132579 66.46014
J533 01FEB17 2001.1307 51957 1101 6 141.4 3979 0.128504 4585519 0.145511 66 0.452324 0.0000 0.001239 0.001521 0.005914 -0.062452 0.191663 -0.181489 41.4047067880 -218.5524132717 66.45232
J533 01FEB18 2001.1335 51958 1102 0 141.4 3979 0.127412 4585519 0.143528 66 0.459839 0.0000 0.001290 0.001589 0.006270 -0.090497 0.138636 -0.249300 41.4047067702 -218.5524132848 66.45984
J533 01FEB19 2001.1362 51959 1102 1 141.4 3979 0.127440 4585519 0.145537 66 0.461668 0.0000 0.001202 0.001524 0.005909 -0.034035 0.071566 -0.261460 41.4047067883 -218.5524132844 66.46167
J533 01FEB20 2001.1389 51960 1102 2 141.4 3979 0.126004 4585519 0.143552 66 0.470227 0.0000 0.001354 0.001632 0.006635 -0.008393 0.151326 -0.229190 41.4047067704 -218.5524133016 66.47023
J533 01FEB21 2001.1417 51961 1102 3 141.4 3979 0.126979 4585519 0.145192 66 0.454613 0.0000 0.001263 0.001578 0.006130 -0.080186 0.155285 -0.167609 41.4047067852 -218.5524132899 66.45461
J533 01FEB22 2001.1444 51962 1102 4 141.4 3979 0.129806 4585519 0.147076 66 0.465721 0.0000 0.001287 0.001574 0.005981 -0.129368 0.170188 -0.182873 41.4047068021 -218.5524132561 66.46572
J533 01FEB23 2001.1472 51963 1102 5 141.4 3979 0.127443 4585519 0.149730 66 0.464650 0.0000 0.001315 0.001624 0.006365 -0.047341 0.196958 -0.202265 41.4047068260 -218.5524132844 66.46465
J533 01FEB24 2001.1499 51964 1102 6 141.4 3979 0.129384 4585519 0.145052 66 0.462984 0.0000 0.001349 0.001688 0.006595 -0.125426 0.160141 -0.147399 41.4047067839 -218.5524132612 66.46298
J533 01FEB25 2001.1526 51965 1103 0 141.4 3979 0.122902 4585519 0.144417 66 0.449619 0.0000 0.001410 0.001677 0.006694 -0.146575 0.192712 -0.216225 41.4047067782 -218.5524133387 66.44962
J533 01FEB26 2001.1554 51966 1103 1 141.4 3979 0.126685 4585519 0.147513 66 0.465579 0.0000 0.001274 0.001603 0.006217 -0.096219 0.198938 -0.208457 41.4047068061 -218.5524132934 66.46558
J533 01FEB27 2001.1581 51967 1103 2 141.4 3979 0.126252 4585519 0.144359 66 0.468518 0.0000 0.001325 0.001627 0.006488 -0.111197 0.106659 -0.251860 41.4047067777 -218.5524132986 66.46852
J533 01FEB28 2001.1608 51968 1103 3 141.4 3979 0.124390 4585519 0.148298 66 0.443608 0.0000 0.001319 0.001550 0.006171 -0.123034 0.137029 -0.216732 41.4047068131 -218.5524133209 66.44361
J533 01MAR01 2001.1636 51969 1103 4 141.4 3979 0.126040 4585519 0.146047 66 0.454649 0.0000 0.001282 0.001626 0.006237 -0.132629 0.161081 -0.208982 41.4047067929 -218.5524133012 66.45465
J533 01MAR02 2001.1663 51970 1103 5 141.4 3979 0.124379 4585519 0.145388 66 0.455123 0.0000 0.001323 0.001635 0.006590 -0.093098 0.186498 -0.212015 41.4047067869 -218.5524133210 66.45512
J533 01MAR03 2001.1691 51971 1103 6 141.4 3979 0.122801 4585519 0.146785 66 0.461675 0.0000 0.001316 0.001591 0.006368 -0.097765 0.198872 -0.215805 41.4047067995 -218.5524133399 66.46167
J533 01MAR04 2001.1718 51972 1104 0 141.4 3979 0.127364 4585519 0.146222 66 0.467684 0.0000 0.001300 0.001590 0.006235 -0.175267 0.211663 -0.232813 41.4047067944 -218.5524132853 66.46768
J533 01MAR05 2001.1745 51973 1104 1 141.4 3979 0.123152 4585519 0.149216 66 0.461173 0.0000 0.001391 0.001699 0.006723 -0.140915 0.274272 -0.161704 41.4047068214 -218.5524133357 66.46117
J533 01MAR06 2001.1773 51974 1104 2 141.4 3979 0.121755 4585519 0.147912 66 0.456242 0.0000 0.001345 0.001571 0.006446 -0.140418 0.243864 -0.239201 41.4047068097 -218.5524133524 66.45624
J533 01MAR07 2001.1800 51975 1104 3 141.4 3979 0.123805 4585519 0.146595 66 0.460152 0.0000 0.001237 0.001513 0.005931 -0.115052 0.166800 -0.209209 41.4047067978 -218.5524133279 66.46015
J533 01MAR08 2001.1828 51976 1104 4 141.4 3979 0.126885 4585519 0.145510 66 0.466955 0.0000 0.001278 0.001575 0.006078 -0.141665 0.213511 -0.243887 41.4047067880 -218.5524132911 66.46696
J533 01MAR09 2001.1855 51977 1104 5 141.4 3979 0.125627 4585519 0.146252 66 0.467738 0.0000 0.001295 0.001639 0.006270 -0.135958 0.187043 -0.180817 41.4047067947 -218.5524133061 66.46774
J533 01MAR10 2001.1882 51978 1104 6 141.4 3979 0.124561 4585519 0.143428 66 0.462665 0.0000 0.001308 0.001588 0.006174 -0.132832 0.220632 -0.172382 41.4047067693 -218.5524133189 66.46266
J533 01MAR11 2001.1910 51979 1105 0 141.4 3979 0.125966 4585519 0.143658 66 0.428802 0.0000 0.001315 0.001618 0.006348 -0.128154 0.246918 -0.169238 41.4047067714 -218.5524133021 66.42880
J533 01MAR12 2001.1937 51980 1105 1 141.4 3979 0.126011 4585519 0.144406 66 0.466375 0.0000 0.001276 0.001599 0.006206 -0.076238 0.187054 -0.192106 41.4047067781 -218.5524133015 66.46638
J533 01MAR13 2001.1964 51981 1105 2 141.4 3979 0.125253 4585519 0.143690 66 0.456369 0.0000 0.001256 0.001596 0.006020 -0.141101 0.167466 -0.174797 41.4047067716 -218.5524133106 66.45637
J533 01MAR14 2001.1992 51982 1105 3 141.4 3979 0.125898 4585519 0.141884 66 0.470011 0.0000 0.001266 0.001554 0.006076 -0.133346 0.161690 -0.178953 41.4047067554 -218.5524133029 66.47001
J533 01MAR15 2001.2019 51983 1105 4 141.4 3979 0.128042 4585519 0.144742 66 0.462005 0.0000 0.001237 0.001555 0.005948 -0.070298 0.175103 -0.133307 41.4047067811 -218.5524132772 66.46201
J533 01MAR16 2001.2047 51984 1105 5 141.4 3979 0.126018 4585519 0.143475 66 0.470398 0.0000 0.001313 0.001600 0.006435 -0.100996 0.176157 -0.197924 41.4047067697 -218.5524133014 66.47040
J533 01MAR17 2001.2074 51985 1105 6 141.4 3979 0.125788 4585519 0.143659 66 0.451589 0.0000 0.001304 0.001537 0.006156 -0.089826 0.205077 -0.125212 41.4047067714 -218.5524133042 66.45159
J533 01MAR18 2001.2101 51986 1106 0 141.4 3979 0.125609 4585519 0.143091 66 0.466178 0.0000 0.001260 0.001525 0.005975 -0.097087 0.190650 -0.167012 41.4047067662 -218.5524133063 66.46618
J533 01MAR19 2001.2129 51987 1106 1 141.4 3979 0.126016 4585519 0.142589 66 0.471497 0.0000 0.001257 0.001525 0.006014 -0.105145 0.176564 -0.206351 41.4047067617 -218.5524133015 66.47150
J533 01MAR20 2001.2156 51988 1106 2 141.4 3979 0.129033 4585519 0.146215 66 0.469659 0.0000 0.001448 0.001773 0.007288 -0.044666 0.240590 -0.147724 41.4047067944 -218.5524132654 66.46966
J533 01MAR21 2001.2183 51989 1106 3 141.4 3979 0.123973 4585519 0.144855 66 0.453478 0.0000 0.001351 0.001606 0.006465 -0.085215 0.226565 -0.100057 41.4047067821 -218.5524133259 66.45348
J533 01MAR22 2001.2211 51990 1106 4 141.4 3979 0.130035 4585519 0.143860 66 0.463102 0.0000 0.001285 0.001558 0.006189 -0.104284 0.236101 -0.146149 41.4047067732 -218.5524132534 66.46310
J533 01MAR23 2001.2238 51991 1106 5 141.4 3979 0.126650 4585519 0.145975 66 0.462023 0.0000 0.001242 0.001518 0.005921 -0.076770 0.148500 -0.144577 41.4047067922 -218.5524132939 66.46202
J533 01MAR24 2001.2266 51992 1106 6 141.4 3979 0.126095 4585519 0.144054 66 0.465313 0.0000 0.001345 0.001544 0.006204 -0.151844 0.247400 -0.197389 41.4047067749 -218.5524133005 66.46531
J533 01MAR25 2001.2293 51993 1107 0 141.4 3979 0.128197 4585519 0.142668 66 0.474406 0.0000 0.001378 0.001569 0.006372 -0.134292 0.234964 -0.158049 41.4047067624 -218.5524132754 66.47441
J533 01MAR26 2001.2320 51994 1107 1 141.4 3979 0.124439 4585519 0.145448 66 0.449640 0.0000 0.001374 0.001598 0.006602 -0.174498 0.254516 -0.214390 41.4047067875 -218.5524133203 66.44964
J533 01MAR27 2001.2348 51995 1107 2 141.4 3979 0.127708 4585519 0.142798 66 0.463055 0.0000 0.001371 0.001624 0.006524 -0.157610 0.248923 -0.240156 41.4047067636 -218.5524132812 66.46305
J533 01MAR28 2001.2375 51996 1107 3 141.4 3979 0.127832 4585519 0.144821 66 0.463909 0.0000 0.001401 0.001669 0.006714 -0.178720 0.226729 -0.239343 41.4047067818 -218.5524132797 66.46391
J533 01MAR29 2001.2402 51997 1107 4 141.4 3979 0.125506 4585519 0.143453 66 0.462982 0.0000 0.001314 0.001585 0.006301 -0.112831 0.222083 -0.140064 41.4047067695 -218.5524133076 66.46298
J533 01MAR30 2001.2430 51998 1107 5 141.4 3979 0.124966 4585519 0.144768 66 0.455432 0.0000 0.001338 0.001555 0.006313 -0.138185 0.222349 -0.201551 41.4047067813 -218.5524133140 66.45543
J533 01MAR31 2001.2457 51999 1107 6 141.4 3979 0.127561 4585519 0.145842 66 0.461440 0.0000 0.001878 0.002425 0.009415 -0.059013 0.112274 -0.422925 41.4047067910 -218.5524132830 66.46144
J533 01APR01 2001.2485 52000 1108 0 141.4 3979 0.123688 4585519 0.145794 66 0.465258 0.0000 0.001334 0.001547 0.006294 -0.124155 0.188500 -0.172839 41.4047067906 -218.5524133293 66.46526
J533 01APR02 2001.2512 52001 1108 1 141.4 3979 0.129436 4585519 0.144773 66 0.466783 0.0000 0.001312 0.001499 0.006201 -0.135243 0.261597 -0.208807 41.4047067814 -218.5524132606 66.46678
J533 01APR03 2001.2539 52002 1108 2 141.4 3979 0.127719 4585519 0.139415 66 0.461881 0.0000 0.001376 0.001613 0.006482 -0.173135 0.263864 -0.126782 41.4047067331 -218.5524132811 66.46188
J533 01APR04 2001.2567 52003 1108 3 141.4 3979 0.128693 4585519 0.142653 66 0.462938 0.0000 0.001300 0.001555 0.006174 -0.128582 0.224201 -0.156846 41.4047067623 -218.5524132695 66.46294
J533 01APR05 2001.2594 52004 1108 4 141.4 3979 0.124858 4585519 0.142265 66 0.455034 0.0000 0.001296 0.001575 0.006255 -0.130760 0.204561 -0.170273 41.4047067588 -218.5524133153 66.45503
J533 01APR06 2001.2621 52005 1108 5 141.4 3979 0.125866 4585519 0.143207 66 0.459749 0.0000 0.001350 0.001603 0.006347 -0.142146 0.204759 -0.171090 41.4047067673 -218.5524133033 66.45975
J533 01APR07 2001.2649 52006 1108 6 141.4 3979 0.129193 4585519 0.140155 66 0.465234 0.0000 0.001341 0.001575 0.006297 -0.150606 0.262658 -0.184268 41.4047067398 -218.5524132635 66.46523
J533 01APR08 2001.2676 52007 1109 0 141.4 3979 0.123644 4585519 0.143976 66 0.465670 0.0000 0.001321 0.001580 0.006338 -0.084344 0.213739 -0.131122 41.4047067742 -218.5524133298 66.46567
J533 01APR09 2001.2704 52008 1109 1 141.4 3979 0.126875 4585519 0.143243 66 0.463574 0.0000 0.001500 0.001687 0.007100 -0.136449 0.225001 -0.133575 41.4047067676 -218.5524132912 66.46357
J533 01APR10 2001.2731 52009 1109 2 141.4 3979 0.125386 4585519 0.143806 66 0.465076 0.0000 0.001324 0.001546 0.006314 -0.067989 0.201590 -0.119565 41.4047067727 -218.5524133090 66.46508
J533 01APR11 2001.2758 52010 1109 3 141.4 3979 0.126142 4585519 0.143942 66 0.458030 0.0000 0.001426 0.001610 0.006750 -0.143155 0.269044 -0.198025 41.4047067739 -218.5524133000 66.45803
J533 01APR12 2001.2786 52011 1109 4 141.4 3979 0.128789 4585519 0.143682 66 0.459982 0.0000 0.001581 0.001869 0.007414 -0.124441 0.262575 -0.025184 41.4047067716 -218.5524132683 66.45998
J533 01APR13 2001.2813 52012 1109 5 141.4 3979 0.122312 4585519 0.142557 66 0.456741 0.0000 0.001310 0.001653 0.006309 -0.125973 0.173871 -0.116880 41.4047067614 -218.5524133458 66.45674
J533 01APR14 2001.2841 52013 1109 6 141.4 3979 0.126985 4585519 0.144018 66 0.473764 0.0000 0.001421 0.001607 0.006518 -0.112964 0.243055 -0.110957 41.4047067746 -218.5524132899 66.47376
J533 01APR15 2001.2868 52014 1110 0 141.4 3979 0.126072 4585519 0.141472 66 0.466386 0.0000 0.001349 0.001607 0.006310 -0.143225 0.175551 -0.162155 41.4047067517 -218.5524133008 66.46639
J533 01APR16 2001.2895 52015 1110 1 141.4 3979 0.128229 4585519 0.139616 66 0.469702 0.0000 0.001350 0.001596 0.006548 -0.082667 0.189864 -0.210081 41.4047067350 -218.5524132750 66.46970
J533 01APR17 2001.2923 52016 1110 2 141.4 3979 0.127145 4585519 0.141918 66 0.456327 0.0000 0.001297 0.001582 0.006026 -0.139546 0.200025 -0.196753 41.4047067557 -218.5524132880 66.45633
J533 01APR18 2001.2950 52017 1110 3 141.4 3979 0.127557 4585519 0.143539 66 0.454671 0.0000 0.001354 0.001653 0.006234 -0.197522 0.205902 -0.126238 41.4047067703 -218.5524132830 66.45467
J533 01APR19 2001.2977 52018 1110 4 141.4 3979 0.125767 4585519 0.142824 66 0.455053 0.0000 0.001291 0.001576 0.006208 -0.120545 0.151844 -0.173610 41.4047067638 -218.5524133044 66.45505
J533 01APR20 2001.3005 52019 1110 5 141.4 3979 0.127104 4585519 0.144353 66 0.467625 0.0000 0.001315 0.001551 0.006144 -0.112600 0.209519 -0.138296 41.4047067776 -218.5524132885 66.46763
J533 01APR21 2001.3032 52020 1110 6 141.4 3979 0.124338 4585519 0.142264 66 0.460659 0.0000 0.001263 0.001583 0.006059 -0.104451 0.182527 -0.137802 41.4047067588 -218.5524133215 66.46066
J533 01APR22 2001.3060 52021 1111 0 141.4 3979 0.127218 4585519 0.142344 66 0.467890 0.0000 0.001325 0.001656 0.006213 -0.120299 0.165927 -0.104461 41.4047067595 -218.5524132871 66.46789
J533 01APR23 2001.3087 52022 1111 1 141.4 3979 0.124482 4585519 0.144625 66 0.467177 0.0000 0.001331 0.001612 0.006208 -0.066335 0.174140 -0.110329 41.4047067801 -218.5524133198 66.46718
J533 01APR24 2001.3114 52023 1111 2 141.4 3979 0.124959 4585519 0.146401 66 0.464288 0.0000 0.001304 0.001598 0.006016 -0.085156 0.148912 -0.117640 41.4047067960 -218.5524133141 66.46429
J533 01APR25 2001.3142 52024 1111 3 141.4 3979 0.125691 4585519 0.142378 66 0.461692 0.0000 0.001347 0.001576 0.006316 -0.106930 0.204513 -0.202073 41.4047067598 -218.5524133054 66.46169
J533 01APR26 2001.3169 52025 1111 4 141.4 3979 0.127204 4585519 0.141901 66 0.465347 0.0000 0.001237 0.001545 0.005815 -0.100949 0.175186 -0.115496 41.4047067555 -218.5524132873 66.46535
J533 01APR27 2001.3196 52026 1111 5 141.4 3979 0.125233 4585519 0.144440 66 0.466895 0.0000 0.001272 0.001560 0.005962 -0.102174 0.098334 -0.145532 41.4047067784 -218.5524133108 66.46690
J533 01APR28 2001.3224 52027 1111 6 141.4 3979 0.128252 4585519 0.143195 66 0.460807 0.0000 0.001249 0.001533 0.005839 -0.121806 0.172307 -0.135138 41.4047067672 -218.5524132747 66.46081
J533 01APR29 2001.3251 52028 1112 0 141.4 3979 0.127595 4585519 0.143171 66 0.464919 0.0000 0.001284 0.001535 0.005986 -0.114589 0.173954 -0.178707 41.4047067670 -218.5524132826 66.46492
J533 01APR30 2001.3279 52029 1112 1 141.4 3979 0.125273 4585519 0.141763 66 0.465686 0.0000 0.001314 0.001585 0.006266 -0.070652 0.140679 -0.166634 41.4047067543 -218.5524133104 66.46569
J533 01MAY01 2001.3306 52030 1112 2 141.4 3979 0.129896 4585519 0.140203 66 0.469369 0.0000 0.001275 0.001567 0.006030 -0.124170 0.228235 -0.172939 41.4047067402 -218.5524132551 66.46937
J533 01MAY02 2001.3333 52031 1112 3 141.4 3979 0.127091 4585519 0.142669 66 0.470613 0.0000 0.001251 0.001516 0.005830 -0.090842 0.139452 -0.116081 41.4047067624 -218.5524132886 66.47061
J533 01MAY03 2001.3361 52032 1112 4 141.4 3979 0.122991 4585519 0.144320 66 0.465442 0.0000 0.001237 0.001523 0.005783 -0.083688 0.118852 -0.146574 41.4047067773 -218.5524133376 66.46544
J533 01MAY04 2001.3388 52033 1112 5 141.4 3979 0.127588 4585519 0.143387 66 0.467598 0.0000 0.001281 0.001555 0.005973 -0.100747 0.125176 -0.158100 41.4047067689 -218.5524132827 66.46760
J533 01MAY05 2001.3415 52034 1112 6 141.4 3979 0.126483 4585519 0.141625 66 0.455680 0.0000 0.001232 0.001511 0.005654 -0.126160 0.134059 -0.173073 41.4047067530 -218.5524132959 66.45568
J533 01MAY06 2001.3443 52035 1113 0 141.4 3979 0.126252 4585519 0.142226 66 0.467475 0.0000 0.001244 0.001544 0.005903 -0.079008 0.080883 -0.142628 41.4047067585 -218.5524132987 66.46748
J533 01MAY07 2001.3470 52036 1113 1 141.4 3979 0.126088 4585519 0.143498 66 0.470409 0.0000 0.001306 0.001583 0.006091 -0.152509 0.198498 -0.175497 41.4047067699 -218.5524133006 66.47041
J533 01MAY08 2001.3498 52037 1113 2 141.4 3979 0.128018 4585519 0.142384 66 0.468655 0.0000 0.001316 0.001561 0.006059 -0.130847 0.221537 -0.160583 41.4047067599 -218.5524132775 66.46866
J533 01MAY09 2001.3525 52038 1113 3 141.4 3979 0.127664 4585519 0.141571 66 0.478979 0.0000 0.001308 0.001582 0.005987 -0.166178 0.161185 -0.139550 41.4047067526 -218.5524132818 66.47898
J533 01MAY10 2001.3552 52039 1113 4 141.4 3979 0.127758 4585519 0.142109 66 0.469551 0.0000 0.001394 0.001708 0.006364 -0.131076 0.142409 -0.163369 41.4047067574 -218.5524132806 66.46955
J533 01MAY11 2001.3580 52040 1113 5 141.4 3979 0.126853 4585519 0.142171 66 0.462762 0.0000 0.001375 0.001633 0.006295 -0.163069 0.257928 -0.129737 41.4047067580 -218.5524132915 66.46276
J533 01MAY12 2001.3607 52041 1113 6 141.4 3979 0.128206 4585519 0.146146 66 0.463914 0.0000 0.001327 0.001606 0.006239 -0.110550 0.167068 -0.112098 41.4047067937 -218.5524132753 66.46391
J533 01MAY13 2001.3634 52042 1114 0 141.4 3979 0.126062 4585519 0.142077 66 0.459128 0.0000 0.001298 0.001534 0.005968 -0.133654 0.209239 -0.155959 41.4047067571 -218.5524133009 66.45913
J533 01MAY14 2001.3662 52043 1114 1 141.4 3979 0.127035 4585519 0.143688 66 0.466478 0.0000 0.001295 0.001547 0.005921 -0.151861 0.149610 -0.172701 41.4047067716 -218.5524132893 66.46648
J533 01MAY15 2001.3689 52044 1114 2 141.4 3979 0.126018 4585519 0.143684 66 0.471625 0.0000 0.001281 0.001603 0.005959 -0.136342 0.128733 -0.106919 41.4047067716 -218.5524133014 66.47163
J533 01MAY16 2001.3717 52045 1114 3 141.4 3979 0.128124 4585519 0.143578 66 0.465525 0.0000 0.001332 0.001602 0.006239 -0.169572 0.194268 -0.165305 41.4047067706 -218.5524132763 66.46553
J533 01MAY17 2001.3744 52046 1114 4 141.4 3979 0.129227 4585519 0.144267 66 0.466983 0.0000 0.001395 0.001763 0.006407 -0.188989 0.151821 -0.058216 41.4047067768 -218.5524132631 66.46698
J533 01MAY18 2001.3771 52047 1114 5 141.4 3979 0.128704 4585519 0.144282 66 0.462809 0.0000 0.001313 0.001576 0.006031 -0.137010 0.138865 -0.101458 41.4047067770 -218.5524132693 66.46281
J533 01MAY19 2001.3799 52048 1114 6 141.4 3979 0.128633 4585519 0.145016 66 0.458795 0.0000 0.001306 0.001609 0.006018 -0.193073 0.186668 -0.140180 41.4047067836 -218.5524132702 66.45879
J533 01MAY20 2001.3826 52049 1115 0 141.4 3979 0.128360 4585519 0.144101 66 0.471106 0.0000 0.001271 0.001525 0.005885 -0.107283 0.125408 -0.098802 41.4047067753 -218.5524132734 66.47111
J533 01MAY21 2001.3854 52050 1115 1 141.4 3979 0.127954 4585519 0.143563 66 0.477036 0.0000 0.001293 0.001551 0.006063 -0.140221 0.176624 -0.142388 41.4047067705 -218.5524132783 66.47704
J533 01MAY22 2001.3881 52051 1115 2 141.4 3979 0.128492 4585519 0.145143 66 0.482132 0.0000 0.001265 0.001655 0.006115 -0.153566 0.157333 -0.118621 41.4047067847 -218.5524132718 66.48213
J533 01MAY23 2001.3908 52052 1115 3 141.4 3979 0.124330 4585519 0.145876 66 0.478874 0.0000 0.001283 0.001635 0.006150 -0.127423 0.200224 -0.065598 41.4047067913 -218.5524133216 66.47887
J533 01MAY24 2001.3936 52053 1115 4 141.4 3979 0.124601 4585519 0.144722 66 0.469645 0.0000 0.001294 0.001575 0.006042 -0.139510 0.159553 -0.160881 41.4047067809 -218.5524133184 66.46965
J533 01MAY25 2001.3963 52054 1115 5 141.4 3979 0.129423 4585519 0.141883 66 0.476801 0.0000 0.001299 0.001623 0.006206 -0.118726 0.183761 -0.096494 41.4047067554 -218.5524132607 66.47680
J533 01MAY26 2001.3990 52055 1115 6 141.4 3979 0.125956 4585519 0.143814 66 0.478584 0.0000 0.001340 0.001594 0.006182 -0.189882 0.128143 -0.179610 41.4047067728 -218.5524133022 66.47858
J533 01MAY27 2001.4018 52056 1116 0 141.4 3979 0.125346 4585519 0.144068 66 0.483893 0.0000 0.001313 0.001600 0.006027 -0.174694 0.154842 -0.096035 41.4047067750 -218.5524133095 66.48389
J533 01MAY28 2001.4045 52057 1116 1 141.4 3979 0.127845 4585519 0.143169 66 0.462464 0.0000 0.001325 0.001636 0.006350 -0.169507 0.242874 -0.095405 41.4047067669 -218.5524132796 66.46246
J533 01MAY29 2001.4073 52058 1116 2 141.4 3979 0.125501 4585519 0.142615 66 0.459291 0.0000 0.001354 0.001646 0.006292 -0.139698 0.124464 -0.091961 41.4047067620 -218.5524133076 66.45929
J533 01MAY30 2001.4100 52059 1116 3 141.4 3979 0.128357 4585519 0.140430 66 0.468944 0.0000 0.001336 0.001600 0.006112 -0.166929 0.181973 -0.112504 41.4047067423 -218.5524132735 66.46894
J533 01MAY31 2001.4127 52060 1116 4 141.4 3979 0.124809 4585519 0.141358 66 0.495001 0.0000 0.001398 0.001677 0.006168 -0.228455 0.228358 -0.150773 41.4047067506 -218.5524133159 66.49500
J533 01JUN01 2001.4155 52061 1116 5 141.4 3979 0.125900 4585519 0.144636 66 0.491959 0.0000 0.001353 0.001657 0.006297 -0.174781 0.166948 -0.109116 41.4047067802 -218.5524133028 66.49196
J533 01JUN02 2001.4182 52062 1116 6 141.4 3979 0.124493 4585519 0.141527 66 0.471803 0.0000 0.001353 0.001647 0.006343 -0.220204 0.250732 -0.239236 41.4047067522 -218.5524133197 66.47180
J533 01JUN03 2001.4209 52063 1117 0 141.4 3979 0.126959 4585519 0.142505 66 0.464467 0.0000 0.001300 0.001614 0.006065 -0.134352 0.144342 -0.095588 41.4047067610 -218.5524132902 66.46447
J533 01JUN04 2001.4237 52064 1117 1 141.4 3979 0.127039 4585519 0.142296 66 0.469460 0.0000 0.001381 0.001674 0.006429 -0.193496 0.218103 -0.129423 41.4047067591 -218.5524132892 66.46946
J533 01JUN05 2001.4264 52065 1117 2 141.4 3979 0.129739 4585519 0.141567 66 0.480405 0.0000 0.001376 0.001649 0.006256 -0.225281 0.270551 -0.162570 41.4047067525 -218.5524132570 66.48041
J533 01JUN06 2001.4292 52066 1117 3 141.4 3979 0.123133 4585519 0.145026 66 0.478081 0.0000 0.001450 0.001761 0.006520 -0.151370 0.200545 -0.154471 41.4047067837 -218.5524133359 66.47808
J533 01JUN07 2001.4319 52067 1117 4 141.4 3979 0.124451 4585519 0.144823 66 0.473605 0.0000 0.001326 0.001563 0.005989 -0.195726 0.234485 -0.182239 41.4047067818 -218.5524133202 66.47360
J533 01JUN08 2001.4346 52068 1117 5 141.4 3979 0.123066 4585519 0.144405 66 0.473519 0.0000 0.001452 0.001779 0.006441 -0.163144 0.143009 -0.122345 41.4047067781 -218.5524133367 66.47352
J533 01JUN09 2001.4374 52069 1117 6 141.4 3979 0.121786 4585519 0.146460 66 0.468491 0.0000 0.001402 0.001642 0.006199 -0.156033 0.238312 -0.149230 41.4047067966 -218.5524133520 66.46849
J533 01JUN10 2001.4401 52070 1118 0 141.4 3979 0.121132 4585519 0.143133 66 0.480543 0.0000 0.001374 0.001691 0.006300 -0.152047 0.256080 -0.141523 41.4047067666 -218.5524133599 66.48054
J533 01JUN11 2001.4428 52071 1118 1 141.4 3979 0.125925 4585519 0.140883 66 0.471605 0.0000 0.001341 0.001567 0.005962 -0.203751 0.273293 -0.191585 41.4047067464 -218.5524133026 66.47161
J533 01JUN12 2001.4456 52072 1118 2 141.4 3979 0.126477 4585519 0.138275 66 0.466045 0.0000 0.001430 0.001850 0.006652 -0.138714 0.243735 -0.094387 41.4047067229 -218.5524132960 66.46605
J533 01JUN13 2001.4483 52073 1118 3 141.4 3979 0.123918 4585519 0.143369 66 0.469781 0.0000 0.001439 0.001684 0.006510 -0.162883 0.219344 -0.107219 41.4047067687 -218.5524133266 66.46978
J533 01JUN14 2001.4511 52074 1118 4 141.4 3979 0.123492 4585519 0.143853 66 0.459024 0.0000 0.001451 0.001728 0.006589 -0.165671 0.264762 -0.083841 41.4047067731 -218.5524133317 66.45902
J533 01JUN15 2001.4538 52075 1118 5 141.4 3979 0.123790 4585519 0.140320 66 0.462873 0.0000 0.001709 0.002024 0.007570 -0.168633 0.144761 -0.214341 41.4047067413 -218.5524133281 66.46287
J533 01JUN16 2001.4565 52076 1118 6 141.4 3979 0.124072 4585519 0.143965 66 0.465890 0.0000 0.001422 0.001733 0.006610 -0.159704 0.276124 -0.115183 41.4047067741 -218.5524133247 66.46589
J533 01JUN17 2001.4593 52077 1119 0 141.4 3979 0.126346 4585519 0.141631 66 0.472135 0.0000 0.001341 0.001617 0.006202 -0.196773 0.220651 -0.176428 41.4047067531 -218.5524132975 66.47214
J533 01JUN18 2001.4620 52078 1119 1 141.4 3979 0.126469 4585519 0.142404 66 0.474573 0.0000 0.001397 0.001646 0.006256 -0.200247 0.204760 -0.181489 41.4047067601 -218.5524132961 66.47457
J533 01JUN19 2001.4648 52079 1119 2 141.4 3979 0.121977 4585519 0.142499 66 0.478318 0.0000 0.001383 0.001609 0.006203 -0.184908 0.268210 -0.169216 41.4047067609 -218.5524133498 66.47832
J533 01JUN20 2001.4675 52080 1119 3 141.4 3979 0.123831 4585519 0.141137 66 0.479184 0.0000 0.001379 0.001649 0.006268 -0.167817 0.213665 -0.180945 41.4047067487 -218.5524133276 66.47918
J533 01JUN21 2001.4702 52081 1119 4 141.4 3979 0.125105 4585519 0.141875 66 0.481286 0.0000 0.001351 0.001625 0.006188 -0.171481 0.244077 -0.143085 41.4047067553 -218.5524133124 66.48129
J533 01JUN22 2001.4730 52082 1119 5 141.4 3979 0.125160 4585519 0.145386 66 0.480566 0.0000 0.001385 0.001611 0.006252 -0.217883 0.265925 -0.155100 41.4047067869 -218.5524133117 66.48057
J533 01JUN23 2001.4757 52083 1119 6 141.4 3979 0.124477 4585519 0.142198 66 0.471650 0.0000 0.001337 0.001523 0.006030 -0.130118 0.135560 -0.163056 41.4047067582 -218.5524133199 66.47165
J533 01JUN24 2001.4784 52084 1120 0 141.4 3979 0.127498 4585519 0.143068 66 0.470795 0.0000 0.001421 0.001663 0.006461 -0.228683 0.259225 -0.187672 41.4047067660 -218.5524132837 66.47080
J533 01JUN25 2001.4812 52085 1120 1 141.4 3979 0.124740 4585519 0.142946 66 0.482348 0.0000 0.001375 0.001596 0.006313 -0.188695 0.175915 -0.188862 41.4047067649 -218.5524133167 66.48235
J533 01JUN26 2001.4839 52086 1120 2 141.4 3979 0.126758 4585519 0.138918 66 0.493632 0.0000 0.001523 0.001699 0.007019 -0.174836 0.300164 -0.140132 41.4047067287 -218.5524132926 66.49363
J533 01JUN27 2001.4867 52087 1120 3 141.4 3979 0.123892 4585519 0.146283 66 0.477228 0.0000 0.001436 0.001645 0.006593 -0.233793 0.185069 -0.262166 41.4047067950 -218.5524133268 66.47723
J533 01JUN28 2001.4894 52088 1120 4 141.4 3979 0.129319 4585519 0.142863 66 0.486189 0.0000 0.001381 0.001631 0.006249 -0.171245 0.167955 -0.153289 41.4047067642 -218.5524132620 66.48619
J533 01JUN29 2001.4921 52089 1120 5 141.4 3979 0.128815 4585519 0.143456 66 0.489718 0.0000 0.001416 0.001661 0.006626 -0.154148 0.204915 -0.101157 41.4047067695 -218.5524132680 66.48972
J533 01JUN30 2001.4949 52090 1120 6 141.4 3979 0.125722 4585519 0.143500 66 0.494098 0.0000 0.001360 0.001615 0.006289 -0.185758 0.201089 -0.125704 41.4047067699 -218.5524133050 66.49410
J533 01JUL01 2001.4976 52091 1121 0 141.4 3979 0.123742 4585519 0.144401 66 0.474672 0.0000 0.001377 0.001568 0.006249 -0.214194 0.222336 -0.217379 41.4047067780 -218.5524133287 66.47467
J533 01JUL02 2001.5003 52092 1121 1 141.4 3979 0.122851 4585519 0.146393 66 0.471473 0.0000 0.001490 0.001679 0.006600 -0.176728 0.205014 -0.186982 41.4047067960 -218.5524133393 66.47147
J533 01JUL03 2001.5031 52093 1121 2 141.4 3979 0.124850 4585519 0.143101 66 0.478148 0.0000 0.001400 0.001681 0.006688 -0.126064 0.166660 -0.181750 41.4047067663 -218.5524133154 66.47815
J533 01JUL04 2001.5058 52094 1121 3 141.4 3979 0.125912 4585519 0.142132 66 0.486481 0.0000 0.001394 0.001638 0.006332 -0.137716 0.133464 -0.179572 41.4047067576 -218.5524133027 66.48648
J533 01JUL05 2001.5086 52095 1121 4 141.4 3979 0.128876 4585519 0.146810 66 0.482876 0.0000 0.001373 0.001674 0.006427 -0.210188 0.159172 -0.150523 41.4047067997 -218.5524132672 66.48288
J533 01JUL06 2001.5113 52096 1121 5 141.4 3979 0.125539 4585519 0.142359 66 0.464937 0.0000 0.001464 0.001751 0.006819 -0.131329 0.192427 -0.148064 41.4047067596 -218.5524133072 66.46494
J533 01JUL07 2001.5140 52097 1121 6 141.4 3979 0.124760 4585519 0.144497 66 0.477325 0.0000 0.001318 0.001555 0.006226 -0.139457 0.149570 -0.166105 41.4047067789 -218.5524133165 66.47732
J533 01JUL08 2001.5168 52098 1122 0 141.4 3979 0.125649 4585519 0.145630 66 0.471339 0.0000 0.001402 0.001632 0.006459 -0.137707 0.179588 -0.187309 41.4047067891 -218.5524133058 66.47134
J533 01JUL09 2001.5195 52099 1122 1 141.4 3979 0.124087 4585519 0.146826 66 0.466410 0.0000 0.001512 0.001721 0.007131 -0.168710 0.281510 -0.223964 41.4047067999 -218.5524133245 66.46641
J533 01JUL10 2001.5222 52100 1122 2 141.4 3979 0.123425 4585519 0.142897 66 0.468458 0.0000 0.001448 0.001732 0.007025 -0.192826 0.217016 -0.208247 41.4047067645 -218.5524133325 66.46846
J533 01JUL11 2001.5250 52101 1122 3 141.4 3979 0.122811 4585519 0.143120 66 0.478744 0.0000 0.001334 0.001582 0.006154 -0.183710 0.189115 -0.207444 41.4047067665 -218.5524133398 66.47874
J533 01JUL12 2001.5277 52102 1122 4 141.4 3979 0.123676 4585519 0.145891 66 0.475279 0.0000 0.001493 0.001729 0.006612 -0.220782 0.200648 -0.201971 41.4047067915 -218.5524133294 66.47528
J533 01JUL13 2001.5305 52103 1122 5 141.4 3979 0.124656 4585519 0.146562 66 0.473359 0.0000 0.001374 0.001660 0.006640 -0.129200 0.138378 -0.172822 41.4047067975 -218.5524133177 66.47336
J533 01JUL14 2001.5332 52104 1122 6 141.4 3979 0.126332 4585519 0.146086 66 0.469577 0.0000 0.001370 0.001610 0.006482 -0.177525 0.153313 -0.285734 41.4047067932 -218.5524132977 66.46958
J533 01JUL15 2001.5359 52105 1123 0 141.4 3979 0.125647 4585519 0.145345 66 0.490950 0.0000 0.001393 0.001706 0.006650 -0.170808 0.176607 -0.274063 41.4047067865 -218.5524133059 66.49095
J533 01JUL16 2001.5387 52106 1123 1 141.4 3979 0.125180 4585519 0.141224 66 0.489255 0.0000 0.001418 0.001597 0.006401 -0.156595 0.146002 -0.211042 41.4047067494 -218.5524133115 66.48925
J533 01JUL17 2001.5414 52107 1123 2 141.4 3979 0.124468 4585519 0.143283 66 0.486707 0.0000 0.001370 0.001691 0.006502 -0.092104 0.195784 -0.095695 41.4047067680 -218.5524133200 66.48671
J533 01JUL18 2001.5441 52108 1123 3 141.4 3979 0.124037 4585519 0.142941 66 0.475333 0.0000 0.001325 0.001619 0.006333 -0.147207 0.122056 -0.260899 41.4047067649 -218.5524133251 66.47533
J533 01JUL19 2001.5469 52109 1123 4 141.4 3979 0.120870 4585519 0.145995 66 0.474869 0.0000 0.001320 0.001597 0.006297 -0.165932 0.189295 -0.250817 41.4047067924 -218.5524133630 66.47487
J533 01JUL20 2001.5496 52110 1123 5 141.4 3979 0.124404 4585519 0.144883 66 0.471412 0.0000 0.001334 0.001654 0.006440 -0.138685 0.094127 -0.215916 41.4047067824 -218.5524133207 66.47141
J533 01JUL21 2001.5524 52111 1123 6 141.4 3979 0.126920 4585519 0.143487 66 0.479786 0.0000 0.001278 0.001578 0.006072 -0.201003 0.209568 -0.264688 41.4047067698 -218.5524132907 66.47979
J533 01JUL22 2001.5551 52112 1124 0 141.4 3979 0.124839 4585519 0.145544 66 0.480192 0.0000 0.001270 0.001592 0.006068 -0.153567 0.148425 -0.168525 41.4047067883 -218.5524133155 66.48019
J533 01JUL23 2001.5578 52113 1124 1 141.4 3979 0.130492 4585519 0.142011 66 0.476467 0.0000 0.001301 0.001651 0.006454 -0.131500 0.103086 -0.222545 41.4047067565 -218.5524132479 66.47647
J533 01JUL24 2001.5606 52114 1124 2 141.4 3979 0.126223 4585519 0.147109 66 0.487703 0.0000 0.001244 0.001593 0.005972 -0.137624 0.092993 -0.122774 41.4047068024 -218.5524132990 66.48770
J533 01JUL25 2001.5633 52115 1124 3 141.4 3979 0.127211 4585519 0.146256 66 0.478972 0.0000 0.001361 0.001670 0.006409 -0.192412 0.214751 -0.166581 41.4047067947 -218.5524132872 66.47897
J533 01JUL26 2001.5661 52116 1124 4 141.4 3979 0.125749 4585519 0.143384 66 0.474919 0.0000 0.001416 0.001776 0.006969 -0.188125 0.234906 -0.198743 41.4047067689 -218.5524133047 66.47492
J533 01JUL27 2001.5688 52117 1124 5 141.4 3979 0.127180 4585519 0.143742 66 0.476314 0.0000 0.001469 0.001933 0.007201 -0.027779 0.133139 -0.158727 41.4047067721 -218.5524132875 66.47631
J533 01JUL28 2001.5715 52118 1124 6 141.4 3979 0.124947 4585519 0.146251 66 0.477013 0.0000 0.001345 0.001615 0.006355 -0.128711 0.055759 -0.154820 41.4047067947 -218.5524133142 66.47701
J533 01JUL29 2001.5743 52119 1125 0 141.4 3979 0.126781 4585519 0.144425 66 0.474668 0.0000 0.001573 0.001787 0.007727 -0.103802 0.068696 -0.220685 41.4047067783 -218.5524132923 66.47467
J533 01JUL30 2001.5770 52120 1125 1 141.4 3979 0.126756 4585519 0.143764 66 0.482052 0.0000 0.001758 0.002147 0.008889 -0.120085 0.192615 -0.110691 41.4047067723 -218.5524132926 66.48205
J533 01JUL31 2001.5797 52121 1125 2 141.4 3979 0.122140 4585519 0.149808 66 0.472381 0.0000 0.001426 0.001652 0.006761 -0.119555 0.170739 -0.109911 41.4047068267 -218.5524133478 66.47238
J533 01AUG01 2001.5825 52122 1125 3 141.4 3979 0.122241 4585519 0.146317 66 0.470472 0.0000 0.001432 0.001792 0.006989 -0.168469 0.190859 -0.186314 41.4047067953 -218.5524133466 66.47047
J533 01AUG02 2001.5852 52123 1125 4 141.4 3979 0.122541 4585519 0.148372 66 0.474644 0.0000 0.001444 0.001848 0.007103 -0.120520 0.174924 -0.038852 41.4047068138 -218.5524133430 66.47464
J533 01AUG03 2001.5880 52124 1125 5 141.4 3979 0.125087 4585519 0.147185 66 0.481111 0.0000 0.001609 0.001896 0.007321 -0.148348 -0.035485 -0.101572 41.4047068031 -218.5524133125 66.48111
J533 01AUG04 2001.5907 52125 1125 6 141.4 3979 0.125815 4585519 0.145443 66 0.464030 0.0000 0.001460 0.001666 0.006776 -0.154486 0.189209 -0.222291 41.4047067874 -218.5524133039 66.46403
J533 01AUG05 2001.5934 52126 1126 0 141.4 3979 0.126467 4585519 0.147409 66 0.471268 0.0000 0.001429 0.001766 0.006933 -0.125049 0.107485 -0.063642 41.4047068051 -218.5524132960 66.47127
J533 01AUG06 2001.5962 52127 1126 1 141.4 3979 0.127135 4585519 0.145194 66 0.475059 0.0000 0.001432 0.001724 0.006729 -0.140182 0.153291 -0.156418 41.4047067852 -218.5524132881 66.47506
J533 01AUG07 2001.5989 52128 1126 2 141.4 3979 0.124781 4585519 0.139115 66 0.472480 0.0000 0.001323 0.001601 0.006344 -0.132985 0.146818 -0.124746 41.4047067304 -218.5524133163 66.47248
J533 01AUG08 2001.6016 52129 1126 3 141.4 3979 0.124923 4585519 0.137473 66 0.464739 0.0000 0.001428 0.001705 0.006975 -0.163643 0.297989 -0.178435 41.4047067157 -218.5524133146 66.46474
J533 01AUG09 2001.6044 52130 1126 4 141.4 3979 0.125903 4585519 0.144601 66 0.477598 0.0000 0.001481 0.001724 0.006966 -0.225060 0.235551 -0.206645 41.4047067798 -218.5524133028 66.47760
J533 01AUG10 2001.6071 52131 1126 5 141.4 3979 0.122148 4585519 0.145302 66 0.470849 0.0000 0.001426 0.001661 0.006680 -0.123678 0.176640 -0.165177 41.4047067862 -218.5524133477 66.47085
J533 01AUG11 2001.6099 52132 1126 6 141.4 3979 0.123706 4585519 0.143560 66 0.466639 0.0000 0.001314 0.001606 0.006270 -0.139817 0.216972 -0.150191 41.4047067705 -218.5524133291 66.46664
J533 01AUG12 2001.6126 52133 1127 0 141.4 3979 0.123242 4585519 0.144400 66 0.465080 0.0000 0.001436 0.001726 0.006903 -0.202641 0.265790 -0.218210 41.4047067780 -218.5524133346 66.46508
J533 01AUG13 2001.6153 52134 1127 1 141.4 3979 0.128385 4585519 0.142016 66 0.483777 0.0000 0.001283 0.001599 0.006330 -0.187723 0.228460 -0.286812 41.4047067566 -218.5524132731 66.48378
J533 01AUG14 2001.6181 52135 1127 2 141.4 3979 0.126998 4585519 0.139619 66 0.461944 0.0000 0.001312 0.001530 0.006222 -0.139586 0.127729 -0.238808 41.4047067350 -218.5524132898 66.46194
J533 01AUG15 2001.6208 52136 1127 3 141.4 3979 0.125755 4585519 0.145043 66 0.471060 0.0000 0.001353 0.001597 0.006517 -0.146785 0.189339 -0.204230 41.4047067838 -218.5524133046 66.47106
J533 01AUG16 2001.6235 52137 1127 4 141.4 3979 0.126676 4585519 0.145329 66 0.463505 0.0000 0.001431 0.001631 0.006809 -0.135560 0.151801 -0.186457 41.4047067864 -218.5524132936 66.46350
J533 01AUG17 2001.6263 52138 1127 5 141.4 3979 0.127827 4585519 0.145846 66 0.481614 0.0000 0.001346 0.001599 0.006684 -0.159647 0.198149 -0.222851 41.4047067911 -218.5524132798 66.48161
J533 01AUG18 2001.6290 52139 1127 6 141.4 3979 0.129137 4585519 0.141175 66 0.466536 0.0000 0.001501 0.001738 0.006789 -0.265135 0.231467 -0.274310 41.4047067490 -218.5524132642 66.46654
J533 01AUG19 2001.6318 52140 1128 0 141.4 3979 0.127768 4585519 0.142181 66 0.461899 0.0000 0.001370 0.001618 0.006602 -0.197067 0.193827 -0.194323 41.4047067581 -218.5524132805 66.46190
J533 01AUG20 2001.6345 52141 1128 1 141.4 3979 0.129578 4585519 0.142041 66 0.478999 0.0000 0.001410 0.001714 0.007156 -0.237527 0.260360 -0.274149 41.4047067568 -218.5524132589 66.47900
J533 01AUG21 2001.6372 52142 1128 2 141.4 3979 0.127129 4585519 0.140433 66 0.473224 0.0000 0.001492 0.001763 0.007308 -0.289654 0.267687 -0.292919 41.4047067423 -218.5524132882 66.47322
J533 01AUG22 2001.6400 52143 1128 3 141.4 3979 0.126144 4585519 0.149629 66 0.476376 0.0000 0.001342 0.001626 0.006378 -0.199237 0.183128 -0.190719 41.4047068251 -218.5524132999 66.47638
J533 01AUG23 2001.6427 52144 1128 4 141.4 3979 0.128349 4585519 0.144080 66 0.464820 0.0000 0.001380 0.001671 0.006870 -0.192070 0.264482 -0.208964 41.4047067751 -218.5524132736 66.46482
J533 01AUG24 2001.6454 52145 1128 5 141.4 3979 0.129207 4585519 0.142558 66 0.474211 0.0000 0.001339 0.001611 0.006642 -0.164090 0.230375 -0.288428 41.4047067614 -218.5524132633 66.47421
J533 01AUG25 2001.6482 52146 1128 6 141.4 3979 0.128528 4585519 0.143244 66 0.483441 0.0000 0.001485 0.001769 0.007052 -0.207803 0.191459 -0.181219 41.4047067676 -218.5524132714 66.48344
J533 01AUG26 2001.6509 52147 1129 0 141.4 3979 0.126882 4585519 0.141272 66 0.475296 0.0000 0.001301 0.001572 0.006530 -0.111307 0.129173 -0.238292 41.4047067499 -218.5524132911 66.47530
J533 01AUG27 2001.6537 52148 1129 1 141.4 3979 0.125548 4585519 0.145113 66 0.489669 0.0000 0.001369 0.001649 0.006468 -0.196121 0.137705 -0.200014 41.4047067844 -218.5524133071 66.48967
J533 01AUG28 2001.6564 52149 1129 2 141.4 3979 0.129006 4585519 0.139340 66 0.478794 0.0000 0.001343 0.001643 0.006717 -0.146758 0.140928 -0.260903 41.4047067325 -218.5524132657 66.47879
J533 01AUG29 2001.6591 52150 1129 3 141.4 3979 0.129268 4585519 0.141865 66 0.478742 0.0000 0.001303 0.001594 0.006452 -0.122235 0.191050 -0.238299 41.4047067552 -218.5524132626 66.47874
J533 01AUG30 2001.6619 52151 1129 4 141.4 3979 0.128592 4585519 0.143132 66 0.484420 0.0000 0.001309 0.001588 0.006279 -0.155917 0.163096 -0.238906 41.4047067666 -218.5524132707 66.48442
J533 01AUG31 2001.6646 52152 1129 5 141.4 3979 0.128617 4585519 0.141859 66 0.463740 0.0000 0.001389 0.001684 0.006820 -0.109623 0.115209 -0.243404 41.4047067552 -218.5524132704 66.46374
J533 01SEP01 2001.6674 52153 1129 6 141.4 3979 0.129300 4585519 0.142394 66 0.482806 0.0000 0.001321 0.001611 0.006413 -0.138327 0.137002 -0.262336 41.4047067600 -218.5524132622 66.48281
J533 01SEP02 2001.6701 52154 1130 0 141.4 3979 0.125068 4585519 0.142716 66 0.471886 0.0000 0.001283 0.001622 0.006297 -0.072049 0.075844 -0.178829 41.4047067629 -218.5524133128 66.47189
J533 01SEP03 2001.6728 52155 1130 1 141.4 3979 0.127868 4585519 0.143177 66 0.472983 0.0000 0.001286 0.001587 0.006235 -0.124721 0.120297 -0.240872 41.4047067670 -218.5524132793 66.47298
J533 01SEP04 2001.6756 52156 1130 2 141.4 3979 0.127789 4585519 0.141366 66 0.472354 0.0000 0.001435 0.001691 0.006977 -0.188208 0.247525 -0.308796 41.4047067507 -218.5524132803 66.47235
J533 01SEP05 2001.6783 52157 1130 3 141.4 3979 0.126251 4585519 0.141483 66 0.469900 0.0000 0.001446 0.001649 0.006779 -0.202970 0.211374 -0.284711 41.4047067518 -218.5524132987 66.46990
J533 01SEP06 2001.6810 52158 1130 4 141.4 3979 0.124992 4585519 0.137929 66 0.474279 0.0000 0.001366 0.001639 0.006654 -0.180163 0.120648 -0.265553 41.4047067198 -218.5524133137 66.47428
J533 01SEP07 2001.6838 52159 1130 5 141.4 3979 0.125271 4585519 0.140855 66 0.477738 0.0000 0.001270 0.001547 0.006043 -0.186936 0.172099 -0.246421 41.4047067461 -218.5524133104 66.47774
J533 01SEP08 2001.6865 52160 1130 6 141.4 3979 0.130536 4585519 0.140310 66 0.476103 0.0000 0.001333 0.001603 0.006456 -0.208519 0.239574 -0.294717 41.4047067412 -218.5524132474 66.47610
J533 01SEP09 2001.6893 52161 1131 0 141.4 3979 0.127985 4585519 0.136203 66 0.458213 0.0000 0.001284 0.001542 0.006275 -0.101757 0.126646 -0.224780 41.4047067042 -218.5524132780 66.45821
J533 01SEP10 2001.6920 52162 1131 1 141.4 3979 0.128250 4585519 0.141223 66 0.470144 0.0000 0.001249 0.001515 0.005830 -0.130541 0.117396 -0.132185 41.4047067494 -218.5524132748 66.47014
J533 01SEP11 2001.6947 52163 1131 2 141.4 3979 0.126788 4585519 0.139575 66 0.484701 0.0000 0.001410 0.001639 0.006589 -0.199251 0.215367 -0.217499 41.4047067346 -218.5524132923 66.48470
J533 01SEP12 2001.6975 52164 1131 3 141.4 3979 0.126167 4585519 0.143749 66 0.482003 0.0000 0.001340 0.001627 0.006124 -0.105267 0.109383 -0.173500 41.4047067722 -218.5524132997 66.48200
J533 01SEP13 2001.7002 52165 1131 4 141.4 3979 0.126884 4585519 0.142985 66 0.463813 0.0000 0.001339 0.001596 0.006143 -0.072998 0.129373 -0.169944 41.4047067653 -218.5524132911 66.46381
J533 01SEP14 2001.7029 52166 1131 5 141.4 3979 0.128086 4585519 0.143328 66 0.469563 0.0000 0.001293 0.001585 0.006240 -0.189091 0.216173 -0.247976 41.4047067684 -218.5524132767 66.46956
J533 01SEP15 2001.7057 52167 1131 6 141.4 3979 0.126050 4585519 0.143993 66 0.468414 0.0000 0.001271 0.001541 0.006063 -0.131808 0.193545 -0.208375 41.4047067744 -218.5524133011 66.46841
J533 01SEP16 2001.7084 52168 1132 0 141.4 3979 0.131254 4585519 0.139722 66 0.476292 0.0000 0.001360 0.001602 0.006522 -0.177836 0.229021 -0.236686 41.4047067359 -218.5524132389 66.47629
J533 01SEP17 2001.7112 52169 1132 1 141.4 3979 0.128261 4585519 0.147750 66 0.457803 0.0000 0.001332 0.001615 0.006346 -0.148995 0.129306 -0.223975 41.4047068082 -218.5524132746 66.45780
J533 01SEP18 2001.7139 52170 1132 2 141.4 3979 0.129048 4585519 0.142623 66 0.469161 0.0000 0.001294 0.001553 0.006001 -0.140008 0.113507 -0.171159 41.4047067620 -218.5524132652 66.46916
J533 01SEP19 2001.7166 52171 1132 3 141.4 3979 0.126847 4585519 0.145156 66 0.466646 0.0000 0.001336 0.001559 0.006156 -0.181144 0.204880 -0.231090 41.4047067848 -218.5524132915 66.46665
J533 01SEP20 2001.7194 52172 1132 4 141.4 3979 0.128080 4585519 0.140999 66 0.476971 0.0000 0.001374 0.001652 0.006466 -0.168818 0.135681 -0.141316 41.4047067474 -218.5524132768 66.47697
J533 01SEP21 2001.7221 52173 1132 5 141.4 3979 0.128562 4585519 0.143343 66 0.467764 0.0000 0.001272 0.001511 0.005815 -0.148725 0.161096 -0.189403 41.4047067685 -218.5524132710 66.46776
J533 01SEP22 2001.7248 52174 1132 6 141.4 3979 0.129830 4585519 0.142974 66 0.479547 0.0000 0.001263 0.001523 0.005801 -0.152456 0.117182 -0.198610 41.4047067652 -218.5524132559 66.47955
J533 01SEP23 2001.7276 52175 1133 0 141.4 3979 0.128339 4585519 0.141863 66 0.469837 0.0000 0.001276 0.001545 0.005889 -0.155566 0.149849 -0.161591 41.4047067552 -218.5524132737 66.46984
J533 01SEP24 2001.7303 52176 1133 1 141.4 3979 0.128354 4585519 0.144062 66 0.472832 0.0000 0.001284 0.001547 0.005962 -0.116097 0.073052 -0.195107 41.4047067750 -218.5524132735 66.47283
J533 01SEP25 2001.7331 52177 1133 2 141.4 3979 0.129608 4585519 0.143964 66 0.472421 0.0000 0.001229 0.001551 0.005807 -0.108341 0.130902 -0.109248 41.4047067741 -218.5524132585 66.47242
J533 01SEP26 2001.7358 52178 1133 3 141.4 3979 0.131173 4585519 0.140195 66 0.457657 0.0000 0.001346 0.001585 0.006195 -0.144577 0.179458 -0.198808 41.4047067402 -218.5524132398 66.45766
J533 01SEP27 2001.7385 52179 1133 4 141.4 3979 0.127539 4585519 0.143503 66 0.459884 0.0000 0.001336 0.001593 0.006185 -0.174861 0.187232 -0.224509 41.4047067699 -218.5524132833 66.45988
J533 01SEP28 2001.7413 52180 1133 5 141.4 3979 0.129837 4585519 0.142291 66 0.463294 0.0000 0.001295 0.001564 0.006074 -0.118541 0.150617 -0.144580 41.4047067590 -218.5524132558 66.46329
J533 01SEP29 2001.7440 52181 1133 6 141.4 3979 0.127426 4585519 0.145607 66 0.457841 0.0000 0.001423 0.001661 0.006449 -0.172105 0.118922 -0.148355 41.4047067889 -218.5524132846 66.45784
J533 01SEP30 2001.7467 52182 1134 0 141.4 3979 0.131388 4585519 0.145376 66 0.478904 0.0000 0.001325 0.001579 0.006172 -0.137433 0.100839 -0.170415 41.4047067868 -218.5524132372 66.47890
J533 01OCT01 2001.7495 52183 1134 1 141.4 3979 0.129138 4585519 0.143056 66 0.485458 0.0000 0.001362 0.001610 0.006271 -0.211576 0.211347 -0.237606 41.4047067659 -218.5524132641 66.48546
J533 01OCT02 2001.7522 52184 1134 2 141.4 3979 0.127438 4585519 0.144155 66 0.462937 0.0000 0.001299 0.001553 0.005997 -0.161372 0.138374 -0.154560 41.4047067758 -218.5524132845 66.46294
J533 01OCT03 2001.7550 52185 1134 3 141.4 3979 0.127212 4585519 0.144106 66 0.472433 0.0000 0.001391 0.001634 0.006468 -0.198931 0.193484 -0.214549 41.4047067754 -218.5524132872 66.47243
J533 01OCT04 2001.7577 52186 1134 4 141.4 3979 0.128935 4585519 0.139714 66 0.463282 0.0000 0.001327 0.001597 0.006087 -0.182991 0.114320 -0.174605 41.4047067358 -218.5524132666 66.46328
J533 01OCT05 2001.7604 52187 1134 5 141.4 3979 0.127664 4585519 0.141506 66 0.469921 0.0000 0.001345 0.001661 0.006234 -0.214978 0.210124 -0.195389 41.4047067520 -218.5524132818 66.46992
J533 01OCT06 2001.7632 52188 1134 6 141.4 3979 0.129013 4585519 0.142011 66 0.463130 0.0000 0.001255 0.001551 0.005976 -0.090512 0.083984 -0.170871 41.4047067565 -218.5524132656 66.46313
J533 01OCT07 2001.7659 52189 1135 0 141.4 3979 0.126785 4585519 0.140063 66 0.454344 0.0000 0.001370 0.001601 0.006140 -0.233002 0.198326 -0.210310 41.4047067390 -218.5524132923 66.45434
J533 01OCT08 2001.7687 52190 1135 1 141.4 3979 0.126444 4585519 0.142933 66 0.454816 0.0000 0.001255 0.001505 0.005790 -0.128377 0.175487 -0.128863 41.4047067648 -218.5524132963 66.45482
J533 01OCT09 2001.7714 52191 1135 2 141.4 3979 0.129877 4585519 0.140212 66 0.469751 0.0000 0.001310 0.001624 0.006211 -0.210397 0.219269 -0.246768 41.4047067403 -218.5524132553 66.46975
J533 01OCT10 2001.7741 52192 1135 3 141.4 3979 0.127959 4585519 0.143686 66 0.467751 0.0000 0.001313 0.001601 0.006230 -0.191348 0.219485 -0.193074 41.4047067716 -218.5524132782 66.46775
J533 01OCT11 2001.7769 52193 1135 4 141.4 3979 0.127845 4585519 0.143144 66 0.484275 0.0000 0.001327 0.001620 0.006303 -0.173678 0.128193 -0.234785 41.4047067667 -218.5524132796 66.48427
J533 01OCT12 2001.7796 52194 1135 5 141.4 3979 0.127069 4585519 0.140085 66 0.477041 0.0000 0.001301 0.001589 0.006103 -0.130120 0.175506 -0.187848 41.4047067392 -218.5524132889 66.47704
J533 01OCT13 2001.7823 52195 1135 6 141.4 3979 0.128081 4585519 0.141207 66 0.460985 0.0000 0.001346 0.001651 0.006322 -0.165500 0.171462 -0.185024 41.4047067493 -218.5524132768 66.46099
J533 01OCT14 2001.7851 52196 1136 0 141.4 3979 0.132424 4585519 0.139100 66 0.468081 0.0000 0.001316 0.001616 0.006075 -0.166687 0.170410 -0.158971 41.4047067303 -218.5524132249 66.46808
J533 01OCT15 2001.7878 52197 1136 1 141.4 3979 0.130255 4585519 0.140886 66 0.466753 0.0000 0.001367 0.001614 0.006221 -0.190974 0.159999 -0.200804 41.4047067464 -218.5524132508 66.46675
J533 01OCT16 2001.7906 52198 1136 2 141.4 3979 0.130084 4585519 0.143827 66 0.460270 0.0000 0.001389 0.001626 0.006388 -0.165192 0.196874 -0.195208 41.4047067729 -218.5524132528 66.46027
J533 01OCT17 2001.7933 52199 1136 3 141.4 3979 0.128088 4585519 0.144307 66 0.459419 0.0000 0.001357 0.001612 0.006295 -0.190721 0.253460 -0.217814 41.4047067772 -218.5524132767 66.45942
J533 01OCT18 2001.7960 52200 1136 4 141.4 3979 0.133641 4585519 0.139800 66 0.460228 0.0000 0.001326 0.001627 0.006258 -0.207492 0.214854 -0.248375 41.4047067366 -218.5524132103 66.46023
J533 01OCT19 2001.7988 52201 1136 5 141.4 3979 0.131312 4585519 0.142527 66 0.454746 0.0000 0.001367 0.001622 0.006338 -0.158628 0.230678 -0.191330 41.4047067612 -218.5524132381 66.45475
J533 01OCT20 2001.8015 52202 1136 6 141.4 3979 0.130822 4585519 0.144132 66 0.457900 0.0000 0.001282 0.001548 0.005875 -0.131235 0.097474 -0.126524 41.4047067756 -218.5524132440 66.45790
J533 01OCT21 2001.8042 52203 1137 0 141.4 3979 0.129831 4585519 0.142521 66 0.454241 0.0000 0.001390 0.001702 0.006329 -0.183240 0.125572 -0.159034 41.4047067611 -218.5524132559 66.45424
J533 01OCT22 2001.8070 52204 1137 1 141.4 3979 0.128626 4585519 0.141893 66 0.467012 0.0000 0.001557 0.001802 0.007328 -0.199071 0.215303 -0.203946 41.4047067555 -218.5524132703 66.46701
J533 01OCT23 2001.8097 52205 1137 2 141.4 3979 0.129689 4585519 0.144748 66 0.460140 0.0000 0.001353 0.001626 0.006300 -0.135746 0.108616 -0.180369 41.4047067812 -218.5524132575 66.46014
J533 01OCT24 2001.8125 52206 1137 3 141.4 3979 0.131357 4585519 0.141693 66 0.461922 0.0000 0.001376 0.001675 0.006411 -0.177008 0.208742 -0.169219 41.4047067537 -218.5524132376 66.46192
J533 01OCT25 2001.8152 52207 1137 4 141.4 3979 0.132207 4585519 0.143326 66 0.460030 0.0000 0.001335 0.001641 0.006405 -0.142341 0.226114 -0.194885 41.4047067684 -218.5524132274 66.46003
J533 01OCT26 2001.8179 52208 1137 5 141.4 3979 0.130514 4585519 0.142741 66 0.455481 0.0000 0.001299 0.001584 0.006108 -0.141634 0.161742 -0.203981 41.4047067631 -218.5524132477 66.45548
J533 01OCT27 2001.8207 52209 1137 6 141.4 3979 0.128123 4585519 0.142485 66 0.448428 0.0000 0.001337 0.001612 0.006285 -0.131320 0.193434 -0.187750 41.4047067608 -218.5524132763 66.44843
J533 01OCT28 2001.8234 52210 1138 0 141.4 3979 0.131089 4585519 0.141826 66 0.468175 0.0000 0.001291 0.001623 0.006222 -0.110408 0.130658 -0.187685 41.4047067549 -218.5524132408 66.46818
J533 01OCT29 2001.8261 52211 1138 1 141.4 3979 0.129664 4585519 0.142701 66 0.462551 0.0000 0.001330 0.001618 0.006354 -0.145223 0.207055 -0.251400 41.4047067627 -218.5524132578 66.46255
J533 01OCT30 2001.8289 52212 1138 2 141.4 3979 0.129173 4585519 0.144175 66 0.456257 0.0000 0.001344 0.001636 0.006265 -0.143297 0.199876 -0.151163 41.4047067760 -218.5524132637 66.45626
J533 01OCT31 2001.8316 52213 1138 3 141.4 3979 0.130892 4585519 0.141466 66 0.456369 0.0000 0.001266 0.001578 0.006058 -0.158382 0.234556 -0.225341 41.4047067516 -218.5524132432 66.45637
J533 01NOV01 2001.8344 52214 1138 4 141.4 3979 0.133883 4585519 0.137425 66 0.461816 0.0000 0.001348 0.001706 0.006516 -0.178462 0.273679 -0.229033 41.4047067152 -218.5524132074 66.46182
J533 01NOV02 2001.8371 52215 1138 5 141.4 3979 0.133191 4585519 0.143202 66 0.467770 0.0000 0.001278 0.001564 0.005989 -0.168435 0.211102 -0.216243 41.4047067672 -218.5524132157 66.46777
J533 01NOV03 2001.8398 52216 1138 6 141.4 3979 0.131512 4585519 0.143494 66 0.459998 0.0000 0.001317 0.001681 0.006447 -0.162730 0.214301 -0.226618 41.4047067699 -218.5524132357 66.46000
J533 01NOV04 2001.8426 52217 1139 0 141.4 3979 0.131612 4585519 0.137974 66 0.464175 0.0000 0.001323 0.001630 0.006356 -0.163624 0.238374 -0.202096 41.4047067202 -218.5524132346 66.46418
J533 01NOV05 2001.8453 52218 1139 1 141.4 3979 0.127806 4585519 0.142333 66 0.459537 0.0000 0.001345 0.001653 0.006241 -0.173045 0.203198 -0.164367 41.4047067594 -218.5524132801 66.45954
J533 01NOV06 2001.8480 52219 1139 2 141.4 3979 0.131242 4585519 0.144606 66 0.463272 0.0000 0.001442 0.001893 0.006978 -0.139539 0.186474 -0.231813 41.4047067799 -218.5524132390 66.46327
J533 01NOV07 2001.8508 52220 1139 3 141.4 3979 0.130685 4585519 0.140685 66 0.469676 0.0000 0.001286 0.001609 0.006098 -0.127131 0.202157 -0.187612 41.4047067446 -218.5524132457 66.46968
J533 01NOV08 2001.8535 52221 1139 4 141.4 3979 0.128768 4585519 0.142157 66 0.464053 0.0000 0.001370 0.001882 0.006779 -0.123514 0.190859 -0.123843 41.4047067578 -218.5524132686 66.46405
J533 01NOV09 2001.8563 52222 1139 5 141.4 3979 0.130633 4585519 0.143196 66 0.472272 0.0000 0.001303 0.001691 0.006385 -0.190226 0.220004 -0.260271 41.4047067672 -218.5524132463 66.47227
J533 01NOV10 2001.8590 52223 1139 6 141.4 3979 0.130506 4585519 0.143811 66 0.455747 0.0000 0.001253 0.001557 0.005957 -0.156311 0.158360 -0.196704 41.4047067727 -218.5524132478 66.45575
J533 01NOV11 2001.8617 52224 1140 0 141.4 3979 0.129168 4585519 0.142651 66 0.466026 0.0000 0.001264 0.001565 0.005994 -0.145900 0.168389 -0.170024 41.4047067623 -218.5524132638 66.46603
J533 01NOV12 2001.8645 52225 1140 1 141.4 3979 0.131078 4585519 0.139407 66 0.466417 0.0000 0.001316 0.001577 0.006324 -0.196660 0.268609 -0.257229 41.4047067331 -218.5524132410 66.46642
J533 01NOV13 2001.8672 52226 1140 2 141.4 3979 0.135594 4585519 0.136302 66 0.439009 0.0000 0.001284 0.001620 0.006192 -0.213298 0.202358 -0.205145 41.4047067051 -218.5524131870 66.43901
J533 01NOV14 2001.8700 52227 1140 3 141.4 3979 0.129143 4585519 0.139498 66 0.472676 0.0000 0.001262 0.001649 0.006195 -0.200455 0.213134 -0.169516 41.4047067339 -218.5524132641 66.47268
J533 01NOV15 2001.8727 52228 1140 4 141.4 3979 0.132004 4585519 0.141278 66 0.471239 0.0000 0.001349 0.001653 0.006384 -0.170245 0.207065 -0.163783 41.4047067499 -218.5524132299 66.47124
J533 01NOV16 2001.8754 52229 1140 5 141.4 3979 0.128526 4585519 0.141371 66 0.469638 0.0000 0.001351 0.001684 0.006398 -0.180688 0.207683 -0.195754 41.4047067508 -218.5524132715 66.46964
J533 01NOV17 2001.8782 52230 1140 6 141.4 3979 0.129291 4585519 0.141582 66 0.467754 0.0000 0.001299 0.001603 0.006166 -0.190264 0.245069 -0.200432 41.4047067527 -218.5524132623 66.46775
J533 01NOV18 2001.8809 52231 1141 0 141.4 3979 0.132011 4585519 0.140396 66 0.472202 0.0000 0.001321 0.001627 0.006192 -0.179442 0.168416 -0.194782 41.4047067420 -218.5524132298 66.47220
J533 01NOV19 2001.8836 52232 1141 1 141.4 3979 0.131982 4585519 0.141291 66 0.468370 0.0000 0.001297 0.001630 0.006268 -0.150632 0.208701 -0.225245 41.4047067500 -218.5524132301 66.46837
J533 01NOV20 2001.8864 52233 1141 2 141.4 3979 0.128460 4585519 0.141768 66 0.469081 0.0000 0.001402 0.001803 0.006659 -0.191634 0.250637 -0.189869 41.4047067543 -218.5524132723 66.46908
J533 01NOV21 2001.8891 52234 1141 3 141.4 3979 0.130028 4585519 0.140027 66 0.473564 0.0000 0.001332 0.001645 0.006222 -0.106427 0.179344 -0.153343 41.4047067387 -218.5524132535 66.47356
J533 01NOV22 2001.8919 52235 1141 4 141.4 3979 0.130756 4585519 0.141156 66 0.468948 0.0000 0.001296 0.001643 0.006070 -0.190884 0.224989 -0.174047 41.4047067488 -218.5524132448 66.46895
J533 01NOV23 2001.8946 52236 1141 5 141.4 3979 0.130192 4585519 0.140531 66 0.468009 0.0000 0.001308 0.001643 0.006150 -0.148137 0.117916 -0.152229 41.4047067432 -218.5524132515 66.46801
J533 01NOV24 2001.8973 52237 1141 6 141.4 3979 0.131640 4585519 0.140820 66 0.466773 0.0000 0.001383 0.001803 0.006776 -0.196999 0.232958 -0.136678 41.4047067458 -218.5524132342 66.46677
J533 01NOV25 2001.9001 52238 1142 0 141.4 3979 0.127024 4585519 0.141189 66 0.466116 0.0000 0.001371 0.001705 0.006396 -0.157255 0.261268 -0.155283 41.4047067491 -218.5524132894 66.46612
J533 01NOV26 2001.9028 52239 1142 1 141.4 3979 0.131853 4585519 0.140939 66 0.473946 0.0000 0.001366 0.001683 0.006478 -0.112121 0.221470 -0.211873 41.4047067469 -218.5524132317 66.47395
J533 01NOV27 2001.9055 52240 1142 2 141.4 3979 0.128737 4585519 0.141595 66 0.464997 0.0000 0.001424 0.001737 0.006800 -0.129269 0.218835 -0.275734 41.4047067528 -218.5524132689 66.46500
J533 01NOV28 2001.9083 52241 1142 3 141.4 3979 0.127245 4585519 0.140187 66 0.469952 0.0000 0.001265 0.001633 0.005896 -0.135969 0.179899 -0.182166 41.4047067401 -218.5524132868 66.46995
J533 01NOV29 2001.9110 52242 1142 4 141.4 3979 0.129216 4585519 0.142834 66 0.479001 0.0000 0.001257 0.001660 0.005941 -0.114872 0.190359 -0.153456 41.4047067639 -218.5524132632 66.47900
J533 01NOV30 2001.9138 52243 1142 5 141.4 3979 0.128584 4585519 0.145686 66 0.471898 0.0000 0.001306 0.001662 0.006229 -0.148754 0.200081 -0.200086 41.4047067896 -218.5524132707 66.47190
J533 01DEC01 2001.9165 52244 1142 6 141.4 3979 0.130098 4585519 0.143297 66 0.465793 0.0000 0.001314 0.001645 0.006096 -0.129088 0.246921 -0.153790 41.4047067681 -218.5524132526 66.46579
J533 01DEC02 2001.9192 52245 1143 0 141.4 3979 0.129443 4585519 0.144356 66 0.472673 0.0000 0.001339 0.001682 0.006226 -0.093186 0.140014 -0.169806 41.4047067776 -218.5524132605 66.47267
J533 01DEC03 2001.9220 52246 1143 1 141.4 3979 0.128857 4585519 0.145178 66 0.466381 0.0000 0.001253 0.001607 0.005849 -0.105601 0.185022 -0.154387 41.4047067850 -218.5524132675 66.46638
J533 01DEC04 2001.9247 52247 1143 2 141.4 3979 0.130370 4585519 0.143844 66 0.464513 0.0000 0.001288 0.001623 0.005989 -0.124580 0.243520 -0.151611 41.4047067730 -218.5524132494 66.46451
J533 01DEC05 2001.9274 52248 1143 3 141.4 3979 0.130266 4585519 0.142048 66 0.476228 0.0000 0.001314 0.001649 0.006077 -0.168442 0.227780 -0.217364 41.4047067569 -218.5524132507 66.47623
J533 01DEC06 2001.9302 52249 1143 4 141.4 3979 0.125611 4585519 0.141699 66 0.472893 0.0000 0.001352 0.001682 0.006274 -0.167333 0.176968 -0.206691 41.4047067537 -218.5524133063 66.47289
J533 01DEC07 2001.9329 52250 1143 5 141.4 3979 0.124543 4585519 0.143014 66 0.466782 0.0000 0.001344 0.001664 0.006282 -0.160837 0.235101 -0.273612 41.4047067656 -218.5524133191 66.46678
J533 01DEC08 2001.9357 52251 1143 6 141.4 3979 0.129131 4585519 0.143479 66 0.477941 0.0000 0.001252 0.001629 0.005861 -0.158774 0.205037 -0.199209 41.4047067697 -218.5524132642 66.47794
J533 01DEC09 2001.9384 52252 1144 0 141.4 3979 0.129316 4585519 0.144265 66 0.472311 0.0000 0.001278 0.001600 0.005805 -0.152012 0.199965 -0.181426 41.4047067768 -218.5524132620 66.47231
J533 01DEC10 2001.9411 52253 1144 1 141.4 3979 0.130034 4585519 0.146430 66 0.470574 0.0000 0.001342 0.001677 0.006130 -0.123356 0.189957 -0.197457 41.4047067963 -218.5524132534 66.47057
J533 01DEC11 2001.9439 52254 1144 2 141.4 3979 0.130234 4585519 0.143567 66 0.469316 0.0000 0.001447 0.001737 0.006853 -0.047455 0.118198 -0.275822 41.4047067705 -218.5524132510 66.46932
J533 01DEC12 2001.9466 52255 1144 3 141.4 3979 0.131291 4585519 0.142747 66 0.467417 0.0000 0.001370 0.001731 0.006457 -0.131332 0.168994 -0.244890 41.4047067631 -218.5524132384 66.46742
J533 01DEC13 2001.9493 52256 1144 4 141.4 3979 0.125894 4585519 0.143812 66 0.466989 0.0000 0.001236 0.001556 0.005678 -0.014752 0.025650 -0.162940 41.4047067727 -218.5524133029 66.46699
J533 01DEC14 2001.9521 52257 1144 5 141.4 3979 0.129276 4585519 0.145088 66 0.471061 0.0000 0.001174 0.001476 0.005443 -0.040318 0.123641 -0.147810 41.4047067842 -218.5524132625 66.47106
J533 01DEC15 2001.9548 52258 1144 6 141.4 3979 0.127253 4585519 0.143816 66 0.471607 0.0000 0.001181 0.001472 0.005509 -0.012819 0.136006 -0.141370 41.4047067728 -218.5524132867 66.47161
J533 01DEC16 2001.9576 52259 1145 0 141.4 3979 0.129887 4585519 0.142529 66 0.455976 0.0000 0.001271 0.001557 0.005869 -0.043464 0.137850 -0.201359 41.4047067612 -218.5524132552 66.45598
J533 01DEC17 2001.9603 52260 1145 1 141.4 3979 0.130621 4585519 0.142926 66 0.459242 0.0000 0.001164 0.001443 0.005381 -0.041899 0.150218 -0.144939 41.4047067648 -218.5524132464 66.45924
J533 01DEC18 2001.9630 52261 1145 2 141.4 3979 0.130195 4585519 0.142255 66 0.454734 0.0000 0.001182 0.001466 0.005555 -0.080452 0.192261 -0.206628 41.4047067587 -218.5524132515 66.45473
J533 01DEC19 2001.9658 52262 1145 3 141.4 3979 0.131537 4585519 0.142073 66 0.462953 0.0000 0.001172 0.001435 0.005489 -0.057504 0.170200 -0.172532 41.4047067571 -218.5524132355 66.46295
J533 01DEC20 2001.9685 52263 1145 4 141.4 3979 0.129265 4585519 0.140540 66 0.466050 0.0000 0.001180 0.001465 0.005453 -0.046952 0.152906 -0.175386 41.4047067433 -218.5524132626 66.46605
J533 01DEC21 2001.9713 52264 1145 5 141.4 3979 0.128870 4585519 0.143820 66 0.454833 0.0000 0.001208 0.001509 0.005545 -0.020873 0.105130 -0.110985 41.4047067728 -218.5524132673 66.45483
J533 01DEC22 2001.9740 52265 1145 6 141.4 3979 0.129348 4585519 0.142358 66 0.459936 0.0000 0.001370 0.001613 0.006072 -0.043153 0.140316 -0.257344 41.4047067596 -218.5524132616 66.45994
J533 01DEC23 2001.9767 52266 1146 0 141.4 3979 0.130638 4585519 0.141907 66 0.454581 0.0000 0.001266 0.001472 0.005627 -0.073124 0.169527 -0.166932 41.4047067556 -218.5524132462 66.45458
J533 01DEC24 2001.9795 52267 1146 1 141.4 3979 0.131741 4585519 0.144311 66 0.458098 0.0000 0.001249 0.001491 0.005789 -0.096550 0.160907 -0.201038 41.4047067772 -218.5524132330 66.45810
J533 01DEC25 2001.9822 52268 1146 2 141.4 3979 0.132246 4585519 0.142263 66 0.463399 0.0000 0.001199 0.001436 0.005568 -0.077572 0.167204 -0.176153 41.4047067588 -218.5524132270 66.46340
J533 01DEC26 2001.9849 52269 1146 3 141.4 3979 0.128424 4585519 0.143169 66 0.456858 0.0000 0.001206 0.001442 0.005463 -0.098744 0.143080 -0.180742 41.4047067669 -218.5524132727 66.45686
J533 01DEC27 2001.9877 52270 1146 4 141.4 3979 0.129033 4585519 0.142419 66 0.455898 0.0000 0.001169 0.001420 0.005384 -0.057870 0.124128 -0.190694 41.4047067602 -218.5524132654 66.45590
J533 01DEC28 2001.9904 52271 1146 5 141.4 3979 0.129845 4585519 0.139450 66 0.459143 0.0000 0.001206 0.001443 0.005509 -0.066386 0.159651 -0.189764 41.4047067335 -218.5524132557 66.45914
J533 01DEC29 2001.9932 52272 1146 6 141.4 3979 0.128184 4585519 0.144049 66 0.459634 0.0000 0.001182 0.001428 0.005359 -0.036169 0.070427 -0.136982 41.4047067749 -218.5524132755 66.45963
J533 01DEC30 2001.9959 52273 1147 0 141.4 3979 0.130880 4585519 0.142715 66 0.456023 0.0000 0.001181 0.001434 0.005442 -0.038381 0.103620 -0.146545 41.4047067629 -218.5524132433 66.45602
J533 01DEC31 2001.9986 52274 1147 1 141.4 3979 0.128013 4585519 0.144605 66 0.450204 0.0000 0.001278 0.001548 0.006073 -0.074695 0.154369 -0.272849 41.4047067799 -218.5524132776 66.45020
J533 02JAN01 2002.0014 52275 1147 2 141.4 3979 0.132496 4585519 0.143134 66 0.429186 0.0000 0.001241 0.001477 0.005699 -0.044854 0.162190 -0.176852 41.4047067666 -218.5524132240 66.42919
J533 02JAN02 2002.0041 52276 1147 3 141.4 3979 0.125604 4585519 0.147276 66 0.461786 0.0000 0.001212 0.001471 0.005617 -0.069751 0.142688 -0.184847 41.4047068039 -218.5524133064 66.46179
J533 02JAN03 2002.0068 52277 1147 4 141.4 3979 0.128606 4585519 0.144954 66 0.465761 0.0000 0.001230 0.001514 0.005786 -0.108996 0.176372 -0.223248 41.4047067830 -218.5524132705 66.46576
J533 02JAN04 2002.0096 52278 1147 5 141.4 3979 0.127733 4585519 0.142812 66 0.458970 0.0000 0.001231 0.001547 0.005895 -0.031955 0.130149 -0.214363 41.4047067637 -218.5524132809 66.45897
J533 02JAN05 2002.0123 52279 1147 6 141.4 3979 0.130018 4585519 0.143131 66 0.467264 0.0000 0.001208 0.001506 0.005726 -0.080402 0.121972 -0.237907 41.4047067666 -218.5524132536 66.46726
J533 02JAN06 2002.0151 52280 1148 0 141.4 3979 0.129457 4585519 0.142739 66 0.467678 0.0000 0.001223 0.001478 0.005581 -0.130017 0.148045 -0.208220 41.4047067631 -218.5524132603 66.46768
J533 02JAN07 2002.0178 52281 1148 1 141.4 3979 0.127457 4585519 0.142784 66 0.459776 0.0000 0.001265 0.001573 0.005856 -0.032526 0.097169 -0.196647 41.4047067635 -218.5524132842 66.45978
J533 02JAN08 2002.0205 52282 1148 2 141.4 3979 0.131379 4585519 0.142470 66 0.459736 0.0000 0.001239 0.001547 0.005733 -0.048483 0.124925 -0.191041 41.4047067606 -218.5524132373 66.45974
J533 02JAN09 2002.0233 52283 1148 3 141.4 3979 0.128138 4585519 0.142967 66 0.464478 0.0000 0.001221 0.001533 0.005673 -0.057344 0.089296 -0.197626 41.4047067651 -218.5524132761 66.46448
J533 02JAN10 2002.0260 52284 1148 4 141.4 3979 0.129467 4585519
