site YYMMMDD yyyy.yyyy __MJD week d reflon _e0(m) __east(m) ____n0(m) _north(m) u0(m) ____up(m) _ant(m) sig_e(m) sig_n(m) sig_u(m) __corr_en __corr_eu __corr_nu _latitude(deg) _longitude(deg) __height(m)
S062 13APR01 2013.2485 56383 1734 1 141.4 -69 -0.510564 4517751 0.069350 49 0.257431 0.0000 0.000706 0.000967 0.003061 -0.100055 0.103936 -0.092975 40.7944905295 -218.6008236242 49.25743
S062 13APR02 2013.2512 56384 1734 2 141.4 -69 -0.512843 4517751 0.069821 49 0.263029 0.0000 0.000700 0.000961 0.002991 -0.140734 0.091409 -0.091316 40.7944905338 -218.6008236512 49.26303
S062 13APR03 2013.2539 56385 1734 3 141.4 -69 -0.512902 4517751 0.069863 49 0.266428 0.0000 0.000708 0.000973 0.003074 -0.111952 0.100849 -0.120186 40.7944905342 -218.6008236519 49.26643
S062 13APR04 2013.2567 56386 1734 4 141.4 -69 -0.513224 4517751 0.068389 49 0.262331 0.0000 0.000743 0.001021 0.003156 -0.088810 0.090552 -0.135686 40.7944905209 -218.6008236557 49.26233
S062 13APR05 2013.2594 56387 1734 5 141.4 -69 -0.512945 4517751 0.069448 49 0.258322 0.0000 0.000693 0.000952 0.002962 -0.112196 0.095541 -0.107199 40.7944905304 -218.6008236524 49.25832
S062 13APR06 2013.2621 56388 1734 6 141.4 -69 -0.510398 4517751 0.070188 49 0.263993 0.0000 0.000702 0.000957 0.003003 -0.115373 0.109914 -0.079882 40.7944905371 -218.6008236223 49.26399
S062 13APR07 2013.2649 56389 1735 0 141.4 -69 -0.510708 4517751 0.068611 49 0.265938 0.0000 0.000692 0.000947 0.002959 -0.102308 0.146807 -0.133805 40.7944905229 -218.6008236259 49.26594
S062 13APR08 2013.2676 56390 1735 1 141.4 -69 -0.512287 4517751 0.069671 49 0.258161 0.0000 0.000716 0.000970 0.003113 -0.090889 0.131586 -0.138628 40.7944905324 -218.6008236446 49.25816
S062 13APR09 2013.2704 56391 1735 2 141.4 -69 -0.512068 4517751 0.067957 49 0.258751 0.0000 0.000707 0.000965 0.003053 -0.116910 0.150145 -0.094944 40.7944905170 -218.6008236420 49.25875
S062 13APR10 2013.2731 56392 1735 3 141.4 -69 -0.511883 4517751 0.065711 49 0.252669 0.0000 0.000706 0.000965 0.003010 -0.112930 0.137246 -0.132204 40.7944904968 -218.6008236399 49.25267
S062 13APR11 2013.2758 56393 1735 4 141.4 -69 -0.511158 4517751 0.067360 49 0.255518 0.0000 0.000723 0.000988 0.003114 -0.091119 0.133705 -0.154607 40.7944905116 -218.6008236313 49.25552
S062 13APR12 2013.2786 56394 1735 5 141.4 -69 -0.512187 4517751 0.067469 49 0.260107 0.0000 0.000733 0.000982 0.003144 -0.124733 0.144835 -0.154924 40.7944905126 -218.6008236435 49.26011
S062 13APR13 2013.2813 56395 1735 6 141.4 -69 -0.510577 4517751 0.067568 49 0.261625 0.0000 0.000705 0.000969 0.003037 -0.107947 0.134236 -0.101026 40.7944905135 -218.6008236244 49.26163
S062 13APR14 2013.2841 56396 1736 0 141.4 -69 -0.513454 4517751 0.067136 49 0.262680 0.0000 0.000711 0.000969 0.003060 -0.124326 0.143093 -0.125776 40.7944905096 -218.6008236585 49.26268
S062 13APR15 2013.2868 56397 1736 1 141.4 -69 -0.511817 4517751 0.067369 49 0.261624 0.0000 0.000705 0.000943 0.002983 -0.116552 0.079324 -0.066701 40.7944905117 -218.6008236391 49.26162
S062 13APR16 2013.2895 56398 1736 2 141.4 -69 -0.512227 4517751 0.067158 49 0.262518 0.0000 0.000723 0.000988 0.003117 -0.117375 0.148997 -0.081569 40.7944905098 -218.6008236439 49.26252
S062 13APR17 2013.2923 56399 1736 3 141.4 -69 -0.511757 4517751 0.066249 49 0.258087 0.0000 0.000707 0.000983 0.003019 -0.084685 0.077949 -0.073754 40.7944905016 -218.6008236384 49.25809
S062 13APR18 2013.2950 56400 1736 4 141.4 -69 -0.511569 4517751 0.066509 49 0.257127 0.0000 0.000764 0.001037 0.003234 -0.107202 0.167588 -0.080623 40.7944905040 -218.6008236361 49.25713
S062 13APR19 2013.2977 56401 1736 5 141.4 -69 -0.510220 4517751 0.066640 49 0.259438 0.0000 0.000737 0.001017 0.003117 -0.073966 0.094367 -0.084562 40.7944905051 -218.6008236201 49.25944
S062 13APR20 2013.3005 56402 1736 6 141.4 -69 -0.512513 4517751 0.067642 49 0.254007 0.0000 0.000716 0.000957 0.003047 -0.108955 0.148320 -0.110910 40.7944905142 -218.6008236473 49.25401
S062 13APR21 2013.3032 56403 1737 0 141.4 -69 -0.511130 4517751 0.066522 49 0.261148 0.0000 0.000702 0.000962 0.002982 -0.120011 0.140642 -0.104025 40.7944905041 -218.6008236309 49.26115
S062 13APR22 2013.3060 56404 1737 1 141.4 -69 -0.511085 4517751 0.064748 49 0.259472 0.0000 0.000699 0.000958 0.002969 -0.094121 0.108654 -0.104166 40.7944904881 -218.6008236304 49.25947
S062 13APR23 2013.3087 56405 1737 2 141.4 -69 -0.511209 4517751 0.065666 49 0.259419 0.0000 0.000693 0.000959 0.002958 -0.112010 0.079457 -0.099702 40.7944904964 -218.6008236319 49.25942
S062 13APR24 2013.3114 56406 1737 3 141.4 -69 -0.513850 4517751 0.066392 49 0.259221 0.0000 0.000700 0.000962 0.003005 -0.088126 0.074796 -0.131526 40.7944905029 -218.6008236632 49.25922
S062 13APR25 2013.3142 56407 1737 4 141.4 -69 -0.510423 4517751 0.067050 49 0.263224 0.0000 0.000718 0.000986 0.003182 -0.100026 0.075533 -0.114486 40.7944905088 -218.6008236226 49.26322
S062 13APR26 2013.3169 56408 1737 5 141.4 -69 -0.511121 4517751 0.066220 49 0.263356 0.0000 0.000711 0.000976 0.003043 -0.108897 0.106226 -0.076127 40.7944905014 -218.6008236308 49.26336
S062 13APR27 2013.3196 56409 1737 6 141.4 -69 -0.512421 4517751 0.064598 49 0.253622 0.0000 0.000695 0.000960 0.002975 -0.112872 0.131176 -0.148791 40.7944904867 -218.6008236462 49.25362
S062 13APR28 2013.3224 56410 1738 0 141.4 -69 -0.510038 4517751 0.065411 49 0.259835 0.0000 0.000693 0.000949 0.002941 -0.102795 0.121811 -0.139634 40.7944904941 -218.6008236180 49.25984
S062 13APR29 2013.3251 56411 1738 1 141.4 -69 -0.510917 4517751 0.065946 49 0.260804 0.0000 0.000698 0.000965 0.002980 -0.086532 0.087333 -0.050181 40.7944904989 -218.6008236284 49.26080
S062 13APR30 2013.3279 56412 1738 2 141.4 -69 -0.511977 4517751 0.066161 49 0.263435 0.0000 0.000718 0.001023 0.003100 -0.107341 0.069950 -0.001886 40.7944905008 -218.6008236410 49.26344
S062 13MAY01 2013.3306 56413 1738 3 141.4 -69 -0.510961 4517751 0.065712 49 0.262411 0.0000 0.000691 0.000962 0.002974 -0.096440 0.103041 -0.093603 40.7944904968 -218.6008236289 49.26241
S062 13MAY02 2013.3333 56414 1738 4 141.4 -69 -0.511173 4517751 0.065315 49 0.262907 0.0000 0.000699 0.000982 0.003052 -0.084512 0.094041 -0.112812 40.7944904932 -218.6008236314 49.26291
S062 13MAY03 2013.3361 56415 1738 5 141.4 -69 -0.511446 4517751 0.064513 49 0.260243 0.0000 0.000705 0.000962 0.003013 -0.094033 0.117856 -0.102085 40.7944904860 -218.6008236347 49.26024
S062 13MAY04 2013.3388 56416 1738 6 141.4 -69 -0.511010 4517751 0.064656 49 0.259557 0.0000 0.000705 0.000969 0.003010 -0.114418 0.064499 -0.095056 40.7944904873 -218.6008236295 49.25956
S062 13MAY05 2013.3415 56417 1739 0 141.4 -69 -0.511789 4517751 0.065874 49 0.260307 0.0000 0.000694 0.000974 0.002997 -0.110833 0.073241 -0.109938 40.7944904982 -218.6008236387 49.26031
S062 13MAY06 2013.3443 56418 1739 1 141.4 -69 -0.512127 4517751 0.064464 49 0.258470 0.0000 0.000702 0.000982 0.003006 -0.110458 0.104002 -0.137457 40.7944904855 -218.6008236427 49.25847
S062 13MAY07 2013.3470 56419 1739 2 141.4 -69 -0.511114 4517751 0.063897 49 0.257208 0.0000 0.000748 0.001076 0.003258 -0.066518 0.080080 -0.040234 40.7944904804 -218.6008236307 49.25721
S062 13MAY08 2013.3498 56420 1739 3 141.4 -69 -0.511459 4517751 0.065730 49 0.264152 0.0000 0.000695 0.000968 0.002992 -0.102985 0.054529 -0.080901 40.7944904969 -218.6008236348 49.26415
S062 13MAY09 2013.3525 56421 1739 4 141.4 -69 -0.511877 4517751 0.065489 49 0.261469 0.0000 0.000690 0.000968 0.002943 -0.111677 0.069562 -0.128974 40.7944904948 -218.6008236398 49.26147
S062 13MAY10 2013.3552 56422 1739 5 141.4 -69 -0.510568 4517751 0.065693 49 0.266543 0.0000 0.000695 0.000983 0.002978 -0.105941 0.101786 -0.142146 40.7944904966 -218.6008236243 49.26654
S062 13MAY11 2013.3580 56423 1739 6 141.4 -69 -0.510135 4517751 0.064608 49 0.261777 0.0000 0.000699 0.000977 0.002999 -0.114793 0.106573 -0.112913 40.7944904868 -218.6008236191 49.26178
S062 13MAY12 2013.3607 56424 1740 0 141.4 -69 -0.511349 4517751 0.064197 49 0.265810 0.0000 0.000739 0.001010 0.003175 -0.083283 0.053552 -0.078681 40.7944904831 -218.6008236335 49.26581
S062 13MAY13 2013.3634 56425 1740 1 141.4 -69 -0.512206 4517751 0.063271 49 0.262638 0.0000 0.000767 0.001056 0.003345 -0.075665 0.096584 -0.018901 40.7944904748 -218.6008236437 49.26264
S062 13MAY14 2013.3662 56426 1740 2 141.4 -69 -0.511917 4517751 0.063575 49 0.258300 0.0000 0.000705 0.000969 0.003019 -0.127950 0.126671 -0.108811 40.7944904775 -218.6008236402 49.25830
S062 13MAY15 2013.3689 56427 1740 3 141.4 -69 -0.511030 4517751 0.064403 49 0.262743 0.0000 0.000706 0.000978 0.003040 -0.132223 0.068269 -0.091297 40.7944904850 -218.6008236297 49.26274
S062 13MAY16 2013.3717 56428 1740 4 141.4 -69 -0.509535 4517751 0.062090 49 0.266230 0.0000 0.000720 0.001024 0.003195 -0.103290 0.068148 -0.114892 40.7944904642 -218.6008236120 49.26623
S062 13MAY17 2013.3744 56429 1740 5 141.4 -69 -0.512112 4517751 0.064596 49 0.259449 0.0000 0.000761 0.001064 0.003361 -0.141382 0.084027 -0.093171 40.7944904867 -218.6008236426 49.25945
S062 13MAY18 2013.3771 56430 1740 6 141.4 -69 -0.509966 4517751 0.063881 49 0.275536 0.0000 0.000732 0.001040 0.003252 -0.116231 -0.032384 0.000520 40.7944904803 -218.6008236171 49.27554
S062 13MAY19 2013.3799 56431 1741 0 141.4 -69 -0.509722 4517751 0.064200 49 0.265702 0.0000 0.000749 0.001009 0.003296 -0.111090 0.062213 -0.073311 40.7944904832 -218.6008236142 49.26570
S062 13MAY20 2013.3826 56432 1741 1 141.4 -69 -0.510625 4517751 0.063803 49 0.269852 0.0000 0.000722 0.000988 0.003108 -0.063887 0.105144 -0.107408 40.7944904796 -218.6008236249 49.26985
S062 13MAY21 2013.3854 56433 1741 2 141.4 -69 -0.510040 4517751 0.063937 49 0.271040 0.0000 0.000743 0.001001 0.003201 -0.127233 0.102331 -0.100780 40.7944904808 -218.6008236180 49.27104
S062 13MAY22 2013.3881 56434 1741 3 141.4 -69 -0.507792 4517751 0.062297 49 0.265229 0.0000 0.000715 0.001000 0.003144 -0.106322 0.096901 -0.108902 40.7944904660 -218.6008235914 49.26523
S062 13MAY23 2013.3908 56435 1741 4 141.4 -69 -0.509955 4517751 0.062034 49 0.265038 0.0000 0.000703 0.000986 0.003019 -0.105245 0.136471 -0.108907 40.7944904637 -218.6008236170 49.26504
S062 13MAY24 2013.3936 56436 1741 5 141.4 -69 -0.510755 4517751 0.060690 49 0.262245 0.0000 0.000726 0.001002 0.003153 -0.161612 0.092729 -0.062563 40.7944904516 -218.6008236265 49.26224
S062 13MAY25 2013.3963 56437 1741 6 141.4 -69 -0.509609 4517751 0.061248 49 0.266847 0.0000 0.000699 0.000960 0.002968 -0.114059 0.050915 -0.070956 40.7944904566 -218.6008236129 49.26685
S062 13MAY26 2013.3990 56438 1742 0 141.4 -69 -0.510445 4517751 0.060506 49 0.261360 0.0000 0.000699 0.000964 0.003002 -0.101728 0.080377 -0.103925 40.7944904499 -218.6008236228 49.26136
S062 13MAY27 2013.4018 56439 1742 1 141.4 -69 -0.510632 4517751 0.061281 49 0.262393 0.0000 0.000705 0.000980 0.003041 -0.126006 0.042688 -0.045160 40.7944904569 -218.6008236250 49.26239
S062 13MAY28 2013.4045 56440 1742 2 141.4 -69 -0.509289 4517751 0.060479 49 0.266113 0.0000 0.000694 0.000940 0.002938 -0.127972 0.088856 -0.102999 40.7944904497 -218.6008236091 49.26611
S062 13MAY29 2013.4073 56441 1742 3 141.4 -69 -0.508412 4517751 0.060197 49 0.269645 0.0000 0.000696 0.000944 0.002976 -0.104751 0.092265 -0.118431 40.7944904471 -218.6008235987 49.26964
S062 13MAY30 2013.4100 56442 1742 4 141.4 -69 -0.510431 4517751 0.060940 49 0.266533 0.0000 0.000702 0.000975 0.003049 -0.127381 0.118338 -0.120401 40.7944904538 -218.6008236226 49.26653
S062 13MAY31 2013.4127 56443 1742 5 141.4 -69 -0.508967 4517751 0.061221 49 0.274803 0.0000 0.000775 0.001073 0.003460 -0.155388 0.012961 0.022261 40.7944904563 -218.6008236053 49.27480
S062 13JUN01 2013.4155 56444 1742 6 141.4 -69 -0.509059 4517751 0.062504 49 0.270693 0.0000 0.000749 0.001074 0.003363 -0.109174 0.084249 -0.081645 40.7944904679 -218.6008236064 49.27069
S062 13JUN02 2013.4182 56445 1743 0 141.4 -69 -0.507788 4517751 0.060132 49 0.271110 0.0000 0.000711 0.000977 0.003005 -0.143923 0.107508 -0.111053 40.7944904465 -218.6008235913 49.27111
S062 13JUN03 2013.4209 56446 1743 1 141.4 -69 -0.510334 4517751 0.062210 49 0.263256 0.0000 0.000706 0.000948 0.002973 -0.119358 0.097351 -0.107745 40.7944904652 -218.6008236215 49.26326
S062 13JUN04 2013.4237 56447 1743 2 141.4 -69 -0.509517 4517751 0.059794 49 0.265806 0.0000 0.000710 0.000979 0.002985 -0.112915 0.117689 -0.121564 40.7944904435 -218.6008236118 49.26581
S062 13JUN05 2013.4264 56448 1743 3 141.4 -69 -0.509341 4517751 0.059086 49 0.267098 0.0000 0.000765 0.001051 0.003319 -0.077364 0.130951 -0.052590 40.7944904371 -218.6008236097 49.26710
S062 13JUN06 2013.4292 56449 1743 4 141.4 -69 -0.508876 4517751 0.060540 49 0.266561 0.0000 0.000750 0.001058 0.003289 -0.160420 0.075721 0.025104 40.7944904502 -218.6008236042 49.26656
S062 13JUN07 2013.4319 56450 1743 5 141.4 -69 -0.507902 4517751 0.058749 49 0.267170 0.0000 0.000712 0.000954 0.003052 -0.112885 0.111371 -0.189163 40.7944904341 -218.6008235927 49.26717
S062 13JUN08 2013.4346 56451 1743 6 141.4 -69 -0.509258 4517751 0.059462 49 0.268786 0.0000 0.000762 0.001035 0.003287 -0.096528 0.048729 -0.074538 40.7944904405 -218.6008236087 49.26879
S062 13JUN09 2013.4374 56452 1744 0 141.4 -69 -0.509016 4517751 0.060536 49 0.269285 0.0000 0.000728 0.000987 0.003132 -0.105625 0.068943 -0.075700 40.7944904502 -218.6008236059 49.26929
S062 13JUN10 2013.4401 56453 1744 1 141.4 -69 -0.508426 4517751 0.058942 49 0.266354 0.0000 0.000708 0.000960 0.003045 -0.115878 0.111299 -0.137814 40.7944904358 -218.6008235989 49.26635
S062 13JUN11 2013.4428 56454 1744 2 141.4 -69 -0.509313 4517751 0.058551 49 0.271411 0.0000 0.000737 0.000970 0.003134 -0.127987 0.123088 -0.117683 40.7944904323 -218.6008236094 49.27141
S062 13JUN12 2013.4456 56455 1744 3 141.4 -69 -0.507746 4517751 0.059791 49 0.271352 0.0000 0.000715 0.000985 0.003076 -0.134232 0.112037 -0.112044 40.7944904435 -218.6008235908 49.27135
S062 13JUN13 2013.4483 56456 1744 4 141.4 -69 -0.508897 4517751 0.060344 49 0.276543 0.0000 0.000736 0.000968 0.003126 -0.154772 0.148999 -0.146387 40.7944904484 -218.6008236045 49.27654
S062 13JUN14 2013.4511 56457 1744 5 141.4 -69 -0.509494 4517751 0.060236 49 0.275039 0.0000 0.000773 0.001048 0.003431 -0.139739 0.091054 -0.043171 40.7944904475 -218.6008236115 49.27504
S062 13JUN15 2013.4538 56458 1744 6 141.4 -69 -0.509391 4517751 0.058998 49 0.273037 0.0000 0.000747 0.000990 0.003241 -0.144605 0.149190 -0.149126 40.7944904363 -218.6008236103 49.27304
S062 13JUN16 2013.4565 56459 1745 0 141.4 -69 -0.507036 4517751 0.059261 49 0.276972 0.0000 0.000759 0.001012 0.003282 -0.146896 0.158465 -0.082003 40.7944904387 -218.6008235824 49.27697
S062 13JUN17 2013.4593 56460 1745 1 141.4 -69 -0.508853 4517751 0.059225 49 0.269902 0.0000 0.000738 0.001043 0.003296 -0.134261 0.066958 -0.037055 40.7944904384 -218.6008236040 49.26990
S062 13JUN18 2013.4620 56461 1745 2 141.4 -69 -0.508535 4517751 0.061585 49 0.279639 0.0000 0.000795 0.001033 0.003499 -0.116394 0.227681 -0.078090 40.7944904596 -218.6008236002 49.27964
S062 13JUN19 2013.4648 56462 1745 3 141.4 -69 -0.509490 4517751 0.059242 49 0.272113 0.0000 0.000732 0.000996 0.003178 -0.107826 0.101057 -0.168581 40.7944904385 -218.6008236115 49.27211
S062 13JUN20 2013.4675 56463 1745 4 141.4 -69 -0.508475 4517751 0.059095 49 0.272236 0.0000 0.000727 0.000964 0.003109 -0.125357 0.135709 -0.126013 40.7944904372 -218.6008235995 49.27224
S062 13JUN21 2013.4702 56464 1745 5 141.4 -69 -0.507915 4517751 0.058231 49 0.274872 0.0000 0.000728 0.000981 0.003133 -0.117012 0.139975 -0.102440 40.7944904294 -218.6008235928 49.27487
S062 13JUN22 2013.4730 56465 1745 6 141.4 -69 -0.508123 4517751 0.057807 49 0.271053 0.0000 0.000723 0.000981 0.003098 -0.135932 0.086195 -0.090182 40.7944904256 -218.6008235953 49.27105
S062 13JUN23 2013.4757 56466 1746 0 141.4 -69 -0.507249 4517751 0.060250 49 0.266741 0.0000 0.000709 0.000971 0.003079 -0.133592 0.166062 -0.123182 40.7944904476 -218.6008235849 49.26674
S062 13JUN24 2013.4784 56467 1746 1 141.4 -69 -0.508076 4517751 0.059055 49 0.266580 0.0000 0.000709 0.000966 0.003063 -0.151040 0.072275 -0.087359 40.7944904368 -218.6008235947 49.26658
S062 13JUN25 2013.4812 56468 1746 2 141.4 -69 -0.507572 4517751 0.056929 49 0.267525 0.0000 0.000762 0.001030 0.003343 -0.167177 0.121908 -0.110800 40.7944904177 -218.6008235888 49.26752
S062 13JUN26 2013.4839 56469 1746 3 141.4 -69 -0.507658 4517751 0.057736 49 0.269528 0.0000 0.000775 0.001068 0.003370 -0.167436 0.065705 -0.084723 40.7944904250 -218.6008235898 49.26953
S062 13JUN27 2013.4867 56470 1746 4 141.4 -69 -0.506949 4517751 0.056022 49 0.271973 0.0000 0.000728 0.000990 0.003216 -0.164028 0.112827 -0.107966 40.7944904095 -218.6008235814 49.27197
S062 13JUN28 2013.4894 56471 1746 5 141.4 -69 -0.507947 4517751 0.058813 49 0.261633 0.0000 0.000745 0.001017 0.003332 -0.152724 0.141215 -0.068142 40.7944904347 -218.6008235932 49.26163
S062 13JUN29 2013.4921 56472 1746 6 141.4 -69 -0.507365 4517751 0.058602 49 0.267089 0.0000 0.000762 0.001068 0.003414 -0.115669 0.198672 -0.089038 40.7944904328 -218.6008235863 49.26709
S062 13JUN30 2013.4949 56473 1747 0 141.4 -69 -0.506702 4517751 0.058349 49 0.269469 0.0000 0.000689 0.000950 0.002979 -0.141133 0.085987 -0.094867 40.7944904305 -218.6008235785 49.26947
S062 13JUL01 2013.4976 56474 1747 1 141.4 -69 -0.506438 4517751 0.056925 49 0.266653 0.0000 0.000700 0.000986 0.003034 -0.160863 0.128759 -0.083648 40.7944904177 -218.6008235753 49.26665
S062 13JUL02 2013.5003 56475 1747 2 141.4 -69 -0.505278 4517751 0.056408 49 0.266024 0.0000 0.000724 0.000979 0.003144 -0.140047 0.166290 -0.098198 40.7944904130 -218.6008235616 49.26602
S062 13JUL03 2013.5031 56476 1747 3 141.4 -69 -0.507674 4517751 0.057800 49 0.269428 0.0000 0.000734 0.001028 0.003223 -0.114699 0.154584 -0.090879 40.7944904255 -218.6008235900 49.26943
S062 13JUL04 2013.5058 56477 1747 4 141.4 -69 -0.507338 4517751 0.059161 49 0.270470 0.0000 0.000768 0.001081 0.003513 -0.174233 0.140767 -0.081595 40.7944904378 -218.6008235860 49.27047
S062 13JUL05 2013.5086 56478 1747 5 141.4 -69 -0.507418 4517751 0.057631 49 0.271903 0.0000 0.000728 0.000994 0.003215 -0.166135 0.207359 -0.141349 40.7944904240 -218.6008235869 49.27190
S062 13JUL06 2013.5113 56479 1747 6 141.4 -69 -0.507160 4517751 0.056343 49 0.270665 0.0000 0.000750 0.001041 0.003401 -0.152649 0.174313 -0.138676 40.7944904124 -218.6008235839 49.27067
S062 13JUL07 2013.5140 56480 1748 0 141.4 -69 -0.508414 4517751 0.058403 49 0.276488 0.0000 0.000713 0.000974 0.003138 -0.159034 0.164245 -0.202979 40.7944904310 -218.6008235987 49.27649
S062 13JUL08 2013.5168 56481 1748 1 141.4 -69 -0.504386 4517751 0.057343 49 0.268190 0.0000 0.000713 0.000979 0.003090 -0.154370 0.131037 -0.106782 40.7944904214 -218.6008235510 49.26819
S062 13JUL09 2013.5195 56482 1748 2 141.4 -69 -0.506253 4517751 0.056707 49 0.274682 0.0000 0.000759 0.001022 0.003298 -0.156902 0.164127 -0.165078 40.7944904157 -218.6008235731 49.27468
S062 13JUL10 2013.5222 56483 1748 3 141.4 -69 -0.504630 4517751 0.057749 49 0.273581 0.0000 0.000718 0.000989 0.003081 -0.134499 0.104882 -0.079708 40.7944904251 -218.6008235539 49.27358
S062 13JUL11 2013.5250 56484 1748 4 141.4 -69 -0.505518 4517751 0.057251 49 0.267254 0.0000 0.000726 0.001017 0.003189 -0.091870 0.079163 -0.143575 40.7944904206 -218.6008235644 49.26725
S062 13JUL12 2013.5277 56485 1748 5 141.4 -69 -0.506553 4517751 0.058365 49 0.267957 0.0000 0.000709 0.000974 0.003079 -0.146479 0.120387 -0.137711 40.7944904306 -218.6008235767 49.26796
S062 13JUL13 2013.5305 56486 1748 6 141.4 -69 -0.505993 4517751 0.057904 49 0.269241 0.0000 0.000751 0.001056 0.003415 -0.105265 0.082283 -0.169474 40.7944904265 -218.6008235701 49.26924
S062 13JUL14 2013.5332 56487 1749 0 141.4 -69 -0.504239 4517751 0.058189 49 0.273035 0.0000 0.000713 0.000981 0.003140 -0.133278 0.140106 -0.160731 40.7944904290 -218.6008235493 49.27303
S062 13JUL15 2013.5359 56488 1749 1 141.4 -69 -0.505741 4517751 0.056491 49 0.265617 0.0000 0.000696 0.000951 0.003014 -0.133752 0.114044 -0.116666 40.7944904137 -218.6008235671 49.26562
S062 13JUL16 2013.5387 56489 1749 2 141.4 -69 -0.505337 4517751 0.056705 49 0.266245 0.0000 0.000714 0.000972 0.003080 -0.123524 0.147269 -0.058876 40.7944904157 -218.6008235623 49.26624
S062 13JUL17 2013.5414 56490 1749 3 141.4 -69 -0.504740 4517751 0.055929 49 0.269442 0.0000 0.000739 0.001003 0.003215 -0.186502 0.116752 -0.192043 40.7944904087 -218.6008235552 49.26944
S062 13JUL18 2013.5441 56491 1749 4 141.4 -69 -0.504056 4517751 0.056509 49 0.269395 0.0000 0.000697 0.000974 0.003143 -0.167639 0.161069 -0.207975 40.7944904139 -218.6008235471 49.26940
S062 13JUL19 2013.5469 56492 1749 5 141.4 -69 -0.505306 4517751 0.057430 49 0.267701 0.0000 0.000710 0.000970 0.003108 -0.148481 0.133176 -0.103225 40.7944904222 -218.6008235619 49.26770
S062 13JUL20 2013.5496 56493 1749 6 141.4 -69 -0.504287 4517751 0.055811 49 0.277262 0.0000 0.000722 0.000989 0.003172 -0.145662 0.145569 -0.061260 40.7944904076 -218.6008235498 49.27726
S062 13JUL21 2013.5524 56494 1750 0 141.4 -69 -0.502255 4517751 0.056775 49 0.268732 0.0000 0.000840 0.001115 0.003680 -0.174715 0.127012 -0.040244 40.7944904163 -218.6008235258 49.26873
S062 13JUL22 2013.5551 56495 1750 1 141.4 -69 -0.504512 4517751 0.058296 49 0.272713 0.0000 0.000842 0.001162 0.003722 -0.174020 0.103039 -0.039225 40.7944904300 -218.6008235525 49.27271
S062 13JUL23 2013.5578 56496 1750 2 141.4 -69 -0.502720 4517751 0.057760 49 0.275848 0.0000 0.000811 0.001093 0.003535 -0.150725 0.084148 -0.095023 40.7944904252 -218.6008235313 49.27585
S062 13JUL24 2013.5606 56497 1750 3 141.4 -69 -0.506520 4517751 0.055789 49 0.271342 0.0000 0.000767 0.001020 0.003461 -0.165719 0.098593 -0.089155 40.7944904074 -218.6008235763 49.27134
S062 13JUL25 2013.5633 56498 1750 4 141.4 -69 -0.503876 4517751 0.057338 49 0.263175 0.0000 0.000893 0.001229 0.003994 -0.192559 0.156676 -0.123371 40.7944904214 -218.6008235450 49.26318
S062 13JUL26 2013.5661 56499 1750 5 141.4 -69 -0.505866 4517751 0.056452 49 0.271631 0.0000 0.000748 0.001037 0.003363 -0.150594 0.083147 -0.113849 40.7944904134 -218.6008235686 49.27163
S062 13JUL27 2013.5688 56500 1750 6 141.4 -69 -0.504081 4517751 0.057147 49 0.269852 0.0000 0.000746 0.001014 0.003299 -0.160439 0.218799 -0.125166 40.7944904197 -218.6008235474 49.26985
S062 13JUL28 2013.5715 56501 1751 0 141.4 -69 -0.503310 4517751 0.054662 49 0.273152 0.0000 0.000775 0.001086 0.003513 -0.154485 0.085351 -0.142887 40.7944903973 -218.6008235383 49.27315
S062 13JUL29 2013.5743 56502 1751 1 141.4 -69 -0.502197 4517751 0.054395 49 0.269574 0.0000 0.000727 0.000975 0.003139 -0.144393 0.146487 -0.150077 40.7944903949 -218.6008235251 49.26957
S062 13JUL30 2013.5770 56503 1751 2 141.4 -69 -0.501714 4517751 0.056474 49 0.267138 0.0000 0.000720 0.001004 0.003157 -0.164570 0.099260 -0.099369 40.7944904136 -218.6008235194 49.26714
S062 13JUL31 2013.5797 56504 1751 3 141.4 -69 -0.503009 4517751 0.057501 49 0.273068 0.0000 0.000752 0.001031 0.003350 -0.132353 0.166793 -0.098365 40.7944904228 -218.6008235347 49.27307
S062 13AUG01 2013.5825 56505 1751 4 141.4 -69 -0.502342 4517751 0.055749 49 0.267176 0.0000 0.000709 0.000975 0.003076 -0.141386 0.132898 -0.100856 40.7944904071 -218.6008235268 49.26718
S062 13AUG02 2013.5852 56506 1751 5 141.4 -69 -0.503257 4517751 0.057278 49 0.270001 0.0000 0.000723 0.001006 0.003204 -0.129463 0.063935 -0.149348 40.7944904208 -218.6008235376 49.27000
S062 13AUG03 2013.5880 56507 1751 6 141.4 -69 -0.504450 4517751 0.054464 49 0.269542 0.0000 0.000739 0.001000 0.003315 -0.145821 0.116941 -0.167607 40.7944903955 -218.6008235518 49.26954
S062 13AUG04 2013.5907 56508 1752 0 141.4 -69 -0.501462 4517751 0.055322 49 0.268099 0.0000 0.000728 0.000988 0.003163 -0.125311 0.137249 -0.134993 40.7944904032 -218.6008235164 49.26810
S062 13AUG05 2013.5934 56509 1752 1 141.4 -69 -0.503607 4517751 0.054989 49 0.269691 0.0000 0.000721 0.000969 0.003108 -0.150694 0.149621 -0.163769 40.7944904002 -218.6008235418 49.26969
S062 13AUG06 2013.5962 56510 1752 2 141.4 -69 -0.503440 4517751 0.056595 49 0.270041 0.0000 0.000724 0.000961 0.003087 -0.124179 0.190812 -0.094075 40.7944904147 -218.6008235398 49.27004
S062 13AUG07 2013.5989 56511 1752 3 141.4 -69 -0.502231 4517751 0.054191 49 0.265201 0.0000 0.000735 0.001022 0.003313 -0.109465 0.164282 -0.125495 40.7944903930 -218.6008235255 49.26520
S062 13AUG08 2013.6016 56512 1752 4 141.4 -69 -0.503638 4517751 0.055503 49 0.275699 0.0000 0.000750 0.001016 0.003289 -0.133103 0.121723 -0.077055 40.7944904049 -218.6008235421 49.27570
S062 13AUG09 2013.6044 56513 1752 5 141.4 -69 -0.501752 4517751 0.053925 49 0.279979 0.0000 0.000750 0.001038 0.003276 -0.160805 0.162096 -0.109777 40.7944903906 -218.6008235198 49.27998
S062 13AUG10 2013.6071 56514 1752 6 141.4 -69 -0.503412 4517751 0.055894 49 0.270570 0.0000 0.000706 0.000968 0.003030 -0.149924 0.138732 -0.177235 40.7944904084 -218.6008235395 49.27057
S062 13AUG11 2013.6099 56515 1753 0 141.4 -69 -0.500799 4517751 0.057270 49 0.268381 0.0000 0.000723 0.000988 0.003149 -0.141161 0.172198 -0.118567 40.7944904208 -218.6008235085 49.26838
S062 13AUG12 2013.6126 56516 1753 1 141.4 -69 -0.499961 4517751 0.054147 49 0.274451 0.0000 0.000708 0.000973 0.003107 -0.135883 0.138035 -0.097633 40.7944903926 -218.6008234986 49.27445
S062 13AUG13 2013.6153 56517 1753 2 141.4 -69 -0.500556 4517751 0.053238 49 0.270471 0.0000 0.000741 0.000987 0.003140 -0.112614 0.152164 -0.132091 40.7944903845 -218.6008235056 49.27047
S062 13AUG14 2013.6181 56518 1753 3 141.4 -69 -0.501047 4517751 0.052213 49 0.270464 0.0000 0.000716 0.000962 0.003100 -0.137359 0.166346 -0.144109 40.7944903752 -218.6008235115 49.27046
S062 13AUG15 2013.6208 56519 1753 4 141.4 -69 -0.501078 4517751 0.053465 49 0.273874 0.0000 0.000701 0.000988 0.003026 -0.119323 0.142545 -0.151111 40.7944903865 -218.6008235118 49.27387
S062 13AUG16 2013.6235 56520 1753 5 141.4 -69 -0.502531 4517751 0.055187 49 0.266678 0.0000 0.000715 0.000987 0.003134 -0.148912 0.122466 -0.127618 40.7944904020 -218.6008235290 49.26668
S062 13AUG17 2013.6263 56521 1753 6 141.4 -69 -0.501279 4517751 0.056929 49 0.264842 0.0000 0.000727 0.001008 0.003159 -0.115424 0.107996 -0.143553 40.7944904177 -218.6008235142 49.26484
S062 13AUG18 2013.6290 56522 1754 0 141.4 -69 -0.500387 4517751 0.053951 49 0.280667 0.0000 0.000737 0.001003 0.003243 -0.126186 0.160019 -0.135823 40.7944903909 -218.6008235036 49.28067
S062 13AUG19 2013.6318 56523 1754 1 141.4 -69 -0.501259 4517751 0.047406 49 0.281829 0.0000 0.000743 0.001047 0.003411 -0.131688 0.157677 -0.224508 40.7944903319 -218.6008235140 49.28183
S062 13AUG20 2013.6345 56524 1754 2 141.4 -69 -0.499910 4517751 0.054757 49 0.268046 0.0000 0.000785 0.001042 0.003350 -0.103772 0.128787 -0.096829 40.7944903981 -218.6008234980 49.26805
S062 13AUG21 2013.6372 56525 1754 3 141.4 -69 -0.501385 4517751 0.056012 49 0.275546 0.0000 0.000696 0.000960 0.002987 -0.135428 0.132274 -0.146997 40.7944904094 -218.6008235155 49.27555
S062 13AUG22 2013.6400 56526 1754 4 141.4 -69 -0.498924 4517751 0.052865 49 0.273413 0.0000 0.000747 0.001006 0.003234 -0.185826 0.162202 -0.097964 40.7944903811 -218.6008234863 49.27341
S062 13AUG23 2013.6427 56527 1754 5 141.4 -69 -0.498846 4517751 0.052674 49 0.269746 0.0000 0.000707 0.001005 0.003096 -0.153806 0.134125 -0.129489 40.7944903794 -218.6008234854 49.26975
S062 13AUG24 2013.6454 56528 1754 6 141.4 -69 -0.500386 4517751 0.057719 49 0.286669 0.0000 0.000733 0.000991 0.003243 -0.152789 0.145859 -0.084062 40.7944904248 -218.6008235036 49.28667
S062 13AUG25 2013.6482 56529 1755 0 141.4 -69 -0.500828 4517751 0.052055 49 0.264676 0.0000 0.000697 0.000971 0.003012 -0.138054 0.120849 -0.150649 40.7944903738 -218.6008235089 49.26468
S062 13AUG26 2013.6509 56530 1755 1 141.4 -69 -0.499850 4517751 0.052228 49 0.270665 0.0000 0.000695 0.000957 0.002970 -0.139894 0.112615 -0.120649 40.7944903754 -218.6008234973 49.27066
S062 13AUG27 2013.6537 56531 1755 2 141.4 -69 -0.497762 4517751 0.053331 49 0.274532 0.0000 0.000715 0.000988 0.003143 -0.132275 0.122935 -0.143098 40.7944903853 -218.6008234725 49.27453
S062 13AUG28 2013.6564 56532 1755 3 141.4 -69 -0.497064 4517751 0.051940 49 0.269713 0.0000 0.000705 0.000967 0.003052 -0.143808 0.115264 -0.149504 40.7944903728 -218.6008234643 49.26971
S062 13AUG29 2013.6591 56533 1755 4 141.4 -69 -0.500275 4517751 0.052768 49 0.277080 0.0000 0.000708 0.001015 0.003096 -0.169690 0.122290 -0.190707 40.7944903802 -218.6008235023 49.27708
S062 13AUG30 2013.6619 56534 1755 5 141.4 -69 -0.504855 4517751 0.053268 49 0.274134 0.0000 0.000725 0.000985 0.003218 -0.148786 0.137106 -0.185114 40.7944903847 -218.6008235566 49.27413
S062 13AUG31 2013.6646 56535 1755 6 141.4 -69 -0.500046 4517751 0.052172 49 0.274704 0.0000 0.000711 0.000976 0.003107 -0.161265 0.096206 -0.178194 40.7944903749 -218.6008234996 49.27470
S062 13SEP01 2013.6674 56536 1756 0 141.4 -69 -0.499205 4517751 0.052792 49 0.267289 0.0000 0.000733 0.000988 0.003203 -0.137225 0.149868 -0.147474 40.7944903804 -218.6008234896 49.26729
S062 13SEP02 2013.6701 56537 1756 1 141.4 -69 -0.499573 4517751 0.052331 49 0.272754 0.0000 0.000694 0.000966 0.003008 -0.132633 0.114998 -0.161405 40.7944903763 -218.6008234940 49.27275
S062 13SEP03 2013.6728 56538 1756 2 141.4 -69 -0.499805 4517751 0.051871 49 0.276478 0.0000 0.000729 0.001008 0.003144 -0.163147 0.134859 -0.160520 40.7944903721 -218.6008234967 49.27648
S062 13SEP04 2013.6756 56539 1756 3 141.4 -69 -0.497642 4517751 0.049952 49 0.280394 0.0000 0.000733 0.001004 0.003180 -0.174243 0.138805 -0.171729 40.7944903549 -218.6008234711 49.28039
S062 13SEP05 2013.6783 56540 1756 4 141.4 -69 -0.498014 4517751 0.051431 49 0.279194 0.0000 0.000713 0.000966 0.003111 -0.156344 0.110856 -0.190526 40.7944903682 -218.6008234755 49.27919
S062 13SEP06 2013.6810 56541 1756 5 141.4 -69 -0.498637 4517751 0.051251 49 0.270799 0.0000 0.000697 0.000961 0.003000 -0.152285 0.105824 -0.162051 40.7944903666 -218.6008234829 49.27080
S062 13SEP07 2013.6838 56542 1756 6 141.4 -69 -0.497864 4517751 0.051808 49 0.272570 0.0000 0.000703 0.000953 0.003032 -0.144752 0.131754 -0.157193 40.7944903716 -218.6008234737 49.27257
S062 13SEP08 2013.6865 56543 1757 0 141.4 -69 -0.498283 4517751 0.052085 49 0.267326 0.0000 0.000711 0.000972 0.003117 -0.127217 0.136136 -0.175536 40.7944903741 -218.6008234787 49.26733
S062 13SEP09 2013.6893 56544 1757 1 141.4 -69 -0.497693 4517751 0.051980 49 0.268270 0.0000 0.000701 0.000944 0.002977 -0.136701 0.145255 -0.131818 40.7944903731 -218.6008234717 49.26827
S062 13SEP10 2013.6920 56545 1757 2 141.4 -69 -0.496642 4517751 0.050608 49 0.269669 0.0000 0.000685 0.000937 0.002917 -0.135739 0.139787 -0.133004 40.7944903608 -218.6008234593 49.26967
S062 13SEP11 2013.6947 56546 1757 3 141.4 -69 -0.498371 4517751 0.049709 49 0.270452 0.0000 0.000700 0.000961 0.003047 -0.146225 0.144173 -0.185815 40.7944903527 -218.6008234798 49.27045
S062 13SEP12 2013.6975 56547 1757 4 141.4 -69 -0.497841 4517751 0.050369 49 0.272028 0.0000 0.000700 0.000965 0.003048 -0.134531 0.117896 -0.171181 40.7944903586 -218.6008234735 49.27203
S062 13SEP13 2013.7002 56548 1757 5 141.4 -69 -0.496793 4517751 0.049480 49 0.271613 0.0000 0.000705 0.000961 0.003058 -0.140689 0.155664 -0.169651 40.7944903506 -218.6008234610 49.27161
S062 13SEP14 2013.7029 56549 1757 6 141.4 -69 -0.497736 4517751 0.052392 49 0.264887 0.0000 0.000696 0.000954 0.002984 -0.134763 0.121802 -0.155957 40.7944903768 -218.6008234722 49.26489
S062 13SEP15 2013.7057 56550 1758 0 141.4 -69 -0.497478 4517751 0.049029 49 0.274646 0.0000 0.000695 0.000960 0.003074 -0.151470 0.124260 -0.211856 40.7944903465 -218.6008234692 49.27465
S062 13SEP16 2013.7084 56551 1758 1 141.4 -69 -0.497054 4517751 0.052374 49 0.276514 0.0000 0.000719 0.000977 0.003136 -0.147846 0.128914 -0.135371 40.7944903767 -218.6008234641 49.27651
S062 13SEP17 2013.7112 56552 1758 2 141.4 -69 -0.499759 4517751 0.051462 49 0.271436 0.0000 0.000705 0.000963 0.003037 -0.130436 0.118272 -0.133490 40.7944903685 -218.6008234962 49.27144
S062 13SEP18 2013.7139 56553 1758 3 141.4 -69 -0.496556 4517751 0.051482 49 0.261669 0.0000 0.000696 0.000952 0.002983 -0.167164 0.154705 -0.171195 40.7944903686 -218.6008234582 49.26167
S062 13SEP19 2013.7166 56554 1758 4 141.4 -69 -0.496021 4517751 0.049600 49 0.265495 0.0000 0.000707 0.000969 0.003057 -0.150120 0.134816 -0.136324 40.7944903517 -218.6008234519 49.26549
S062 13SEP20 2013.7194 56555 1758 5 141.4 -69 -0.496629 4517751 0.047317 49 0.272009 0.0000 0.000700 0.000975 0.003066 -0.121727 0.119916 -0.157480 40.7944903311 -218.6008234591 49.27201
S062 13SEP21 2013.7221 56556 1758 6 141.4 -69 -0.496719 4517751 0.051092 49 0.270632 0.0000 0.000750 0.001011 0.003327 -0.136785 0.188307 -0.192042 40.7944903651 -218.6008234602 49.27063
S062 13SEP22 2013.7248 56557 1759 0 141.4 -69 -0.496252 4517751 0.049445 49 0.268030 0.0000 0.000691 0.000950 0.003024 -0.148383 0.164404 -0.185538 40.7944903503 -218.6008234546 49.26803
S062 13SEP23 2013.7276 56558 1759 1 141.4 -69 -0.496422 4517751 0.048507 49 0.268993 0.0000 0.000687 0.000950 0.002962 -0.128957 0.134278 -0.163396 40.7944903418 -218.6008234567 49.26899
S062 13SEP24 2013.7303 56559 1759 2 141.4 -69 -0.493323 4517751 0.048148 49 0.271160 0.0000 0.000715 0.000952 0.003094 -0.146291 0.168991 -0.153570 40.7944903386 -218.6008234199 49.27116
S062 13SEP25 2013.7331 56560 1759 3 141.4 -69 -0.494512 4517751 0.048633 49 0.277157 0.0000 0.000700 0.000963 0.003049 -0.152806 0.137647 -0.159995 40.7944903430 -218.6008234340 49.27716
S062 13SEP26 2013.7358 56561 1759 4 141.4 -69 -0.495647 4517751 0.047425 49 0.269825 0.0000 0.000691 0.000947 0.002966 -0.133376 0.136077 -0.194330 40.7944903321 -218.6008234475 49.26982
S062 13SEP27 2013.7385 56562 1759 5 141.4 -69 -0.496597 4517751 0.047351 49 0.265628 0.0000 0.000683 0.000931 0.002920 -0.126537 0.127340 -0.176154 40.7944903314 -218.6008234587 49.26563
S062 13SEP28 2013.7413 56563 1759 6 141.4 -69 -0.495227 4517751 0.048679 49 0.261020 0.0000 0.000681 0.000929 0.002916 -0.127706 0.149776 -0.166160 40.7944903434 -218.6008234425 49.26102
S062 13SEP29 2013.7440 56564 1760 0 141.4 -69 -0.494572 4517751 0.046796 49 0.267411 0.0000 0.000699 0.000948 0.002990 -0.107356 0.147610 -0.152622 40.7944903264 -218.6008234347 49.26741
S062 13SEP30 2013.7467 56565 1760 1 141.4 -69 -0.497057 4517751 0.047071 49 0.264314 0.0000 0.000695 0.000960 0.003038 -0.133715 0.160241 -0.155722 40.7944903289 -218.6008234642 49.26431
S062 13OCT01 2013.7495 56566 1760 2 141.4 -69 -0.495034 4517751 0.047438 49 0.271240 0.0000 0.000702 0.000969 0.003041 -0.128252 0.151433 -0.185122 40.7944903322 -218.6008234402 49.27124
S062 13OCT02 2013.7522 56567 1760 3 141.4 -69 -0.494432 4517751 0.046497 49 0.267982 0.0000 0.000719 0.000953 0.003115 -0.146271 0.163034 -0.172852 40.7944903238 -218.6008234331 49.26798
S062 13OCT03 2013.7550 56568 1760 4 141.4 -69 -0.495959 4517751 0.048351 49 0.269688 0.0000 0.000701 0.000957 0.003062 -0.142406 0.131263 -0.168424 40.7944903404 -218.6008234512 49.26969
S062 13OCT04 2013.7577 56569 1760 5 141.4 -69 -0.494152 4517751 0.046418 49 0.261185 0.0000 0.000691 0.000941 0.002969 -0.119614 0.138376 -0.164411 40.7944903230 -218.6008234298 49.26118
S062 13OCT05 2013.7604 56570 1760 6 141.4 -69 -0.495293 4517751 0.046064 49 0.261622 0.0000 0.000685 0.000939 0.002955 -0.141046 0.160601 -0.149455 40.7944903199 -218.6008234433 49.26162
S062 13OCT06 2013.7632 56571 1761 0 141.4 -69 -0.495858 4517751 0.046536 49 0.265470 0.0000 0.000702 0.000960 0.003053 -0.119762 0.160037 -0.168906 40.7944903241 -218.6008234500 49.26547
S062 13OCT07 2013.7659 56572 1761 1 141.4 -69 -0.494379 4517751 0.044864 49 0.265329 0.0000 0.000704 0.000980 0.003117 -0.120231 0.143838 -0.206969 40.7944903090 -218.6008234324 49.26533
S062 13OCT08 2013.7687 56573 1761 2 141.4 -69 -0.494101 4517751 0.045217 49 0.268871 0.0000 0.000699 0.000979 0.003058 -0.123361 0.132041 -0.185886 40.7944903122 -218.6008234291 49.26887
S062 13OCT09 2013.7714 56574 1761 3 141.4 -69 -0.494685 4517751 0.046123 49 0.265930 0.0000 0.000699 0.000945 0.003003 -0.161835 0.168645 -0.154698 40.7944903204 -218.6008234361 49.26593
S062 13OCT10 2013.7741 56575 1761 4 141.4 -69 -0.494326 4517751 0.045413 49 0.268108 0.0000 0.000693 0.000958 0.003028 -0.122752 0.155966 -0.196241 40.7944903140 -218.6008234318 49.26811
S062 13OCT11 2013.7769 56576 1761 5 141.4 -69 -0.494198 4517751 0.043640 49 0.279412 0.0000 0.000734 0.001026 0.003288 -0.108440 0.155456 -0.151941 40.7944902980 -218.6008234303 49.27941
S062 13OCT12 2013.7796 56577 1761 6 141.4 -69 -0.493783 4517751 0.045929 49 0.263731 0.0000 0.000715 0.000985 0.003096 -0.108720 0.155676 -0.164760 40.7944903186 -218.6008234254 49.26373
S062 13OCT13 2013.7823 56578 1762 0 141.4 -69 -0.491218 4517751 0.043962 49 0.258789 0.0000 0.000717 0.000986 0.003085 -0.136601 0.163267 -0.149104 40.7944903009 -218.6008233950 49.25879
S062 13OCT14 2013.7851 56579 1762 1 141.4 -69 -0.493330 4517751 0.045725 49 0.261393 0.0000 0.000706 0.000960 0.003052 -0.127315 0.170624 -0.171456 40.7944903168 -218.6008234200 49.26139
S062 13OCT15 2013.7878 56580 1762 2 141.4 -69 -0.493054 4517751 0.046037 49 0.269833 0.0000 0.000730 0.000973 0.003191 -0.143666 0.197414 -0.132193 40.7944903196 -218.6008234167 49.26983
S062 13OCT16 2013.7906 56581 1762 3 141.4 -69 -0.493036 4517751 0.045753 49 0.265621 0.0000 0.000729 0.000972 0.003202 -0.137284 0.232506 -0.143841 40.7944903171 -218.6008234165 49.26562
S062 13OCT17 2013.7933 56582 1762 4 141.4 -69 -0.492727 4517751 0.044364 49 0.257256 0.0000 0.000702 0.000953 0.002991 -0.122642 0.141777 -0.134900 40.7944903045 -218.6008234129 49.25726
S062 13OCT18 2013.7960 56583 1762 5 141.4 -69 -0.493868 4517751 0.045294 49 0.260231 0.0000 0.000699 0.000966 0.003008 -0.115282 0.139280 -0.165518 40.7944903129 -218.6008234264 49.26023
S062 13OCT19 2013.7988 56584 1762 6 141.4 -69 -0.493818 4517751 0.045607 49 0.256477 0.0000 0.000702 0.000986 0.003051 -0.131744 0.140627 -0.164433 40.7944903157 -218.6008234258 49.25648
S062 13OCT20 2013.8015 56585 1763 0 141.4 -69 -0.491830 4517751 0.044553 49 0.267049 0.0000 0.000703 0.000959 0.003016 -0.111893 0.148298 -0.148076 40.7944903062 -218.6008234022 49.26705
S062 13OCT21 2013.8042 56586 1763 1 141.4 -69 -0.493594 4517751 0.045395 49 0.263960 0.0000 0.000704 0.000960 0.003049 -0.096473 0.146045 -0.114823 40.7944903138 -218.6008234231 49.26396
S062 13OCT22 2013.8070 56587 1763 2 141.4 -69 -0.493843 4517751 0.044041 49 0.261244 0.0000 0.000689 0.000957 0.002985 -0.140328 0.146679 -0.205941 40.7944903016 -218.6008234261 49.26124
S062 13OCT23 2013.8097 56588 1763 3 141.4 -69 -0.493208 4517751 0.044306 49 0.264302 0.0000 0.000688 0.000966 0.002974 -0.119751 0.158990 -0.157373 40.7944903040 -218.6008234186 49.26430
S062 13OCT24 2013.8125 56589 1763 4 141.4 -69 -0.492442 4517751 0.043621 49 0.267080 0.0000 0.000692 0.000952 0.003005 -0.121896 0.144392 -0.159113 40.7944902979 -218.6008234095 49.26708
S062 13OCT25 2013.8152 56590 1763 5 141.4 -69 -0.494702 4517751 0.044671 49 0.267020 0.0000 0.000691 0.000957 0.003037 -0.129335 0.132537 -0.191855 40.7944903073 -218.6008234363 49.26702
S062 13OCT26 2013.8179 56591 1763 6 141.4 -69 -0.491625 4517751 0.042487 49 0.267029 0.0000 0.000705 0.000979 0.003081 -0.150462 0.180906 -0.173328 40.7944902876 -218.6008233998 49.26703
S062 13OCT27 2013.8207 56592 1764 0 141.4 -69 -0.491122 4517751 0.042778 49 0.264916 0.0000 0.000697 0.000958 0.003056 -0.124539 0.146064 -0.130492 40.7944902903 -218.6008233939 49.26492
S062 13OCT28 2013.8234 56593 1764 1 141.4 -69 -0.494105 4517751 0.043073 49 0.257884 0.0000 0.000688 0.000958 0.002972 -0.129115 0.129295 -0.153097 40.7944902929 -218.6008234292 49.25788
S062 13OCT29 2013.8261 56594 1764 2 141.4 -69 -0.492799 4517751 0.042930 49 0.267050 0.0000 0.000705 0.000990 0.003117 -0.107856 0.114801 -0.162155 40.7944902916 -218.6008234137 49.26705
S062 13OCT30 2013.8289 56595 1764 3 141.4 -69 -0.491674 4517751 0.041173 49 0.261432 0.0000 0.000716 0.000998 0.003139 -0.149987 0.111426 -0.165044 40.7944902758 -218.6008234004 49.26143
S062 13OCT31 2013.8316 56596 1764 4 141.4 -69 -0.492595 4517751 0.042019 49 0.259949 0.0000 0.000719 0.000978 0.003183 -0.140987 0.197209 -0.182516 40.7944902834 -218.6008234113 49.25995
S062 13NOV01 2013.8344 56597 1764 5 141.4 -69 -0.491649 4517751 0.039879 49 0.265561 0.0000 0.000723 0.001007 0.003174 -0.163733 0.162146 -0.191484 40.7944902642 -218.6008234001 49.26556
S062 13NOV02 2013.8371 56598 1764 6 141.4 -69 -0.491656 4517751 0.040608 49 0.261845 0.0000 0.000705 0.000998 0.003197 -0.164249 0.176947 -0.216416 40.7944902707 -218.6008234002 49.26184
S062 13NOV03 2013.8398 56599 1765 0 141.4 -69 -0.490748 4517751 0.041964 49 0.259853 0.0000 0.000713 0.001019 0.003246 -0.156098 0.155519 -0.185723 40.7944902829 -218.6008233894 49.25985
S062 13NOV04 2013.8426 56600 1765 1 141.4 -69 -0.491330 4517751 0.041208 49 0.261105 0.0000 0.000711 0.001011 0.003164 -0.157692 0.152322 -0.157997 40.7944902761 -218.6008233963 49.26111
S062 13NOV05 2013.8453 56601 1765 2 141.4 -69 -0.491611 4517751 0.042227 49 0.263412 0.0000 0.000722 0.001018 0.003345 -0.150323 0.172436 -0.183544 40.7944902853 -218.6008233996 49.26341
S062 13NOV06 2013.8480 56602 1765 3 141.4 -69 -0.490208 4517751 0.042840 49 0.262323 0.0000 0.000736 0.001004 0.003205 -0.147960 0.144242 -0.129981 40.7944902908 -218.6008233830 49.26232
S062 13NOV07 2013.8508 56603 1765 4 141.4 -69 -0.489029 4517751 0.038039 49 0.271803 0.0000 0.000728 0.001004 0.003264 -0.151905 0.174181 -0.186665 40.7944902476 -218.6008233690 49.27180
S062 13NOV08 2013.8535 56604 1765 5 141.4 -69 -0.489215 4517751 0.041772 49 0.257173 0.0000 0.000707 0.000965 0.003075 -0.148764 0.123262 -0.132234 40.7944902812 -218.6008233713 49.25717
S062 13NOV09 2013.8563 56605 1765 6 141.4 -69 -0.490106 4517751 0.041491 49 0.268269 0.0000 0.000716 0.001003 0.003226 -0.108212 0.145391 -0.166525 40.7944902787 -218.6008233818 49.26827
S062 13NOV10 2013.8590 56606 1766 0 141.4 -69 -0.488816 4517751 0.040123 49 0.266921 0.0000 0.000734 0.001023 0.003281 -0.153552 0.141138 -0.172378 40.7944902663 -218.6008233665 49.26692
S062 13NOV11 2013.8617 56607 1766 1 141.4 -69 -0.489799 4517751 0.042173 49 0.272331 0.0000 0.000722 0.000989 0.003225 -0.141070 0.155358 -0.153377 40.7944902848 -218.6008233782 49.27233
S062 13NOV12 2013.8645 56608 1766 2 141.4 -69 -0.489240 4517751 0.038921 49 0.267038 0.0000 0.000710 0.000970 0.003131 -0.120085 0.135427 -0.154122 40.7944902555 -218.6008233715 49.26704
S062 13NOV13 2013.8672 56609 1766 3 141.4 -69 -0.491141 4517751 0.039351 49 0.267052 0.0000 0.000691 0.000951 0.003015 -0.136831 0.130219 -0.155877 40.7944902594 -218.6008233941 49.26705
S062 13NOV14 2013.8700 56610 1766 4 141.4 -69 -0.491658 4517751 0.039969 49 0.264627 0.0000 0.000700 0.000966 0.003104 -0.122415 0.128434 -0.158726 40.7944902650 -218.6008234002 49.26463
S062 13NOV15 2013.8727 56611 1766 5 141.4 -69 -0.491564 4517751 0.040026 49 0.262330 0.0000 0.000699 0.000973 0.003102 -0.126122 0.125870 -0.148907 40.7944902655 -218.6008233991 49.26233
S062 13NOV16 2013.8754 56612 1766 6 141.4 -69 -0.490246 4517751 0.041227 49 0.258957 0.0000 0.000706 0.000981 0.003177 -0.140864 0.164355 -0.172660 40.7944902763 -218.6008233835 49.25896
S062 13NOV17 2013.8782 56613 1767 0 141.4 -69 -0.490427 4517751 0.039352 49 0.262628 0.0000 0.000709 0.000969 0.003170 -0.154527 0.172472 -0.118149 40.7944902594 -218.6008233856 49.26263
S062 13NOV18 2013.8809 56614 1767 1 141.4 -69 -0.490185 4517751 0.038146 49 0.267135 0.0000 0.000695 0.000962 0.003008 -0.123738 0.147312 -0.100135 40.7944902486 -218.6008233827 49.26713
S062 13NOV19 2013.8836 56615 1767 2 141.4 -69 -0.491020 4517751 0.038555 49 0.265102 0.0000 0.000711 0.000993 0.003149 -0.121304 0.159009 -0.142548 40.7944902522 -218.6008233926 49.26510
S062 13NOV20 2013.8864 56616 1767 3 141.4 -69 -0.489553 4517751 0.038038 49 0.265600 0.0000 0.000705 0.000989 0.003180 -0.144888 0.185406 -0.151446 40.7944902476 -218.6008233753 49.26560
S062 13NOV21 2013.8891 56617 1767 4 141.4 -69 -0.489150 4517751 0.038171 49 0.263849 0.0000 0.000710 0.000985 0.003145 -0.130025 0.156236 -0.150159 40.7944902488 -218.6008233705 49.26385
S062 13NOV22 2013.8919 56618 1767 5 141.4 -69 -0.489692 4517751 0.036746 49 0.267574 0.0000 0.000699 0.000975 0.003113 -0.131597 0.131532 -0.106861 40.7944902359 -218.6008233769 49.26757
S062 13NOV23 2013.8946 56619 1767 6 141.4 -69 -0.489561 4517751 0.037066 49 0.263540 0.0000 0.000713 0.000994 0.003178 -0.165957 0.185709 -0.152623 40.7944902388 -218.6008233753 49.26354
S062 13NOV24 2013.8973 56620 1768 0 141.4 -69 -0.488351 4517751 0.037774 49 0.263680 0.0000 0.000695 0.000980 0.003056 -0.121452 0.144265 -0.128626 40.7944902452 -218.6008233610 49.26368
S062 13NOV25 2013.9001 56621 1768 1 141.4 -69 -0.489237 4517751 0.037690 49 0.266433 0.0000 0.000717 0.001017 0.003200 -0.117534 0.100244 -0.087312 40.7944902444 -218.6008233715 49.26643
S062 13NOV26 2013.9028 56622 1768 2 141.4 -69 -0.489205 4517751 0.037298 49 0.270988 0.0000 0.000715 0.000996 0.003142 -0.125561 0.135168 -0.116229 40.7944902409 -218.6008233711 49.27099
S062 13NOV27 2013.9055 56623 1768 3 141.4 -69 -0.487863 4517751 0.037050 49 0.270100 0.0000 0.000715 0.000991 0.003175 -0.158099 0.204529 -0.160243 40.7944902387 -218.6008233552 49.27010
S062 13NOV28 2013.9083 56624 1768 4 141.4 -69 -0.489082 4517751 0.036486 49 0.266422 0.0000 0.000709 0.000964 0.003118 -0.146851 0.182683 -0.137317 40.7944902336 -218.6008233697 49.26642
S062 13NOV29 2013.9110 56625 1768 5 141.4 -69 -0.489090 4517751 0.035044 49 0.266799 0.0000 0.000705 0.000964 0.003096 -0.099392 0.142196 -0.130515 40.7944902206 -218.6008233698 49.26680
S062 13NOV30 2013.9138 56626 1768 6 141.4 -69 -0.488041 4517751 0.035484 49 0.265863 0.0000 0.000706 0.000972 0.003056 -0.139721 0.160119 -0.144727 40.7944902246 -218.6008233573 49.26586
S062 13DEC01 2013.9165 56627 1769 0 141.4 -69 -0.490358 4517751 0.036006 49 0.267520 0.0000 0.000700 0.000974 0.003062 -0.104005 0.173838 -0.109558 40.7944902293 -218.6008233848 49.26752
S062 13DEC02 2013.9192 56628 1769 1 141.4 -69 -0.490099 4517751 0.035020 49 0.265161 0.0000 0.000720 0.001001 0.003135 -0.087940 0.144253 -0.169353 40.7944902204 -218.6008233817 49.26516
S062 13DEC03 2013.9220 56629 1769 2 141.4 -69 -0.490525 4517751 0.036712 49 0.268680 0.0000 0.000716 0.000995 0.003104 -0.103507 0.164282 -0.105671 40.7944902356 -218.6008233868 49.26868
S062 13DEC04 2013.9247 56630 1769 3 141.4 -69 -0.491029 4517751 0.037637 49 0.267123 0.0000 0.000711 0.000957 0.003034 -0.130619 0.138224 -0.111304 40.7944902440 -218.6008233927 49.26712
S062 13DEC05 2013.9274 56631 1769 4 141.4 -69 -0.488982 4517751 0.035316 49 0.266533 0.0000 0.000709 0.001001 0.003111 -0.109890 0.151505 -0.115905 40.7944902231 -218.6008233685 49.26653
S062 13DEC06 2013.9302 56632 1769 5 141.4 -69 -0.489105 4517751 0.035332 49 0.267225 0.0000 0.000714 0.000958 0.003075 -0.141797 0.143586 -0.142592 40.7944902232 -218.6008233699 49.26723
S062 13DEC07 2013.9329 56633 1769 6 141.4 -69 -0.491570 4517751 0.038487 49 0.265018 0.0000 0.000696 0.000944 0.002938 -0.112571 0.124722 -0.093810 40.7944902516 -218.6008233992 49.26502
S062 13DEC08 2013.9357 56634 1770 0 141.4 -69 -0.490217 4517751 0.035020 49 0.268744 0.0000 0.000717 0.000974 0.003121 -0.141989 0.162552 -0.112418 40.7944902204 -218.6008233831 49.26874
S062 13DEC09 2013.9384 56635 1770 1 141.4 -69 -0.487710 4517751 0.036834 49 0.268493 0.0000 0.000700 0.000961 0.003020 -0.127344 0.138871 -0.105574 40.7944902367 -218.6008233534 49.26849
S062 13DEC10 2013.9411 56636 1770 2 141.4 -69 -0.488032 4517751 0.035809 49 0.271884 0.0000 0.000712 0.000977 0.003114 -0.107314 0.129616 -0.128599 40.7944902275 -218.6008233572 49.27188
S062 13DEC11 2013.9439 56637 1770 3 141.4 -69 -0.488628 4517751 0.035029 49 0.271509 0.0000 0.000698 0.000941 0.002969 -0.140015 0.151553 -0.132725 40.7944902205 -218.6008233643 49.27151
S062 13DEC12 2013.9466 56638 1770 4 141.4 -69 -0.489144 4517751 0.037159 49 0.270823 0.0000 0.000725 0.000983 0.003106 -0.069457 0.101134 -0.085399 40.7944902397 -218.6008233704 49.27082
S062 13DEC13 2013.9493 56639 1770 5 141.4 -69 -0.488249 4517751 0.035559 49 0.270870 0.0000 0.000718 0.000966 0.003107 -0.134104 0.184289 -0.127357 40.7944902253 -218.6008233598 49.27087
S062 13DEC14 2013.9521 56640 1770 6 141.4 -69 -0.489610 4517751 0.035611 49 0.267396 0.0000 0.000694 0.000933 0.002929 -0.122800 0.115755 -0.102326 40.7944902257 -218.6008233759 49.26740
S062 13DEC15 2013.9548 56641 1771 0 141.4 -69 -0.490698 4517751 0.034877 49 0.265327 0.0000 0.000734 0.000980 0.003209 -0.146513 0.185694 -0.168938 40.7944902191 -218.6008233888 49.26533
S062 13DEC16 2013.9576 56642 1771 1 141.4 -69 -0.489912 4517751 0.033157 49 0.271208 0.0000 0.000722 0.000971 0.003134 -0.102964 0.169515 -0.089906 40.7944902036 -218.6008233795 49.27121
S062 13DEC17 2013.9603 56643 1771 2 141.4 -69 -0.489394 4517751 0.033162 49 0.260359 0.0000 0.000737 0.000994 0.003202 -0.127926 0.165837 -0.172114 40.7944902037 -218.6008233734 49.26036
S062 13DEC18 2013.9630 56644 1771 3 141.4 -69 -0.490190 4517751 0.033308 49 0.268463 0.0000 0.000711 0.000966 0.003126 -0.144627 0.197366 -0.187062 40.7944902050 -218.6008233828 49.26846
S062 13DEC19 2013.9658 56645 1771 4 141.4 -69 -0.489280 4517751 0.033585 49 0.268471 0.0000 0.000706 0.000962 0.003089 -0.123599 0.183756 -0.158391 40.7944902075 -218.6008233720 49.26847
S062 13DEC20 2013.9685 56646 1771 5 141.4 -69 -0.490212 4517751 0.031787 49 0.267014 0.0000 0.000712 0.000984 0.003146 -0.108534 0.136308 -0.185272 40.7944901913 -218.6008233831 49.26701
S062 13DEC21 2013.9713 56647 1771 6 141.4 -69 -0.489020 4517751 0.032635 49 0.262258 0.0000 0.000702 0.000968 0.003072 -0.116800 0.158652 -0.118873 40.7944901989 -218.6008233689 49.26226
S062 13DEC22 2013.9740 56648 1772 0 141.4 -69 -0.490418 4517751 0.034260 49 0.265597 0.0000 0.000702 0.000960 0.003047 -0.106891 0.126212 -0.099052 40.7944902136 -218.6008233855 49.26560
S062 13DEC23 2013.9767 56649 1772 1 141.4 -69 -0.488909 4517751 0.032965 49 0.261521 0.0000 0.000716 0.000955 0.003077 -0.108237 0.176774 -0.144664 40.7944902019 -218.6008233676 49.26152
S062 13DEC24 2013.9795 56650 1772 2 141.4 -69 -0.489669 4517751 0.035531 49 0.263757 0.0000 0.000692 0.000945 0.002987 -0.108323 0.122429 -0.125854 40.7944902250 -218.6008233766 49.26376
S062 13DEC25 2013.9822 56651 1772 3 141.4 -69 -0.488918 4517751 0.034177 49 0.258611 0.0000 0.000712 0.000980 0.003109 -0.116064 0.141129 -0.159185 40.7944902128 -218.6008233677 49.25861
S062 13DEC26 2013.9849 56652 1772 4 141.4 -69 -0.487068 4517751 0.032972 49 0.265410 0.0000 0.000733 0.000992 0.003193 -0.111463 0.150445 -0.153250 40.7944902020 -218.6008233458 49.26541
S062 13DEC27 2013.9877 56653 1772 5 141.4 -69 -0.486465 4517751 0.033294 49 0.265837 0.0000 0.000721 0.001019 0.003185 -0.119180 0.131101 -0.115317 40.7944902049 -218.6008233387 49.26584
S062 13DEC28 2013.9904 56654 1772 6 141.4 -69 -0.489247 4517751 0.033105 49 0.266384 0.0000 0.000706 0.000957 0.003070 -0.109142 0.141727 -0.137316 40.7944902032 -218.6008233716 49.26638
S062 13DEC29 2013.9932 56655 1773 0 141.4 -69 -0.489606 4517751 0.032978 49 0.269716 0.0000 0.000712 0.000968 0.003080 -0.098013 0.119398 -0.162648 40.7944902020 -218.6008233759 49.26972
S062 13DEC30 2013.9959 56656 1773 1 141.4 -69 -0.485692 4517751 0.031654 49 0.261657 0.0000 0.000710 0.000980 0.003093 -0.133687 0.146366 -0.084505 40.7944901901 -218.6008233295 49.26166
S062 13DEC31 2013.9986 56657 1773 2 141.4 -69 -0.485596 4517751 0.031912 49 0.264117 0.0000 0.000728 0.000981 0.003234 -0.098180 0.178251 -0.155089 40.7944901924 -218.6008233284 49.26412
S062 14JAN01 2014.0014 56658 1773 3 141.4 -69 -0.486761 4517751 0.031415 49 0.272304 0.0000 0.000717 0.000986 0.003155 -0.138393 0.208950 -0.139257 40.7944901879 -218.6008233422 49.27230
S062 14JAN02 2014.0041 56659 1773 4 141.4 -69 -0.487866 4517751 0.034920 49 0.261628 0.0000 0.000713 0.000962 0.003059 -0.080584 0.161968 -0.111443 40.7944902195 -218.6008233553 49.26163
S062 14JAN03 2014.0068 56660 1773 5 141.4 -69 -0.487574 4517751 0.031551 49 0.267197 0.0000 0.000707 0.000978 0.003108 -0.125403 0.124694 -0.123440 40.7944901892 -218.6008233518 49.26720
S062 14JAN04 2014.0096 56661 1773 6 141.4 -69 -0.485557 4517751 0.033819 49 0.259611 0.0000 0.000703 0.000973 0.003050 -0.099233 0.119731 -0.058224 40.7944902096 -218.6008233279 49.25961
S062 14JAN05 2014.0123 56662 1774 0 141.4 -69 -0.488081 4517751 0.032513 49 0.266276 0.0000 0.000717 0.000969 0.003054 -0.071904 0.120016 -0.099192 40.7944901978 -218.6008233578 49.26628
S062 14JAN06 2014.0151 56663 1774 1 141.4 -69 -0.489903 4517751 0.034813 49 0.259056 0.0000 0.000704 0.000966 0.003010 -0.086006 0.129365 -0.110364 40.7944902185 -218.6008233794 49.25906
S062 14JAN07 2014.0178 56664 1774 2 141.4 -69 -0.486761 4517751 0.033831 49 0.258792 0.0000 0.000709 0.000979 0.003133 -0.086643 0.099160 -0.125787 40.7944902097 -218.6008233422 49.25879
S062 14JAN08 2014.0205 56665 1774 3 141.4 -69 -0.488920 4517751 0.031983 49 0.267658 0.0000 0.000703 0.000991 0.003090 -0.078850 0.147867 -0.074346 40.7944901931 -218.6008233678 49.26766
S062 14JAN09 2014.0233 56666 1774 4 141.4 -69 -0.488923 4517751 0.032877 49 0.261306 0.0000 0.000711 0.000972 0.003024 -0.055116 0.083799 -0.042782 40.7944902011 -218.6008233678 49.26131
S062 14JAN10 2014.0260 56667 1774 5 141.4 -69 -0.485073 4517751 0.032888 49 0.263416 0.0000 0.000715 0.000963 0.003018 -0.075528 0.111811 -0.080757 40.7944902012 -218.6008233222 49.26342
S062 14JAN11 2014.0287 56668 1774 6 141.4 -69 -0.484793 4517751 0.031469 49 0.264775 0.0000 0.000698 0.000954 0.003006 -0.094470 0.134691 -0.132505 40.7944901884 -218.6008233189 49.26478
S062 14JAN12 2014.0315 56669 1775 0 141.4 -69 -0.487147 4517751 0.032023 49 0.263727 0.0000 0.000700 0.000962 0.003030 -0.107684 0.131699 -0.157088 40.7944901934 -218.6008233468 49.26373
S062 14JAN13 2014.0342 56670 1775 1 141.4 -69 -0.483941 4517751 0.031943 49 0.255843 0.0000 0.000704 0.000933 0.003028 -0.109393 0.168869 -0.113223 40.7944901927 -218.6008233088 49.25584
S062 14JAN14 2014.0370 56671 1775 2 141.4 -69 -0.486620 4517751 0.030590 49 0.258182 0.0000 0.000690 0.000952 0.003029 -0.085321 0.124999 -0.118633 40.7944901805 -218.6008233405 49.25818
S062 14JAN15 2014.0397 56672 1775 3 141.4 -69 -0.488591 4517751 0.031621 49 0.257539 0.0000 0.000687 0.000937 0.002908 -0.107271 0.091943 -0.126531 40.7944901898 -218.6008233639 49.25754
S062 14JAN16 2014.0424 56673 1775 4 141.4 -69 -0.487959 4517751 0.031804 49 0.263279 0.0000 0.000703 0.000955 0.002990 -0.123354 0.146116 -0.133904 40.7944901914 -218.6008233564 49.26328
S062 14JAN17 2014.0452 56674 1775 5 141.4 -69 -0.488522 4517751 0.033144 49 0.261291 0.0000 0.000701 0.000940 0.002954 -0.110905 0.138745 -0.139749 40.7944902035 -218.6008233630 49.26129
S062 14JAN18 2014.0479 56675 1775 6 141.4 -69 -0.489941 4517751 0.032563 49 0.261284 0.0000 0.000681 0.000918 0.002877 -0.108211 0.132223 -0.115401 40.7944901983 -218.6008233799 49.26128
S062 14JAN19 2014.0507 56676 1776 0 141.4 -69 -0.490325 4517751 0.032248 49 0.259433 0.0000 0.000687 0.000918 0.002901 -0.111902 0.120509 -0.102731 40.7944901954 -218.6008233844 49.25943
S062 14JAN20 2014.0534 56677 1776 1 141.4 -69 -0.488091 4517751 0.030640 49 0.262036 0.0000 0.000683 0.000936 0.002864 -0.113080 0.089218 -0.126077 40.7944901810 -218.6008233579 49.26204
S062 14JAN21 2014.0561 56678 1776 2 141.4 -69 -0.486112 4517751 0.030619 49 0.257127 0.0000 0.000704 0.000948 0.002977 -0.125126 0.121346 -0.152327 40.7944901808 -218.6008233345 49.25713
S062 14JAN22 2014.0589 56679 1776 3 141.4 -69 -0.487079 4517751 0.028709 49 0.259228 0.0000 0.000703 0.000951 0.002979 -0.124435 0.095454 -0.106395 40.7944901636 -218.6008233459 49.25923
S062 14JAN23 2014.0616 56680 1776 4 141.4 -69 -0.487595 4517751 0.028698 49 0.261304 0.0000 0.000699 0.000953 0.003017 -0.084259 0.124849 -0.148809 40.7944901635 -218.6008233521 49.26130
S062 14JAN24 2014.0643 56681 1776 5 141.4 -69 -0.485116 4517751 0.028725 49 0.258875 0.0000 0.000719 0.000963 0.003072 -0.118680 0.127913 -0.126239 40.7944901637 -218.6008233227 49.25888
S062 14JAN25 2014.0671 56682 1776 6 141.4 -69 -0.484938 4517751 0.027956 49 0.260910 0.0000 0.000710 0.000997 0.003129 -0.106086 0.138243 -0.150088 40.7944901568 -218.6008233206 49.26091
S062 14JAN26 2014.0698 56683 1777 0 141.4 -69 -0.487193 4517751 0.028973 49 0.262062 0.0000 0.000699 0.000944 0.003005 -0.086115 0.115048 -0.174272 40.7944901659 -218.6008233473 49.26206
S062 14JAN27 2014.0726 56684 1777 1 141.4 -69 -0.487278 4517751 0.028780 49 0.263061 0.0000 0.000695 0.000937 0.002950 -0.118457 0.133545 -0.139917 40.7944901642 -218.6008233483 49.26306
S062 14JAN28 2014.0753 56685 1777 2 141.4 -69 -0.485405 4517751 0.028279 49 0.259720 0.0000 0.000692 0.000935 0.002951 -0.111779 0.104349 -0.134836 40.7944901597 -218.6008233261 49.25972
S062 14JAN29 2014.0780 56686 1777 3 141.4 -69 -0.486373 4517751 0.031148 49 0.258005 0.0000 0.000702 0.000943 0.003029 -0.106109 0.160942 -0.149385 40.7944901855 -218.6008233376 49.25801
S062 14JAN30 2014.0808 56687 1777 4 141.4 -69 -0.485602 4517751 0.027411 49 0.261700 0.0000 0.000721 0.000980 0.003149 -0.115319 0.153081 -0.163024 40.7944901519 -218.6008233284 49.26170
S062 14JAN31 2014.0835 56688 1777 5 141.4 -69 -0.486730 4517751 0.029766 49 0.261165 0.0000 0.000685 0.000930 0.002894 -0.092218 0.078238 -0.125035 40.7944901731 -218.6008233418 49.26117
S062 14FEB01 2014.0862 56689 1777 6 141.4 -69 -0.485035 4517751 0.029461 49 0.265736 0.0000 0.000701 0.000969 0.003029 -0.094959 0.117231 -0.116242 40.7944901703 -218.6008233217 49.26574
S062 14FEB02 2014.0890 56690 1778 0 141.4 -69 -0.485469 4517751 0.026958 49 0.270690 0.0000 0.000749 0.001035 0.003269 -0.077439 0.110916 -0.162849 40.7944901478 -218.6008233269 49.27069
S062 14FEB03 2014.0917 56691 1778 1 141.4 -69 -0.486782 4517751 0.028143 49 0.265406 0.0000 0.000728 0.001017 0.003189 -0.079028 0.121423 -0.153771 40.7944901585 -218.6008233424 49.26541
S062 14FEB04 2014.0945 56692 1778 2 141.4 -69 -0.485824 4517751 0.028724 49 0.259624 0.0000 0.000696 0.000974 0.003052 -0.054070 0.090765 -0.095727 40.7944901637 -218.6008233311 49.25962
S062 14FEB05 2014.0972 56693 1778 3 141.4 -69 -0.487272 4517751 0.030024 49 0.264196 0.0000 0.000697 0.000965 0.003007 -0.063886 0.090798 -0.126260 40.7944901754 -218.6008233482 49.26420
S062 14FEB06 2014.0999 56694 1778 4 141.4 -69 -0.486631 4517751 0.030136 49 0.255205 0.0000 0.000680 0.000929 0.002898 -0.099677 0.108900 -0.101755 40.7944901764 -218.6008233406 49.25521
S062 14FEB07 2014.1027 56695 1778 5 141.4 -69 -0.486814 4517751 0.028270 49 0.259098 0.0000 0.000708 0.000945 0.002977 -0.073168 0.087316 -0.115308 40.7944901596 -218.6008233428 49.25910
S062 14FEB08 2014.1054 56696 1778 6 141.4 -69 -0.486422 4517751 0.030273 49 0.257631 0.0000 0.000683 0.000926 0.002929 -0.121059 0.155300 -0.125418 40.7944901777 -218.6008233382 49.25763
S062 14FEB09 2014.1081 56697 1779 0 141.4 -69 -0.486587 4517751 0.029251 49 0.255589 0.0000 0.000684 0.000915 0.002873 -0.113831 0.155817 -0.133312 40.7944901685 -218.6008233401 49.25559
S062 14FEB10 2014.1109 56698 1779 1 141.4 -69 -0.484820 4517751 0.029272 49 0.255312 0.0000 0.000710 0.000974 0.003023 -0.126387 0.133195 -0.109014 40.7944901686 -218.6008233192 49.25531
S062 14FEB11 2014.1136 56699 1779 2 141.4 -69 -0.485468 4517751 0.027572 49 0.254724 0.0000 0.000716 0.000946 0.002998 -0.117766 0.143958 -0.154001 40.7944901533 -218.6008233269 49.25472
S062 14FEB12 2014.1164 56700 1779 3 141.4 -69 -0.486730 4517751 0.026834 49 0.256851 0.0000 0.000698 0.000942 0.002964 -0.120122 0.132317 -0.098687 40.7944901467 -218.6008233418 49.25685
S062 14FEB28 2014.1602 56716 1781 5 141.4 -69 -0.484393 4517751 0.026068 49 0.262699 0.0000 0.000765 0.001055 0.003355 -0.071892 0.099371 -0.175635 40.7944901398 -218.6008233141 49.26270
S062 14MAR06 2014.1766 56722 1782 4 141.4 -69 -0.482313 4517751 0.022455 49 0.266883 0.0000 0.000709 0.000968 0.003025 -0.087830 0.117810 -0.083596 40.7944901072 -218.6008232895 49.26688
S062 14MAR15 2014.2012 56731 1783 6 141.4 -69 -0.484646 4517751 0.022531 49 0.258822 0.0000 0.000696 0.000982 0.003043 -0.079997 0.125367 -0.166426 40.7944901079 -218.6008233171 49.25882
S062 14MAR16 2014.2040 56732 1784 0 141.4 -69 -0.482472 4517751 0.020992 49 0.259214 0.0000 0.000710 0.001011 0.003148 -0.067662 0.131289 -0.090564 40.7944900941 -218.6008232914 49.25921
S062 14MAR17 2014.2067 56733 1784 1 141.4 -69 -0.484317 4517751 0.021936 49 0.260268 0.0000 0.000710 0.000999 0.003125 -0.113192 0.153478 -0.176396 40.7944901026 -218.6008233132 49.26027
S062 14MAR18 2014.2094 56734 1784 2 141.4 -69 -0.486484 4517751 0.021044 49 0.264793 0.0000 0.000711 0.001009 0.003147 -0.093957 0.137245 -0.159548 40.7944900945 -218.6008233389 49.26479
S062 14MAR19 2014.2122 56735 1784 3 141.4 -69 -0.485394 4517751 0.023401 49 0.259533 0.0000 0.000707 0.000989 0.003072 -0.131744 0.136393 -0.141249 40.7944901158 -218.6008233260 49.25953
S062 14MAR20 2014.2149 56736 1784 4 141.4 -69 -0.487507 4517751 0.028259 49 0.279794 0.0000 0.000708 0.001016 0.003127 -0.106163 0.126954 -0.176233 40.7944901595 -218.6008233510 49.27979
S062 14MAR21 2014.2177 56737 1784 5 141.4 -69 -0.483983 4517751 0.023447 49 0.262130 0.0000 0.000699 0.000948 0.002979 -0.105055 0.176349 -0.114652 40.7944901162 -218.6008233093 49.26213
S062 14MAR22 2014.2204 56738 1784 6 141.4 -69 -0.483614 4517751 0.021681 49 0.257737 0.0000 0.000698 0.000973 0.003049 -0.085445 0.116049 -0.154881 40.7944901003 -218.6008233049 49.25774
S062 14MAR23 2014.2231 56739 1785 0 141.4 -69 -0.485530 4517751 0.022036 49 0.263167 0.0000 0.000704 0.000974 0.003046 -0.082430 0.106933 -0.142992 40.7944901035 -218.6008233276 49.26317
S062 14MAR24 2014.2259 56740 1785 1 141.4 -69 -0.483173 4517751 0.021548 49 0.260947 0.0000 0.000714 0.001009 0.003143 -0.090976 0.120304 -0.117190 40.7944900991 -218.6008232997 49.26095
S062 14MAR25 2014.2286 56741 1785 2 141.4 -69 -0.483655 4517751 0.022535 49 0.262690 0.0000 0.000701 0.000992 0.003072 -0.101221 0.141826 -0.106029 40.7944901080 -218.6008233054 49.26269
S062 14MAR26 2014.2313 56742 1785 3 141.4 -69 -0.484851 4517751 0.021288 49 0.264268 0.0000 0.000710 0.000981 0.003062 -0.124579 0.129774 -0.147883 40.7944900967 -218.6008233195 49.26427
S062 14MAR27 2014.2341 56743 1785 4 141.4 -69 -0.484986 4517751 0.021907 49 0.266775 0.0000 0.000702 0.000994 0.003040 -0.134268 0.149876 -0.128969 40.7944901023 -218.6008233211 49.26678
S062 14MAR28 2014.2368 56744 1785 5 141.4 -69 -0.484891 4517751 0.022482 49 0.262440 0.0000 0.000721 0.001015 0.003121 -0.111719 0.093965 -0.117989 40.7944901075 -218.6008233200 49.26244
S062 14MAR29 2014.2396 56745 1785 6 141.4 -69 -0.483776 4517751 0.024191 49 0.268669 0.0000 0.000742 0.001020 0.003244 -0.133304 0.165264 -0.083889 40.7944901229 -218.6008233068 49.26867
S062 14MAR30 2014.2423 56746 1786 0 141.4 -69 -0.483954 4517751 0.021523 49 0.270710 0.0000 0.000710 0.000987 0.003098 -0.103301 0.150584 -0.098149 40.7944900989 -218.6008233089 49.27071
S062 14MAR31 2014.2450 56747 1786 1 141.4 -69 -0.485203 4517751 0.022772 49 0.270434 0.0000 0.000708 0.000997 0.003055 -0.125358 0.125153 -0.169898 40.7944901101 -218.6008233237 49.27043
S062 14APR01 2014.2478 56748 1786 2 141.4 -69 -0.485469 4517751 0.021759 49 0.259423 0.0000 0.000731 0.001033 0.003193 -0.134534 0.159058 -0.158388 40.7944901010 -218.6008233269 49.25942
S062 14APR02 2014.2505 56749 1786 3 141.4 -69 -0.484286 4517751 0.021307 49 0.263490 0.0000 0.000704 0.000976 0.003036 -0.122920 0.109238 -0.132618 40.7944900969 -218.6008233128 49.26349
S062 14APR03 2014.2533 56750 1786 4 141.4 -69 -0.485355 4517751 0.021324 49 0.267659 0.0000 0.000718 0.000998 0.003096 -0.129314 0.149953 -0.172148 40.7944900971 -218.6008233255 49.26766
S062 14APR04 2014.2560 56751 1786 5 141.4 -69 -0.484775 4517751 0.020540 49 0.265158 0.0000 0.000721 0.001000 0.003101 -0.125934 0.133777 -0.089873 40.7944900900 -218.6008233186 49.26516
S062 14APR05 2014.2587 56752 1786 6 141.4 -69 -0.486443 4517751 0.020698 49 0.262019 0.0000 0.000715 0.000989 0.003077 -0.118130 0.146498 -0.138869 40.7944900914 -218.6008233384 49.26202
S062 14APR06 2014.2615 56753 1787 0 141.4 -69 -0.485057 4517751 0.021138 49 0.262181 0.0000 0.000713 0.001033 0.003090 -0.142666 0.144268 -0.119899 40.7944900954 -218.6008233220 49.26218
S062 14APR07 2014.2642 56754 1787 1 141.4 -69 -0.484252 4517751 0.020719 49 0.266760 0.0000 0.000716 0.000992 0.003055 -0.139385 0.138098 -0.102812 40.7944900916 -218.6008233124 49.26676
S062 14APR08 2014.2669 56755 1787 2 141.4 -69 -0.485727 4517751 0.021615 49 0.266378 0.0000 0.000699 0.000991 0.003013 -0.119517 0.133198 -0.097413 40.7944900997 -218.6008233299 49.26638
S062 14APR09 2014.2697 56756 1787 3 141.4 -69 -0.484927 4517751 0.021621 49 0.265756 0.0000 0.000716 0.000985 0.003034 -0.114299 0.124856 -0.092227 40.7944900997 -218.6008233204 49.26576
S062 14APR10 2014.2724 56757 1787 4 141.4 -69 -0.484384 4517751 0.020557 49 0.268881 0.0000 0.000716 0.001014 0.003127 -0.097393 0.152621 -0.092936 40.7944900902 -218.6008233140 49.26888
S062 14APR11 2014.2752 56758 1787 5 141.4 -69 -0.483328 4517751 0.020101 49 0.267491 0.0000 0.000719 0.001029 0.003175 -0.110706 0.180108 -0.110182 40.7944900861 -218.6008233015 49.26749
S062 14APR12 2014.2779 56759 1787 6 141.4 -69 -0.484791 4517751 0.021358 49 0.262998 0.0000 0.000705 0.000998 0.003010 -0.111826 0.100974 -0.049350 40.7944900974 -218.6008233188 49.26300
S062 14APR13 2014.2806 56760 1788 0 141.4 -69 -0.485710 4517751 0.019476 49 0.263525 0.0000 0.000705 0.000997 0.003001 -0.111802 0.119791 -0.107192 40.7944900804 -218.6008233297 49.26353
S062 14APR14 2014.2834 56761 1788 1 141.4 -69 -0.484696 4517751 0.022017 49 0.266077 0.0000 0.000718 0.000992 0.003070 -0.127379 0.105061 -0.109081 40.7944901033 -218.6008233177 49.26608
S062 14APR15 2014.2861 56762 1788 2 141.4 -69 -0.486136 4517751 0.020800 49 0.263063 0.0000 0.000745 0.001015 0.003221 -0.142832 0.161003 -0.083345 40.7944900923 -218.6008233348 49.26306
S062 14APR16 2014.2888 56763 1788 3 141.4 -69 -0.484702 4517751 0.019967 49 0.264049 0.0000 0.000748 0.001043 0.003211 -0.182616 0.159258 -0.145522 40.7944900848 -218.6008233178 49.26405
S062 14APR17 2014.2916 56764 1788 4 141.4 -69 -0.485171 4517751 0.021543 49 0.262010 0.0000 0.000713 0.000975 0.003030 -0.117246 0.140618 -0.108367 40.7944900990 -218.6008233233 49.26201
S062 14APR18 2014.2943 56765 1788 5 141.4 -69 -0.486028 4517751 0.019844 49 0.261323 0.0000 0.000701 0.000987 0.002986 -0.106254 0.118317 -0.102075 40.7944900837 -218.6008233335 49.26132
S062 14APR19 2014.2971 56766 1788 6 141.4 -69 -0.485736 4517751 0.020912 49 0.262208 0.0000 0.000702 0.000981 0.002972 -0.103349 0.111077 -0.127766 40.7944900934 -218.6008233300 49.26221
S062 14APR20 2014.2998 56767 1789 0 141.4 -69 -0.484293 4517751 0.020592 49 0.264622 0.0000 0.000709 0.001001 0.003026 -0.136996 0.141537 -0.110681 40.7944900905 -218.6008233129 49.26462
S062 14APR21 2014.3025 56768 1789 1 141.4 -69 -0.485218 4517751 0.019598 49 0.264412 0.0000 0.000710 0.001009 0.003039 -0.114396 0.122687 -0.091543 40.7944900815 -218.6008233239 49.26441
S062 14APR22 2014.3053 56769 1789 2 141.4 -69 -0.484340 4517751 0.018390 49 0.260841 0.0000 0.000700 0.000983 0.002977 -0.113969 0.146762 -0.133525 40.7944900706 -218.6008233135 49.26084
S062 14APR23 2014.3080 56770 1789 3 141.4 -69 -0.484410 4517751 0.020367 49 0.264981 0.0000 0.000706 0.000981 0.002975 -0.137108 0.100569 -0.108972 40.7944900885 -218.6008233143 49.26498
S062 14APR24 2014.3107 56771 1789 4 141.4 -69 -0.485813 4517751 0.019258 49 0.265342 0.0000 0.000709 0.000998 0.003026 -0.113137 0.138550 -0.111956 40.7944900785 -218.6008233309 49.26534
S062 14APR25 2014.3135 56772 1789 5 141.4 -69 -0.486793 4517751 0.018683 49 0.263550 0.0000 0.000708 0.000983 0.003005 -0.105348 0.113354 -0.080256 40.7944900733 -218.6008233426 49.26355
S062 14APR26 2014.3162 56773 1789 6 141.4 -69 -0.485197 4517751 0.018679 49 0.261582 0.0000 0.000709 0.000993 0.003089 -0.115805 0.101442 -0.141949 40.7944900733 -218.6008233236 49.26158
S062 14APR27 2014.3190 56774 1790 0 141.4 -69 -0.484534 4517751 0.018538 49 0.265408 0.0000 0.000702 0.000979 0.002996 -0.115767 0.137194 -0.120574 40.7944900720 -218.6008233158 49.26541
S062 14APR28 2014.3217 56775 1790 1 141.4 -69 -0.484976 4517751 0.019052 49 0.266161 0.0000 0.000705 0.001004 0.003034 -0.098916 0.124230 -0.125071 40.7944900766 -218.6008233210 49.26616
S062 14APR29 2014.3244 56776 1790 2 141.4 -69 -0.483346 4517751 0.018524 49 0.268449 0.0000 0.000696 0.001006 0.003069 -0.086418 0.109981 -0.157314 40.7944900719 -218.6008233017 49.26845
S062 14APR30 2014.3272 56777 1790 3 141.4 -69 -0.484340 4517751 0.017993 49 0.266592 0.0000 0.000702 0.000990 0.003036 -0.107004 0.128843 -0.151062 40.7944900671 -218.6008233135 49.26659
S062 14MAY01 2014.3299 56778 1790 4 141.4 -69 -0.484214 4517751 0.016850 49 0.269040 0.0000 0.000707 0.000968 0.003029 -0.108449 0.097350 -0.160705 40.7944900568 -218.6008233120 49.26904
S062 14MAY02 2014.3326 56779 1790 5 141.4 -69 -0.486049 4517751 0.018063 49 0.268469 0.0000 0.000701 0.000981 0.003049 -0.107065 0.097698 -0.170872 40.7944900677 -218.6008233337 49.26847
S062 14MAY03 2014.3354 56780 1790 6 141.4 -69 -0.481603 4517751 0.018350 49 0.271835 0.0000 0.000712 0.000987 0.003062 -0.117201 0.147968 -0.129986 40.7944900703 -218.6008232811 49.27184
S062 14MAY04 2014.3381 56781 1791 0 141.4 -69 -0.486761 4517751 0.018790 49 0.264270 0.0000 0.000742 0.001018 0.003229 -0.178242 0.177271 -0.134360 40.7944900743 -218.6008233422 49.26427
S062 14MAY05 2014.3409 56782 1791 1 141.4 -69 -0.485052 4517751 0.016608 49 0.267168 0.0000 0.000718 0.001004 0.003184 -0.114733 0.180998 -0.084766 40.7944900546 -218.6008233219 49.26717
S062 14MAY06 2014.3436 56783 1791 2 141.4 -69 -0.484714 4517751 0.019910 49 0.263915 0.0000 0.000710 0.001001 0.003066 -0.134806 0.102858 -0.126333 40.7944900843 -218.6008233179 49.26392
S062 14MAY07 2014.3463 56784 1791 3 141.4 -69 -0.485886 4517751 0.018645 49 0.265661 0.0000 0.000721 0.001021 0.003140 -0.130283 0.117021 -0.099348 40.7944900729 -218.6008233318 49.26566
S062 14MAY08 2014.3491 56785 1791 4 141.4 -69 -0.484201 4517751 0.016849 49 0.276758 0.0000 0.000743 0.001039 0.003231 -0.144991 0.138535 -0.150415 40.7944900568 -218.6008233118 49.27676
S062 14MAY09 2014.3518 56786 1791 5 141.4 -69 -0.484961 4517751 0.017405 49 0.272945 0.0000 0.000813 0.001077 0.003621 -0.174288 0.142104 -0.205903 40.7944900618 -218.6008233208 49.27295
S062 14MAY10 2014.3546 56787 1791 6 141.4 -69 -0.483808 4517751 0.016447 49 0.269441 0.0000 0.000733 0.001015 0.003171 -0.122528 0.173086 -0.107180 40.7944900531 -218.6008233072 49.26944
S062 14MAY11 2014.3573 56788 1792 0 141.4 -69 -0.483082 4517751 0.017144 49 0.273444 0.0000 0.000716 0.001007 0.003138 -0.117147 0.123187 -0.115067 40.7944900594 -218.6008232986 49.27344
S062 14MAY12 2014.3600 56789 1792 1 141.4 -69 -0.482847 4517751 0.019554 49 0.273285 0.0000 0.000757 0.001064 0.003425 -0.092344 0.085117 0.009980 40.7944900811 -218.6008232958 49.27329
S062 14MAY13 2014.3628 56790 1792 2 141.4 -69 -0.483142 4517751 0.016436 49 0.270814 0.0000 0.000741 0.001066 0.003278 -0.088416 0.093063 -0.101612 40.7944900530 -218.6008232993 49.27081
S062 14MAY14 2014.3655 56791 1792 3 141.4 -69 -0.481956 4517751 0.018757 49 0.276416 0.0000 0.000721 0.001001 0.003195 -0.111483 0.175355 -0.063238 40.7944900740 -218.6008232852 49.27642
S062 14MAY15 2014.3682 56792 1792 4 141.4 -69 -0.481889 4517751 0.016508 49 0.271528 0.0000 0.000724 0.001029 0.003123 -0.094247 0.109277 -0.083809 40.7944900537 -218.6008232845 49.27153
S062 14MAY16 2014.3710 56793 1792 5 141.4 -69 -0.484412 4517751 0.015313 49 0.279737 0.0000 0.000713 0.001017 0.003128 -0.123425 0.093113 -0.111499 40.7944900429 -218.6008233143 49.27974
S062 14MAY17 2014.3737 56794 1792 6 141.4 -69 -0.484115 4517751 0.015095 49 0.276717 0.0000 0.000702 0.000964 0.002987 -0.113667 0.117644 -0.133988 40.7944900410 -218.6008233108 49.27672
S062 14MAY18 2014.3765 56795 1793 0 141.4 -69 -0.484754 4517751 0.014571 49 0.266991 0.0000 0.000707 0.000997 0.003072 -0.085206 0.132412 -0.145802 40.7944900363 -218.6008233184 49.26699
S062 14MAY19 2014.3792 56796 1793 1 141.4 -69 -0.484189 4517751 0.016304 49 0.266815 0.0000 0.000701 0.000984 0.002973 -0.102512 0.139108 -0.116846 40.7944900519 -218.6008233117 49.26682
S062 14MAY20 2014.3819 56797 1793 2 141.4 -69 -0.482315 4517751 0.016504 49 0.274396 0.0000 0.000708 0.000983 0.002987 -0.123488 0.089877 -0.129053 40.7944900537 -218.6008232895 49.27440
S062 14MAY21 2014.3847 56798 1793 3 141.4 -69 -0.482716 4517751 0.015768 49 0.273916 0.0000 0.000729 0.001037 0.003168 -0.129123 0.107736 -0.114266 40.7944900470 -218.6008232942 49.27392
S062 14MAY22 2014.3874 56799 1793 4 141.4 -69 -0.482008 4517751 0.015014 49 0.273861 0.0000 0.000761 0.000982 0.003151 -0.139003 0.095911 -0.090041 40.7944900402 -218.6008232859 49.27386
S062 14MAY23 2014.3901 56800 1793 5 141.4 -69 -0.482194 4517751 0.015004 49 0.272232 0.0000 0.000717 0.000973 0.002999 -0.132074 0.069864 -0.154414 40.7944900402 -218.6008232881 49.27223
S062 14MAY24 2014.3929 56801 1793 6 141.4 -69 -0.483401 4517751 0.016287 49 0.275188 0.0000 0.000770 0.001048 0.003446 -0.109358 0.091770 -0.120706 40.7944900517 -218.6008233024 49.27519
S062 14MAY25 2014.3956 56802 1794 0 141.4 -69 -0.482891 4517751 0.014525 49 0.273106 0.0000 0.000753 0.001011 0.003274 -0.141678 0.153023 -0.171649 40.7944900358 -218.6008232963 49.27311
S062 14MAY26 2014.3984 56803 1794 1 141.4 -69 -0.482095 4517751 0.013938 49 0.272522 0.0000 0.000716 0.001028 0.003135 -0.118518 0.116606 -0.137463 40.7944900306 -218.6008232869 49.27252
S062 14MAY27 2014.4011 56804 1794 2 141.4 -69 -0.482156 4517751 0.015043 49 0.272272 0.0000 0.000705 0.000983 0.003048 -0.100304 0.117642 -0.079515 40.7944900405 -218.6008232876 49.27227
S062 14MAY28 2014.4038 56805 1794 3 141.4 -69 -0.482821 4517751 0.014082 49 0.277695 0.0000 0.000791 0.001077 0.003403 -0.085178 0.043937 -0.076787 40.7944900319 -218.6008232955 49.27769
S062 14MAY29 2014.4066 56806 1794 4 141.4 -69 -0.481661 4517751 0.014333 49 0.272409 0.0000 0.000792 0.001054 0.003353 -0.106816 0.118884 -0.104141 40.7944900341 -218.6008232817 49.27241
S062 14MAY30 2014.4093 56807 1794 5 141.4 -69 -0.480877 4517751 0.013834 49 0.274709 0.0000 0.000779 0.001065 0.003441 -0.103030 0.074850 -0.126413 40.7944900296 -218.6008232725 49.27471
S062 14MAY31 2014.4120 56808 1794 6 141.4 -69 -0.483305 4517751 0.015532 49 0.275025 0.0000 0.000739 0.001004 0.003116 -0.134491 0.054630 -0.063829 40.7944900449 -218.6008233012 49.27503
S062 14JUN01 2014.4148 56809 1795 0 141.4 -69 -0.482651 4517751 0.013722 49 0.276954 0.0000 0.000741 0.000998 0.003138 -0.147768 0.047398 -0.073931 40.7944900286 -218.6008232935 49.27695
S062 14JUN02 2014.4175 56810 1795 1 141.4 -69 -0.483026 4517751 0.013876 49 0.273002 0.0000 0.000720 0.000972 0.003059 -0.104173 0.082902 -0.104481 40.7944900300 -218.6008232979 49.27300
S062 14JUN03 2014.4203 56811 1795 2 141.4 -69 -0.482838 4517751 0.016102 49 0.270315 0.0000 0.000756 0.001011 0.003298 -0.122256 0.157146 -0.140032 40.7944900500 -218.6008232957 49.27031
S062 14JUN04 2014.4230 56812 1795 3 141.4 -69 -0.481790 4517751 0.016328 49 0.276273 0.0000 0.000709 0.000981 0.003031 -0.115076 0.082237 -0.125769 40.7944900521 -218.6008232833 49.27627
S062 14JUN05 2014.4257 56813 1795 4 141.4 -69 -0.482505 4517751 0.013180 49 0.279051 0.0000 0.000746 0.001051 0.003214 -0.109635 0.168411 -0.073996 40.7944900237 -218.6008232917 49.27905
S062 14JUN06 2014.4285 56814 1795 5 141.4 -69 -0.482369 4517751 0.013913 49 0.278382 0.0000 0.000716 0.000971 0.003104 -0.120614 0.150235 -0.120289 40.7944900303 -218.6008232901 49.27838
S062 14JUN07 2014.4312 56815 1795 6 141.4 -69 -0.481992 4517751 0.015207 49 0.270523 0.0000 0.000725 0.000976 0.003083 -0.136035 0.099502 -0.158699 40.7944900420 -218.6008232857 49.27052
S062 14JUN08 2014.4339 56816 1796 0 141.4 -69 -0.483600 4517751 0.015501 49 0.278755 0.0000 0.000717 0.000996 0.003042 -0.155424 0.125222 -0.102597 40.7944900446 -218.6008233047 49.27876
S062 14JUN09 2014.4367 56817 1796 1 141.4 -69 -0.483375 4517751 0.013479 49 0.282535 0.0000 0.000725 0.001007 0.003153 -0.127597 0.107596 -0.118808 40.7944900264 -218.6008233021 49.28253
S062 14JUN10 2014.4394 56818 1796 2 141.4 -69 -0.481187 4517751 0.015198 49 0.277383 0.0000 0.000716 0.000969 0.003056 -0.144001 0.108020 -0.093308 40.7944900419 -218.6008232761 49.27738
S062 14JUN11 2014.4422 56819 1796 3 141.4 -69 -0.482116 4517751 0.013954 49 0.278089 0.0000 0.000730 0.000991 0.003158 -0.132653 0.171747 -0.150989 40.7944900307 -218.6008232871 49.27809
S062 14JUN12 2014.4449 56820 1796 4 141.4 -69 -0.480282 4517751 0.014453 49 0.276668 0.0000 0.000728 0.001016 0.003108 -0.178882 0.158939 -0.162684 40.7944900352 -218.6008232654 49.27667
S062 14JUN13 2014.4476 56821 1796 5 141.4 -69 -0.480853 4517751 0.013817 49 0.275119 0.0000 0.000759 0.001041 0.003233 -0.173360 0.142833 -0.118376 40.7944900295 -218.6008232722 49.27512
S062 14JUN14 2014.4504 56822 1796 6 141.4 -69 -0.481698 4517751 0.016197 49 0.268419 0.0000 0.000765 0.001060 0.003404 -0.111315 0.095838 -0.074065 40.7944900509 -218.6008232822 49.26842
S062 14JUN15 2014.4531 56823 1797 0 141.4 -69 -0.480436 4517751 0.014039 49 0.276270 0.0000 0.000745 0.001015 0.003140 -0.139143 0.093085 -0.115897 40.7944900315 -218.6008232672 49.27627
S062 14JUN16 2014.4559 56824 1797 1 141.4 -69 -0.482148 4517751 0.014348 49 0.273434 0.0000 0.000769 0.001062 0.003356 -0.111270 0.148206 -0.125550 40.7944900342 -218.6008232875 49.27343
S062 14JUN17 2014.4586 56825 1797 2 141.4 -69 -0.480003 4517751 0.013184 49 0.275970 0.0000 0.000710 0.001018 0.003099 -0.101019 0.156518 -0.097394 40.7944900238 -218.6008232621 49.27597
S062 14JUN18 2014.4613 56826 1797 3 141.4 -69 -0.479438 4517751 0.013857 49 0.276847 0.0000 0.000723 0.001028 0.003061 -0.142969 0.084230 -0.112799 40.7944900298 -218.6008232554 49.27685
S062 14JUN19 2014.4641 56827 1797 4 141.4 -69 -0.480720 4517751 0.013466 49 0.278658 0.0000 0.000802 0.001120 0.003460 -0.117042 0.071362 -0.013281 40.7944900263 -218.6008232706 49.27866
S062 14JUN20 2014.4668 56828 1797 5 141.4 -69 -0.480349 4517751 0.015707 49 0.272533 0.0000 0.000735 0.001018 0.003230 -0.135934 0.097384 -0.072395 40.7944900465 -218.6008232662 49.27253
S062 14JUN21 2014.4695 56829 1797 6 141.4 -69 -0.480253 4517751 0.015379 49 0.272959 0.0000 0.000722 0.000991 0.003085 -0.116858 0.152049 -0.120943 40.7944900435 -218.6008232651 49.27296
S062 14JUN22 2014.4723 56830 1798 0 141.4 -69 -0.479793 4517751 0.014870 49 0.275213 0.0000 0.000740 0.001027 0.003171 -0.157370 0.079426 -0.156324 40.7944900389 -218.6008232596 49.27521
S062 14JUN23 2014.4750 56831 1798 1 141.4 -69 -0.479996 4517751 0.012659 49 0.274791 0.0000 0.000728 0.001033 0.003222 -0.125130 0.132690 -0.095983 40.7944900190 -218.6008232620 49.27479
S062 14JUN24 2014.4778 56832 1798 2 141.4 -69 -0.479525 4517751 0.012486 49 0.274423 0.0000 0.000764 0.001059 0.003438 -0.083723 0.092457 -0.143650 40.7944900175 -218.6008232564 49.27442
S062 14JUN25 2014.4805 56833 1798 3 141.4 -69 -0.479503 4517751 0.013162 49 0.270501 0.0000 0.000769 0.001093 0.003485 -0.109826 0.059765 -0.070507 40.7944900236 -218.6008232562 49.27050
S062 14JUN26 2014.4832 56834 1798 4 141.4 -69 -0.479906 4517751 0.012243 49 0.266543 0.0000 0.000720 0.001001 0.003114 -0.159803 0.065334 -0.090647 40.7944900153 -218.6008232610 49.26654
S062 14JUN27 2014.4860 56835 1798 5 141.4 -69 -0.481243 4517751 0.011102 49 0.272427 0.0000 0.000768 0.001063 0.003412 -0.133217 0.149087 -0.048950 40.7944900050 -218.6008232768 49.27243
S062 14JUN28 2014.4887 56836 1798 6 141.4 -69 -0.479620 4517751 0.012907 49 0.275793 0.0000 0.000781 0.001136 0.003467 -0.066217 0.121601 -0.082113 40.7944900213 -218.6008232576 49.27579
S062 14JUN29 2014.4914 56837 1799 0 141.4 -69 -0.479102 4517751 0.011975 49 0.275419 0.0000 0.000727 0.000986 0.003113 -0.123584 0.093040 -0.054174 40.7944900129 -218.6008232514 49.27542
S062 14JUN30 2014.4942 56838 1799 1 141.4 -69 -0.478836 4517751 0.013646 49 0.279014 0.0000 0.000693 0.000991 0.003047 -0.111140 0.102839 -0.125006 40.7944900279 -218.6008232483 49.27901
S062 14JUL01 2014.4969 56839 1799 2 141.4 -69 -0.480259 4517751 0.012775 49 0.273302 0.0000 0.000737 0.001055 0.003247 -0.048214 0.040116 -0.156283 40.7944900201 -218.6008232651 49.27330
S062 14JUL02 2014.4997 56840 1799 3 141.4 -69 -0.481855 4517751 0.012325 49 0.272842 0.0000 0.000763 0.001080 0.003422 -0.122476 0.049545 -0.122043 40.7944900160 -218.6008232840 49.27284
S062 14JUL03 2014.5024 56841 1799 4 141.4 -69 -0.478367 4517751 0.013785 49 0.276754 0.0000 0.001028 0.001364 0.004351 -0.184206 0.028515 -0.095849 40.7944900292 -218.6008232427 49.27675
S062 14JUL04 2014.5051 56842 1799 5 141.4 -69 -0.479344 4517751 0.012661 49 0.266717 0.0000 0.000796 0.001050 0.003513 -0.107297 0.193397 -0.130820 40.7944900191 -218.6008232543 49.26672
S062 14JUL05 2014.5079 56843 1799 6 141.4 -69 -0.478567 4517751 0.012216 49 0.277724 0.0000 0.000735 0.000999 0.003212 -0.124785 0.190215 -0.079540 40.7944900151 -218.6008232451 49.27772
S062 14JUL06 2014.5106 56844 1800 0 141.4 -69 -0.478910 4517751 0.011309 49 0.276778 0.0000 0.000722 0.000995 0.003148 -0.129024 0.046870 -0.131118 40.7944900069 -218.6008232491 49.27678
S062 14JUL07 2014.5133 56845 1800 1 141.4 -69 -0.477657 4517751 0.012802 49 0.276775 0.0000 0.000707 0.000997 0.003153 -0.141071 0.141767 -0.150169 40.7944900203 -218.6008232343 49.27678
S062 14JUL08 2014.5161 56846 1800 2 141.4 -69 -0.479226 4517751 0.012560 49 0.272437 0.0000 0.000729 0.001020 0.003243 -0.117025 0.075044 -0.045244 40.7944900181 -218.6008232529 49.27244
S062 14JUL09 2014.5188 56847 1800 3 141.4 -69 -0.479451 4517751 0.010925 49 0.273968 0.0000 0.000703 0.000979 0.003090 -0.107325 0.119927 -0.141441 40.7944900034 -218.6008232556 49.27397
S062 14JUL10 2014.5216 56848 1800 4 141.4 -69 -0.479290 4517751 0.014208 49 0.282069 0.0000 0.000726 0.001023 0.003186 -0.112750 0.106314 -0.055247 40.7944900330 -218.6008232537 49.28207
S062 14JUL11 2014.5243 56849 1800 5 141.4 -69 -0.481050 4517751 0.014289 49 0.274925 0.0000 0.000771 0.001110 0.003481 -0.114185 0.050685 -0.116946 40.7944900337 -218.6008232745 49.27493
S062 14JUL12 2014.5270 56850 1800 6 141.4 -69 -0.478615 4517751 0.010833 49 0.287491 0.0000 0.000723 0.001019 0.003184 -0.125867 0.065197 -0.198890 40.7944900026 -218.6008232457 49.28749
S062 14JUL13 2014.5298 56851 1801 0 141.4 -69 -0.479021 4517751 0.012816 49 0.277923 0.0000 0.000712 0.001000 0.003122 -0.113962 0.140098 -0.124583 40.7944900205 -218.6008232505 49.27792
S062 14JUL14 2014.5325 56852 1801 1 141.4 -69 -0.477861 4517751 0.011538 49 0.273042 0.0000 0.000720 0.001029 0.003142 -0.119569 0.062160 -0.066669 40.7944900089 -218.6008232367 49.27304
S062 14JUL15 2014.5352 56853 1801 2 141.4 -69 -0.476875 4517751 0.013364 49 0.273253 0.0000 0.000770 0.001039 0.003326 -0.136108 0.154870 -0.089104 40.7944900254 -218.6008232250 49.27325
S062 14JUL16 2014.5380 56854 1801 3 141.4 -69 -0.478999 4517751 0.011053 49 0.271294 0.0000 0.000759 0.001081 0.003329 -0.152834 0.133374 -0.162595 40.7944900046 -218.6008232502 49.27129
S062 14JUL17 2014.5407 56855 1801 4 141.4 -69 -0.477313 4517751 0.012260 49 0.267801 0.0000 0.000735 0.001023 0.003213 -0.134478 0.083037 -0.176051 40.7944900154 -218.6008232302 49.26780
S062 14JUL18 2014.5435 56856 1801 5 141.4 -69 -0.478297 4517751 0.011018 49 0.271407 0.0000 0.000681 0.000963 0.002948 -0.111366 0.094121 -0.166259 40.7944900043 -218.6008232419 49.27141
S062 14JUL19 2014.5462 56857 1801 6 141.4 -69 -0.477452 4517751 0.011978 49 0.273067 0.0000 0.000728 0.000997 0.003145 -0.101372 0.132421 -0.131359 40.7944900129 -218.6008232319 49.27307
S062 14JUL20 2014.5489 56858 1802 0 141.4 -69 -0.477952 4517751 0.010780 49 0.270690 0.0000 0.000710 0.000964 0.003051 -0.149068 0.161063 -0.146124 40.7944900021 -218.6008232378 49.27069
S062 14JUL21 2014.5517 56859 1802 1 141.4 -69 -0.478863 4517751 0.009156 49 0.276911 0.0000 0.000708 0.001008 0.003054 -0.125098 0.146275 -0.139464 40.7944899875 -218.6008232486 49.27691
S062 14JUL22 2014.5544 56860 1802 2 141.4 -69 -0.477471 4517751 0.011117 49 0.279682 0.0000 0.000700 0.000990 0.003070 -0.117277 0.146238 -0.160240 40.7944900052 -218.6008232321 49.27968
S062 14JUL23 2014.5572 56861 1802 3 141.4 -69 -0.477070 4517751 0.010763 49 0.279535 0.0000 0.000735 0.001028 0.003202 -0.128970 0.179905 -0.178501 40.7944900020 -218.6008232273 49.27953
S062 14JUL24 2014.5599 56862 1802 4 141.4 -69 -0.477117 4517751 0.009121 49 0.286355 0.0000 0.000785 0.001083 0.003491 -0.159134 0.116498 -0.170304 40.7944899872 -218.6008232279 49.28635
S062 14JUL25 2014.5626 56863 1802 5 141.4 -69 -0.477414 4517751 0.012447 49 0.287204 0.0000 0.000735 0.001028 0.003265 -0.108112 0.110924 -0.157170 40.7944900171 -218.6008232314 49.28720
S062 14JUL26 2014.5654 56864 1802 6 141.4 -69 -0.476076 4517751 0.013127 49 0.279158 0.0000 0.000783 0.001070 0.003479 -0.123757 0.165562 -0.100158 40.7944900233 -218.6008232156 49.27916
S062 14JUL27 2014.5681 56865 1803 0 141.4 -69 -0.482142 4517751 0.010805 49 0.275738 0.0000 0.000708 0.000981 0.003068 -0.109376 0.175552 -0.172299 40.7944900023 -218.6008232874 49.27574
S062 14JUL28 2014.5708 56866 1803 1 141.4 -69 -0.477279 4517751 0.011084 49 0.278550 0.0000 0.000703 0.001012 0.003232 -0.110706 0.123943 -0.239842 40.7944900049 -218.6008232298 49.27855
S062 14JUL29 2014.5736 56867 1803 2 141.4 -69 -0.477116 4517751 0.012358 49 0.271934 0.0000 0.000704 0.000982 0.003067 -0.112798 0.110589 -0.158928 40.7944900163 -218.6008232279 49.27193
S062 14JUL30 2014.5763 56868 1803 3 141.4 -69 -0.476161 4517751 0.010954 49 0.283021 0.0000 0.000735 0.001033 0.003192 -0.101244 0.123964 -0.127982 40.7944900037 -218.6008232166 49.28302
S062 14JUL31 2014.5791 56869 1803 4 141.4 -69 -0.475201 4517751 0.009698 49 0.288720 0.0000 0.000723 0.001048 0.003251 -0.146069 0.123155 -0.122785 40.7944899924 -218.6008232052 49.28872
S062 14AUG01 2014.5818 56870 1803 5 141.4 -69 -0.476921 4517751 0.009644 49 0.280288 0.0000 0.000738 0.001051 0.003287 -0.121738 0.122745 -0.139989 40.7944899919 -218.6008232256 49.28029
S062 14AUG02 2014.5845 56871 1803 6 141.4 -69 -0.477178 4517751 0.011707 49 0.274403 0.0000 0.000701 0.000992 0.003069 -0.091352 0.133130 -0.184840 40.7944900105 -218.6008232286 49.27440
S062 14AUG03 2014.5873 56872 1804 0 141.4 -69 -0.476923 4517751 0.012044 49 0.278483 0.0000 0.000722 0.001041 0.003255 -0.059878 0.078894 -0.143236 40.7944900135 -218.6008232256 49.27848
S062 14AUG04 2014.5900 56873 1804 1 141.4 -69 -0.476644 4517751 0.010587 49 0.279656 0.0000 0.000712 0.001002 0.003129 -0.086383 0.109018 -0.190241 40.7944900004 -218.6008232223 49.27966
S062 14AUG05 2014.5927 56874 1804 2 141.4 -69 -0.474252 4517751 0.009028 49 0.276512 0.0000 0.000728 0.001033 0.003215 -0.115704 0.168434 -0.140136 40.7944899863 -218.6008231940 49.27651
S062 14AUG06 2014.5955 56875 1804 3 141.4 -69 -0.481665 4517751 0.013123 49 0.286206 0.0000 0.000762 0.001019 0.003313 -0.132791 0.144756 -0.158979 40.7944900232 -218.6008232818 49.28621
S062 14AUG07 2014.5982 56876 1804 4 141.4 -69 -0.475268 4517751 0.008508 49 0.284278 0.0000 0.000760 0.001030 0.003311 -0.117123 0.095142 -0.203136 40.7944899817 -218.6008232060 49.28428
S062 14AUG08 2014.6010 56877 1804 5 141.4 -69 -0.477388 4517751 0.012321 49 0.276623 0.0000 0.000704 0.000984 0.003023 -0.135185 0.102899 -0.185407 40.7944900160 -218.6008232311 49.27662
S062 14AUG09 2014.6037 56878 1804 6 141.4 -69 -0.476945 4517751 0.009516 49 0.282010 0.0000 0.000683 0.000957 0.002885 -0.119216 0.121655 -0.174507 40.7944899907 -218.6008232259 49.28201
S062 14AUG10 2014.6064 56879 1805 0 141.4 -69 -0.475609 4517751 0.010770 49 0.290516 0.0000 0.000729 0.001009 0.003190 -0.119576 0.098061 -0.148379 40.7944900020 -218.6008232100 49.29052
S062 14AUG11 2014.6092 56880 1805 1 141.4 -69 -0.474194 4517751 0.012815 49 0.283943 0.0000 0.000794 0.001071 0.003527 -0.097171 0.124051 -0.095597 40.7944900204 -218.6008231933 49.28394
S062 14AUG12 2014.6119 56881 1805 2 141.4 -69 -0.476896 4517751 0.012680 49 0.276558 0.0000 0.000742 0.001040 0.003286 -0.119320 0.073614 -0.115210 40.7944900192 -218.6008232253 49.27656
S062 14AUG13 2014.6146 56882 1805 3 141.4 -69 -0.476001 4517751 0.009662 49 0.271358 0.0000 0.000726 0.001026 0.003205 -0.103225 0.118688 -0.134772 40.7944899920 -218.6008232147 49.27136
S062 14AUG14 2014.6174 56883 1805 4 141.4 -69 -0.475831 4517751 0.011398 49 0.281585 0.0000 0.000727 0.001044 0.003208 -0.114039 0.065807 -0.149319 40.7944900077 -218.6008232127 49.28159
S062 14AUG15 2014.6201 56884 1805 5 141.4 -69 -0.475927 4517751 0.011945 49 0.278703 0.0000 0.000716 0.001023 0.003093 -0.136568 0.102736 -0.076723 40.7944900126 -218.6008232138 49.27870
S062 14AUG16 2014.6229 56885 1805 6 141.4 -69 -0.475743 4517751 0.010022 49 0.277959 0.0000 0.000736 0.001058 0.003232 -0.122874 0.108659 -0.116772 40.7944899953 -218.6008232116 49.27796
S062 14AUG17 2014.6256 56886 1806 0 141.4 -69 -0.477182 4517751 0.012485 49 0.273237 0.0000 0.000711 0.001017 0.003121 -0.115836 0.133482 -0.120121 40.7944900175 -218.6008232287 49.27324
S062 14AUG18 2014.6283 56887 1806 1 141.4 -69 -0.476498 4517751 0.011451 49 0.272520 0.0000 0.000723 0.001027 0.003236 -0.106968 0.133624 -0.144923 40.7944900082 -218.6008232206 49.27252
S062 14AUG19 2014.6311 56888 1806 2 141.4 -69 -0.476866 4517751 0.008982 49 0.286804 0.0000 0.000728 0.001035 0.003294 -0.113254 0.148707 -0.171638 40.7944899859 -218.6008232249 49.28680
S062 14AUG20 2014.6338 56889 1806 3 141.4 -69 -0.475822 4517751 0.012276 49 0.272650 0.0000 0.000728 0.001002 0.003105 -0.159742 0.118899 -0.139933 40.7944900156 -218.6008232126 49.27265
S062 14AUG21 2014.6366 56890 1806 4 141.4 -69 -0.475696 4517751 0.009188 49 0.271325 0.0000 0.000787 0.001127 0.003472 -0.174253 0.084453 -0.108124 40.7944899878 -218.6008232111 49.27133
S062 14AUG22 2014.6393 56891 1806 5 141.4 -69 -0.473944 4517751 0.008957 49 0.280997 0.0000 0.000736 0.001018 0.003276 -0.136425 0.162843 -0.141732 40.7944899857 -218.6008231903 49.28100
S062 14AUG23 2014.6420 56892 1806 6 141.4 -69 -0.474157 4517751 0.008810 49 0.279051 0.0000 0.000722 0.001001 0.003119 -0.130717 0.127023 -0.167034 40.7944899844 -218.6008231928 49.27905
S062 14AUG24 2014.6448 56893 1807 0 141.4 -69 -0.475556 4517751 0.011335 49 0.279171 0.0000 0.000764 0.001125 0.003443 -0.136103 0.087019 -0.080752 40.7944900071 -218.6008232094 49.27917
S062 14AUG25 2014.6475 56894 1807 1 141.4 -69 -0.473835 4517751 0.009319 49 0.272204 0.0000 0.000705 0.000994 0.003119 -0.104347 0.074305 -0.222352 40.7944899890 -218.6008231890 49.27220
S062 14AUG26 2014.6502 56895 1807 2 141.4 -69 -0.473984 4517751 0.009534 49 0.271230 0.0000 0.000703 0.001000 0.003042 -0.113609 0.110460 -0.129393 40.7944899909 -218.6008231908 49.27123
S062 14AUG27 2014.6530 56896 1807 3 141.4 -69 -0.473651 4517751 0.007801 49 0.271015 0.0000 0.000703 0.000996 0.003064 -0.121507 0.100193 -0.157858 40.7944899753 -218.6008231868 49.27102
S062 14AUG29 2014.6585 56898 1807 5 141.4 -69 -0.475467 4517751 0.008683 49 0.269295 0.0000 0.000705 0.000983 0.003067 -0.122161 0.158773 -0.134092 40.7944899832 -218.6008232083 49.26929
S062 14AUG30 2014.6612 56899 1807 6 141.4 -69 -0.473963 4517751 0.008223 49 0.276772 0.0000 0.000704 0.000996 0.003088 -0.134732 0.122962 -0.171619 40.7944899791 -218.6008231905 49.27677
S062 14AUG31 2014.6639 56900 1808 0 141.4 -69 -0.473789 4517751 0.008277 49 0.270003 0.0000 0.000701 0.000982 0.003058 -0.102911 0.101446 -0.188238 40.7944899796 -218.6008231885 49.27000
S062 14SEP01 2014.6667 56901 1808 1 141.4 -69 -0.473397 4517751 0.007662 49 0.267619 0.0000 0.000690 0.000970 0.002932 -0.127141 0.120727 -0.155674 40.7944899740 -218.6008231838 49.26762
S062 14SEP02 2014.6694 56902 1808 2 141.4 -69 -0.475306 4517751 0.009132 49 0.267673 0.0000 0.000697 0.000972 0.002972 -0.140906 0.130596 -0.192974 40.7944899873 -218.6008232064 49.26767
S062 14SEP03 2014.6721 56903 1808 3 141.4 -69 -0.475137 4517751 0.009334 49 0.272585 0.0000 0.000700 0.000975 0.002979 -0.140644 0.145088 -0.170082 40.7944899891 -218.6008232044 49.27258
S062 14SEP04 2014.6749 56904 1808 4 141.4 -69 -0.473599 4517751 0.008918 49 0.276686 0.0000 0.000709 0.000995 0.003062 -0.151186 0.119595 -0.138230 40.7944899854 -218.6008231862 49.27669
S062 14SEP05 2014.6776 56905 1808 5 141.4 -69 -0.473369 4517751 0.007620 49 0.273108 0.0000 0.000741 0.001033 0.003227 -0.144384 0.105868 -0.135008 40.7944899737 -218.6008231835 49.27311
S062 14SEP06 2014.6804 56906 1808 6 141.4 -69 -0.474436 4517751 0.009410 49 0.269606 0.0000 0.000703 0.000976 0.002999 -0.131128 0.103085 -0.157403 40.7944899898 -218.6008231961 49.26961
S062 14SEP07 2014.6831 56907 1809 0 141.4 -69 -0.472829 4517751 0.010742 49 0.269347 0.0000 0.000705 0.000984 0.003037 -0.125716 0.131833 -0.165239 40.7944900018 -218.6008231771 49.26935
S062 14SEP08 2014.6858 56908 1809 1 141.4 -69 -0.473548 4517751 0.010191 49 0.271173 0.0000 0.000713 0.001000 0.003060 -0.147026 0.133471 -0.115685 40.7944899968 -218.6008231856 49.27117
S062 14SEP09 2014.6886 56909 1809 2 141.4 -69 -0.472820 4517751 0.009090 49 0.265881 0.0000 0.000697 0.000976 0.002971 -0.152763 0.123707 -0.150336 40.7944899869 -218.6008231770 49.26588
S062 14SEP10 2014.6913 56910 1809 3 141.4 -69 -0.472670 4517751 0.008450 49 0.271876 0.0000 0.000731 0.001012 0.003162 -0.107519 0.113192 -0.120298 40.7944899811 -218.6008231752 49.27188
S062 14SEP11 2014.6940 56911 1809 4 141.4 -69 -0.471117 4517751 0.008716 49 0.268382 0.0000 0.000719 0.000995 0.003027 -0.151044 0.120125 -0.138225 40.7944899835 -218.6008231568 49.26838
S062 14SEP12 2014.6968 56912 1809 5 141.4 -69 -0.473728 4517751 0.008749 49 0.267476 0.0000 0.000716 0.001008 0.003149 -0.126955 0.126794 -0.164818 40.7944899838 -218.6008231877 49.26748
S062 14SEP13 2014.6995 56913 1809 6 141.4 -69 -0.474804 4517751 0.007254 49 0.277775 0.0000 0.000712 0.000970 0.002972 -0.137733 0.146327 -0.147463 40.7944899704 -218.6008232005 49.27778
S062 14SEP14 2014.7023 56914 1810 0 141.4 -69 -0.472890 4517751 0.008033 49 0.270836 0.0000 0.000718 0.000981 0.003141 -0.133979 0.168307 -0.167029 40.7944899774 -218.6008231778 49.27084
S062 14SEP15 2014.7050 56915 1810 1 141.4 -69 -0.470741 4517751 0.006881 49 0.276182 0.0000 0.000704 0.000982 0.003003 -0.129523 0.112988 -0.158238 40.7944899670 -218.6008231524 49.27618
S062 14SEP16 2014.7077 56916 1810 2 141.4 -69 -0.469950 4517751 0.007260 49 0.278707 0.0000 0.000717 0.000985 0.003049 -0.150430 0.131304 -0.152734 40.7944899704 -218.6008231430 49.27871
S062 14SEP17 2014.7105 56917 1810 3 141.4 -69 -0.469285 4517751 0.005947 49 0.271594 0.0000 0.000711 0.000985 0.003044 -0.123780 0.103474 -0.141980 40.7944899586 -218.6008231351 49.27159
S062 14SEP18 2014.7132 56918 1810 4 141.4 -69 -0.472048 4517751 0.007750 49 0.274445 0.0000 0.000697 0.000952 0.002979 -0.137512 0.130112 -0.152714 40.7944899748 -218.6008231678 49.27445
S062 14SEP19 2014.7159 56919 1810 5 141.4 -69 -0.469843 4517751 0.006608 49 0.272968 0.0000 0.000727 0.000995 0.003235 -0.121721 0.146821 -0.165218 40.7944899646 -218.6008231417 49.27297
S062 14SEP20 2014.7187 56920 1810 6 141.4 -69 -0.472114 4517751 0.007699 49 0.272264 0.0000 0.000698 0.000960 0.002991 -0.131104 0.120547 -0.137732 40.7944899744 -218.6008231686 49.27226
S062 14SEP21 2014.7214 56921 1811 0 141.4 -69 -0.471548 4517751 0.007160 49 0.270432 0.0000 0.000696 0.000940 0.002984 -0.116760 0.162807 -0.101132 40.7944899695 -218.6008231619 49.27043
S062 14SEP22 2014.7242 56922 1811 1 141.4 -69 -0.470376 4517751 0.005076 49 0.272019 0.0000 0.000709 0.000957 0.003054 -0.152755 0.159590 -0.175043 40.7944899508 -218.6008231480 49.27202
S062 14SEP23 2014.7269 56923 1811 2 141.4 -69 -0.473030 4517751 0.006230 49 0.269171 0.0000 0.000697 0.000965 0.003038 -0.118235 0.117123 -0.155330 40.7944899611 -218.6008231795 49.26917
S062 14SEP24 2014.7296 56924 1811 3 141.4 -69 -0.471010 4517751 0.005716 49 0.269525 0.0000 0.000706 0.000964 0.003035 -0.105573 0.136143 -0.141451 40.7944899565 -218.6008231555 49.26953
S062 14SEP25 2014.7324 56925 1811 4 141.4 -69 -0.470882 4517751 0.005520 49 0.266499 0.0000 0.000700 0.000955 0.003047 -0.120987 0.183065 -0.159598 40.7944899548 -218.6008231540 49.26650
S062 14SEP26 2014.7351 56926 1811 5 141.4 -69 -0.469064 4517751 0.005482 49 0.267489 0.0000 0.000720 0.000956 0.003126 -0.121165 0.212973 -0.135276 40.7944899544 -218.6008231325 49.26749
S062 14SEP27 2014.7379 56927 1811 6 141.4 -69 -0.469695 4517751 0.004648 49 0.269229 0.0000 0.000708 0.000974 0.003031 -0.111791 0.115054 -0.141895 40.7944899469 -218.6008231400 49.26923
S062 14SEP28 2014.7406 56928 1812 0 141.4 -69 -0.473008 4517751 0.006739 49 0.265910 0.0000 0.000715 0.000974 0.003073 -0.110120 0.092708 -0.136646 40.7944899657 -218.6008231792 49.26591
S062 14SEP30 2014.7461 56930 1812 2 141.4 -69 -0.470839 4517751 0.004376 49 0.268421 0.0000 0.000722 0.000984 0.003143 -0.109505 0.141036 -0.099941 40.7944899445 -218.6008231535 49.26842
S062 14OCT01 2014.7488 56931 1812 3 141.4 -69 -0.472159 4517751 0.004331 49 0.267814 0.0000 0.000702 0.000975 0.003035 -0.107748 0.157028 -0.093626 40.7944899441 -218.6008231692 49.26781
S062 14OCT02 2014.7515 56932 1812 4 141.4 -69 -0.471086 4517751 0.008046 49 0.269110 0.0000 0.000711 0.000983 0.003071 -0.095094 0.137638 -0.111160 40.7944899775 -218.6008231564 49.26911
S062 14OCT03 2014.7543 56933 1812 5 141.4 -69 -0.470937 4517751 0.005367 49 0.277562 0.0000 0.000776 0.001072 0.003408 -0.148898 0.136562 -0.102032 40.7944899534 -218.6008231547 49.27756
S062 14NOV25 2014.8994 56986 1820 2 141.4 -69 -0.466941 4517751 -0.003434 49 0.265722 0.0000 0.000723 0.000966 0.003033 -0.151899 0.125088 -0.136343 40.7944898741 -218.6008231073 49.26572
S062 15FEB08 2015.1047 57061 1831 0 141.4 -69 -0.460884 4517751 -0.015096 49 0.267360 0.0000 0.000700 0.000982 0.002994 -0.111601 0.131279 -0.138585 40.7944897691 -218.6008230356 49.26736
S062 15FEB09 2015.1075 57062 1831 1 141.4 -69 -0.461731 4517751 -0.014966 49 0.271894 0.0000 0.000708 0.001002 0.003064 -0.121288 0.158620 -0.147337 40.7944897703 -218.6008230456 49.27189
S062 15FEB10 2015.1102 57063 1831 2 141.4 -69 -0.460997 4517751 -0.014482 49 0.270069 0.0000 0.000730 0.001017 0.003130 -0.153807 0.184218 -0.177595 40.7944897746 -218.6008230369 49.27007
S062 15FEB11 2015.1129 57064 1831 3 141.4 -69 -0.461023 4517751 -0.014559 49 0.265054 0.0000 0.000745 0.001076 0.003279 -0.125926 0.113180 -0.151565 40.7944897739 -218.6008230372 49.26505
S062 15FEB12 2015.1157 57065 1831 4 141.4 -69 -0.460082 4517751 -0.014203 49 0.271244 0.0000 0.000711 0.000978 0.003055 -0.130624 0.171389 -0.166124 40.7944897772 -218.6008230261 49.27124
S062 15FEB13 2015.1184 57066 1831 5 141.4 -69 -0.460832 4517751 -0.013549 49 0.271930 0.0000 0.000699 0.000959 0.003022 -0.112188 0.148341 -0.187263 40.7944897830 -218.6008230349 49.27193
S062 15FEB14 2015.1211 57067 1831 6 141.4 -69 -0.461309 4517751 -0.015696 49 0.268438 0.0000 0.000717 0.000999 0.003005 -0.127771 0.139153 -0.127489 40.7944897637 -218.6008230406 49.26844
S062 15FEB15 2015.1239 57068 1832 0 141.4 -69 -0.460271 4517751 -0.014881 49 0.273009 0.0000 0.000709 0.000967 0.003078 -0.102300 0.175569 -0.176688 40.7944897710 -218.6008230283 49.27301
S062 15FEB16 2015.1266 57069 1832 1 141.4 -69 -0.463344 4517751 -0.015685 49 0.272777 0.0000 0.000719 0.001011 0.003176 -0.098538 0.145694 -0.211627 40.7944897638 -218.6008230647 49.27278
S062 15FEB17 2015.1294 57070 1832 2 141.4 -69 -0.459747 4517751 -0.015593 49 0.267981 0.0000 0.000716 0.001018 0.003120 -0.108060 0.138004 -0.152401 40.7944897646 -218.6008230221 49.26798
S062 15FEB18 2015.1321 57071 1832 3 141.4 -69 -0.461029 4517751 -0.016262 49 0.269159 0.0000 0.000711 0.000979 0.003061 -0.127447 0.145152 -0.137947 40.7944897586 -218.6008230373 49.26916
S062 15FEB19 2015.1348 57072 1832 4 141.4 -69 -0.460504 4517751 -0.015204 49 0.261539 0.0000 0.000714 0.001004 0.003106 -0.097014 0.133489 -0.178417 40.7944897681 -218.6008230311 49.26154
S062 15FEB20 2015.1376 57073 1832 5 141.4 -69 -0.460112 4517751 -0.014925 49 0.260015 0.0000 0.000716 0.000995 0.003123 -0.091524 0.127931 -0.165164 40.7944897706 -218.6008230264 49.26001
S062 15FEB21 2015.1403 57074 1832 6 141.4 -69 -0.458815 4517751 -0.016708 49 0.262854 0.0000 0.000749 0.001042 0.003265 -0.165075 0.200870 -0.200153 40.7944897546 -218.6008230110 49.26285
S062 15FEB22 2015.1431 57075 1833 0 141.4 -69 -0.458356 4517751 -0.016700 49 0.270947 0.0000 0.000709 0.000995 0.003102 -0.110233 0.150396 -0.149676 40.7944897547 -218.6008230056 49.27095
S062 15FEB27 2015.1567 57080 1833 5 141.4 -69 -0.458757 4517751 -0.017369 49 0.268544 0.0000 0.000699 0.000958 0.002941 -0.120865 0.119629 -0.137367 40.7944897486 -218.6008230104 49.26854
S062 15FEB28 2015.1595 57081 1833 6 141.4 -69 -0.458703 4517751 -0.017444 49 0.271756 0.0000 0.000697 0.000959 0.002987 -0.125652 0.135470 -0.157912 40.7944897480 -218.6008230097 49.27176
S062 15MAR01 2015.1622 57082 1834 0 141.4 -69 -0.458195 4517751 -0.016299 49 0.271144 0.0000 0.000714 0.000975 0.003073 -0.141482 0.109692 -0.171715 40.7944897583 -218.6008230037 49.27114
S062 15MAR02 2015.1650 57083 1834 1 141.4 -69 -0.459029 4517751 -0.017181 49 0.266089 0.0000 0.000703 0.000973 0.003021 -0.141273 0.113380 -0.177353 40.7944897503 -218.6008230136 49.26609
S062 15MAR03 2015.1677 57084 1834 2 141.4 -69 -0.459178 4517751 -0.017527 49 0.267942 0.0000 0.000716 0.000979 0.003082 -0.106001 0.143449 -0.156792 40.7944897472 -218.6008230153 49.26794
S062 15MAR04 2015.1704 57085 1834 3 141.4 -69 -0.459314 4517751 -0.017546 49 0.266577 0.0000 0.000708 0.000986 0.003024 -0.106768 0.114518 -0.144394 40.7944897470 -218.6008230170 49.26658
S062 15MAR05 2015.1732 57086 1834 4 141.4 -69 -0.457638 4517751 -0.019442 49 0.261998 0.0000 0.000713 0.001014 0.003046 -0.106230 0.162021 -0.138552 40.7944897300 -218.6008229971 49.26200
S062 15MAR06 2015.1759 57087 1834 5 141.4 -69 -0.457930 4517751 -0.018207 49 0.263162 0.0000 0.000710 0.001034 0.003076 -0.132810 0.137922 -0.144904 40.7944897411 -218.6008230006 49.26316
S062 15MAR07 2015.1786 57088 1834 6 141.4 -69 -0.459051 4517751 -0.017001 49 0.261603 0.0000 0.000708 0.000984 0.003045 -0.133130 0.114985 -0.121658 40.7944897520 -218.6008230138 49.26160
S062 15MAR08 2015.1814 57089 1835 0 141.4 -69 -0.458330 4517751 -0.017721 49 0.260931 0.0000 0.000707 0.000981 0.003015 -0.116247 0.104024 -0.152947 40.7944897455 -218.6008230053 49.26093
S062 15MAR09 2015.1841 57090 1835 1 141.4 -69 -0.457822 4517751 -0.017064 49 0.269549 0.0000 0.000712 0.000998 0.003068 -0.142325 0.141670 -0.147481 40.7944897514 -218.6008229993 49.26955
S062 15MAR10 2015.1869 57091 1835 2 141.4 -69 -0.458603 4517751 -0.019840 49 0.272240 0.0000 0.000702 0.000978 0.003032 -0.100566 0.108200 -0.138426 40.7944897264 -218.6008230085 49.27224
S062 15MAR11 2015.1896 57092 1835 3 141.4 -69 -0.456733 4517751 -0.018153 49 0.268568 0.0000 0.000712 0.000967 0.003043 -0.131811 0.159958 -0.167839 40.7944897416 -218.6008229864 49.26857
S062 15MAR12 2015.1923 57093 1835 4 141.4 -69 -0.457892 4517751 -0.018106 49 0.270452 0.0000 0.000740 0.001012 0.003190 -0.125268 0.131731 -0.133154 40.7944897420 -218.6008230001 49.27045
S062 15MAR13 2015.1951 57094 1835 5 141.4 -69 -0.458281 4517751 -0.018102 49 0.268489 0.0000 0.000715 0.000997 0.003075 -0.140313 0.120444 -0.143420 40.7944897420 -218.6008230047 49.26849
S062 15MAR14 2015.1978 57095 1835 6 141.4 -69 -0.458687 4517751 -0.018935 49 0.269831 0.0000 0.000703 0.000968 0.003004 -0.130466 0.156133 -0.166496 40.7944897345 -218.6008230095 49.26983
S062 15MAR15 2015.2005 57096 1836 0 141.4 -69 -0.459830 4517751 -0.018632 49 0.266766 0.0000 0.000706 0.000977 0.003024 -0.139776 0.155183 -0.153421 40.7944897373 -218.6008230231 49.26677
S062 15MAR16 2015.2033 57097 1836 1 141.4 -69 -0.459986 4517751 -0.017090 49 0.269294 0.0000 0.000708 0.000966 0.003010 -0.130130 0.142575 -0.167600 40.7944897512 -218.6008230249 49.26929
S062 15MAR17 2015.2060 57098 1836 2 141.4 -69 -0.458347 4517751 -0.016226 49 0.269119 0.0000 0.000723 0.001001 0.003183 -0.097098 0.069344 -0.166165 40.7944897589 -218.6008230055 49.26912
S062 15MAR18 2015.2088 57099 1836 3 141.4 -69 -0.457005 4517751 -0.017426 49 0.269269 0.0000 0.000708 0.000970 0.003013 -0.104977 0.089805 -0.146066 40.7944897481 -218.6008229896 49.26927
S062 15MAR19 2015.2115 57100 1836 4 141.4 -69 -0.457600 4517751 -0.017778 49 0.270445 0.0000 0.000704 0.000957 0.002990 -0.121783 0.161227 -0.133407 40.7944897450 -218.6008229966 49.27045
S062 15MAR20 2015.2142 57101 1836 5 141.4 -69 -0.458171 4517751 -0.018994 49 0.266883 0.0000 0.000711 0.000977 0.003064 -0.105239 0.149375 -0.141729 40.7944897340 -218.6008230034 49.26688
S062 15MAR21 2015.2170 57102 1836 6 141.4 -69 -0.458396 4517751 -0.018900 49 0.267597 0.0000 0.000689 0.000961 0.002926 -0.132581 0.117553 -0.119010 40.7944897349 -218.6008230061 49.26760
S062 15MAR22 2015.2197 57103 1837 0 141.4 -69 -0.458292 4517751 -0.019369 49 0.271433 0.0000 0.000709 0.000981 0.003037 -0.128164 0.138378 -0.133407 40.7944897306 -218.6008230048 49.27143
S062 15MAR23 2015.2225 57104 1837 1 141.4 -69 -0.457054 4517751 -0.018615 49 0.262638 0.0000 0.000701 0.000969 0.002992 -0.111020 0.147917 -0.127727 40.7944897374 -218.6008229902 49.26264
S062 15MAR25 2015.2279 57106 1837 3 141.4 -69 -0.458594 4517751 -0.023275 49 0.264564 0.0000 0.000687 0.000948 0.002884 -0.102819 0.121135 -0.113660 40.7944896955 -218.6008230084 49.26456
S062 15MAR26 2015.2307 57107 1837 4 141.4 -69 -0.456679 4517751 -0.023369 49 0.270555 0.0000 0.000688 0.000943 0.002902 -0.105902 0.125034 -0.143073 40.7944896946 -218.6008229857 49.27055
S062 15MAR27 2015.2334 57108 1837 5 141.4 -69 -0.457996 4517751 -0.020186 49 0.267140 0.0000 0.000688 0.001004 0.002972 -0.110973 0.089259 -0.109493 40.7944897233 -218.6008230013 49.26714
S062 15MAR28 2015.2361 57109 1837 6 141.4 -69 -0.458039 4517751 -0.020956 49 0.269272 0.0000 0.000688 0.000996 0.002956 -0.093890 0.091634 -0.123195 40.7944897163 -218.6008230018 49.26927
S062 15MAR29 2015.2389 57110 1838 0 141.4 -69 -0.457592 4517751 -0.021919 49 0.269646 0.0000 0.000713 0.001030 0.003087 -0.094716 0.101509 -0.137534 40.7944897077 -218.6008229965 49.26965
S062 15MAR30 2015.2416 57111 1838 1 141.4 -69 -0.457240 4517751 -0.021211 49 0.269197 0.0000 0.000702 0.001011 0.003010 -0.077043 0.072960 -0.136890 40.7944897140 -218.6008229924 49.26920
S062 15MAR31 2015.2444 57112 1838 2 141.4 -69 -0.459552 4517751 -0.022146 49 0.270091 0.0000 0.000708 0.001018 0.003110 -0.081610 0.122649 -0.163261 40.7944897056 -218.6008230198 49.27009
S062 15APR01 2015.2471 57113 1838 3 141.4 -69 -0.459055 4517751 -0.021174 49 0.273888 0.0000 0.000697 0.000965 0.002998 -0.079611 0.106778 -0.178072 40.7944897144 -218.6008230139 49.27389
S062 15APR02 2015.2498 57114 1838 4 141.4 -69 -0.458830 4517751 -0.020183 49 0.278433 0.0000 0.000694 0.000989 0.002964 -0.113941 0.095999 -0.132300 40.7944897233 -218.6008230112 49.27843
S062 15APR03 2015.2526 57115 1838 5 141.4 -69 -0.459469 4517751 -0.019933 49 0.275283 0.0000 0.000724 0.001004 0.003156 -0.076902 0.173293 -0.099407 40.7944897255 -218.6008230188 49.27528
S062 15APR04 2015.2553 57116 1838 6 141.4 -69 -0.459175 4517751 -0.019928 49 0.270990 0.0000 0.000686 0.000972 0.002936 -0.087712 0.086582 -0.155662 40.7944897256 -218.6008230153 49.27099
S062 15APR05 2015.2580 57117 1839 0 141.4 -69 -0.459953 4517751 -0.021531 49 0.269634 0.0000 0.000702 0.000951 0.003009 -0.092589 0.107424 -0.202107 40.7944897112 -218.6008230245 49.26963
S062 15APR06 2015.2608 57118 1839 1 141.4 -69 -0.458456 4517751 -0.023590 49 0.270322 0.0000 0.000690 0.000952 0.002960 -0.071232 0.138363 -0.126645 40.7944896926 -218.6008230068 49.27032
S062 15APR07 2015.2635 57119 1839 2 141.4 -69 -0.458757 4517751 -0.022467 49 0.274204 0.0000 0.000677 0.000946 0.002873 -0.077860 0.108504 -0.159904 40.7944897027 -218.6008230103 49.27420
S062 15APR08 2015.2663 57120 1839 3 141.4 -69 -0.459408 4517751 -0.023582 49 0.269991 0.0000 0.000681 0.000951 0.002941 -0.052075 0.080413 -0.193546 40.7944896927 -218.6008230181 49.26999
S062 15APR09 2015.2690 57121 1839 4 141.4 -69 -0.459863 4517751 -0.021313 49 0.268935 0.0000 0.000677 0.000957 0.002870 -0.071842 0.078357 -0.162467 40.7944897131 -218.6008230235 49.26893
S062 15APR10 2015.2717 57122 1839 5 141.4 -69 -0.459589 4517751 -0.023221 49 0.266679 0.0000 0.000674 0.000958 0.002911 -0.058101 0.082599 -0.179714 40.7944896959 -218.6008230202 49.26668
S062 15APR11 2015.2745 57123 1839 6 141.4 -69 -0.460478 4517751 -0.023636 49 0.265064 0.0000 0.000680 0.000962 0.002896 -0.053496 0.086275 -0.177195 40.7944896922 -218.6008230307 49.26506
S062 15APR12 2015.2772 57124 1840 0 141.4 -69 -0.459391 4517751 -0.023414 49 0.268106 0.0000 0.000692 0.000935 0.002917 -0.076600 0.130735 -0.147483 40.7944896942 -218.6008230179 49.26811
S062 15APR13 2015.2799 57125 1840 1 141.4 -69 -0.457744 4517751 -0.024200 49 0.276099 0.0000 0.000702 0.000965 0.003008 -0.132538 0.129986 -0.159615 40.7944896871 -218.6008229983 49.27610
S062 15APR14 2015.2827 57126 1840 2 141.4 -69 -0.458056 4517751 -0.022117 49 0.274057 0.0000 0.000695 0.000976 0.003005 -0.122794 0.126742 -0.148146 40.7944897059 -218.6008230021 49.27406
S062 15APR15 2015.2854 57127 1840 3 141.4 -69 -0.458318 4517751 -0.023673 49 0.272293 0.0000 0.000716 0.000983 0.002989 -0.146925 0.113106 -0.099161 40.7944896919 -218.6008230052 49.27229
S062 15APR16 2015.2882 57128 1840 4 141.4 -69 -0.457484 4517751 -0.024076 49 0.272800 0.0000 0.000721 0.000993 0.003089 -0.105572 0.146694 -0.115188 40.7944896882 -218.6008229953 49.27280
S062 15APR17 2015.2909 57129 1840 5 141.4 -69 -0.458235 4517751 -0.022987 49 0.269796 0.0000 0.000714 0.000996 0.003107 -0.087153 0.114928 -0.160955 40.7944896980 -218.6008230042 49.26980
S062 15APR18 2015.2936 57130 1840 6 141.4 -69 -0.458753 4517751 -0.024211 49 0.273842 0.0000 0.000745 0.001042 0.003230 -0.095422 0.182872 -0.122994 40.7944896870 -218.6008230103 49.27384
S062 15APR19 2015.2964 57131 1841 0 141.4 -69 -0.457114 4517751 -0.022533 49 0.272180 0.0000 0.000711 0.000973 0.003076 -0.101425 0.167096 -0.127225 40.7944897021 -218.6008229909 49.27218
S062 15APR20 2015.2991 57132 1841 1 141.4 -69 -0.456542 4517751 -0.024146 49 0.276440 0.0000 0.000708 0.000977 0.003077 -0.120234 0.136643 -0.137628 40.7944896876 -218.6008229841 49.27644
S062 15APR21 2015.3018 57133 1841 2 141.4 -69 -0.456862 4517751 -0.024386 49 0.278786 0.0000 0.000694 0.000994 0.003058 -0.139394 0.117257 -0.114639 40.7944896855 -218.6008229879 49.27879
S062 15APR22 2015.3046 57134 1841 3 141.4 -69 -0.457736 4517751 -0.023717 49 0.277639 0.0000 0.000704 0.000999 0.003075 -0.144460 0.151139 -0.147717 40.7944896915 -218.6008229983 49.27764
S062 15APR23 2015.3073 57135 1841 4 141.4 -69 -0.457039 4517751 -0.024568 49 0.273735 0.0000 0.000667 0.000958 0.002898 -0.115651 0.125801 -0.166458 40.7944896838 -218.6008229900 49.27374
S062 15APR24 2015.3101 57136 1841 5 141.4 -69 -0.457435 4517751 -0.025025 49 0.270373 0.0000 0.000682 0.000980 0.002986 -0.115970 0.127085 -0.143995 40.7944896797 -218.6008229947 49.27037
S062 15APR25 2015.3128 57137 1841 6 141.4 -69 -0.456732 4517751 -0.024660 49 0.277075 0.0000 0.000677 0.000959 0.002950 -0.126858 0.127370 -0.182307 40.7944896830 -218.6008229864 49.27707
S062 15APR26 2015.3155 57138 1842 0 141.4 -69 -0.457838 4517751 -0.024576 49 0.279753 0.0000 0.000677 0.000960 0.002968 -0.101861 0.128715 -0.131968 40.7944896837 -218.6008229995 49.27975
S062 15APR27 2015.3183 57139 1842 1 141.4 -69 -0.457758 4517751 -0.025398 49 0.278014 0.0000 0.000672 0.000961 0.002930 -0.121841 0.099910 -0.173537 40.7944896763 -218.6008229985 49.27801
S062 15APR28 2015.3210 57140 1842 2 141.4 -69 -0.457878 4517751 -0.024569 49 0.276114 0.0000 0.000685 0.000963 0.003001 -0.092264 0.160719 -0.168296 40.7944896838 -218.6008229999 49.27611
S062 15APR29 2015.3238 57141 1842 3 141.4 -69 -0.456682 4517751 -0.025084 49 0.275433 0.0000 0.000681 0.000955 0.002956 -0.103524 0.113821 -0.117417 40.7944896792 -218.6008229858 49.27543
S062 15APR30 2015.3265 57142 1842 4 141.4 -69 -0.456118 4517751 -0.026639 49 0.275473 0.0000 0.000700 0.001018 0.003079 -0.100622 0.118453 -0.192460 40.7944896652 -218.6008229791 49.27547
S062 15MAY01 2015.3292 57143 1842 5 141.4 -69 -0.457518 4517751 -0.025045 49 0.275167 0.0000 0.000695 0.000971 0.002996 -0.096930 0.109084 -0.205106 40.7944896795 -218.6008229957 49.27517
S062 15MAY02 2015.3320 57144 1842 6 141.4 -69 -0.457613 4517751 -0.023912 49 0.271356 0.0000 0.000671 0.000932 0.002869 -0.094025 0.139603 -0.154476 40.7944896897 -218.6008229968 49.27136
S062 15MAY03 2015.3347 57145 1843 0 141.4 -69 -0.456976 4517751 -0.026486 49 0.274423 0.0000 0.000663 0.000951 0.002862 -0.086538 0.119046 -0.140117 40.7944896665 -218.6008229892 49.27442
S062 15MAY04 2015.3374 57146 1843 1 141.4 -69 -0.456775 4517751 -0.024772 49 0.274972 0.0000 0.000692 0.000989 0.003036 -0.095220 0.127809 -0.140840 40.7944896820 -218.6008229869 49.27497
S062 15MAY05 2015.3402 57147 1843 2 141.4 -69 -0.457936 4517751 -0.025201 49 0.272335 0.0000 0.000705 0.001005 0.003074 -0.104202 0.074214 -0.095676 40.7944896781 -218.6008230006 49.27234
S062 15MAY06 2015.3429 57148 1843 3 141.4 -69 -0.458282 4517751 -0.027454 49 0.284638 0.0000 0.000680 0.000961 0.002981 -0.097799 0.146862 -0.131973 40.7944896578 -218.6008230047 49.28464
S062 15MAY07 2015.3457 57149 1843 4 141.4 -69 -0.459263 4517751 -0.025437 49 0.277838 0.0000 0.000685 0.000934 0.002928 -0.085900 0.128085 -0.143184 40.7944896760 -218.6008230164 49.27784
S062 15MAY08 2015.3484 57150 1843 5 141.4 -69 -0.457087 4517751 -0.025709 49 0.274761 0.0000 0.000686 0.000943 0.002961 -0.082573 0.129480 -0.175941 40.7944896735 -218.6008229906 49.27476
S062 15MAY09 2015.3511 57151 1843 6 141.4 -69 -0.456252 4517751 -0.027017 49 0.278100 0.0000 0.000684 0.000951 0.002935 -0.106390 0.128204 -0.169899 40.7944896618 -218.6008229807 49.27810
S062 15MAY10 2015.3539 57152 1844 0 141.4 -69 -0.455538 4517751 -0.026743 49 0.276182 0.0000 0.000685 0.000948 0.003005 -0.073601 0.166125 -0.131344 40.7944896642 -218.6008229722 49.27618
S062 15MAY11 2015.3566 57153 1844 1 141.4 -69 -0.456134 4517751 -0.026250 49 0.275849 0.0000 0.000694 0.000954 0.003003 -0.097164 0.105141 -0.140248 40.7944896687 -218.6008229793 49.27585
S062 15MAY12 2015.3593 57154 1844 2 141.4 -69 -0.456069 4517751 -0.026316 49 0.283984 0.0000 0.000706 0.001008 0.003172 -0.097240 0.175601 -0.110021 40.7944896681 -218.6008229785 49.28398
S062 15MAY13 2015.3621 57155 1844 3 141.4 -69 -0.454707 4517751 -0.027492 49 0.281966 0.0000 0.000698 0.001005 0.003143 -0.105269 0.144554 -0.124549 40.7944896575 -218.6008229624 49.28197
S062 15MAY14 2015.3648 57156 1844 4 141.4 -69 -0.456039 4517751 -0.024999 49 0.277845 0.0000 0.000696 0.000950 0.003025 -0.060772 0.103581 -0.159717 40.7944896799 -218.6008229781 49.27784
S062 15MAY15 2015.3676 57157 1844 5 141.4 -69 -0.456057 4517751 -0.025440 49 0.283655 0.0000 0.000714 0.000966 0.003197 -0.099905 0.201413 -0.125411 40.7944896760 -218.6008229784 49.28365
S062 15MAY16 2015.3703 57158 1844 6 141.4 -69 -0.454887 4517751 -0.027205 49 0.278146 0.0000 0.000716 0.001009 0.003223 -0.072396 0.123227 -0.047344 40.7944896601 -218.6008229645 49.27815
S062 15MAY17 2015.3730 57159 1845 0 141.4 -69 -0.454022 4517751 -0.026985 49 0.282999 0.0000 0.000721 0.000993 0.003262 -0.096800 0.119365 -0.074723 40.7944896620 -218.6008229542 49.28300
S062 15MAY18 2015.3758 57160 1845 1 141.4 -69 -0.456174 4517751 -0.025329 49 0.282241 0.0000 0.000773 0.001049 0.003270 -0.148837 0.136136 -0.082645 40.7944896770 -218.6008229797 49.28224
S062 15MAY19 2015.3785 57161 1845 2 141.4 -69 -0.454778 4517751 -0.027922 49 0.278717 0.0000 0.000751 0.000986 0.003250 -0.066309 0.097099 -0.168377 40.7944896536 -218.6008229632 49.27872
S062 15MAY20 2015.3812 57162 1845 3 141.4 -69 -0.454453 4517751 -0.025978 49 0.275461 0.0000 0.000727 0.001008 0.003185 -0.117620 0.101929 -0.121956 40.7944896711 -218.6008229594 49.27546
S062 15MAY21 2015.3840 57163 1845 4 141.4 -69 -0.453623 4517751 -0.026137 49 0.276416 0.0000 0.000700 0.000957 0.003014 -0.095069 0.099887 -0.168277 40.7944896697 -218.6008229495 49.27642
S062 15MAY22 2015.3867 57164 1845 5 141.4 -69 -0.455661 4517751 -0.026751 49 0.274886 0.0000 0.000687 0.000940 0.002974 -0.064834 0.099053 -0.157523 40.7944896642 -218.6008229737 49.27489
S062 15MAY23 2015.3895 57165 1845 6 141.4 -69 -0.454473 4517751 -0.026893 49 0.281044 0.0000 0.000675 0.000931 0.002888 -0.095234 0.116845 -0.136876 40.7944896629 -218.6008229596 49.28104
S062 15MAY24 2015.3922 57166 1846 0 141.4 -69 -0.454764 4517751 -0.027068 49 0.279333 0.0000 0.000698 0.001005 0.003031 -0.125668 0.092122 -0.098816 40.7944896613 -218.6008229630 49.27933
S062 15MAY25 2015.3949 57167 1846 1 141.4 -69 -0.454137 4517751 -0.027043 49 0.276801 0.0000 0.000747 0.000989 0.003307 -0.053687 0.141036 -0.134216 40.7944896615 -218.6008229556 49.27680
S062 15MAY26 2015.3977 57168 1846 2 141.4 -69 -0.456189 4517751 -0.027129 49 0.287297 0.0000 0.000823 0.001134 0.003655 -0.158927 0.089890 -0.082570 40.7944896607 -218.6008229799 49.28730
S062 15MAY27 2015.4004 57169 1846 3 141.4 -69 -0.454807 4517751 -0.026479 49 0.281083 0.0000 0.000803 0.001005 0.003401 -0.145793 0.174554 -0.195171 40.7944896666 -218.6008229635 49.28108
S062 15MAY28 2015.4031 57170 1846 4 141.4 -69 -0.455309 4517751 -0.026936 49 0.280140 0.0000 0.000726 0.000961 0.003104 -0.131054 0.122571 -0.135662 40.7944896625 -218.6008229695 49.28014
S062 15MAY29 2015.4059 57171 1846 5 141.4 -69 -0.455157 4517751 -0.026376 49 0.280546 0.0000 0.000698 0.000928 0.002937 -0.111847 0.123388 -0.163118 40.7944896675 -218.6008229677 49.28055
S062 15MAY30 2015.4086 57172 1846 6 141.4 -69 -0.454398 4517751 -0.025936 49 0.280521 0.0000 0.000742 0.000989 0.003196 -0.102100 0.118491 -0.126042 40.7944896715 -218.6008229587 49.28052
S062 15MAY31 2015.4114 57173 1847 0 141.4 -69 -0.452081 4517751 -0.025718 49 0.279079 0.0000 0.000779 0.001026 0.003463 -0.099072 0.142037 -0.134977 40.7944896735 -218.6008229313 49.27908
S062 15JUN01 2015.4141 57174 1847 1 141.4 -69 -0.454414 4517751 -0.027429 49 0.281088 0.0000 0.000799 0.001053 0.003502 -0.108965 0.185565 -0.113303 40.7944896581 -218.6008229589 49.28109
S062 15JUN02 2015.4168 57175 1847 2 141.4 -69 -0.454531 4517751 -0.027166 49 0.274501 0.0000 0.000712 0.000985 0.003141 -0.071219 0.103399 -0.113138 40.7944896604 -218.6008229603 49.27450
S062 15JUN03 2015.4196 57176 1847 3 141.4 -69 -0.454419 4517751 -0.028128 49 0.276050 0.0000 0.000716 0.000993 0.003168 -0.077096 0.127457 -0.140396 40.7944896518 -218.6008229589 49.27605
S062 15JUN04 2015.4223 57177 1847 4 141.4 -69 -0.453025 4517751 -0.027182 49 0.288712 0.0000 0.000708 0.000963 0.003088 -0.069606 0.128630 -0.134062 40.7944896603 -218.6008229424 49.28871
S062 15JUN05 2015.4251 57178 1847 5 141.4 -69 -0.455148 4517751 -0.026014 49 0.280318 0.0000 0.000722 0.000982 0.003126 -0.099896 0.054287 -0.095707 40.7944896708 -218.6008229676 49.28032
S062 15JUN06 2015.4278 57179 1847 6 141.4 -69 -0.455495 4517751 -0.028105 49 0.282552 0.0000 0.000763 0.001060 0.003336 -0.127085 0.188880 -0.082518 40.7944896520 -218.6008229717 49.28255
S062 15JUN07 2015.4305 57180 1848 0 141.4 -69 -0.454349 4517751 -0.028041 49 0.278105 0.0000 0.000734 0.001011 0.003187 -0.088064 0.119194 -0.154489 40.7944896525 -218.6008229581 49.27810
S062 15JUN08 2015.4333 57181 1848 1 141.4 -69 -0.453004 4517751 -0.027638 49 0.281453 0.0000 0.000707 0.000980 0.003119 -0.107780 0.075559 -0.182597 40.7944896562 -218.6008229422 49.28145
S062 15JUN09 2015.4360 57182 1848 2 141.4 -69 -0.454090 4517751 -0.027374 49 0.283041 0.0000 0.000707 0.000961 0.003051 -0.103101 0.152405 -0.123020 40.7944896585 -218.6008229551 49.28304
S062 15JUN10 2015.4387 57183 1848 3 141.4 -69 -0.454654 4517751 -0.026870 49 0.276547 0.0000 0.000717 0.000952 0.003097 -0.069107 0.112054 -0.165150 40.7944896631 -218.6008229617 49.27655
S062 15JUN11 2015.4415 57184 1848 4 141.4 -69 -0.454900 4517751 -0.024971 49 0.275948 0.0000 0.000719 0.000996 0.003128 -0.102981 0.138618 -0.195919 40.7944896802 -218.6008229646 49.27595
S062 15JUN12 2015.4442 57185 1848 5 141.4 -69 -0.453482 4517751 -0.028109 49 0.282822 0.0000 0.000704 0.000948 0.003082 -0.078122 0.106737 -0.157031 40.7944896519 -218.6008229478 49.28282
S062 15JUN13 2015.4470 57186 1848 6 141.4 -69 -0.454647 4517751 -0.028383 49 0.284775 0.0000 0.000691 0.000954 0.002962 -0.108947 0.099491 -0.139819 40.7944896495 -218.6008229617 49.28478
S062 15JUN14 2015.4497 57187 1849 0 141.4 -69 -0.453080 4517751 -0.029328 49 0.281921 0.0000 0.000696 0.000947 0.002998 -0.100884 0.118389 -0.156884 40.7944896409 -218.6008229431 49.28192
S062 15JUN15 2015.4524 57188 1849 1 141.4 -69 -0.454031 4517751 -0.029464 49 0.286557 0.0000 0.000736 0.001000 0.003227 -0.082214 0.077361 -0.064135 40.7944896397 -218.6008229544 49.28656
S062 15JUN16 2015.4552 57189 1849 2 141.4 -69 -0.454096 4517751 -0.027767 49 0.278744 0.0000 0.000710 0.000951 0.003039 -0.107433 0.117825 -0.152973 40.7944896550 -218.6008229551 49.27874
S062 15JUN17 2015.4579 57190 1849 3 141.4 -69 -0.454088 4517751 -0.028235 49 0.282338 0.0000 0.000765 0.001063 0.003374 -0.055574 0.072922 -0.113320 40.7944896508 -218.6008229550 49.28234
S062 15JUN18 2015.4606 57191 1849 4 141.4 -69 -0.454658 4517751 -0.027739 49 0.282389 0.0000 0.000734 0.000971 0.003145 -0.043988 0.080500 -0.125136 40.7944896553 -218.6008229618 49.28239
S062 15JUN19 2015.4634 57192 1849 5 141.4 -69 -0.454704 4517751 -0.027412 49 0.283078 0.0000 0.000723 0.000952 0.002989 -0.073309 0.076931 -0.091082 40.7944896582 -218.6008229623 49.28308
S062 15JUN20 2015.4661 57193 1849 6 141.4 -69 -0.454368 4517751 -0.028562 49 0.280176 0.0000 0.000705 0.000966 0.003058 -0.125252 0.104703 -0.163337 40.7944896478 -218.6008229583 49.28018
S062 15JUN21 2015.4689 57194 1850 0 141.4 -69 -0.452589 4517751 -0.027070 49 0.286127 0.0000 0.000714 0.000962 0.003043 -0.099501 0.091661 -0.143098 40.7944896613 -218.6008229373 49.28613
S062 15JUN22 2015.4716 57195 1850 1 141.4 -69 -0.452557 4517751 -0.027204 49 0.278854 0.0000 0.000723 0.000974 0.003244 -0.113226 0.157094 -0.133197 40.7944896601 -218.6008229369 49.27885
S062 15JUN23 2015.4743 57196 1850 2 141.4 -69 -0.452550 4517751 -0.028869 49 0.279275 0.0000 0.000712 0.000965 0.003049 -0.124032 0.180645 -0.166472 40.7944896451 -218.6008229368 49.27927
S062 15JUN24 2015.4771 57197 1850 3 141.4 -69 -0.454620 4517751 -0.028823 49 0.283829 0.0000 0.000688 0.000959 0.002937 -0.131496 0.139320 -0.144704 40.7944896455 -218.6008229613 49.28383
S062 15JUN25 2015.4798 57198 1850 4 141.4 -69 -0.453418 4517751 -0.027442 49 0.282310 0.0000 0.000705 0.000945 0.003021 -0.096366 0.082152 -0.181322 40.7944896579 -218.6008229471 49.28231
S062 15JUN26 2015.4825 57199 1850 5 141.4 -69 -0.454547 4517751 -0.026862 49 0.277217 0.0000 0.000698 0.000964 0.003073 -0.090691 0.115400 -0.163840 40.7944896632 -218.6008229605 49.27722
S062 15JUN27 2015.4853 57200 1850 6 141.4 -69 -0.454186 4517751 -0.026746 49 0.282636 0.0000 0.000762 0.001001 0.003334 -0.109016 0.170256 -0.253989 40.7944896642 -218.6008229562 49.28264
S062 15JUN28 2015.4880 57201 1851 0 141.4 -69 -0.452752 4517751 -0.028443 49 0.278477 0.0000 0.000694 0.000932 0.003080 -0.076271 0.110484 -0.247649 40.7944896489 -218.6008229392 49.27848
S062 15JUN29 2015.4908 57202 1851 1 141.4 -69 -0.451888 4517751 -0.028237 49 0.283846 0.0000 0.000736 0.000985 0.003247 -0.086381 0.175039 -0.187197 40.7944896508 -218.6008229290 49.28385
S062 15JUN30 2015.4935 57203 1851 2 141.4 -69 -0.451918 4517751 -0.028365 49 0.290297 0.0000 0.000750 0.001026 0.003332 -0.082673 0.139758 -0.164900 40.7944896496 -218.6008229293 49.29030
S062 15JUL01 2015.4962 57204 1851 3 141.4 -69 -0.452310 4517751 -0.030413 49 0.291145 0.0000 0.000774 0.001048 0.003364 -0.121714 0.155154 -0.232651 40.7944896312 -218.6008229340 49.29115
S062 15JUL02 2015.4990 57205 1851 4 141.4 -69 -0.453761 4517751 -0.025419 49 0.286512 0.0000 0.000761 0.000988 0.003346 -0.093489 0.098875 -0.146634 40.7944896761 -218.6008229512 49.28651
S062 15JUL03 2015.5017 57206 1851 5 141.4 -69 -0.453384 4517751 -0.027958 49 0.281961 0.0000 0.000721 0.000951 0.003102 -0.092062 0.152697 -0.183372 40.7944896533 -218.6008229467 49.28196
S062 15JUL04 2015.5044 57207 1851 6 141.4 -69 -0.453304 4517751 -0.027714 49 0.280974 0.0000 0.000705 0.000982 0.003052 -0.122636 0.095457 -0.129582 40.7944896555 -218.6008229457 49.28097
S062 15JUL05 2015.5072 57208 1852 0 141.4 -69 -0.450955 4517751 -0.028381 49 0.281195 0.0000 0.001159 0.001613 0.005033 -0.132160 0.148530 -0.293371 40.7944896495 -218.6008229179 49.28120
S062 15JUL07 2015.5127 57210 1852 2 141.4 -69 -0.451821 4517751 -0.030198 49 0.280805 0.0000 0.000873 0.001186 0.003840 -0.136545 0.128130 -0.117130 40.7944896331 -218.6008229282 49.28081
S062 15JUL08 2015.5154 57211 1852 3 141.4 -69 -0.452785 4517751 -0.028482 49 0.283635 0.0000 0.000748 0.001004 0.003306 -0.129154 0.179764 -0.126170 40.7944896486 -218.6008229396 49.28363
S062 15JUL09 2015.5181 57212 1852 4 141.4 -69 -0.452443 4517751 -0.028697 49 0.279979 0.0000 0.000728 0.000997 0.003256 -0.079953 0.159712 -0.124378 40.7944896466 -218.6008229355 49.27998
S062 15JUL10 2015.5209 57213 1852 5 141.4 -69 -0.452089 4517751 -0.026911 49 0.283643 0.0000 0.000742 0.001010 0.003345 -0.096270 0.140211 -0.185905 40.7944896627 -218.6008229313 49.28364
S062 15JUL11 2015.5236 57214 1852 6 141.4 -69 -0.451164 4517751 -0.029180 49 0.285182 0.0000 0.000739 0.001011 0.003248 -0.115577 0.159314 -0.073269 40.7944896423 -218.6008229204 49.28518
S062 15JUL12 2015.5264 57215 1853 0 141.4 -69 -0.452681 4517751 -0.026562 49 0.286628 0.0000 0.000750 0.001037 0.003302 -0.144522 0.182313 -0.109182 40.7944896659 -218.6008229384 49.28663
S062 15JUL13 2015.5291 57216 1853 1 141.4 -69 -0.452997 4517751 -0.028037 49 0.280924 0.0000 0.000756 0.001005 0.003241 -0.113143 0.164181 -0.100827 40.7944896526 -218.6008229421 49.28092
S062 15JUL14 2015.5318 57217 1853 2 141.4 -69 -0.449646 4517751 -0.026834 49 0.290461 0.0000 0.000766 0.001026 0.003393 -0.079733 0.098932 -0.149885 40.7944896634 -218.6008229024 49.29046
S062 15JUL15 2015.5346 57218 1853 3 141.4 -69 -0.452533 4517751 -0.026837 49 0.287876 0.0000 0.000738 0.000989 0.003239 -0.148929 0.133971 -0.139667 40.7944896634 -218.6008229366 49.28788
S062 15JUL16 2015.5373 57219 1853 4 141.4 -69 -0.452162 4517751 -0.027884 49 0.286155 0.0000 0.000719 0.000998 0.003165 -0.087197 0.067042 -0.183582 40.7944896540 -218.6008229322 49.28616
S062 15JUL17 2015.5400 57220 1853 5 141.4 -69 -0.451904 4517751 -0.030094 49 0.293144 0.0000 0.000724 0.000977 0.003118 -0.094316 0.141506 -0.153644 40.7944896341 -218.6008229292 49.29314
S062 15JUL18 2015.5428 57221 1853 6 141.4 -69 -0.451875 4517751 -0.030657 49 0.284897 0.0000 0.000723 0.000947 0.003158 -0.095725 0.181915 -0.150404 40.7944896290 -218.6008229288 49.28490
S062 15JUL19 2015.5455 57222 1854 0 141.4 -69 -0.451543 4517751 -0.030985 49 0.284504 0.0000 0.000719 0.000970 0.003150 -0.079779 0.155834 -0.197422 40.7944896260 -218.6008229249 49.28450
S062 15JUL20 2015.5483 57223 1854 1 141.4 -69 -0.451411 4517751 -0.030921 49 0.281961 0.0000 0.000691 0.000930 0.002953 -0.114158 0.135608 -0.176927 40.7944896266 -218.6008229233 49.28196
S062 15JUL21 2015.5510 57224 1854 2 141.4 -69 -0.450634 4517751 -0.028674 49 0.286578 0.0000 0.000715 0.000971 0.003105 -0.118502 0.143196 -0.134702 40.7944896468 -218.6008229141 49.28658
S062 15JUL22 2015.5537 57225 1854 3 141.4 -69 -0.451399 4517751 -0.030962 49 0.285303 0.0000 0.000730 0.000978 0.003162 -0.124962 0.131281 -0.171304 40.7944896262 -218.6008229232 49.28530
S062 15JUL23 2015.5565 57226 1854 4 141.4 -69 -0.451762 4517751 -0.029174 49 0.285891 0.0000 0.000694 0.000938 0.002993 -0.088763 0.159169 -0.162090 40.7944896423 -218.6008229275 49.28589
S062 15JUL24 2015.5592 57227 1854 5 141.4 -69 -0.449994 4517751 -0.030796 49 0.285847 0.0000 0.000702 0.000927 0.003025 -0.107092 0.162499 -0.184127 40.7944896277 -218.6008229065 49.28585
S062 15JUL25 2015.5619 57228 1854 6 141.4 -69 -0.452154 4517751 -0.030329 49 0.291150 0.0000 0.000739 0.001014 0.003278 -0.128182 0.155945 -0.139284 40.7944896319 -218.6008229321 49.29115
S062 15JUL26 2015.5647 57229 1855 0 141.4 -69 -0.450974 4517751 -0.028792 49 0.285694 0.0000 0.000706 0.000969 0.003082 -0.099427 0.098249 -0.184121 40.7944896458 -218.6008229181 49.28569
S062 15JUL27 2015.5674 57230 1855 1 141.4 -69 -0.450040 4517751 -0.030319 49 0.290043 0.0000 0.000714 0.000974 0.003130 -0.087796 0.111423 -0.160477 40.7944896320 -218.6008229071 49.29004
S062 15JUL28 2015.5702 57231 1855 2 141.4 -69 -0.451141 4517751 -0.028607 49 0.290883 0.0000 0.000776 0.001069 0.003515 -0.093689 0.142175 -0.180386 40.7944896474 -218.6008229201 49.29088
S062 15JUL29 2015.5729 57232 1855 3 141.4 -69 -0.450547 4517751 -0.030863 49 0.287131 0.0000 0.000740 0.001014 0.003297 -0.131465 0.087222 -0.210321 40.7944896271 -218.6008229131 49.28713
S062 15JUL30 2015.5756 57233 1855 4 141.4 -69 -0.451460 4517751 -0.030596 49 0.281082 0.0000 0.000755 0.001002 0.003249 -0.123031 0.118849 -0.106107 40.7944896295 -218.6008229239 49.28108
S062 15JUL31 2015.5784 57234 1855 5 141.4 -69 -0.450656 4517751 -0.030596 49 0.283464 0.0000 0.000735 0.000994 0.003182 -0.099924 0.110918 -0.121705 40.7944896295 -218.6008229144 49.28346
S062 15AUG01 2015.5811 57235 1855 6 141.4 -69 -0.448707 4517751 -0.031195 49 0.293948 0.0000 0.000731 0.000986 0.003269 -0.083548 0.118891 -0.150349 40.7944896241 -218.6008228913 49.29395
S062 15AUG02 2015.5838 57236 1856 0 141.4 -69 -0.450447 4517751 -0.029319 49 0.286811 0.0000 0.000777 0.001072 0.003509 -0.120954 0.192382 -0.068484 40.7944896410 -218.6008229119 49.28681
S062 15AUG03 2015.5866 57237 1856 1 141.4 -69 -0.449188 4517751 -0.031194 49 0.289269 0.0000 0.000725 0.001014 0.003172 -0.115399 0.083908 -0.126801 40.7944896241 -218.6008228970 49.28927
S062 15AUG04 2015.5893 57238 1856 2 141.4 -69 -0.451097 4517751 -0.030606 49 0.285914 0.0000 0.000729 0.000995 0.003200 -0.083027 0.138729 -0.159482 40.7944896294 -218.6008229196 49.28591
S062 15AUG05 2015.5921 57239 1856 3 141.4 -69 -0.448393 4517751 -0.028611 49 0.282809 0.0000 0.000738 0.001023 0.003193 -0.099993 0.130504 -0.072936 40.7944896474 -218.6008228876 49.28281
S062 15AUG06 2015.5948 57240 1856 4 141.4 -69 -0.452355 4517751 -0.027688 49 0.279025 0.0000 0.000759 0.001038 0.003342 -0.094435 0.141780 -0.111958 40.7944896557 -218.6008229345 49.27902
S062 15AUG07 2015.5975 57241 1856 5 141.4 -69 -0.449872 4517751 -0.030184 49 0.280783 0.0000 0.000723 0.000984 0.003174 -0.106290 0.128484 -0.211827 40.7944896332 -218.6008229051 49.28078
S062 15AUG08 2015.6003 57242 1856 6 141.4 -69 -0.449952 4517751 -0.031107 49 0.285896 0.0000 0.000749 0.001051 0.003327 -0.026926 0.086107 -0.107815 40.7944896249 -218.6008229060 49.28590
S062 15AUG09 2015.6030 57243 1857 0 141.4 -69 -0.449246 4517751 -0.031386 49 0.284486 0.0000 0.000759 0.001024 0.003249 -0.144706 0.156553 -0.134829 40.7944896224 -218.6008228977 49.28449
S062 15AUG10 2015.6057 57244 1857 1 141.4 -69 -0.450772 4517751 -0.029090 49 0.292012 0.0000 0.000746 0.000997 0.003205 -0.118469 0.106514 -0.173832 40.7944896431 -218.6008229157 49.29201
S062 15AUG11 2015.6085 57245 1857 2 141.4 -69 -0.448987 4517751 -0.031700 49 0.289575 0.0000 0.000758 0.001051 0.003411 -0.093350 0.117496 -0.158832 40.7944896196 -218.6008228946 49.28957
S062 15AUG12 2015.6112 57246 1857 3 141.4 -69 -0.449701 4517751 -0.028549 49 0.283763 0.0000 0.000694 0.000939 0.003008 -0.114140 0.171440 -0.213664 40.7944896480 -218.6008229030 49.28376
S062 15AUG13 2015.6140 57247 1857 4 141.4 -69 -0.449028 4517751 -0.029748 49 0.281714 0.0000 0.000721 0.000999 0.003144 -0.068718 0.141103 -0.112364 40.7944896372 -218.6008228951 49.28171
S062 15AUG14 2015.6167 57248 1857 5 141.4 -69 -0.449986 4517751 -0.030491 49 0.301976 0.0000 0.000729 0.001016 0.003216 -0.084958 0.072635 -0.190543 40.7944896305 -218.6008229064 49.30198
S062 15AUG15 2015.6194 57249 1857 6 141.4 -69 -0.448330 4517751 -0.032228 49 0.285015 0.0000 0.000708 0.001000 0.003148 -0.067045 0.152761 -0.171543 40.7944896148 -218.6008228868 49.28502
S062 15AUG16 2015.6222 57250 1858 0 141.4 -69 -0.447874 4517751 -0.029759 49 0.282916 0.0000 0.000678 0.000918 0.002888 -0.094175 0.159325 -0.216605 40.7944896371 -218.6008228814 49.28292
S062 15AUG17 2015.6249 57251 1858 1 141.4 -69 -0.447488 4517751 -0.032208 49 0.291647 0.0000 0.000731 0.000997 0.003203 -0.100885 0.148731 -0.153072 40.7944896150 -218.6008228768 49.29165
S062 15AUG18 2015.6277 57252 1858 2 141.4 -69 -0.447888 4517751 -0.030879 49 0.279906 0.0000 0.000696 0.000954 0.003013 -0.113175 0.132630 -0.145786 40.7944896270 -218.6008228816 49.27991
S062 15AUG19 2015.6304 57253 1858 3 141.4 -69 -0.451758 4517751 -0.032364 49 0.285986 0.0000 0.000692 0.000946 0.002977 -0.094704 0.097235 -0.220936 40.7944896136 -218.6008229274 49.28599
S062 15AUG20 2015.6331 57254 1858 4 141.4 -69 -0.447034 4517751 -0.029425 49 0.281519 0.0000 0.000699 0.000968 0.003040 -0.097122 0.131114 -0.216638 40.7944896401 -218.6008228714 49.28152
S062 15AUG21 2015.6359 57255 1858 5 141.4 -69 -0.448737 4517751 -0.031312 49 0.283882 0.0000 0.000687 0.000933 0.002999 -0.100276 0.113341 -0.226850 40.7944896231 -218.6008228916 49.28388
S062 15AUG22 2015.6386 57256 1858 6 141.4 -69 -0.448494 4517751 -0.030311 49 0.286468 0.0000 0.000699 0.000961 0.003002 -0.118947 0.111911 -0.173325 40.7944896321 -218.6008228888 49.28647
S062 15AUG23 2015.6413 57257 1859 0 141.4 -69 -0.447444 4517751 -0.030401 49 0.279848 0.0000 0.000675 0.000921 0.002862 -0.100686 0.102492 -0.208593 40.7944896313 -218.6008228763 49.27985
S062 15AUG24 2015.6441 57258 1859 1 141.4 -69 -0.447725 4517751 -0.030932 49 0.279995 0.0000 0.000682 0.000915 0.002893 -0.095558 0.135130 -0.235279 40.7944896265 -218.6008228796 49.28000
S062 15AUG25 2015.6468 57259 1859 2 141.4 -69 -0.445704 4517751 -0.030153 49 0.284207 0.0000 0.000701 0.000944 0.002995 -0.072582 0.086780 -0.176850 40.7944896335 -218.6008228557 49.28421
S062 15AUG26 2015.6496 57260 1859 3 141.4 -69 -0.448933 4517751 -0.031884 49 0.289818 0.0000 0.000695 0.000941 0.002983 -0.089342 0.114005 -0.198044 40.7944896179 -218.6008228939 49.28982
S062 15AUG27 2015.6523 57261 1859 4 141.4 -69 -0.446588 4517751 -0.032106 49 0.279502 0.0000 0.000680 0.000921 0.002874 -0.086376 0.120348 -0.222593 40.7944896159 -218.6008228662 49.27950
S062 15AUG28 2015.6550 57262 1859 5 141.4 -69 -0.447044 4517751 -0.031398 49 0.283394 0.0000 0.000694 0.000929 0.002971 -0.081918 0.137828 -0.209086 40.7944896223 -218.6008228716 49.28339
S062 15AUG29 2015.6578 57263 1859 6 141.4 -69 -0.447008 4517751 -0.033421 49 0.278151 0.0000 0.000720 0.000969 0.003092 -0.120291 0.130749 -0.143741 40.7944896041 -218.6008228711 49.27815
S062 15AUG30 2015.6605 57264 1860 0 141.4 -69 -0.447693 4517751 -0.033033 49 0.279513 0.0000 0.000709 0.000971 0.003041 -0.104868 0.125482 -0.213404 40.7944896076 -218.6008228793 49.27951
S062 15AUG31 2015.6632 57265 1860 1 141.4 -69 -0.446386 4517751 -0.032394 49 0.273835 0.0000 0.000680 0.000914 0.002870 -0.081317 0.113202 -0.199242 40.7944896133 -218.6008228638 49.27383
S062 15SEP01 2015.6660 57266 1860 2 141.4 -69 -0.446511 4517751 -0.032989 49 0.280084 0.0000 0.000719 0.000963 0.003102 -0.137838 0.158276 -0.210109 40.7944896080 -218.6008228652 49.28008
S062 15SEP02 2015.6687 57267 1860 3 141.4 -69 -0.447839 4517751 -0.033929 49 0.285700 0.0000 0.000735 0.000993 0.003194 -0.112032 0.088716 -0.209472 40.7944895995 -218.6008228810 49.28570
S062 15SEP03 2015.6715 57268 1860 4 141.4 -69 -0.448882 4517751 -0.031972 49 0.283484 0.0000 0.000726 0.000980 0.003203 -0.080419 0.133784 -0.210587 40.7944896171 -218.6008228933 49.28348
S062 15SEP04 2015.6742 57269 1860 5 141.4 -69 -0.446622 4517751 -0.034831 49 0.281761 0.0000 0.000702 0.000950 0.002999 -0.114822 0.105116 -0.183204 40.7944895914 -218.6008228666 49.28176
S062 15SEP05 2015.6769 57270 1860 6 141.4 -69 -0.447337 4517751 -0.033117 49 0.274235 0.0000 0.001030 0.001398 0.004457 -0.037598 0.205764 -0.167800 40.7944896068 -218.6008228750 49.27424
S062 15SEP07 2015.6824 57272 1861 1 141.4 -69 -0.444858 4517751 -0.032017 49 0.270052 0.0000 0.000856 0.001173 0.003602 -0.117818 -0.017187 -0.143018 40.7944896167 -218.6008228457 49.27005
S062 15SEP08 2015.6851 57273 1861 2 141.4 -69 -0.446645 4517751 -0.032401 49 0.277543 0.0000 0.000712 0.000949 0.003051 -0.102330 0.106316 -0.229397 40.7944896133 -218.6008228668 49.27754
S062 15SEP09 2015.6879 57274 1861 3 141.4 -69 -0.446275 4517751 -0.032797 49 0.285079 0.0000 0.000721 0.001007 0.003261 -0.061524 0.040682 -0.282105 40.7944896097 -218.6008228625 49.28508
S062 15SEP10 2015.6906 57275 1861 4 141.4 -69 -0.444856 4517751 -0.032818 49 0.280260 0.0000 0.000750 0.001000 0.003348 -0.069883 0.115038 -0.186761 40.7944896095 -218.6008228456 49.28026
S062 15SEP11 2015.6934 57276 1861 5 141.4 -69 -0.445609 4517751 -0.033683 49 0.280203 0.0000 0.000713 0.000967 0.003102 -0.062748 0.071133 -0.248393 40.7944896017 -218.6008228546 49.28020
S062 15SEP12 2015.6961 57277 1861 6 141.4 -69 -0.444963 4517751 -0.031755 49 0.276857 0.0000 0.000716 0.000970 0.003133 -0.084092 0.096206 -0.230242 40.7944896191 -218.6008228469 49.27686
S062 15SEP13 2015.6988 57278 1862 0 141.4 -69 -0.444818 4517751 -0.033992 49 0.271587 0.0000 0.000685 0.000927 0.002943 -0.063214 0.071865 -0.232142 40.7944895989 -218.6008228452 49.27159
S062 15SEP14 2015.7016 57279 1862 1 141.4 -69 -0.447146 4517751 -0.032246 49 0.273802 0.0000 0.000704 0.000960 0.003038 -0.045565 0.060381 -0.237474 40.7944896147 -218.6008228728 49.27380
S062 15SEP15 2015.7043 57280 1862 2 141.4 -69 -0.445307 4517751 -0.035146 49 0.276469 0.0000 0.000688 0.000952 0.003016 -0.089518 0.090623 -0.204779 40.7944895886 -218.6008228510 49.27647
S062 15SEP16 2015.7070 57281 1862 3 141.4 -69 -0.442915 4517751 -0.035862 49 0.277041 0.0000 0.000693 0.000944 0.003003 -0.074700 0.117088 -0.213969 40.7944895821 -218.6008228226 49.27704
S062 15SEP17 2015.7098 57282 1862 4 141.4 -69 -0.443407 4517751 -0.034542 49 0.273159 0.0000 0.000691 0.000936 0.002979 -0.084277 0.099292 -0.202244 40.7944895940 -218.6008228285 49.27316
S062 15SEP18 2015.7125 57283 1862 5 141.4 -69 -0.443046 4517751 -0.035183 49 0.280634 0.0000 0.000700 0.000949 0.003028 -0.066337 0.081977 -0.210786 40.7944895882 -218.6008228242 49.28063
S062 15SEP19 2015.7153 57284 1862 6 141.4 -69 -0.443637 4517751 -0.037715 49 0.273810 0.0000 0.000699 0.000944 0.002995 -0.036955 0.096622 -0.202308 40.7944895654 -218.6008228312 49.27381
S062 15SEP20 2015.7180 57285 1863 0 141.4 -69 -0.444004 4517751 -0.034278 49 0.271140 0.0000 0.000685 0.000924 0.002951 -0.088990 0.108774 -0.245214 40.7944895964 -218.6008228355 49.27114
S062 15SEP21 2015.7207 57286 1863 1 141.4 -69 -0.443424 4517751 -0.035126 49 0.271933 0.0000 0.000681 0.000931 0.002976 -0.052620 0.071081 -0.241681 40.7944895887 -218.6008228287 49.27193
S062 15SEP22 2015.7235 57287 1863 2 141.4 -69 -0.442175 4517751 -0.036889 49 0.280023 0.0000 0.000705 0.000937 0.003108 -0.094795 0.079921 -0.247265 40.7944895729 -218.6008228139 49.28002
S062 15SEP23 2015.7262 57288 1863 3 141.4 -69 -0.442942 4517751 -0.035476 49 0.275981 0.0000 0.000690 0.000947 0.003021 -0.074183 0.091700 -0.228258 40.7944895856 -218.6008228230 49.27598
S062 15SEP24 2015.7290 57289 1863 4 141.4 -69 -0.442670 4517751 -0.034329 49 0.276989 0.0000 0.000699 0.000956 0.003044 -0.054048 0.104162 -0.202129 40.7944895959 -218.6008228197 49.27699
S062 15SEP25 2015.7317 57290 1863 5 141.4 -69 -0.442805 4517751 -0.037390 49 0.285103 0.0000 0.000679 0.000930 0.002923 -0.050573 0.083632 -0.219072 40.7944895684 -218.6008228213 49.28510
S062 15SEP26 2015.7344 57291 1863 6 141.4 -69 -0.443055 4517751 -0.035274 49 0.278483 0.0000 0.000683 0.000934 0.002987 -0.043961 0.080071 -0.238085 40.7944895874 -218.6008228243 49.27848
S062 15SEP27 2015.7372 57292 1864 0 141.4 -69 -0.443800 4517751 -0.036991 49 0.269892 0.0000 0.000701 0.000938 0.003041 -0.092780 0.121573 -0.189889 40.7944895719 -218.6008228331 49.26989
S062 15SEP28 2015.7399 57293 1864 1 141.4 -69 -0.443411 4517751 -0.035790 49 0.273063 0.0000 0.000716 0.000988 0.003238 -0.086708 0.144503 -0.231422 40.7944895828 -218.6008228285 49.27306
S062 15SEP29 2015.7426 57294 1864 2 141.4 -69 -0.439960 4517751 -0.035706 49 0.265522 0.0000 0.000726 0.000969 0.003114 -0.077288 0.065781 -0.150433 40.7944895835 -218.6008227876 49.26552
S062 15SEP30 2015.7454 57295 1864 3 141.4 -69 -0.443705 4517751 -0.037497 49 0.276514 0.0000 0.000761 0.001015 0.003380 -0.015933 0.058504 -0.203502 40.7944895674 -218.6008228320 49.27651
S062 15OCT01 2015.7481 57296 1864 4 141.4 -69 -0.441194 4517751 -0.037172 49 0.286419 0.0000 0.000752 0.001039 0.003350 -0.023376 0.108721 -0.225109 40.7944895703 -218.6008228022 49.28642
S062 15OCT02 2015.7509 57297 1864 5 141.4 -69 -0.443228 4517751 -0.038808 49 0.284278 0.0000 0.000705 0.000949 0.003115 -0.076294 0.101682 -0.197915 40.7944895556 -218.6008228263 49.28428
S062 15OCT03 2015.7536 57298 1864 6 141.4 -69 -0.442390 4517751 -0.038598 49 0.286232 0.0000 0.000694 0.000949 0.002987 -0.104285 0.099858 -0.159945 40.7944895575 -218.6008228164 49.28623
S062 15OCT04 2015.7563 57299 1865 0 141.4 -69 -0.441955 4517751 -0.038616 49 0.276845 0.0000 0.000691 0.000951 0.002988 -0.062395 0.067968 -0.200319 40.7944895573 -218.6008228113 49.27685
S062 15OCT05 2015.7591 57300 1865 1 141.4 -69 -0.442752 4517751 -0.037986 49 0.273046 0.0000 0.000666 0.000906 0.002833 -0.080299 0.117571 -0.184595 40.7944895630 -218.6008228207 49.27305
S062 15OCT06 2015.7618 57301 1865 2 141.4 -69 -0.442363 4517751 -0.040123 49 0.273797 0.0000 0.000675 0.000909 0.002869 -0.093966 0.092061 -0.199076 40.7944895437 -218.6008228161 49.27380
S062 15OCT07 2015.7645 57302 1865 3 141.4 -69 -0.443606 4517751 -0.038317 49 0.276501 0.0000 0.000697 0.000934 0.003021 -0.081701 0.103592 -0.190346 40.7944895600 -218.6008228308 49.27650
S062 15OCT08 2015.7673 57303 1865 4 141.4 -69 -0.442777 4517751 -0.037984 49 0.290567 0.0000 0.000686 0.000923 0.002977 -0.064805 0.119492 -0.218226 40.7944895630 -218.6008228210 49.29057
S062 15OCT09 2015.7700 57304 1865 5 141.4 -69 -0.444062 4517751 -0.038293 49 0.280598 0.0000 0.000689 0.000936 0.002995 -0.095868 0.156184 -0.201335 40.7944895602 -218.6008228362 49.28060
S062 15OCT10 2015.7728 57305 1865 6 141.4 -69 -0.442950 4517751 -0.037622 49 0.274380 0.0000 0.000695 0.000928 0.002983 -0.072889 0.100088 -0.199402 40.7944895663 -218.6008228231 49.27438
S062 15OCT11 2015.7755 57306 1866 0 141.4 -69 -0.443369 4517751 -0.038146 49 0.280263 0.0000 0.000707 0.000954 0.003102 -0.036555 0.109850 -0.220567 40.7944895615 -218.6008228280 49.28026
S062 15OCT12 2015.7782 57307 1866 1 141.4 -69 -0.441650 4517751 -0.038218 49 0.273899 0.0000 0.000690 0.000945 0.003016 -0.065195 0.116825 -0.234384 40.7944895609 -218.6008228077 49.27390
S062 15OCT13 2015.7810 57308 1866 2 141.4 -69 -0.440732 4517751 -0.041369 49 0.276189 0.0000 0.000687 0.000935 0.002973 -0.062734 0.078374 -0.176513 40.7944895325 -218.6008227968 49.27619
S062 15OCT14 2015.7837 57309 1866 3 141.4 -69 -0.443066 4517751 -0.038005 49 0.276131 0.0000 0.000707 0.000951 0.003041 -0.094524 0.056361 -0.205798 40.7944895628 -218.6008228244 49.27613
S062 15OCT15 2015.7864 57310 1866 4 141.4 -69 -0.442605 4517751 -0.038157 49 0.276480 0.0000 0.000687 0.000932 0.002955 -0.078661 0.103204 -0.199556 40.7944895614 -218.6008228190 49.27648
S062 15OCT16 2015.7892 57311 1866 5 141.4 -69 -0.443749 4517751 -0.038964 49 0.277832 0.0000 0.000693 0.000951 0.003025 -0.089567 0.125350 -0.195927 40.7944895542 -218.6008228325 49.27783
S062 15OCT17 2015.7919 57312 1866 6 141.4 -69 -0.442652 4517751 -0.038985 49 0.277852 0.0000 0.000689 0.000941 0.003010 -0.072986 0.076113 -0.226551 40.7944895540 -218.6008228195 49.27785
S062 15OCT18 2015.7947 57313 1867 0 141.4 -69 -0.441751 4517751 -0.038922 49 0.279414 0.0000 0.000698 0.000943 0.003055 -0.084594 0.103897 -0.146008 40.7944895546 -218.6008228088 49.27941
S062 15OCT19 2015.7974 57314 1867 1 141.4 -69 -0.440808 4517751 -0.040248 49 0.278519 0.0000 0.000692 0.000929 0.003011 -0.118928 0.126601 -0.158602 40.7944895426 -218.6008227977 49.27852
S062 15OCT20 2015.8001 57315 1867 2 141.4 -69 -0.442359 4517751 -0.040123 49 0.277844 0.0000 0.000693 0.000968 0.003101 -0.075555 0.114991 -0.180121 40.7944895437 -218.6008228161 49.27784
S062 15OCT21 2015.8029 57316 1867 3 141.4 -69 -0.441833 4517751 -0.040333 49 0.275181 0.0000 0.000692 0.000942 0.003052 -0.078423 0.092508 -0.198263 40.7944895419 -218.6008228098 49.27518
S062 15OCT22 2015.8056 57317 1867 4 141.4 -69 -0.440572 4517751 -0.041035 49 0.272069 0.0000 0.000696 0.000950 0.003044 -0.067335 0.081098 -0.182684 40.7944895355 -218.6008227949 49.27207
S062 15OCT23 2015.8084 57318 1867 5 141.4 -69 -0.439942 4517751 -0.040962 49 0.273067 0.0000 0.000691 0.000935 0.003024 -0.077729 0.103526 -0.192229 40.7944895362 -218.6008227874 49.27307
S062 15OCT24 2015.8111 57319 1867 6 141.4 -69 -0.440207 4517751 -0.040840 49 0.279135 0.0000 0.000692 0.000927 0.003052 -0.073885 0.112382 -0.217283 40.7944895373 -218.6008227906 49.27913
S062 15OCT25 2015.8138 57320 1868 0 141.4 -69 -0.442652 4517751 -0.042058 49 0.279166 0.0000 0.000693 0.000934 0.003021 -0.089680 0.122021 -0.195050 40.7944895263 -218.6008228195 49.27917
S062 15OCT26 2015.8166 57321 1868 1 141.4 -69 -0.440689 4517751 -0.040445 49 0.276242 0.0000 0.000711 0.000980 0.003170 -0.047269 0.045761 -0.220633 40.7944895408 -218.6008227963 49.27624
S062 15OCT27 2015.8193 57322 1868 2 141.4 -69 -0.441110 4517751 -0.042533 49 0.279707 0.0000 0.000694 0.000973 0.003078 -0.042048 0.066960 -0.187890 40.7944895220 -218.6008228013 49.27971
S062 15OCT28 2015.8220 57323 1868 3 141.4 -69 -0.440595 4517751 -0.039334 49 0.270054 0.0000 0.000706 0.000950 0.003089 -0.037603 0.123915 -0.212033 40.7944895508 -218.6008227951 49.27005
S062 15OCT29 2015.8248 57324 1868 4 141.4 -69 -0.440977 4517751 -0.041273 49 0.273738 0.0000 0.000685 0.000936 0.002953 -0.060356 0.098656 -0.170997 40.7944895334 -218.6008227997 49.27374
S062 15OCT30 2015.8275 57325 1868 5 141.4 -69 -0.439831 4517751 -0.041920 49 0.272792 0.0000 0.000707 0.000979 0.003087 -0.024700 0.046014 -0.188767 40.7944895276 -218.6008227861 49.27279
S062 15OCT31 2015.8303 57326 1868 6 141.4 -69 -0.441149 4517751 -0.042654 49 0.278731 0.0000 0.000698 0.000955 0.003018 -0.053306 0.119566 -0.182827 40.7944895210 -218.6008228017 49.27873
S062 15NOV01 2015.8330 57327 1869 0 141.4 -69 -0.440293 4517751 -0.043419 49 0.271055 0.0000 0.000699 0.000958 0.003040 -0.040149 0.084035 -0.167497 40.7944895141 -218.6008227916 49.27105
S062 15NOV02 2015.8357 57328 1869 1 141.4 -69 -0.440421 4517751 -0.043184 49 0.271441 0.0000 0.000695 0.000952 0.003039 -0.054466 0.094793 -0.200965 40.7944895162 -218.6008227931 49.27144
S062 15NOV03 2015.8385 57329 1869 2 141.4 -69 -0.440248 4517751 -0.043254 49 0.273055 0.0000 0.000694 0.000949 0.003060 -0.043165 0.100598 -0.196568 40.7944895155 -218.6008227910 49.27305
S062 15NOV04 2015.8412 57330 1869 3 141.4 -69 -0.439177 4517751 -0.043398 49 0.272386 0.0000 0.000713 0.000979 0.003117 -0.073675 0.129364 -0.180496 40.7944895143 -218.6008227784 49.27239
S062 15NOV05 2015.8439 57331 1869 4 141.4 -69 -0.439827 4517751 -0.042590 49 0.274567 0.0000 0.000698 0.000967 0.003058 -0.039906 0.054282 -0.192317 40.7944895215 -218.6008227860 49.27457
S062 15NOV06 2015.8467 57332 1869 5 141.4 -69 -0.438737 4517751 -0.042263 49 0.268724 0.0000 0.000704 0.000957 0.003057 -0.042251 0.064607 -0.220362 40.7944895245 -218.6008227731 49.26872
S062 15NOV07 2015.8494 57333 1869 6 141.4 -69 -0.439984 4517751 -0.041925 49 0.270205 0.0000 0.000712 0.000940 0.003077 -0.046715 0.063065 -0.196037 40.7944895275 -218.6008227879 49.27020
S062 15NOV08 2015.8522 57334 1870 0 141.4 -69 -0.438317 4517751 -0.043288 49 0.276718 0.0000 0.000697 0.000944 0.003015 -0.061129 0.114488 -0.210959 40.7944895152 -218.6008227682 49.27672
S062 15NOV09 2015.8549 57335 1870 1 141.4 -69 -0.438949 4517751 -0.043013 49 0.273184 0.0000 0.000688 0.000968 0.003037 -0.038797 0.037589 -0.191459 40.7944895177 -218.6008227756 49.27318
S062 15NOV10 2015.8576 57336 1870 2 141.4 -69 -0.439421 4517751 -0.043890 49 0.270182 0.0000 0.000709 0.000977 0.003110 -0.038481 0.091558 -0.203765 40.7944895098 -218.6008227812 49.27018
S062 15NOV11 2015.8604 57337 1870 3 141.4 -69 -0.439267 4517751 -0.044079 49 0.271555 0.0000 0.000704 0.000981 0.003129 -0.011098 0.066471 -0.204388 40.7944895081 -218.6008227794 49.27156
S062 15NOV12 2015.8631 57338 1870 4 141.4 -69 -0.437789 4517751 -0.044653 49 0.268644 0.0000 0.000690 0.000946 0.002988 -0.026185 0.040528 -0.222834 40.7944895030 -218.6008227619 49.26864
S062 15NOV13 2015.8658 57339 1870 5 141.4 -69 -0.437166 4517751 -0.044507 49 0.272495 0.0000 0.000705 0.000958 0.003064 -0.050127 0.077615 -0.214657 40.7944895043 -218.6008227545 49.27250
S062 15NOV14 2015.8686 57340 1870 6 141.4 -69 -0.437117 4517751 -0.044977 49 0.271266 0.0000 0.000711 0.000963 0.003043 -0.025186 0.088961 -0.209317 40.7944895000 -218.6008227539 49.27127
S062 15NOV15 2015.8713 57341 1871 0 141.4 -69 -0.435680 4517751 -0.043995 49 0.273121 0.0000 0.000725 0.000996 0.003193 -0.046480 0.069847 -0.217951 40.7944895089 -218.6008227369 49.27312
S062 15NOV16 2015.8741 57342 1871 1 141.4 -69 -0.437586 4517751 -0.044986 49 0.272767 0.0000 0.000719 0.001005 0.003244 -0.033253 0.051462 -0.251500 40.7944894999 -218.6008227595 49.27277
S062 15NOV17 2015.8768 57343 1871 2 141.4 -69 -0.434336 4517751 -0.045668 49 0.273804 0.0000 0.000716 0.000996 0.003212 -0.036921 0.053984 -0.233819 40.7944894938 -218.6008227210 49.27380
S062 15NOV18 2015.8795 57344 1871 3 141.4 -69 -0.437653 4517751 -0.045399 49 0.273025 0.0000 0.000715 0.000989 0.003142 -0.015597 0.096458 -0.179597 40.7944894962 -218.6008227603 49.27303
S062 15NOV19 2015.8823 57345 1871 4 141.4 -69 -0.436959 4517751 -0.046600 49 0.270585 0.0000 0.000695 0.000973 0.003079 -0.026063 0.079057 -0.211770 40.7944894854 -218.6008227521 49.27058
S062 15NOV20 2015.8850 57346 1871 5 141.4 -69 -0.437552 4517751 -0.045220 49 0.272669 0.0000 0.000704 0.000967 0.003044 -0.047312 0.116029 -0.195777 40.7944894978 -218.6008227591 49.27267
S062 15NOV21 2015.8877 57347 1871 6 141.4 -69 -0.437379 4517751 -0.043306 49 0.268584 0.0000 0.000717 0.000999 0.003213 -0.045316 0.091512 -0.134674 40.7944895151 -218.6008227570 49.26858
S062 15NOV22 2015.8905 57348 1872 0 141.4 -69 -0.436339 4517751 -0.044357 49 0.268226 0.0000 0.000698 0.000957 0.003034 -0.033222 0.069595 -0.202362 40.7944895056 -218.6008227447 49.26823
S062 15NOV23 2015.8932 57349 1872 1 141.4 -69 -0.437253 4517751 -0.044779 49 0.275552 0.0000 0.000709 0.000973 0.003106 -0.042782 0.084217 -0.186655 40.7944895018 -218.6008227555 49.27555
S062 15NOV24 2015.8960 57350 1872 2 141.4 -69 -0.438025 4517751 -0.045219 49 0.271925 0.0000 0.000711 0.000970 0.003090 -0.031624 0.041048 -0.178191 40.7944894979 -218.6008227647 49.27193
S062 15NOV25 2015.8987 57351 1872 3 141.4 -69 -0.436168 4517751 -0.045404 49 0.273159 0.0000 0.000707 0.000975 0.003054 -0.059320 0.080922 -0.168144 40.7944894962 -218.6008227427 49.27316
S062 15NOV26 2015.9014 57352 1872 4 141.4 -69 -0.436277 4517751 -0.046668 49 0.275957 0.0000 0.000688 0.000967 0.003017 -0.035297 0.054031 -0.194193 40.7944894848 -218.6008227440 49.27596
S062 15NOV27 2015.9042 57353 1872 5 141.4 -69 -0.434906 4517751 -0.047897 49 0.278709 0.0000 0.000704 0.000957 0.003085 -0.038699 0.067124 -0.219314 40.7944894737 -218.6008227277 49.27871
S062 15NOV28 2015.9069 57354 1872 6 141.4 -69 -0.435218 4517751 -0.045367 49 0.271154 0.0000 0.000696 0.000964 0.003058 -0.011931 0.068202 -0.220880 40.7944894965 -218.6008227314 49.27115
S062 15NOV29 2015.9097 57355 1873 0 141.4 -69 -0.435554 4517751 -0.046549 49 0.268921 0.0000 0.000685 0.000957 0.002960 -0.042257 0.072987 -0.187968 40.7944894859 -218.6008227354 49.26892
S062 15NOV30 2015.9124 57356 1873 1 141.4 -69 -0.434896 4517751 -0.048548 49 0.276777 0.0000 0.000690 0.000965 0.003052 -0.012588 0.087113 -0.193164 40.7944894679 -218.6008227276 49.27678
S062 15DEC01 2015.9151 57357 1873 2 141.4 -69 -0.435820 4517751 -0.048158 49 0.273452 0.0000 0.000693 0.000961 0.003030 -0.047106 0.066827 -0.211837 40.7944894714 -218.6008227386 49.27345
S062 15DEC02 2015.9179 57358 1873 3 141.4 -69 -0.435005 4517751 -0.047658 49 0.277023 0.0000 0.000691 0.000958 0.003001 -0.043798 0.057105 -0.206771 40.7944894759 -218.6008227289 49.27702
S062 15DEC03 2015.9206 57359 1873 4 141.4 -69 -0.434348 4517751 -0.046940 49 0.279000 0.0000 0.000694 0.000955 0.003008 -0.041687 0.104610 -0.162949 40.7944894824 -218.6008227211 49.27900
S062 15DEC04 2015.9233 57360 1873 5 141.4 -69 -0.432545 4517751 -0.048098 49 0.278955 0.0000 0.000709 0.000971 0.003123 -0.027174 0.095785 -0.190404 40.7944894719 -218.6008226998 49.27896
S062 15DEC05 2015.9261 57361 1873 6 141.4 -69 -0.433076 4517751 -0.049466 49 0.275316 0.0000 0.000695 0.000960 0.003028 -0.051420 0.082687 -0.150971 40.7944894596 -218.6008227061 49.27532
S062 15DEC06 2015.9288 57362 1874 0 141.4 -69 -0.437316 4517751 -0.045842 49 0.277081 0.0000 0.000711 0.000959 0.003067 -0.063049 0.104787 -0.204354 40.7944894922 -218.6008227563 49.27708
S062 15DEC07 2015.9316 57363 1874 1 141.4 -69 -0.436639 4517751 -0.049602 49 0.270058 0.0000 0.000716 0.000958 0.003103 -0.010478 0.055741 -0.131911 40.7944894584 -218.6008227483 49.27006
S062 15DEC08 2015.9343 57364 1874 2 141.4 -69 -0.436268 4517751 -0.050321 49 0.275319 0.0000 0.000701 0.000952 0.003072 0.008358 0.029995 -0.180278 40.7944894519 -218.6008227439 49.27532
S062 15DEC09 2015.9370 57365 1874 3 141.4 -69 -0.436112 4517751 -0.049704 49 0.274578 0.0000 0.000712 0.000949 0.003055 -0.005190 0.022067 -0.149029 40.7944894575 -218.6008227420 49.27458
S062 15DEC10 2015.9398 57366 1874 4 141.4 -69 -0.435219 4517751 -0.049803 49 0.277715 0.0000 0.000730 0.001006 0.003201 0.013661 0.043754 -0.191818 40.7944894566 -218.6008227314 49.27771
S062 15DEC11 2015.9425 57367 1874 5 141.4 -69 -0.433343 4517751 -0.048798 49 0.274753 0.0000 0.000768 0.001042 0.003319 0.080373 -0.012394 -0.162871 40.7944894656 -218.6008227092 49.27475
S062 15DEC12 2015.9452 57368 1874 6 141.4 -69 -0.435891 4517751 -0.050114 49 0.273405 0.0000 0.000785 0.001042 0.003429 0.049630 0.012513 -0.141832 40.7944894538 -218.6008227394 49.27341
S062 15DEC13 2015.9480 57369 1875 0 141.4 -69 -0.435680 4517751 -0.051642 49 0.276228 0.0000 0.000748 0.000990 0.003206 0.004629 0.083145 -0.128502 40.7944894400 -218.6008227369 49.27623
S062 15DEC14 2015.9507 57370 1875 1 141.4 -69 -0.435974 4517751 -0.046842 49 0.273253 0.0000 0.000692 0.000955 0.003028 -0.041889 0.044653 -0.158963 40.7944894832 -218.6008227404 49.27325
S062 15DEC15 2015.9535 57371 1875 2 141.4 -69 -0.434655 4517751 -0.050863 49 0.272843 0.0000 0.000728 0.000976 0.003138 -0.027447 0.021812 -0.189168 40.7944894470 -218.6008227248 49.27284
S062 15DEC16 2015.9562 57372 1875 3 141.4 -69 -0.435546 4517751 -0.050759 49 0.277691 0.0000 0.000713 0.000974 0.003236 -0.026528 0.059691 -0.231570 40.7944894480 -218.6008227353 49.27769
S062 15DEC17 2015.9589 57373 1875 4 141.4 -69 -0.435947 4517751 -0.048625 49 0.273008 0.0000 0.000697 0.000976 0.003049 -0.034495 0.005789 -0.149798 40.7944894672 -218.6008227401 49.27301
S062 15DEC18 2015.9617 57374 1875 5 141.4 -69 -0.434800 4517751 -0.048356 49 0.276686 0.0000 0.000690 0.000989 0.003082 -0.005633 0.027153 -0.199735 40.7944894696 -218.6008227265 49.27669
S062 15DEC19 2015.9644 57375 1875 6 141.4 -69 -0.434025 4517751 -0.049985 49 0.281155 0.0000 0.000692 0.001001 0.003159 0.029341 0.019671 -0.215030 40.7944894549 -218.6008227173 49.28116
S062 15DEC20 2015.9671 57376 1876 0 141.4 -69 -0.436538 4517751 -0.050896 49 0.272185 0.0000 0.000699 0.000969 0.003137 -0.033158 -0.014945 -0.202145 40.7944894467 -218.6008227471 49.27219
S062 15DEC21 2015.9699 57377 1876 1 141.4 -69 -0.435308 4517751 -0.049948 49 0.266904 0.0000 0.000706 0.000943 0.003038 -0.052495 0.122265 -0.161225 40.7944894553 -218.6008227325 49.26690
S062 15DEC22 2015.9726 57378 1876 2 141.4 -69 -0.436261 4517751 -0.049300 49 0.268764 0.0000 0.000679 0.000944 0.002925 -0.038648 0.079607 -0.140189 40.7944894611 -218.6008227438 49.26876
S062 15DEC23 2015.9754 57379 1876 3 141.4 -69 -0.436478 4517751 -0.049907 49 0.271425 0.0000 0.000674 0.000944 0.002925 -0.007377 0.040647 -0.175633 40.7944894556 -218.6008227464 49.27142
S062 15DEC24 2015.9781 57380 1876 4 141.4 -69 -0.436090 4517751 -0.049687 49 0.274235 0.0000 0.000670 0.000936 0.002941 -0.019655 0.023453 -0.193720 40.7944894576 -218.6008227418 49.27424
S062 15DEC25 2015.9808 57381 1876 5 141.4 -69 -0.436702 4517751 -0.048649 49 0.278357 0.0000 0.000677 0.000944 0.002907 -0.037821 0.065264 -0.164880 40.7944894670 -218.6008227490 49.27836
S062 15DEC26 2015.9836 57382 1876 6 141.4 -69 -0.434332 4517751 -0.049172 49 0.273679 0.0000 0.000688 0.000925 0.002922 -0.045623 0.074595 -0.151824 40.7944894623 -218.6008227209 49.27368
S062 15DEC27 2015.9863 57383 1877 0 141.4 -69 -0.436513 4517751 -0.049706 49 0.274918 0.0000 0.000696 0.000915 0.002939 0.001243 0.027354 -0.159576 40.7944894574 -218.6008227468 49.27492
S062 15DEC28 2015.9890 57384 1877 1 141.4 -69 -0.439595 4517751 -0.050071 49 0.259812 0.0000 0.000698 0.000947 0.003008 0.018630 0.084526 -0.140056 40.7944894542 -218.6008227833 49.25981
S062 15DEC29 2015.9918 57385 1877 2 141.4 -69 -0.436585 4517751 -0.048463 49 0.270429 0.0000 0.000672 0.000913 0.002897 -0.018763 0.065555 -0.174354 40.7944894686 -218.6008227476 49.27043
S062 15DEC30 2015.9945 57386 1877 3 141.4 -69 -0.438331 4517751 -0.049311 49 0.271596 0.0000 0.000684 0.000913 0.002935 -0.002304 0.045284 -0.218635 40.7944894610 -218.6008227683 49.27160
S062 15DEC31 2015.9973 57387 1877 4 141.4 -69 -0.436876 4517751 -0.050514 49 0.272165 0.0000 0.000695 0.000944 0.002985 -0.034735 0.049569 -0.121533 40.7944894502 -218.6008227511 49.27216
S062 16JAN01 2016.0000 57388 1877 5 141.4 -69 -0.436006 4517751 -0.050348 49 0.276504 0.0000 0.000729 0.000991 0.003124 -0.022030 0.103804 -0.128143 40.7944894517 -218.6008227408 49.27650
S062 16JAN02 2016.0027 57389 1877 6 141.4 -69 -0.430768 4517751 -0.054596 49 0.288546 0.0000 0.000699 0.000973 0.003099 0.046732 0.019541 -0.221620 40.7944894134 -218.6008226787 49.28855
S062 16JAN03 2016.0055 57390 1878 0 141.4 -69 -0.436518 4517751 -0.050046 49 0.265342 0.0000 0.000714 0.000971 0.003086 0.005450 0.090802 -0.162493 40.7944894544 -218.6008227468 49.26534
S062 16JAN04 2016.0082 57391 1878 1 141.4 -69 -0.434562 4517751 -0.051394 49 0.282022 0.0000 0.000683 0.000939 0.002883 -0.032198 0.065670 -0.163204 40.7944894422 -218.6008227237 49.28202
S062 16JAN05 2016.0110 57392 1878 2 141.4 -69 -0.436235 4517751 -0.051223 49 0.279501 0.0000 0.000678 0.000927 0.002887 -0.019999 0.072449 -0.162054 40.7944894438 -218.6008227435 49.27950
S062 16JAN06 2016.0137 57393 1878 3 141.4 -69 -0.435114 4517751 -0.051917 49 0.283118 0.0000 0.000685 0.000930 0.002925 -0.038400 0.085148 -0.177231 40.7944894375 -218.6008227302 49.28312
S062 16JAN07 2016.0164 57394 1878 4 141.4 -69 -0.434926 4517751 -0.052934 49 0.284789 0.0000 0.000715 0.000952 0.002989 -0.014575 0.103551 -0.163107 40.7944894284 -218.6008227280 49.28479
S062 16JAN08 2016.0192 57395 1878 5 141.4 -69 -0.433221 4517751 -0.048096 49 0.267108 0.0000 0.000720 0.000962 0.003009 -0.032533 0.081296 -0.164092 40.7944894719 -218.6008227078 49.26711
S062 16JAN09 2016.0219 57396 1878 6 141.4 -69 -0.436206 4517751 -0.050616 49 0.268264 0.0000 0.000695 0.000938 0.002929 -0.009282 0.054277 -0.191481 40.7944894493 -218.6008227431 49.26826
S062 16JAN10 2016.0246 57397 1879 0 141.4 -69 -0.437085 4517751 -0.049270 49 0.263679 0.0000 0.000682 0.000925 0.002905 -0.028663 0.116920 -0.134325 40.7944894614 -218.6008227536 49.26368
S062 16JAN11 2016.0274 57398 1879 1 141.4 -69 -0.436773 4517751 -0.049370 49 0.269043 0.0000 0.000671 0.000927 0.002842 -0.025549 0.059554 -0.108945 40.7944894605 -218.6008227499 49.26904
S062 16JAN12 2016.0301 57399 1879 2 141.4 -69 -0.435246 4517751 -0.050355 49 0.278053 0.0000 0.000732 0.001004 0.003091 -0.044553 0.114911 -0.103598 40.7944894516 -218.6008227318 49.27805
S062 16JAN13 2016.0329 57400 1879 3 141.4 -69 -0.436615 4517751 -0.051405 49 0.279990 0.0000 0.000684 0.000909 0.002881 -0.039791 0.102378 -0.114881 40.7944894421 -218.6008227480 49.27999
S062 16JAN14 2016.0356 57401 1879 4 141.4 -69 -0.435437 4517751 -0.050359 49 0.270366 0.0000 0.000691 0.000931 0.002935 -0.043896 0.089630 -0.165296 40.7944894516 -218.6008227340 49.27037
S062 16JAN15 2016.0383 57402 1879 5 141.4 -69 -0.435677 4517751 -0.050363 49 0.278339 0.0000 0.000716 0.000978 0.003053 -0.031309 0.071652 -0.192951 40.7944894515 -218.6008227369 49.27834
S062 16JAN16 2016.0411 57403 1879 6 141.4 -69 -0.436977 4517751 -0.048984 49 0.272436 0.0000 0.000683 0.000927 0.002894 -0.009593 0.036606 -0.161315 40.7944894639 -218.6008227523 49.27244
S062 16JAN17 2016.0438 57404 1880 0 141.4 -69 -0.434714 4517751 -0.051681 49 0.273904 0.0000 0.000671 0.000921 0.002885 -0.022610 0.055658 -0.167482 40.7944894397 -218.6008227255 49.27390
S062 16JAN18 2016.0465 57405 1880 1 141.4 -69 -0.434597 4517751 -0.054447 49 0.276244 0.0000 0.000669 0.000918 0.002839 -0.031274 0.099640 -0.186574 40.7944894148 -218.6008227241 49.27624
S062 16JAN19 2016.0493 57406 1880 2 141.4 -69 -0.435935 4517751 -0.052831 49 0.275748 0.0000 0.000687 0.000938 0.002973 0.003778 0.092066 -0.191761 40.7944894293 -218.6008227399 49.27575
S062 16JAN20 2016.0520 57407 1880 3 141.4 -69 -0.435022 4517751 -0.051336 49 0.272963 0.0000 0.000685 0.000932 0.002917 -0.047937 0.105030 -0.200907 40.7944894428 -218.6008227291 49.27296
S062 16JAN21 2016.0548 57408 1880 4 141.4 -69 -0.436943 4517751 -0.051103 49 0.272276 0.0000 0.000727 0.000980 0.003116 -0.064150 0.119020 -0.100276 40.7944894449 -218.6008227519 49.27228
S062 16JAN22 2016.0575 57409 1880 5 141.4 -69 -0.435889 4517751 -0.051896 49 0.265984 0.0000 0.000689 0.000935 0.002917 -0.014674 0.089891 -0.147919 40.7944894377 -218.6008227394 49.26598
S062 16JAN23 2016.0602 57410 1880 6 141.4 -69 -0.438062 4517751 -0.052634 49 0.281549 0.0000 0.000683 0.000917 0.002923 -0.033091 0.097242 -0.163703 40.7944894311 -218.6008227651 49.28155
S062 16JAN24 2016.0630 57411 1881 0 141.4 -69 -0.436835 4517751 -0.050821 49 0.276320 0.0000 0.000680 0.000915 0.002869 -0.036072 0.110158 -0.131280 40.7944894474 -218.6008227506 49.27632
S062 16JAN25 2016.0657 57412 1881 1 141.4 -69 -0.437455 4517751 -0.053150 49 0.278076 0.0000 0.000688 0.000930 0.002905 -0.054008 0.078372 -0.180305 40.7944894264 -218.6008227579 49.27808
S062 16JAN26 2016.0684 57413 1881 2 141.4 -69 -0.435255 4517751 -0.054752 49 0.279281 0.0000 0.000690 0.000934 0.002932 -0.060472 0.125007 -0.185551 40.7944894120 -218.6008227319 49.27928
S062 16JAN27 2016.0712 57414 1881 3 141.4 -69 -0.436111 4517751 -0.055981 49 0.272174 0.0000 0.000709 0.000942 0.003051 -0.045180 0.111330 -0.181899 40.7944894009 -218.6008227420 49.27217
S062 16JAN28 2016.0739 57415 1881 4 141.4 -69 -0.434664 4517751 -0.054300 49 0.273539 0.0000 0.000697 0.000939 0.003007 -0.051384 0.112290 -0.183723 40.7944894161 -218.6008227249 49.27354
S062 16JAN29 2016.0767 57416 1881 5 141.4 -69 -0.434825 4517751 -0.055319 49 0.276016 0.0000 0.000716 0.000969 0.003148 -0.025900 0.114037 -0.210500 40.7944894069 -218.6008227268 49.27602
S062 16JAN30 2016.0794 57417 1881 6 141.4 -69 -0.435173 4517751 -0.054608 49 0.266286 0.0000 0.000734 0.000997 0.003158 -0.051103 0.104873 -0.146648 40.7944894133 -218.6008227309 49.26629
S062 16JAN31 2016.0821 57418 1882 0 141.4 -69 -0.435970 4517751 -0.052005 49 0.269151 0.0000 0.000720 0.000984 0.003045 -0.045513 0.067995 -0.157645 40.7944894367 -218.6008227404 49.26915
S062 16FEB01 2016.0849 57419 1882 1 141.4 -69 -0.435178 4517751 -0.054192 49 0.274220 0.0000 0.000721 0.000969 0.003126 -0.004297 0.072813 -0.159525 40.7944894171 -218.6008227310 49.27422
S062 16FEB02 2016.0876 57420 1882 2 141.4 -69 -0.434989 4517751 -0.053219 49 0.277096 0.0000 0.000699 0.000933 0.003017 -0.042921 0.097552 -0.182856 40.7944894258 -218.6008227287 49.27710
S062 16FEB03 2016.0903 57421 1882 3 141.4 -69 -0.434726 4517751 -0.053645 49 0.277008 0.0000 0.000724 0.000955 0.003091 -0.050768 0.129726 -0.171267 40.7944894220 -218.6008227256 49.27701
S062 16FEB04 2016.0931 57422 1882 4 141.4 -69 -0.435638 4517751 -0.054543 49 0.276749 0.0000 0.000700 0.000935 0.003016 -0.022508 0.107228 -0.164028 40.7944894139 -218.6008227364 49.27675
S062 16FEB05 2016.0958 57423 1882 5 141.4 -69 -0.435170 4517751 -0.056153 49 0.277094 0.0000 0.000699 0.000935 0.003009 -0.045757 0.111151 -0.182309 40.7944893994 -218.6008227309 49.27709
S062 16FEB06 2016.0986 57424 1882 6 141.4 -69 -0.432993 4517751 -0.053353 49 0.274761 0.0000 0.000725 0.000952 0.003147 -0.029218 0.127747 -0.150914 40.7944894246 -218.6008227051 49.27476
S062 16FEB07 2016.1013 57425 1883 0 141.4 -69 -0.433586 4517751 -0.055728 49 0.275675 0.0000 0.000710 0.000958 0.003062 -0.022938 0.070929 -0.184942 40.7944894032 -218.6008227121 49.27567
S062 16FEB08 2016.1040 57426 1883 1 141.4 -69 -0.432870 4517751 -0.056309 49 0.273044 0.0000 0.000720 0.000967 0.003147 -0.027699 0.068715 -0.218310 40.7944893980 -218.6008227036 49.27304
S062 16FEB09 2016.1068 57427 1883 2 141.4 -69 -0.433640 4517751 -0.054721 49 0.272393 0.0000 0.000698 0.000931 0.003005 -0.038773 0.134329 -0.196947 40.7944894123 -218.6008227127 49.27239
S062 16FEB10 2016.1095 57428 1883 3 141.4 -69 -0.433429 4517751 -0.055263 49 0.275654 0.0000 0.000710 0.000942 0.003086 -0.041098 0.113002 -0.219631 40.7944894074 -218.6008227102 49.27565
S062 16FEB11 2016.1123 57429 1883 4 141.4 -69 -0.434486 4517751 -0.055384 49 0.272339 0.0000 0.000695 0.000928 0.002996 -0.016524 0.116885 -0.190797 40.7944894063 -218.6008227228 49.27234
S062 16FEB12 2016.1150 57430 1883 5 141.4 -69 -0.432931 4517751 -0.055210 49 0.273051 0.0000 0.000701 0.000941 0.003000 -0.043121 0.108956 -0.196835 40.7944894079 -218.6008227043 49.27305
S062 16FEB13 2016.1177 57431 1883 6 141.4 -69 -0.433137 4517751 -0.054595 49 0.278769 0.0000 0.000694 0.000964 0.003054 -0.014779 0.063029 -0.194222 40.7944894134 -218.6008227068 49.27877
S062 16FEB14 2016.1205 57432 1884 0 141.4 -69 -0.434821 4517751 -0.056877 49 0.291632 0.0000 0.000718 0.000947 0.003098 -0.057136 0.149944 -0.188909 40.7944893929 -218.6008227267 49.29163
S062 16FEB15 2016.1232 57433 1884 1 141.4 -69 -0.433777 4517751 -0.054233 49 0.274462 0.0000 0.000708 0.000970 0.003092 -0.055879 0.082229 -0.159197 40.7944894167 -218.6008227144 49.27446
S062 16FEB16 2016.1259 57434 1884 2 141.4 -69 -0.434555 4517751 -0.055984 49 0.278857 0.0000 0.000708 0.000950 0.003077 -0.043596 0.099492 -0.145466 40.7944894009 -218.6008227236 49.27886
S062 16FEB17 2016.1287 57435 1884 3 141.4 -69 -0.432338 4517751 -0.056248 49 0.270115 0.0000 0.000686 0.000926 0.002951 -0.043082 0.071447 -0.190301 40.7944893985 -218.6008226973 49.27011
S062 16FEB18 2016.1314 57436 1884 4 141.4 -69 -0.434349 4517751 -0.056997 49 0.274735 0.0000 0.000706 0.000954 0.003101 -0.045612 0.096821 -0.220179 40.7944893918 -218.6008227211 49.27473
S062 16FEB19 2016.1342 57437 1884 5 141.4 -69 -0.431698 4517751 -0.056438 49 0.278151 0.0000 0.000719 0.000974 0.003161 -0.007240 0.081487 -0.191064 40.7944893968 -218.6008226897 49.27815
S062 16FEB20 2016.1369 57438 1884 6 141.4 -69 -0.432062 4517751 -0.056132 49 0.273673 0.0000 0.000716 0.000951 0.003059 -0.070753 0.111442 -0.160312 40.7944893996 -218.6008226940 49.27367
S062 16FEB21 2016.1396 57439 1885 0 141.4 -69 -0.435740 4517751 -0.054198 49 0.258209 0.0000 0.000729 0.000971 0.003272 -0.051906 0.112056 -0.219119 40.7944894170 -218.6008227376 49.25821
S062 16FEB22 2016.1424 57440 1885 1 141.4 -69 -0.433346 4517751 -0.054896 49 0.269020 0.0000 0.000708 0.000934 0.002982 -0.071931 0.125112 -0.135454 40.7944894107 -218.6008227093 49.26902
S062 16FEB23 2016.1451 57441 1885 2 141.4 -69 -0.434022 4517751 -0.054499 49 0.271317 0.0000 0.000706 0.000939 0.003045 -0.040271 0.096598 -0.205788 40.7944894143 -218.6008227173 49.27132
S062 16FEB24 2016.1478 57442 1885 3 141.4 -69 -0.435531 4517751 -0.054474 49 0.267359 0.0000 0.000688 0.000929 0.002927 -0.019031 0.120165 -0.151676 40.7944894145 -218.6008227352 49.26736
S062 16FEB25 2016.1506 57443 1885 4 141.4 -69 -0.434333 4517751 -0.054495 49 0.272344 0.0000 0.000688 0.000916 0.002936 -0.029023 0.110975 -0.137760 40.7944894143 -218.6008227210 49.27234
S062 16FEB26 2016.1533 57444 1885 5 141.4 -69 -0.434453 4517751 -0.056131 49 0.269812 0.0000 0.000723 0.000977 0.003118 -0.028943 0.089876 -0.157088 40.7944893996 -218.6008227224 49.26981
S062 16FEB27 2016.1561 57445 1885 6 141.4 -69 -0.434392 4517751 -0.057551 49 0.272086 0.0000 0.000706 0.000937 0.003005 -0.049005 0.138627 -0.168857 40.7944893868 -218.6008227217 49.27209
S062 16FEB28 2016.1588 57446 1886 0 141.4 -69 -0.432793 4517751 -0.057213 49 0.269218 0.0000 0.000709 0.000939 0.003041 -0.028497 0.105833 -0.196133 40.7944893898 -218.6008227027 49.26922
S062 16FEB29 2016.1615 57447 1886 1 141.4 -69 -0.434135 4517751 -0.056316 49 0.274085 0.0000 0.000724 0.000983 0.003212 -0.015624 0.068505 -0.230954 40.7944893979 -218.6008227186 49.27409
S062 16MAR01 2016.1643 57448 1886 2 141.4 -69 -0.433330 4517751 -0.057545 49 0.270122 0.0000 0.000688 0.000926 0.002939 -0.033868 0.071404 -0.174287 40.7944893869 -218.6008227091 49.27012
S062 16MAR02 2016.1670 57449 1886 3 141.4 -69 -0.433724 4517751 -0.056538 49 0.274269 0.0000 0.000719 0.000956 0.003134 -0.036502 0.102209 -0.188338 40.7944893959 -218.6008227137 49.27427
S062 16MAR03 2016.1697 57450 1886 4 141.4 -69 -0.432494 4517751 -0.058108 49 0.270154 0.0000 0.000718 0.000942 0.003131 -0.025311 0.099106 -0.214858 40.7944893818 -218.6008226992 49.27015
S062 16MAR04 2016.1725 57451 1886 5 141.4 -69 -0.434476 4517751 -0.056124 49 0.271264 0.0000 0.000743 0.000976 0.003214 -0.045801 0.135275 -0.127616 40.7944893997 -218.6008227226 49.27126
S062 16MAR05 2016.1752 57452 1886 6 141.4 -69 -0.431752 4517751 -0.058438 49 0.270758 0.0000 0.000701 0.000943 0.003011 -0.052190 0.138366 -0.149651 40.7944893788 -218.6008226904 49.27076
S062 16MAR06 2016.1780 57453 1887 0 141.4 -69 -0.433424 4517751 -0.058867 49 0.269444 0.0000 0.000713 0.000947 0.003115 -0.041004 0.132182 -0.177231 40.7944893750 -218.6008227102 49.26944
S062 16MAR07 2016.1807 57454 1887 1 141.4 -69 -0.434558 4517751 -0.058523 49 0.268893 0.0000 0.000792 0.001024 0.003269 -0.039072 0.074890 -0.131528 40.7944893780 -218.6008227236 49.26889
S062 16MAR08 2016.1834 57455 1887 2 141.4 -69 -0.435515 4517751 -0.060009 49 0.289629 0.0000 0.000828 0.001123 0.003637 0.012415 0.101275 -0.177171 40.7944893647 -218.6008227350 49.28963
S062 16MAR09 2016.1862 57456 1887 3 141.4 -69 -0.433727 4517751 -0.057616 49 0.272501 0.0000 0.000705 0.000929 0.003038 -0.051247 0.126083 -0.207763 40.7944893862 -218.6008227138 49.27250
S062 16MAR10 2016.1889 57457 1887 4 141.4 -69 -0.432598 4517751 -0.058822 49 0.267735 0.0000 0.000704 0.000937 0.003085 -0.042021 0.125353 -0.203902 40.7944893754 -218.6008227004 49.26773
S062 16MAR11 2016.1916 57458 1887 5 141.4 -69 -0.432666 4517751 -0.057333 49 0.268220 0.0000 0.000695 0.000908 0.002984 -0.051041 0.146027 -0.168580 40.7944893888 -218.6008227012 49.26822
S062 16MAR12 2016.1944 57459 1887 6 141.4 -69 -0.433032 4517751 -0.058285 49 0.268813 0.0000 0.000701 0.000932 0.002997 -0.074665 0.152158 -0.183200 40.7944893802 -218.6008227055 49.26881
S062 16MAR13 2016.1971 57460 1888 0 141.4 -69 -0.433847 4517751 -0.058913 49 0.274567 0.0000 0.000716 0.000924 0.003046 -0.039523 0.102658 -0.187409 40.7944893745 -218.6008227152 49.27457
S062 16MAR14 2016.1999 57461 1888 1 141.4 -69 -0.432070 4517751 -0.058457 49 0.275675 0.0000 0.000718 0.000944 0.003108 -0.045062 0.167298 -0.189695 40.7944893786 -218.6008226941 49.27568
S062 16MAR15 2016.2026 57462 1888 2 141.4 -69 -0.432639 4517751 -0.059899 49 0.275067 0.0000 0.000709 0.000963 0.003080 -0.058697 0.117778 -0.227788 40.7944893657 -218.6008227009 49.27507
S062 16MAR16 2016.2053 57463 1888 3 141.4 -69 -0.435110 4517751 -0.058798 49 0.273156 0.0000 0.000748 0.000975 0.003232 -0.041219 0.117404 -0.175941 40.7944893756 -218.6008227302 49.27316
S062 16MAR17 2016.2081 57464 1888 4 141.4 -69 -0.433140 4517751 -0.059240 49 0.276443 0.0000 0.000733 0.000973 0.003202 -0.024910 0.117080 -0.185476 40.7944893716 -218.6008227068 49.27644
S062 16MAR18 2016.2108 57465 1888 5 141.4 -69 -0.433801 4517751 -0.057332 49 0.271831 0.0000 0.000745 0.000991 0.003238 -0.024605 0.131259 -0.154744 40.7944893888 -218.6008227147 49.27183
S062 16MAR19 2016.2136 57466 1888 6 141.4 -69 -0.433478 4517751 -0.058786 49 0.277453 0.0000 0.000713 0.001019 0.003138 -0.000297 0.102426 -0.256503 40.7944893757 -218.6008227108 49.27745
S062 16MAR20 2016.2163 57467 1889 0 141.4 -69 -0.434141 4517751 -0.057725 49 0.272874 0.0000 0.000729 0.000952 0.003108 -0.079612 0.094938 -0.222586 40.7944893852 -218.6008227187 49.27287
S062 16MAR21 2016.2190 57468 1889 1 141.4 -69 -0.432646 4517751 -0.059099 49 0.272814 0.0000 0.000706 0.000934 0.003049 -0.024633 0.116137 -0.182125 40.7944893729 -218.6008227010 49.27281
S062 16MAR22 2016.2218 57469 1889 2 141.4 -69 -0.434062 4517751 -0.059540 49 0.269304 0.0000 0.000704 0.000918 0.003003 -0.060833 0.132750 -0.193716 40.7944893689 -218.6008227177 49.26930
S062 16MAR23 2016.2245 57470 1889 3 141.4 -69 -0.435158 4517751 -0.058307 49 0.273040 0.0000 0.000681 0.000911 0.002908 -0.040193 0.103994 -0.204896 40.7944893800 -218.6008227307 49.27304
S062 16MAR24 2016.2272 57471 1889 4 141.4 -69 -0.434381 4517751 -0.059589 49 0.270610 0.0000 0.000692 0.000907 0.002931 -0.035753 0.101107 -0.160612 40.7944893685 -218.6008227215 49.27061
S062 16MAR25 2016.2300 57472 1889 5 141.4 -69 -0.433654 4517751 -0.060167 49 0.273058 0.0000 0.000683 0.000910 0.002960 -0.027645 0.094244 -0.221468 40.7944893632 -218.6008227129 49.27306
S062 16MAR26 2016.2327 57473 1889 6 141.4 -69 -0.434371 4517751 -0.057928 49 0.270250 0.0000 0.000682 0.000918 0.002967 -0.012615 0.069110 -0.215474 40.7944893834 -218.6008227214 49.27025
S062 16MAR27 2016.2355 57474 1890 0 141.4 -69 -0.433396 4517751 -0.059825 49 0.271780 0.0000 0.000693 0.000910 0.002961 -0.033952 0.090063 -0.211386 40.7944893663 -218.6008227098 49.27178
S062 16MAR28 2016.2382 57475 1890 1 141.4 -69 -0.433869 4517751 -0.060439 49 0.271667 0.0000 0.000694 0.000913 0.002914 -0.049081 0.075290 -0.170832 40.7944893608 -218.6008227155 49.27167
S062 16MAR29 2016.2409 57476 1890 2 141.4 -69 -0.434173 4517751 -0.060531 49 0.270255 0.0000 0.000692 0.000937 0.002995 -0.046500 0.072647 -0.211126 40.7944893600 -218.6008227191 49.27025
S062 16MAR30 2016.2437 57477 1890 3 141.4 -69 -0.434327 4517751 -0.060259 49 0.269066 0.0000 0.000690 0.000901 0.002930 -0.040422 0.100465 -0.191932 40.7944893624 -218.6008227209 49.26907
S062 16MAR31 2016.2464 57478 1890 4 141.4 -69 -0.433002 4517751 -0.059625 49 0.271757 0.0000 0.000699 0.000923 0.003006 -0.043487 0.112767 -0.152504 40.7944893681 -218.6008227052 49.27176
S062 16APR01 2016.2491 57479 1890 5 141.4 -69 -0.434584 4517751 -0.059477 49 0.270850 0.0000 0.000687 0.000909 0.002924 -0.033142 0.087266 -0.194641 40.7944893695 -218.6008227239 49.27085
S062 16APR02 2016.2519 57480 1890 6 141.4 -69 -0.434287 4517751 -0.060149 49 0.277229 0.0000 0.000702 0.000928 0.003056 -0.038325 0.050374 -0.205334 40.7944893634 -218.6008227204 49.27723
S062 16APR03 2016.2546 57481 1891 0 141.4 -69 -0.432962 4517751 -0.060864 49 0.274998 0.0000 0.000711 0.000945 0.003135 -0.053672 0.048259 -0.214199 40.7944893570 -218.6008227047 49.27500
S062 16APR04 2016.2574 57482 1891 1 141.4 -69 -0.433563 4517751 -0.061554 49 0.276682 0.0000 0.000712 0.000939 0.003080 -0.049248 0.136479 -0.157817 40.7944893508 -218.6008227118 49.27668
S062 16APR05 2016.2601 57483 1891 2 141.4 -69 -0.433029 4517751 -0.059500 49 0.274423 0.0000 0.000706 0.000942 0.003072 -0.049343 0.098948 -0.122100 40.7944893692 -218.6008227055 49.27442
S062 16APR06 2016.2628 57484 1891 3 141.4 -69 -0.433730 4517751 -0.059966 49 0.273124 0.0000 0.000700 0.000933 0.003048 -0.051552 0.084906 -0.201137 40.7944893651 -218.6008227138 49.27312
S062 16APR07 2016.2656 57485 1891 4 141.4 -69 -0.433047 4517751 -0.060728 49 0.278103 0.0000 0.000693 0.000911 0.002991 -0.028372 0.086559 -0.206680 40.7944893582 -218.6008227057 49.27810
S062 16APR08 2016.2683 57486 1891 5 141.4 -69 -0.433087 4517751 -0.060756 49 0.280986 0.0000 0.000707 0.000930 0.003097 -0.042228 0.098214 -0.216899 40.7944893579 -218.6008227062 49.28099
S062 16APR09 2016.2710 57487 1891 6 141.4 -69 -0.432665 4517751 -0.060391 49 0.283634 0.0000 0.000718 0.000940 0.003135 -0.032682 0.091560 -0.211478 40.7944893612 -218.6008227012 49.28363
S062 16APR10 2016.2738 57488 1892 0 141.4 -69 -0.433973 4517751 -0.060464 49 0.276189 0.0000 0.000687 0.000907 0.002974 -0.036464 0.112089 -0.166123 40.7944893606 -218.6008227167 49.27619
S062 16APR11 2016.2765 57489 1892 1 141.4 -69 -0.432536 4517751 -0.060919 49 0.276926 0.0000 0.000706 0.000952 0.003074 -0.035288 0.106084 -0.133795 40.7944893565 -218.6008226997 49.27693
S062 16APR12 2016.2793 57490 1892 2 141.4 -69 -0.433817 4517751 -0.058868 49 0.278069 0.0000 0.000706 0.000932 0.003076 -0.057339 0.086652 -0.155710 40.7944893749 -218.6008227148 49.27807
S062 16APR13 2016.2820 57491 1892 3 141.4 -69 -0.434475 4517751 -0.062289 49 0.276887 0.0000 0.000717 0.000931 0.003100 -0.054736 0.125555 -0.220292 40.7944893441 -218.6008227226 49.27689
S062 16APR14 2016.2847 57492 1892 4 141.4 -69 -0.433719 4517751 -0.061089 49 0.279594 0.0000 0.000702 0.000920 0.003013 -0.066230 0.137172 -0.177304 40.7944893549 -218.6008227137 49.27959
S062 16APR15 2016.2875 57493 1892 5 141.4 -69 -0.437677 4517751 -0.060812 49 0.275679 0.0000 0.000700 0.000916 0.003078 -0.031653 0.083270 -0.245720 40.7944893574 -218.6008227606 49.27568
S062 16APR16 2016.2902 57494 1892 6 141.4 -69 -0.434947 4517751 -0.061092 49 0.275413 0.0000 0.000707 0.000936 0.003109 -0.021879 0.096586 -0.185593 40.7944893549 -218.6008227282 49.27541
S062 16APR17 2016.2930 57495 1893 0 141.4 -69 -0.435518 4517751 -0.062834 49 0.291530 0.0000 0.000721 0.000926 0.003092 -0.025201 0.086437 -0.163125 40.7944893392 -218.6008227350 49.29153
S062 16APR18 2016.2957 57496 1893 1 141.4 -69 -0.432557 4517751 -0.062996 49 0.284957 0.0000 0.000708 0.000917 0.003072 -0.033472 0.058027 -0.218017 40.7944893378 -218.6008226999 49.28496
S062 16APR19 2016.2984 57497 1893 2 141.4 -69 -0.432340 4517751 -0.062124 49 0.280382 0.0000 0.000721 0.000916 0.003048 -0.044021 0.118073 -0.183177 40.7944893456 -218.6008226973 49.28038
S062 16APR20 2016.3012 57498 1893 3 141.4 -69 -0.433803 4517751 -0.062257 49 0.278137 0.0000 0.000714 0.000925 0.003078 -0.058410 0.122116 -0.199250 40.7944893444 -218.6008227147 49.27814
S062 16APR21 2016.3039 57499 1893 4 141.4 -69 -0.433208 4517751 -0.060846 49 0.279846 0.0000 0.000690 0.000905 0.002961 -0.043389 0.091355 -0.203612 40.7944893571 -218.6008227076 49.27985
S062 16APR22 2016.3066 57500 1893 5 141.4 -69 -0.434175 4517751 -0.061752 49 0.280554 0.0000 0.000708 0.000933 0.003052 -0.033572 0.068122 -0.174791 40.7944893490 -218.6008227191 49.28055
S062 16APR23 2016.3094 57501 1893 6 141.4 -69 -0.434578 4517751 -0.061566 49 0.277327 0.0000 0.000714 0.000946 0.003076 -0.056370 0.086163 -0.144230 40.7944893507 -218.6008227239 49.27733
S062 16APR24 2016.3121 57502 1894 0 141.4 -69 -0.433525 4517751 -0.063026 49 0.279222 0.0000 0.000699 0.000902 0.002957 -0.041755 0.112042 -0.176803 40.7944893375 -218.6008227114 49.27922
S062 16APR25 2016.3149 57503 1894 1 141.4 -69 -0.434683 4517751 -0.062426 49 0.279455 0.0000 0.000726 0.000930 0.003124 -0.067357 0.122665 -0.211600 40.7944893429 -218.6008227251 49.27945
S062 16APR26 2016.3176 57504 1894 2 141.4 -69 -0.434394 4517751 -0.061501 49 0.281205 0.0000 0.000706 0.000935 0.003084 -0.033156 0.105672 -0.200351 40.7944893512 -218.6008227217 49.28120
S062 16APR27 2016.3203 57505 1894 3 141.4 -69 -0.433671 4517751 -0.061884 49 0.278732 0.0000 0.000692 0.000905 0.002976 -0.055331 0.111351 -0.199658 40.7944893478 -218.6008227131 49.27873
S062 16APR28 2016.3231 57506 1894 4 141.4 -69 -0.434043 4517751 -0.061584 49 0.280469 0.0000 0.000692 0.000899 0.002948 -0.053240 0.090417 -0.199327 40.7944893505 -218.6008227175 49.28047
S062 16APR29 2016.3258 57507 1894 5 141.4 -69 -0.433476 4517751 -0.061111 49 0.278848 0.0000 0.000704 0.000924 0.003085 -0.030935 0.093682 -0.243335 40.7944893547 -218.6008227108 49.27885
S062 16APR30 2016.3285 57508 1894 6 141.4 -69 -0.433720 4517751 -0.062085 49 0.279941 0.0000 0.000695 0.000902 0.002976 -0.043860 0.104270 -0.186760 40.7944893460 -218.6008227137 49.27994
S062 16MAY01 2016.3313 57509 1895 0 141.4 -69 -0.433768 4517751 -0.062435 49 0.276443 0.0000 0.000691 0.000932 0.003032 -0.034782 0.084253 -0.200443 40.7944893428 -218.6008227143 49.27644
S062 16MAY02 2016.3340 57510 1895 1 141.4 -69 -0.432382 4517751 -0.061977 49 0.283418 0.0000 0.000720 0.000970 0.003224 -0.055636 0.086236 -0.230398 40.7944893469 -218.6008226978 49.28342
S062 16MAY03 2016.3368 57511 1895 2 141.4 -69 -0.434744 4517751 -0.060569 49 0.279497 0.0000 0.000735 0.000962 0.003246 -0.098967 0.147418 -0.226046 40.7944893596 -218.6008227258 49.27950
S062 16MAY04 2016.3395 57512 1895 3 141.4 -69 -0.434686 4517751 -0.062088 49 0.278665 0.0000 0.000729 0.000952 0.003154 -0.063701 0.107711 -0.182628 40.7944893459 -218.6008227251 49.27867
S062 16MAY05 2016.3422 57513 1895 4 141.4 -69 -0.431924 4517751 -0.062532 49 0.280037 0.0000 0.000697 0.000931 0.003032 -0.046575 0.116272 -0.209599 40.7944893419 -218.6008226924 49.28004
S062 16MAY06 2016.3450 57514 1895 5 141.4 -69 -0.433931 4517751 -0.061270 49 0.278890 0.0000 0.000721 0.000949 0.003123 -0.050484 0.119756 -0.204985 40.7944893533 -218.6008227162 49.27889
S062 16MAY07 2016.3477 57515 1895 6 141.4 -69 -0.434541 4517751 -0.063657 49 0.282072 0.0000 0.000727 0.000954 0.003148 -0.029348 0.064454 -0.197024 40.7944893318 -218.6008227234 49.28207
S062 16MAY08 2016.3504 57516 1896 0 141.4 -69 -0.433879 4517751 -0.061491 49 0.279616 0.0000 0.000721 0.000945 0.003112 -0.053995 0.091037 -0.214706 40.7944893513 -218.6008227156 49.27962
S062 16MAY09 2016.3532 57517 1896 1 141.4 -69 -0.432036 4517751 -0.061195 49 0.277035 0.0000 0.000732 0.000945 0.003212 -0.053492 0.122421 -0.225937 40.7944893540 -218.6008226937 49.27704
S062 16MAY10 2016.3559 57518 1896 2 141.4 -69 -0.431660 4517751 -0.062099 49 0.289475 0.0000 0.000728 0.000926 0.003136 -0.047915 0.096024 -0.146100 40.7944893458 -218.6008226893 49.28948
S062 16MAY11 2016.3587 57519 1896 3 141.4 -69 -0.432947 4517751 -0.063058 49 0.280630 0.0000 0.000725 0.000913 0.003131 -0.039567 0.165796 -0.203473 40.7944893372 -218.6008227045 49.28063
S062 16MAY12 2016.3614 57520 1896 4 141.4 -69 -0.432127 4517751 -0.061639 49 0.283261 0.0000 0.000737 0.000984 0.003210 -0.042658 0.123324 -0.122309 40.7944893500 -218.6008226948 49.28326
S062 16MAY13 2016.3641 57521 1896 5 141.4 -69 -0.434306 4517751 -0.059726 49 0.283044 0.0000 0.000742 0.000971 0.003198 -0.094171 0.050939 -0.052071 40.7944893672 -218.6008227206 49.28304
S062 16MAY14 2016.3669 57522 1896 6 141.4 -69 -0.433435 4517751 -0.061318 49 0.278292 0.0000 0.000722 0.000948 0.003130 -0.059161 0.095440 -0.138915 40.7944893529 -218.6008227103 49.27829
S062 16MAY15 2016.3696 57523 1897 0 141.4 -69 -0.432215 4517751 -0.061633 49 0.281584 0.0000 0.000719 0.000927 0.003097 -0.055821 0.141195 -0.164569 40.7944893500 -218.6008226959 49.28158
S062 16MAY16 2016.3723 57524 1897 1 141.4 -69 -0.433006 4517751 -0.059436 49 0.279521 0.0000 0.000708 0.000905 0.002998 -0.051395 0.113242 -0.146780 40.7944893698 -218.6008227052 49.27952
S062 16MAY17 2016.3751 57525 1897 2 141.4 -69 -0.432438 4517751 -0.061228 49 0.277566 0.0000 0.000697 0.000887 0.002907 -0.040624 0.094877 -0.178827 40.7944893537 -218.6008226985 49.27757
S062 16MAY18 2016.3778 57526 1897 3 141.4 -69 -0.432881 4517751 -0.061169 49 0.277676 0.0000 0.000698 0.000901 0.002976 -0.057547 0.089764 -0.168002 40.7944893542 -218.6008227037 49.27768
S062 16MAY19 2016.3806 57527 1897 4 141.4 -69 -0.434049 4517751 -0.061739 49 0.279310 0.0000 0.000757 0.001001 0.003280 -0.071700 0.048867 -0.181766 40.7944893491 -218.6008227176 49.27931
S062 16MAY20 2016.3833 57528 1897 5 141.4 -69 -0.433866 4517751 -0.061446 49 0.278589 0.0000 0.000719 0.000951 0.003120 -0.038269 0.159298 -0.058414 40.7944893517 -218.6008227154 49.27859
S062 16MAY21 2016.3860 57529 1897 6 141.4 -69 -0.432781 4517751 -0.060706 49 0.280414 0.0000 0.000701 0.000922 0.003040 -0.050725 0.123521 -0.152698 40.7944893584 -218.6008227026 49.28041
S062 16MAY22 2016.3888 57530 1898 0 141.4 -69 -0.433114 4517751 -0.062427 49 0.281757 0.0000 0.000704 0.000887 0.002939 -0.036507 0.112296 -0.150881 40.7944893429 -218.6008227065 49.28176
S062 16MAY23 2016.3915 57531 1898 1 141.4 -69 -0.433280 4517751 -0.061218 49 0.280695 0.0000 0.000714 0.000921 0.003113 -0.043052 0.158739 -0.186442 40.7944893538 -218.6008227085 49.28070
S062 16MAY24 2016.3943 57532 1898 2 141.4 -69 -0.433516 4517751 -0.061686 49 0.285919 0.0000 0.000719 0.000939 0.003157 -0.050119 0.050617 -0.211583 40.7944893496 -218.6008227113 49.28592
S062 16MAY25 2016.3970 57533 1898 3 141.4 -69 -0.434839 4517751 -0.060187 49 0.284481 0.0000 0.000726 0.000954 0.003133 -0.038694 0.077483 -0.136393 40.7944893631 -218.6008227270 49.28448
S062 16MAY26 2016.3997 57534 1898 4 141.4 -69 -0.431943 4517751 -0.059971 49 0.283464 0.0000 0.000713 0.000940 0.003115 -0.047252 0.086853 -0.165138 40.7944893650 -218.6008226926 49.28346
S062 16MAY27 2016.4025 57535 1898 5 141.4 -69 -0.434049 4517751 -0.062397 49 0.285173 0.0000 0.000752 0.001008 0.003421 -0.059853 0.072860 -0.174864 40.7944893432 -218.6008227176 49.28517
S062 16MAY28 2016.4052 57536 1898 6 141.4 -69 -0.432465 4517751 -0.061846 49 0.289490 0.0000 0.000729 0.000923 0.003178 -0.074065 0.128086 -0.132244 40.7944893481 -218.6008226988 49.28949
S062 16MAY29 2016.4079 57537 1899 0 141.4 -69 -0.432154 4517751 -0.062561 49 0.287670 0.0000 0.000765 0.000971 0.003332 -0.047283 0.157936 -0.123667 40.7944893417 -218.6008226951 49.28767
S062 16MAY30 2016.4107 57538 1899 1 141.4 -69 -0.432701 4517751 -0.062704 49 0.282866 0.0000 0.000725 0.000945 0.003139 -0.062921 0.128975 -0.143180 40.7944893404 -218.6008227016 49.28287
S062 16MAY31 2016.4134 57539 1899 2 141.4 -69 -0.432902 4517751 -0.063350 49 0.283513 0.0000 0.000760 0.000947 0.003304 -0.067503 0.177351 -0.205988 40.7944893346 -218.6008227040 49.28351
S062 16JUN01 2016.4162 57540 1899 3 141.4 -69 -0.434143 4517751 -0.064248 49 0.285485 0.0000 0.000779 0.001015 0.003356 -0.078000 0.122188 -0.103033 40.7944893265 -218.6008227187 49.28548
S062 16JUN02 2016.4189 57541 1899 4 141.4 -69 -0.432808 4517751 -0.062179 49 0.286484 0.0000 0.000771 0.000986 0.003333 0.010671 0.072836 -0.087052 40.7944893451 -218.6008227029 49.28648
S062 16JUN03 2016.4216 57542 1899 5 141.4 -69 -0.434224 4517751 -0.064660 49 0.281110 0.0000 0.000768 0.000962 0.003291 0.020687 0.058211 -0.128161 40.7944893228 -218.6008227197 49.28111
S062 16JUN04 2016.4244 57543 1899 6 141.4 -69 -0.433669 4517751 -0.061982 49 0.277074 0.0000 0.000770 0.000985 0.003277 0.029119 0.060631 -0.121362 40.7944893469 -218.6008227131 49.27707
S062 16JUN05 2016.4271 57544 1900 0 141.4 -69 -0.433365 4517751 -0.063670 49 0.280398 0.0000 0.000720 0.000920 0.003110 -0.036449 0.076792 -0.193456 40.7944893317 -218.6008227095 49.28040
S062 16JUN06 2016.4298 57545 1900 1 141.4 -69 -0.432947 4517751 -0.064313 49 0.281922 0.0000 0.000765 0.000968 0.003427 -0.013829 0.131498 -0.137352 40.7944893259 -218.6008227045 49.28192
S062 16JUN07 2016.4326 57546 1900 2 141.4 -69 -0.432968 4517751 -0.063359 49 0.280860 0.0000 0.000737 0.000956 0.003192 -0.045579 0.090686 -0.147920 40.7944893345 -218.6008227048 49.28086
S062 16JUN08 2016.4353 57547 1900 3 141.4 -69 -0.432910 4517751 -0.063691 49 0.282326 0.0000 0.000722 0.000942 0.003182 -0.012249 0.107488 -0.189898 40.7944893315 -218.6008227041 49.28233
S062 16JUN09 2016.4381 57548 1900 4 141.4 -69 -0.433025 4517751 -0.064181 49 0.279453 0.0000 0.000708 0.000921 0.003122 -0.027732 0.086771 -0.166444 40.7944893271 -218.6008227055 49.27945
S062 16JUN10 2016.4408 57549 1900 5 141.4 -69 -0.432276 4517751 -0.063855 49 0.279282 0.0000 0.000785 0.001009 0.003407 -0.079837 0.139467 -0.133725 40.7944893300 -218.6008226966 49.27928
S062 16JUN11 2016.4435 57550 1900 6 141.4 -69 -0.432928 4517751 -0.063575 49 0.281952 0.0000 0.000770 0.000990 0.003426 -0.023699 0.067748 -0.148001 40.7944893326 -218.6008227043 49.28195
S062 16JUN12 2016.4463 57551 1901 0 141.4 -69 -0.431824 4517751 -0.062770 49 0.286493 0.0000 0.000724 0.000937 0.003166 -0.048369 0.123966 -0.181973 40.7944893398 -218.6008226912 49.28649
S062 16JUN13 2016.4490 57552 1901 1 141.4 -69 -0.432250 4517751 -0.063242 49 0.291539 0.0000 0.000744 0.000932 0.003204 -0.047008 0.181578 -0.160745 40.7944893356 -218.6008226963 49.29154
S062 16JUN14 2016.4517 57553 1901 2 141.4 -69 -0.432690 4517751 -0.063125 49 0.283803 0.0000 0.000739 0.000938 0.003265 -0.038256 0.114921 -0.218806 40.7944893366 -218.6008227015 49.28380
S062 16JUN15 2016.4545 57554 1901 3 141.4 -69 -0.432150 4517751 -0.063785 49 0.285830 0.0000 0.000732 0.000928 0.003197 -0.053491 0.082352 -0.182682 40.7944893307 -218.6008226951 49.28583
S062 16JUN16 2016.4572 57555 1901 4 141.4 -69 -0.431683 4517751 -0.064759 49 0.284797 0.0000 0.000711 0.000911 0.003066 -0.070545 0.121002 -0.214271 40.7944893219 -218.6008226896 49.28480
S062 16JUN17 2016.4600 57556 1901 5 141.4 -69 -0.431602 4517751 -0.067220 49 0.291540 0.0000 0.000743 0.000933 0.003260 -0.046018 0.088501 -0.194769 40.7944892997 -218.6008226886 49.29154
S062 16JUN18 2016.4627 57557 1901 6 141.4 -69 -0.432338 4517751 -0.066854 49 0.287244 0.0000 0.000732 0.000954 0.003219 -0.039771 0.057798 -0.163342 40.7944893030 -218.6008226973 49.28724
S062 16JUN19 2016.4654 57558 1902 0 141.4 -69 -0.432630 4517751 -0.066083 49 0.280393 0.0000 0.000744 0.000957 0.003248 -0.043031 0.122499 -0.148042 40.7944893100 -218.6008227008 49.28039
S062 16JUN20 2016.4682 57559 1902 1 141.4 -69 -0.431562 4517751 -0.065902 49 0.285099 0.0000 0.000747 0.000917 0.003213 -0.084408 0.137363 -0.220312 40.7944893116 -218.6008226881 49.28510
S062 16JUN21 2016.4709 57560 1902 2 141.4 -69 -0.432177 4517751 -0.065306 49 0.278216 0.0000 0.000729 0.000935 0.003179 -0.006923 0.058661 -0.196266 40.7944893170 -218.6008226954 49.27822
S062 16JUN22 2016.4736 57561 1902 3 141.4 -69 -0.432625 4517751 -0.065061 49 0.288028 0.0000 0.000744 0.000947 0.003207 -0.007737 0.073703 -0.143229 40.7944893192 -218.6008227007 49.28803
S062 16JUN23 2016.4764 57562 1902 4 141.4 -69 -0.432346 4517751 -0.065064 49 0.287478 0.0000 0.000787 0.000974 0.003381 -0.032249 0.150040 -0.119580 40.7944893191 -218.6008226974 49.28748
S062 16JUN24 2016.4791 57563 1902 5 141.4 -69 -0.431239 4517751 -0.065559 49 0.287387 0.0000 0.000791 0.001014 0.003496 -0.051559 0.125015 -0.179735 40.7944893147 -218.6008226843 49.28739
S062 16JUN25 2016.4819 57564 1902 6 141.4 -69 -0.434833 4517751 -0.061113 49 0.287423 0.0000 0.000788 0.001035 0.003538 -0.033257 0.105965 -0.173302 40.7944893547 -218.6008227269 49.28742
S062 16JUN26 2016.4846 57565 1903 0 141.4 -69 -0.433246 4517751 -0.065269 49 0.288484 0.0000 0.000728 0.000950 0.003163 -0.017808 0.119408 -0.199339 40.7944893173 -218.6008227081 49.28848
S062 16JUN27 2016.4873 57566 1903 1 141.4 -69 -0.430730 4517751 -0.063485 49 0.286469 0.0000 0.000723 0.000919 0.003103 -0.025666 0.071028 -0.203233 40.7944893334 -218.6008226783 49.28647
S062 16JUN28 2016.4901 57567 1903 2 141.4 -69 -0.431169 4517751 -0.063777 49 0.287210 0.0000 0.000724 0.000922 0.003156 -0.030144 0.087364 -0.229431 40.7944893307 -218.6008226835 49.28721
S062 16JUN29 2016.4928 57568 1903 3 141.4 -69 -0.431889 4517751 -0.066367 49 0.286626 0.0000 0.000722 0.000949 0.003172 -0.064645 0.160915 -0.194938 40.7944893074 -218.6008226920 49.28663
S062 16JUN30 2016.4956 57569 1903 4 141.4 -69 -0.431583 4517751 -0.065830 49 0.285214 0.0000 0.000712 0.000931 0.003104 -0.041611 0.102990 -0.175963 40.7944893123 -218.6008226884 49.28521
S062 16JUL01 2016.4983 57570 1903 5 141.4 -69 -0.431493 4517751 -0.065732 49 0.288169 0.0000 0.000764 0.000948 0.003303 -0.057780 0.083230 -0.157517 40.7944893131 -218.6008226873 49.28817
S062 16JUL02 2016.5010 57571 1903 6 141.4 -69 -0.428676 4517751 -0.064453 49 0.289945 0.0000 0.000774 0.000970 0.003349 -0.060563 0.091798 -0.194009 40.7944893247 -218.6008226539 49.28994
S062 16JUL03 2016.5038 57572 1904 0 141.4 -69 -0.424603 4517751 -0.065653 49 0.273955 0.0000 0.000761 0.000986 0.003437 -0.036669 0.128807 -0.185675 40.7944893138 -218.6008226057 49.27396
S062 16JUL04 2016.5065 57573 1904 1 141.4 -69 -0.431694 4517751 -0.063033 49 0.279178 0.0000 0.000736 0.000946 0.003267 -0.039115 0.158835 -0.188419 40.7944893374 -218.6008226897 49.27918
S062 16JUL05 2016.5092 57574 1904 2 141.4 -69 -0.431529 4517751 -0.064879 49 0.284070 0.0000 0.000713 0.000914 0.003038 -0.046045 0.104163 -0.205268 40.7944893208 -218.6008226877 49.28407
S062 16JUL06 2016.5120 57575 1904 3 141.4 -69 -0.431301 4517751 -0.066381 49 0.290938 0.0000 0.000733 0.000957 0.003233 -0.082753 0.086845 -0.192730 40.7944893073 -218.6008226850 49.29094
S062 16JUL07 2016.5147 57576 1904 4 141.4 -69 -0.432023 4517751 -0.066350 49 0.288154 0.0000 0.000726 0.000942 0.003220 -0.030709 0.085702 -0.173029 40.7944893076 -218.6008226936 49.28815
S062 16JUL08 2016.5175 57577 1904 5 141.4 -69 -0.429624 4517751 -0.066020 49 0.291831 0.0000 0.000762 0.000976 0.003411 -0.000881 0.047432 -0.221261 40.7944893105 -218.6008226652 49.29183
S062 16JUL09 2016.5202 57578 1904 6 141.4 -69 -0.430601 4517751 -0.065805 49 0.287257 0.0000 0.000723 0.000916 0.003117 -0.068157 0.146490 -0.215477 40.7944893125 -218.6008226767 49.28726
S062 16JUL10 2016.5229 57579 1905 0 141.4 -69 -0.430046 4517751 -0.063978 49 0.291289 0.0000 0.000758 0.000941 0.003295 -0.075370 0.124328 -0.192059 40.7944893289 -218.6008226702 49.29129
S062 16JUL11 2016.5257 57580 1905 1 141.4 -69 -0.429798 4517751 -0.067365 49 0.286977 0.0000 0.000735 0.000970 0.003223 -0.008239 0.060181 -0.173478 40.7944892984 -218.6008226672 49.28698
S062 16JUL12 2016.5284 57581 1905 2 141.4 -69 -0.429521 4517751 -0.064086 49 0.289505 0.0000 0.000759 0.000942 0.003375 -0.057566 0.179540 -0.210341 40.7944893280 -218.6008226639 49.28951
S062 16JUL13 2016.5311 57582 1905 3 141.4 -69 -0.429037 4517751 -0.064576 49 0.296889 0.0000 0.000762 0.000951 0.003439 -0.053145 0.157488 -0.253932 40.7944893235 -218.6008226582 49.29689
S062 16JUL14 2016.5339 57583 1905 4 141.4 -69 -0.430454 4517751 -0.064518 49 0.293031 0.0000 0.000747 0.000930 0.003243 -0.060413 0.180645 -0.218126 40.7944893241 -218.6008226750 49.29303
S062 16JUL15 2016.5366 57584 1905 5 141.4 -69 -0.430197 4517751 -0.065556 49 0.289789 0.0000 0.000749 0.000938 0.003245 -0.096641 0.158220 -0.170581 40.7944893147 -218.6008226719 49.28979
S062 16JUL16 2016.5394 57585 1905 6 141.4 -69 -0.429244 4517751 -0.064459 49 0.288789 0.0000 0.000773 0.000992 0.003318 -0.031558 0.135278 -0.154052 40.7944893246 -218.6008226607 49.28879
S062 16JUL17 2016.5421 57586 1906 0 141.4 -69 -0.430064 4517751 -0.065491 49 0.286174 0.0000 0.000759 0.000989 0.003363 -0.027115 0.082414 -0.178919 40.7944893153 -218.6008226704 49.28617
S062 16JUL18 2016.5448 57587 1906 1 141.4 -69 -0.429564 4517751 -0.064923 49 0.285387 0.0000 0.000737 0.000943 0.003222 -0.052134 0.152338 -0.216434 40.7944893204 -218.6008226644 49.28539
S062 16JUL19 2016.5476 57588 1906 2 141.4 -69 -0.427551 4517751 -0.065125 49 0.290879 0.0000 0.000772 0.000984 0.003506 -0.038822 0.062797 -0.217577 40.7944893186 -218.6008226406 49.29088
S062 16JUL20 2016.5503 57589 1906 3 141.4 -69 -0.428819 4517751 -0.065815 49 0.287987 0.0000 0.000763 0.000971 0.003320 -0.028187 0.095671 -0.103605 40.7944893124 -218.6008226556 49.28799
S062 16JUL21 2016.5530 57590 1906 4 141.4 -69 -0.430348 4517751 -0.065290 49 0.286423 0.0000 0.000751 0.000965 0.003201 -0.040094 0.095469 -0.203194 40.7944893171 -218.6008226737 49.28642
S062 16JUL22 2016.5558 57591 1906 5 141.4 -69 -0.429305 4517751 -0.064830 49 0.286517 0.0000 0.000766 0.000962 0.003333 -0.041542 0.085722 -0.143698 40.7944893213 -218.6008226614 49.28652
S062 16JUL23 2016.5585 57592 1906 6 141.4 -69 -0.429159 4517751 -0.065523 49 0.285080 0.0000 0.000788 0.001000 0.003481 -0.065348 0.089670 -0.153941 40.7944893150 -218.6008226596 49.28508
S062 16JUL24 2016.5613 57593 1907 0 141.4 -69 -0.428919 4517751 -0.065440 49 0.284565 0.0000 0.000770 0.000949 0.003401 -0.037183 0.081070 -0.215079 40.7944893158 -218.6008226568 49.28457
S062 16JUL25 2016.5640 57594 1907 1 141.4 -69 -0.428020 4517751 -0.064793 49 0.285781 0.0000 0.000728 0.000948 0.003213 -0.060406 0.107242 -0.202209 40.7944893216 -218.6008226462 49.28578
S062 16JUL26 2016.5667 57595 1907 2 141.4 -69 -0.428094 4517751 -0.067629 49 0.290928 0.0000 0.000803 0.001019 0.003488 -0.029963 0.130674 -0.187460 40.7944892960 -218.6008226470 49.29093
S062 16JUL27 2016.5695 57596 1907 3 141.4 -69 -0.427802 4517751 -0.068094 49 0.291138 0.0000 0.000769 0.000983 0.003362 -0.045765 0.074306 -0.203290 40.7944892919 -218.6008226436 49.29114
S062 16JUL28 2016.5722 57597 1907 4 141.4 -69 -0.429349 4517751 -0.064670 49 0.289369 0.0000 0.000750 0.000965 0.003334 -0.024293 0.114357 -0.196672 40.7944893227 -218.6008226619 49.28937
S062 16JUL29 2016.5749 57598 1907 5 141.4 -69 -0.428829 4517751 -0.065480 49 0.280546 0.0000 0.000746 0.000960 0.003318 -0.036976 0.124098 -0.180207 40.7944893154 -218.6008226557 49.28055
S062 16JUL30 2016.5777 57599 1907 6 141.4 -69 -0.427802 4517751 -0.062729 49 0.276683 0.0000 0.000751 0.000941 0.003226 -0.051683 0.062368 -0.174054 40.7944893402 -218.6008226436 49.27668
S062 16JUL31 2016.5804 57600 1908 0 141.4 -69 -0.427957 4517751 -0.065607 49 0.283726 0.0000 0.000716 0.000901 0.003084 -0.055562 0.131606 -0.228137 40.7944893143 -218.6008226454 49.28373
S062 16AUG01 2016.5832 57601 1908 1 141.4 -69 -0.427698 4517751 -0.065811 49 0.281567 0.0000 0.000729 0.000921 0.003094 -0.074487 0.109997 -0.154333 40.7944893124 -218.6008226423 49.28157
S062 16AUG02 2016.5859 57602 1908 2 141.4 -69 -0.427158 4517751 -0.065279 49 0.285662 0.0000 0.000742 0.000938 0.003208 -0.072036 0.081007 -0.159984 40.7944893172 -218.6008226359 49.28566
S062 16AUG03 2016.5886 57603 1908 3 141.4 -69 -0.427834 4517751 -0.067816 49 0.289395 0.0000 0.000735 0.000947 0.003225 -0.055325 0.067522 -0.184007 40.7944892944 -218.6008226439 49.28939
S062 16AUG04 2016.5914 57604 1908 4 141.4 -69 -0.428970 4517751 -0.066018 49 0.282291 0.0000 0.000732 0.000932 0.003197 -0.062491 0.066319 -0.182855 40.7944893106 -218.6008226574 49.28229
S062 16AUG05 2016.5941 57605 1908 5 141.4 -69 -0.428927 4517751 -0.066690 49 0.283629 0.0000 0.000738 0.000940 0.003186 -0.048049 0.103358 -0.175297 40.7944893045 -218.6008226569 49.28363
S062 16AUG06 2016.5969 57606 1908 6 141.4 -69 -0.426716 4517751 -0.067540 49 0.289521 0.0000 0.000731 0.000920 0.003129 -0.058945 0.066577 -0.150239 40.7944892969 -218.6008226307 49.28952
S062 16AUG07 2016.5996 57607 1909 0 141.4 -69 -0.427467 4517751 -0.067588 49 0.286916 0.0000 0.000729 0.000942 0.003196 -0.060366 0.108225 -0.188230 40.7944892964 -218.6008226396 49.28692
S062 16AUG08 2016.6023 57608 1909 1 141.4 -69 -0.426941 4517751 -0.065847 49 0.288677 0.0000 0.000733 0.000925 0.003179 -0.057682 0.085591 -0.175439 40.7944893121 -218.6008226334 49.28868
S062 16AUG09 2016.6051 57609 1909 2 141.4 -69 -0.427161 4517751 -0.065301 49 0.289258 0.0000 0.000740 0.000931 0.003199 -0.052499 0.124266 -0.202176 40.7944893170 -218.6008226360 49.28926
S062 16AUG10 2016.6078 57610 1909 3 141.4 -69 -0.426731 4517751 -0.067005 49 0.278158 0.0000 0.000716 0.000904 0.003084 -0.054109 0.061540 -0.161167 40.7944893017 -218.6008226309 49.27816
S062 16AUG11 2016.6105 57611 1909 4 141.4 -69 -0.427082 4517751 -0.068486 49 0.283098 0.0000 0.000707 0.000896 0.003039 -0.038648 0.100004 -0.212457 40.7944892883 -218.6008226350 49.28310
S062 16AUG12 2016.6133 57612 1909 5 141.4 -69 -0.427738 4517751 -0.066155 49 0.289509 0.0000 0.000733 0.000936 0.003179 -0.022687 0.127304 -0.146050 40.7944893093 -218.6008226428 49.28951
S062 16AUG13 2016.6160 57613 1909 6 141.4 -69 -0.425972 4517751 -0.067010 49 0.286645 0.0000 0.000764 0.000996 0.003399 -0.033347 0.101345 -0.132137 40.7944893016 -218.6008226219 49.28665
S062 16AUG14 2016.6188 57614 1910 0 141.4 -69 -0.427463 4517751 -0.068685 49 0.293046 0.0000 0.000738 0.000932 0.003295 -0.048511 0.119626 -0.270782 40.7944892865 -218.6008226395 49.29305
S062 16AUG15 2016.6215 57615 1910 1 141.4 -69 -0.428143 4517751 -0.065765 49 0.286099 0.0000 0.000724 0.000983 0.003225 -0.065663 0.089890 -0.184340 40.7944893128 -218.6008226476 49.28610
S062 16AUG16 2016.6242 57616 1910 2 141.4 -69 -0.426299 4517751 -0.068686 49 0.294628 0.0000 0.000809 0.001016 0.003580 -0.073102 0.048344 -0.184847 40.7944892865 -218.6008226258 49.29463
S062 16AUG17 2016.6270 57617 1910 3 141.4 -69 -0.425338 4517751 -0.067399 49 0.288418 0.0000 0.000786 0.000989 0.003459 -0.068678 0.060810 -0.239940 40.7944892981 -218.6008226144 49.28842
S062 16AUG18 2016.6297 57618 1910 4 141.4 -69 -0.425306 4517751 -0.065098 49 0.280175 0.0000 0.000764 0.000962 0.003328 -0.095019 0.138854 -0.181646 40.7944893188 -218.6008226140 49.28017
S062 16AUG19 2016.6324 57619 1910 5 141.4 -69 -0.426529 4517751 -0.066835 49 0.285714 0.0000 0.000793 0.000959 0.003472 -0.091102 0.138017 -0.245167 40.7944893032 -218.6008226285 49.28571
S062 16AUG20 2016.6352 57620 1910 6 141.4 -69 -0.425875 4517751 -0.066311 49 0.289439 0.0000 0.000729 0.000929 0.003125 -0.029026 0.065517 -0.194953 40.7944893079 -218.6008226207 49.28944
S062 16AUG21 2016.6379 57621 1911 0 141.4 -69 -0.423005 4517751 -0.067596 49 0.287537 0.0000 0.000709 0.000908 0.003046 -0.061170 0.107968 -0.212508 40.7944892963 -218.6008225867 49.28754
S062 16AUG22 2016.6407 57622 1911 1 141.4 -69 -0.425245 4517751 -0.067675 49 0.294829 0.0000 0.000745 0.000977 0.003364 -0.056625 0.071496 -0.228448 40.7944892956 -218.6008226133 49.29483
S062 16AUG23 2016.6434 57623 1911 2 141.4 -69 -0.426125 4517751 -0.067061 49 0.284065 0.0000 0.000732 0.000922 0.003143 -0.049557 0.130364 -0.217237 40.7944893012 -218.6008226237 49.28407
S062 16AUG24 2016.6461 57624 1911 3 141.4 -69 -0.423911 4517751 -0.067483 49 0.284515 0.0000 0.000751 0.000978 0.003328 -0.104851 0.177614 -0.215937 40.7944892974 -218.6008225975 49.28451
S062 16AUG25 2016.6489 57625 1911 4 141.4 -69 -0.425646 4517751 -0.067887 49 0.289004 0.0000 0.000770 0.000976 0.003358 -0.050163 0.078896 -0.215894 40.7944892937 -218.6008226180 49.28900
S062 16AUG26 2016.6516 57626 1911 5 141.4 -69 -0.426226 4517751 -0.065639 49 0.292939 0.0000 0.000746 0.000925 0.003164 -0.082147 0.086087 -0.178615 40.7944893140 -218.6008226249 49.29294
S062 16AUG27 2016.6543 57627 1911 6 141.4 -69 -0.424754 4517751 -0.067371 49 0.283772 0.0000 0.000708 0.000932 0.003050 -0.043894 0.088981 -0.229883 40.7944892984 -218.6008226074 49.28377
S062 16AUG28 2016.6571 57628 1912 0 141.4 -69 -0.426487 4517751 -0.067955 49 0.281163 0.0000 0.000741 0.000939 0.003178 -0.031922 0.140323 -0.183486 40.7944892931 -218.6008226280 49.28116
S062 16AUG29 2016.6598 57629 1912 1 141.4 -69 -0.423828 4517751 -0.067676 49 0.297334 0.0000 0.000729 0.000925 0.003122 -0.033635 0.086665 -0.196712 40.7944892956 -218.6008225965 49.29733
S062 16AUG30 2016.6626 57630 1912 2 141.4 -69 -0.424708 4517751 -0.068988 49 0.293795 0.0000 0.000729 0.000953 0.003311 -0.020570 0.086358 -0.271593 40.7944892838 -218.6008226069 49.29379
S062 16AUG31 2016.6653 57631 1912 3 141.4 -69 -0.424781 4517751 -0.067573 49 0.284466 0.0000 0.000712 0.000891 0.002913 -0.016410 0.060714 -0.136988 40.7944892966 -218.6008226078 49.28447
S062 16SEP01 2016.6680 57632 1912 4 141.4 -69 -0.423835 4517751 -0.067006 49 0.279472 0.0000 0.000695 0.000888 0.002866 -0.024013 0.064954 -0.128706 40.7944893017 -218.6008225966 49.27947
S062 16SEP02 2016.6708 57633 1912 5 141.4 -69 -0.425080 4517751 -0.067785 49 0.275668 0.0000 0.000712 0.000896 0.002954 -0.012872 0.074760 -0.131431 40.7944892946 -218.6008226113 49.27567
S062 16SEP03 2016.6735 57634 1912 6 141.4 -69 -0.424780 4517751 -0.067760 49 0.284843 0.0000 0.000693 0.000880 0.002858 -0.005256 0.037011 -0.143572 40.7944892949 -218.6008226078 49.28484
S062 16SEP04 2016.6762 57635 1913 0 141.4 -69 -0.424218 4517751 -0.068414 49 0.280782 0.0000 0.000695 0.000875 0.002884 -0.016577 0.028522 -0.148973 40.7944892890 -218.6008226011 49.28078
S062 16SEP05 2016.6790 57636 1913 1 141.4 -69 -0.424483 4517751 -0.068436 49 0.287511 0.0000 0.000699 0.000897 0.002940 -0.021225 0.076262 -0.162932 40.7944892888 -218.6008226042 49.28751
S062 16SEP06 2016.6817 57637 1913 2 141.4 -69 -0.422952 4517751 -0.068695 49 0.280694 0.0000 0.000722 0.000903 0.003040 -0.043140 0.079807 -0.215282 40.7944892864 -218.6008225861 49.28069
S062 16SEP07 2016.6845 57638 1913 3 141.4 -69 -0.424565 4517751 -0.067377 49 0.277179 0.0000 0.000737 0.000940 0.003081 -0.013622 0.049446 -0.058841 40.7944892983 -218.6008226052 49.27718
S062 16SEP08 2016.6872 57639 1913 4 141.4 -69 -0.423845 4517751 -0.068460 49 0.282129 0.0000 0.000745 0.000964 0.003216 -0.008852 0.064448 -0.154569 40.7944892886 -218.6008225967 49.28213
S062 16SEP09 2016.6899 57640 1913 5 141.4 -69 -0.423852 4517751 -0.069013 49 0.286212 0.0000 0.000717 0.000931 0.003073 -0.024753 0.087106 -0.208053 40.7944892836 -218.6008225968 49.28621
S062 16SEP10 2016.6927 57641 1913 6 141.4 -69 -0.423658 4517751 -0.069154 49 0.286937 0.0000 0.000709 0.000907 0.002936 -0.016647 0.045076 -0.167962 40.7944892823 -218.6008225945 49.28694
S062 16SEP11 2016.6954 57642 1914 0 141.4 -69 -0.424446 4517751 -0.069679 49 0.276828 0.0000 0.000697 0.000898 0.002917 -0.028494 0.081273 -0.176967 40.7944892776 -218.6008226038 49.27683
S062 16SEP12 2016.6982 57643 1914 1 141.4 -69 -0.423670 4517751 -0.069927 49 0.283840 0.0000 0.000678 0.000869 0.002807 -0.008028 0.079768 -0.156357 40.7944892754 -218.6008225946 49.28384
S062 16SEP13 2016.7009 57644 1914 2 141.4 -69 -0.424737 4517751 -0.069388 49 0.280102 0.0000 0.000695 0.000881 0.002925 -0.008512 0.027734 -0.155625 40.7944892802 -218.6008226072 49.28010
S062 16SEP14 2016.7036 57645 1914 3 141.4 -69 -0.424310 4517751 -0.069949 49 0.283116 0.0000 0.000718 0.000948 0.003060 -0.019624 0.067337 -0.159686 40.7944892752 -218.6008226022 49.28312
S062 16SEP15 2016.7064 57646 1914 4 141.4 -69 -0.423650 4517751 -0.070201 49 0.280433 0.0000 0.000716 0.000942 0.003052 -0.020330 0.116989 -0.198505 40.7944892729 -218.6008225944 49.28043
S062 16SEP16 2016.7091 57647 1914 5 141.4 -69 -0.422792 4517751 -0.069631 49 0.285124 0.0000 0.000719 0.000927 0.003032 0.016708 0.067513 -0.145054 40.7944892780 -218.6008225842 49.28512
S062 16SEP17 2016.7118 57648 1914 6 141.4 -69 -0.424920 4517751 -0.073687 49 0.289705 0.0000 0.000684 0.000878 0.002807 -0.037800 0.073360 -0.140007 40.7944892415 -218.6008226094 49.28970
S062 16SEP18 2016.7146 57649 1915 0 141.4 -69 -0.423942 4517751 -0.069876 49 0.288099 0.0000 0.000693 0.000877 0.002926 -0.023378 0.086255 -0.164993 40.7944892758 -218.6008225978 49.28810
S062 16SEP19 2016.7173 57650 1915 1 141.4 -69 -0.422727 4517751 -0.070597 49 0.281018 0.0000 0.000696 0.000888 0.002929 -0.039772 0.081314 -0.157028 40.7944892693 -218.6008225834 49.28102
S062 16SEP20 2016.7201 57651 1915 2 141.4 -69 -0.422994 4517751 -0.073191 49 0.281925 0.0000 0.000688 0.000884 0.002873 -0.052735 0.069022 -0.155896 40.7944892460 -218.6008225866 49.28192
S062 16SEP21 2016.7228 57652 1915 3 141.4 -69 -0.423224 4517751 -0.071840 49 0.283240 0.0000 0.000688 0.000878 0.002843 -0.057268 0.095005 -0.159865 40.7944892581 -218.6008225893 49.28324
S062 16SEP22 2016.7255 57653 1915 4 141.4 -69 -0.423949 4517751 -0.070284 49 0.284244 0.0000 0.000706 0.000885 0.002966 -0.045678 0.079714 -0.190107 40.7944892721 -218.6008225979 49.28424
S062 16SEP23 2016.7283 57654 1915 5 141.4 -69 -0.422707 4517751 -0.071838 49 0.283370 0.0000 0.000701 0.000894 0.003011 -0.023147 0.074397 -0.186601 40.7944892582 -218.6008225832 49.28337
S062 16SEP24 2016.7310 57655 1915 6 141.4 -69 -0.422887 4517751 -0.071331 49 0.278348 0.0000 0.000712 0.000909 0.003037 -0.044381 0.105280 -0.165606 40.7944892627 -218.6008225853 49.27835
S062 16SEP25 2016.7337 57656 1916 0 141.4 -69 -0.422358 4517751 -0.072181 49 0.282909 0.0000 0.000707 0.000908 0.002977 -0.020222 0.061905 -0.175380 40.7944892551 -218.6008225791 49.28291
S062 16SEP26 2016.7365 57657 1916 1 141.4 -69 -0.423020 4517751 -0.071809 49 0.284692 0.0000 0.000699 0.000907 0.002987 -0.013366 0.042177 -0.159193 40.7944892584 -218.6008225869 49.28469
S062 16SEP27 2016.7392 57658 1916 2 141.4 -69 -0.424117 4517751 -0.073929 49 0.281278 0.0000 0.000706 0.000897 0.002997 -0.032146 0.071734 -0.168554 40.7944892393 -218.6008225999 49.28128
S062 16SEP28 2016.7420 57659 1916 3 141.4 -69 -0.423629 4517751 -0.072508 49 0.282874 0.0000 0.000701 0.000908 0.002973 -0.042738 0.086202 -0.156539 40.7944892521 -218.6008225941 49.28287
S062 16SEP29 2016.7447 57660 1916 4 141.4 -69 -0.420818 4517751 -0.071756 49 0.282575 0.0000 0.000698 0.000915 0.002971 -0.025336 0.065301 -0.186163 40.7944892589 -218.6008225608 49.28257
S062 16SEP30 2016.7474 57661 1916 5 141.4 -69 -0.422233 4517751 -0.071848 49 0.274219 0.0000 0.000682 0.000879 0.002853 0.001461 0.064321 -0.126658 40.7944892581 -218.6008225776 49.27422
S062 16OCT01 2016.7502 57662 1916 6 141.4 -69 -0.420857 4517751 -0.073100 49 0.281459 0.0000 0.000697 0.000889 0.002891 -0.024545 0.062419 -0.150955 40.7944892468 -218.6008225613 49.28146
S062 16OCT02 2016.7529 57663 1917 0 141.4 -69 -0.420416 4517751 -0.073157 49 0.281511 0.0000 0.000696 0.000896 0.002931 -0.035993 0.042665 -0.142934 40.7944892463 -218.6008225561 49.28151
S062 16OCT03 2016.7556 57664 1917 1 141.4 -69 -0.422896 4517751 -0.075426 49 0.287988 0.0000 0.000744 0.000954 0.003303 -0.052073 0.101796 -0.150443 40.7944892258 -218.6008225854 49.28799
S062 16OCT04 2016.7584 57665 1917 2 141.4 -69 -0.420096 4517751 -0.075467 49 0.290191 0.0000 0.000707 0.000898 0.002966 -0.042700 0.068274 -0.166818 40.7944892255 -218.6008225523 49.29019
S062 16OCT05 2016.7611 57666 1917 3 141.4 -69 -0.421606 4517751 -0.074451 49 0.292717 0.0000 0.000706 0.000915 0.003048 -0.035878 0.094869 -0.161839 40.7944892346 -218.6008225701 49.29272
S062 16OCT06 2016.7639 57667 1917 4 141.4 -69 -0.423986 4517751 -0.073006 49 0.292381 0.0000 0.000719 0.000916 0.003062 -0.047410 0.074860 -0.145889 40.7944892476 -218.6008225983 49.29238
S062 16OCT07 2016.7666 57668 1917 5 141.4 -69 -0.422137 4517751 -0.074861 49 0.287164 0.0000 0.000705 0.000904 0.002999 -0.035061 0.118310 -0.173799 40.7944892309 -218.6008225764 49.28716
S062 16OCT08 2016.7693 57669 1917 6 141.4 -69 -0.422358 4517751 -0.073005 49 0.290007 0.0000 0.000712 0.000917 0.002993 -0.064821 0.113773 -0.135300 40.7944892476 -218.6008225791 49.29001
S062 16OCT09 2016.7721 57670 1918 0 141.4 -69 -0.420082 4517751 -0.074479 49 0.280294 0.0000 0.000710 0.000913 0.003005 -0.034070 0.068998 -0.162582 40.7944892344 -218.6008225521 49.28029
S062 16OCT10 2016.7748 57671 1918 1 141.4 -69 -0.418490 4517751 -0.074019 49 0.281406 0.0000 0.000685 0.000886 0.002915 -0.029253 0.082622 -0.147485 40.7944892385 -218.6008225332 49.28141
S062 16OCT11 2016.7775 57672 1918 2 141.4 -69 -0.420319 4517751 -0.072378 49 0.284618 0.0000 0.000696 0.000900 0.002960 -0.018795 0.074124 -0.139184 40.7944892533 -218.6008225549 49.28462
S062 16OCT12 2016.7803 57673 1918 3 141.4 -69 -0.419128 4517751 -0.073663 49 0.275459 0.0000 0.000706 0.000893 0.002957 -0.004663 0.054593 -0.147997 40.7944892417 -218.6008225408 49.27546
S062 16OCT13 2016.7830 57674 1918 4 141.4 -69 -0.419489 4517751 -0.074594 49 0.276511 0.0000 0.000698 0.000891 0.002966 -0.024802 0.075783 -0.164955 40.7944892333 -218.6008225451 49.27651
S062 16OCT14 2016.7858 57675 1918 5 141.4 -69 -0.420454 4517751 -0.074649 49 0.274316 0.0000 0.000720 0.000911 0.002981 -0.057474 0.061530 -0.081297 40.7944892328 -218.6008225565 49.27432
S062 16OCT15 2016.7885 57676 1918 6 141.4 -69 -0.419935 4517751 -0.075505 49 0.280291 0.0000 0.000700 0.000904 0.002972 -0.036943 0.035782 -0.183142 40.7944892251 -218.6008225504 49.28029
S062 16OCT16 2016.7912 57677 1919 0 141.4 -69 -0.419362 4517751 -0.075084 49 0.280576 0.0000 0.000707 0.000908 0.003062 -0.005800 0.099660 -0.178420 40.7944892289 -218.6008225436 49.28058
S062 16OCT17 2016.7940 57678 1919 1 141.4 -69 -0.418452 4517751 -0.074636 49 0.278171 0.0000 0.000702 0.000899 0.002960 -0.019534 0.094915 -0.153847 40.7944892330 -218.6008225328 49.27817
S062 16OCT18 2016.7967 57679 1919 2 141.4 -69 -0.419005 4517751 -0.074489 49 0.272840 0.0000 0.000708 0.000912 0.003026 -0.030880 0.084089 -0.163085 40.7944892343 -218.6008225393 49.27284
S062 16OCT19 2016.7995 57680 1919 3 141.4 -69 -0.419146 4517751 -0.074529 49 0.278819 0.0000 0.000694 0.000895 0.002946 -0.037302 0.087635 -0.167778 40.7944892339 -218.6008225410 49.27882
S062 16OCT20 2016.8022 57681 1919 4 141.4 -69 -0.420096 4517751 -0.075710 49 0.285095 0.0000 0.000721 0.000899 0.002990 -0.083744 0.135192 -0.129274 40.7944892233 -218.6008225523 49.28510
S062 16OCT21 2016.8049 57682 1919 5 141.4 -69 -0.419055 4517751 -0.077412 49 0.277195 0.0000 0.000700 0.000897 0.002959 -0.051452 0.076893 -0.182506 40.7944892080 -218.6008225399 49.27720
S062 16OCT22 2016.8077 57683 1919 6 141.4 -69 -0.419506 4517751 -0.075984 49 0.278419 0.0000 0.000691 0.000884 0.002923 -0.021036 0.092352 -0.142160 40.7944892208 -218.6008225453 49.27842
S062 16OCT23 2016.8104 57684 1920 0 141.4 -69 -0.418728 4517751 -0.076539 49 0.275716 0.0000 0.000696 0.000891 0.002946 0.008619 0.083111 -0.186404 40.7944892158 -218.6008225361 49.27572
S062 16OCT24 2016.8131 57685 1920 1 141.4 -69 -0.418087 4517751 -0.078967 49 0.286704 0.0000 0.000708 0.000922 0.003091 -0.022215 0.057219 -0.203124 40.7944891940 -218.6008225285 49.28670
S062 16OCT25 2016.8159 57686 1920 2 141.4 -69 -0.416255 4517751 -0.076531 49 0.276661 0.0000 0.000709 0.000900 0.002965 -0.044061 0.089354 -0.174562 40.7944892159 -218.6008225067 49.27666
S062 16OCT26 2016.8186 57687 1920 3 141.4 -69 -0.423424 4517751 -0.075430 49 0.293275 0.0000 0.000726 0.000941 0.003077 -0.062979 0.041791 -0.106028 40.7944892258 -218.6008225917 49.29328
S062 16OCT27 2016.8214 57688 1920 4 141.4 -69 -0.417838 4517751 -0.075559 49 0.276308 0.0000 0.000711 0.000894 0.003033 -0.023239 0.073902 -0.145773 40.7944892246 -218.6008225255 49.27631
S062 16OCT28 2016.8241 57689 1920 5 141.4 -69 -0.419259 4517751 -0.077008 49 0.281757 0.0000 0.000715 0.000900 0.003003 0.006970 0.075286 -0.164772 40.7944892116 -218.6008225423 49.28176
S062 16OCT29 2016.8268 57690 1920 6 141.4 -69 -0.416094 4517751 -0.076988 49 0.284366 0.0000 0.000696 0.000881 0.002913 -0.023314 0.067418 -0.140264 40.7944892118 -218.6008225048 49.28437
S062 16OCT30 2016.8296 57691 1921 0 141.4 -69 -0.418197 4517751 -0.076673 49 0.277659 0.0000 0.000690 0.000890 0.002926 -0.024946 0.075170 -0.168158 40.7944892146 -218.6008225298 49.27766
S062 16OCT31 2016.8323 57692 1921 1 141.4 -69 -0.418117 4517751 -0.078421 49 0.283925 0.0000 0.000691 0.000888 0.002891 -0.016873 0.061578 -0.176328 40.7944891989 -218.6008225288 49.28392
S062 16NOV01 2016.8350 57693 1921 2 141.4 -69 -0.417988 4517751 -0.079526 49 0.280100 0.0000 0.000694 0.000900 0.002912 -0.031818 0.091460 -0.169806 40.7944891889 -218.6008225273 49.28010
S062 16NOV02 2016.8378 57694 1921 3 141.4 -69 -0.416610 4517751 -0.079734 49 0.279356 0.0000 0.000719 0.000939 0.003018 -0.061749 0.114539 -0.176166 40.7944891870 -218.6008225109 49.27936
S062 16NOV03 2016.8405 57695 1921 4 141.4 -69 -0.417090 4517751 -0.077637 49 0.281247 0.0000 0.000734 0.000944 0.003077 -0.066523 0.091458 -0.160027 40.7944892059 -218.6008225166 49.28125
S062 16NOV04 2016.8433 57696 1921 5 141.4 -69 -0.418941 4517751 -0.077828 49 0.276312 0.0000 0.000708 0.000897 0.002936 -0.035560 0.054659 -0.152484 40.7944892042 -218.6008225386 49.27631
S062 16NOV05 2016.8460 57697 1921 6 141.4 -69 -0.416659 4517751 -0.082091 49 0.280198 0.0000 0.000719 0.000912 0.003077 -0.025408 0.079516 -0.152241 40.7944891658 -218.6008225115 49.28020
S062 16NOV06 2016.8487 57698 1922 0 141.4 -69 -0.418200 4517751 -0.079344 49 0.272763 0.0000 0.000693 0.000888 0.002896 -0.025526 0.057223 -0.186894 40.7944891906 -218.6008225298 49.27276
S062 16NOV07 2016.8515 57699 1922 1 141.4 -69 -0.417223 4517751 -0.078684 49 0.273528 0.0000 0.000694 0.000887 0.002895 -0.027338 0.084288 -0.164693 40.7944891965 -218.6008225182 49.27353
S062 16NOV08 2016.8542 57700 1922 2 141.4 -69 -0.420218 4517751 -0.078156 49 0.270319 0.0000 0.000697 0.000880 0.002894 -0.032988 0.126354 -0.145099 40.7944892013 -218.6008225537 49.27032
S062 16NOV09 2016.8569 57701 1922 3 141.4 -69 -0.416704 4517751 -0.078862 49 0.270905 0.0000 0.000700 0.000890 0.002975 -0.015149 0.108934 -0.135709 40.7944891949 -218.6008225121 49.27091
S062 16NOV10 2016.8597 57702 1922 4 141.4 -69 -0.416851 4517751 -0.078323 49 0.276068 0.0000 0.000712 0.000909 0.003007 -0.062239 0.115673 -0.134553 40.7944891998 -218.6008225138 49.27607
S062 16NOV11 2016.8624 57703 1922 5 141.4 -69 -0.418130 4517751 -0.080265 49 0.272608 0.0000 0.000698 0.000911 0.002998 -0.024682 0.068949 -0.173142 40.7944891823 -218.6008225290 49.27261
S062 16NOV12 2016.8652 57704 1922 6 141.4 -69 -0.417095 4517751 -0.081023 49 0.273054 0.0000 0.000708 0.000894 0.003020 -0.011204 0.042570 -0.186573 40.7944891754 -218.6008225167 49.27305
S062 16NOV13 2016.8679 57705 1923 0 141.4 -69 -0.417551 4517751 -0.081097 49 0.270216 0.0000 0.000699 0.000896 0.002949 -0.026526 0.090537 -0.169563 40.7944891748 -218.6008225221 49.27022
S062 16NOV14 2016.8706 57706 1923 1 141.4 -69 -0.417604 4517751 -0.080491 49 0.281174 0.0000 0.000721 0.000917 0.003112 -0.020491 0.087091 -0.130841 40.7944891802 -218.6008225227 49.28117
S062 16NOV15 2016.8734 57707 1923 2 141.4 -69 -0.411546 4517751 -0.083472 49 0.279243 0.0000 0.000709 0.000893 0.003009 -0.017738 0.036262 -0.157295 40.7944891534 -218.6008224509 49.27924
S062 16NOV16 2016.8761 57708 1923 3 141.4 -69 -0.415809 4517751 -0.081399 49 0.278078 0.0000 0.000690 0.000892 0.002886 -0.020927 0.063726 -0.163249 40.7944891720 -218.6008225015 49.27808
S062 16NOV17 2016.8789 57709 1923 4 141.4 -69 -0.414854 4517751 -0.082315 49 0.278261 0.0000 0.000697 0.000890 0.002955 -0.047005 0.098719 -0.219860 40.7944891638 -218.6008224901 49.27826
S062 16NOV18 2016.8816 57710 1923 5 141.4 -69 -0.416795 4517751 -0.078916 49 0.282194 0.0000 0.000712 0.000914 0.003047 -0.038721 0.055707 -0.180361 40.7944891944 -218.6008225131 49.28219
S062 16NOV19 2016.8843 57711 1923 6 141.4 -69 -0.416672 4517751 -0.080236 49 0.273141 0.0000 0.000704 0.000888 0.002931 -0.046132 0.063016 -0.169527 40.7944891825 -218.6008225117 49.27314
S062 16NOV20 2016.8871 57712 1924 0 141.4 -69 -0.421321 4517751 -0.078982 49 0.289410 0.0000 0.000701 0.000898 0.002982 -0.013468 0.026516 -0.141147 40.7944891938 -218.6008225668 49.28941
S062 16NOV21 2016.8898 57713 1924 1 141.4 -69 -0.416677 4517751 -0.080050 49 0.271325 0.0000 0.000715 0.000923 0.003059 -0.008272 0.022839 -0.182959 40.7944891842 -218.6008225117 49.27132
S062 16NOV22 2016.8925 57714 1924 2 141.4 -69 -0.417010 4517751 -0.080421 49 0.282212 0.0000 0.000697 0.000890 0.002940 -0.036837 0.073170 -0.157371 40.7944891809 -218.6008225157 49.28221
S062 16NOV23 2016.8953 57715 1924 3 141.4 -69 -0.418055 4517751 -0.078964 49 0.282648 0.0000 0.000708 0.000901 0.002986 -0.036226 0.072772 -0.146566 40.7944891940 -218.6008225281 49.28265
S062 16NOV24 2016.8980 57716 1924 4 141.4 -69 -0.415478 4517751 -0.081005 49 0.275646 0.0000 0.000712 0.000905 0.003008 -0.032133 0.062907 -0.168589 40.7944891756 -218.6008224975 49.27565
S062 16NOV25 2016.9008 57717 1924 5 141.4 -69 -0.416847 4517751 -0.081662 49 0.274778 0.0000 0.000702 0.000915 0.003000 -0.008613 0.036699 -0.166193 40.7944891697 -218.6008225138 49.27478
S062 16NOV26 2016.9035 57718 1924 6 141.4 -69 -0.416326 4517751 -0.081631 49 0.273436 0.0000 0.000744 0.000940 0.003122 0.017675 0.028440 -0.124450 40.7944891700 -218.6008225076 49.27344
S062 16NOV27 2016.9062 57719 1925 0 141.4 -69 -0.416816 4517751 -0.081908 49 0.274186 0.0000 0.000756 0.000964 0.003184 0.018826 0.035754 -0.111696 40.7944891675 -218.6008225134 49.27419
S062 16NOV28 2016.9090 57720 1925 1 141.4 -69 -0.416532 4517751 -0.082444 49 0.278394 0.0000 0.000704 0.000901 0.003064 -0.050409 0.077493 -0.186470 40.7944891626 -218.6008225100 49.27839
S062 16NOV29 2016.9117 57721 1925 2 141.4 -69 -0.418107 4517751 -0.080558 49 0.276004 0.0000 0.000689 0.000889 0.002993 -0.019829 0.076937 -0.141271 40.7944891796 -218.6008225287 49.27600
S062 16NOV30 2016.9144 57722 1925 3 141.4 -69 -0.415858 4517751 -0.082215 49 0.275371 0.0000 0.000698 0.000890 0.002976 -0.008069 0.071869 -0.199294 40.7944891647 -218.6008225020 49.27537
S062 16DEC01 2016.9172 57723 1925 4 141.4 -69 -0.416313 4517751 -0.083215 49 0.274032 0.0000 0.000720 0.000914 0.003013 -0.014624 0.077109 -0.108346 40.7944891557 -218.6008225074 49.27403
S062 16DEC02 2016.9199 57724 1925 5 141.4 -69 -0.414943 4517751 -0.083696 49 0.282722 0.0000 0.000719 0.000913 0.003010 -0.024250 0.079863 -0.138203 40.7944891514 -218.6008224912 49.28272
S062 16DEC03 2016.9227 57725 1925 6 141.4 -69 -0.414739 4517751 -0.083204 49 0.273372 0.0000 0.000689 0.000906 0.002926 -0.012756 0.083608 -0.142649 40.7944891558 -218.6008224888 49.27337
S062 16DEC04 2016.9254 57726 1926 0 141.4 -69 -0.415217 4517751 -0.082482 49 0.274300 0.0000 0.000696 0.000895 0.002950 -0.044931 0.102115 -0.184267 40.7944891623 -218.6008224944 49.27430
S062 16DEC05 2016.9281 57727 1926 1 141.4 -69 -0.414973 4517751 -0.082292 49 0.276336 0.0000 0.000692 0.000891 0.002949 -0.020345 0.073201 -0.192512 40.7944891640 -218.6008224916 49.27634
S062 16DEC06 2016.9309 57728 1926 2 141.4 -69 -0.415339 4517751 -0.081969 49 0.267615 0.0000 0.000697 0.000884 0.002934 -0.023665 0.031201 -0.169439 40.7944891669 -218.6008224959 49.26761
S062 16DEC07 2016.9336 57729 1926 3 141.4 -69 -0.416373 4517751 -0.083142 49 0.278773 0.0000 0.000688 0.000881 0.002905 -0.034127 0.059862 -0.174128 40.7944891564 -218.6008225081 49.27877
S062 16DEC08 2016.9363 57730 1926 4 141.4 -69 -0.415906 4517751 -0.082337 49 0.278790 0.0000 0.000713 0.000892 0.002984 -0.038729 0.085918 -0.157421 40.7944891636 -218.6008225026 49.27879
S062 16DEC09 2016.9391 57731 1926 5 141.4 -69 -0.413987 4517751 -0.081847 49 0.275944 0.0000 0.000708 0.000939 0.003101 -0.031616 0.066130 -0.156114 40.7944891680 -218.6008224799 49.27594
S062 16DEC10 2016.9418 57732 1926 6 141.4 -69 -0.415225 4517751 -0.082456 49 0.276703 0.0000 0.000725 0.000920 0.003105 -0.018772 0.133907 -0.182848 40.7944891625 -218.6008224945 49.27670
S062 16DEC11 2016.9446 57733 1927 0 141.4 -69 -0.417596 4517751 -0.081819 49 0.270298 0.0000 0.000712 0.000917 0.003007 -0.058886 0.086020 -0.158832 40.7944891683 -218.6008225226 49.27030
S062 16DEC12 2016.9473 57734 1927 1 141.4 -69 -0.417049 4517751 -0.081770 49 0.273851 0.0000 0.000711 0.000903 0.003029 0.022127 0.042447 -0.169936 40.7944891687 -218.6008225162 49.27385
S062 16DEC13 2016.9500 57735 1927 2 141.4 -69 -0.416413 4517751 -0.082578 49 0.275905 0.0000 0.000709 0.000898 0.002962 -0.003445 0.049996 -0.165734 40.7944891614 -218.6008225086 49.27591
S062 16DEC14 2016.9528 57736 1927 3 141.4 -69 -0.417213 4517751 -0.082902 49 0.275441 0.0000 0.000703 0.000885 0.002933 -0.009158 0.095631 -0.104272 40.7944891585 -218.6008225181 49.27544
S062 16DEC15 2016.9555 57737 1927 4 141.4 -69 -0.418257 4517751 -0.081276 49 0.272859 0.0000 0.000703 0.000878 0.002950 -0.018607 0.129794 -0.145010 40.7944891732 -218.6008225305 49.27286
S062 16DEC16 2016.9582 57738 1927 5 141.4 -69 -0.415845 4517751 -0.082858 49 0.276558 0.0000 0.000696 0.000899 0.002972 -0.024724 0.078246 -0.194968 40.7944891589 -218.6008225019 49.27656
S062 16DEC17 2016.9610 57739 1927 6 141.4 -69 -0.414418 4517751 -0.086396 49 0.281516 0.0000 0.000697 0.000869 0.002893 -0.020870 0.072881 -0.168403 40.7944891271 -218.6008224850 49.28152
S062 16DEC18 2016.9637 57740 1928 0 141.4 -69 -0.417746 4517751 -0.084429 49 0.279164 0.0000 0.000730 0.000912 0.003051 -0.027180 0.136823 -0.154260 40.7944891448 -218.6008225244 49.27916
S062 16DEC19 2016.9665 57741 1928 1 141.4 -69 -0.415791 4517751 -0.084088 49 0.278163 0.0000 0.000712 0.000911 0.003012 0.009663 0.055630 -0.166206 40.7944891478 -218.6008225012 49.27816
S062 16DEC20 2016.9692 57742 1928 2 141.4 -69 -0.415924 4517751 -0.083628 49 0.270902 0.0000 0.000690 0.000882 0.002894 -0.035308 0.092128 -0.165766 40.7944891520 -218.6008225028 49.27090
S062 16DEC21 2016.9719 57743 1928 3 141.4 -69 -0.415166 4517751 -0.085118 49 0.272987 0.0000 0.000709 0.000894 0.002999 -0.027492 0.072852 -0.202287 40.7944891386 -218.6008224938 49.27299
S062 16DEC22 2016.9747 57744 1928 4 141.4 -69 -0.413662 4517751 -0.085424 49 0.279192 0.0000 0.000730 0.000903 0.003090 -0.035519 0.043912 -0.152039 40.7944891358 -218.6008224760 49.27919
S062 16DEC23 2016.9774 57745 1928 5 141.4 -69 -0.415014 4517751 -0.085785 49 0.273568 0.0000 0.000715 0.000924 0.003028 -0.008363 0.112814 -0.180439 40.7944891326 -218.6008224920 49.27357
S062 16DEC24 2016.9802 57746 1928 6 141.4 -69 -0.416134 4517751 -0.083400 49 0.278676 0.0000 0.000704 0.000901 0.002970 -0.028254 0.067144 -0.217788 40.7944891540 -218.6008225053 49.27868
S062 16DEC25 2016.9829 57747 1929 0 141.4 -69 -0.415059 4517751 -0.085799 49 0.277746 0.0000 0.000689 0.000882 0.002876 -0.006906 0.037073 -0.183668 40.7944891324 -218.6008224926 49.27775
S062 16DEC26 2016.9856 57748 1929 1 141.4 -69 -0.414176 4517751 -0.085129 49 0.279726 0.0000 0.000691 0.000876 0.002839 -0.041659 0.087024 -0.154364 40.7944891385 -218.6008224821 49.27973
S062 16DEC27 2016.9884 57749 1929 2 141.4 -69 -0.415063 4517751 -0.084495 49 0.276011 0.0000 0.000694 0.000891 0.002868 -0.036464 0.090000 -0.160522 40.7944891442 -218.6008224926 49.27601
S062 16DEC28 2016.9911 57750 1929 3 141.4 -69 -0.415034 4517751 -0.084700 49 0.280981 0.0000 0.000713 0.000902 0.002997 -0.022483 0.053031 -0.184817 40.7944891423 -218.6008224923 49.28098
S062 16DEC29 2016.9938 57751 1929 4 141.4 -69 -0.412727 4517751 -0.086300 49 0.276053 0.0000 0.000697 0.000897 0.002924 -0.027740 0.102929 -0.156922 40.7944891279 -218.6008224649 49.27605
S062 16DEC30 2016.9966 57752 1929 5 141.4 -69 -0.413740 4517751 -0.085502 49 0.282412 0.0000 0.000697 0.000900 0.002910 -0.014699 0.106020 -0.131508 40.7944891351 -218.6008224769 49.28241
S062 16DEC31 2016.9993 57753 1929 6 141.4 -69 -0.413788 4517751 -0.085289 49 0.277546 0.0000 0.000698 0.000877 0.002836 -0.036647 0.076995 -0.123955 40.7944891370 -218.6008224775 49.27755
S062 17JAN01 2017.0021 57754 1930 0 141.4 -69 -0.414828 4517751 -0.085501 49 0.271432 0.0000 0.000700 0.000899 0.002951 -0.032482 0.096242 -0.186401 40.7944891351 -218.6008224898 49.27143
S062 17JAN02 2017.0048 57755 1930 1 141.4 -69 -0.413584 4517751 -0.085333 49 0.276538 0.0000 0.000680 0.000901 0.002903 -0.008013 0.062483 -0.187663 40.7944891366 -218.6008224751 49.27654
S062 17JAN03 2017.0075 57756 1930 2 141.4 -69 -0.414968 4517751 -0.085695 49 0.276682 0.0000 0.000683 0.000895 0.002896 -0.028283 0.047248 -0.181168 40.7944891334 -218.6008224915 49.27668
S062 17JAN04 2017.0103 57757 1930 3 141.4 -69 -0.414366 4517751 -0.084229 49 0.275238 0.0000 0.000683 0.000870 0.002846 -0.030810 0.081017 -0.128895 40.7944891466 -218.6008224844 49.27524
S062 17JAN05 2017.0130 57758 1930 4 141.4 -69 -0.414736 4517751 -0.085488 49 0.277251 0.0000 0.000723 0.000930 0.003123 -0.050190 0.131455 -0.205197 40.7944891352 -218.6008224887 49.27725
S062 17JAN06 2017.0157 57759 1930 5 141.4 -69 -0.415218 4517751 -0.084243 49 0.281738 0.0000 0.000698 0.000883 0.002904 -0.022689 0.085548 -0.135053 40.7944891464 -218.6008224945 49.28174
S062 17JAN07 2017.0185 57760 1930 6 141.4 -69 -0.413611 4517751 -0.085913 49 0.285509 0.0000 0.000691 0.000888 0.002894 -0.030034 0.049643 -0.173573 40.7944891314 -218.6008224754 49.28551
S062 17JAN08 2017.0212 57761 1931 0 141.4 -69 -0.412993 4517751 -0.084982 49 0.282933 0.0000 0.000684 0.000883 0.002885 -0.024160 0.082384 -0.163598 40.7944891398 -218.6008224681 49.28293
S062 17JAN09 2017.0240 57762 1931 1 141.4 -69 -0.413184 4517751 -0.085918 49 0.280054 0.0000 0.000698 0.000897 0.002983 -0.016500 0.038798 -0.142750 40.7944891314 -218.6008224704 49.28005
S062 17JAN10 2017.0267 57763 1931 2 141.4 -69 -0.412615 4517751 -0.085773 49 0.286345 0.0000 0.000697 0.000924 0.002911 -0.039480 0.082593 -0.147886 40.7944891327 -218.6008224636 49.28635
S062 17JAN11 2017.0294 57764 1931 3 141.4 -69 -0.413751 4517751 -0.087036 49 0.284344 0.0000 0.000704 0.000872 0.002867 -0.014556 0.111277 -0.134038 40.7944891213 -218.6008224771 49.28434
S062 17JAN12 2017.0322 57765 1931 4 141.4 -69 -0.413713 4517751 -0.087326 49 0.275425 0.0000 0.000688 0.000877 0.002836 -0.007168 0.076715 -0.137420 40.7944891187 -218.6008224766 49.27542
S062 17JAN13 2017.0349 57766 1931 5 141.4 -69 -0.414373 4517751 -0.085766 49 0.280048 0.0000 0.000694 0.000902 0.002994 -0.009810 0.089444 -0.175667 40.7944891327 -218.6008224844 49.28005
S062 17JAN14 2017.0376 57767 1931 6 141.4 -69 -0.415446 4517751 -0.085203 49 0.277640 0.0000 0.000683 0.000874 0.002830 -0.019949 0.072499 -0.126408 40.7944891378 -218.6008224972 49.27764
S062 17JAN15 2017.0404 57768 1932 0 141.4 -69 -0.415152 4517751 -0.084994 49 0.279054 0.0000 0.000686 0.000892 0.002881 -0.015965 0.046499 -0.154370 40.7944891397 -218.6008224937 49.27905
S062 17JAN16 2017.0431 57769 1932 1 141.4 -69 -0.416183 4517751 -0.087879 49 0.271236 0.0000 0.000706 0.000892 0.003020 -0.044516 0.147888 -0.191341 40.7944891137 -218.6008225059 49.27124
S062 17JAN17 2017.0459 57770 1932 2 141.4 -69 -0.416246 4517751 -0.087303 49 0.271319 0.0000 0.000714 0.000896 0.002981 -0.027978 0.092883 -0.201081 40.7944891189 -218.6008225066 49.27132
S062 17JAN18 2017.0486 57771 1932 3 141.4 -69 -0.415272 4517751 -0.086915 49 0.274074 0.0000 0.000743 0.000932 0.003123 -0.075043 0.107418 -0.170674 40.7944891224 -218.6008224951 49.27407
S062 17JAN19 2017.0513 57772 1932 4 141.4 -69 -0.414740 4517751 -0.088863 49 0.278096 0.0000 0.000718 0.000935 0.003048 -0.047897 0.147413 -0.124275 40.7944891048 -218.6008224888 49.27810
S062 17JAN20 2017.0541 57773 1932 5 141.4 -69 -0.414740 4517751 -0.088001 49 0.277955 0.0000 0.000692 0.000888 0.002945 -0.017683 0.048074 -0.220342 40.7944891126 -218.6008224888 49.27796
S062 17JAN21 2017.0568 57774 1932 6 141.4 -69 -0.415599 4517751 -0.087546 49 0.275597 0.0000 0.000687 0.000878 0.002879 -0.003070 0.064042 -0.182315 40.7944891167 -218.6008224990 49.27560
S062 17JAN22 2017.0595 57775 1933 0 141.4 -69 -0.415222 4517751 -0.088157 49 0.280245 0.0000 0.000709 0.000894 0.002996 -0.009497 0.082027 -0.198294 40.7944891112 -218.6008224945 49.28024
S062 17JAN23 2017.0623 57776 1933 1 141.4 -69 -0.414719 4517751 -0.089439 49 0.277486 0.0000 0.000701 0.000890 0.002913 -0.038980 0.088157 -0.162539 40.7944890997 -218.6008224885 49.27749
S062 17JAN24 2017.0650 57777 1933 2 141.4 -69 -0.415590 4517751 -0.089442 49 0.278381 0.0000 0.000683 0.000869 0.002809 -0.025316 0.080410 -0.195269 40.7944890996 -218.6008224989 49.27838
S062 17JAN25 2017.0678 57778 1933 3 141.4 -69 -0.416333 4517751 -0.088735 49 0.279150 0.0000 0.000698 0.000886 0.002941 -0.022063 0.116801 -0.188332 40.7944891060 -218.6008225077 49.27915
S062 17JAN26 2017.0705 57779 1933 4 141.4 -69 -0.415267 4517751 -0.089537 49 0.279193 0.0000 0.000714 0.000892 0.002950 -0.001410 0.129824 -0.163487 40.7944890988 -218.6008224950 49.27919
S062 17JAN27 2017.0732 57780 1933 5 141.4 -69 -0.414131 4517751 -0.088177 49 0.277173 0.0000 0.000685 0.000873 0.002833 -0.025586 0.075035 -0.175164 40.7944891110 -218.6008224816 49.27717
S062 17JAN28 2017.0760 57781 1933 6 141.4 -69 -0.414481 4517751 -0.089745 49 0.280221 0.0000 0.000699 0.000891 0.002979 -0.035429 0.090673 -0.186198 40.7944890969 -218.6008224857 49.28022
S062 17JAN29 2017.0787 57782 1934 0 141.4 -69 -0.413027 4517751 -0.089759 49 0.274518 0.0000 0.000689 0.000870 0.002846 -0.023157 0.078122 -0.123653 40.7944890968 -218.6008224685 49.27452
S062 17JAN30 2017.0815 57783 1934 1 141.4 -69 -0.413560 4517751 -0.087250 49 0.281707 0.0000 0.000702 0.000869 0.002821 -0.050105 0.107989 -0.146509 40.7944891194 -218.6008224748 49.28171
S062 17JAN31 2017.0842 57784 1934 2 141.4 -69 -0.412220 4517751 -0.088844 49 0.278841 0.0000 0.000691 0.000877 0.002850 -0.030154 0.105956 -0.144371 40.7944891050 -218.6008224589 49.27884
S062 17FEB01 2017.0869 57785 1934 3 141.4 -69 -0.414844 4517751 -0.089354 49 0.283686 0.0000 0.000695 0.000889 0.002949 -0.015053 0.070069 -0.197885 40.7944891004 -218.6008224900 49.28369
S062 17FEB02 2017.0897 57786 1934 4 141.4 -69 -0.414996 4517751 -0.088716 49 0.278416 0.0000 0.000691 0.000879 0.002903 -0.030371 0.103851 -0.192493 40.7944891062 -218.6008224918 49.27842
S062 17FEB03 2017.0924 57787 1934 5 141.4 -69 -0.412479 4517751 -0.090268 49 0.280048 0.0000 0.000679 0.000869 0.002808 -0.030421 0.074001 -0.176651 40.7944890922 -218.6008224620 49.28005
S062 17FEB04 2017.0951 57788 1934 6 141.4 -69 -0.416351 4517751 -0.088664 49 0.279705 0.0000 0.000681 0.000876 0.002794 -0.066335 0.101679 -0.165973 40.7944891066 -218.6008225079 49.27970
S062 17FEB05 2017.0979 57789 1935 0 141.4 -69 -0.413968 4517751 -0.089463 49 0.285933 0.0000 0.000708 0.000920 0.003022 -0.023242 0.080597 -0.151047 40.7944890994 -218.6008224797 49.28593
S062 17FEB06 2017.1006 57790 1935 1 141.4 -69 -0.413032 4517751 -0.089533 49 0.279602 0.0000 0.000706 0.000898 0.002942 -0.059202 0.114751 -0.169698 40.7944890988 -218.6008224685 49.27960
S062 17FEB07 2017.1034 57791 1935 2 141.4 -69 -0.414034 4517751 -0.089682 49 0.277876 0.0000 0.000696 0.000879 0.002853 -0.046562 0.129367 -0.161997 40.7944890975 -218.6008224804 49.27788
S062 17FEB08 2017.1061 57792 1935 3 141.4 -69 -0.414207 4517751 -0.088098 49 0.279194 0.0000 0.000691 0.000869 0.002874 -0.044030 0.124073 -0.193555 40.7944891117 -218.6008224825 49.27919
S062 17FEB09 2017.1088 57793 1935 4 141.4 -69 -0.414067 4517751 -0.088516 49 0.279983 0.0000 0.000684 0.000888 0.002893 -0.038588 0.082397 -0.192258 40.7944891080 -218.6008224808 49.27998
S062 17FEB10 2017.1116 57794 1935 5 141.4 -69 -0.413438 4517751 -0.088215 49 0.278366 0.0000 0.000692 0.000895 0.002924 -0.007190 0.092189 -0.203882 40.7944891107 -218.6008224734 49.27837
S062 17FEB11 2017.1143 57795 1935 6 141.4 -69 -0.413951 4517751 -0.087474 49 0.277476 0.0000 0.000687 0.000886 0.002874 -0.016474 0.084542 -0.184453 40.7944891173 -218.6008224794 49.27748
S062 17FEB12 2017.1170 57796 1936 0 141.4 -69 -0.413355 4517751 -0.090252 49 0.275488 0.0000 0.000701 0.000908 0.002950 -0.037143 0.076010 -0.146709 40.7944890923 -218.6008224724 49.27549
S062 17FEB13 2017.1198 57797 1936 1 141.4 -69 -0.414297 4517751 -0.089378 49 0.275790 0.0000 0.000693 0.000903 0.002990 -0.030203 0.089912 -0.183343 40.7944891002 -218.6008224835 49.27579
S062 17FEB14 2017.1225 57798 1936 2 141.4 -69 -0.414525 4517751 -0.089427 49 0.276526 0.0000 0.000684 0.000874 0.002880 -0.011078 0.073449 -0.175881 40.7944890998 -218.6008224862 49.27653
S062 17FEB15 2017.1253 57799 1936 3 141.4 -69 -0.413391 4517751 -0.092177 49 0.281508 0.0000 0.000684 0.000880 0.002896 -0.018382 0.055930 -0.198287 40.7944890750 -218.6008224728 49.28151
S062 17FEB16 2017.1280 57800 1936 4 141.4 -69 -0.411779 4517751 -0.088776 49 0.277137 0.0000 0.000701 0.000901 0.002985 -0.006222 0.058196 -0.193658 40.7944891056 -218.6008224537 49.27714
S062 17FEB17 2017.1307 57801 1936 5 141.4 -69 -0.413968 4517751 -0.093080 49 0.283182 0.0000 0.000689 0.000894 0.002920 -0.030218 0.092915 -0.188897 40.7944890669 -218.6008224796 49.28318
S062 17FEB18 2017.1335 57802 1936 6 141.4 -69 -0.413695 4517751 -0.089119 49 0.275067 0.0000 0.000722 0.000952 0.003160 -0.031568 0.051263 -0.231910 40.7944891025 -218.6008224764 49.27507
S062 17FEB19 2017.1362 57803 1937 0 141.4 -69 -0.414158 4517751 -0.090459 49 0.279657 0.0000 0.000709 0.000880 0.002928 -0.032376 0.118628 -0.168111 40.7944890905 -218.6008224819 49.27966
S062 17FEB20 2017.1389 57804 1937 1 141.4 -69 -0.414037 4517751 -0.090643 49 0.275803 0.0000 0.000707 0.000902 0.002974 -0.007614 0.097516 -0.173639 40.7944890888 -218.6008224805 49.27580
S062 17FEB21 2017.1417 57805 1937 2 141.4 -69 -0.413882 4517751 -0.092517 49 0.282114 0.0000 0.000712 0.000917 0.003032 -0.020174 0.110729 -0.159115 40.7944890719 -218.6008224786 49.28211
S062 17FEB22 2017.1444 57806 1937 3 141.4 -69 -0.413453 4517751 -0.091786 49 0.274539 0.0000 0.000693 0.000888 0.002946 -0.021386 0.135628 -0.146057 40.7944890785 -218.6008224735 49.27454
S062 17FEB23 2017.1472 57807 1937 4 141.4 -69 -0.414294 4517751 -0.091070 49 0.282048 0.0000 0.000696 0.000888 0.002943 -0.034584 0.105429 -0.157756 40.7944890850 -218.6008224835 49.28205
S062 17FEB24 2017.1499 57808 1937 5 141.4 -69 -0.413927 4517751 -0.091422 49 0.275635 0.0000 0.000719 0.000912 0.003055 -0.003189 0.073193 -0.146063 40.7944890818 -218.6008224792 49.27564
S062 17FEB25 2017.1526 57809 1937 6 141.4 -69 -0.413172 4517751 -0.090791 49 0.275537 0.0000 0.000692 0.000908 0.002925 -0.025578 0.074162 -0.163853 40.7944890875 -218.6008224702 49.27554
S062 17FEB26 2017.1554 57810 1938 0 141.4 -69 -0.413125 4517751 -0.091461 49 0.275855 0.0000 0.000683 0.000906 0.002857 -0.014392 0.081086 -0.149319 40.7944890814 -218.6008224697 49.27586
S062 17FEB27 2017.1581 57811 1938 1 141.4 -69 -0.413293 4517751 -0.090621 49 0.276168 0.0000 0.000693 0.000904 0.002906 0.007829 0.086736 -0.193024 40.7944890890 -218.6008224716 49.27617
S062 17FEB28 2017.1608 57812 1938 2 141.4 -69 -0.414169 4517751 -0.090351 49 0.277942 0.0000 0.000683 0.000892 0.002881 -0.026104 0.077914 -0.188066 40.7944890914 -218.6008224820 49.27794
S062 17MAR01 2017.1636 57813 1938 3 141.4 -69 -0.413805 4517751 -0.091559 49 0.279360 0.0000 0.000691 0.000898 0.002934 -0.017352 0.081017 -0.185789 40.7944890806 -218.6008224777 49.27936
S062 17MAR02 2017.1663 57814 1938 4 141.4 -69 -0.413067 4517751 -0.089598 49 0.282223 0.0000 0.000693 0.000902 0.002929 -0.037236 0.101447 -0.197459 40.7944890982 -218.6008224690 49.28222
S062 17MAR03 2017.1691 57815 1938 5 141.4 -69 -0.411706 4517751 -0.090012 49 0.279524 0.0000 0.000694 0.000920 0.002979 -0.019517 0.071648 -0.198366 40.7944890945 -218.6008224528 49.27952
S062 17MAR04 2017.1718 57816 1938 6 141.4 -69 -0.413949 4517751 -0.091777 49 0.283984 0.0000 0.000703 0.000911 0.002983 -0.009493 0.118952 -0.173592 40.7944890786 -218.6008224794 49.28398
S062 17MAR05 2017.1745 57817 1939 0 141.4 -69 -0.413603 4517751 -0.090482 49 0.277819 0.0000 0.000690 0.000884 0.002852 -0.040540 0.119345 -0.168580 40.7944890903 -218.6008224753 49.27782
S062 17MAR06 2017.1773 57818 1939 1 141.4 -69 -0.412520 4517751 -0.092238 49 0.279556 0.0000 0.000693 0.000904 0.002910 -0.017670 0.114856 -0.143251 40.7944890744 -218.6008224625 49.27956
S062 17MAR07 2017.1800 57819 1939 2 141.4 -69 -0.415872 4517751 -0.091601 49 0.281787 0.0000 0.000701 0.000912 0.002936 -0.010059 0.065433 -0.186635 40.7944890802 -218.6008225022 49.28179
S062 17MAR08 2017.1828 57820 1939 3 141.4 -69 -0.412425 4517751 -0.090214 49 0.277786 0.0000 0.000696 0.000907 0.002942 -0.022300 0.102472 -0.184288 40.7944890927 -218.6008224614 49.27779
S062 17MAR09 2017.1855 57821 1939 4 141.4 -69 -0.412979 4517751 -0.092086 49 0.280858 0.0000 0.000687 0.000881 0.002908 -0.026688 0.095042 -0.194367 40.7944890758 -218.6008224679 49.28086
S062 17MAR10 2017.1882 57822 1939 5 141.4 -69 -0.413483 4517751 -0.090460 49 0.275765 0.0000 0.000692 0.000889 0.002909 -0.025270 0.088722 -0.180994 40.7944890905 -218.6008224739 49.27576
S062 17MAR11 2017.1910 57823 1939 6 141.4 -69 -0.413538 4517751 -0.091152 49 0.273300 0.0000 0.000678 0.000879 0.002875 -0.045359 0.097425 -0.198968 40.7944890842 -218.6008224746 49.27330
S062 17MAR12 2017.1937 57824 1940 0 141.4 -69 -0.413811 4517751 -0.090633 49 0.274504 0.0000 0.000678 0.000873 0.002832 -0.025862 0.065361 -0.183164 40.7944890889 -218.6008224778 49.27450
S062 17MAR13 2017.1964 57825 1940 1 141.4 -69 -0.412992 4517751 -0.091058 49 0.277403 0.0000 0.000679 0.000868 0.002770 -0.042092 0.074562 -0.143902 40.7944890851 -218.6008224681 49.27740
S062 17MAR14 2017.1992 57826 1940 2 141.4 -69 -0.414159 4517751 -0.092072 49 0.278612 0.0000 0.000682 0.000882 0.002811 -0.017896 0.068930 -0.170698 40.7944890759 -218.6008224819 49.27861
S062 17MAR15 2017.2019 57827 1940 3 141.4 -69 -0.414264 4517751 -0.091670 49 0.278713 0.0000 0.000673 0.000879 0.002761 -0.032238 0.087144 -0.152554 40.7944890796 -218.6008224831 49.27871
S062 17MAR16 2017.2047 57828 1940 4 141.4 -69 -0.412600 4517751 -0.091414 49 0.281327 0.0000 0.000695 0.000915 0.002979 0.005942 0.056645 -0.195659 40.7944890819 -218.6008224634 49.28133
S062 17MAR17 2017.2074 57829 1940 5 141.4 -69 -0.414762 4517751 -0.093141 49 0.278880 0.0000 0.000686 0.000886 0.002887 -0.030028 0.082215 -0.202105 40.7944890663 -218.6008224891 49.27888
S062 17MAR18 2017.2101 57830 1940 6 141.4 -69 -0.413589 4517751 -0.094037 49 0.275867 0.0000 0.000689 0.000895 0.002934 -0.035668 0.084555 -0.169670 40.7944890583 -218.6008224751 49.27587
S062 17MAR19 2017.2129 57831 1941 0 141.4 -69 -0.413937 4517751 -0.093586 49 0.280843 0.0000 0.000692 0.000901 0.002920 -0.009594 0.065225 -0.198610 40.7944890623 -218.6008224793 49.28084
S062 17MAR20 2017.2156 57832 1941 1 141.4 -69 -0.414463 4517751 -0.093700 49 0.276618 0.0000 0.000677 0.000887 0.002824 -0.029657 0.046870 -0.180972 40.7944890613 -218.6008224855 49.27662
S062 17MAR21 2017.2183 57833 1941 2 141.4 -69 -0.414665 4517751 -0.091573 49 0.278005 0.0000 0.000683 0.000899 0.002899 -0.033014 0.079332 -0.191796 40.7944890804 -218.6008224879 49.27800
S062 17MAR22 2017.2211 57834 1941 3 141.4 -69 -0.413698 4517751 -0.093200 49 0.278902 0.0000 0.000709 0.000919 0.003039 -0.039514 0.064352 -0.211692 40.7944890658 -218.6008224764 49.27890
S062 17MAR23 2017.2238 57835 1941 4 141.4 -69 -0.414238 4517751 -0.093896 49 0.277359 0.0000 0.000701 0.000898 0.002934 -0.034108 0.096499 -0.205364 40.7944890595 -218.6008224828 49.27736
S062 17MAR24 2017.2266 57836 1941 5 141.4 -69 -0.415251 4517751 -0.092214 49 0.279122 0.0000 0.000701 0.000909 0.002918 -0.034606 0.080399 -0.188660 40.7944890747 -218.6008224948 49.27912
S062 17MAR25 2017.2293 57837 1941 6 141.4 -69 -0.415836 4517751 -0.094201 49 0.277059 0.0000 0.000677 0.000877 0.002826 -0.018592 0.059940 -0.197164 40.7944890568 -218.6008225018 49.27706
S062 17MAR26 2017.2320 57838 1942 0 141.4 -69 -0.415140 4517751 -0.093151 49 0.277096 0.0000 0.000683 0.000884 0.002864 -0.028909 0.087769 -0.180354 40.7944890662 -218.6008224935 49.27710
S062 17MAR27 2017.2348 57839 1942 1 141.4 -69 -0.414126 4517751 -0.094088 49 0.280446 0.0000 0.000685 0.000888 0.002904 -0.013780 0.060224 -0.195001 40.7944890578 -218.6008224815 49.28045
S062 17MAR28 2017.2375 57840 1942 2 141.4 -69 -0.414317 4517751 -0.094073 49 0.281104 0.0000 0.000691 0.000897 0.002926 -0.024395 0.083182 -0.165302 40.7944890579 -218.6008224838 49.28110
S062 17MAR29 2017.2402 57841 1942 3 141.4 -69 -0.414224 4517751 -0.093558 49 0.280282 0.0000 0.000698 0.000904 0.003014 -0.034722 0.086223 -0.182325 40.7944890626 -218.6008224827 49.28028
S062 17MAR30 2017.2430 57842 1942 4 141.4 -69 -0.414474 4517751 -0.093858 49 0.278011 0.0000 0.000695 0.000895 0.002944 -0.019199 0.083580 -0.160197 40.7944890599 -218.6008224856 49.27801
S062 17MAR31 2017.2457 57843 1942 5 141.4 -69 -0.414682 4517751 -0.093048 49 0.278043 0.0000 0.000681 0.000902 0.002894 -0.027601 0.060644 -0.166879 40.7944890671 -218.6008224881 49.27804
S062 17APR01 2017.2485 57844 1942 6 141.4 -69 -0.413923 4517751 -0.091389 49 0.278740 0.0000 0.000689 0.000889 0.002879 -0.021785 0.083688 -0.177443 40.7944890821 -218.6008224791 49.27874
S062 17APR02 2017.2512 57845 1943 0 141.4 -69 -0.414660 4517751 -0.095138 49 0.282965 0.0000 0.000684 0.000897 0.002897 -0.015277 0.041095 -0.193950 40.7944890483 -218.6008224878 49.28297
S062 17APR03 2017.2539 57846 1943 1 141.4 -69 -0.415134 4517751 -0.094000 49 0.278618 0.0000 0.000686 0.000881 0.002870 -0.023076 0.049522 -0.178151 40.7944890586 -218.6008224935 49.27862
S062 17APR04 2017.2567 57847 1943 2 141.4 -69 -0.413906 4517751 -0.093830 49 0.282953 0.0000 0.000688 0.000890 0.002881 -0.025032 0.046843 -0.180009 40.7944890601 -218.6008224789 49.28295
S062 17APR05 2017.2594 57848 1943 3 141.4 -69 -0.414367 4517751 -0.092429 49 0.277924 0.0000 0.000690 0.000881 0.002853 -0.042553 0.072164 -0.175990 40.7944890727 -218.6008224844 49.27792
S062 17APR06 2017.2621 57849 1943 4 141.4 -69 -0.414495 4517751 -0.093325 49 0.277241 0.0000 0.000686 0.000895 0.002891 -0.041322 0.092066 -0.166446 40.7944890647 -218.6008224859 49.27724
S062 17APR07 2017.2649 57850 1943 5 141.4 -69 -0.415565 4517751 -0.095851 49 0.278752 0.0000 0.000689 0.000898 0.002919 -0.018093 0.049284 -0.200016 40.7944890419 -218.6008224986 49.27875
S062 17APR08 2017.2676 57851 1943 6 141.4 -69 -0.414202 4517751 -0.096141 49 0.283473 0.0000 0.000700 0.000894 0.002969 -0.031156 0.095986 -0.174613 40.7944890393 -218.6008224824 49.28347
S062 17APR09 2017.2704 57852 1944 0 141.4 -69 -0.414597 4517751 -0.093623 49 0.283073 0.0000 0.000676 0.000891 0.002865 -0.037198 0.096725 -0.173592 40.7944890620 -218.6008224871 49.28307
S062 17APR10 2017.2731 57853 1944 1 141.4 -69 -0.413811 4517751 -0.094765 49 0.286450 0.0000 0.000682 0.000896 0.002898 -0.023464 0.066887 -0.200603 40.7944890517 -218.6008224778 49.28645
S062 17APR11 2017.2758 57854 1944 2 141.4 -69 -0.413696 4517751 -0.093960 49 0.283541 0.0000 0.000684 0.000894 0.002868 -0.033447 0.060231 -0.175590 40.7944890589 -218.6008224764 49.28354
S062 17APR12 2017.2786 57855 1944 3 141.4 -69 -0.414111 4517751 -0.094237 49 0.288015 0.0000 0.000703 0.000918 0.002956 -0.033841 0.082260 -0.182490 40.7944890565 -218.6008224813 49.28801
S062 17APR13 2017.2813 57856 1944 4 141.4 -69 -0.413055 4517751 -0.093069 49 0.279059 0.0000 0.000686 0.000902 0.002904 -0.029600 0.050603 -0.180330 40.7944890670 -218.6008224688 49.27906
S062 17APR14 2017.2841 57857 1944 5 141.4 -69 -0.414317 4517751 -0.093517 49 0.279826 0.0000 0.000692 0.000904 0.002913 -0.037756 0.059151 -0.187892 40.7944890629 -218.6008224838 49.27983
S062 17APR15 2017.2868 57858 1944 6 141.4 -69 -0.411547 4517751 -0.094713 49 0.283723 0.0000 0.000683 0.000884 0.002881 -0.015167 0.048893 -0.181482 40.7944890522 -218.6008224510 49.28372
S062 17APR16 2017.2895 57859 1945 0 141.4 -69 -0.412267 4517751 -0.092064 49 0.281616 0.0000 0.000694 0.000894 0.002924 -0.036988 0.070271 -0.201318 40.7944890760 -218.6008224595 49.28162
S062 17APR17 2017.2923 57860 1945 1 141.4 -69 -0.412579 4517751 -0.093788 49 0.285200 0.0000 0.000687 0.000898 0.002876 -0.040790 0.085652 -0.174615 40.7944890605 -218.6008224632 49.28520
S062 17APR18 2017.2950 57861 1945 2 141.4 -69 -0.414410 4517751 -0.095445 49 0.280810 0.0000 0.000690 0.000884 0.002889 -0.021865 0.034969 -0.155794 40.7944890456 -218.6008224849 49.28081
S062 17APR19 2017.2977 57862 1945 3 141.4 -69 -0.413835 4517751 -0.094552 49 0.285725 0.0000 0.000687 0.000918 0.002930 0.000996 0.029640 -0.151681 40.7944890536 -218.6008224781 49.28572
S062 17APR20 2017.3005 57863 1945 4 141.4 -69 -0.414877 4517751 -0.092461 49 0.284318 0.0000 0.000683 0.000904 0.002930 -0.020071 0.068983 -0.200175 40.7944890724 -218.6008224904 49.28432
S062 17APR21 2017.3032 57864 1945 5 141.4 -69 -0.413723 4517751 -0.093596 49 0.278865 0.0000 0.000676 0.000879 0.002825 -0.030258 0.083532 -0.177971 40.7944890622 -218.6008224767 49.27887
S062 17APR22 2017.3060 57865 1945 6 141.4 -69 -0.413628 4517751 -0.093698 49 0.279225 0.0000 0.000678 0.000871 0.002817 -0.032482 0.076560 -0.197518 40.7944890613 -218.6008224756 49.27923
S062 17APR23 2017.3087 57866 1946 0 141.4 -69 -0.414799 4517751 -0.094948 49 0.281373 0.0000 0.000692 0.000885 0.002887 -0.047195 0.084933 -0.184137 40.7944890500 -218.6008224895 49.28137
S062 17APR24 2017.3114 57867 1946 1 141.4 -69 -0.414450 4517751 -0.093878 49 0.279249 0.0000 0.000691 0.000910 0.002931 -0.017878 0.065344 -0.183101 40.7944890597 -218.6008224854 49.27925
S062 17APR25 2017.3142 57868 1946 2 141.4 -69 -0.415615 4517751 -0.092852 49 0.280279 0.0000 0.000708 0.000956 0.003104 -0.057824 0.077459 -0.171292 40.7944890689 -218.6008224992 49.28028
S062 17APR26 2017.3169 57869 1946 3 141.4 -69 -0.414399 4517751 -0.093400 49 0.281557 0.0000 0.000682 0.000876 0.002879 -0.039096 0.091416 -0.184654 40.7944890640 -218.6008224847 49.28156
S062 17APR27 2017.3196 57870 1946 4 141.4 -69 -0.414072 4517751 -0.093808 49 0.274560 0.0000 0.000713 0.000908 0.003003 0.011795 0.046558 -0.186782 40.7944890603 -218.6008224809 49.27456
S062 17APR28 2017.3224 57871 1946 5 141.4 -69 -0.412618 4517751 -0.094615 49 0.280429 0.0000 0.000701 0.000928 0.002985 0.012234 0.040378 -0.178437 40.7944890530 -218.6008224636 49.28043
S062 17APR29 2017.3251 57872 1946 6 141.4 -69 -0.412902 4517751 -0.095024 49 0.285220 0.0000 0.000688 0.000906 0.002958 -0.033450 0.082498 -0.152673 40.7944890494 -218.6008224670 49.28522
S062 17APR30 2017.3279 57873 1947 0 141.4 -69 -0.414502 4517751 -0.093081 49 0.294194 0.0000 0.000695 0.000912 0.002965 -0.040251 0.082509 -0.119859 40.7944890669 -218.6008224860 49.29419
S062 17MAY01 2017.3306 57874 1947 1 141.4 -69 -0.414307 4517751 -0.094293 49 0.285642 0.0000 0.000683 0.000915 0.002935 -0.034365 0.057526 -0.203941 40.7944890559 -218.6008224837 49.28564
S062 17MAY02 2017.3333 57875 1947 2 141.4 -69 -0.413395 4517751 -0.093696 49 0.286807 0.0000 0.000703 0.000916 0.003027 -0.039570 0.074607 -0.130229 40.7944890613 -218.6008224729 49.28681
S062 17MAY03 2017.3361 57876 1947 3 141.4 -69 -0.414207 4517751 -0.093449 49 0.281105 0.0000 0.000725 0.000915 0.003071 0.019594 0.025100 -0.147568 40.7944890635 -218.6008224825 49.28110
S062 17MAY04 2017.3388 57877 1947 4 141.4 -69 -0.413635 4517751 -0.094461 49 0.287583 0.0000 0.000715 0.000923 0.003051 -0.042168 0.051332 -0.147562 40.7944890544 -218.6008224757 49.28758
S062 17MAY05 2017.3415 57878 1947 5 141.4 -69 -0.412220 4517751 -0.094152 49 0.285873 0.0000 0.000738 0.000973 0.003275 -0.041214 0.072210 -0.095459 40.7944890572 -218.6008224589 49.28587
S062 17MAY06 2017.3443 57879 1947 6 141.4 -69 -0.412314 4517751 -0.094571 49 0.286619 0.0000 0.000697 0.000904 0.002962 -0.043454 0.059618 -0.170691 40.7944890534 -218.6008224600 49.28662
S062 17MAY07 2017.3470 57880 1948 0 141.4 -69 -0.412962 4517751 -0.094705 49 0.290546 0.0000 0.000728 0.000953 0.003156 -0.037137 0.078995 -0.147048 40.7944890522 -218.6008224677 49.29055
S062 17MAY08 2017.3498 57881 1948 1 141.4 -69 -0.413405 4517751 -0.094445 49 0.281945 0.0000 0.000720 0.000921 0.003056 -0.010978 0.067040 -0.149008 40.7944890546 -218.6008224730 49.28195
S062 17MAY09 2017.3525 57882 1948 2 141.4 -69 -0.412334 4517751 -0.094380 49 0.281948 0.0000 0.000697 0.000891 0.002939 -0.013988 0.043973 -0.209431 40.7944890552 -218.6008224603 49.28195
S062 17MAY10 2017.3552 57883 1948 3 141.4 -69 -0.413494 4517751 -0.094121 49 0.284236 0.0000 0.000715 0.000937 0.003078 -0.012845 0.043608 -0.155086 40.7944890575 -218.6008224740 49.28424
S062 17MAY11 2017.3580 57884 1948 4 141.4 -69 -0.414175 4517751 -0.094309 49 0.286951 0.0000 0.000683 0.000901 0.002877 -0.031314 0.050870 -0.125593 40.7944890558 -218.6008224821 49.28695
S062 17MAY12 2017.3607 57885 1948 5 141.4 -69 -0.413627 4517751 -0.093966 49 0.278239 0.0000 0.000687 0.000875 0.002863 -0.023286 0.060897 -0.157373 40.7944890589 -218.6008224756 49.27824
S062 17MAY13 2017.3634 57886 1948 6 141.4 -69 -0.414210 4517751 -0.094085 49 0.283020 0.0000 0.000696 0.000927 0.002985 -0.038592 0.064792 -0.167586 40.7944890578 -218.6008224825 49.28302
S062 17MAY14 2017.3662 57887 1949 0 141.4 -69 -0.414058 4517751 -0.094357 49 0.283978 0.0000 0.000700 0.000904 0.002933 -0.020248 0.039805 -0.152694 40.7944890554 -218.6008224807 49.28398
S062 17MAY15 2017.3689 57888 1949 1 141.4 -69 -0.415334 4517751 -0.094984 49 0.280632 0.0000 0.000695 0.000889 0.002887 -0.029737 0.067253 -0.184795 40.7944890497 -218.6008224958 49.28063
S062 17MAY16 2017.3717 57889 1949 2 141.4 -69 -0.413678 4517751 -0.095870 49 0.288342 0.0000 0.000680 0.000885 0.002863 -0.036909 0.047972 -0.160177 40.7944890417 -218.6008224762 49.28834
S062 17MAY17 2017.3744 57890 1949 3 141.4 -69 -0.413370 4517751 -0.094786 49 0.286876 0.0000 0.000706 0.000929 0.002994 0.029266 0.040439 -0.142007 40.7944890515 -218.6008224726 49.28688
S062 17MAY18 2017.3771 57891 1949 4 141.4 -69 -0.414901 4517751 -0.094894 49 0.288478 0.0000 0.000710 0.000905 0.003013 0.019581 0.003427 -0.169859 40.7944890505 -218.6008224907 49.28848
S062 17MAY19 2017.3799 57892 1949 5 141.4 -69 -0.415815 4517751 -0.096122 49 0.283654 0.0000 0.000847 0.001009 0.003475 0.022317 0.074302 -0.112325 40.7944890395 -218.6008225015 49.28365
S062 17MAY20 2017.3826 57893 1949 6 141.4 -69 -0.414012 4517751 -0.096171 49 0.286091 0.0000 0.000698 0.000893 0.002991 -0.024733 0.049925 -0.169208 40.7944890390 -218.6008224802 49.28609
S062 17MAY21 2017.3854 57894 1950 0 141.4 -69 -0.412994 4517751 -0.095394 49 0.286446 0.0000 0.000688 0.000895 0.002928 -0.015453 0.055140 -0.156236 40.7944890460 -218.6008224681 49.28645
S062 17MAY22 2017.3881 57895 1950 1 141.4 -69 -0.414333 4517751 -0.094560 49 0.286952 0.0000 0.000689 0.000914 0.003011 0.000990 0.066586 -0.193389 40.7944890535 -218.6008224840 49.28695
S062 17MAY23 2017.3908 57896 1950 2 141.4 -69 -0.413158 4517751 -0.094804 49 0.282694 0.0000 0.000705 0.000909 0.003062 -0.018572 0.050752 -0.190133 40.7944890513 -218.6008224700 49.28269
S062 17MAY24 2017.3936 57897 1950 3 141.4 -69 -0.413533 4517751 -0.096018 49 0.284614 0.0000 0.000698 0.000889 0.002974 -0.025651 0.074338 -0.133889 40.7944890404 -218.6008224745 49.28461
S062 17MAY25 2017.3963 57898 1950 4 141.4 -69 -0.413860 4517751 -0.096684 49 0.286244 0.0000 0.000696 0.000890 0.003044 -0.017861 0.025832 -0.148172 40.7944890344 -218.6008224784 49.28624
S062 17MAY26 2017.3990 57899 1950 5 141.4 -69 -0.412485 4517751 -0.095680 49 0.285777 0.0000 0.000689 0.000886 0.002906 -0.026237 0.041480 -0.155576 40.7944890434 -218.6008224621 49.28578
S062 17MAY27 2017.4018 57900 1950 6 141.4 -69 -0.414645 4517751 -0.095435 49 0.287696 0.0000 0.000718 0.000937 0.003121 -0.034408 0.037407 -0.136028 40.7944890457 -218.6008224877 49.28770
S062 17MAY28 2017.4045 57901 1951 0 141.4 -69 -0.412694 4517751 -0.096408 49 0.298669 0.0000 0.000722 0.000934 0.003146 -0.052579 0.012992 -0.120526 40.7944890369 -218.6008224646 49.29867
S062 17MAY29 2017.4073 57902 1951 1 141.4 -69 -0.413070 4517751 -0.097243 49 0.293172 0.0000 0.000733 0.000962 0.003279 -0.037620 0.122234 -0.245815 40.7944890294 -218.6008224690 49.29317
S062 17MAY30 2017.4100 57903 1951 2 141.4 -69 -0.412148 4517751 -0.096091 49 0.289753 0.0000 0.000719 0.000925 0.003072 -0.036397 0.090677 -0.177645 40.7944890398 -218.6008224581 49.28975
S062 17MAY31 2017.4127 57904 1951 3 141.4 -69 -0.411700 4517751 -0.097973 49 0.297564 0.0000 0.000752 0.000980 0.003219 -0.028611 0.057507 -0.108501 40.7944890228 -218.6008224528 49.29756
S062 17JUN01 2017.4155 57905 1951 4 141.4 -69 -0.412059 4517751 -0.095978 49 0.296017 0.0000 0.000696 0.000903 0.003020 -0.036212 0.091932 -0.215577 40.7944890408 -218.6008224570 49.29602
S062 17JUN02 2017.4182 57906 1951 5 141.4 -69 -0.412674 4517751 -0.095875 49 0.294860 0.0000 0.000716 0.000944 0.003143 -0.027460 0.032896 -0.206249 40.7944890417 -218.6008224643 49.29486
S062 17JUN03 2017.4209 57907 1951 6 141.4 -69 -0.411911 4517751 -0.097647 49 0.292045 0.0000 0.000723 0.000921 0.003159 -0.020488 0.083625 -0.230271 40.7944890257 -218.6008224553 49.29204
S062 17JUN04 2017.4237 57908 1952 0 141.4 -69 -0.413765 4517751 -0.097094 49 0.288680 0.0000 0.000705 0.000885 0.002948 -0.012800 0.073002 -0.153636 40.7944890307 -218.6008224772 49.28868
S062 17JUN05 2017.4264 57909 1952 1 141.4 -69 -0.412733 4517751 -0.096616 49 0.287574 0.0000 0.000770 0.000980 0.003351 0.010605 0.106072 -0.205141 40.7944890350 -218.6008224650 49.28757
S062 17JUN06 2017.4292 57910 1952 2 141.4 -69 -0.412754 4517751 -0.096883 49 0.288160 0.0000 0.000758 0.001030 0.003292 -0.041614 0.068086 -0.102365 40.7944890326 -218.6008224653 49.28816
S062 17JUN07 2017.4319 57911 1952 3 141.4 -69 -0.412598 4517751 -0.096926 49 0.291469 0.0000 0.000732 0.000962 0.003291 -0.031940 0.126803 -0.192231 40.7944890322 -218.6008224634 49.29147
S062 17JUN08 2017.4346 57912 1952 4 141.4 -69 -0.413113 4517751 -0.098418 49 0.294375 0.0000 0.000741 0.000954 0.003178 -0.084894 0.095389 -0.152808 40.7944890188 -218.6008224695 49.29437
S062 17JUN09 2017.4374 57913 1952 5 141.4 -69 -0.413224 4517751 -0.098240 49 0.293636 0.0000 0.000721 0.000939 0.003150 -0.040006 0.094942 -0.157059 40.7944890204 -218.6008224708 49.29364
S062 17JUN10 2017.4401 57914 1952 6 141.4 -69 -0.412787 4517751 -0.096806 49 0.291447 0.0000 0.000741 0.000968 0.003264 -0.025399 0.027307 -0.152541 40.7944890333 -218.6008224657 49.29145
S062 17JUN11 2017.4428 57915 1953 0 141.4 -69 -0.412670 4517751 -0.096547 49 0.284794 0.0000 0.000721 0.000947 0.003212 -0.024810 0.025034 -0.231465 40.7944890357 -218.6008224643 49.28479
S062 17JUN12 2017.4456 57916 1953 1 141.4 -69 -0.413568 4517751 -0.098053 49 0.286530 0.0000 0.000737 0.000964 0.003182 -0.011662 0.082237 -0.144818 40.7944890221 -218.6008224749 49.28653
S062 17JUN13 2017.4483 57917 1953 2 141.4 -69 -0.411991 4517751 -0.096371 49 0.289967 0.0000 0.000715 0.000906 0.003032 -0.027011 0.074115 -0.188392 40.7944890372 -218.6008224562 49.28997
S062 17JUN14 2017.4511 57918 1953 3 141.4 -69 -0.413576 4517751 -0.096309 49 0.284922 0.0000 0.000700 0.000886 0.002899 -0.041967 0.055388 -0.151467 40.7944890378 -218.6008224750 49.28492
S062 17JUN15 2017.4538 57919 1953 4 141.4 -69 -0.414583 4517751 -0.099651 49 0.295265 0.0000 0.000730 0.000942 0.003147 -0.021299 0.092349 -0.132170 40.7944890077 -218.6008224869 49.29527
S062 17JUN16 2017.4565 57920 1953 5 141.4 -69 -0.414104 4517751 -0.099230 49 0.290174 0.0000 0.000730 0.000923 0.003080 -0.038014 0.108376 -0.159032 40.7944890115 -218.6008224813 49.29017
S062 17JUN17 2017.4593 57921 1953 6 141.4 -69 -0.413497 4517751 -0.097286 49 0.289584 0.0000 0.000754 0.000994 0.003284 -0.056746 0.126327 -0.137517 40.7944890290 -218.6008224741 49.28958
S062 17JUN18 2017.4620 57922 1954 0 141.4 -69 -0.412596 4517751 -0.096666 49 0.290668 0.0000 0.000710 0.000920 0.003144 -0.039141 0.087954 -0.244507 40.7944890346 -218.6008224634 49.29067
S062 17JUN19 2017.4648 57923 1954 1 141.4 -69 -0.412268 4517751 -0.097627 49 0.293110 0.0000 0.000776 0.001017 0.003458 -0.065879 0.115622 -0.142041 40.7944890259 -218.6008224595 49.29311
S062 17JUN20 2017.4675 57924 1954 2 141.4 -69 -0.412134 4517751 -0.095875 49 0.286765 0.0000 0.000722 0.000949 0.003141 -0.035302 0.088807 -0.126335 40.7944890417 -218.6008224579 49.28677
S062 17JUN21 2017.4702 57925 1954 3 141.4 -69 -0.410695 4517751 -0.098765 49 0.293946 0.0000 0.000724 0.000920 0.003061 -0.009166 0.119968 -0.128981 40.7944890157 -218.6008224409 49.29395
S062 17JUN22 2017.4730 57926 1954 4 141.4 -69 -0.404682 4517751 -0.099550 49 0.289621 0.0000 0.000729 0.000938 0.003151 -0.032443 0.138733 -0.167457 40.7944890086 -218.6008223696 49.28962
S062 17JUN23 2017.4757 57927 1954 5 141.4 -69 -0.412130 4517751 -0.095946 49 0.289328 0.0000 0.000700 0.000895 0.002943 -0.011550 0.100026 -0.174488 40.7944890411 -218.6008224579 49.28933
S062 17JUN24 2017.4784 57928 1954 6 141.4 -69 -0.411426 4517751 -0.098462 49 0.291009 0.0000 0.000708 0.000915 0.003074 -0.014877 0.061531 -0.179374 40.7944890184 -218.6008224495 49.29101
S062 17JUN25 2017.4812 57929 1955 0 141.4 -69 -0.411916 4517751 -0.094692 49 0.294186 0.0000 0.000711 0.000948 0.003093 -0.061033 0.111954 -0.142235 40.7944890523 -218.6008224553 49.29419
S062 17JUN26 2017.4839 57930 1955 1 141.4 -69 -0.411685 4517751 -0.096926 49 0.290027 0.0000 0.000707 0.000910 0.003022 -0.032016 0.069075 -0.124973 40.7944890322 -218.6008224526 49.29003
S062 17JUN27 2017.4867 57931 1955 2 141.4 -69 -0.412574 4517751 -0.096726 49 0.294306 0.0000 0.000701 0.000928 0.003044 -0.016194 0.090819 -0.146148 40.7944890340 -218.6008224631 49.29431
S062 17JUN28 2017.4894 57932 1955 3 141.4 -69 -0.413644 4517751 -0.097926 49 0.289796 0.0000 0.000717 0.000967 0.003154 -0.017438 0.088087 -0.115782 40.7944890232 -218.6008224758 49.28980
S062 17JUN29 2017.4921 57933 1955 4 141.4 -69 -0.411525 4517751 -0.097337 49 0.295950 0.0000 0.000727 0.000952 0.003110 -0.042331 0.039891 -0.157461 40.7944890285 -218.6008224507 49.29595
S062 17JUN30 2017.4949 57934 1955 5 141.4 -69 -0.411009 4517751 -0.096506 49 0.295207 0.0000 0.000719 0.000931 0.003180 -0.021575 0.094056 -0.184247 40.7944890360 -218.6008224446 49.29521
S062 17JUL01 2017.4976 57935 1955 6 141.4 -69 -0.411412 4517751 -0.098127 49 0.294757 0.0000 0.000710 0.000912 0.003057 -0.033823 0.038393 -0.099827 40.7944890214 -218.6008224494 49.29476
S062 17JUL02 2017.5003 57936 1956 0 141.4 -69 -0.410275 4517751 -0.097863 49 0.284676 0.0000 0.000730 0.000975 0.003244 -0.019426 0.108974 -0.098047 40.7944890238 -218.6008224359 49.28468
S062 17JUL03 2017.5031 57937 1956 1 141.4 -69 -0.411993 4517751 -0.098376 49 0.293959 0.0000 0.000715 0.000910 0.003086 -0.047114 0.086143 -0.216927 40.7944890192 -218.6008224562 49.29396
S062 17JUL04 2017.5058 57938 1956 2 141.4 -69 -0.411366 4517751 -0.097485 49 0.290066 0.0000 0.000699 0.000901 0.002992 -0.012248 0.053462 -0.141530 40.7944890272 -218.6008224488 49.29007
S062 17JUL05 2017.5086 57939 1956 3 141.4 -69 -0.412142 4517751 -0.097687 49 0.290012 0.0000 0.000751 0.000974 0.003324 -0.077964 0.081906 -0.178761 40.7944890254 -218.6008224580 49.29001
S062 17JUL06 2017.5113 57940 1956 4 141.4 -69 -0.410925 4517751 -0.098624 49 0.294867 0.0000 0.000743 0.000968 0.003264 -0.045168 0.083059 -0.174519 40.7944890169 -218.6008224436 49.29487
S062 17JUL07 2017.5140 57941 1956 5 141.4 -69 -0.410888 4517751 -0.098239 49 0.290731 0.0000 0.000752 0.001010 0.003375 -0.038928 0.062422 -0.082308 40.7944890204 -218.6008224431 49.29073
S062 17JUL08 2017.5168 57942 1956 6 141.4 -69 -0.410702 4517751 -0.098451 49 0.292628 0.0000 0.000718 0.000904 0.003073 -0.023661 0.058515 -0.187776 40.7944890185 -218.6008224409 49.29263
S062 17JUL09 2017.5195 57943 1957 0 141.4 -69 -0.411567 4517751 -0.098186 49 0.292110 0.0000 0.000714 0.000921 0.003058 -0.032383 0.076679 -0.192703 40.7944890209 -218.6008224512 49.29211
S062 17JUL10 2017.5222 57944 1957 1 141.4 -69 -0.410466 4517751 -0.100558 49 0.287495 0.0000 0.000734 0.000966 0.003222 -0.037645 0.090768 -0.190085 40.7944889995 -218.6008224382 49.28749
S062 17JUL11 2017.5250 57945 1957 2 141.4 -69 -0.409624 4517751 -0.098958 49 0.300993 0.0000 0.000759 0.000965 0.003289 -0.064311 0.068893 -0.169019 40.7944890139 -218.6008224282 49.30099
S062 17JUL12 2017.5277 57946 1957 3 141.4 -69 -0.415002 4517751 -0.098294 49 0.290190 0.0000 0.000759 0.000951 0.003246 -0.059733 0.079461 -0.209622 40.7944890199 -218.6008224919 49.29019
S062 17JUL13 2017.5305 57947 1957 4 141.4 -69 -0.409569 4517751 -0.097961 49 0.293129 0.0000 0.000743 0.000937 0.003184 -0.039148 0.013705 -0.173275 40.7944890229 -218.6008224275 49.29313
S062 17JUL14 2017.5332 57948 1957 5 141.4 -69 -0.410484 4517751 -0.096723 49 0.289976 0.0000 0.000738 0.000955 0.003214 -0.057072 0.088751 -0.159733 40.7944890341 -218.6008224384 49.28998
S062 17JUL15 2017.5359 57949 1957 6 141.4 -69 -0.411223 4517751 -0.096931 49 0.289176 0.0000 0.000796 0.001026 0.003530 -0.071157 0.082319 -0.155978 40.7944890322 -218.6008224471 49.28918
S062 17JUL16 2017.5387 57950 1958 0 141.4 -69 -0.410450 4517751 -0.099865 49 0.289626 0.0000 0.000730 0.000952 0.003224 -0.023231 0.109783 -0.208603 40.7944890058 -218.6008224380 49.28963
S062 17JUL17 2017.5414 57951 1958 1 141.4 -69 -0.410982 4517751 -0.098095 49 0.298275 0.0000 0.000714 0.000906 0.003015 -0.023957 0.100054 -0.176981 40.7944890217 -218.6008224443 49.29828
S062 17JUL18 2017.5441 57952 1958 2 141.4 -69 -0.411297 4517751 -0.099087 49 0.290502 0.0000 0.000705 0.000899 0.002986 -0.057682 0.094484 -0.176190 40.7944890128 -218.6008224480 49.29050
S062 17JUL19 2017.5469 57953 1958 3 141.4 -69 -0.408802 4517751 -0.098376 49 0.294080 0.0000 0.000771 0.000976 0.003429 -0.080244 0.172019 -0.191351 40.7944890192 -218.6008224184 49.29408
S062 17JUL20 2017.5496 57954 1958 4 141.4 -69 -0.410004 4517751 -0.098400 49 0.289037 0.0000 0.000696 0.000899 0.002953 -0.026633 0.111839 -0.204487 40.7944890190 -218.6008224327 49.28904
S062 17JUL21 2017.5524 57955 1958 5 141.4 -69 -0.409316 4517751 -0.099379 49 0.284193 0.0000 0.000723 0.000958 0.003226 -0.005420 0.078870 -0.218385 40.7944890101 -218.6008224245 49.28419
S062 17JUL22 2017.5551 57956 1958 6 141.4 -69 -0.410017 4517751 -0.099058 49 0.295512 0.0000 0.000775 0.001001 0.003429 -0.033426 0.066397 -0.205642 40.7944890130 -218.6008224328 49.29551
S062 17JUL23 2017.5578 57957 1959 0 141.4 -69 -0.409563 4517751 -0.099384 49 0.289949 0.0000 0.000707 0.000914 0.003007 -0.044682 0.061702 -0.168694 40.7944890101 -218.6008224274 49.28995
S062 17JUL24 2017.5606 57958 1959 1 141.4 -69 -0.409889 4517751 -0.098419 49 0.290099 0.0000 0.000728 0.000928 0.003119 -0.049520 0.085083 -0.162735 40.7944890188 -218.6008224313 49.29010
S062 17JUL25 2017.5633 57959 1959 2 141.4 -69 -0.409761 4517751 -0.099514 49 0.289310 0.0000 0.000719 0.000924 0.003130 -0.045917 0.092931 -0.220626 40.7944890089 -218.6008224298 49.28931
S062 17JUL26 2017.5661 57960 1959 3 141.4 -69 -0.409238 4517751 -0.098858 49 0.285684 0.0000 0.000704 0.000911 0.002989 -0.015924 0.057266 -0.177365 40.7944890148 -218.6008224236 49.28568
S062 17JUL27 2017.5688 57961 1959 4 141.4 -69 -0.407020 4517751 -0.099107 49 0.288812 0.0000 0.000713 0.000903 0.003023 0.003188 0.033037 -0.188911 40.7944890126 -218.6008223973 49.28881
S062 17JUL28 2017.5715 57962 1959 5 141.4 -69 -0.406482 4517751 -0.096900 49 0.286091 0.0000 0.000724 0.000949 0.003137 -0.058852 0.066667 -0.172438 40.7944890325 -218.6008223909 49.28609
S062 17JUL29 2017.5743 57963 1959 6 141.4 -69 -0.407152 4517751 -0.097896 49 0.284540 0.0000 0.000688 0.000893 0.002920 -0.007558 0.090686 -0.134756 40.7944890235 -218.6008223989 49.28454
S062 17JUL30 2017.5770 57964 1960 0 141.4 -69 -0.408812 4517751 -0.098879 49 0.288639 0.0000 0.000723 0.000903 0.003068 -0.020833 0.091905 -0.172466 40.7944890146 -218.6008224186 49.28864
S062 17JUL31 2017.5797 57965 1960 1 141.4 -69 -0.407375 4517751 -0.099130 49 0.283914 0.0000 0.000734 0.000968 0.003165 -0.013527 0.060049 -0.118028 40.7944890124 -218.6008224015 49.28391
S062 17AUG01 2017.5825 57966 1960 2 141.4 -69 -0.408852 4517751 -0.098518 49 0.287749 0.0000 0.000711 0.000924 0.003032 -0.023034 0.060856 -0.083854 40.7944890179 -218.6008224190 49.28775
S062 17AUG02 2017.5852 57967 1960 3 141.4 -69 -0.408552 4517751 -0.098476 49 0.290869 0.0000 0.000811 0.001040 0.003481 0.014587 0.079255 -0.174637 40.7944890183 -218.6008224155 49.29087
S062 17AUG03 2017.5880 57968 1960 4 141.4 -69 -0.409121 4517751 -0.099836 49 0.293288 0.0000 0.000750 0.000951 0.003215 -0.010819 0.094515 -0.196510 40.7944890060 -218.6008224222 49.29329
S062 17AUG04 2017.5907 57969 1960 5 141.4 -69 -0.408627 4517751 -0.099378 49 0.287257 0.0000 0.000726 0.000947 0.003148 0.027043 0.035606 -0.206464 40.7944890102 -218.6008224164 49.28726
S062 17AUG05 2017.5934 57970 1960 6 141.4 -69 -0.410319 4517751 -0.098284 49 0.285574 0.0000 0.000702 0.000901 0.002957 -0.002501 0.056891 -0.191176 40.7944890200 -218.6008224364 49.28557
S062 17AUG06 2017.5962 57971 1961 0 141.4 -69 -0.408839 4517751 -0.099790 49 0.290460 0.0000 0.000742 0.000928 0.003107 0.045773 0.039840 -0.175435 40.7944890064 -218.6008224189 49.29046
S062 17AUG07 2017.5989 57972 1961 1 141.4 -69 -0.408992 4517751 -0.100154 49 0.296216 0.0000 0.000724 0.000910 0.003067 0.020831 0.059857 -0.180739 40.7944890032 -218.6008224207 49.29622
S062 17AUG08 2017.6016 57973 1961 2 141.4 -69 -0.407863 4517751 -0.096305 49 0.298821 0.0000 0.000758 0.000988 0.003315 0.007432 0.081260 -0.145249 40.7944890378 -218.6008224073 49.29882
S062 17AUG09 2017.6044 57974 1961 3 141.4 -69 -0.408430 4517751 -0.099525 49 0.295540 0.0000 0.000727 0.000901 0.003013 -0.035348 0.063351 -0.172022 40.7944890088 -218.6008224140 49.29554
S062 17AUG10 2017.6071 57975 1961 4 141.4 -69 -0.409092 4517751 -0.098146 49 0.285536 0.0000 0.000717 0.000888 0.002963 0.003254 0.055603 -0.165567 40.7944890212 -218.6008224219 49.28554
S062 17AUG11 2017.6099 57976 1961 5 141.4 -69 -0.407727 4517751 -0.098307 49 0.288922 0.0000 0.000750 0.000942 0.003227 -0.018854 0.066997 -0.217254 40.7944890198 -218.6008224057 49.28892
S062 17AUG12 2017.6126 57977 1961 6 141.4 -69 -0.408604 4517751 -0.098857 49 0.288664 0.0000 0.000774 0.000959 0.003294 0.009445 0.092167 -0.100518 40.7944890148 -218.6008224161 49.28866
S062 17AUG13 2017.6153 57978 1962 0 141.4 -69 -0.408459 4517751 -0.100165 49 0.288493 0.0000 0.000720 0.000901 0.003013 0.007443 0.078656 -0.177467 40.7944890031 -218.6008224144 49.28849
S062 17AUG14 2017.6181 57979 1962 1 141.4 -69 -0.408189 4517751 -0.100566 49 0.285082 0.0000 0.000747 0.000947 0.003158 -0.003816 0.061831 -0.203062 40.7944889995 -218.6008224112 49.28508
S062 17AUG15 2017.6208 57980 1962 2 141.4 -69 -0.408559 4517751 -0.099597 49 0.283616 0.0000 0.000708 0.000883 0.002954 -0.003232 0.110227 -0.180153 40.7944890082 -218.6008224156 49.28362
S062 17AUG16 2017.6235 57981 1962 3 141.4 -69 -0.408160 4517751 -0.098339 49 0.287774 0.0000 0.000720 0.000924 0.003023 0.038275 0.112317 -0.154403 40.7944890195 -218.6008224108 49.28777
S062 17AUG17 2017.6263 57982 1962 4 141.4 -69 -0.407939 4517751 -0.099102 49 0.286959 0.0000 0.000760 0.000941 0.003196 0.018560 0.086515 -0.117972 40.7944890126 -218.6008224082 49.28696
S062 17AUG18 2017.6290 57983 1962 5 141.4 -69 -0.408560 4517751 -0.098686 49 0.292810 0.0000 0.000741 0.000948 0.003193 -0.000018 0.066341 -0.184952 40.7944890164 -218.6008224156 49.29281
S062 17AUG19 2017.6318 57984 1962 6 141.4 -69 -0.408817 4517751 -0.100006 49 0.284932 0.0000 0.000728 0.000929 0.002994 0.022083 0.046094 -0.184336 40.7944890045 -218.6008224186 49.28493
S062 17AUG20 2017.6345 57985 1963 0 141.4 -69 -0.406683 4517751 -0.098692 49 0.281734 0.0000 0.000714 0.000924 0.003023 0.004928 0.076930 -0.189623 40.7944890163 -218.6008223933 49.28173
S062 17AUG21 2017.6372 57986 1963 1 141.4 -69 -0.407516 4517751 -0.099290 49 0.284541 0.0000 0.000739 0.000947 0.003123 0.068800 0.030236 -0.174852 40.7944890109 -218.6008224032 49.28454
S062 17AUG22 2017.6400 57987 1963 2 141.4 -69 -0.407381 4517751 -0.098684 49 0.293755 0.0000 0.000734 0.000958 0.003137 -0.014006 0.051454 -0.113688 40.7944890164 -218.6008224016 49.29376
S062 17AUG23 2017.6427 57988 1963 3 141.4 -69 -0.405427 4517751 -0.098833 49 0.285508 0.0000 0.000763 0.000991 0.003348 0.019787 0.025749 -0.196137 40.7944890151 -218.6008223784 49.28551
S062 17AUG24 2017.6454 57989 1963 4 141.4 -69 -0.405858 4517751 -0.101194 49 0.301162 0.0000 0.000742 0.000951 0.003202 -0.012657 0.113616 -0.128239 40.7944889938 -218.6008223836 49.30116
S062 17AUG25 2017.6482 57990 1963 5 141.4 -69 -0.407641 4517751 -0.100068 49 0.292499 0.0000 0.000742 0.000930 0.003159 -0.009641 0.060218 -0.192303 40.7944890039 -218.6008224047 49.29250
S062 17AUG26 2017.6509 57991 1963 6 141.4 -69 -0.410403 4517751 -0.102519 49 0.285255 0.0000 0.000735 0.000919 0.003056 -0.034425 0.054609 -0.156048 40.7944889819 -218.6008224374 49.28526
S062 17AUG27 2017.6537 57992 1964 0 141.4 -69 -0.406848 4517751 -0.099012 49 0.287984 0.0000 0.000709 0.000901 0.002977 -0.014299 0.069825 -0.190252 40.7944890134 -218.6008223953 49.28798
S062 17AUG28 2017.6564 57993 1964 1 141.4 -69 -0.408343 4517751 -0.103031 49 0.294023 0.0000 0.000729 0.000962 0.003182 -0.051811 0.030630 -0.169302 40.7944889773 -218.6008224130 49.29402
S062 17AUG29 2017.6591 57994 1964 2 141.4 -69 -0.408754 4517751 -0.100148 49 0.291696 0.0000 0.000719 0.000927 0.003039 -0.040463 0.054605 -0.194924 40.7944890032 -218.6008224179 49.29170
S062 17AUG30 2017.6619 57995 1964 3 141.4 -69 -0.407638 4517751 -0.099929 49 0.288588 0.0000 0.000721 0.000908 0.003086 0.005918 0.051054 -0.190968 40.7944890052 -218.6008224046 49.28859
S062 17AUG31 2017.6646 57996 1964 4 141.4 -69 -0.407599 4517751 -0.101483 49 0.284013 0.0000 0.000726 0.000920 0.003030 -0.046077 0.066636 -0.169903 40.7944889912 -218.6008224042 49.28401
S062 17SEP01 2017.6674 57997 1964 5 141.4 -69 -0.408075 4517751 -0.101572 49 0.290314 0.0000 0.000724 0.000905 0.003022 -0.037002 0.057773 -0.151242 40.7944889904 -218.6008224098 49.29031
S062 17SEP02 2017.6701 57998 1964 6 141.4 -69 -0.408282 4517751 -0.102133 49 0.288442 0.0000 0.000703 0.000903 0.003043 -0.002531 0.113482 -0.116880 40.7944889853 -218.6008224123 49.28844
S062 17SEP03 2017.6728 57999 1965 0 141.4 -69 -0.408570 4517751 -0.099777 49 0.290509 0.0000 0.000736 0.000930 0.003150 -0.026736 0.057800 -0.185224 40.7944890066 -218.6008224157 49.29051
S062 17SEP04 2017.6756 58000 1965 1 141.4 -69 -0.407004 4517751 -0.102439 49 0.290909 0.0000 0.000733 0.000937 0.003136 -0.018312 0.055407 -0.148293 40.7944889826 -218.6008223971 49.29091
S062 17SEP05 2017.6783 58001 1965 2 141.4 -69 -0.407175 4517751 -0.102973 49 0.290806 0.0000 0.000712 0.000923 0.003079 -0.012537 0.073501 -0.203242 40.7944889778 -218.6008223992 49.29081
S062 17SEP06 2017.6810 58002 1965 3 141.4 -69 -0.406100 4517751 -0.102730 49 0.290222 0.0000 0.000702 0.000895 0.002951 -0.022163 0.052084 -0.173647 40.7944889800 -218.6008223864 49.29022
S062 17SEP07 2017.6838 58003 1965 4 141.4 -69 -0.408495 4517751 -0.102752 49 0.291104 0.0000 0.000715 0.000942 0.003118 0.003029 0.066078 -0.198216 40.7944889798 -218.6008224148 49.29110
S062 17SEP08 2017.6865 58004 1965 5 141.4 -69 -0.406255 4517751 -0.103028 49 0.281821 0.0000 0.000704 0.000929 0.003007 -0.055241 0.057080 -0.116759 40.7944889773 -218.6008223883 49.28182
S062 17SEP09 2017.6893 58005 1965 6 141.4 -69 -0.410055 4517751 -0.101875 49 0.282161 0.0000 0.000716 0.000934 0.003070 0.001243 0.075371 -0.167274 40.7944889877 -218.6008224333 49.28216
S062 17SEP10 2017.6920 58006 1966 0 141.4 -69 -0.406614 4517751 -0.102136 49 0.286494 0.0000 0.000702 0.000895 0.003034 -0.006512 0.030966 -0.183503 40.7944889853 -218.6008223925 49.28649
S062 17SEP11 2017.6947 58007 1966 1 141.4 -69 -0.407879 4517751 -0.101766 49 0.288407 0.0000 0.000700 0.000901 0.003021 -0.019884 0.072544 -0.183118 40.7944889886 -218.6008224075 49.28841
S062 17SEP12 2017.6975 58008 1966 2 141.4 -69 -0.405760 4517751 -0.103998 49 0.303039 0.0000 0.000743 0.000961 0.003268 -0.040011 0.099786 -0.209342 40.7944889685 -218.6008223824 49.30304
S062 17SEP13 2017.7002 58009 1966 3 141.4 -69 -0.400743 4517751 -0.103371 49 0.293770 0.0000 0.000740 0.000953 0.003218 -0.019665 0.053181 -0.230074 40.7944889742 -218.6008223229 49.29377
S062 17SEP14 2017.7029 58010 1966 4 141.4 -69 -0.407892 4517751 -0.101563 49 0.274243 0.0000 0.000759 0.000966 0.003224 -0.011189 0.062156 -0.185140 40.7944889905 -218.6008224077 49.27424
S062 17SEP15 2017.7057 58011 1966 5 141.4 -69 -0.405368 4517751 -0.104783 49 0.289291 0.0000 0.000728 0.000925 0.003087 -0.000137 0.029542 -0.157296 40.7944889615 -218.6008223777 49.28929
S062 17SEP16 2017.7084 58012 1966 6 141.4 -69 -0.406470 4517751 -0.102348 49 0.287435 0.0000 0.000700 0.000894 0.002966 -0.009207 0.089387 -0.173311 40.7944889834 -218.6008223908 49.28744
S062 17SEP17 2017.7112 58013 1967 0 141.4 -69 -0.405532 4517751 -0.103226 49 0.295869 0.0000 0.000722 0.000949 0.003237 -0.009132 0.061980 -0.200469 40.7944889755 -218.6008223797 49.29587
S062 17SEP18 2017.7139 58014 1967 1 141.4 -69 -0.407023 4517751 -0.103051 49 0.283834 0.0000 0.000724 0.000930 0.003158 -0.018243 0.071980 -0.198155 40.7944889771 -218.6008223974 49.28383
S062 17SEP19 2017.7166 58015 1967 2 141.4 -69 -0.405273 4517751 -0.103678 49 0.280351 0.0000 0.000717 0.000942 0.003116 -0.044098 0.042946 -0.147286 40.7944889714 -218.6008223766 49.28035
S062 17SEP20 2017.7194 58016 1967 3 141.4 -69 -0.406616 4517751 -0.104140 49 0.291110 0.0000 0.000711 0.000930 0.003111 -0.027592 0.077788 -0.194321 40.7944889673 -218.6008223925 49.29111
S062 17SEP21 2017.7221 58017 1967 4 141.4 -69 -0.405972 4517751 -0.103077 49 0.288142 0.0000 0.000702 0.000916 0.003002 -0.019281 0.072823 -0.181470 40.7944889768 -218.6008223849 49.28814
S062 17SEP22 2017.7248 58018 1967 5 141.4 -69 -0.404400 4517751 -0.104092 49 0.284886 0.0000 0.000703 0.000911 0.003006 -0.025472 0.063991 -0.187022 40.7944889677 -218.6008223663 49.28489
S062 17SEP23 2017.7276 58019 1967 6 141.4 -69 -0.405135 4517751 -0.105415 49 0.290191 0.0000 0.000724 0.000945 0.003207 -0.025621 0.077522 -0.197044 40.7944889558 -218.6008223750 49.29019
S062 17SEP24 2017.7303 58020 1968 0 141.4 -69 -0.403190 4517751 -0.102260 49 0.287107 0.0000 0.000697 0.000906 0.003032 -0.030023 0.091077 -0.199197 40.7944889842 -218.6008223519 49.28711
S062 17SEP25 2017.7331 58021 1968 1 141.4 -69 -0.404976 4517751 -0.104641 49 0.285923 0.0000 0.000697 0.000891 0.002990 -0.019022 0.062920 -0.212742 40.7944889628 -218.6008223731 49.28592
S062 17SEP26 2017.7358 58022 1968 2 141.4 -69 -0.405296 4517751 -0.104599 49 0.293195 0.0000 0.000704 0.000902 0.003036 -0.004935 0.056093 -0.180653 40.7944889631 -218.6008223769 49.29319
S062 17SEP27 2017.7385 58023 1968 3 141.4 -69 -0.405140 4517751 -0.104008 49 0.290014 0.0000 0.000700 0.000906 0.003037 -0.011640 0.075284 -0.174298 40.7944889685 -218.6008223750 49.29001
S062 17SEP28 2017.7413 58024 1968 4 141.4 -69 -0.405184 4517751 -0.106469 49 0.290570 0.0000 0.000742 0.000948 0.003227 -0.028072 0.133855 -0.168909 40.7944889463 -218.6008223756 49.29057
S062 17SEP29 2017.7440 58025 1968 5 141.4 -69 -0.403017 4517751 -0.106862 49 0.285380 0.0000 0.000726 0.000913 0.003175 0.005079 0.091094 -0.143432 40.7944889428 -218.6008223499 49.28538
S062 17SEP30 2017.7467 58026 1968 6 141.4 -69 -0.402232 4517751 -0.106578 49 0.284307 0.0000 0.000719 0.000906 0.003084 0.007658 0.067814 -0.182166 40.7944889453 -218.6008223406 49.28431
S062 17OCT01 2017.7495 58027 1969 0 141.4 -69 -0.402168 4517751 -0.105896 49 0.286824 0.0000 0.000716 0.000909 0.003068 -0.027800 0.108031 -0.140921 40.7944889515 -218.6008223398 49.28682
S062 17OCT02 2017.7522 58028 1969 1 141.4 -69 -0.402482 4517751 -0.104925 49 0.284989 0.0000 0.000709 0.000902 0.003087 -0.028143 0.117215 -0.188980 40.7944889602 -218.6008223435 49.28499
S062 17OCT03 2017.7550 58029 1969 2 141.4 -69 -0.400573 4517751 -0.105742 49 0.279014 0.0000 0.000712 0.000917 0.003066 -0.027206 0.091179 -0.187542 40.7944889528 -218.6008223209 49.27901
S062 17OCT04 2017.7577 58030 1969 3 141.4 -69 -0.402938 4517751 -0.105983 49 0.282038 0.0000 0.000708 0.000931 0.003068 -0.045505 0.099844 -0.152390 40.7944889507 -218.6008223490 49.28204
S062 17OCT05 2017.7604 58031 1969 4 141.4 -69 -0.402338 4517751 -0.105619 49 0.277414 0.0000 0.000704 0.000913 0.003002 0.011139 0.062565 -0.172220 40.7944889540 -218.6008223418 49.27741
S062 17OCT06 2017.7632 58032 1969 5 141.4 -69 -0.402320 4517751 -0.107162 49 0.276944 0.0000 0.000698 0.000887 0.002982 -0.018888 0.098762 -0.156868 40.7944889401 -218.6008223416 49.27694
S062 17OCT07 2017.7659 58033 1969 6 141.4 -69 -0.403128 4517751 -0.107438 49 0.277329 0.0000 0.000688 0.000870 0.002867 -0.031128 0.088427 -0.157510 40.7944889376 -218.6008223512 49.27733
S062 17OCT08 2017.7687 58034 1970 0 141.4 -69 -0.404117 4517751 -0.106684 49 0.280369 0.0000 0.000696 0.000894 0.002976 -0.026934 0.077992 -0.180375 40.7944889444 -218.6008223629 49.28037
S062 17OCT09 2017.7714 58035 1970 1 141.4 -69 -0.402040 4517751 -0.108645 49 0.282027 0.0000 0.000696 0.000907 0.003010 0.004363 0.066676 -0.179236 40.7944889267 -218.6008223383 49.28203
S062 17OCT10 2017.7741 58036 1970 2 141.4 -69 -0.402320 4517751 -0.107587 49 0.282972 0.0000 0.000686 0.000881 0.002869 -0.019226 0.069817 -0.165707 40.7944889362 -218.6008223416 49.28297
S062 17OCT11 2017.7769 58037 1970 3 141.4 -69 -0.401598 4517751 -0.108671 49 0.279457 0.0000 0.000707 0.000907 0.003032 -0.009474 0.108389 -0.165582 40.7944889265 -218.6008223331 49.27946
S062 17OCT12 2017.7796 58038 1970 4 141.4 -69 -0.402220 4517751 -0.109793 49 0.286602 0.0000 0.000729 0.000928 0.003116 0.014496 0.034131 -0.185271 40.7944889164 -218.6008223404 49.28660
S062 17OCT13 2017.7823 58039 1970 5 141.4 -69 -0.402162 4517751 -0.107040 49 0.276947 0.0000 0.000695 0.000898 0.003017 -0.029710 0.092571 -0.197566 40.7944889412 -218.6008223398 49.27695
S062 17OCT14 2017.7851 58040 1970 6 141.4 -69 -0.401374 4517751 -0.108212 49 0.282544 0.0000 0.000709 0.000910 0.003029 -0.022319 0.055380 -0.150723 40.7944889306 -218.6008223304 49.28254
S062 17OCT15 2017.7878 58041 1971 0 141.4 -69 -0.401006 4517751 -0.108802 49 0.280962 0.0000 0.000695 0.000890 0.002948 -0.030047 0.101234 -0.140417 40.7944889253 -218.6008223261 49.28096
S062 17OCT16 2017.7906 58042 1971 1 141.4 -69 -0.401469 4517751 -0.108742 49 0.282021 0.0000 0.000705 0.000885 0.002973 -0.011633 0.105535 -0.131929 40.7944889258 -218.6008223315 49.28202
S062 17OCT17 2017.7933 58043 1971 2 141.4 -69 -0.402978 4517751 -0.109239 49 0.279749 0.0000 0.000712 0.000928 0.003072 -0.014547 0.045738 -0.122432 40.7944889214 -218.6008223494 49.27975
S062 17OCT18 2017.7960 58044 1971 3 141.4 -69 -0.401751 4517751 -0.108600 49 0.279154 0.0000 0.000705 0.000898 0.002989 -0.024410 0.088119 -0.172543 40.7944889271 -218.6008223349 49.27915
S062 17OCT19 2017.7988 58045 1971 4 141.4 -69 -0.399066 4517751 -0.108328 49 0.279628 0.0000 0.000732 0.000925 0.003124 -0.009662 0.081599 -0.140924 40.7944889296 -218.6008223031 49.27963
S062 17OCT20 2017.8015 58046 1971 5 141.4 -69 -0.399823 4517751 -0.108484 49 0.284216 0.0000 0.000715 0.000915 0.003078 -0.010838 0.080620 -0.115567 40.7944889282 -218.6008223120 49.28422
S062 17OCT21 2017.8042 58047 1971 6 141.4 -69 -0.401461 4517751 -0.109845 49 0.282089 0.0000 0.000713 0.000911 0.002995 -0.053110 0.088893 -0.135611 40.7944889159 -218.6008223315 49.28209
S062 17OCT22 2017.8070 58048 1972 0 141.4 -69 -0.400579 4517751 -0.110434 49 0.288364 0.0000 0.000728 0.000937 0.003168 -0.046724 0.103998 -0.166269 40.7944889106 -218.6008223210 49.28836
S062 17OCT23 2017.8097 58049 1972 1 141.4 -69 -0.402135 4517751 -0.111071 49 0.280373 0.0000 0.000714 0.000899 0.003057 -0.019421 0.082861 -0.167002 40.7944889049 -218.6008223394 49.28037
S062 17OCT24 2017.8125 58050 1972 2 141.4 -69 -0.400785 4517751 -0.110255 49 0.280934 0.0000 0.000715 0.000913 0.003092 -0.050631 0.118489 -0.142865 40.7944889122 -218.6008223234 49.28093
S062 17OCT25 2017.8152 58051 1972 3 141.4 -69 -0.401023 4517751 -0.111224 49 0.285040 0.0000 0.000720 0.000920 0.003074 -0.024437 0.095775 -0.203599 40.7944889035 -218.6008223263 49.28504
S062 17OCT26 2017.8179 58052 1972 4 141.4 -69 -0.401599 4517751 -0.109180 49 0.276378 0.0000 0.000700 0.000909 0.002992 -0.032282 0.101280 -0.150756 40.7944889219 -218.6008223331 49.27638
S062 17OCT27 2017.8207 58053 1972 5 141.4 -69 -0.400874 4517751 -0.111848 49 0.279721 0.0000 0.000730 0.000943 0.003209 -0.064589 0.135654 -0.210743 40.7944888979 -218.6008223245 49.27972
S062 17OCT28 2017.8234 58054 1972 6 141.4 -69 -0.400597 4517751 -0.111116 49 0.277867 0.0000 0.000698 0.000901 0.002986 -0.024472 0.088226 -0.168529 40.7944889045 -218.6008223212 49.27787
S062 17OCT29 2017.8261 58055 1973 0 141.4 -69 -0.398741 4517751 -0.110230 49 0.283813 0.0000 0.000690 0.000895 0.002962 -0.005443 0.061072 -0.171316 40.7944889124 -218.6008222992 49.28381
S062 17OCT30 2017.8289 58056 1973 1 141.4 -69 -0.400308 4517751 -0.111849 49 0.281702 0.0000 0.000726 0.000960 0.003187 -0.034268 0.143648 -0.188596 40.7944888979 -218.6008223178 49.28170
S062 17OCT31 2017.8316 58057 1973 2 141.4 -69 -0.397920 4517751 -0.111790 49 0.279257 0.0000 0.000692 0.000885 0.002921 -0.006761 0.058069 -0.144699 40.7944888984 -218.6008222895 49.27926
S062 17NOV01 2017.8344 58058 1973 3 141.4 -69 -0.397025 4517751 -0.109980 49 0.272957 0.0000 0.000715 0.000917 0.003098 -0.027603 0.105762 -0.152414 40.7944889147 -218.6008222789 49.27296
S062 17NOV02 2017.8371 58059 1973 4 141.4 -69 -0.400388 4517751 -0.109753 49 0.282897 0.0000 0.000744 0.000925 0.003063 -0.017291 0.038571 -0.175073 40.7944889167 -218.6008223187 49.28290
S062 17NOV03 2017.8398 58060 1973 5 141.4 -69 -0.399660 4517751 -0.110795 49 0.278327 0.0000 0.000727 0.000907 0.003071 -0.032324 0.052810 -0.196446 40.7944889073 -218.6008223101 49.27833
S062 17NOV04 2017.8426 58061 1973 6 141.4 -69 -0.398815 4517751 -0.111775 49 0.286176 0.0000 0.000712 0.000929 0.003115 0.008458 0.063062 -0.205867 40.7944888985 -218.6008223001 49.28618
S062 17NOV05 2017.8453 58062 1974 0 141.4 -69 -0.398925 4517751 -0.112860 49 0.284583 0.0000 0.000701 0.000901 0.003017 -0.016427 0.065584 -0.194731 40.7944888887 -218.6008223014 49.28458
S062 17NOV06 2017.8480 58063 1974 1 141.4 -69 -0.400545 4517751 -0.112692 49 0.277871 0.0000 0.000708 0.000932 0.003098 -0.021980 0.085344 -0.204761 40.7944888903 -218.6008223206 49.27787
S062 17NOV07 2017.8508 58064 1974 2 141.4 -69 -0.397401 4517751 -0.110439 49 0.282023 0.0000 0.000720 0.000931 0.003078 -0.033621 0.014372 -0.146626 40.7944889106 -218.6008222833 49.28202
S062 17NOV08 2017.8535 58065 1974 3 141.4 -69 -0.401168 4517751 -0.111706 49 0.282838 0.0000 0.000727 0.000941 0.003200 -0.026819 0.032179 -0.198617 40.7944888991 -218.6008223280 49.28284
S062 17NOV09 2017.8563 58066 1974 4 141.4 -69 -0.400902 4517751 -0.112006 49 0.285146 0.0000 0.000728 0.000931 0.003112 -0.041641 0.080157 -0.196030 40.7944888964 -218.6008223248 49.28515
S062 17NOV10 2017.8590 58067 1974 5 141.4 -69 -0.397057 4517751 -0.113716 49 0.287524 0.0000 0.000781 0.000954 0.003212 0.011795 0.107206 -0.132316 40.7944888810 -218.6008222793 49.28752
S062 17NOV11 2017.8617 58068 1974 6 141.4 -69 -0.398334 4517751 -0.112896 49 0.290761 0.0000 0.000774 0.000969 0.003202 0.040254 0.019070 -0.126097 40.7944888884 -218.6008222944 49.29076
S062 17NOV12 2017.8645 58069 1975 0 141.4 -69 -0.398648 4517751 -0.112278 49 0.278190 0.0000 0.000724 0.000922 0.003063 -0.008827 0.026517 -0.216194 40.7944888940 -218.6008222981 49.27819
S062 17NOV13 2017.8672 58070 1975 1 141.4 -69 -0.397023 4517751 -0.112681 49 0.279546 0.0000 0.000697 0.000913 0.003007 -0.009504 0.065393 -0.187818 40.7944888904 -218.6008222789 49.27955
S062 17NOV14 2017.8700 58071 1975 2 141.4 -69 -0.397390 4517751 -0.112491 49 0.275267 0.0000 0.000712 0.000921 0.003024 -0.009159 0.077734 -0.133205 40.7944888921 -218.6008222832 49.27527
S062 17NOV15 2017.8727 58072 1975 3 141.4 -69 -0.398684 4517751 -0.113914 49 0.281535 0.0000 0.000699 0.000907 0.003017 -0.022094 0.044131 -0.185593 40.7944888793 -218.6008222985 49.28153
S062 17NOV16 2017.8754 58073 1975 4 141.4 -69 -0.399021 4517751 -0.112786 49 0.277922 0.0000 0.000697 0.000899 0.002962 -0.024171 0.062431 -0.190130 40.7944888894 -218.6008223025 49.27792
S062 17NOV17 2017.8782 58074 1975 5 141.4 -69 -0.398305 4517751 -0.112896 49 0.284508 0.0000 0.000708 0.000906 0.003043 -0.002236 0.047039 -0.158133 40.7944888884 -218.6008222940 49.28451
S062 17NOV18 2017.8809 58075 1975 6 141.4 -69 -0.397086 4517751 -0.113433 49 0.284680 0.0000 0.000694 0.000916 0.003019 -0.026869 0.092166 -0.159202 40.7944888836 -218.6008222796 49.28468
S062 17NOV19 2017.8836 58076 1976 0 141.4 -69 -0.397168 4517751 -0.114758 49 0.283174 0.0000 0.000709 0.000923 0.003099 0.014854 0.015236 -0.208132 40.7944888717 -218.6008222806 49.28317
S062 17NOV20 2017.8864 58077 1976 1 141.4 -69 -0.398000 4517751 -0.113938 49 0.279596 0.0000 0.000701 0.000890 0.002975 -0.009373 0.098080 -0.196553 40.7944888790 -218.6008222904 49.27960
S062 17NOV21 2017.8891 58078 1976 2 141.4 -69 -0.398938 4517751 -0.114676 49 0.279194 0.0000 0.000721 0.000907 0.003084 -0.019320 0.112784 -0.173167 40.7944888724 -218.6008223015 49.27919
S062 17NOV22 2017.8919 58079 1976 3 141.4 -69 -0.397712 4517751 -0.115690 49 0.283202 0.0000 0.000706 0.000895 0.003072 -0.028177 0.098390 -0.204361 40.7944888633 -218.6008222870 49.28320
S062 17NOV23 2017.8946 58080 1976 4 141.4 -69 -0.397533 4517751 -0.114108 49 0.275643 0.0000 0.000713 0.000913 0.003034 -0.016296 0.061077 -0.171388 40.7944888775 -218.6008222849 49.27564
S062 17NOV24 2017.8973 58081 1976 5 141.4 -69 -0.396857 4517751 -0.114167 49 0.282564 0.0000 0.000713 0.000909 0.003085 -0.005905 0.102855 -0.207351 40.7944888770 -218.6008222769 49.28256
S062 17NOV25 2017.9001 58082 1976 6 141.4 -69 -0.397341 4517751 -0.114879 49 0.285898 0.0000 0.000709 0.000900 0.003007 0.007511 0.038056 -0.179814 40.7944888706 -218.6008222826 49.28590
S062 17NOV26 2017.9028 58083 1977 0 141.4 -69 -0.397190 4517751 -0.116761 49 0.284159 0.0000 0.000714 0.000906 0.003060 -0.028872 0.062907 -0.200107 40.7944888536 -218.6008222808 49.28416
S062 17NOV27 2017.9055 58084 1977 1 141.4 -69 -0.399113 4517751 -0.115022 49 0.281385 0.0000 0.000708 0.000891 0.002949 -0.008963 0.053961 -0.191158 40.7944888693 -218.6008223036 49.28138
S062 17NOV28 2017.9083 58085 1977 2 141.4 -69 -0.398502 4517751 -0.114553 49 0.289307 0.0000 0.000709 0.000888 0.002944 -0.011857 0.051663 -0.166598 40.7944888735 -218.6008222964 49.28931
S062 17NOV29 2017.9110 58086 1977 3 141.4 -69 -0.401008 4517751 -0.116728 49 0.290857 0.0000 0.000742 0.000938 0.003127 0.012568 0.044545 -0.134086 40.7944888539 -218.6008223261 49.29086
S062 17NOV30 2017.9138 58087 1977 4 141.4 -69 -0.398128 4517751 -0.113065 49 0.284243 0.0000 0.000751 0.000937 0.003129 -0.003030 0.063809 -0.156939 40.7944888869 -218.6008222920 49.28424
S062 17DEC01 2017.9165 58088 1977 5 141.4 -69 -0.396749 4517751 -0.114135 49 0.289461 0.0000 0.000704 0.000909 0.003022 -0.042145 0.074635 -0.208995 40.7944888773 -218.6008222756 49.28946
S062 17DEC02 2017.9192 58089 1977 6 141.4 -69 -0.396182 4517751 -0.114632 49 0.279937 0.0000 0.000708 0.000896 0.003015 -0.006326 0.045299 -0.174361 40.7944888728 -218.6008222689 49.27994
S062 17DEC03 2017.9220 58090 1978 0 141.4 -69 -0.397376 4517751 -0.115717 49 0.287376 0.0000 0.000723 0.000890 0.003012 -0.016267 0.093246 -0.185214 40.7944888630 -218.6008222830 49.28738
S062 17DEC04 2017.9247 58091 1978 1 141.4 -69 -0.397186 4517751 -0.115781 49 0.286240 0.0000 0.000708 0.000904 0.003020 -0.004991 0.049974 -0.197810 40.7944888624 -218.6008222808 49.28624
S062 17DEC05 2017.9274 58092 1978 2 141.4 -69 -0.397495 4517751 -0.114746 49 0.284183 0.0000 0.000737 0.000896 0.003083 0.016232 0.062118 -0.179706 40.7944888718 -218.6008222845 49.28418
S062 17DEC06 2017.9302 58093 1978 3 141.4 -69 -0.398868 4517751 -0.114720 49 0.278666 0.0000 0.000733 0.000936 0.003129 0.029323 0.030658 -0.168981 40.7944888720 -218.6008223007 49.27867
S062 17DEC07 2017.9329 58094 1978 4 141.4 -69 -0.396899 4517751 -0.116285 49 0.281943 0.0000 0.000746 0.000922 0.003126 0.055920 0.077797 -0.162253 40.7944888579 -218.6008222774 49.28194
S062 17DEC08 2017.9357 58095 1978 5 141.4 -69 -0.397990 4517751 -0.115371 49 0.282332 0.0000 0.000697 0.000882 0.002973 -0.048879 0.097943 -0.173102 40.7944888661 -218.6008222903 49.28233
S062 17DEC09 2017.9384 58096 1978 6 141.4 -69 -0.397341 4517751 -0.115542 49 0.282832 0.0000 0.000708 0.000882 0.002937 -0.006237 0.050267 -0.159818 40.7944888646 -218.6008222826 49.28283
S062 17DEC10 2017.9411 58097 1979 0 141.4 -69 -0.396010 4517751 -0.114067 49 0.284072 0.0000 0.000695 0.000879 0.002892 -0.013885 0.061283 -0.158418 40.7944888779 -218.6008222669 49.28407
S062 17DEC11 2017.9439 58098 1979 1 141.4 -69 -0.396222 4517751 -0.113580 49 0.280861 0.0000 0.000708 0.000921 0.003093 -0.010648 0.078654 -0.187772 40.7944888823 -218.6008222694 49.28086
S062 17DEC12 2017.9466 58099 1979 2 141.4 -69 -0.398240 4517751 -0.114020 49 0.287383 0.0000 0.000704 0.000909 0.003025 0.004962 0.045399 -0.167990 40.7944888783 -218.6008222933 49.28738
S062 17DEC13 2017.9493 58100 1979 3 141.4 -69 -0.397635 4517751 -0.116539 49 0.279825 0.0000 0.000705 0.000878 0.002995 -0.009925 0.029004 -0.194314 40.7944888556 -218.6008222861 49.27982
S062 17DEC14 2017.9521 58101 1979 4 141.4 -69 -0.398949 4517751 -0.114914 49 0.275480 0.0000 0.000730 0.000902 0.003080 0.000518 0.069730 -0.206069 40.7944888702 -218.6008223017 49.27548
S062 17DEC15 2017.9548 58102 1979 5 141.4 -69 -0.398146 4517751 -0.115642 49 0.280077 0.0000 0.000738 0.000934 0.003161 -0.019766 0.098472 -0.109997 40.7944888637 -218.6008222922 49.28008
S062 17DEC16 2017.9576 58103 1979 6 141.4 -69 -0.398436 4517751 -0.115851 49 0.280859 0.0000 0.000760 0.000939 0.003166 0.001167 0.096307 -0.156740 40.7944888618 -218.6008222956 49.28086
S062 17DEC17 2017.9603 58104 1980 0 141.4 -69 -0.397030 4517751 -0.116981 49 0.276180 0.0000 0.000725 0.000908 0.003095 -0.000549 0.064368 -0.168199 40.7944888516 -218.6008222790 49.27618
S062 17DEC18 2017.9630 58105 1980 1 141.4 -69 -0.397701 4517751 -0.115946 49 0.280269 0.0000 0.000745 0.000924 0.003121 -0.012725 0.085795 -0.155937 40.7944888610 -218.6008222869 49.28027
S062 17DEC19 2017.9658 58106 1980 2 141.4 -69 -0.396302 4517751 -0.115233 49 0.269039 0.0000 0.000747 0.000919 0.003222 -0.014395 0.099219 -0.185931 40.7944888674 -218.6008222703 49.26904
S062 17DEC20 2017.9685 58107 1980 3 141.4 -69 -0.397428 4517751 -0.117362 49 0.277062 0.0000 0.000703 0.000898 0.003033 -0.001795 0.077284 -0.190216 40.7944888482 -218.6008222837 49.27706
S062 17DEC21 2017.9713 58108 1980 4 141.4 -69 -0.397885 4517751 -0.116873 49 0.279840 0.0000 0.000712 0.000913 0.003008 -0.032789 0.089495 -0.165924 40.7944888526 -218.6008222891 49.27984
S062 17DEC22 2017.9740 58109 1980 5 141.4 -69 -0.397740 4517751 -0.116108 49 0.282962 0.0000 0.000711 0.000913 0.003090 0.008767 0.066929 -0.176783 40.7944888595 -218.6008222874 49.28296
S062 17DEC23 2017.9767 58110 1980 6 141.4 -69 -0.398234 4517751 -0.116105 49 0.282125 0.0000 0.000696 0.000881 0.002960 -0.015282 0.085219 -0.195828 40.7944888595 -218.6008222932 49.28212
S062 17DEC24 2017.9795 58111 1981 0 141.4 -69 -0.396472 4517751 -0.116835 49 0.286844 0.0000 0.000732 0.000919 0.003123 -0.013812 0.081875 -0.191546 40.7944888530 -218.6008222723 49.28684
S062 17DEC25 2017.9822 58112 1981 1 141.4 -69 -0.394942 4517751 -0.119926 49 0.286559 0.0000 0.000737 0.000928 0.003216 0.026017 0.027816 -0.182659 40.7944888251 -218.6008222542 49.28656
S062 17DEC26 2017.9849 58113 1981 2 141.4 -69 -0.395878 4517751 -0.117214 49 0.287074 0.0000 0.000731 0.000908 0.003097 -0.026806 0.088366 -0.178477 40.7944888495 -218.6008222653 49.28707
S062 17DEC27 2017.9877 58114 1981 3 141.4 -69 -0.395357 4517751 -0.116256 49 0.288625 0.0000 0.000725 0.000892 0.002984 -0.006678 0.103077 -0.126611 40.7944888582 -218.6008222591 49.28863
S062 17DEC28 2017.9904 58115 1981 4 141.4 -69 -0.397362 4517751 -0.117139 49 0.286012 0.0000 0.000721 0.000916 0.003128 -0.009477 0.102745 -0.141160 40.7944888502 -218.6008222829 49.28601
S062 17DEC29 2017.9932 58116 1981 5 141.4 -69 -0.398244 4517751 -0.117108 49 0.281323 0.0000 0.000707 0.000891 0.002956 0.002266 0.081216 -0.180045 40.7944888505 -218.6008222933 49.28132
S062 17DEC30 2017.9959 58117 1981 6 141.4 -69 -0.398159 4517751 -0.116796 49 0.279429 0.0000 0.000730 0.000914 0.003026 -0.030127 0.080732 -0.190242 40.7944888533 -218.6008222923 49.27943
S062 17DEC31 2017.9986 58118 1982 0 141.4 -69 -0.397733 4517751 -0.117121 49 0.284574 0.0000 0.000706 0.000897 0.003006 -0.014638 0.120322 -0.184056 40.7944888504 -218.6008222873 49.28457
S062 18JAN01 2018.0014 58119 1982 1 141.4 -69 -0.396933 4517751 -0.117262 49 0.281950 0.0000 0.000727 0.000891 0.003029 0.017192 0.084004 -0.181908 40.7944888491 -218.6008222778 49.28195
S062 18JAN02 2018.0041 58120 1982 2 141.4 -69 -0.396820 4517751 -0.117045 49 0.279684 0.0000 0.000738 0.000918 0.003124 -0.002557 0.068092 -0.143219 40.7944888511 -218.6008222765 49.27968
S062 18JAN03 2018.0068 58121 1982 3 141.4 -69 -0.396357 4517751 -0.117987 49 0.281820 0.0000 0.000719 0.000891 0.003016 -0.014725 0.109712 -0.195131 40.7944888426 -218.6008222710 49.28182
S062 18JAN04 2018.0096 58122 1982 4 141.4 -69 -0.398861 4517751 -0.118067 49 0.284265 0.0000 0.000702 0.000885 0.002948 0.007390 0.080848 -0.140356 40.7944888419 -218.6008223006 49.28426
S062 18JAN05 2018.0123 58123 1982 5 141.4 -69 -0.397933 4517751 -0.118357 49 0.285622 0.0000 0.000719 0.000896 0.003031 -0.009553 0.052769 -0.165255 40.7944888392 -218.6008222897 49.28562
S062 18JAN06 2018.0151 58124 1982 6 141.4 -69 -0.396145 4517751 -0.121292 49 0.285539 0.0000 0.000701 0.000915 0.002977 -0.015588 0.075321 -0.190773 40.7944888128 -218.6008222685 49.28554
S062 18JAN07 2018.0178 58125 1983 0 141.4 -69 -0.396209 4517751 -0.120201 49 0.277932 0.0000 0.000746 0.000918 0.003213 -0.034357 0.116074 -0.208171 40.7944888226 -218.6008222692 49.27793
S062 18JAN08 2018.0205 58126 1983 1 141.4 -69 -0.395114 4517751 -0.119369 49 0.286619 0.0000 0.000719 0.000916 0.003030 -0.006838 0.075241 -0.209742 40.7944888301 -218.6008222562 49.28662
S062 18JAN09 2018.0233 58127 1983 2 141.4 -69 -0.395780 4517751 -0.116200 49 0.288433 0.0000 0.000727 0.000901 0.003080 -0.024235 0.091595 -0.137096 40.7944888587 -218.6008222641 49.28843
S062 18JAN10 2018.0260 58128 1983 3 141.4 -69 -0.397595 4517751 -0.118366 49 0.284858 0.0000 0.000700 0.000882 0.002971 -0.012184 0.070464 -0.163300 40.7944888392 -218.6008222856 49.28486
S062 18JAN11 2018.0287 58129 1983 4 141.4 -69 -0.397072 4517751 -0.117057 49 0.279008 0.0000 0.000709 0.000898 0.003054 -0.018332 0.080408 -0.195816 40.7944888510 -218.6008222794 49.27901
S062 18JAN12 2018.0315 58130 1983 5 141.4 -69 -0.396379 4517751 -0.118029 49 0.286399 0.0000 0.000702 0.000890 0.002992 0.002374 0.076165 -0.178635 40.7944888422 -218.6008222712 49.28640
S062 18JAN13 2018.0342 58131 1983 6 141.4 -69 -0.398163 4517751 -0.117366 49 0.280519 0.0000 0.000708 0.000891 0.002962 0.001064 0.061352 -0.202853 40.7944888482 -218.6008222924 49.28052
S062 18JAN14 2018.0370 58132 1984 0 141.4 -69 -0.396727 4517751 -0.118404 49 0.284821 0.0000 0.000697 0.000894 0.003003 -0.017839 0.095186 -0.182831 40.7944888388 -218.6008222754 49.28482
S062 18JAN15 2018.0397 58133 1984 1 141.4 -69 -0.396511 4517751 -0.118800 49 0.281314 0.0000 0.000712 0.000890 0.002991 -0.014667 0.063832 -0.167566 40.7944888353 -218.6008222728 49.28131
S062 18JAN16 2018.0424 58134 1984 2 141.4 -69 -0.396476 4517751 -0.118158 49 0.280421 0.0000 0.000707 0.000896 0.003005 -0.016610 0.068614 -0.168086 40.7944888410 -218.6008222724 49.28042
S062 18JAN17 2018.0452 58135 1984 3 141.4 -69 -0.396455 4517751 -0.119107 49 0.279592 0.0000 0.000690 0.000887 0.002986 -0.009092 0.066936 -0.228008 40.7944888325 -218.6008222721 49.27959
S062 18JAN18 2018.0479 58136 1984 4 141.4 -69 -0.395548 4517751 -0.121113 49 0.279054 0.0000 0.000711 0.000879 0.002948 -0.008313 0.066179 -0.208882 40.7944888144 -218.6008222614 49.27905
S062 18JAN19 2018.0507 58137 1984 5 141.4 -69 -0.396843 4517751 -0.118788 49 0.279675 0.0000 0.000710 0.000884 0.003006 -0.010556 0.043959 -0.206439 40.7944888354 -218.6008222767 49.27967
S062 18JAN20 2018.0534 58138 1984 6 141.4 -69 -0.395840 4517751 -0.119863 49 0.287325 0.0000 0.000722 0.000888 0.002982 -0.007751 0.078407 -0.181491 40.7944888257 -218.6008222648 49.28733
S062 18JAN21 2018.0561 58139 1985 0 141.4 -69 -0.396303 4517751 -0.117144 49 0.280456 0.0000 0.000706 0.000909 0.003006 -0.004980 0.047167 -0.174985 40.7944888502 -218.6008222703 49.28046
S062 18JAN22 2018.0589 58140 1985 1 141.4 -69 -0.397450 4517751 -0.118513 49 0.282159 0.0000 0.000696 0.000889 0.002943 -0.015784 0.066939 -0.208453 40.7944888378 -218.6008222839 49.28216
S062 18JAN23 2018.0616 58141 1985 2 141.4 -69 -0.399134 4517751 -0.117610 49 0.284178 0.0000 0.000732 0.000902 0.003055 -0.017083 0.063107 -0.171623 40.7944888460 -218.6008223039 49.28418
S062 18JAN24 2018.0643 58142 1985 3 141.4 -69 -0.398362 4517751 -0.115530 49 0.279578 0.0000 0.000712 0.000904 0.003049 0.007140 0.070793 -0.205089 40.7944888647 -218.6008222947 49.27958
S062 18JAN25 2018.0671 58143 1985 4 141.4 -69 -0.396516 4517751 -0.118959 49 0.285520 0.0000 0.000722 0.000918 0.003085 0.015654 0.088557 -0.233765 40.7944888338 -218.6008222729 49.28552
S062 18JAN26 2018.0698 58144 1985 5 141.4 -69 -0.394901 4517751 -0.118118 49 0.284580 0.0000 0.000717 0.000914 0.003045 -0.004164 0.084257 -0.225731 40.7944888414 -218.6008222537 49.28458
S062 18JAN27 2018.0726 58145 1985 6 141.4 -69 -0.393802 4517751 -0.118585 49 0.288276 0.0000 0.000736 0.000937 0.003153 -0.009195 0.123961 -0.188497 40.7944888372 -218.6008222407 49.28828
S062 18JAN28 2018.0753 58146 1986 0 141.4 -69 -0.394269 4517751 -0.119856 49 0.280770 0.0000 0.000724 0.000905 0.003021 0.003634 0.105752 -0.186835 40.7944888257 -218.6008222462 49.28077
S062 18JAN29 2018.0780 58147 1986 1 141.4 -69 -0.395665 4517751 -0.120359 49 0.285101 0.0000 0.000715 0.000918 0.003069 -0.019569 0.110228 -0.207694 40.7944888212 -218.6008222628 49.28510
S062 18JAN30 2018.0808 58148 1986 2 141.4 -69 -0.396495 4517751 -0.119853 49 0.275408 0.0000 0.000718 0.000894 0.003013 -0.005515 0.090638 -0.196258 40.7944888258 -218.6008222726 49.27541
S062 18JAN31 2018.0835 58149 1986 3 141.4 -69 -0.395219 4517751 -0.119957 49 0.275047 0.0000 0.000730 0.000931 0.003140 -0.004932 0.097733 -0.189648 40.7944888248 -218.6008222575 49.27505
S062 18FEB01 2018.0862 58150 1986 4 141.4 -69 -0.395739 4517751 -0.119375 49 0.271167 0.0000 0.000739 0.000917 0.003115 -0.002440 0.073815 -0.203291 40.7944888301 -218.6008222637 49.27117
S062 18FEB02 2018.0890 58151 1986 5 141.4 -69 -0.394773 4517751 -0.119438 49 0.272100 0.0000 0.000742 0.000937 0.003228 -0.010859 0.099360 -0.173648 40.7944888295 -218.6008222522 49.27210
S062 18FEB03 2018.0917 58152 1986 6 141.4 -69 -0.396136 4517751 -0.121501 49 0.276929 0.0000 0.000739 0.000927 0.003100 -0.041785 0.066157 -0.191810 40.7944888109 -218.6008222684 49.27693
S062 18FEB04 2018.0945 58153 1987 0 141.4 -69 -0.393705 4517751 -0.119357 49 0.277314 0.0000 0.000722 0.000911 0.003061 -0.004027 0.055760 -0.146916 40.7944888302 -218.6008222395 49.27731
S062 18FEB05 2018.0972 58154 1987 1 141.4 -69 -0.396898 4517751 -0.119065 49 0.277243 0.0000 0.000746 0.000925 0.003096 -0.023231 0.068808 -0.130565 40.7944888329 -218.6008222774 49.27724
S062 18FEB06 2018.0999 58155 1987 2 141.4 -69 -0.394337 4517751 -0.119833 49 0.283529 0.0000 0.000727 0.000970 0.003197 0.022521 0.075990 -0.245873 40.7944888260 -218.6008222470 49.28353
S062 18FEB07 2018.1027 58156 1987 3 141.4 -69 -0.394344 4517751 -0.120422 49 0.279160 0.0000 0.000721 0.000940 0.003126 -0.007170 0.071961 -0.197346 40.7944888206 -218.6008222471 49.27916
S062 18FEB08 2018.1054 58157 1987 4 141.4 -69 -0.392675 4517751 -0.120769 49 0.282591 0.0000 0.000743 0.000960 0.003214 0.029456 0.022740 -0.224725 40.7944888175 -218.6008222273 49.28259
S062 18FEB09 2018.1081 58158 1987 5 141.4 -69 -0.396176 4517751 -0.120261 49 0.281314 0.0000 0.000718 0.000912 0.003056 0.014091 0.026786 -0.176365 40.7944888221 -218.6008222688 49.28131
S062 18FEB10 2018.1109 58159 1987 6 141.4 -69 -0.393673 4517751 -0.121067 49 0.285691 0.0000 0.000729 0.000918 0.003122 -0.008516 0.080794 -0.161691 40.7944888148 -218.6008222392 49.28569
S062 18FEB11 2018.1136 58160 1988 0 141.4 -69 -0.393165 4517751 -0.121014 49 0.287925 0.0000 0.000719 0.000911 0.003099 -0.022566 0.085269 -0.191804 40.7944888153 -218.6008222332 49.28792
S062 18FEB12 2018.1164 58161 1988 1 141.4 -69 -0.392138 4517751 -0.123334 49 0.280002 0.0000 0.000727 0.000921 0.003143 0.026532 0.136392 -0.164955 40.7944887944 -218.6008222210 49.28000
S062 18FEB13 2018.1191 58162 1988 2 141.4 -69 -0.391343 4517751 -0.123110 49 0.281605 0.0000 0.000802 0.001000 0.003354 -0.000409 0.061557 -0.167459 40.7944887965 -218.6008222116 49.28160
S062 18FEB14 2018.1218 58163 1988 3 141.4 -69 -0.393645 4517751 -0.123183 49 0.282167 0.0000 0.000772 0.000939 0.003290 -0.006098 0.077654 -0.230098 40.7944887958 -218.6008222388 49.28217
S062 18FEB15 2018.1246 58164 1988 4 141.4 -69 -0.391097 4517751 -0.120990 49 0.276297 0.0000 0.000727 0.000899 0.003033 -0.016109 0.132540 -0.164556 40.7944888155 -218.6008222086 49.27630
S062 18FEB16 2018.1273 58165 1988 5 141.4 -69 -0.392696 4517751 -0.122451 49 0.281568 0.0000 0.000712 0.000909 0.003056 0.006191 0.070153 -0.189348 40.7944888024 -218.6008222276 49.28157
S062 18FEB17 2018.1300 58166 1988 6 141.4 -69 -0.393328 4517751 -0.121737 49 0.279050 0.0000 0.000715 0.000934 0.003066 0.006564 0.085176 -0.228855 40.7944888088 -218.6008222351 49.27905
S062 18FEB18 2018.1328 58167 1989 0 141.4 -69 -0.393111 4517751 -0.122499 49 0.284859 0.0000 0.000712 0.000897 0.002962 -0.014021 0.122243 -0.187640 40.7944888019 -218.6008222325 49.28486
S062 18FEB19 2018.1355 58168 1989 1 141.4 -69 -0.393645 4517751 -0.122737 49 0.282717 0.0000 0.000731 0.000958 0.003183 -0.004241 0.057380 -0.149199 40.7944887998 -218.6008222388 49.28272
S062 18FEB20 2018.1383 58169 1989 2 141.4 -69 -0.393937 4517751 -0.123078 49 0.280330 0.0000 0.000716 0.000916 0.003029 0.005735 0.076697 -0.192310 40.7944887967 -218.6008222423 49.28033
S062 18FEB21 2018.1410 58170 1989 3 141.4 -69 -0.394327 4517751 -0.122939 49 0.279192 0.0000 0.000707 0.000900 0.002980 0.021763 0.088547 -0.167360 40.7944887980 -218.6008222469 49.27919
S062 18FEB22 2018.1437 58171 1989 4 141.4 -69 -0.393723 4517751 -0.123101 49 0.277291 0.0000 0.000704 0.000893 0.002946 -0.009571 0.092854 -0.189056 40.7944887965 -218.6008222398 49.27729
S062 18FEB23 2018.1465 58172 1989 5 141.4 -69 -0.392263 4517751 -0.122631 49 0.281353 0.0000 0.000745 0.000965 0.003262 -0.007930 0.094420 -0.220743 40.7944888008 -218.6008222225 49.28135
S062 18FEB24 2018.1492 58173 1989 6 141.4 -69 -0.396378 4517751 -0.121834 49 0.273009 0.0000 0.000728 0.000935 0.003169 -0.013461 0.119936 -0.225726 40.7944888079 -218.6008222712 49.27301
S062 18FEB25 2018.1520 58174 1990 0 141.4 -69 -0.394702 4517751 -0.123330 49 0.273106 0.0000 0.000713 0.000923 0.002984 -0.015251 0.086709 -0.168386 40.7944887945 -218.6008222514 49.27311
S062 18FEB26 2018.1547 58175 1990 1 141.4 -69 -0.395555 4517751 -0.122807 49 0.275605 0.0000 0.000713 0.000900 0.003046 -0.009639 0.099427 -0.191138 40.7944887992 -218.6008222615 49.27560
S062 18FEB27 2018.1574 58176 1990 2 141.4 -69 -0.395057 4517751 -0.124303 49 0.275756 0.0000 0.000718 0.000923 0.003140 -0.016864 0.125667 -0.226786 40.7944887857 -218.6008222556 49.27576
S062 18FEB28 2018.1602 58177 1990 3 141.4 -69 -0.392627 4517751 -0.124876 49 0.283900 0.0000 0.000708 0.000913 0.003010 -0.004093 0.070442 -0.164975 40.7944887805 -218.6008222268 49.28390
S062 18MAR01 2018.1629 58178 1990 4 141.4 -69 -0.391403 4517751 -0.124121 49 0.286474 0.0000 0.000751 0.000951 0.003291 -0.000339 0.097415 -0.143216 40.7944887873 -218.6008222123 49.28647
S062 18MAR02 2018.1656 58179 1990 5 141.4 -69 -0.391296 4517751 -0.121823 49 0.283568 0.0000 0.000743 0.000935 0.003112 -0.017996 0.084328 -0.130946 40.7944888080 -218.6008222110 49.28357
S062 18MAR03 2018.1684 58180 1990 6 141.4 -69 -0.393296 4517751 -0.124293 49 0.278797 0.0000 0.000719 0.000931 0.003101 -0.009689 0.084584 -0.199771 40.7944887858 -218.6008222347 49.27880
S062 18MAR04 2018.1711 58181 1991 0 141.4 -69 -0.393764 4517751 -0.123542 49 0.287344 0.0000 0.000720 0.000922 0.003049 -0.017196 0.117302 -0.186987 40.7944887926 -218.6008222402 49.28734
S062 18MAR05 2018.1739 58182 1991 1 141.4 -69 -0.393932 4517751 -0.121284 49 0.280087 0.0000 0.000705 0.000911 0.003001 -0.022363 0.084733 -0.181303 40.7944888129 -218.6008222422 49.28009
S062 18MAR06 2018.1766 58183 1991 2 141.4 -69 -0.394812 4517751 -0.122900 49 0.273819 0.0000 0.000710 0.000928 0.003049 -0.021317 0.062413 -0.176437 40.7944887983 -218.6008222527 49.27382
S062 18MAR07 2018.1793 58184 1991 3 141.4 -69 -0.394511 4517751 -0.122785 49 0.278377 0.0000 0.000720 0.000917 0.003087 -0.026995 0.107721 -0.207472 40.7944887994 -218.6008222491 49.27838
S062 18MAR08 2018.1821 58185 1991 4 141.4 -69 -0.394584 4517751 -0.125262 49 0.284703 0.0000 0.000722 0.000946 0.003057 -0.029139 0.066476 -0.198104 40.7944887771 -218.6008222500 49.28470
S062 18MAR09 2018.1848 58186 1991 5 141.4 -69 -0.393665 4517751 -0.124836 49 0.284704 0.0000 0.000733 0.000945 0.003135 -0.070245 0.115060 -0.216757 40.7944887809 -218.6008222391 49.28470
S062 18MAR10 2018.1875 58187 1991 6 141.4 -69 -0.394643 4517751 -0.125109 49 0.284016 0.0000 0.000707 0.000923 0.003057 -0.027584 0.086571 -0.236055 40.7944887784 -218.6008222507 49.28402
S062 18MAR11 2018.1903 58188 1992 0 141.4 -69 -0.394848 4517751 -0.125192 49 0.282987 0.0000 0.000695 0.000901 0.002943 -0.018160 0.087994 -0.205822 40.7944887777 -218.6008222531 49.28299
S062 18MAR12 2018.1930 58189 1992 1 141.4 -69 -0.394424 4517751 -0.124649 49 0.282877 0.0000 0.000699 0.000911 0.003009 -0.019294 0.099843 -0.233210 40.7944887826 -218.6008222481 49.28288
S062 18MAR13 2018.1958 58190 1992 2 141.4 -69 -0.396386 4517751 -0.124639 49 0.284696 0.0000 0.000706 0.000915 0.003000 -0.025014 0.087257 -0.197786 40.7944887827 -218.6008222713 49.28470
S062 18MAR14 2018.1985 58191 1992 3 141.4 -69 -0.394439 4517751 -0.124582 49 0.277305 0.0000 0.000697 0.000911 0.002938 -0.004882 0.081148 -0.169188 40.7944887832 -218.6008222482 49.27730
S062 18MAR15 2018.2012 58192 1992 4 141.4 -69 -0.396781 4517751 -0.123171 49 0.280656 0.0000 0.000737 0.000964 0.003242 0.003647 0.066268 -0.167702 40.7944887959 -218.6008222760 49.28066
S062 18MAR16 2018.2040 58193 1992 5 141.4 -69 -0.395097 4517751 -0.123728 49 0.279084 0.0000 0.000705 0.000910 0.002975 -0.008652 0.079593 -0.187813 40.7944887909 -218.6008222560 49.27908
S062 18MAR17 2018.2067 58194 1992 6 141.4 -69 -0.396076 4517751 -0.125091 49 0.276758 0.0000 0.000724 0.000951 0.003114 -0.042346 0.127713 -0.160154 40.7944887786 -218.6008222676 49.27676
S062 18MAR18 2018.2094 58195 1993 0 141.4 -69 -0.393548 4517751 -0.125058 49 0.278843 0.0000 0.000714 0.000937 0.003068 -0.032307 0.088381 -0.198018 40.7944887789 -218.6008222377 49.27884
S062 18MAR19 2018.2122 58196 1993 1 141.4 -69 -0.395785 4517751 -0.125882 49 0.277725 0.0000 0.000725 0.000917 0.003050 -0.007763 0.075844 -0.200347 40.7944887715 -218.6008222642 49.27773
S062 18MAR20 2018.2149 58197 1993 2 141.4 -69 -0.396357 4517751 -0.125017 49 0.283987 0.0000 0.000707 0.000918 0.003039 -0.028276 0.092017 -0.206615 40.7944887793 -218.6008222710 49.28399
S062 18MAR21 2018.2177 58198 1993 3 141.4 -69 -0.395713 4517751 -0.124299 49 0.288201 0.0000 0.000704 0.000894 0.002943 -0.033245 0.074447 -0.190111 40.7944887857 -218.6008222633 49.28820
S062 18MAR22 2018.2204 58199 1993 4 141.4 -69 -0.394311 4517751 -0.126262 49 0.284939 0.0000 0.000689 0.000902 0.002907 -0.049583 0.092304 -0.174820 40.7944887681 -218.6008222467 49.28494
S062 18MAR23 2018.2231 58200 1993 5 141.4 -69 -0.395729 4517751 -0.126453 49 0.283879 0.0000 0.000712 0.000904 0.003066 -0.042500 0.065177 -0.197688 40.7944887663 -218.6008222635 49.28388
S062 18MAR24 2018.2259 58201 1993 6 141.4 -69 -0.395557 4517751 -0.125928 49 0.284776 0.0000 0.000703 0.000873 0.002855 -0.064078 0.115333 -0.170004 40.7944887711 -218.6008222615 49.28478
S062 18MAR25 2018.2286 58202 1994 0 141.4 -69 -0.394854 4517751 -0.127204 49 0.285702 0.0000 0.000717 0.000890 0.003003 -0.027923 0.151913 -0.152948 40.7944887596 -218.6008222532 49.28570
S062 18MAR26 2018.2313 58203 1994 1 141.4 -69 -0.393988 4517751 -0.126827 49 0.287210 0.0000 0.000708 0.000885 0.003000 -0.049694 0.135133 -0.201009 40.7944887630 -218.6008222429 49.28721
S062 18MAR27 2018.2341 58204 1994 2 141.4 -69 -0.394400 4517751 -0.127626 49 0.286566 0.0000 0.000701 0.000897 0.003011 -0.014440 0.069213 -0.193125 40.7944887558 -218.6008222478 49.28657
S062 18MAR28 2018.2368 58205 1994 3 141.4 -69 -0.395540 4517751 -0.126531 49 0.284799 0.0000 0.000706 0.000889 0.002941 -0.036826 0.113659 -0.165361 40.7944887656 -218.6008222613 49.28480
S062 18MAR29 2018.2396 58206 1994 4 141.4 -69 -0.396203 4517751 -0.125472 49 0.281402 0.0000 0.000702 0.000900 0.002931 -0.036270 0.083046 -0.140652 40.7944887752 -218.6008222691 49.28140
S062 18MAR30 2018.2423 58207 1994 5 141.4 -69 -0.394899 4517751 -0.126838 49 0.286980 0.0000 0.000696 0.000893 0.002983 -0.023122 0.060964 -0.203894 40.7944887629 -218.6008222537 49.28698
S062 18MAR31 2018.2450 58208 1994 6 141.4 -69 -0.395730 4517751 -0.125382 49 0.285288 0.0000 0.000694 0.000882 0.002872 -0.049235 0.103235 -0.186729 40.7944887760 -218.6008222635 49.28529
S062 18APR01 2018.2478 58209 1995 0 141.4 -69 -0.395254 4517751 -0.126118 49 0.282439 0.0000 0.000694 0.000894 0.002947 -0.021661 0.088437 -0.185885 40.7944887694 -218.6008222579 49.28244
S062 18APR02 2018.2505 58210 1995 1 141.4 -69 -0.396465 4517751 -0.125199 49 0.279757 0.0000 0.000705 0.000911 0.002964 -0.044879 0.064058 -0.186551 40.7944887776 -218.6008222723 49.27976
S062 18APR03 2018.2533 58211 1995 2 141.4 -69 -0.395143 4517751 -0.125952 49 0.286242 0.0000 0.000692 0.000895 0.002865 -0.064853 0.106523 -0.162301 40.7944887709 -218.6008222566 49.28624
S062 18APR04 2018.2560 58212 1995 3 141.4 -69 -0.394049 4517751 -0.125878 49 0.288969 0.0000 0.000706 0.000897 0.003006 -0.053477 0.096058 -0.201966 40.7944887715 -218.6008222436 49.28897
S062 18APR05 2018.2587 58213 1995 4 141.4 -69 -0.394356 4517751 -0.125422 49 0.284029 0.0000 0.000721 0.000927 0.003074 -0.029464 0.107678 -0.167966 40.7944887756 -218.6008222473 49.28403
S062 18APR06 2018.2615 58214 1995 5 141.4 -69 -0.395942 4517751 -0.126410 49 0.285764 0.0000 0.000725 0.000914 0.003008 -0.000021 0.114961 -0.150396 40.7944887667 -218.6008222661 49.28576
S062 18APR07 2018.2642 58215 1995 6 141.4 -69 -0.393672 4517751 -0.126437 49 0.283458 0.0000 0.000697 0.000883 0.002924 -0.040499 0.088350 -0.202886 40.7944887665 -218.6008222392 49.28346
S062 18APR08 2018.2669 58216 1996 0 141.4 -69 -0.395378 4517751 -0.127050 49 0.285569 0.0000 0.000705 0.000897 0.002971 -0.054245 0.120505 -0.210767 40.7944887610 -218.6008222594 49.28557
S062 18APR09 2018.2697 58217 1996 1 141.4 -69 -0.393790 4517751 -0.125797 49 0.281559 0.0000 0.000707 0.000916 0.003010 -0.062340 0.100836 -0.182119 40.7944887723 -218.6008222406 49.28156
S062 18APR10 2018.2724 58218 1996 2 141.4 -69 -0.393167 4517751 -0.125045 49 0.281577 0.0000 0.000700 0.000907 0.002987 -0.067327 0.109266 -0.208400 40.7944887790 -218.6008222332 49.28158
S062 18APR11 2018.2752 58219 1996 3 141.4 -69 -0.391639 4517751 -0.125263 49 0.280891 0.0000 0.000729 0.000925 0.003102 -0.055958 0.134132 -0.151199 40.7944887771 -218.6008222151 49.28089
S062 18APR12 2018.2779 58220 1996 4 141.4 -69 -0.394958 4517751 -0.126662 49 0.277646 0.0000 0.000742 0.000962 0.003213 -0.086075 0.129694 -0.202420 40.7944887645 -218.6008222544 49.27765
S062 18APR13 2018.2806 58221 1996 5 141.4 -69 -0.395900 4517751 -0.125558 49 0.278705 0.0000 0.000710 0.000937 0.003032 -0.075448 0.090225 -0.153448 40.7944887744 -218.6008222656 49.27870
S062 18APR14 2018.2834 58222 1996 6 141.4 -69 -0.394823 4517751 -0.126655 49 0.281445 0.0000 0.000697 0.000896 0.002953 -0.056553 0.087375 -0.184445 40.7944887645 -218.6008222528 49.28145
S062 18APR15 2018.2861 58223 1997 0 141.4 -69 -0.392636 4517751 -0.125037 49 0.284396 0.0000 0.000726 0.000907 0.003103 -0.070913 0.106484 -0.230153 40.7944887791 -218.6008222269 49.28440
S062 18APR16 2018.2888 58224 1997 1 141.4 -69 -0.394580 4517751 -0.126822 49 0.280205 0.0000 0.000690 0.000880 0.002905 -0.055232 0.089935 -0.211939 40.7944887630 -218.6008222499 49.28021
S062 18APR17 2018.2916 58225 1997 2 141.4 -69 -0.393516 4517751 -0.126490 49 0.279884 0.0000 0.000704 0.000912 0.003005 -0.060815 0.087930 -0.206392 40.7944887660 -218.6008222373 49.27988
S062 18APR18 2018.2943 58226 1997 3 141.4 -69 -0.394592 4517751 -0.126559 49 0.284536 0.0000 0.000713 0.000927 0.003084 -0.052451 0.082793 -0.223227 40.7944887654 -218.6008222501 49.28454
S062 18APR19 2018.2971 58227 1997 4 141.4 -69 -0.394223 4517751 -0.126158 49 0.285356 0.0000 0.000706 0.000906 0.003067 -0.063272 0.089980 -0.216574 40.7944887690 -218.6008222457 49.28536
S062 18APR20 2018.2998 58228 1997 5 141.4 -69 -0.393525 4517751 -0.126659 49 0.282879 0.0000 0.000704 0.000914 0.003057 -0.054961 0.059417 -0.176993 40.7944887645 -218.6008222374 49.28288
S062 18APR21 2018.3025 58229 1997 6 141.4 -69 -0.393503 4517751 -0.127688 49 0.288317 0.0000 0.000716 0.000921 0.003094 -0.064490 0.090073 -0.184214 40.7944887552 -218.6008222372 49.28832
S062 18APR22 2018.3053 58230 1998 0 141.4 -69 -0.394811 4517751 -0.125716 49 0.281049 0.0000 0.000692 0.000894 0.002925 -0.057671 0.104591 -0.173077 40.7944887730 -218.6008222527 49.28105
S062 18APR23 2018.3080 58231 1998 1 141.4 -69 -0.394298 4517751 -0.125731 49 0.282544 0.0000 0.000698 0.000903 0.002985 -0.048098 0.086262 -0.178479 40.7944887728 -218.6008222466 49.28254
S062 18APR24 2018.3107 58232 1998 2 141.4 -69 -0.394357 4517751 -0.126340 49 0.284448 0.0000 0.000691 0.000895 0.002921 -0.067573 0.068966 -0.229072 40.7944887674 -218.6008222473 49.28445
S062 18APR25 2018.3135 58233 1998 3 141.4 -69 -0.394720 4517751 -0.125912 49 0.287028 0.0000 0.000713 0.000926 0.003099 -0.071229 0.104889 -0.224811 40.7944887712 -218.6008222516 49.28703
S062 18APR26 2018.3162 58234 1998 4 141.4 -69 -0.393349 4517751 -0.124959 49 0.282782 0.0000 0.000712 0.000905 0.003023 -0.053890 0.116001 -0.195524 40.7944887798 -218.6008222353 49.28278
S062 18APR27 2018.3190 58235 1998 5 141.4 -69 -0.394736 4517751 -0.127851 49 0.282744 0.0000 0.000721 0.000924 0.003030 -0.045812 0.077016 -0.156805 40.7944887538 -218.6008222518 49.28274
S062 18APR28 2018.3217 58236 1998 6 141.4 -69 -0.392889 4517751 -0.125699 49 0.281762 0.0000 0.000713 0.000901 0.003023 -0.062333 0.084926 -0.208197 40.7944887731 -218.6008222299 49.28176
S062 18APR29 2018.3244 58237 1999 0 141.4 -69 -0.394344 4517751 -0.125150 49 0.281471 0.0000 0.000720 0.000909 0.003022 -0.054262 0.080621 -0.173271 40.7944887781 -218.6008222471 49.28147
S062 18APR30 2018.3272 58238 1999 1 141.4 -69 -0.397258 4517751 -0.126530 49 0.279636 0.0000 0.000740 0.000941 0.003207 -0.040621 0.075806 -0.122764 40.7944887657 -218.6008222816 49.27964
S062 18MAY01 2018.3299 58239 1999 2 141.4 -69 -0.395404 4517751 -0.125798 49 0.279814 0.0000 0.000752 0.000970 0.003211 0.016910 0.040301 -0.138354 40.7944887722 -218.6008222597 49.27981
S062 18MAY02 2018.3326 58240 1999 3 141.4 -69 -0.393887 4517751 -0.127110 49 0.286354 0.0000 0.000695 0.000902 0.002913 -0.068793 0.099761 -0.152951 40.7944887604 -218.6008222417 49.28635
S062 18MAY03 2018.3354 58241 1999 4 141.4 -69 -0.392917 4517751 -0.127723 49 0.285179 0.0000 0.000739 0.000927 0.003134 -0.056434 0.050895 -0.190545 40.7944887549 -218.6008222302 49.28518
S062 18MAY04 2018.3381 58242 1999 5 141.4 -69 -0.393960 4517751 -0.128009 49 0.289020 0.0000 0.000730 0.000933 0.003173 -0.058066 0.098693 -0.227273 40.7944887523 -218.6008222426 49.28902
S062 18MAY05 2018.3409 58243 1999 6 141.4 -69 -0.393596 4517751 -0.127647 49 0.286857 0.0000 0.000704 0.000909 0.003032 -0.056142 0.091814 -0.212066 40.7944887556 -218.6008222383 49.28686
S062 18MAY06 2018.3436 58244 2000 0 141.4 -69 -0.393362 4517751 -0.127105 49 0.286368 0.0000 0.000721 0.000919 0.003162 -0.049094 0.100147 -0.204336 40.7944887605 -218.6008222355 49.28637
S062 18MAY07 2018.3463 58245 2000 1 141.4 -69 -0.394671 4517751 -0.126499 49 0.287094 0.0000 0.000707 0.000901 0.003011 -0.040619 0.098986 -0.182411 40.7944887659 -218.6008222510 49.28709
S062 18MAY08 2018.3491 58246 2000 2 141.4 -69 -0.393628 4517751 -0.127009 49 0.283868 0.0000 0.000717 0.000920 0.003080 -0.091015 0.094574 -0.202912 40.7944887613 -218.6008222386 49.28387
S062 18MAY09 2018.3518 58247 2000 3 141.4 -69 -0.394204 4517751 -0.126960 49 0.284956 0.0000 0.000709 0.000898 0.002990 -0.069467 0.085093 -0.181604 40.7944887618 -218.6008222455 49.28496
S062 18MAY10 2018.3546 58248 2000 4 141.4 -69 -0.396151 4517751 -0.127100 49 0.283642 0.0000 0.000713 0.000915 0.003088 -0.084692 0.092787 -0.198154 40.7944887605 -218.6008222685 49.28364
S062 18MAY11 2018.3573 58249 2000 5 141.4 -69 -0.394625 4517751 -0.128701 49 0.288369 0.0000 0.000726 0.000952 0.003173 -0.062190 0.120513 -0.176304 40.7944887461 -218.6008222504 49.28837
S062 18MAY12 2018.3600 58250 2000 6 141.4 -69 -0.392586 4517751 -0.127355 49 0.279592 0.0000 0.000716 0.000929 0.003148 -0.047609 0.100652 -0.192154 40.7944887582 -218.6008222263 49.27959
S062 18MAY13 2018.3628 58251 2001 0 141.4 -69 -0.393264 4517751 -0.126998 49 0.288498 0.0000 0.000731 0.000932 0.003201 -0.065941 0.105505 -0.238980 40.7944887614 -218.6008222343 49.28850
S062 18MAY14 2018.3655 58252 2001 1 141.4 -69 -0.390479 4517751 -0.128224 49 0.285263 0.0000 0.000712 0.000907 0.003006 -0.087077 0.093840 -0.157432 40.7944887504 -218.6008222013 49.28526
S062 18MAY15 2018.3682 58253 2001 2 141.4 -69 -0.395727 4517751 -0.126735 49 0.291289 0.0000 0.000716 0.000921 0.003104 -0.062313 0.071595 -0.194478 40.7944887638 -218.6008222635 49.29129
S062 18MAY16 2018.3710 58254 2001 3 141.4 -69 -0.393598 4517751 -0.128429 49 0.283083 0.0000 0.000732 0.000954 0.003293 -0.050635 0.105739 -0.210656 40.7944887486 -218.6008222383 49.28308
S062 18MAY17 2018.3737 58255 2001 4 141.4 -69 -0.393854 4517751 -0.127851 49 0.290079 0.0000 0.000726 0.000945 0.003227 -0.061465 0.071556 -0.223831 40.7944887538 -218.6008222413 49.29008
S062 18MAY18 2018.3765 58256 2001 5 141.4 -69 -0.394653 4517751 -0.130187 49 0.291118 0.0000 0.000741 0.000983 0.003298 -0.068165 0.075229 -0.147857 40.7944887327 -218.6008222508 49.29112
S062 18MAY19 2018.3792 58257 2001 6 141.4 -69 -0.393888 4517751 -0.127697 49 0.285634 0.0000 0.000728 0.000914 0.003127 -0.078351 0.089755 -0.165194 40.7944887551 -218.6008222417 49.28563
S062 18MAY20 2018.3819 58258 2002 0 141.4 -69 -0.393270 4517751 -0.129097 49 0.289204 0.0000 0.000728 0.000947 0.003195 -0.091691 0.122239 -0.234476 40.7944887425 -218.6008222344 49.28920
S062 18MAY21 2018.3847 58259 2002 1 141.4 -69 -0.393053 4517751 -0.129811 49 0.293789 0.0000 0.000721 0.000919 0.003080 -0.094029 0.126077 -0.118902 40.7944887361 -218.6008222318 49.29379
S062 18MAY22 2018.3874 58260 2002 2 141.4 -69 -0.392880 4517751 -0.126884 49 0.285825 0.0000 0.000715 0.000945 0.003188 -0.078155 0.118077 -0.232289 40.7944887625 -218.6008222298 49.28582
S062 18MAY23 2018.3901 58261 2002 3 141.4 -69 -0.393450 4517751 -0.128300 49 0.292038 0.0000 0.000710 0.000918 0.003093 -0.082831 0.104864 -0.176813 40.7944887497 -218.6008222365 49.29204
S062 18MAY24 2018.3929 58262 2002 4 141.4 -69 -0.394264 4517751 -0.128537 49 0.287938 0.0000 0.000705 0.000897 0.002978 -0.076379 0.118300 -0.181327 40.7944887476 -218.6008222462 49.28794
S062 18MAY25 2018.3956 58263 2002 5 141.4 -69 -0.393758 4517751 -0.127000 49 0.285608 0.0000 0.000723 0.000934 0.003137 -0.084399 0.134880 -0.208825 40.7944887614 -218.6008222402 49.28561
S062 18MAY26 2018.3984 58264 2002 6 141.4 -69 -0.393358 4517751 -0.127539 49 0.290691 0.0000 0.000740 0.000940 0.003209 -0.109126 0.143509 -0.160317 40.7944887566 -218.6008222354 49.29069
S062 18MAY27 2018.4011 58265 2003 0 141.4 -69 -0.393353 4517751 -0.128008 49 0.287707 0.0000 0.000701 0.000892 0.002982 -0.060432 0.146192 -0.178386 40.7944887523 -218.6008222354 49.28771
S062 18MAY28 2018.4038 58266 2003 1 141.4 -69 -0.392798 4517751 -0.128004 49 0.286185 0.0000 0.000726 0.000973 0.003213 -0.066764 0.121827 -0.103087 40.7944887524 -218.6008222288 49.28619
S062 18MAY29 2018.4066 58267 2003 2 141.4 -69 -0.393558 4517751 -0.127998 49 0.287927 0.0000 0.000740 0.000931 0.003172 -0.067128 0.084275 -0.170721 40.7944887524 -218.6008222378 49.28793
S062 18MAY30 2018.4093 58268 2003 3 141.4 -69 -0.392396 4517751 -0.129943 49 0.285113 0.0000 0.000730 0.000952 0.003128 -0.069527 0.075806 -0.089488 40.7944887349 -218.6008222240 49.28511
S062 18MAY31 2018.4120 58269 2003 4 141.4 -69 -0.392898 4517751 -0.128666 49 0.290762 0.0000 0.000735 0.000957 0.003250 -0.066236 0.116279 -0.220758 40.7944887464 -218.6008222300 49.29076
S062 18JUN01 2018.4148 58270 2003 5 141.4 -69 -0.392949 4517751 -0.128866 49 0.287706 0.0000 0.000732 0.000935 0.003162 -0.075330 0.138921 -0.164128 40.7944887446 -218.6008222306 49.28771
S062 18JUN02 2018.4175 58271 2003 6 141.4 -69 -0.391714 4517751 -0.128065 49 0.293121 0.0000 0.000726 0.000934 0.003240 -0.076031 0.147002 -0.182323 40.7944887518 -218.6008222160 49.29312
S062 18JUN03 2018.4203 58272 2004 0 141.4 -69 -0.393948 4517751 -0.127793 49 0.291768 0.0000 0.000686 0.000906 0.002953 -0.062228 0.113245 -0.152569 40.7944887543 -218.6008222424 49.29177
S062 18JUN04 2018.4230 58273 2004 1 141.4 -69 -0.393210 4517751 -0.127916 49 0.289835 0.0000 0.000703 0.000928 0.003015 -0.058489 0.118225 -0.153473 40.7944887532 -218.6008222337 49.28984
S062 18JUN05 2018.4257 58274 2004 2 141.4 -69 -0.393188 4517751 -0.127307 49 0.291506 0.0000 0.000738 0.000952 0.003222 -0.075937 0.085532 -0.116345 40.7944887587 -218.6008222334 49.29151
S062 18JUN06 2018.4285 58275 2004 3 141.4 -69 -0.393543 4517751 -0.127588 49 0.287106 0.0000 0.000740 0.000965 0.003286 -0.036551 0.137961 -0.179698 40.7944887561 -218.6008222376 49.28711
S062 18JUN07 2018.4312 58276 2004 4 141.4 -69 -0.393797 4517751 -0.126974 49 0.288997 0.0000 0.000719 0.000944 0.003167 -0.060116 0.071874 -0.212288 40.7944887617 -218.6008222406 49.28900
S062 18JUN08 2018.4339 58277 2004 5 141.4 -69 -0.393738 4517751 -0.126456 49 0.287784 0.0000 0.000733 0.000963 0.003302 -0.077899 0.167729 -0.138387 40.7944887663 -218.6008222399 49.28778
S062 18JUN09 2018.4367 58278 2004 6 141.4 -69 -0.392964 4517751 -0.128518 49 0.290095 0.0000 0.000734 0.000951 0.003174 -0.035306 0.087785 -0.159355 40.7944887478 -218.6008222308 49.29009
S062 18JUN10 2018.4394 58279 2005 0 141.4 -69 -0.391806 4517751 -0.127769 49 0.288598 0.0000 0.000685 0.000893 0.002951 -0.047798 0.106503 -0.143737 40.7944887545 -218.6008222170 49.28860
S062 18JUN11 2018.4422 58280 2005 1 141.4 -69 -0.391872 4517751 -0.128280 49 0.290006 0.0000 0.000700 0.000908 0.003018 -0.072164 0.093175 -0.192047 40.7944887499 -218.6008222178 49.29001
S062 18JUN12 2018.4449 58281 2005 2 141.4 -69 -0.392982 4517751 -0.126893 49 0.288218 0.0000 0.000740 0.000957 0.003352 -0.061634 0.081848 -0.224707 40.7944887624 -218.6008222310 49.28822
S062 18JUN13 2018.4476 58282 2005 3 141.4 -69 -0.392297 4517751 -0.127950 49 0.288563 0.0000 0.000776 0.000983 0.003254 -0.108505 0.037132 -0.189880 40.7944887529 -218.6008222229 49.28856
S062 18JUN14 2018.4504 58283 2005 4 141.4 -69 -0.393112 4517751 -0.127953 49 0.286723 0.0000 0.000701 0.000912 0.003071 -0.053894 0.076082 -0.201425 40.7944887528 -218.6008222325 49.28672
S062 18JUN15 2018.4531 58284 2005 5 141.4 -69 -0.393072 4517751 -0.127592 49 0.288033 0.0000 0.000721 0.000933 0.003156 -0.077955 0.126278 -0.178601 40.7944887561 -218.6008222321 49.28803
S062 18JUN16 2018.4559 58285 2005 6 141.4 -69 -0.392203 4517751 -0.128537 49 0.290084 0.0000 0.000698 0.000899 0.002965 -0.070514 0.127387 -0.124114 40.7944887476 -218.6008222217 49.29008
S062 18JUN17 2018.4586 58286 2006 0 141.4 -69 -0.392917 4517751 -0.127687 49 0.290644 0.0000 0.000716 0.000959 0.003156 -0.046930 0.088778 -0.161088 40.7944887552 -218.6008222302 49.29064
S062 18JUN18 2018.4613 58287 2006 1 141.4 -69 -0.392595 4517751 -0.129580 49 0.298733 0.0000 0.000722 0.000925 0.003184 -0.057118 0.148079 -0.207806 40.7944887382 -218.6008222264 49.29873
S062 18JUN19 2018.4641 58288 2006 2 141.4 -69 -0.392985 4517751 -0.127688 49 0.292365 0.0000 0.000739 0.000941 0.003212 -0.074773 0.103698 -0.158800 40.7944887552 -218.6008222310 49.29236
S062 18JUN20 2018.4668 58289 2006 3 141.4 -69 -0.391894 4517751 -0.130699 49 0.293179 0.0000 0.000700 0.000938 0.003078 -0.052132 0.127305 -0.165359 40.7944887281 -218.6008222181 49.29318
S062 18JUN21 2018.4695 58290 2006 4 141.4 -69 -0.391189 4517751 -0.129776 49 0.295241 0.0000 0.000764 0.000977 0.003352 -0.062824 0.111588 -0.210520 40.7944887364 -218.6008222097 49.29524
S062 18JUN22 2018.4723 58291 2006 5 141.4 -69 -0.391872 4517751 -0.128524 49 0.307929 0.0000 0.000794 0.001018 0.003427 -0.063101 0.138332 -0.180935 40.7944887477 -218.6008222178 49.30793
S062 18JUN23 2018.4750 58292 2006 6 141.4 -69 -0.393243 4517751 -0.128752 49 0.297044 0.0000 0.000752 0.000972 0.003358 -0.092054 0.161996 -0.233033 40.7944887456 -218.6008222341 49.29704
S062 18JUN24 2018.4778 58293 2007 0 141.4 -69 -0.389142 4517751 -0.127997 49 0.290518 0.0000 0.000710 0.000926 0.003091 -0.074900 0.133170 -0.198641 40.7944887524 -218.6008221855 49.29052
S062 18JUN25 2018.4805 58294 2007 1 141.4 -69 -0.391937 4517751 -0.126385 49 0.289599 0.0000 0.000774 0.001015 0.003404 -0.123940 0.127325 -0.243453 40.7944887670 -218.6008222186 49.28960
S062 18JUN26 2018.4832 58295 2007 2 141.4 -69 -0.392943 4517751 -0.129212 49 0.294216 0.0000 0.000725 0.000936 0.003184 -0.041877 0.113576 -0.201588 40.7944887415 -218.6008222305 49.29422
S062 18JUN27 2018.4860 58296 2007 3 141.4 -69 -0.392827 4517751 -0.128474 49 0.297334 0.0000 0.000751 0.000948 0.003288 -0.068427 0.109536 -0.199920 40.7944887481 -218.6008222291 49.29733
S062 18JUN28 2018.4887 58297 2007 4 141.4 -69 -0.392854 4517751 -0.128593 49 0.296253 0.0000 0.000754 0.000959 0.003281 -0.075037 0.079495 -0.201518 40.7944887471 -218.6008222295 49.29625
S062 18JUN29 2018.4914 58298 2007 5 141.4 -69 -0.394149 4517751 -0.127573 49 0.302938 0.0000 0.000772 0.000976 0.003505 -0.062441 0.176509 -0.240600 40.7944887563 -218.6008222448 49.30294
S062 18JUN30 2018.4942 58299 2007 6 141.4 -69 -0.392938 4517751 -0.129742 49 0.295001 0.0000 0.000751 0.000970 0.003319 -0.066923 0.077004 -0.185438 40.7944887367 -218.6008222305 49.29500
S062 18JUL01 2018.4969 58300 2008 0 141.4 -69 -0.392267 4517751 -0.129593 49 0.292703 0.0000 0.000759 0.000993 0.003264 -0.023622 0.103935 -0.160895 40.7944887381 -218.6008222225 49.29270
S062 18JUL02 2018.4997 58301 2008 1 141.4 -69 -0.392786 4517751 -0.130213 49 0.291912 0.0000 0.000738 0.000977 0.003226 -0.072501 0.138631 -0.191634 40.7944887325 -218.6008222287 49.29191
S062 18JUL03 2018.5024 58302 2008 2 141.4 -69 -0.389921 4517751 -0.128711 49 0.292445 0.0000 0.000784 0.000976 0.003289 -0.150869 0.154231 -0.134093 40.7944887460 -218.6008221947 49.29244
S062 18JUL04 2018.5051 58303 2008 3 141.4 -69 -0.390441 4517751 -0.129466 49 0.297772 0.0000 0.000743 0.000977 0.003272 -0.097166 0.140824 -0.169050 40.7944887392 -218.6008222009 49.29777
S062 18JUL05 2018.5079 58304 2008 4 141.4 -69 -0.392309 4517751 -0.126557 49 0.286424 0.0000 0.000687 0.000883 0.002893 -0.090182 0.124835 -0.181577 40.7944887654 -218.6008222230 49.28642
S062 18JUL06 2018.5106 58305 2008 5 141.4 -69 -0.391763 4517751 -0.128122 49 0.287985 0.0000 0.000758 0.000977 0.003237 -0.053795 0.043473 -0.166564 40.7944887513 -218.6008222165 49.28799
S062 18JUL07 2018.5133 58306 2008 6 141.4 -69 -0.391574 4517751 -0.127781 49 0.285398 0.0000 0.000723 0.000926 0.003185 -0.115529 0.196718 -0.248666 40.7944887544 -218.6008222143 49.28540
S062 18JUL08 2018.5161 58307 2009 0 141.4 -69 -0.389475 4517751 -0.126533 49 0.286881 0.0000 0.000771 0.000972 0.003376 -0.028388 0.098300 -0.167716 40.7944887656 -218.6008221894 49.28688
S062 18JUL09 2018.5188 58308 2009 1 141.4 -69 -0.391004 4517751 -0.129702 49 0.290822 0.0000 0.000738 0.000932 0.003130 -0.087115 0.127976 -0.184116 40.7944887371 -218.6008222075 49.29082
S062 18JUL10 2018.5216 58309 2009 2 141.4 -69 -0.390651 4517751 -0.128873 49 0.297970 0.0000 0.000731 0.000954 0.003247 -0.049829 0.059841 -0.229155 40.7944887446 -218.6008222034 49.29797
S062 18JUL11 2018.5243 58310 2009 3 141.4 -69 -0.389668 4517751 -0.128679 49 0.290273 0.0000 0.000780 0.001020 0.003421 -0.087930 0.057682 -0.132652 40.7944887463 -218.6008221917 49.29027
S062 18JUL12 2018.5270 58311 2009 4 141.4 -69 -0.389553 4517751 -0.129758 49 0.294764 0.0000 0.000753 0.000955 0.003319 -0.074013 0.105942 -0.128838 40.7944887366 -218.6008221904 49.29476
S062 18JUL13 2018.5298 58312 2009 5 141.4 -69 -0.390390 4517751 -0.127661 49 0.294013 0.0000 0.000752 0.000966 0.003272 -0.112629 0.179379 -0.177376 40.7944887555 -218.6008222003 49.29401
S062 18JUL14 2018.5325 58313 2009 6 141.4 -69 -0.391427 4517751 -0.129099 49 0.292241 0.0000 0.000744 0.000955 0.003312 -0.061314 0.117258 -0.233763 40.7944887425 -218.6008222126 49.29224
S062 18JUL15 2018.5352 58314 2010 0 141.4 -69 -0.387182 4517751 -0.128267 49 0.282337 0.0000 0.000767 0.001000 0.003419 -0.050666 0.191213 -0.113416 40.7944887500 -218.6008221623 49.28234
S062 18JUL16 2018.5380 58315 2010 1 141.4 -69 -0.389641 4517751 -0.128779 49 0.285144 0.0000 0.000710 0.000928 0.003159 -0.038480 0.100347 -0.185003 40.7944887454 -218.6008221914 49.28514
S062 18JUL17 2018.5407 58316 2010 2 141.4 -69 -0.389751 4517751 -0.129469 49 0.299691 0.0000 0.000713 0.000915 0.003041 -0.044108 0.090017 -0.134667 40.7944887392 -218.6008221927 49.29969
S062 18JUL18 2018.5435 58317 2010 3 141.4 -69 -0.391050 4517751 -0.128363 49 0.292024 0.0000 0.000730 0.000928 0.003100 -0.081231 0.125123 -0.122994 40.7944887491 -218.6008222081 49.29202
S062 18JUL19 2018.5462 58318 2010 4 141.4 -69 -0.388907 4517751 -0.129095 49 0.290871 0.0000 0.000725 0.000939 0.003179 -0.075023 0.091302 -0.098520 40.7944887426 -218.6008221827 49.29087
S062 18JUL20 2018.5489 58319 2010 5 141.4 -69 -0.390285 4517751 -0.128356 49 0.288382 0.0000 0.000714 0.000937 0.003072 -0.056106 0.127433 -0.142423 40.7944887492 -218.6008221990 49.28838
S062 18JUL21 2018.5517 58320 2010 6 141.4 -69 -0.390250 4517751 -0.128705 49 0.290846 0.0000 0.000802 0.000994 0.003524 -0.116855 0.168219 -0.194483 40.7944887461 -218.6008221986 49.29085
S062 18JUL22 2018.5544 58321 2011 0 141.4 -69 -0.387570 4517751 -0.129331 49 0.302094 0.0000 0.000759 0.000945 0.003301 -0.039863 0.137371 -0.164221 40.7944887404 -218.6008221669 49.30209
S062 18JUL23 2018.5572 58322 2011 1 141.4 -69 -0.390481 4517751 -0.130918 49 0.296767 0.0000 0.000762 0.000932 0.003255 -0.075651 0.199691 -0.159095 40.7944887261 -218.6008222013 49.29677
S062 18JUL24 2018.5599 58323 2011 2 141.4 -69 -0.390425 4517751 -0.129239 49 0.295369 0.0000 0.000758 0.000950 0.003321 -0.065147 0.104094 -0.164402 40.7944887413 -218.6008222007 49.29537
S062 18JUL25 2018.5626 58324 2011 3 141.4 -69 -0.388861 4517751 -0.129384 49 0.290000 0.0000 0.000706 0.000911 0.003001 -0.091167 0.130942 -0.171827 40.7944887400 -218.6008221821 49.29000
S062 18JUL26 2018.5654 58325 2011 4 141.4 -69 -0.388883 4517751 -0.131781 49 0.299497 0.0000 0.000788 0.000991 0.003432 -0.074659 0.146858 -0.162588 40.7944887184 -218.6008221824 49.29950
S062 18JUL27 2018.5681 58326 2011 5 141.4 -69 -0.389503 4517751 -0.131748 49 0.306079 0.0000 0.000778 0.000997 0.003370 -0.066351 0.078103 -0.152847 40.7944887187 -218.6008221898 49.30608
S062 18JUL28 2018.5708 58327 2011 6 141.4 -69 -0.390526 4517751 -0.130171 49 0.293670 0.0000 0.000752 0.000959 0.003274 -0.069537 0.134466 -0.179811 40.7944887329 -218.6008222019 49.29367
S062 18JUL29 2018.5736 58328 2012 0 141.4 -69 -0.389185 4517751 -0.130538 49 0.293677 0.0000 0.000763 0.000939 0.003332 -0.059890 0.164811 -0.197865 40.7944887296 -218.6008221860 49.29368
S062 18JUL30 2018.5763 58329 2012 1 141.4 -69 -0.387746 4517751 -0.128826 49 0.291217 0.0000 0.000779 0.000965 0.003409 -0.069791 0.129606 -0.168070 40.7944887450 -218.6008221689 49.29122
S062 18JUL31 2018.5791 58330 2012 2 141.4 -69 -0.389812 4517751 -0.130923 49 0.286604 0.0000 0.000808 0.000997 0.003522 -0.043263 0.145106 -0.189086 40.7944887261 -218.6008221934 49.28660
S062 18AUG01 2018.5818 58331 2012 3 141.4 -69 -0.389748 4517751 -0.127250 49 0.301085 0.0000 0.000850 0.001081 0.003726 -0.028237 0.110694 -0.167301 40.7944887592 -218.6008221927 49.30108
S062 18AUG02 2018.5845 58332 2012 4 141.4 -69 -0.390493 4517751 -0.128564 49 0.287942 0.0000 0.000770 0.000993 0.003357 -0.076891 0.090185 -0.205652 40.7944887473 -218.6008222015 49.28794
S062 18AUG03 2018.5873 58333 2012 5 141.4 -69 -0.389317 4517751 -0.126480 49 0.288415 0.0000 0.000764 0.001009 0.003365 -0.052468 0.104386 -0.164936 40.7944887661 -218.6008221875 49.28841
S062 18AUG04 2018.5900 58334 2012 6 141.4 -69 -0.389895 4517751 -0.129854 49 0.291243 0.0000 0.000742 0.000945 0.003220 -0.058557 0.045090 -0.188640 40.7944887357 -218.6008221944 49.29124
S062 18AUG05 2018.5927 58335 2013 0 141.4 -69 -0.390654 4517751 -0.129521 49 0.287477 0.0000 0.000781 0.001022 0.003412 -0.043408 0.119278 -0.179395 40.7944887387 -218.6008222034 49.28748
S062 18AUG06 2018.5955 58336 2013 1 141.4 -69 -0.388951 4517751 -0.127705 49 0.291541 0.0000 0.000725 0.000942 0.003215 -0.076231 0.131195 -0.198441 40.7944887551 -218.6008221832 49.29154
S062 18AUG07 2018.5982 58337 2013 2 141.4 -69 -0.390707 4517751 -0.128379 49 0.287725 0.0000 0.000749 0.000969 0.003303 -0.109597 0.133537 -0.162826 40.7944887490 -218.6008222040 49.28773
S062 18AUG08 2018.6010 58338 2013 3 141.4 -69 -0.390019 4517751 -0.130180 49 0.290079 0.0000 0.000736 0.000959 0.003301 -0.069023 0.098814 -0.249939 40.7944887328 -218.6008221959 49.29008
S062 18AUG09 2018.6037 58339 2013 4 141.4 -69 -0.389545 4517751 -0.131817 49 0.290725 0.0000 0.000730 0.000939 0.003143 -0.072103 0.101626 -0.172193 40.7944887180 -218.6008221903 49.29072
S062 18AUG10 2018.6064 58340 2013 5 141.4 -69 -0.391245 4517751 -0.128801 49 0.289810 0.0000 0.000715 0.000927 0.003070 -0.084373 0.112155 -0.167976 40.7944887452 -218.6008222104 49.28981
S062 18AUG11 2018.6092 58341 2013 6 141.4 -69 -0.389978 4517751 -0.130324 49 0.285318 0.0000 0.000763 0.000960 0.003316 -0.057863 0.133832 -0.152857 40.7944887315 -218.6008221954 49.28532
S062 18AUG12 2018.6119 58342 2014 0 141.4 -69 -0.390300 4517751 -0.129738 49 0.290569 0.0000 0.000731 0.000936 0.003120 -0.073572 0.144129 -0.206476 40.7944887368 -218.6008221992 49.29057
S062 18AUG13 2018.6146 58343 2014 1 141.4 -69 -0.389882 4517751 -0.129811 49 0.287037 0.0000 0.000733 0.000949 0.003120 -0.054833 0.069641 -0.157452 40.7944887361 -218.6008221943 49.28704
S062 18AUG14 2018.6174 58344 2014 2 141.4 -69 -0.389249 4517751 -0.132327 49 0.287499 0.0000 0.000707 0.000906 0.003044 -0.057900 0.132580 -0.166961 40.7944887134 -218.6008221867 49.28750
S062 18AUG15 2018.6201 58345 2014 3 141.4 -69 -0.391112 4517751 -0.130901 49 0.292476 0.0000 0.000747 0.000952 0.003237 -0.076125 0.142679 -0.184640 40.7944887263 -218.6008222088 49.29248
S062 18AUG16 2018.6229 58346 2014 4 141.4 -69 -0.391554 4517751 -0.131606 49 0.289889 0.0000 0.000757 0.000946 0.003229 -0.076865 0.117351 -0.198047 40.7944887199 -218.6008222141 49.28989
S062 18AUG17 2018.6256 58347 2014 5 141.4 -69 -0.389571 4517751 -0.130969 49 0.287643 0.0000 0.000745 0.000950 0.003225 -0.074395 0.095911 -0.223939 40.7944887257 -218.6008221906 49.28764
S062 18AUG18 2018.6283 58348 2014 6 141.4 -69 -0.389001 4517751 -0.131438 49 0.290842 0.0000 0.000718 0.000924 0.003025 -0.106060 0.087004 -0.143793 40.7944887215 -218.6008221838 49.29084
S062 18AUG19 2018.6311 58349 2015 0 141.4 -69 -0.389841 4517751 -0.130830 49 0.285720 0.0000 0.000698 0.000909 0.003024 -0.048040 0.075130 -0.217385 40.7944887269 -218.6008221938 49.28572
S062 18AUG20 2018.6338 58350 2015 1 141.4 -69 -0.387841 4517751 -0.131801 49 0.286879 0.0000 0.000749 0.000955 0.003260 -0.099152 0.115102 -0.185876 40.7944887182 -218.6008221701 49.28688
S062 18AUG21 2018.6366 58351 2015 2 141.4 -69 -0.388049 4517751 -0.131273 49 0.289171 0.0000 0.000712 0.000898 0.003002 -0.105641 0.137336 -0.163885 40.7944887229 -218.6008221725 49.28917
S062 18AUG22 2018.6393 58352 2015 3 141.4 -69 -0.384855 4517751 -0.129272 49 0.288024 0.0000 0.000736 0.000955 0.003164 -0.100403 0.127614 -0.193659 40.7944887410 -218.6008221347 49.28802
S062 18AUG23 2018.6420 58353 2015 4 141.4 -69 -0.388486 4517751 -0.131968 49 0.289401 0.0000 0.000734 0.000991 0.003285 -0.036535 0.130677 -0.224163 40.7944887167 -218.6008221777 49.28940
S062 18AUG24 2018.6448 58354 2015 5 141.4 -69 -0.389422 4517751 -0.131259 49 0.292123 0.0000 0.000717 0.000934 0.003176 -0.044131 0.134111 -0.217769 40.7944887231 -218.6008221888 49.29212
S062 18AUG25 2018.6475 58355 2015 6 141.4 -69 -0.391090 4517751 -0.129615 49 0.296629 0.0000 0.000758 0.000957 0.003275 -0.063519 0.144603 -0.171498 40.7944887379 -218.6008222086 49.29663
S062 18AUG26 2018.6502 58356 2016 0 141.4 -69 -0.389028 4517751 -0.131682 49 0.286652 0.0000 0.000734 0.000943 0.003124 -0.054259 0.124850 -0.182322 40.7944887193 -218.6008221841 49.28665
S062 18AUG27 2018.6530 58357 2016 1 141.4 -69 -0.389412 4517751 -0.131428 49 0.291940 0.0000 0.000691 0.000897 0.002908 -0.074971 0.113737 -0.162815 40.7944887215 -218.6008221887 49.29194
S062 18AUG28 2018.6557 58358 2016 2 141.4 -69 -0.389677 4517751 -0.131219 49 0.288514 0.0000 0.000698 0.000895 0.002901 -0.047442 0.093009 -0.168115 40.7944887234 -218.6008221918 49.28851
S062 18AUG29 2018.6585 58359 2016 3 141.4 -69 -0.389769 4517751 -0.131592 49 0.294662 0.0000 0.000698 0.000898 0.002984 -0.062134 0.088737 -0.223094 40.7944887201 -218.6008221929 49.29466
S062 18AUG30 2018.6612 58360 2016 4 141.4 -69 -0.390450 4517751 -0.132515 49 0.289370 0.0000 0.000701 0.000927 0.003012 -0.094440 0.085839 -0.157155 40.7944887118 -218.6008222010 49.28937
S062 18AUG31 2018.6639 58361 2016 5 141.4 -69 -0.389071 4517751 -0.131680 49 0.287747 0.0000 0.000696 0.000897 0.002911 -0.072585 0.102554 -0.178519 40.7944887193 -218.6008221846 49.28775
S062 18SEP01 2018.6667 58362 2016 6 141.4 -69 -0.388856 4517751 -0.131748 49 0.290866 0.0000 0.000693 0.000884 0.002881 -0.070444 0.117778 -0.148017 40.7944887187 -218.6008221821 49.29087
S062 18SEP02 2018.6694 58363 2017 0 141.4 -69 -0.389405 4517751 -0.131889 49 0.296022 0.0000 0.000695 0.000889 0.002906 -0.074559 0.119668 -0.145853 40.7944887174 -218.6008221886 49.29602
S062 18SEP03 2018.6721 58364 2017 1 141.4 -69 -0.387076 4517751 -0.133910 49 0.298074 0.0000 0.000701 0.000905 0.003059 -0.073106 0.096751 -0.223280 40.7944886992 -218.6008221610 49.29807
S062 18SEP04 2018.6749 58365 2017 2 141.4 -69 -0.388613 4517751 -0.132661 49 0.296053 0.0000 0.000724 0.000924 0.003145 -0.101017 0.180984 -0.159607 40.7944887104 -218.6008221792 49.29605
S062 18SEP05 2018.6776 58366 2017 3 141.4 -69 -0.389183 4517751 -0.133584 49 0.293358 0.0000 0.000736 0.000957 0.003293 -0.100029 0.181076 -0.183907 40.7944887021 -218.6008221860 49.29336
S062 18SEP06 2018.6804 58367 2017 4 141.4 -69 -0.385270 4517751 -0.131742 49 0.292434 0.0000 0.000735 0.000990 0.003285 -0.079816 0.131285 -0.136248 40.7944887187 -218.6008221396 49.29243
S062 18SEP07 2018.6831 58368 2017 5 141.4 -69 -0.388969 4517751 -0.133537 49 0.290778 0.0000 0.000721 0.000917 0.003069 -0.069977 0.085300 -0.170839 40.7944887026 -218.6008221834 49.29078
S062 18SEP08 2018.6858 58369 2017 6 141.4 -69 -0.386882 4517751 -0.131423 49 0.289675 0.0000 0.000709 0.000896 0.002996 -0.097543 0.113650 -0.174220 40.7944887216 -218.6008221587 49.28968
S062 18SEP09 2018.6886 58370 2018 0 141.4 -69 -0.388819 4517751 -0.133015 49 0.290024 0.0000 0.000690 0.000893 0.002909 -0.049837 0.080098 -0.165981 40.7944887073 -218.6008221817 49.29002
S062 18SEP10 2018.6913 58371 2018 1 141.4 -69 -0.387183 4517751 -0.132342 49 0.287692 0.0000 0.000696 0.000890 0.002960 -0.078792 0.152821 -0.168516 40.7944887133 -218.6008221623 49.28769
S062 18SEP11 2018.6940 58372 2018 2 141.4 -69 -0.386630 4517751 -0.133474 49 0.288117 0.0000 0.000733 0.000911 0.003077 -0.081635 0.086534 -0.154949 40.7944887031 -218.6008221557 49.28812
S062 18SEP12 2018.6968 58373 2018 3 141.4 -69 -0.387124 4517751 -0.135112 49 0.290960 0.0000 0.000713 0.000925 0.003106 -0.055544 0.108001 -0.170214 40.7944886884 -218.6008221616 49.29096
S062 18SEP13 2018.6995 58374 2018 4 141.4 -69 -0.385565 4517751 -0.132063 49 0.290675 0.0000 0.000708 0.000908 0.003047 -0.055844 0.073212 -0.198166 40.7944887158 -218.6008221431 49.29067
S062 18SEP14 2018.7023 58375 2018 5 141.4 -69 -0.385911 4517751 -0.133921 49 0.288778 0.0000 0.000715 0.000933 0.003048 -0.073301 0.082602 -0.154390 40.7944886991 -218.6008221472 49.28878
S062 18SEP15 2018.7050 58376 2018 6 141.4 -69 -0.386613 4517751 -0.134350 49 0.289299 0.0000 0.000693 0.000900 0.002974 -0.043703 0.116867 -0.177623 40.7944886952 -218.6008221555 49.28930
S062 18SEP16 2018.7077 58377 2019 0 141.4 -69 -0.386363 4517751 -0.134193 49 0.300247 0.0000 0.000707 0.000904 0.002984 -0.081947 0.110224 -0.182764 40.7944886966 -218.6008221525 49.30025
S062 18SEP17 2018.7105 58378 2019 1 141.4 -69 -0.384227 4517751 -0.133049 49 0.286213 0.0000 0.000715 0.000905 0.002987 -0.056127 0.124658 -0.131269 40.7944887070 -218.6008221272 49.28621
S062 18SEP18 2018.7132 58379 2019 2 141.4 -69 -0.384898 4517751 -0.133519 49 0.285167 0.0000 0.000696 0.000903 0.002988 -0.058312 0.132411 -0.199441 40.7944887027 -218.6008221352 49.28517
S062 18SEP19 2018.7159 58380 2019 3 141.4 -69 -0.386183 4517751 -0.133629 49 0.289650 0.0000 0.000714 0.000913 0.003112 -0.071662 0.126449 -0.217659 40.7944887017 -218.6008221504 49.28965
S062 18SEP20 2018.7187 58381 2019 4 141.4 -69 -0.384512 4517751 -0.132291 49 0.284577 0.0000 0.000705 0.000902 0.002998 -0.065513 0.155378 -0.180840 40.7944887138 -218.6008221306 49.28458
S062 18SEP21 2018.7214 58382 2019 5 141.4 -69 -0.386067 4517751 -0.134291 49 0.287032 0.0000 0.000705 0.000912 0.003014 -0.065773 0.121871 -0.160597 40.7944886958 -218.6008221490 49.28703
S062 18SEP22 2018.7242 58383 2019 6 141.4 -69 -0.386108 4517751 -0.135189 49 0.291206 0.0000 0.000706 0.000904 0.002978 -0.066666 0.151451 -0.177898 40.7944886877 -218.6008221495 49.29121
S062 18SEP23 2018.7269 58384 2020 0 141.4 -69 -0.385543 4517751 -0.135022 49 0.287298 0.0000 0.000711 0.000896 0.002999 -0.052452 0.107255 -0.183332 40.7944886892 -218.6008221428 49.28730
S062 18SEP24 2018.7296 58385 2020 1 141.4 -69 -0.384255 4517751 -0.134244 49 0.292857 0.0000 0.000707 0.000904 0.003012 -0.059170 0.118080 -0.166299 40.7944886962 -218.6008221276 49.29286
S062 18SEP25 2018.7324 58386 2020 2 141.4 -69 -0.385563 4517751 -0.134575 49 0.285595 0.0000 0.000697 0.000911 0.002956 -0.050732 0.120914 -0.163313 40.7944886932 -218.6008221431 49.28560
S062 18SEP26 2018.7351 58387 2020 3 141.4 -69 -0.383830 4517751 -0.131476 49 0.287814 0.0000 0.000692 0.000895 0.002883 -0.063558 0.132491 -0.120034 40.7944887211 -218.6008221225 49.28781
S062 18SEP27 2018.7379 58388 2020 4 141.4 -69 -0.383885 4517751 -0.134810 49 0.288208 0.0000 0.000702 0.000898 0.002991 -0.062672 0.106352 -0.190583 40.7944886911 -218.6008221232 49.28821
S062 18SEP28 2018.7406 58389 2020 5 141.4 -69 -0.384257 4517751 -0.136277 49 0.285187 0.0000 0.000700 0.000887 0.002904 -0.063427 0.140765 -0.163356 40.7944886779 -218.6008221276 49.28519
S062 18SEP29 2018.7433 58390 2020 6 141.4 -69 -0.383869 4517751 -0.136593 49 0.286785 0.0000 0.000692 0.000877 0.002899 -0.063962 0.119352 -0.198547 40.7944886750 -218.6008221230 49.28678
S062 18SEP30 2018.7461 58391 2021 0 141.4 -69 -0.381581 4517751 -0.136024 49 0.296397 0.0000 0.000702 0.000903 0.002935 -0.077067 0.130266 -0.097454 40.7944886802 -218.6008220959 49.29640
S062 18OCT01 2018.7488 58392 2021 1 141.4 -69 -0.382696 4517751 -0.137069 49 0.301667 0.0000 0.000737 0.000945 0.003257 -0.095385 0.202922 -0.199044 40.7944886707 -218.6008221091 49.30167
S062 18OCT02 2018.7515 58393 2021 2 141.4 -69 -0.385158 4517751 -0.134682 49 0.287655 0.0000 0.000708 0.000909 0.003067 -0.052436 0.118150 -0.212595 40.7944886922 -218.6008221383 49.28766
S062 18OCT03 2018.7543 58394 2021 3 141.4 -69 -0.383288 4517751 -0.135693 49 0.283050 0.0000 0.000715 0.000921 0.003063 -0.102956 0.129825 -0.205728 40.7944886831 -218.6008221161 49.28305
S062 18OCT04 2018.7570 58395 2021 4 141.4 -69 -0.381990 4517751 -0.136111 49 0.282469 0.0000 0.000715 0.000898 0.003017 -0.066782 0.128283 -0.209346 40.7944886794 -218.6008221007 49.28247
S062 18OCT05 2018.7598 58396 2021 5 141.4 -69 -0.381210 4517751 -0.136372 49 0.287880 0.0000 0.000700 0.000899 0.002934 -0.066737 0.116526 -0.155156 40.7944886770 -218.6008220915 49.28788
S062 18OCT06 2018.7625 58397 2021 6 141.4 -69 -0.381415 4517751 -0.135094 49 0.289576 0.0000 0.000723 0.000926 0.003131 -0.047706 0.098364 -0.202790 40.7944886885 -218.6008220939 49.28958
S062 18OCT07 2018.7652 58398 2022 0 141.4 -69 -0.381372 4517751 -0.136784 49 0.291799 0.0000 0.000752 0.000956 0.003266 -0.066070 0.112677 -0.214518 40.7944886733 -218.6008220934 49.29180
S062 18OCT08 2018.7680 58399 2022 1 141.4 -69 -0.383852 4517751 -0.136270 49 0.288623 0.0000 0.000724 0.000919 0.003097 -0.068091 0.124246 -0.193526 40.7944886779 -218.6008221228 49.28862
S062 18OCT09 2018.7707 58400 2022 2 141.4 -69 -0.383160 4517751 -0.137138 49 0.283844 0.0000 0.000711 0.000880 0.002975 -0.071071 0.132072 -0.168048 40.7944886701 -218.6008221146 49.28384
S062 18OCT10 2018.7734 58401 2022 3 141.4 -69 -0.382254 4517751 -0.137562 49 0.287909 0.0000 0.000726 0.000957 0.003155 -0.063421 0.102428 -0.237595 40.7944886663 -218.6008221039 49.28791
S062 18OCT11 2018.7762 58402 2022 4 141.4 -69 -0.382254 4517751 -0.140334 49 0.286978 0.0000 0.000715 0.000973 0.003088 -0.056165 0.129219 -0.207539 40.7944886413 -218.6008221039 49.28698
S062 18OCT12 2018.7789 58403 2022 5 141.4 -69 -0.381197 4517751 -0.138951 49 0.289101 0.0000 0.000704 0.000911 0.003018 -0.060809 0.108673 -0.208916 40.7944886538 -218.6008220913 49.28910
S062 18OCT13 2018.7817 58404 2022 6 141.4 -69 -0.382703 4517751 -0.138384 49 0.284745 0.0000 0.000718 0.000912 0.003054 -0.082287 0.121017 -0.219588 40.7944886589 -218.6008221092 49.28474
S062 18OCT14 2018.7844 58405 2023 0 141.4 -69 -0.383787 4517751 -0.139044 49 0.283667 0.0000 0.000704 0.000887 0.002918 -0.052097 0.110886 -0.174875 40.7944886530 -218.6008221220 49.28367
S062 18OCT15 2018.7871 58406 2023 1 141.4 -69 -0.382154 4517751 -0.137974 49 0.282682 0.0000 0.000702 0.000889 0.002948 -0.072344 0.133230 -0.201922 40.7944886626 -218.6008221027 49.28268
S062 18OCT16 2018.7899 58407 2023 2 141.4 -69 -0.381448 4517751 -0.139577 49 0.283180 0.0000 0.000720 0.000908 0.002921 -0.123015 0.131216 -0.160478 40.7944886482 -218.6008220943 49.28318
S062 18OCT17 2018.7926 58408 2023 3 141.4 -69 -0.381259 4517751 -0.138328 49 0.280282 0.0000 0.000695 0.000910 0.002984 -0.051142 0.097136 -0.183851 40.7944886594 -218.6008220921 49.28028
S062 18OCT18 2018.7953 58409 2023 4 141.4 -69 -0.381864 4517751 -0.138485 49 0.283214 0.0000 0.000707 0.000903 0.002997 -0.067750 0.104662 -0.193327 40.7944886580 -218.6008220992 49.28321
S062 18OCT19 2018.7981 58410 2023 5 141.4 -69 -0.381392 4517751 -0.139696 49 0.283989 0.0000 0.000698 0.000874 0.002933 -0.072662 0.120877 -0.198021 40.7944886471 -218.6008220936 49.28399
S062 18OCT20 2018.8008 58411 2023 6 141.4 -69 -0.380302 4517751 -0.139617 49 0.279945 0.0000 0.000699 0.000893 0.002929 -0.086472 0.138631 -0.177349 40.7944886478 -218.6008220807 49.27994
S062 18OCT21 2018.8036 58412 2024 0 141.4 -69 -0.381899 4517751 -0.140256 49 0.275996 0.0000 0.000691 0.000888 0.002890 -0.062876 0.143204 -0.168598 40.7944886420 -218.6008220997 49.27600
S062 18OCT22 2018.8063 58413 2024 1 141.4 -69 -0.382167 4517751 -0.139641 49 0.284155 0.0000 0.000714 0.000903 0.002966 -0.053577 0.117341 -0.131401 40.7944886476 -218.6008221028 49.28415
S062 18OCT23 2018.8090 58414 2024 2 141.4 -69 -0.381985 4517751 -0.141062 49 0.284768 0.0000 0.000707 0.000916 0.003021 -0.065371 0.102117 -0.185745 40.7944886348 -218.6008221007 49.28477
S062 18OCT24 2018.8118 58415 2024 3 141.4 -69 -0.380796 4517751 -0.140774 49 0.285186 0.0000 0.000774 0.000948 0.003185 0.011151 0.065421 -0.122036 40.7944886374 -218.6008220866 49.28519
S062 18OCT25 2018.8145 58416 2024 4 141.4 -69 -0.379855 4517751 -0.140764 49 0.282780 0.0000 0.000714 0.000906 0.003026 -0.057180 0.069839 -0.174082 40.7944886375 -218.6008220754 49.28278
S062 18OCT26 2018.8172 58417 2024 5 141.4 -69 -0.380089 4517751 -0.140547 49 0.286790 0.0000 0.000712 0.000902 0.003006 -0.055509 0.076779 -0.179429 40.7944886394 -218.6008220782 49.28679
S062 18OCT27 2018.8200 58418 2024 6 141.4 -69 -0.379731 4517751 -0.142286 49 0.285878 0.0000 0.000725 0.000928 0.003141 -0.047929 0.146889 -0.156993 40.7944886238 -218.6008220740 49.28588
S062 18OCT28 2018.8227 58419 2025 0 141.4 -69 -0.381257 4517751 -0.141694 49 0.288931 0.0000 0.000714 0.000922 0.003056 -0.062530 0.099288 -0.175516 40.7944886291 -218.6008220921 49.28893
S062 18OCT29 2018.8255 58420 2025 1 141.4 -69 -0.379813 4517751 -0.141954 49 0.288116 0.0000 0.000696 0.000892 0.002952 -0.064382 0.098603 -0.171604 40.7944886268 -218.6008220749 49.28812
S062 18OCT30 2018.8282 58421 2025 2 141.4 -69 -0.380372 4517751 -0.141279 49 0.292070 0.0000 0.000700 0.000898 0.002979 -0.060787 0.113217 -0.186925 40.7944886328 -218.6008220816 49.29207
S062 18OCT31 2018.8309 58422 2025 3 141.4 -69 -0.378992 4517751 -0.141404 49 0.282340 0.0000 0.000710 0.000917 0.003029 -0.021091 0.073870 -0.203621 40.7944886317 -218.6008220652 49.28234
S062 18NOV01 2018.8337 58423 2025 4 141.4 -69 -0.383295 4517751 -0.141282 49 0.281636 0.0000 0.000694 0.000907 0.002940 -0.056431 0.056251 -0.172175 40.7944886328 -218.6008221162 49.28164
S062 18NOV02 2018.8364 58424 2025 5 141.4 -69 -0.379831 4517751 -0.140709 49 0.281942 0.0000 0.000693 0.000898 0.002901 -0.043910 0.054582 -0.162086 40.7944886380 -218.6008220752 49.28194
S062 18NOV03 2018.8392 58425 2025 6 141.4 -69 -0.381231 4517751 -0.140828 49 0.280154 0.0000 0.000698 0.000902 0.002988 -0.031316 0.098961 -0.177185 40.7944886369 -218.6008220917 49.28015
S062 18NOV04 2018.8419 58426 2026 0 141.4 -69 -0.381232 4517751 -0.140983 49 0.280606 0.0000 0.000706 0.000889 0.002964 -0.061606 0.078112 -0.167481 40.7944886355 -218.6008220918 49.28061
S062 18NOV05 2018.8446 58427 2026 1 141.4 -69 -0.381991 4517751 -0.142627 49 0.285455 0.0000 0.000708 0.000909 0.002992 -0.045858 0.092889 -0.185248 40.7944886207 -218.6008221007 49.28546
S062 18NOV06 2018.8474 58428 2026 2 141.4 -69 -0.380801 4517751 -0.141298 49 0.276357 0.0000 0.000704 0.000897 0.003004 -0.055608 0.089379 -0.197706 40.7944886327 -218.6008220867 49.27636
S062 18NOV07 2018.8501 58429 2026 3 141.4 -69 -0.381174 4517751 -0.142116 49 0.278946 0.0000 0.000684 0.000880 0.002842 -0.056145 0.091199 -0.163046 40.7944886253 -218.6008220911 49.27895
S062 18NOV08 2018.8528 58430 2026 4 141.4 -69 -0.380441 4517751 -0.140742 49 0.283252 0.0000 0.000697 0.000907 0.002976 -0.034564 0.093677 -0.199184 40.7944886377 -218.6008220824 49.28325
S062 18NOV09 2018.8556 58431 2026 5 141.4 -69 -0.381699 4517751 -0.140434 49 0.289122 0.0000 0.000711 0.000932 0.003103 -0.015070 0.071372 -0.183391 40.7944886404 -218.6008220973 49.28912
S062 18NOV10 2018.8583 58432 2026 6 141.4 -69 -0.382734 4517751 -0.143809 49 0.282962 0.0000 0.000729 0.000926 0.003125 -0.058186 0.069972 -0.211913 40.7944886101 -218.6008221095 49.28296
S062 18NOV11 2018.8611 58433 2027 0 141.4 -69 -0.382803 4517751 -0.143226 49 0.283512 0.0000 0.000706 0.000910 0.002992 -0.055736 0.118259 -0.177729 40.7944886153 -218.6008221104 49.28351
S062 18NOV12 2018.8638 58434 2027 1 141.4 -69 -0.381259 4517751 -0.142436 49 0.284666 0.0000 0.000699 0.000907 0.002998 -0.043533 0.088214 -0.199370 40.7944886224 -218.6008220921 49.28467
S062 18NOV13 2018.8665 58435 2027 2 141.4 -69 -0.380392 4517751 -0.143750 49 0.284412 0.0000 0.000695 0.000889 0.002938 -0.054575 0.121570 -0.194503 40.7944886106 -218.6008220818 49.28441
S062 18NOV14 2018.8693 58436 2027 3 141.4 -69 -0.379889 4517751 -0.142746 49 0.282158 0.0000 0.000689 0.000908 0.002958 -0.048141 0.095510 -0.162466 40.7944886196 -218.6008220758 49.28216
S062 18NOV15 2018.8720 58437 2027 4 141.4 -69 -0.381396 4517751 -0.144963 49 0.278826 0.0000 0.000692 0.000886 0.002916 -0.052878 0.130790 -0.187348 40.7944885997 -218.6008220937 49.27883
S062 18NOV16 2018.8747 58438 2027 5 141.4 -69 -0.381608 4517751 -0.143472 49 0.284477 0.0000 0.000696 0.000878 0.002880 -0.050168 0.094748 -0.162821 40.7944886131 -218.6008220962 49.28448
S062 18NOV17 2018.8775 58439 2027 6 141.4 -69 -0.381150 4517751 -0.144038 49 0.281277 0.0000 0.000706 0.000910 0.003005 -0.068942 0.095014 -0.173206 40.7944886080 -218.6008220908 49.28128
S062 18NOV18 2018.8802 58440 2028 0 141.4 -69 -0.379831 4517751 -0.144149 49 0.285453 0.0000 0.000704 0.000918 0.003036 -0.034777 0.096416 -0.203993 40.7944886070 -218.6008220752 49.28545
S062 18NOV19 2018.8830 58441 2028 1 141.4 -69 -0.379612 4517751 -0.142896 49 0.280575 0.0000 0.000719 0.000951 0.003127 -0.018606 0.031404 -0.178731 40.7944886183 -218.6008220726 49.28058
S062 18NOV20 2018.8857 58442 2028 2 141.4 -69 -0.379537 4517751 -0.140635 49 0.281581 0.0000 0.000708 0.000932 0.003104 -0.027880 0.101854 -0.224775 40.7944886386 -218.6008220717 49.28158
S062 18NOV21 2018.8884 58443 2028 3 141.4 -69 -0.379490 4517751 -0.146476 49 0.287381 0.0000 0.000697 0.000909 0.002963 -0.028343 0.119053 -0.161300 40.7944885860 -218.6008220711 49.28738
S062 18NOV22 2018.8912 58444 2028 4 141.4 -69 -0.380049 4517751 -0.143638 49 0.285819 0.0000 0.000719 0.000930 0.003101 -0.028100 0.083290 -0.191380 40.7944886116 -218.6008220777 49.28582
S062 18NOV23 2018.8939 58445 2028 5 141.4 -69 -0.378956 4517751 -0.143351 49 0.283452 0.0000 0.000721 0.000934 0.003122 -0.048893 0.112706 -0.236444 40.7944886142 -218.6008220648 49.28345
S062 18NOV24 2018.8966 58446 2028 6 141.4 -69 -0.380932 4517751 -0.144936 49 0.279636 0.0000 0.000708 0.000930 0.002980 -0.000752 0.049098 -0.166284 40.7944885999 -218.6008220882 49.27964
S062 18NOV25 2018.8994 58447 2029 0 141.4 -69 -0.379873 4517751 -0.145973 49 0.284076 0.0000 0.000711 0.000932 0.003092 -0.028504 0.059099 -0.183853 40.7944885906 -218.6008220756 49.28408
S062 18NOV26 2018.9021 58448 2029 1 141.4 -69 -0.379648 4517751 -0.145179 49 0.281587 0.0000 0.000720 0.000946 0.003104 -0.037056 0.119891 -0.198067 40.7944885977 -218.6008220730 49.28159
S062 18NOV27 2018.9049 58449 2029 2 141.4 -69 -0.377273 4517751 -0.145552 49 0.288074 0.0000 0.000707 0.000927 0.003016 -0.048265 0.118894 -0.164537 40.7944885944 -218.6008220448 49.28807
S062 18NOV28 2018.9076 58450 2029 3 141.4 -69 -0.379324 4517751 -0.146461 49 0.280901 0.0000 0.000714 0.000921 0.003027 -0.024146 0.104483 -0.186618 40.7944885862 -218.6008220691 49.28090
S062 18NOV29 2018.9103 58451 2029 4 141.4 -69 -0.380214 4517751 -0.144938 49 0.283717 0.0000 0.000723 0.000935 0.003070 -0.037049 0.060082 -0.186866 40.7944885999 -218.6008220797 49.28372
S062 18NOV30 2018.9131 58452 2029 5 141.4 -69 -0.378672 4517751 -0.145125 49 0.279947 0.0000 0.000722 0.000922 0.003053 -0.027512 0.072766 -0.214118 40.7944885982 -218.6008220614 49.27995
S062 18DEC01 2018.9158 58453 2029 6 141.4 -69 -0.378593 4517751 -0.145270 49 0.276587 0.0000 0.000711 0.000934 0.003050 -0.017688 0.089759 -0.178997 40.7944885969 -218.6008220605 49.27659
S062 18DEC02 2018.9185 58454 2030 0 141.4 -69 -0.378724 4517751 -0.143962 49 0.286622 0.0000 0.000708 0.000949 0.003031 -0.038023 0.047576 -0.197328 40.7944886087 -218.6008220620 49.28662
S062 18DEC03 2018.9213 58455 2030 1 141.4 -69 -0.379018 4517751 -0.145882 49 0.284251 0.0000 0.000720 0.000917 0.003058 -0.033397 0.067239 -0.209720 40.7944885914 -218.6008220655 49.28425
S062 18DEC04 2018.9240 58456 2030 2 141.4 -69 -0.376868 4517751 -0.144786 49 0.287020 0.0000 0.000743 0.000966 0.003187 -0.063073 0.031628 -0.149841 40.7944886013 -218.6008220400 49.28702
S062 18DEC05 2018.9268 58457 2030 3 141.4 -69 -0.375465 4517751 -0.148430 49 0.279876 0.0000 0.000743 0.000962 0.003351 -0.042021 0.164764 -0.243877 40.7944885684 -218.6008220234 49.27988
S062 18DEC06 2018.9295 58458 2030 4 141.4 -69 -0.377712 4517751 -0.144685 49 0.283235 0.0000 0.000714 0.000906 0.003010 -0.063088 0.112938 -0.205868 40.7944886022 -218.6008220500 49.28324
S062 18DEC07 2018.9322 58459 2030 5 141.4 -69 -0.375729 4517751 -0.147043 49 0.287380 0.0000 0.000723 0.000947 0.003113 -0.037369 0.089754 -0.201705 40.7944885809 -218.6008220266 49.28738
S062 18DEC08 2018.9350 58460 2030 6 141.4 -69 -0.374957 4517751 -0.144335 49 0.289876 0.0000 0.000743 0.000964 0.003202 -0.054484 0.121265 -0.156856 40.7944886053 -218.6008220174 49.28988
S062 18DEC09 2018.9377 58461 2031 0 141.4 -69 -0.377859 4517751 -0.145824 49 0.282424 0.0000 0.000720 0.000928 0.003131 -0.029735 0.091098 -0.176991 40.7944885919 -218.6008220518 49.28242
S062 18DEC10 2018.9405 58462 2031 1 141.4 -69 -0.379359 4517751 -0.144547 49 0.276987 0.0000 0.000713 0.000926 0.003058 -0.040525 0.090683 -0.204356 40.7944886034 -218.6008220696 49.27699
S062 18DEC11 2018.9432 58463 2031 2 141.4 -69 -0.378821 4517751 -0.146520 49 0.278951 0.0000 0.000696 0.000883 0.002908 -0.077296 0.165151 -0.198206 40.7944885856 -218.6008220632 49.27895
S062 18DEC12 2018.9459 58464 2031 3 141.4 -69 -0.377910 4517751 -0.146929 49 0.282798 0.0000 0.000721 0.000947 0.003163 -0.039172 0.134776 -0.169457 40.7944885820 -218.6008220524 49.28280
S062 18DEC13 2018.9487 58465 2031 4 141.4 -69 -0.379494 4517751 -0.145673 49 0.279938 0.0000 0.000707 0.000910 0.003023 -0.045095 0.097371 -0.186533 40.7944885933 -218.6008220712 49.27994
S062 18DEC14 2018.9514 58466 2031 5 141.4 -69 -0.379304 4517751 -0.147246 49 0.276219 0.0000 0.000693 0.000911 0.002959 -0.047569 0.088674 -0.172163 40.7944885791 -218.6008220689 49.27622
S062 18DEC15 2018.9541 58467 2031 6 141.4 -69 -0.380736 4517751 -0.145215 49 0.279820 0.0000 0.000696 0.000898 0.002928 -0.064109 0.115621 -0.129446 40.7944885974 -218.6008220859 49.27982
S062 18DEC16 2018.9569 58468 2032 0 141.4 -69 -0.378064 4517751 -0.147209 49 0.285951 0.0000 0.000683 0.000881 0.002845 -0.045326 0.105032 -0.140874 40.7944885794 -218.6008220542 49.28595
S062 18DEC17 2018.9596 58469 2032 1 141.4 -69 -0.378253 4517751 -0.147478 49 0.286133 0.0000 0.000721 0.000906 0.003024 -0.046867 0.083194 -0.188505 40.7944885770 -218.6008220565 49.28613
S062 18DEC18 2018.9624 58470 2032 2 141.4 -69 -0.377057 4517751 -0.147465 49 0.287462 0.0000 0.000726 0.000908 0.003110 -0.062314 0.116538 -0.174966 40.7944885771 -218.6008220423 49.28746
S062 18DEC19 2018.9651 58471 2032 3 141.4 -69 -0.374321 4517751 -0.147844 49 0.278338 0.0000 0.000715 0.000899 0.003019 -0.040059 0.156001 -0.142669 40.7944885737 -218.6008220099 49.27834
S062 18DEC20 2018.9678 58472 2032 4 141.4 -69 -0.377273 4517751 -0.148384 49 0.284722 0.0000 0.000699 0.000911 0.002973 -0.048988 0.109187 -0.185668 40.7944885689 -218.6008220448 49.28472
S062 18DEC21 2018.9706 58473 2032 5 141.4 -69 -0.378553 4517751 -0.148489 49 0.281627 0.0000 0.000715 0.000911 0.003047 -0.060948 0.115910 -0.185407 40.7944885679 -218.6008220600 49.28163
S062 18DEC22 2018.9733 58474 2032 6 141.4 -69 -0.378619 4517751 -0.147081 49 0.284593 0.0000 0.000704 0.000918 0.002995 -0.043836 0.137121 -0.170542 40.7944885806 -218.6008220608 49.28459
S062 18DEC23 2018.9760 58475 2033 0 141.4 -69 -0.376161 4517751 -0.147468 49 0.278928 0.0000 0.000701 0.000897 0.002970 -0.048534 0.119257 -0.185321 40.7944885771 -218.6008220317 49.27893
S062 18DEC24 2018.9788 58476 2033 1 141.4 -69 -0.376038 4517751 -0.146365 49 0.290203 0.0000 0.000704 0.000901 0.002990 -0.065708 0.112461 -0.200814 40.7944885870 -218.6008220302 49.29020
S062 18DEC25 2018.9815 58477 2033 2 141.4 -69 -0.378236 4517751 -0.145748 49 0.281783 0.0000 0.000698 0.000937 0.002998 -0.053695 0.132506 -0.165812 40.7944885926 -218.6008220562 49.28178
S062 18DEC26 2018.9843 58478 2033 3 141.4 -69 -0.379197 4517751 -0.144853 49 0.292016 0.0000 0.000727 0.000966 0.003072 -0.045670 0.080410 -0.165809 40.7944886006 -218.6008220676 49.29202
S062 18DEC27 2018.9870 58479 2033 4 141.4 -69 -0.377652 4517751 -0.143654 49 0.286356 0.0000 0.000707 0.000904 0.002963 -0.053538 0.073467 -0.135589 40.7944886115 -218.6008220493 49.28636
S062 18DEC28 2018.9897 58480 2033 5 141.4 -69 -0.377905 4517751 -0.145129 49 0.276054 0.0000 0.000727 0.000937 0.003113 -0.018072 0.116845 -0.201196 40.7944885982 -218.6008220523 49.27605
S062 18DEC29 2018.9925 58481 2033 6 141.4 -69 -0.380214 4517751 -0.146319 49 0.276165 0.0000 0.000715 0.000915 0.003052 -0.053521 0.113224 -0.194808 40.7944885874 -218.6008220797 49.27616
S062 18DEC30 2018.9952 58482 2034 0 141.4 -69 -0.380861 4517751 -0.146024 49 0.277890 0.0000 0.000703 0.000906 0.002981 -0.042869 0.125993 -0.183505 40.7944885901 -218.6008220874 49.27789
S062 18DEC31 2018.9979 58483 2034 1 141.4 -69 -0.381375 4517751 -0.147896 49 0.285207 0.0000 0.000700 0.000908 0.003009 -0.030003 0.114479 -0.190715 40.7944885733 -218.6008220934 49.28521
S062 19JAN01 2019.0007 58484 2034 2 141.4 -69 -0.381185 4517751 -0.145755 49 0.278079 0.0000 0.000704 0.000906 0.002979 -0.047959 0.105575 -0.188195 40.7944885925 -218.6008220912 49.27808
S062 19JAN02 2019.0034 58485 2034 3 141.4 -69 -0.378256 4517751 -0.147876 49 0.276815 0.0000 0.000701 0.000900 0.002970 -0.062674 0.111910 -0.203540 40.7944885734 -218.6008220565 49.27682
S062 19JAN03 2019.0062 58486 2034 4 141.4 -69 -0.379929 4517751 -0.146944 49 0.276173 0.0000 0.000699 0.000886 0.002919 -0.060232 0.109551 -0.187331 40.7944885818 -218.6008220763 49.27617
S062 19JAN04 2019.0089 58487 2034 5 141.4 -69 -0.378290 4517751 -0.148321 49 0.281703 0.0000 0.000705 0.000912 0.002978 -0.063490 0.093768 -0.194895 40.7944885694 -218.6008220569 49.28170
S062 19JAN05 2019.0116 58488 2034 6 141.4 -69 -0.379570 4517751 -0.148410 49 0.279533 0.0000 0.000705 0.000911 0.002948 -0.061732 0.130551 -0.164738 40.7944885686 -218.6008220721 49.27953
S062 19JAN06 2019.0144 58489 2035 0 141.4 -69 -0.381131 4517751 -0.146425 49 0.280258 0.0000 0.000703 0.000899 0.002943 -0.046865 0.116433 -0.176438 40.7944885865 -218.6008220906 49.28026
S062 19JAN07 2019.0171 58490 2035 1 141.4 -69 -0.377971 4517751 -0.148881 49 0.283697 0.0000 0.000715 0.000902 0.003020 -0.050896 0.138504 -0.170811 40.7944885644 -218.6008220531 49.28370
S062 19JAN08 2019.0198 58491 2035 2 141.4 -69 -0.377845 4517751 -0.147072 49 0.282212 0.0000 0.000714 0.000906 0.003020 -0.077357 0.186042 -0.191008 40.7944885807 -218.6008220516 49.28221
S062 19JAN09 2019.0226 58492 2035 3 141.4 -69 -0.377425 4517751 -0.148178 49 0.294825 0.0000 0.000710 0.000896 0.002972 -0.056618 0.143247 -0.154142 40.7944885707 -218.6008220466 49.29483
S062 19JAN10 2019.0253 58493 2035 4 141.4 -69 -0.377723 4517751 -0.147146 49 0.280330 0.0000 0.000738 0.000945 0.003125 -0.044898 0.113893 -0.153249 40.7944885800 -218.6008220502 49.28033
S062 19JAN11 2019.0281 58494 2035 5 141.4 -69 -0.379431 4517751 -0.149525 49 0.282180 0.0000 0.000725 0.000950 0.003138 -0.080463 0.171103 -0.166873 40.7944885586 -218.6008220704 49.28218
S062 19JAN12 2019.0308 58495 2035 6 141.4 -69 -0.378216 4517751 -0.148089 49 0.278268 0.0000 0.000731 0.000946 0.003183 -0.101178 0.194041 -0.203992 40.7944885715 -218.6008220560 49.27827
S062 19JAN13 2019.0335 58496 2036 0 141.4 -69 -0.379036 4517751 -0.147631 49 0.279772 0.0000 0.000700 0.000889 0.002945 -0.064836 0.119804 -0.150294 40.7944885756 -218.6008220657 49.27977
S062 19JAN14 2019.0363 58497 2036 1 141.4 -69 -0.378523 4517751 -0.147506 49 0.280151 0.0000 0.000686 0.000900 0.002918 -0.026860 0.126654 -0.172566 40.7944885768 -218.6008220597 49.28015
S062 19JAN15 2019.0390 58498 2036 2 141.4 -69 -0.379128 4517751 -0.146962 49 0.279989 0.0000 0.000710 0.000897 0.003020 -0.051676 0.152788 -0.198937 40.7944885817 -218.6008220668 49.27999
S062 19JAN16 2019.0418 58499 2036 3 141.4 -69 -0.376559 4517751 -0.148085 49 0.291540 0.0000 0.000706 0.000893 0.002962 -0.045941 0.135696 -0.187220 40.7944885715 -218.6008220364 49.29154
S062 19JAN17 2019.0445 58500 2036 4 141.4 -69 -0.376793 4517751 -0.148228 49 0.282203 0.0000 0.000742 0.000910 0.003135 -0.039463 0.202149 -0.206014 40.7944885703 -218.6008220392 49.28220
S062 19JAN18 2019.0472 58501 2036 5 141.4 -69 -0.379850 4517751 -0.149702 49 0.289733 0.0000 0.000735 0.000929 0.003100 -0.069586 0.126229 -0.148194 40.7944885570 -218.6008220754 49.28973
S062 19JAN19 2019.0500 58502 2036 6 141.4 -69 -0.377938 4517751 -0.150042 49 0.285495 0.0000 0.000718 0.000879 0.002918 -0.051908 0.105089 -0.156882 40.7944885539 -218.6008220527 49.28549
S062 19JAN20 2019.0527 58503 2037 0 141.4 -69 -0.376489 4517751 -0.150897 49 0.286586 0.0000 0.000732 0.000918 0.003075 -0.030288 0.097045 -0.142974 40.7944885462 -218.6008220356 49.28659
S062 19JAN21 2019.0554 58504 2037 1 141.4 -69 -0.378250 4517751 -0.151363 49 0.290580 0.0000 0.000748 0.000978 0.003227 -0.100360 0.120201 -0.212998 40.7944885420 -218.6008220564 49.29058
S062 19JAN22 2019.0582 58505 2037 2 141.4 -69 -0.379274 4517751 -0.148013 49 0.283276 0.0000 0.000729 0.000964 0.003156 -0.006449 0.094326 -0.171594 40.7944885722 -218.6008220686 49.28328
S062 19JAN23 2019.0609 58506 2037 3 141.4 -69 -0.376368 4517751 -0.150402 49 0.286475 0.0000 0.000701 0.000918 0.003023 -0.038439 0.099743 -0.216960 40.7944885507 -218.6008220341 49.28648
S062 19JAN24 2019.0637 58507 2037 4 141.4 -69 -0.376741 4517751 -0.148541 49 0.282245 0.0000 0.000709 0.000921 0.003033 -0.025726 0.151983 -0.171037 40.7944885674 -218.6008220385 49.28224
S062 19JAN25 2019.0664 58508 2037 5 141.4 -69 -0.378611 4517751 -0.148271 49 0.282562 0.0000 0.000700 0.000911 0.003003 -0.069772 0.139980 -0.200643 40.7944885699 -218.6008220607 49.28256
S062 19JAN26 2019.0691 58509 2037 6 141.4 -69 -0.378117 4517751 -0.150155 49 0.282728 0.0000 0.000720 0.000930 0.002996 -0.035604 0.110033 -0.194254 40.7944885529 -218.6008220548 49.28273
S062 19JAN27 2019.0719 58510 2038 0 141.4 -69 -0.377556 4517751 -0.149881 49 0.281497 0.0000 0.000725 0.000909 0.002977 -0.022379 0.094952 -0.164279 40.7944885554 -218.6008220482 49.28150
S062 19JAN28 2019.0746 58511 2038 1 141.4 -69 -0.379370 4517751 -0.148383 49 0.280822 0.0000 0.000712 0.000904 0.003016 -0.022518 0.124320 -0.188172 40.7944885689 -218.6008220697 49.28082
S062 19JAN29 2019.0773 58512 2038 2 141.4 -69 -0.379071 4517751 -0.148268 49 0.279676 0.0000 0.000701 0.000894 0.002982 -0.066725 0.153340 -0.197229 40.7944885699 -218.6008220661 49.27968
S062 19JAN30 2019.0801 58513 2038 3 141.4 -69 -0.377716 4517751 -0.151687 49 0.282347 0.0000 0.000701 0.000909 0.002973 -0.045307 0.103874 -0.204784 40.7944885391 -218.6008220501 49.28235
S062 19JAN31 2019.0828 58514 2038 4 141.4 -69 -0.379176 4517751 -0.152733 49 0.284714 0.0000 0.000719 0.000924 0.003101 -0.039489 0.122742 -0.184829 40.7944885297 -218.6008220674 49.28471
S062 19FEB01 2019.0856 58515 2038 5 141.4 -69 -0.378071 4517751 -0.153875 49 0.288070 0.0000 0.000682 0.000879 0.002874 -0.032198 0.095330 -0.147828 40.7944885194 -218.6008220543 49.28807
S062 19FEB02 2019.0883 58516 2038 6 141.4 -69 -0.378179 4517751 -0.150259 49 0.282235 0.0000 0.000705 0.000897 0.002966 -0.062901 0.142266 -0.156600 40.7944885520 -218.6008220556 49.28223
S062 19FEB03 2019.0910 58517 2039 0 141.4 -69 -0.378273 4517751 -0.151110 49 0.284513 0.0000 0.000710 0.000897 0.002981 -0.073983 0.145616 -0.202940 40.7944885443 -218.6008220567 49.28451
S062 19FEB04 2019.0938 58518 2039 1 141.4 -69 -0.378279 4517751 -0.153322 49 0.295663 0.0000 0.000715 0.000936 0.003098 -0.013961 0.142384 -0.157890 40.7944885244 -218.6008220568 49.29566
S062 19FEB05 2019.0965 58519 2039 2 141.4 -69 -0.377091 4517751 -0.152260 49 0.288477 0.0000 0.000717 0.000930 0.003014 -0.044750 0.091345 -0.148360 40.7944885340 -218.6008220427 49.28848
S062 19FEB06 2019.0992 58520 2039 3 141.4 -69 -0.376465 4517751 -0.151227 49 0.282544 0.0000 0.000714 0.000906 0.003043 -0.021265 0.125624 -0.180653 40.7944885433 -218.6008220353 49.28254
S062 19FEB07 2019.1020 58521 2039 4 141.4 -69 -0.378600 4517751 -0.152445 49 0.279149 0.0000 0.000712 0.000888 0.002969 -0.075308 0.124452 -0.202274 40.7944885323 -218.6008220606 49.27915
S062 19FEB08 2019.1047 58522 2039 5 141.4 -69 -0.377142 4517751 -0.150039 49 0.279062 0.0000 0.000709 0.000904 0.003026 -0.071095 0.139943 -0.200053 40.7944885540 -218.6008220433 49.27906
S062 19FEB09 2019.1075 58523 2039 6 141.4 -69 -0.378590 4517751 -0.150180 49 0.274059 0.0000 0.000709 0.000919 0.003029 -0.058316 0.135676 -0.138986 40.7944885527 -218.6008220604 49.27406
S062 19FEB10 2019.1102 58524 2040 0 141.4 -69 -0.378280 4517751 -0.149300 49 0.274252 0.0000 0.000703 0.000889 0.002967 -0.050876 0.115933 -0.187265 40.7944885606 -218.6008220568 49.27425
S062 19FEB11 2019.1129 58525 2040 1 141.4 -69 -0.379511 4517751 -0.152255 49 0.277403 0.0000 0.000700 0.000920 0.002979 -0.035999 0.106309 -0.190275 40.7944885340 -218.6008220714 49.27740
S062 19FEB12 2019.1157 58526 2040 2 141.4 -69 -0.377763 4517751 -0.151979 49 0.278149 0.0000 0.000705 0.000931 0.003028 -0.047325 0.101318 -0.210509 40.7944885365 -218.6008220507 49.27815
S062 19FEB13 2019.1184 58527 2040 3 141.4 -69 -0.379372 4517751 -0.154667 49 0.280106 0.0000 0.000688 0.000881 0.002869 -0.046738 0.106157 -0.172984 40.7944885123 -218.6008220697 49.28011
S062 19FEB14 2019.1211 58528 2040 4 141.4 -69 -0.377399 4517751 -0.152447 49 0.283273 0.0000 0.000711 0.000902 0.003005 -0.050326 0.125903 -0.158007 40.7944885323 -218.6008220463 49.28327
S062 19FEB15 2019.1239 58529 2040 5 141.4 -69 -0.379862 4517751 -0.152339 49 0.275794 0.0000 0.000714 0.000890 0.002924 -0.048001 0.093817 -0.146446 40.7944885332 -218.6008220755 49.27579
S062 19FEB16 2019.1266 58530 2040 6 141.4 -69 -0.376594 4517751 -0.153130 49 0.283676 0.0000 0.000700 0.000915 0.003012 -0.057863 0.110975 -0.174314 40.7944885261 -218.6008220368 49.28368
S062 19FEB17 2019.1294 58531 2041 0 141.4 -69 -0.376378 4517751 -0.153647 49 0.281021 0.0000 0.000703 0.000875 0.002898 -0.053014 0.124912 -0.191935 40.7944885215 -218.6008220342 49.28102
S062 19FEB18 2019.1321 58532 2041 1 141.4 -69 -0.376565 4517751 -0.153002 49 0.279437 0.0000 0.000696 0.000907 0.003003 -0.060481 0.133103 -0.194439 40.7944885273 -218.6008220365 49.27944
S062 19FEB19 2019.1348 58533 2041 2 141.4 -69 -0.377103 4517751 -0.154263 49 0.277850 0.0000 0.000693 0.000883 0.002892 -0.066864 0.141357 -0.165959 40.7944885159 -218.6008220428 49.27785
S062 19FEB20 2019.1376 58534 2041 3 141.4 -69 -0.377046 4517751 -0.154019 49 0.280774 0.0000 0.000688 0.000887 0.002901 -0.059394 0.092258 -0.166388 40.7944885181 -218.6008220422 49.28077
S062 19FEB21 2019.1403 58535 2041 4 141.4 -69 -0.377930 4517751 -0.153815 49 0.279082 0.0000 0.000710 0.000905 0.002988 -0.063630 0.107929 -0.177765 40.7944885199 -218.6008220526 49.27908
S062 19FEB22 2019.1431 58536 2041 5 141.4 -69 -0.377296 4517751 -0.153643 49 0.284524 0.0000 0.000695 0.000908 0.002957 -0.040241 0.081114 -0.179979 40.7944885215 -218.6008220451 49.28452
S062 19FEB23 2019.1458 58537 2041 6 141.4 -69 -0.378516 4517751 -0.153225 49 0.282126 0.0000 0.000689 0.000906 0.002928 -0.049528 0.090538 -0.212402 40.7944885253 -218.6008220596 49.28213
S062 19FEB24 2019.1485 58538 2042 0 141.4 -69 -0.378623 4517751 -0.153899 49 0.287622 0.0000 0.000696 0.000898 0.002945 -0.026134 0.075476 -0.197007 40.7944885192 -218.6008220608 49.28762
S062 19FEB25 2019.1513 58539 2042 1 141.4 -69 -0.376109 4517751 -0.153349 49 0.290018 0.0000 0.000704 0.000899 0.002909 -0.063014 0.123374 -0.151426 40.7944885241 -218.6008220311 49.29002
S062 19FEB26 2019.1540 58540 2042 2 141.4 -69 -0.377860 4517751 -0.153296 49 0.279510 0.0000 0.000696 0.000898 0.002982 -0.040903 0.107311 -0.203011 40.7944885246 -218.6008220518 49.27951
S062 19FEB27 2019.1567 58541 2042 3 141.4 -69 -0.378496 4517751 -0.154070 49 0.284299 0.0000 0.000710 0.000909 0.003016 -0.038101 0.095127 -0.180907 40.7944885177 -218.6008220593 49.28430
S062 19FEB28 2019.1595 58542 2042 4 141.4 -69 -0.377433 4517751 -0.154593 49 0.282872 0.0000 0.000689 0.000895 0.002933 -0.042202 0.050310 -0.193304 40.7944885129 -218.6008220467 49.28287
S062 19MAR01 2019.1622 58543 2042 5 141.4 -69 -0.378190 4517751 -0.154714 49 0.279928 0.0000 0.000716 0.000928 0.002998 -0.077645 0.126236 -0.139186 40.7944885119 -218.6008220557 49.27993
S062 19MAR02 2019.1650 58544 2042 6 141.4 -69 -0.376223 4517751 -0.153878 49 0.283942 0.0000 0.000698 0.000923 0.002966 -0.047175 0.132383 -0.186565 40.7944885194 -218.6008220324 49.28394
S062 19MAR03 2019.1677 58545 2043 0 141.4 -69 -0.377726 4517751 -0.153165 49 0.283436 0.0000 0.000685 0.000891 0.002906 -0.041551 0.123173 -0.179300 40.7944885258 -218.6008220502 49.28344
S062 19MAR04 2019.1704 58546 2043 1 141.4 -69 -0.377932 4517751 -0.154147 49 0.286402 0.0000 0.000685 0.000896 0.002909 -0.034631 0.084386 -0.207443 40.7944885170 -218.6008220527 49.28640
S062 19MAR05 2019.1732 58547 2043 2 141.4 -69 -0.378604 4517751 -0.152627 49 0.280822 0.0000 0.000700 0.000921 0.003037 -0.021454 0.092425 -0.220303 40.7944885306 -218.6008220606 49.28082
S062 19MAR06 2019.1759 58548 2043 3 141.4 -69 -0.377981 4517751 -0.152958 49 0.284884 0.0000 0.000692 0.000901 0.002920 -0.066490 0.102627 -0.201102 40.7944885277 -218.6008220532 49.28488
S062 19MAR07 2019.1786 58549 2043 4 141.4 -69 -0.378758 4517751 -0.152518 49 0.285129 0.0000 0.000692 0.000924 0.002989 -0.043597 0.064605 -0.175213 40.7944885316 -218.6008220624 49.28513
S062 19MAR08 2019.1814 58550 2043 5 141.4 -69 -0.376822 4517751 -0.153404 49 0.281247 0.0000 0.000699 0.000911 0.002940 -0.056023 0.108648 -0.136647 40.7944885236 -218.6008220395 49.28125
S062 19MAR09 2019.1841 58551 2043 6 141.4 -69 -0.377924 4517751 -0.152651 49 0.289270 0.0000 0.000710 0.000907 0.002966 -0.034416 0.142873 -0.147396 40.7944885304 -218.6008220526 49.28927
S062 19MAR10 2019.1869 58552 2044 0 141.4 -69 -0.375778 4517751 -0.152685 49 0.285195 0.0000 0.000690 0.000909 0.002913 -0.053891 0.034214 -0.136576 40.7944885301 -218.6008220271 49.28519
S062 19MAR11 2019.1896 58553 2044 1 141.4 -69 -0.375864 4517751 -0.154488 49 0.288681 0.0000 0.000693 0.000898 0.002959 -0.055089 0.089958 -0.147247 40.7944885139 -218.6008220281 49.28868
S062 19MAR12 2019.1923 58554 2044 2 141.4 -69 -0.376819 4517751 -0.154303 49 0.284182 0.0000 0.000679 0.000890 0.002875 -0.037480 0.059836 -0.182739 40.7944885156 -218.6008220395 49.28418
S062 19MAR13 2019.1951 58555 2044 3 141.4 -69 -0.377848 4517751 -0.154008 49 0.284035 0.0000 0.000696 0.000904 0.002942 -0.041662 0.079024 -0.209232 40.7944885182 -218.6008220517 49.28404
S062 19MAR14 2019.1978 58556 2044 4 141.4 -69 -0.378013 4517751 -0.155167 49 0.282863 0.0000 0.000703 0.000894 0.002951 -0.036978 0.082199 -0.199003 40.7944885078 -218.6008220536 49.28286
S062 19MAR15 2019.2005 58557 2044 5 141.4 -69 -0.376814 4517751 -0.154216 49 0.282916 0.0000 0.000716 0.000912 0.002984 -0.058930 0.115308 -0.168034 40.7944885163 -218.6008220394 49.28292
S062 19MAR16 2019.2033 58558 2044 6 141.4 -69 -0.376044 4517751 -0.153253 49 0.282429 0.0000 0.000690 0.000888 0.002877 -0.053116 0.095610 -0.187934 40.7944885250 -218.6008220303 49.28243
S062 19MAR17 2019.2060 58559 2045 0 141.4 -69 -0.376846 4517751 -0.153294 49 0.281227 0.0000 0.000687 0.000899 0.002894 -0.058301 0.102117 -0.174624 40.7944885246 -218.6008220398 49.28123
S062 19MAR18 2019.2088 58560 2045 1 141.4 -69 -0.376169 4517751 -0.155185 49 0.282651 0.0000 0.000694 0.000907 0.002943 -0.064251 0.119274 -0.173332 40.7944885076 -218.6008220318 49.28265
S062 19MAR19 2019.2115 58561 2045 2 141.4 -69 -0.376403 4517751 -0.153953 49 0.283991 0.0000 0.000714 0.000933 0.003034 -0.002809 0.051261 -0.186083 40.7944885187 -218.6008220345 49.28399
S062 19MAR20 2019.2142 58562 2045 3 141.4 -69 -0.376838 4517751 -0.154294 49 0.287530 0.0000 0.000697 0.000910 0.002948 -0.029463 0.091336 -0.156010 40.7944885156 -218.6008220397 49.28753
S062 19MAR21 2019.2170 58563 2045 4 141.4 -69 -0.377522 4517751 -0.153871 49 0.292184 0.0000 0.000707 0.000924 0.003043 -0.041739 0.095855 -0.190195 40.7944885194 -218.6008220478 49.29218
S062 19MAR22 2019.2197 58564 2045 5 141.4 -69 -0.376774 4517751 -0.155601 49 0.287832 0.0000 0.000729 0.000933 0.003078 -0.085573 0.110544 -0.191060 40.7944885039 -218.6008220389 49.28783
S062 19MAR23 2019.2225 58565 2045 6 141.4 -69 -0.376995 4517751 -0.154145 49 0.281213 0.0000 0.000693 0.000918 0.002994 -0.050469 0.103907 -0.205431 40.7944885170 -218.6008220415 49.28121
S062 19MAR24 2019.2252 58566 2046 0 141.4 -69 -0.373925 4517751 -0.154959 49 0.287225 0.0000 0.000703 0.000902 0.002970 -0.033263 0.073481 -0.213153 40.7944885097 -218.6008220052 49.28722
S062 19MAR25 2019.2279 58567 2046 1 141.4 -69 -0.377492 4517751 -0.155052 49 0.286749 0.0000 0.000697 0.000921 0.002980 -0.047254 0.108740 -0.180528 40.7944885088 -218.6008220474 49.28675
S062 19MAR27 2019.2334 58569 2046 3 141.4 -69 -0.376110 4517751 -0.152400 49 0.284930 0.0000 0.000699 0.000891 0.002926 -0.055016 0.077244 -0.171372 40.7944885327 -218.6008220311 49.28493
S062 19MAR28 2019.2361 58570 2046 4 141.4 -69 -0.376525 4517751 -0.155061 49 0.287877 0.0000 0.000697 0.000927 0.002959 -0.055529 0.059780 -0.130514 40.7944885087 -218.6008220360 49.28788
S062 19MAR29 2019.2389 58571 2046 5 141.4 -69 -0.377461 4517751 -0.153692 49 0.280549 0.0000 0.000701 0.000918 0.003012 -0.038687 0.031903 -0.196953 40.7944885211 -218.6008220471 49.28055
S062 19MAR30 2019.2416 58572 2046 6 141.4 -69 -0.376371 4517751 -0.153113 49 0.282077 0.0000 0.000713 0.000933 0.003105 -0.041130 0.099364 -0.222798 40.7944885263 -218.6008220342 49.28208
S062 19APR01 2019.2471 58574 2047 1 141.4 -69 -0.377434 4517751 -0.153578 49 0.279864 0.0000 0.000688 0.000921 0.002914 -0.084446 0.120754 -0.104866 40.7944885221 -218.6008220467 49.27986
S062 19APR02 2019.2498 58575 2047 2 141.4 -69 -0.376109 4517751 -0.154431 49 0.284439 0.0000 0.000705 0.000895 0.002989 -0.033605 0.083056 -0.155926 40.7944885144 -218.6008220310 49.28444
S062 19APR03 2019.2526 58576 2047 3 141.4 -69 -0.374806 4517751 -0.155390 49 0.282639 0.0000 0.000687 0.000900 0.002923 -0.061412 0.088818 -0.176236 40.7944885058 -218.6008220156 49.28264
S062 19APR04 2019.2553 58577 2047 4 141.4 -69 -0.376098 4517751 -0.155668 49 0.284580 0.0000 0.000694 0.000900 0.002923 -0.047900 0.080705 -0.177167 40.7944885033 -218.6008220309 49.28458
S062 19APR05 2019.2580 58578 2047 5 141.4 -69 -0.374317 4517751 -0.154267 49 0.286306 0.0000 0.000709 0.000907 0.003047 -0.054303 0.090036 -0.218960 40.7944885159 -218.6008220098 49.28631
S062 19APR06 2019.2608 58579 2047 6 141.4 -69 -0.376358 4517751 -0.155496 49 0.287254 0.0000 0.000698 0.000905 0.002905 -0.046589 0.102595 -0.120758 40.7944885048 -218.6008220340 49.28725
S062 19APR07 2019.2635 58580 2048 0 141.4 -69 -0.377158 4517751 -0.153699 49 0.283070 0.0000 0.000718 0.000933 0.003065 -0.076810 0.095782 -0.169585 40.7944885210 -218.6008220435 49.28307
S062 19APR08 2019.2663 58581 2048 1 141.4 -69 -0.376899 4517751 -0.154375 49 0.282781 0.0000 0.000706 0.000905 0.002977 -0.070293 0.105359 -0.139069 40.7944885149 -218.6008220404 49.28278
S062 19APR09 2019.2690 58582 2048 2 141.4 -69 -0.377863 4517751 -0.154071 49 0.282640 0.0000 0.000699 0.000924 0.002972 -0.037591 0.102608 -0.169425 40.7944885176 -218.6008220518 49.28264
S062 19APR10 2019.2717 58583 2048 3 141.4 -69 -0.377603 4517751 -0.154562 49 0.286907 0.0000 0.000764 0.000971 0.003278 0.027810 0.038268 -0.121607 40.7944885132 -218.6008220488 49.28691
S062 19APR11 2019.2745 58584 2048 4 141.4 -69 -0.377529 4517751 -0.154227 49 0.287076 0.0000 0.000689 0.000923 0.002991 -0.057384 0.079223 -0.168784 40.7944885162 -218.6008220479 49.28708
S062 19APR12 2019.2772 58585 2048 5 141.4 -69 -0.377336 4517751 -0.155223 49 0.283339 0.0000 0.000716 0.000951 0.003039 -0.030930 0.067255 -0.111123 40.7944885073 -218.6008220456 49.28334
S062 19APR13 2019.2799 58586 2048 6 141.4 -69 -0.374710 4517751 -0.154948 49 0.282437 0.0000 0.000687 0.000906 0.002927 -0.063876 0.105609 -0.166514 40.7944885097 -218.6008220145 49.28244
S062 19APR14 2019.2827 58587 2049 0 141.4 -69 -0.374649 4517751 -0.156159 49 0.285827 0.0000 0.000708 0.000928 0.003059 -0.044811 0.038963 -0.164925 40.7944884988 -218.6008220137 49.28583
S062 19APR15 2019.2854 58588 2049 1 141.4 -69 -0.375244 4517751 -0.156592 49 0.285772 0.0000 0.000701 0.000912 0.003002 -0.043008 0.065797 -0.145131 40.7944884949 -218.6008220208 49.28577
S062 19APR16 2019.2882 58589 2049 2 141.4 -69 -0.376523 4517751 -0.155215 49 0.283888 0.0000 0.000705 0.000941 0.003118 -0.043663 0.053729 -0.166138 40.7944885073 -218.6008220360 49.28389
S062 19APR17 2019.2909 58590 2049 3 141.4 -69 -0.375886 4517751 -0.156326 49 0.285666 0.0000 0.000686 0.000909 0.002989 -0.036246 0.079815 -0.199575 40.7944884973 -218.6008220284 49.28567
S062 19APR18 2019.2936 58591 2049 4 141.4 -69 -0.376698 4517751 -0.154948 49 0.284868 0.0000 0.000704 0.000895 0.002983 -0.086673 0.144837 -0.144829 40.7944885097 -218.6008220380 49.28487
S062 19APR19 2019.2964 58592 2049 5 141.4 -69 -0.377673 4517751 -0.154532 49 0.282516 0.0000 0.000713 0.000954 0.003095 -0.046871 0.078287 -0.210428 40.7944885135 -218.6008220496 49.28252
S062 19APR20 2019.2991 58593 2049 6 141.4 -69 -0.376337 4517751 -0.154528 49 0.289061 0.0000 0.000705 0.000912 0.003041 -0.054240 0.066601 -0.185542 40.7944885135 -218.6008220337 49.28906
S062 19APR21 2019.3018 58594 2050 0 141.4 -69 -0.378146 4517751 -0.156222 49 0.290360 0.0000 0.000691 0.000895 0.002957 -0.035630 0.097599 -0.168773 40.7944884983 -218.6008220552 49.29036
S062 19APR22 2019.3046 58595 2050 1 141.4 -69 -0.377254 4517751 -0.155178 49 0.285484 0.0000 0.000698 0.000912 0.002983 -0.053162 0.088153 -0.172046 40.7944885077 -218.6008220446 49.28548
S062 19APR23 2019.3073 58596 2050 2 141.4 -69 -0.377661 4517751 -0.157225 49 0.286776 0.0000 0.000687 0.000912 0.002966 -0.052906 0.072998 -0.153366 40.7944884892 -218.6008220494 49.28678
S062 19APR24 2019.3101 58597 2050 3 141.4 -69 -0.377329 4517751 -0.155700 49 0.285430 0.0000 0.000707 0.000933 0.003062 -0.046133 0.067471 -0.115099 40.7944885030 -218.6008220455 49.28543
S062 19APR25 2019.3128 58598 2050 4 141.4 -69 -0.377085 4517751 -0.155974 49 0.286725 0.0000 0.000697 0.000918 0.003000 -0.024516 0.078540 -0.184734 40.7944885005 -218.6008220426 49.28673
S062 19APR26 2019.3155 58599 2050 5 141.4 -69 -0.378082 4517751 -0.155937 49 0.285871 0.0000 0.000684 0.000886 0.002931 -0.056549 0.147900 -0.181211 40.7944885008 -218.6008220544 49.28587
S062 19APR27 2019.3183 58600 2050 6 141.4 -69 -0.377781 4517751 -0.156640 49 0.287096 0.0000 0.000693 0.000894 0.002947 -0.054375 0.111394 -0.190329 40.7944884945 -218.6008220509 49.28710
S062 19APR28 2019.3210 58601 2051 0 141.4 -69 -0.377148 4517751 -0.157018 49 0.288844 0.0000 0.000692 0.000909 0.002941 -0.047527 0.085150 -0.158967 40.7944884911 -218.6008220434 49.28884
S062 19APR29 2019.3238 58602 2051 1 141.4 -69 -0.377489 4517751 -0.156999 49 0.286093 0.0000 0.000697 0.000923 0.003062 -0.044736 0.098315 -0.202669 40.7944884913 -218.6008220474 49.28609
S062 19APR30 2019.3265 58603 2051 2 141.4 -69 -0.376019 4517751 -0.156942 49 0.292332 0.0000 0.000690 0.000912 0.002921 -0.068029 0.102809 -0.167282 40.7944884918 -218.6008220300 49.29233
S062 19MAY01 2019.3292 58604 2051 3 141.4 -69 -0.376154 4517751 -0.156759 49 0.289379 0.0000 0.000721 0.000942 0.003117 -0.037501 0.128047 -0.186608 40.7944884934 -218.6008220316 49.28938
S062 19MAY02 2019.3320 58605 2051 4 141.4 -69 -0.378844 4517751 -0.157225 49 0.289299 0.0000 0.000727 0.000930 0.003114 -0.078746 0.125472 -0.211816 40.7944884892 -218.6008220635 49.28930
S062 19MAY03 2019.3347 58606 2051 5 141.4 -69 -0.377767 4517751 -0.157549 49 0.289665 0.0000 0.000715 0.000932 0.003141 -0.060766 0.106221 -0.176797 40.7944884863 -218.6008220507 49.28966
S062 19MAY04 2019.3374 58607 2051 6 141.4 -69 -0.377140 4517751 -0.156431 49 0.288284 0.0000 0.000707 0.000924 0.003041 -0.046119 0.061805 -0.159195 40.7944884964 -218.6008220433 49.28828
S062 19MAY05 2019.3402 58608 2052 0 141.4 -69 -0.377474 4517751 -0.156242 49 0.288724 0.0000 0.000702 0.000907 0.002948 -0.075819 0.092425 -0.149663 40.7944884981 -218.6008220472 49.28872
S062 19MAY06 2019.3429 58609 2052 1 141.4 -69 -0.378175 4517751 -0.156711 49 0.290933 0.0000 0.000712 0.000941 0.003099 -0.068176 0.074178 -0.178380 40.7944884939 -218.6008220555 49.29093
S062 19MAY07 2019.3457 58610 2052 2 141.4 -69 -0.377390 4517751 -0.154233 49 0.285502 0.0000 0.000727 0.000962 0.003210 -0.015134 0.080059 -0.176237 40.7944885162 -218.6008220462 49.28550
S062 19MAY08 2019.3484 58611 2052 3 141.4 -69 -0.377772 4517751 -0.157392 49 0.289500 0.0000 0.000730 0.000957 0.003247 -0.032206 0.130686 -0.177218 40.7944884877 -218.6008220508 49.28950
S062 19MAY09 2019.3511 58612 2052 4 141.4 -69 -0.378192 4517751 -0.154676 49 0.291617 0.0000 0.000722 0.000922 0.003138 -0.032901 0.140639 -0.190419 40.7944885122 -218.6008220557 49.29162
S062 19MAY10 2019.3539 58613 2052 5 141.4 -69 -0.379000 4517751 -0.156668 49 0.294252 0.0000 0.000727 0.000970 0.003195 -0.025435 0.060919 -0.129288 40.7944884943 -218.6008220653 49.29425
S062 19MAY11 2019.3566 58614 2052 6 141.4 -69 -0.377649 4517751 -0.156616 49 0.289077 0.0000 0.000701 0.000921 0.003043 -0.065236 0.157896 -0.133845 40.7944884947 -218.6008220493 49.28908
S062 19MAY12 2019.3593 58615 2053 0 141.4 -69 -0.377149 4517751 -0.156005 49 0.287630 0.0000 0.000710 0.000920 0.003063 -0.038532 0.057871 -0.190086 40.7944885002 -218.6008220434 49.28763
S062 19MAY13 2019.3621 58616 2053 1 141.4 -69 -0.377134 4517751 -0.156598 49 0.290132 0.0000 0.000729 0.000945 0.003120 -0.078649 0.138627 -0.157678 40.7944884949 -218.6008220432 49.29013
S062 19MAY14 2019.3648 58617 2053 2 141.4 -69 -0.378840 4517751 -0.156205 49 0.289580 0.0000 0.000728 0.000937 0.003045 -0.088169 0.036506 -0.142376 40.7944884984 -218.6008220634 49.28958
S062 19MAY15 2019.3676 58618 2053 3 141.4 -69 -0.378063 4517751 -0.157319 49 0.289623 0.0000 0.000716 0.000912 0.003055 -0.086598 0.140405 -0.145777 40.7944884884 -218.6008220542 49.28962
S062 19MAY16 2019.3703 58619 2053 4 141.4 -69 -0.377779 4517751 -0.155944 49 0.289654 0.0000 0.000720 0.000952 0.003088 -0.078460 0.139197 -0.146385 40.7944885008 -218.6008220508 49.28965
S062 19MAY17 2019.3730 58620 2053 5 141.4 -69 -0.377180 4517751 -0.155864 49 0.290234 0.0000 0.000707 0.000925 0.003067 -0.082332 0.148785 -0.190165 40.7944885015 -218.6008220437 49.29023
S062 19MAY18 2019.3758 58621 2053 6 141.4 -69 -0.379075 4517751 -0.156971 49 0.288748 0.0000 0.000734 0.000948 0.003136 -0.033876 0.116143 -0.170950 40.7944884915 -218.6008220662 49.28875
S062 19MAY19 2019.3785 58622 2054 0 141.4 -69 -0.377326 4517751 -0.157095 49 0.289298 0.0000 0.000713 0.000919 0.003052 -0.078461 0.096493 -0.135372 40.7944884904 -218.6008220455 49.28930
S062 19MAY20 2019.3812 58623 2054 1 141.4 -69 -0.377912 4517751 -0.157805 49 0.298535 0.0000 0.000715 0.000924 0.003127 -0.059325 0.125942 -0.145555 40.7944884840 -218.6008220524 49.29853
S062 19MAY21 2019.3840 58624 2054 2 141.4 -69 -0.377015 4517751 -0.157265 49 0.288687 0.0000 0.000739 0.000960 0.003216 -0.090120 0.126921 -0.139112 40.7944884889 -218.6008220418 49.28869
S062 19MAY22 2019.3867 58625 2054 3 141.4 -69 -0.377242 4517751 -0.157923 49 0.290358 0.0000 0.000731 0.000937 0.003158 -0.050663 0.093978 -0.151808 40.7944884830 -218.6008220445 49.29036
S062 19MAY23 2019.3895 58626 2054 4 141.4 -69 -0.377958 4517751 -0.156474 49 0.288557 0.0000 0.000741 0.000999 0.003318 -0.043898 0.061432 -0.181794 40.7944884960 -218.6008220530 49.28856
S062 19MAY24 2019.3922 58627 2054 5 141.4 -69 -0.378211 4517751 -0.156029 49 0.295106 0.0000 0.000720 0.000919 0.003053 -0.067074 0.087508 -0.139132 40.7944885000 -218.6008220560 49.29511
S062 19MAY25 2019.3949 58628 2054 6 141.4 -69 -0.377321 4517751 -0.158031 49 0.292387 0.0000 0.000699 0.000903 0.002965 -0.053115 0.117759 -0.149678 40.7944884820 -218.6008220454 49.29239
S062 19MAY26 2019.3977 58629 2055 0 141.4 -69 -0.378965 4517751 -0.156462 49 0.292203 0.0000 0.000694 0.000911 0.003011 -0.048793 0.107815 -0.150344 40.7944884961 -218.6008220649 49.29220
S062 19MAY27 2019.4004 58630 2055 1 141.4 -69 -0.378539 4517751 -0.156072 49 0.290424 0.0000 0.000730 0.000953 0.003203 -0.063075 0.151003 -0.129501 40.7944884996 -218.6008220598 49.29042
S062 19MAY28 2019.4031 58631 2055 2 141.4 -69 -0.377673 4517751 -0.154161 49 0.290126 0.0000 0.000737 0.000950 0.003224 -0.037388 0.081375 -0.177515 40.7944885168 -218.6008220496 49.29013
S062 19MAY29 2019.4059 58632 2055 3 141.4 -69 -0.379226 4517751 -0.157268 49 0.291041 0.0000 0.000763 0.000977 0.003360 -0.082740 0.117237 -0.173922 40.7944884889 -218.6008220680 49.29104
S062 19MAY30 2019.4086 58633 2055 4 141.4 -69 -0.377236 4517751 -0.158152 49 0.293451 0.0000 0.000746 0.000985 0.003340 -0.056345 0.142671 -0.130281 40.7944884809 -218.6008220444 49.29345
S062 19MAY31 2019.4114 58634 2055 5 141.4 -69 -0.378096 4517751 -0.157177 49 0.298210 0.0000 0.000728 0.000935 0.003108 -0.066973 0.134182 -0.167885 40.7944884897 -218.6008220546 49.29821
S062 19JUN01 2019.4141 58635 2055 6 141.4 -69 -0.379071 4517751 -0.157368 49 0.297290 0.0000 0.000763 0.001006 0.003365 -0.075491 0.094699 -0.143007 40.7944884880 -218.6008220661 49.29729
S062 19JUN02 2019.4168 58636 2056 0 141.4 -69 -0.378595 4517751 -0.155777 49 0.294735 0.0000 0.000735 0.000940 0.003248 -0.068647 0.173501 -0.140821 40.7944885023 -218.6008220605 49.29474
S062 19JUN03 2019.4196 58637 2056 1 141.4 -69 -0.378677 4517751 -0.155731 49 0.295994 0.0000 0.000712 0.000923 0.003037 -0.069030 0.110897 -0.156343 40.7944885027 -218.6008220615 49.29599
S062 19JUN04 2019.4223 58638 2056 2 141.4 -69 -0.380399 4517751 -0.155548 49 0.295628 0.0000 0.000721 0.000948 0.003098 -0.093155 0.083866 -0.103945 40.7944885043 -218.6008220819 49.29563
S062 19JUN05 2019.4251 58639 2056 3 141.4 -69 -0.377868 4517751 -0.155682 49 0.293798 0.0000 0.000713 0.000934 0.003119 -0.056763 0.088550 -0.198818 40.7944885031 -218.6008220519 49.29380
S062 19JUN06 2019.4278 58640 2056 4 141.4 -69 -0.377166 4517751 -0.157785 49 0.294689 0.0000 0.000724 0.000944 0.003169 -0.063772 0.117217 -0.191542 40.7944884842 -218.6008220436 49.29469
S062 19JUN07 2019.4305 58641 2056 5 141.4 -69 -0.379393 4517751 -0.157183 49 0.294794 0.0000 0.000719 0.000944 0.003231 -0.085010 0.162275 -0.194757 40.7944884896 -218.6008220700 49.29479
S062 19JUN08 2019.4333 58642 2056 6 141.4 -69 -0.377896 4517751 -0.156943 49 0.296220 0.0000 0.000751 0.000990 0.003381 -0.060149 0.042097 -0.160821 40.7944884918 -218.6008220522 49.29622
S062 19JUN09 2019.4360 58643 2057 0 141.4 -69 -0.377792 4517751 -0.157031 49 0.295101 0.0000 0.000739 0.000984 0.003313 -0.074246 0.124189 -0.156297 40.7944884910 -218.6008220510 49.29510
S062 19JUN10 2019.4387 58644 2057 1 141.4 -69 -0.376086 4517751 -0.156334 49 0.292349 0.0000 0.000728 0.000957 0.003216 -0.060088 0.102675 -0.203216 40.7944884973 -218.6008220308 49.29235
S062 19JUN11 2019.4415 58645 2057 2 141.4 -69 -0.377372 4517751 -0.157877 49 0.293614 0.0000 0.000811 0.001062 0.003624 -0.048039 0.152657 -0.167544 40.7944884834 -218.6008220460 49.29361
S062 19JUN12 2019.4442 58646 2057 3 141.4 -69 -0.377665 4517751 -0.157630 49 0.294558 0.0000 0.000743 0.000981 0.003242 -0.046638 0.126574 -0.141952 40.7944884856 -218.6008220495 49.29456
S062 19JUN13 2019.4470 58647 2057 4 141.4 -69 -0.377078 4517751 -0.157196 49 0.296983 0.0000 0.000722 0.000940 0.003120 -0.055700 0.126820 -0.189108 40.7944884895 -218.6008220425 49.29698
S062 19JUN14 2019.4497 58648 2057 5 141.4 -69 -0.376302 4517751 -0.157343 49 0.296026 0.0000 0.000749 0.000975 0.003268 -0.082092 0.098120 -0.160906 40.7944884882 -218.6008220333 49.29603
S062 19JUN15 2019.4524 58649 2057 6 141.4 -69 -0.377511 4517751 -0.156892 49 0.300227 0.0000 0.000754 0.000970 0.003355 -0.046690 0.184310 -0.140748 40.7944884922 -218.6008220477 49.30023
S062 19JUN16 2019.4552 58650 2058 0 141.4 -69 -0.377973 4517751 -0.157398 49 0.294725 0.0000 0.000723 0.000936 0.003153 -0.052517 0.108789 -0.161958 40.7944884877 -218.6008220531 49.29473
S062 19JUN17 2019.4579 58651 2058 1 141.4 -69 -0.376662 4517751 -0.156980 49 0.294402 0.0000 0.000743 0.001005 0.003325 -0.076085 0.128063 -0.139079 40.7944884915 -218.6008220376 49.29440
S062 19JUN18 2019.4606 58652 2058 2 141.4 -69 -0.377119 4517751 -0.157440 49 0.292679 0.0000 0.000719 0.000963 0.003097 -0.055606 0.068625 -0.124997 40.7944884873 -218.6008220430 49.29268
S062 19JUN19 2019.4634 58653 2058 3 141.4 -69 -0.374550 4517751 -0.158557 49 0.290038 0.0000 0.000757 0.001010 0.003353 -0.087624 0.141488 -0.183818 40.7944884772 -218.6008220126 49.29004
S062 19JUN20 2019.4661 58654 2058 4 141.4 -69 -0.375748 4517751 -0.157999 49 0.293868 0.0000 0.000744 0.000983 0.003305 -0.068940 0.126754 -0.183900 40.7944884823 -218.6008220268 49.29387
S062 19JUN21 2019.4689 58655 2058 5 141.4 -69 -0.377042 4517751 -0.157078 49 0.297235 0.0000 0.000753 0.000988 0.003342 -0.070882 0.095367 -0.135988 40.7944884906 -218.6008220421 49.29723
S062 19JUN22 2019.4716 58656 2058 6 141.4 -69 -0.377423 4517751 -0.156560 49 0.298075 0.0000 0.000724 0.000953 0.003207 -0.059749 0.106583 -0.176669 40.7944884952 -218.6008220466 49.29807
S062 19JUN23 2019.4743 58657 2059 0 141.4 -69 -0.377117 4517751 -0.157135 49 0.292666 0.0000 0.000705 0.000952 0.003115 -0.059691 0.105743 -0.161461 40.7944884901 -218.6008220430 49.29267
S062 19JUN24 2019.4771 58658 2059 1 141.4 -69 -0.377382 4517751 -0.156150 49 0.288044 0.0000 0.000727 0.000942 0.003157 -0.036091 0.046692 -0.222953 40.7944884989 -218.6008220461 49.28804
S062 19JUN25 2019.4798 58659 2059 2 141.4 -69 -0.375777 4517751 -0.156608 49 0.291771 0.0000 0.000736 0.000981 0.003290 -0.061129 0.107749 -0.188706 40.7944884948 -218.6008220271 49.29177
S062 19JUN26 2019.4825 58660 2059 3 141.4 -69 -0.374178 4517751 -0.157507 49 0.292544 0.0000 0.000736 0.000940 0.003119 -0.080429 0.121742 -0.177617 40.7944884867 -218.6008220082 49.29254
S062 19JUN27 2019.4853 58661 2059 4 141.4 -69 -0.374448 4517751 -0.157249 49 0.298293 0.0000 0.000723 0.000931 0.003088 -0.064166 0.069838 -0.101184 40.7944884890 -218.6008220114 49.29829
S062 19JUN28 2019.4880 58662 2059 5 141.4 -69 -0.373834 4517751 -0.157267 49 0.293734 0.0000 0.000737 0.000978 0.003231 -0.026127 0.092594 -0.155998 40.7944884889 -218.6008220041 49.29373
S062 19JUN29 2019.4908 58663 2059 6 141.4 -69 -0.375022 4517751 -0.157262 49 0.294206 0.0000 0.000719 0.000914 0.003092 -0.064710 0.123940 -0.181558 40.7944884889 -218.6008220182 49.29421
S062 19JUN30 2019.4935 58664 2060 0 141.4 -69 -0.374732 4517751 -0.158184 49 0.289080 0.0000 0.000724 0.000928 0.003153 -0.078911 0.141021 -0.173185 40.7944884806 -218.6008220147 49.28908
S062 19JUL01 2019.4962 58665 2060 1 141.4 -69 -0.376420 4517751 -0.157648 49 0.295206 0.0000 0.000760 0.001022 0.003482 -0.067129 0.118528 -0.148452 40.7944884854 -218.6008220347 49.29521
S062 19JUL02 2019.4990 58666 2060 2 141.4 -69 -0.373710 4517751 -0.158158 49 0.287513 0.0000 0.000733 0.000927 0.003201 -0.064906 0.099431 -0.178934 40.7944884808 -218.6008220026 49.28751
S062 19JUL03 2019.5017 58667 2060 3 141.4 -69 -0.375123 4517751 -0.157246 49 0.288312 0.0000 0.000734 0.000947 0.003157 -0.039639 0.141542 -0.159320 40.7944884891 -218.6008220194 49.28831
S062 19JUL04 2019.5044 58668 2060 4 141.4 -69 -0.375869 4517751 -0.156899 49 0.293590 0.0000 0.000802 0.001001 0.003573 -0.093257 0.095322 -0.176038 40.7944884922 -218.6008220282 49.29359
S062 19JUL05 2019.5072 58669 2060 5 141.4 -69 -0.375685 4517751 -0.157563 49 0.295257 0.0000 0.000741 0.000943 0.003210 -0.094713 0.114691 -0.165649 40.7944884862 -218.6008220260 49.29526
S062 19JUL06 2019.5099 58670 2060 6 141.4 -69 -0.375196 4517751 -0.157844 49 0.293195 0.0000 0.000720 0.000947 0.003174 -0.036270 0.115122 -0.211101 40.7944884837 -218.6008220202 49.29320
S062 19JUL07 2019.5127 58671 2061 0 141.4 -69 -0.375127 4517751 -0.157177 49 0.293980 0.0000 0.000750 0.000950 0.003207 -0.038903 0.096447 -0.157799 40.7944884897 -218.6008220194 49.29398
S062 19JUL08 2019.5154 58672 2061 1 141.4 -69 -0.374889 4517751 -0.157390 49 0.288851 0.0000 0.000721 0.000918 0.003070 -0.047709 0.081720 -0.156721 40.7944884878 -218.6008220166 49.28885
S062 19JUL09 2019.5181 58673 2061 2 141.4 -69 -0.374954 4517751 -0.157497 49 0.290729 0.0000 0.000732 0.000932 0.003139 -0.068684 0.094345 -0.128380 40.7944884868 -218.6008220174 49.29073
S062 19JUL10 2019.5209 58674 2061 3 141.4 -69 -0.375395 4517751 -0.158106 49 0.290917 0.0000 0.000719 0.000933 0.003144 -0.064616 0.164892 -0.168897 40.7944884813 -218.6008220226 49.29092
S062 19JUL11 2019.5236 58675 2061 4 141.4 -69 -0.374642 4517751 -0.158106 49 0.290074 0.0000 0.000724 0.000942 0.003179 -0.052084 0.134994 -0.222501 40.7944884813 -218.6008220137 49.29007
S062 19JUL12 2019.5264 58676 2061 5 141.4 -69 -0.375856 4517751 -0.158548 49 0.293214 0.0000 0.000721 0.000927 0.003124 -0.050701 0.090069 -0.165734 40.7944884773 -218.6008220281 49.29321
S062 19JUL13 2019.5291 58677 2061 6 141.4 -69 -0.373989 4517751 -0.158958 49 0.292488 0.0000 0.000760 0.000967 0.003338 -0.084127 0.097181 -0.168037 40.7944884736 -218.6008220059 49.29249
S062 19JUL14 2019.5318 58678 2062 0 141.4 -69 -0.373458 4517751 -0.158557 49 0.297920 0.0000 0.000743 0.000957 0.003214 -0.017322 0.120067 -0.225537 40.7944884772 -218.6008219996 49.29792
S062 19JUL15 2019.5346 58679 2062 1 141.4 -69 -0.374601 4517751 -0.158208 49 0.289074 0.0000 0.000739 0.000975 0.003234 -0.035842 0.069263 -0.193154 40.7944884804 -218.6008220132 49.28907
S062 19JUL16 2019.5373 58680 2062 2 141.4 -69 -0.374459 4517751 -0.157852 49 0.291199 0.0000 0.000745 0.000968 0.003306 -0.056020 0.130845 -0.189118 40.7944884836 -218.6008220115 49.29120
S062 19JUL17 2019.5400 58681 2062 3 141.4 -69 -0.373561 4517751 -0.157097 49 0.290814 0.0000 0.000723 0.000938 0.003137 -0.053538 0.100710 -0.217014 40.7944884904 -218.6008220009 49.29081
S062 19JUL18 2019.5428 58682 2062 4 141.4 -69 -0.374254 4517751 -0.157426 49 0.292938 0.0000 0.000749 0.000971 0.003310 -0.066307 0.134550 -0.163717 40.7944884874 -218.6008220091 49.29294
S062 19JUL19 2019.5455 58683 2062 5 141.4 -69 -0.373076 4517751 -0.157609 49 0.291765 0.0000 0.000755 0.000984 0.003299 -0.105255 0.150643 -0.198751 40.7944884858 -218.6008219951 49.29176
S062 19JUL20 2019.5483 58684 2062 6 141.4 -69 -0.374316 4517751 -0.157871 49 0.288137 0.0000 0.000729 0.000948 0.003151 -0.051394 0.085038 -0.180652 40.7944884834 -218.6008220098 49.28814
S062 19JUL21 2019.5510 58685 2063 0 141.4 -69 -0.374039 4517751 -0.157133 49 0.288984 0.0000 0.000748 0.000954 0.003354 -0.046574 0.160499 -0.214495 40.7944884901 -218.6008220065 49.28898
S062 19JUL22 2019.5537 58686 2063 1 141.4 -69 -0.374827 4517751 -0.157400 49 0.297773 0.0000 0.000759 0.000976 0.003378 0.006303 0.082363 -0.205954 40.7944884877 -218.6008220159 49.29777
S062 19JUL23 2019.5565 58687 2063 2 141.4 -69 -0.376372 4517751 -0.158457 49 0.288164 0.0000 0.000744 0.000949 0.003164 -0.069319 0.089362 -0.187398 40.7944884781 -218.6008220342 49.28816
S062 19JUL24 2019.5592 58688 2063 3 141.4 -69 -0.375104 4517751 -0.158685 49 0.300728 0.0000 0.000773 0.000974 0.003427 -0.047975 0.122739 -0.234222 40.7944884761 -218.6008220191 49.30073
S062 19JUL25 2019.5619 58689 2063 4 141.4 -69 -0.374931 4517751 -0.159237 49 0.299636 0.0000 0.000723 0.000926 0.003110 -0.049721 0.069475 -0.203459 40.7944884711 -218.6008220171 49.29964
S062 19JUL26 2019.5647 58690 2063 5 141.4 -69 -0.374605 4517751 -0.157666 49 0.293754 0.0000 0.000747 0.000936 0.003243 -0.033490 0.068499 -0.133324 40.7944884853 -218.6008220132 49.29375
S062 19JUL27 2019.5674 58691 2063 6 141.4 -69 -0.376007 4517751 -0.156928 49 0.297625 0.0000 0.000742 0.000955 0.003242 -0.086699 0.118124 -0.174951 40.7944884919 -218.6008220298 49.29763
S062 19JUL28 2019.5702 58692 2064 0 141.4 -69 -0.375343 4517751 -0.159493 49 0.293405 0.0000 0.000764 0.000996 0.003451 -0.048296 0.127120 -0.215422 40.7944884688 -218.6008220220 49.29341
S062 19JUL29 2019.5729 58693 2064 1 141.4 -69 -0.375051 4517751 -0.160023 49 0.293638 0.0000 0.000764 0.001020 0.003412 -0.071989 0.130392 -0.185906 40.7944884640 -218.6008220185 49.29364
S062 19JUL30 2019.5756 58694 2064 2 141.4 -69 -0.374778 4517751 -0.159111 49 0.294421 0.0000 0.000732 0.000957 0.003194 -0.084151 0.103972 -0.187324 40.7944884723 -218.6008220153 49.29442
S062 19JUL31 2019.5784 58695 2064 3 141.4 -69 -0.375978 4517751 -0.158925 49 0.290722 0.0000 0.000768 0.000984 0.003300 0.002972 0.048363 -0.184125 40.7944884739 -218.6008220295 49.29072
S062 19AUG01 2019.5811 58696 2064 4 141.4 -69 -0.374472 4517751 -0.159170 49 0.299192 0.0000 0.000754 0.000962 0.003355 -0.062103 0.080211 -0.214863 40.7944884717 -218.6008220117 49.29919
S062 19AUG02 2019.5838 58697 2064 5 141.4 -69 -0.375456 4517751 -0.157877 49 0.293265 0.0000 0.000744 0.000966 0.003315 -0.043496 0.138249 -0.208964 40.7944884834 -218.6008220233 49.29327
S062 19AUG03 2019.5866 58698 2064 6 141.4 -69 -0.375214 4517751 -0.159638 49 0.288206 0.0000 0.000712 0.000953 0.003173 -0.058878 0.138825 -0.204893 40.7944884675 -218.6008220204 49.28821
S062 19AUG04 2019.5893 58699 2065 0 141.4 -69 -0.375603 4517751 -0.159989 49 0.291095 0.0000 0.000710 0.000926 0.003118 -0.059205 0.093881 -0.217819 40.7944884643 -218.6008220251 49.29110
S062 19AUG05 2019.5921 58700 2065 1 141.4 -69 -0.375082 4517751 -0.157925 49 0.294907 0.0000 0.000761 0.001041 0.003585 -0.078153 0.183000 -0.176218 40.7944884829 -218.6008220189 49.29491
S062 19AUG06 2019.5948 58701 2065 2 141.4 -69 -0.374542 4517751 -0.158572 49 0.295056 0.0000 0.000719 0.000939 0.003172 -0.047074 0.082203 -0.179296 40.7944884771 -218.6008220125 49.29506
S062 19AUG07 2019.5975 58702 2065 3 141.4 -69 -0.374140 4517751 -0.159536 49 0.293686 0.0000 0.000777 0.000992 0.003382 -0.070742 0.118647 -0.196536 40.7944884684 -218.6008220077 49.29369
S062 19AUG08 2019.6003 58703 2065 4 141.4 -69 -0.373305 4517751 -0.157333 49 0.295548 0.0000 0.000743 0.000951 0.003148 -0.090542 0.151054 -0.166432 40.7944884883 -218.6008219978 49.29555
S062 19AUG09 2019.6030 58704 2065 5 141.4 -69 -0.373202 4517751 -0.157266 49 0.296580 0.0000 0.000744 0.000968 0.003260 -0.040349 0.106814 -0.204802 40.7944884889 -218.6008219966 49.29658
S062 19AUG10 2019.6057 58705 2065 6 141.4 -69 -0.373647 4517751 -0.157921 49 0.289756 0.0000 0.000760 0.000990 0.003375 -0.061329 0.074876 -0.193493 40.7944884830 -218.6008220019 49.28976
S062 19AUG11 2019.6085 58706 2066 0 141.4 -69 -0.374256 4517751 -0.159656 49 0.295533 0.0000 0.000767 0.000994 0.003387 -0.034887 0.123380 -0.202354 40.7944884674 -218.6008220091 49.29553
S062 19AUG12 2019.6112 58707 2066 1 141.4 -69 -0.372854 4517751 -0.160814 49 0.302737 0.0000 0.000754 0.000956 0.003320 -0.069391 0.106354 -0.200385 40.7944884569 -218.6008219925 49.30274
S062 19AUG13 2019.6140 58708 2066 2 141.4 -69 -0.374250 4517751 -0.160614 49 0.302950 0.0000 0.000750 0.001012 0.003390 0.001045 0.060194 -0.195530 40.7944884587 -218.6008220090 49.30295
S062 19AUG14 2019.6167 58709 2066 3 141.4 -69 -0.374761 4517751 -0.159536 49 0.298601 0.0000 0.000718 0.000936 0.003096 -0.084141 0.080410 -0.174629 40.7944884684 -218.6008220151 49.29860
S062 19AUG15 2019.6194 58710 2066 4 141.4 -69 -0.373862 4517751 -0.160539 49 0.299498 0.0000 0.000756 0.000980 0.003378 -0.051845 0.125562 -0.190558 40.7944884594 -218.6008220044 49.29950
S062 19AUG16 2019.6222 58711 2066 5 141.4 -69 -0.374499 4517751 -0.158959 49 0.305803 0.0000 0.000750 0.000950 0.003223 -0.075384 0.142053 -0.177395 40.7944884736 -218.6008220120 49.30580
S062 19AUG17 2019.6249 58712 2066 6 141.4 -69 -0.374582 4517751 -0.158621 49 0.286583 0.0000 0.000751 0.000947 0.003245 -0.089685 0.163401 -0.162988 40.7944884767 -218.6008220130 49.28658
S062 19AUG18 2019.6277 58713 2067 0 141.4 -69 -0.374278 4517751 -0.160285 49 0.292597 0.0000 0.000712 0.000921 0.003096 -0.047171 0.147452 -0.149525 40.7944884617 -218.6008220094 49.29260
S062 19AUG19 2019.6304 58714 2067 1 141.4 -69 -0.374881 4517751 -0.160704 49 0.298963 0.0000 0.000722 0.000925 0.003196 -0.002356 0.093340 -0.207591 40.7944884579 -218.6008220165 49.29896
S062 19AUG20 2019.6331 58715 2067 2 141.4 -69 -0.373795 4517751 -0.159618 49 0.304472 0.0000 0.000758 0.000969 0.003300 -0.096949 0.129429 -0.146453 40.7944884677 -218.6008220036 49.30447
S062 19AUG21 2019.6359 58716 2067 3 141.4 -69 -0.374133 4517751 -0.160716 49 0.300543 0.0000 0.000733 0.000963 0.003235 -0.095056 0.120776 -0.203032 40.7944884578 -218.6008220076 49.30054
S062 19AUG22 2019.6386 58717 2067 4 141.4 -69 -0.373541 4517751 -0.159641 49 0.291200 0.0000 0.000783 0.001002 0.003593 -0.088867 0.146316 -0.243934 40.7944884675 -218.6008220006 49.29120
S062 19AUG23 2019.6413 58718 2067 5 141.4 -69 -0.373604 4517751 -0.160725 49 0.300277 0.0000 0.000775 0.001026 0.003586 -0.085854 0.110129 -0.182492 40.7944884577 -218.6008220014 49.30028
S062 19AUG24 2019.6441 58719 2067 6 141.4 -69 -0.371911 4517751 -0.161887 49 0.306333 0.0000 0.000730 0.000943 0.003201 -0.065346 0.101786 -0.179714 40.7944884473 -218.6008219813 49.30633
S062 19AUG25 2019.6468 58720 2068 0 141.4 -69 -0.371709 4517751 -0.161259 49 0.288328 0.0000 0.000712 0.000928 0.003110 -0.073235 0.141437 -0.183245 40.7944884529 -218.6008219789 49.28833
S062 19AUG26 2019.6496 58721 2068 1 141.4 -69 -0.372625 4517751 -0.161093 49 0.293473 0.0000 0.000702 0.000921 0.003041 -0.088838 0.109292 -0.167314 40.7944884544 -218.6008219898 49.29347
S062 19AUG27 2019.6523 58722 2068 2 141.4 -69 -0.372144 4517751 -0.160268 49 0.296327 0.0000 0.000726 0.000926 0.003198 -0.074779 0.159011 -0.223384 40.7944884618 -218.6008219841 49.29633
S062 19AUG28 2019.6550 58723 2068 3 141.4 -69 -0.370959 4517751 -0.161194 49 0.296129 0.0000 0.000740 0.000989 0.003271 -0.043665 0.085233 -0.193398 40.7944884535 -218.6008219700 49.29613
S062 19AUG29 2019.6578 58724 2068 4 141.4 -69 -0.370024 4517751 -0.158903 49 0.297921 0.0000 0.000729 0.000958 0.003252 -0.089713 0.144318 -0.188799 40.7944884741 -218.6008219590 49.29792
S062 19AUG30 2019.6605 58725 2068 5 141.4 -69 -0.372354 4517751 -0.160635 49 0.290723 0.0000 0.000774 0.001006 0.003575 -0.094826 0.137262 -0.193951 40.7944884585 -218.6008219866 49.29072
S062 19AUG31 2019.6632 58726 2068 6 141.4 -69 -0.371418 4517751 -0.159459 49 0.290773 0.0000 0.000737 0.000976 0.003289 -0.093892 0.120327 -0.177885 40.7944884691 -218.6008219755 49.29077
S062 19SEP01 2019.6660 58727 2069 0 141.4 -69 -0.372363 4517751 -0.160897 49 0.285589 0.0000 0.000718 0.000939 0.003213 -0.067578 0.138443 -0.166461 40.7944884562 -218.6008219867 49.28559
S062 19SEP02 2019.6687 58728 2069 1 141.4 -69 -0.372111 4517751 -0.163516 49 0.288252 0.0000 0.000717 0.000924 0.003089 -0.078839 0.135814 -0.170122 40.7944884326 -218.6008219837 49.28825
S062 19SEP03 2019.6715 58729 2069 2 141.4 -69 -0.369935 4517751 -0.163790 49 0.290001 0.0000 0.000711 0.000918 0.003046 -0.055652 0.091837 -0.186042 40.7944884301 -218.6008219579 49.29000
S062 19SEP04 2019.6742 58730 2069 3 141.4 -69 -0.368970 4517751 -0.162145 49 0.285353 0.0000 0.000704 0.000924 0.003092 -0.050616 0.066349 -0.191513 40.7944884449 -218.6008219465 49.28535
S062 19SEP05 2019.6769 58731 2069 4 141.4 -69 -0.369273 4517751 -0.161058 49 0.288054 0.0000 0.000742 0.000917 0.003177 -0.082952 0.156277 -0.153706 40.7944884547 -218.6008219501 49.28805
S062 19SEP06 2019.6797 58732 2069 5 141.4 -69 -0.369964 4517751 -0.160668 49 0.299075 0.0000 0.000743 0.000923 0.003143 -0.059532 0.131833 -0.152896 40.7944884582 -218.6008219582 49.29908
S062 19SEP07 2019.6824 58733 2069 6 141.4 -69 -0.369330 4517751 -0.161129 49 0.291408 0.0000 0.000705 0.000894 0.002971 -0.068843 0.122879 -0.167309 40.7944884541 -218.6008219507 49.29141
S062 19SEP08 2019.6851 58734 2070 0 141.4 -69 -0.370623 4517751 -0.162241 49 0.290957 0.0000 0.000712 0.000926 0.003094 -0.067208 0.162624 -0.179473 40.7944884441 -218.6008219660 49.29096
S062 19SEP09 2019.6879 58735 2070 1 141.4 -69 -0.371632 4517751 -0.161368 49 0.291011 0.0000 0.000734 0.000934 0.003134 -0.042106 0.050423 -0.163188 40.7944884519 -218.6008219780 49.29101
S062 19SEP10 2019.6906 58736 2070 2 141.4 -69 -0.373220 4517751 -0.163096 49 0.279125 0.0000 0.000741 0.000967 0.003285 -0.036617 0.074546 -0.175435 40.7944884364 -218.6008219968 49.27912
S062 19SEP11 2019.6934 58737 2070 3 141.4 -69 -0.370519 4517751 -0.162453 49 0.290642 0.0000 0.000730 0.000936 0.003165 -0.074884 0.099466 -0.221054 40.7944884422 -218.6008219648 49.29064
S062 19SEP12 2019.6961 58738 2070 4 141.4 -69 -0.369091 4517751 -0.164293 49 0.295116 0.0000 0.000726 0.000926 0.003100 -0.054164 0.129267 -0.190392 40.7944884256 -218.6008219479 49.29512
S062 19SEP13 2019.6988 58739 2070 5 141.4 -69 -0.368357 4517751 -0.163480 49 0.285358 0.0000 0.000699 0.000904 0.003059 -0.063595 0.122745 -0.220945 40.7944884329 -218.6008219392 49.28536
S062 19SEP14 2019.7016 58740 2070 6 141.4 -69 -0.369150 4517751 -0.162956 49 0.288775 0.0000 0.000702 0.000918 0.003046 -0.074237 0.095907 -0.228904 40.7944884376 -218.6008219486 49.28877
S062 19SEP15 2019.7043 58741 2071 0 141.4 -69 -0.369213 4517751 -0.161660 49 0.289872 0.0000 0.000718 0.000920 0.003022 -0.069984 0.135400 -0.157691 40.7944884493 -218.6008219493 49.28987
S062 19SEP16 2019.7070 58742 2071 1 141.4 -69 -0.367713 4517751 -0.164267 49 0.291458 0.0000 0.000724 0.000923 0.003083 -0.087541 0.153423 -0.158338 40.7944884258 -218.6008219316 49.29146
S062 19SEP17 2019.7098 58743 2071 2 141.4 -69 -0.368204 4517751 -0.164771 49 0.297087 0.0000 0.000713 0.000917 0.003040 -0.064114 0.077327 -0.173771 40.7944884213 -218.6008219374 49.29709
S062 19SEP18 2019.7125 58744 2071 3 141.4 -69 -0.366912 4517751 -0.166683 49 0.289478 0.0000 0.000725 0.000938 0.003160 -0.041527 0.112455 -0.181234 40.7944884041 -218.6008219221 49.28948
S062 19SEP19 2019.7153 58745 2071 4 141.4 -69 -0.370263 4517751 -0.162654 49 0.295355 0.0000 0.000723 0.000942 0.003178 -0.072688 0.116075 -0.156652 40.7944884404 -218.6008219618 49.29536
S062 19SEP20 2019.7180 58746 2071 5 141.4 -69 -0.368259 4517751 -0.163395 49 0.280925 0.0000 0.000729 0.000978 0.003202 -0.068177 0.109907 -0.238122 40.7944884337 -218.6008219380 49.28093
S062 19SEP21 2019.7207 58747 2071 6 141.4 -69 -0.368966 4517751 -0.163013 49 0.286134 0.0000 0.000732 0.000960 0.003147 -0.032053 0.103716 -0.200700 40.7944884371 -218.6008219464 49.28613
S062 19SEP22 2019.7235 58748 2072 0 141.4 -69 -0.368871 4517751 -0.164397 49 0.291678 0.0000 0.000706 0.000913 0.003061 -0.094949 0.100226 -0.205883 40.7944884247 -218.6008219453 49.29168
S062 19SEP23 2019.7262 58749 2072 1 141.4 -69 -0.371146 4517751 -0.163015 49 0.292280 0.0000 0.000737 0.000950 0.003335 -0.064982 0.165992 -0.195579 40.7944884371 -218.6008219722 49.29228
S062 19SEP24 2019.7290 58750 2072 2 141.4 -69 -0.370816 4517751 -0.164621 49 0.293258 0.0000 0.000735 0.000943 0.003183 -0.080137 0.159805 -0.201630 40.7944884226 -218.6008219683 49.29326
S062 19SEP25 2019.7317 58751 2072 3 141.4 -69 -0.371223 4517751 -0.165130 49 0.291915 0.0000 0.000705 0.000897 0.003013 -0.065740 0.130292 -0.213730 40.7944884181 -218.6008219732 49.29192
S062 19SEP26 2019.7344 58752 2072 4 141.4 -69 -0.369715 4517751 -0.163624 49 0.283973 0.0000 0.000712 0.000924 0.003064 -0.054881 0.130344 -0.196831 40.7944884316 -218.6008219553 49.28397
S062 19SEP27 2019.7372 58753 2072 5 141.4 -69 -0.369600 4517751 -0.163776 49 0.289372 0.0000 0.000700 0.000912 0.003030 -0.046680 0.091318 -0.140119 40.7944884302 -218.6008219539 49.28937
S062 19SEP28 2019.7399 58754 2072 6 141.4 -69 -0.368402 4517751 -0.164215 49 0.293112 0.0000 0.000730 0.000974 0.003137 -0.087474 0.113921 -0.185213 40.7944884263 -218.6008219397 49.29311
S062 19SEP29 2019.7426 58755 2073 0 141.4 -69 -0.366939 4517751 -0.165082 49 0.291718 0.0000 0.000724 0.000968 0.003232 -0.065186 0.109771 -0.200350 40.7944884185 -218.6008219224 49.29172
S062 19SEP30 2019.7454 58756 2073 1 141.4 -69 -0.366832 4517751 -0.163463 49 0.290657 0.0000 0.000717 0.000937 0.003101 -0.087802 0.122623 -0.202468 40.7944884331 -218.6008219211 49.29066
S062 19OCT01 2019.7481 58757 2073 2 141.4 -69 -0.366688 4517751 -0.166763 49 0.288285 0.0000 0.000744 0.000915 0.003127 -0.041753 0.126080 -0.152885 40.7944884034 -218.6008219194 49.28828
S062 19OCT02 2019.7509 58758 2073 3 141.4 -69 -0.368933 4517751 -0.165346 49 0.288733 0.0000 0.000716 0.000921 0.003058 -0.042512 0.090936 -0.192622 40.7944884161 -218.6008219460 49.28873
S062 19OCT03 2019.7536 58759 2073 4 141.4 -69 -0.368467 4517751 -0.166987 49 0.294150 0.0000 0.000779 0.001015 0.003394 0.010846 0.074539 -0.103678 40.7944884013 -218.6008219405 49.29415
S062 19OCT04 2019.7563 58760 2073 5 141.4 -69 -0.369305 4517751 -0.165166 49 0.293955 0.0000 0.000730 0.000930 0.003121 -0.053405 0.125237 -0.193072 40.7944884177 -218.6008219504 49.29396
S062 19OCT05 2019.7591 58761 2073 6 141.4 -69 -0.367078 4517751 -0.165283 49 0.294042 0.0000 0.000714 0.000899 0.003033 -0.095484 0.139807 -0.194758 40.7944884167 -218.6008219240 49.29404
S062 19OCT06 2019.7618 58762 2074 0 141.4 -69 -0.367687 4517751 -0.167317 49 0.288891 0.0000 0.000695 0.000904 0.002948 -0.055581 0.108877 -0.186034 40.7944883984 -218.6008219313 49.28889
S062 19OCT07 2019.7645 58763 2074 1 141.4 -69 -0.367449 4517751 -0.166930 49 0.286732 0.0000 0.000703 0.000915 0.003016 -0.068545 0.112784 -0.154180 40.7944884019 -218.6008219284 49.28673
S062 19OCT08 2019.7673 58764 2074 2 141.4 -69 -0.366011 4517751 -0.166996 49 0.296538 0.0000 0.000728 0.000968 0.003257 -0.065748 0.131912 -0.172722 40.7944884013 -218.6008219114 49.29654
S062 19OCT09 2019.7700 58765 2074 3 141.4 -69 -0.368140 4517751 -0.167229 49 0.288091 0.0000 0.000706 0.000944 0.003076 -0.084747 0.094247 -0.152178 40.7944883992 -218.6008219366 49.28809
S062 19OCT10 2019.7728 58766 2074 4 141.4 -69 -0.367101 4517751 -0.166706 49 0.292140 0.0000 0.000738 0.000952 0.003232 -0.047026 0.140783 -0.189847 40.7944884039 -218.6008219243 49.29214
S062 19OCT11 2019.7755 58767 2074 5 141.4 -69 -0.367606 4517751 -0.165482 49 0.292042 0.0000 0.000733 0.000960 0.003202 -0.084341 0.143675 -0.197302 40.7944884149 -218.6008219303 49.29204
S062 19OCT12 2019.7782 58768 2074 6 141.4 -69 -0.366101 4517751 -0.166896 49 0.289529 0.0000 0.000723 0.000953 0.003172 -0.044938 0.041312 -0.162671 40.7944884022 -218.6008219125 49.28953
S062 19OCT13 2019.7810 58769 2075 0 141.4 -69 -0.367968 4517751 -0.168637 49 0.293454 0.0000 0.000723 0.000937 0.003152 -0.034209 0.085979 -0.208671 40.7944883865 -218.6008219346 49.29345
S062 19OCT14 2019.7837 58770 2075 1 141.4 -69 -0.366907 4517751 -0.167707 49 0.289002 0.0000 0.000713 0.000931 0.003081 -0.071224 0.121815 -0.178062 40.7944883949 -218.6008219220 49.28900
S062 19OCT15 2019.7864 58771 2075 2 141.4 -69 -0.366140 4517751 -0.167747 49 0.290583 0.0000 0.000713 0.000931 0.003049 -0.075703 0.121393 -0.136289 40.7944883945 -218.6008219129 49.29058
S062 19OCT16 2019.7892 58772 2075 3 141.4 -69 -0.367080 4517751 -0.168936 49 0.289305 0.0000 0.000720 0.000953 0.003155 -0.045381 0.076492 -0.143844 40.7944883838 -218.6008219241 49.28930
S062 19OCT17 2019.7919 58773 2075 4 141.4 -69 -0.366261 4517751 -0.169696 49 0.293266 0.0000 0.000713 0.000950 0.003101 -0.067630 0.099663 -0.204824 40.7944883769 -218.6008219144 49.29327
S062 19OCT18 2019.7947 58774 2075 5 141.4 -69 -0.366573 4517751 -0.169132 49 0.292696 0.0000 0.000715 0.000934 0.003099 -0.022912 0.083208 -0.217525 40.7944883820 -218.6008219181 49.29270
S062 19OCT19 2019.7974 58775 2075 6 141.4 -69 -0.366228 4517751 -0.169775 49 0.294742 0.0000 0.000722 0.000948 0.003189 -0.057639 0.072762 -0.169176 40.7944883762 -218.6008219140 49.29474
S062 19OCT20 2019.8001 58776 2076 0 141.4 -69 -0.365032 4517751 -0.168390 49 0.283887 0.0000 0.000709 0.000928 0.003073 -0.059952 0.099653 -0.174643 40.7944883887 -218.6008218998 49.28389
S062 19OCT21 2019.8029 58777 2076 1 141.4 -69 -0.366472 4517751 -0.168129 49 0.290235 0.0000 0.000706 0.000932 0.003027 -0.036430 0.061567 -0.169574 40.7944883911 -218.6008219169 49.29023
S062 19OCT22 2019.8056 58778 2076 2 141.4 -69 -0.365921 4517751 -0.169050 49 0.288052 0.0000 0.000729 0.000961 0.003197 -0.050072 0.049475 -0.208120 40.7944883828 -218.6008219103 49.28805
S062 19OCT23 2019.8084 58779 2076 3 141.4 -69 -0.366358 4517751 -0.168904 49 0.284356 0.0000 0.000716 0.000959 0.003184 -0.063377 0.100331 -0.160713 40.7944883841 -218.6008219155 49.28436
S062 19OCT24 2019.8111 58780 2076 4 141.4 -69 -0.365564 4517751 -0.168159 49 0.284115 0.0000 0.000729 0.000948 0.003202 -0.058256 0.069807 -0.177694 40.7944883908 -218.6008219061 49.28411
S062 19OCT25 2019.8138 58781 2076 5 141.4 -69 -0.365246 4517751 -0.168378 49 0.292115 0.0000 0.000729 0.000955 0.003246 -0.048235 0.120982 -0.215597 40.7944883888 -218.6008219023 49.29211
S062 19OCT26 2019.8166 58782 2076 6 141.4 -69 -0.365687 4517751 -0.169490 49 0.290997 0.0000 0.000728 0.000935 0.003123 -0.063001 0.104313 -0.109759 40.7944883788 -218.6008219076 49.29100
S062 19OCT27 2019.8193 58783 2077 0 141.4 -69 -0.365480 4517751 -0.168517 49 0.285918 0.0000 0.000711 0.000934 0.003085 -0.051692 0.120124 -0.163080 40.7944883876 -218.6008219051 49.28592
S062 19OCT28 2019.8220 58784 2077 1 141.4 -69 -0.362772 4517751 -0.168779 49 0.284360 0.0000 0.000720 0.000939 0.003137 -0.058987 0.110715 -0.189329 40.7944883852 -218.6008218730 49.28436
S062 19OCT29 2019.8248 58785 2077 2 141.4 -69 -0.361975 4517751 -0.171354 49 0.284536 0.0000 0.000730 0.000956 0.003195 -0.042923 0.097207 -0.208866 40.7944883620 -218.6008218636 49.28454
S062 19OCT30 2019.8275 58786 2077 3 141.4 -69 -0.363111 4517751 -0.171835 49 0.290769 0.0000 0.000706 0.000925 0.003021 -0.074948 0.138913 -0.178824 40.7944883577 -218.6008218770 49.29077
S062 19OCT31 2019.8303 58787 2077 4 141.4 -69 -0.364970 4517751 -0.171822 49 0.291468 0.0000 0.000792 0.001005 0.003474 -0.045573 0.070484 -0.169176 40.7944883578 -218.6008218991 49.29147
S062 19NOV01 2019.8330 58788 2077 5 141.4 -69 -0.364555 4517751 -0.170907 49 0.294250 0.0000 0.000772 0.000989 0.003360 -0.108045 0.096310 -0.130659 40.7944883660 -218.6008218942 49.29425
S062 19NOV02 2019.8357 58789 2077 6 141.4 -69 -0.364285 4517751 -0.171636 49 0.288641 0.0000 0.000698 0.000937 0.003085 -0.030795 0.115352 -0.169985 40.7944883595 -218.6008218909 49.28864
S062 19NOV03 2019.8385 58790 2078 0 141.4 -69 -0.367115 4517751 -0.170486 49 0.285363 0.0000 0.000710 0.000935 0.003016 -0.063126 0.089988 -0.168392 40.7944883698 -218.6008219245 49.28536
S062 19NOV04 2019.8412 58791 2078 1 141.4 -69 -0.365448 4517751 -0.170331 49 0.285139 0.0000 0.000720 0.000923 0.003100 -0.057181 0.138152 -0.212161 40.7944883712 -218.6008219047 49.28514
S062 19NOV05 2019.8439 58792 2078 2 141.4 -69 -0.366743 4517751 -0.170288 49 0.290937 0.0000 0.000761 0.000975 0.003321 -0.050306 0.096220 -0.195728 40.7944883716 -218.6008219201 49.29094
S062 19NOV06 2019.8467 58793 2078 3 141.4 -69 -0.363934 4517751 -0.171923 49 0.291872 0.0000 0.000725 0.000953 0.003157 -0.072464 0.101074 -0.208446 40.7944883569 -218.6008218868 49.29187
S062 19NOV07 2019.8494 58794 2078 4 141.4 -69 -0.366325 4517751 -0.172988 49 0.288216 0.0000 0.000727 0.000942 0.003164 -0.078474 0.128092 -0.230042 40.7944883473 -218.6008219151 49.28822
S062 19NOV08 2019.8522 58795 2078 5 141.4 -69 -0.364831 4517751 -0.171564 49 0.288863 0.0000 0.000700 0.000917 0.002993 -0.048455 0.102022 -0.180014 40.7944883601 -218.6008218974 49.28886
S062 19NOV09 2019.8549 58796 2078 6 141.4 -69 -0.365250 4517751 -0.172699 49 0.287281 0.0000 0.000708 0.000934 0.003098 -0.047703 0.110206 -0.195808 40.7944883499 -218.6008219024 49.28728
S062 19NOV10 2019.8576 58797 2079 0 141.4 -69 -0.364992 4517751 -0.171591 49 0.289953 0.0000 0.000709 0.000915 0.002975 -0.063776 0.105594 -0.177303 40.7944883599 -218.6008218993 49.28995
S062 19NOV11 2019.8604 58798 2079 1 141.4 -69 -0.365381 4517751 -0.170177 49 0.292958 0.0000 0.000724 0.000955 0.003146 -0.036784 0.093912 -0.152314 40.7944883726 -218.6008219039 49.29296
S062 19NOV12 2019.8631 58799 2079 2 141.4 -69 -0.364780 4517751 -0.171459 49 0.286457 0.0000 0.000717 0.000952 0.003090 -0.094688 0.139202 -0.161963 40.7944883611 -218.6008218968 49.28646
S062 19NOV13 2019.8658 58800 2079 3 141.4 -69 -0.364047 4517751 -0.171927 49 0.298366 0.0000 0.000730 0.000969 0.003150 -0.022153 0.082950 -0.175407 40.7944883569 -218.6008218881 49.29837
S062 19NOV14 2019.8686 58801 2079 4 141.4 -69 -0.365017 4517751 -0.168951 49 0.294036 0.0000 0.000709 0.000938 0.003040 -0.053917 0.091388 -0.172232 40.7944883837 -218.6008218996 49.29404
S062 19NOV15 2019.8713 58802 2079 5 141.4 -69 -0.365089 4517751 -0.171766 49 0.297947 0.0000 0.000717 0.000948 0.003149 -0.052367 0.105700 -0.198018 40.7944883583 -218.6008219005 49.29795
S062 19NOV16 2019.8741 58803 2079 6 141.4 -69 -0.363933 4517751 -0.174295 49 0.289386 0.0000 0.000740 0.000956 0.003252 -0.018057 0.122741 -0.186346 40.7944883355 -218.6008218868 49.28939
S062 19NOV17 2019.8768 58804 2080 0 141.4 -69 -0.364153 4517751 -0.171200 49 0.286839 0.0000 0.000732 0.000955 0.003168 -0.034403 0.117775 -0.170260 40.7944883634 -218.6008218894 49.28684
S062 19NOV18 2019.8795 58805 2080 1 141.4 -69 -0.364654 4517751 -0.170954 49 0.296523 0.0000 0.000706 0.000922 0.002938 -0.080429 0.107205 -0.113273 40.7944883656 -218.6008218953 49.29652
S062 19NOV19 2019.8823 58806 2080 2 141.4 -69 -0.363338 4517751 -0.170706 49 0.295727 0.0000 0.000699 0.000922 0.002989 -0.046294 0.113933 -0.177896 40.7944883678 -218.6008218797 49.29573
S062 19NOV20 2019.8850 58807 2080 3 141.4 -69 -0.365330 4517751 -0.172624 49 0.285079 0.0000 0.000703 0.000938 0.003030 -0.029559 0.075429 -0.211440 40.7944883506 -218.6008219033 49.28508
S062 19NOV21 2019.8877 58808 2080 4 141.4 -69 -0.363149 4517751 -0.175868 49 0.287583 0.0000 0.000752 0.000973 0.003192 -0.058793 0.044302 -0.190056 40.7944883214 -218.6008218775 49.28758
S062 19NOV22 2019.8905 58809 2080 5 141.4 -69 -0.363583 4517751 -0.173036 49 0.284497 0.0000 0.000743 0.000944 0.003199 -0.018343 0.074909 -0.207666 40.7944883469 -218.6008218826 49.28450
S062 19NOV23 2019.8932 58810 2080 6 141.4 -69 -0.363303 4517751 -0.173681 49 0.287873 0.0000 0.000721 0.000967 0.003193 -0.056395 0.092802 -0.164333 40.7944883411 -218.6008218793 49.28787
S062 19NOV24 2019.8960 58811 2081 0 141.4 -69 -0.364144 4517751 -0.173734 49 0.285739 0.0000 0.000717 0.000926 0.003087 -0.054460 0.095616 -0.177616 40.7944883406 -218.6008218893 49.28574
S062 19NOV25 2019.8987 58812 2081 1 141.4 -69 -0.365152 4517751 -0.172570 49 0.282435 0.0000 0.000710 0.000935 0.003076 -0.035683 0.091685 -0.175132 40.7944883511 -218.6008219012 49.28244
S062 19NOV26 2019.9014 58813 2081 2 141.4 -69 -0.365451 4517751 -0.172907 49 0.288513 0.0000 0.000705 0.000930 0.003031 -0.063713 0.124654 -0.200427 40.7944883480 -218.6008219048 49.28851
S062 19NOV27 2019.9042 58814 2081 3 141.4 -69 -0.364027 4517751 -0.173444 49 0.291544 0.0000 0.000741 0.000956 0.003182 -0.064419 0.081169 -0.158523 40.7944883432 -218.6008218879 49.29154
S062 19NOV28 2019.9069 58815 2081 4 141.4 -69 -0.364567 4517751 -0.174709 49 0.287011 0.0000 0.000727 0.000945 0.003124 -0.081128 0.097618 -0.146258 40.7944883318 -218.6008218943 49.28701
S062 19NOV29 2019.9097 58816 2081 5 141.4 -69 -0.364379 4517751 -0.174310 49 0.285188 0.0000 0.000754 0.000966 0.003380 -0.038200 0.110104 -0.226548 40.7944883354 -218.6008218921 49.28519
S062 19NOV30 2019.9124 58817 2081 6 141.4 -69 -0.365049 4517751 -0.173574 49 0.285100 0.0000 0.000716 0.000905 0.003048 -0.054580 0.156322 -0.151130 40.7944883420 -218.6008219000 49.28510
S062 19DEC01 2019.9151 58818 2082 0 141.4 -69 -0.363680 4517751 -0.174394 49 0.290078 0.0000 0.000715 0.000927 0.003022 -0.058934 0.125472 -0.123896 40.7944883346 -218.6008218838 49.29008
S062 19DEC02 2019.9179 58819 2082 1 141.4 -69 -0.362903 4517751 -0.174692 49 0.297584 0.0000 0.000706 0.000950 0.003115 -0.049208 0.079833 -0.171228 40.7944883320 -218.6008218746 49.29758
S062 19DEC03 2019.9206 58820 2082 2 141.4 -69 -0.362505 4517751 -0.175422 49 0.297586 0.0000 0.000713 0.000929 0.003046 -0.037659 0.112007 -0.173681 40.7944883254 -218.6008218699 49.29759
S062 19DEC04 2019.9233 58821 2082 3 141.4 -69 -0.360648 4517751 -0.176998 49 0.303670 0.0000 0.000710 0.000920 0.002968 -0.082407 0.116043 -0.144137 40.7944883112 -218.6008218479 49.30367
S062 19DEC05 2019.9261 58822 2082 4 141.4 -69 -0.363635 4517751 -0.174566 49 0.291384 0.0000 0.000719 0.000929 0.003074 -0.024316 0.061433 -0.185838 40.7944883331 -218.6008218832 49.29138
S062 19DEC06 2019.9288 58823 2082 5 141.4 -69 -0.364259 4517751 -0.174891 49 0.284384 0.0000 0.000712 0.000942 0.003104 -0.052664 0.118736 -0.212118 40.7944883302 -218.6008218906 49.28438
S062 19DEC07 2019.9316 58824 2082 6 141.4 -69 -0.360740 4517751 -0.176319 49 0.287037 0.0000 0.000710 0.000938 0.003097 -0.037315 0.145160 -0.178592 40.7944883173 -218.6008218489 49.28704
S062 19DEC08 2019.9343 58825 2083 0 141.4 -69 -0.363178 4517751 -0.176149 49 0.285117 0.0000 0.000720 0.000920 0.003049 -0.034020 0.146578 -0.167324 40.7944883188 -218.6008218778 49.28512
S062 19DEC09 2019.9370 58826 2083 1 141.4 -69 -0.364345 4517751 -0.174187 49 0.290115 0.0000 0.000705 0.000928 0.003034 -0.036434 0.120864 -0.203137 40.7944883365 -218.6008218917 49.29011
S062 19DEC10 2019.9398 58827 2083 2 141.4 -69 -0.362767 4517751 -0.174925 49 0.287212 0.0000 0.000734 0.000935 0.003169 -0.042405 0.123112 -0.182895 40.7944883299 -218.6008218730 49.28721
S062 19DEC11 2019.9425 58828 2083 3 141.4 -69 -0.361998 4517751 -0.175857 49 0.297384 0.0000 0.000726 0.000950 0.003191 -0.057415 0.131917 -0.210220 40.7944883215 -218.6008218638 49.29738
S062 19DEC12 2019.9452 58829 2083 4 141.4 -69 -0.362557 4517751 -0.175995 49 0.291080 0.0000 0.000700 0.000936 0.003053 -0.024751 0.098401 -0.195240 40.7944883202 -218.6008218705 49.29108
S062 19DEC13 2019.9480 58830 2083 5 141.4 -69 -0.362484 4517751 -0.176704 49 0.288422 0.0000 0.000707 0.000929 0.003035 -0.052802 0.121161 -0.176678 40.7944883138 -218.6008218696 49.28842
S062 19DEC14 2019.9507 58831 2083 6 141.4 -69 -0.361341 4517751 -0.176998 49 0.285924 0.0000 0.000750 0.000975 0.003272 -0.084529 0.143064 -0.213897 40.7944883112 -218.6008218561 49.28592
S062 19DEC15 2019.9535 58832 2084 0 141.4 -69 -0.363001 4517751 -0.175007 49 0.291179 0.0000 0.000705 0.000931 0.003063 -0.071239 0.146630 -0.193770 40.7944883291 -218.6008218757 49.29118
S062 19DEC16 2019.9562 58833 2084 1 141.4 -69 -0.363537 4517751 -0.175993 49 0.293364 0.0000 0.000719 0.000947 0.003127 -0.040932 0.104811 -0.219543 40.7944883202 -218.6008218821 49.29336
S062 19DEC17 2019.9589 58834 2084 2 141.4 -69 -0.363068 4517751 -0.174958 49 0.288964 0.0000 0.000696 0.000938 0.003041 -0.036505 0.098178 -0.169733 40.7944883296 -218.6008218765 49.28896
S062 19DEC18 2019.9617 58835 2084 3 141.4 -69 -0.360984 4517751 -0.174879 49 0.293188 0.0000 0.000719 0.000951 0.003104 -0.070434 0.039046 -0.174243 40.7944883303 -218.6008218518 49.29319
S062 19DEC19 2019.9644 58836 2084 4 141.4 -69 -0.362878 4517751 -0.175122 49 0.287408 0.0000 0.000726 0.000951 0.003119 -0.044310 0.078659 -0.150348 40.7944883281 -218.6008218743 49.28741
S062 19DEC20 2019.9671 58837 2084 5 141.4 -69 -0.363082 4517751 -0.174528 49 0.291574 0.0000 0.000736 0.000955 0.003157 -0.029142 0.074391 -0.166874 40.7944883334 -218.6008218767 49.29157
S062 19DEC21 2019.9699 58838 2084 6 141.4 -69 -0.362535 4517751 -0.176387 49 0.291187 0.0000 0.000716 0.000943 0.003079 -0.027799 0.132638 -0.151137 40.7944883167 -218.6008218702 49.29119
S062 19DEC22 2019.9726 58839 2085 0 141.4 -69 -0.363261 4517751 -0.175361 49 0.289993 0.0000 0.000694 0.000932 0.003001 -0.044751 0.086347 -0.200873 40.7944883259 -218.6008218788 49.28999
S062 19DEC23 2019.9754 58840 2085 1 141.4 -69 -0.363301 4517751 -0.173771 49 0.285553 0.0000 0.000700 0.000934 0.003046 -0.030388 0.070737 -0.193731 40.7944883402 -218.6008218793 49.28555
S062 19DEC24 2019.9781 58841 2085 2 141.4 -69 -0.363620 4517751 -0.171969 49 0.278698 0.0000 0.000699 0.000915 0.002974 -0.053159 0.113374 -0.143919 40.7944883565 -218.6008218831 49.27870
S062 19DEC25 2019.9808 58842 2085 3 141.4 -69 -0.363934 4517751 -0.177152 49 0.292095 0.0000 0.000721 0.000926 0.003065 -0.061766 0.131407 -0.159292 40.7944883098 -218.6008218868 49.29209
S062 19DEC26 2019.9836 58843 2085 4 141.4 -69 -0.362382 4517751 -0.174832 49 0.288376 0.0000 0.000702 0.000923 0.003011 -0.059658 0.127805 -0.170049 40.7944883307 -218.6008218684 49.28838
S062 19DEC27 2019.9863 58844 2085 5 141.4 -69 -0.361840 4517751 -0.176140 49 0.287268 0.0000 0.000697 0.000921 0.002985 -0.038393 0.114810 -0.166126 40.7944883189 -218.6008218620 49.28727
S062 19DEC28 2019.9890 58845 2085 6 141.4 -69 -0.360964 4517751 -0.174003 49 0.281783 0.0000 0.000712 0.000944 0.003102 -0.054611 0.091065 -0.196965 40.7944883382 -218.6008218516 49.28178
S062 19DEC29 2019.9918 58846 2086 0 141.4 -69 -0.362349 4517751 -0.173880 49 0.287377 0.0000 0.000726 0.000926 0.003095 -0.072505 0.189942 -0.178611 40.7944883393 -218.6008218680 49.28738
S062 19DEC30 2019.9945 58847 2086 1 141.4 -69 -0.361402 4517751 -0.174654 49 0.290969 0.0000 0.000704 0.000920 0.003014 -0.052610 0.124417 -0.193634 40.7944883323 -218.6008218568 49.29097
S062 19DEC31 2019.9973 58848 2086 2 141.4 -69 -0.364611 4517751 -0.175074 49 0.278973 0.0000 0.000716 0.000940 0.003106 -0.051614 0.152997 -0.185442 40.7944883285 -218.6008218948 49.27897
S062 20JAN01 2020.0000 58849 2086 3 141.4 -69 -0.360975 4517751 -0.176774 49 0.283734 0.0000 0.000721 0.000920 0.003040 -0.045415 0.169975 -0.137547 40.7944883132 -218.6008218517 49.28373
S062 20JAN02 2020.0027 58850 2086 4 141.4 -69 -0.362967 4517751 -0.174654 49 0.283039 0.0000 0.000717 0.000917 0.003006 -0.050339 0.138582 -0.143676 40.7944883323 -218.6008218753 49.28304
S062 20JAN03 2020.0055 58851 2086 5 141.4 -69 -0.361177 4517751 -0.176117 49 0.291623 0.0000 0.000731 0.000932 0.003188 -0.057613 0.127711 -0.199063 40.7944883191 -218.6008218541 49.29162
S062 20JAN04 2020.0082 58852 2086 6 141.4 -69 -0.361949 4517751 -0.175661 49 0.285961 0.0000 0.000717 0.000910 0.003023 -0.044050 0.105752 -0.154162 40.7944883232 -218.6008218633 49.28596
S062 20JAN05 2020.0110 58853 2087 0 141.4 -69 -0.362530 4517751 -0.177713 49 0.290124 0.0000 0.000735 0.000961 0.003197 0.007354 0.097919 -0.243905 40.7944883048 -218.6008218702 49.29012
S062 20JAN06 2020.0137 58854 2087 1 141.4 -69 -0.363043 4517751 -0.177907 49 0.289436 0.0000 0.000739 0.000980 0.003339 -0.052162 0.184899 -0.279015 40.7944883030 -218.6008218762 49.28944
S062 20JAN07 2020.0164 58855 2087 2 141.4 -69 -0.362660 4517751 -0.176583 49 0.287207 0.0000 0.000738 0.000983 0.003213 -0.023877 0.138332 -0.162206 40.7944883149 -218.6008218717 49.28721
S062 20JAN08 2020.0192 58856 2087 3 141.4 -69 -0.362135 4517751 -0.176101 49 0.290183 0.0000 0.000715 0.000936 0.003091 -0.042811 0.159603 -0.146054 40.7944883193 -218.6008218655 49.29018
S062 20JAN09 2020.0219 58857 2087 4 141.4 -69 -0.361617 4517751 -0.176679 49 0.286872 0.0000 0.000729 0.000932 0.003093 -0.069163 0.144868 -0.205523 40.7944883141 -218.6008218593 49.28687
S062 20JAN10 2020.0246 58858 2087 5 141.4 -69 -0.361812 4517751 -0.175799 49 0.285555 0.0000 0.000720 0.000943 0.003052 -0.042338 0.070068 -0.192997 40.7944883220 -218.6008218616 49.28555
S062 20JAN11 2020.0274 58859 2087 6 141.4 -69 -0.361615 4517751 -0.175959 49 0.283958 0.0000 0.000705 0.000915 0.002984 -0.046107 0.126638 -0.160381 40.7944883205 -218.6008218593 49.28396
S062 20JAN12 2020.0301 58860 2088 0 141.4 -69 -0.360111 4517751 -0.176504 49 0.285951 0.0000 0.000703 0.000906 0.002911 -0.052387 0.077328 -0.141383 40.7944883156 -218.6008218415 49.28595
S062 20JAN13 2020.0329 58861 2088 1 141.4 -69 -0.359551 4517751 -0.176776 49 0.284069 0.0000 0.000717 0.000949 0.003119 -0.009294 0.083877 -0.193103 40.7944883132 -218.6008218349 49.28407
S062 20JAN14 2020.0356 58862 2088 2 141.4 -69 -0.362559 4517751 -0.176764 49 0.286218 0.0000 0.000684 0.000910 0.002926 -0.038431 0.096184 -0.122572 40.7944883133 -218.6008218705 49.28622
S062 20JAN15 2020.0383 58863 2088 3 141.4 -69 -0.361777 4517751 -0.176871 49 0.285061 0.0000 0.000685 0.000904 0.002936 -0.068755 0.152576 -0.170481 40.7944883123 -218.6008218612 49.28506
S062 20JAN16 2020.0411 58864 2088 4 141.4 -69 -0.361235 4517751 -0.176045 49 0.283903 0.0000 0.000726 0.000940 0.003033 -0.069516 0.125945 -0.139631 40.7944883198 -218.6008218548 49.28390
S062 20JAN17 2020.0438 58865 2088 5 141.4 -69 -0.360384 4517751 -0.177081 49 0.294330 0.0000 0.000702 0.000939 0.002966 -0.034979 0.106945 -0.158475 40.7944883104 -218.6008218447 49.29433
S062 20JAN18 2020.0465 58866 2088 6 141.4 -69 -0.361821 4517751 -0.176299 49 0.293623 0.0000 0.000688 0.000915 0.002878 -0.017393 0.091034 -0.137246 40.7944883175 -218.6008218618 49.29362
S062 20JAN19 2020.0493 58867 2089 0 141.4 -69 -0.361296 4517751 -0.177802 49 0.292355 0.0000 0.000684 0.000902 0.002857 -0.049806 0.108057 -0.124000 40.7944883039 -218.6008218555 49.29236
S062 20JAN20 2020.0520 58868 2089 1 141.4 -69 -0.361718 4517751 -0.178052 49 0.287964 0.0000 0.000696 0.000914 0.002952 -0.047828 0.116561 -0.159715 40.7944883017 -218.6008218605 49.28796
S062 20JAN21 2020.0548 58869 2089 2 141.4 -69 -0.362117 4517751 -0.178703 49 0.293116 0.0000 0.000697 0.000911 0.002980 -0.026764 0.121189 -0.168060 40.7944882958 -218.6008218653 49.29312
S062 20JAN22 2020.0575 58870 2089 3 141.4 -69 -0.361520 4517751 -0.178827 49 0.289601 0.0000 0.000695 0.000905 0.002940 -0.032896 0.098744 -0.170423 40.7944882947 -218.6008218582 49.28960
S062 20JAN23 2020.0602 58871 2089 4 141.4 -69 -0.361603 4517751 -0.177340 49 0.288599 0.0000 0.000685 0.000894 0.002818 -0.042562 0.120779 -0.125731 40.7944883081 -218.6008218592 49.28860
S062 20JAN24 2020.0630 58872 2089 5 141.4 -69 -0.361988 4517751 -0.178595 49 0.274130 0.0000 0.000695 0.000936 0.002989 -0.047863 0.096244 -0.173318 40.7944882968 -218.6008218637 49.27413
S062 20JAN25 2020.0657 58873 2089 6 141.4 -69 -0.360864 4517751 -0.178669 49 0.288134 0.0000 0.000697 0.000926 0.003007 -0.026475 0.079390 -0.179838 40.7944882961 -218.6008218504 49.28813
S062 20JAN26 2020.0684 58874 2090 0 141.4 -69 -0.361999 4517751 -0.179636 49 0.286887 0.0000 0.000707 0.000931 0.003047 -0.064932 0.120594 -0.198533 40.7944882874 -218.6008218639 49.28689
S062 20JAN27 2020.0712 58875 2090 1 141.4 -69 -0.360666 4517751 -0.179073 49 0.287001 0.0000 0.000694 0.000909 0.002944 -0.079355 0.123071 -0.166530 40.7944882925 -218.6008218481 49.28700
S062 20JAN28 2020.0739 58876 2090 2 141.4 -69 -0.362161 4517751 -0.179193 49 0.286372 0.0000 0.000682 0.000902 0.002889 -0.036551 0.109512 -0.164103 40.7944882914 -218.6008218658 49.28637
S062 20JAN29 2020.0767 58877 2090 3 141.4 -69 -0.362717 4517751 -0.178545 49 0.290465 0.0000 0.000702 0.000918 0.003021 -0.052513 0.151858 -0.166143 40.7944882973 -218.6008218724 49.29047
S062 20JAN30 2020.0794 58878 2090 4 141.4 -69 -0.362771 4517751 -0.178031 49 0.290187 0.0000 0.000703 0.000931 0.003093 -0.077811 0.098312 -0.196247 40.7944883019 -218.6008218730 49.29019
S062 20JAN31 2020.0821 58879 2090 5 141.4 -69 -0.363518 4517751 -0.179770 49 0.287344 0.0000 0.000710 0.000937 0.003074 -0.040508 0.119761 -0.149291 40.7944882862 -218.6008218819 49.28734
S062 20FEB01 2020.0849 58880 2090 6 141.4 -69 -0.362346 4517751 -0.180834 49 0.284627 0.0000 0.000693 0.000916 0.002949 -0.054193 0.103838 -0.162416 40.7944882766 -218.6008218680 49.28463
S062 20FEB02 2020.0876 58881 2091 0 141.4 -69 -0.362979 4517751 -0.179202 49 0.282610 0.0000 0.000680 0.000924 0.002938 -0.040908 0.092408 -0.154936 40.7944882913 -218.6008218755 49.28261
S062 20FEB03 2020.0903 58882 2091 1 141.4 -69 -0.362367 4517751 -0.177819 49 0.289389 0.0000 0.000697 0.000921 0.003038 -0.055660 0.095366 -0.152709 40.7944883038 -218.6008218682 49.28939
S062 20FEB04 2020.0931 58883 2091 2 141.4 -69 -0.363679 4517751 -0.179040 49 0.278599 0.0000 0.000695 0.000916 0.002990 -0.054184 0.104731 -0.154533 40.7944882928 -218.6008218838 49.27860
S062 20FEB05 2020.0958 58884 2091 3 141.4 -69 -0.362573 4517751 -0.178199 49 0.279241 0.0000 0.000694 0.000899 0.002924 -0.078831 0.112359 -0.140798 40.7944883004 -218.6008218707 49.27924
S062 20FEB06 2020.0986 58885 2091 4 141.4 -69 -0.363847 4517751 -0.180802 49 0.285304 0.0000 0.000694 0.000903 0.002916 -0.064968 0.105453 -0.146806 40.7944882769 -218.6008218858 49.28530
S062 20FEB07 2020.1013 58886 2091 5 141.4 -69 -0.362744 4517751 -0.181318 49 0.289652 0.0000 0.000716 0.000910 0.003113 -0.071377 0.184561 -0.195638 40.7944882723 -218.6008218727 49.28965
S062 20FEB08 2020.1040 58887 2091 6 141.4 -69 -0.363045 4517751 -0.179936 49 0.283708 0.0000 0.000696 0.000904 0.002901 -0.044429 0.119689 -0.132290 40.7944882847 -218.6008218763 49.28371
S062 20FEB09 2020.1068 58888 2092 0 141.4 -69 -0.360132 4517751 -0.180264 49 0.281950 0.0000 0.000685 0.000907 0.002939 -0.045027 0.122876 -0.129285 40.7944882818 -218.6008218417 49.28195
S062 20FEB10 2020.1095 58889 2092 1 141.4 -69 -0.364063 4517751 -0.180075 49 0.284804 0.0000 0.000699 0.000908 0.002973 -0.059167 0.173089 -0.137715 40.7944882835 -218.6008218883 49.28480
S062 20FEB11 2020.1123 58890 2092 2 141.4 -69 -0.362364 4517751 -0.180964 49 0.287700 0.0000 0.000687 0.000896 0.002896 -0.047018 0.123936 -0.183982 40.7944882755 -218.6008218682 49.28770
S062 20FEB12 2020.1150 58891 2092 3 141.4 -69 -0.362425 4517751 -0.181558 49 0.284844 0.0000 0.000711 0.000915 0.003092 -0.028869 0.146598 -0.159867 40.7944882701 -218.6008218689 49.28484
S062 20FEB13 2020.1177 58892 2092 4 141.4 -69 -0.362097 4517751 -0.181174 49 0.286660 0.0000 0.000722 0.000921 0.003060 -0.045615 0.123265 -0.126288 40.7944882736 -218.6008218650 49.28666
S062 20FEB14 2020.1205 58893 2092 5 141.4 -69 -0.361592 4517751 -0.179980 49 0.277711 0.0000 0.000720 0.000931 0.003025 -0.034087 0.063083 -0.104216 40.7944882843 -218.6008218590 49.27771
S062 20FEB15 2020.1232 58894 2092 6 141.4 -69 -0.360559 4517751 -0.178546 49 0.282701 0.0000 0.000694 0.000911 0.002943 -0.014320 0.106211 -0.125613 40.7944882972 -218.6008218468 49.28270
S062 20FEB16 2020.1259 58895 2093 0 141.4 -69 -0.362581 4517751 -0.180981 49 0.289942 0.0000 0.000693 0.000908 0.002898 -0.062829 0.116545 -0.146612 40.7944882753 -218.6008218708 49.28994
S062 20FEB17 2020.1287 58896 2093 1 141.4 -69 -0.361129 4517751 -0.178464 49 0.285650 0.0000 0.000692 0.000924 0.002978 -0.049510 0.091534 -0.146099 40.7944882980 -218.6008218536 49.28565
S062 20FEB18 2020.1314 58897 2093 2 141.4 -69 -0.361549 4517751 -0.181044 49 0.285907 0.0000 0.000694 0.000917 0.002976 -0.044942 0.116549 -0.151897 40.7944882748 -218.6008218585 49.28591
S062 20FEB19 2020.1342 58898 2093 3 141.4 -69 -0.363104 4517751 -0.178564 49 0.290815 0.0000 0.000701 0.000929 0.003031 -0.048730 0.098706 -0.174988 40.7944882971 -218.6008218770 49.29081
S062 20FEB20 2020.1369 58899 2093 4 141.4 -69 -0.361583 4517751 -0.179739 49 0.280649 0.0000 0.000698 0.000945 0.002989 -0.021517 0.098721 -0.084763 40.7944882865 -218.6008218589 49.28065
S062 20FEB21 2020.1396 58900 2093 5 141.4 -69 -0.361032 4517751 -0.180719 49 0.282319 0.0000 0.000701 0.000938 0.003012 -0.011533 0.066266 -0.101797 40.7944882777 -218.6008218524 49.28232
S062 20FEB22 2020.1424 58901 2093 6 141.4 -69 -0.359105 4517751 -0.180954 49 0.289300 0.0000 0.000728 0.000937 0.003148 -0.050080 0.122026 -0.166545 40.7944882756 -218.6008218296 49.28930
S062 20FEB23 2020.1451 58902 2094 0 141.4 -69 -0.358412 4517751 -0.181034 49 0.289409 0.0000 0.000712 0.000929 0.003045 -0.057072 0.121773 -0.120232 40.7944882748 -218.6008218214 49.28941
S062 20FEB24 2020.1478 58903 2094 1 141.4 -69 -0.360963 4517751 -0.181389 49 0.286611 0.0000 0.000714 0.000928 0.003027 -0.054706 0.119620 -0.132887 40.7944882716 -218.6008218516 49.28661
S062 20FEB25 2020.1506 58904 2094 2 141.4 -69 -0.361087 4517751 -0.180270 49 0.287321 0.0000 0.000705 0.000922 0.002981 -0.062566 0.077520 -0.113937 40.7944882817 -218.6008218531 49.28732
S062 20FEB26 2020.1533 58905 2094 3 141.4 -69 -0.361236 4517751 -0.182359 49 0.287443 0.0000 0.000691 0.000905 0.002948 -0.047953 0.114305 -0.161795 40.7944882629 -218.6008218548 49.28744
S062 20FEB27 2020.1561 58906 2094 4 141.4 -69 -0.362524 4517751 -0.179848 49 0.284377 0.0000 0.000700 0.000928 0.002996 -0.050889 0.111915 -0.151795 40.7944882855 -218.6008218701 49.28438
S062 20FEB28 2020.1588 58907 2094 5 141.4 -69 -0.361111 4517751 -0.181464 49 0.290935 0.0000 0.000696 0.000907 0.002979 -0.038405 0.115669 -0.153169 40.7944882710 -218.6008218533 49.29094
S062 20FEB29 2020.1615 58908 2094 6 141.4 -69 -0.361868 4517751 -0.182148 49 0.285544 0.0000 0.000701 0.000921 0.002997 -0.031683 0.126582 -0.124352 40.7944882648 -218.6008218623 49.28554
S062 20MAR01 2020.1643 58909 2095 0 141.4 -69 -0.362424 4517751 -0.182498 49 0.285639 0.0000 0.000701 0.000947 0.003026 -0.061836 0.083775 -0.125832 40.7944882617 -218.6008218689 49.28564
S062 20MAR02 2020.1670 58910 2095 1 141.4 -69 -0.362608 4517751 -0.181361 49 0.282358 0.0000 0.000696 0.000903 0.002963 -0.015945 0.058893 -0.137224 40.7944882719 -218.6008218711 49.28236
S062 20MAR03 2020.1697 58911 2095 2 141.4 -69 -0.361578 4517751 -0.182379 49 0.280256 0.0000 0.000692 0.000918 0.002966 -0.047062 0.084058 -0.102710 40.7944882627 -218.6008218589 49.28026
S062 20MAR04 2020.1725 58912 2095 3 141.4 -69 -0.360501 4517751 -0.180955 49 0.287426 0.0000 0.000699 0.000922 0.002998 -0.049915 0.062569 -0.178825 40.7944882756 -218.6008218461 49.28743
S062 20MAR05 2020.1752 58913 2095 4 141.4 -69 -0.360516 4517751 -0.182602 49 0.290352 0.0000 0.000707 0.000925 0.003019 -0.025563 0.070217 -0.152521 40.7944882607 -218.6008218463 49.29035
S062 20MAR06 2020.1780 58914 2095 5 141.4 -69 -0.361241 4517751 -0.181567 49 0.282070 0.0000 0.000701 0.000920 0.002963 -0.052404 0.083991 -0.093564 40.7944882700 -218.6008218549 49.28207
S062 20MAR07 2020.1807 58915 2095 6 141.4 -69 -0.360081 4517751 -0.181437 49 0.284924 0.0000 0.000684 0.000906 0.002918 -0.055182 0.115195 -0.133742 40.7944882712 -218.6008218411 49.28492
S062 20MAR08 2020.1834 58916 2096 0 141.4 -69 -0.360273 4517751 -0.181626 49 0.288501 0.0000 0.000691 0.000909 0.002937 -0.048719 0.120185 -0.125768 40.7944882695 -218.6008218434 49.28850
S062 20MAR09 2020.1862 58917 2096 1 141.4 -69 -0.361609 4517751 -0.179789 49 0.286919 0.0000 0.000689 0.000901 0.002913 -0.068268 0.121090 -0.124987 40.7944882861 -218.6008218592 49.28692
S062 20MAR10 2020.1889 58918 2096 2 141.4 -69 -0.360500 4517751 -0.182069 49 0.290884 0.0000 0.000720 0.000958 0.003113 -0.047330 0.108303 -0.131968 40.7944882655 -218.6008218461 49.29088
S062 20MAR11 2020.1916 58919 2096 3 141.4 -69 -0.358390 4517751 -0.183149 49 0.285128 0.0000 0.000712 0.000941 0.003038 -0.046689 0.070350 -0.132511 40.7944882558 -218.6008218211 49.28513
S062 20MAR12 2020.1944 58920 2096 4 141.4 -69 -0.360367 4517751 -0.180053 49 0.287176 0.0000 0.000719 0.000944 0.003151 -0.020427 0.070734 -0.157405 40.7944882837 -218.6008218445 49.28718
S062 20MAR13 2020.1971 58921 2096 5 141.4 -69 -0.359100 4517751 -0.181213 49 0.293526 0.0000 0.000717 0.000948 0.003121 -0.042732 0.044127 -0.197254 40.7944882732 -218.6008218295 49.29353
S062 20MAR14 2020.1999 58922 2096 6 141.4 -69 -0.360432 4517751 -0.181495 49 0.292384 0.0000 0.000720 0.000931 0.003085 -0.066150 0.107599 -0.202463 40.7944882707 -218.6008218453 49.29238
S062 20MAR15 2020.2026 58923 2097 0 141.4 -69 -0.361096 4517751 -0.179402 49 0.289056 0.0000 0.000702 0.000924 0.002987 -0.076680 0.120610 -0.176041 40.7944882895 -218.6008218532 49.28906
S062 20MAR16 2020.2053 58924 2097 1 141.4 -69 -0.360985 4517751 -0.182118 49 0.294789 0.0000 0.000711 0.000910 0.003035 -0.066167 0.136274 -0.178404 40.7944882651 -218.6008218519 49.29479
S062 20MAR17 2020.2081 58925 2097 2 141.4 -69 -0.360897 4517751 -0.181582 49 0.291573 0.0000 0.000696 0.000900 0.002896 -0.043364 0.095057 -0.162193 40.7944882699 -218.6008218508 49.29157
S062 20MAR18 2020.2108 58926 2097 3 141.4 -69 -0.359523 4517751 -0.181052 49 0.292559 0.0000 0.000692 0.000917 0.002911 -0.050605 0.100734 -0.139935 40.7944882747 -218.6008218345 49.29256
S062 20MAR19 2020.2136 58927 2097 4 141.4 -69 -0.359594 4517751 -0.184333 49 0.296962 0.0000 0.000782 0.001045 0.003396 -0.086902 0.154532 -0.172468 40.7944882451 -218.6008218354 49.29696
S062 20MAR20 2020.2163 58928 2097 5 141.4 -69 -0.360549 4517751 -0.183854 49 0.292023 0.0000 0.000765 0.000969 0.003191 0.021781 0.056093 -0.126342 40.7944882495 -218.6008218467 49.29202
S062 20MAR21 2020.2190 58929 2097 6 141.4 -69 -0.361635 4517751 -0.183044 49 0.289127 0.0000 0.000718 0.000941 0.003048 -0.013016 0.089964 -0.155808 40.7944882567 -218.6008218595 49.28913
S062 20MAR22 2020.2218 58930 2098 0 141.4 -69 -0.361231 4517751 -0.182541 49 0.287980 0.0000 0.000707 0.000924 0.002993 -0.050741 0.117131 -0.162212 40.7944882613 -218.6008218548 49.28798
S062 20MAR23 2020.2245 58931 2098 1 141.4 -69 -0.361384 4517751 -0.181748 49 0.289701 0.0000 0.000705 0.000925 0.003005 -0.048614 0.080351 -0.142082 40.7944882684 -218.6008218566 49.28970
S062 20MAR24 2020.2272 58932 2098 2 141.4 -69 -0.362024 4517751 -0.183083 49 0.289817 0.0000 0.000702 0.000943 0.002986 -0.048054 0.093470 -0.143147 40.7944882564 -218.6008218642 49.28982
S062 20MAR25 2020.2300 58933 2098 3 141.4 -69 -0.360880 4517751 -0.181638 49 0.288766 0.0000 0.000698 0.000927 0.003001 -0.070618 0.112465 -0.156710 40.7944882694 -218.6008218506 49.28877
S062 20MAR26 2020.2327 58934 2098 4 141.4 -69 -0.361435 4517751 -0.182507 49 0.291154 0.0000 0.000702 0.000932 0.003005 -0.050279 0.084942 -0.143001 40.7944882616 -218.6008218572 49.29115
S062 20MAR27 2020.2355 58935 2098 5 141.4 -69 -0.360750 4517751 -0.183429 49 0.295249 0.0000 0.000703 0.000932 0.002999 -0.044717 0.105061 -0.120610 40.7944882533 -218.6008218491 49.29525
S062 20MAR28 2020.2382 58936 2098 6 141.4 -69 -0.363320 4517751 -0.182582 49 0.292047 0.0000 0.000704 0.000907 0.002970 -0.053983 0.092317 -0.145122 40.7944882609 -218.6008218795 49.29205
S062 20MAR29 2020.2409 58937 2099 0 141.4 -69 -0.362284 4517751 -0.183801 49 0.290129 0.0000 0.000698 0.000919 0.003043 -0.049422 0.074132 -0.109948 40.7944882499 -218.6008218672 49.29013
S062 20MAR30 2020.2437 58938 2099 1 141.4 -69 -0.360693 4517751 -0.183292 49 0.292787 0.0000 0.000714 0.000949 0.003063 -0.076304 0.073294 -0.167058 40.7944882545 -218.6008218484 49.29279
S062 20MAR31 2020.2464 58939 2099 2 141.4 -69 -0.361965 4517751 -0.183859 49 0.287934 0.0000 0.000724 0.000940 0.003119 -0.057506 0.067548 -0.151023 40.7944882494 -218.6008218635 49.28793
S062 20APR01 2020.2491 58940 2099 3 141.4 -69 -0.362192 4517751 -0.182768 49 0.290337 0.0000 0.000709 0.000923 0.003007 -0.042196 0.100742 -0.148320 40.7944882592 -218.6008218661 49.29034
S062 20APR02 2020.2519 58941 2099 4 141.4 -69 -0.360916 4517751 -0.182253 49 0.288079 0.0000 0.000703 0.000913 0.003003 -0.053981 0.095587 -0.148963 40.7944882639 -218.6008218510 49.28808
S062 20APR03 2020.2546 58942 2099 5 141.4 -69 -0.362107 4517751 -0.183485 49 0.286081 0.0000 0.000701 0.000931 0.003000 -0.058096 0.046718 -0.161845 40.7944882528 -218.6008218651 49.28608
S062 20APR04 2020.2574 58943 2099 6 141.4 -69 -0.362456 4517751 -0.181888 49 0.291992 0.0000 0.000710 0.000918 0.002999 -0.057600 0.061123 -0.138130 40.7944882672 -218.6008218693 49.29199
S062 20APR05 2020.2601 58944 2100 0 141.4 -69 -0.362800 4517751 -0.182363 49 0.287865 0.0000 0.000709 0.000922 0.002991 -0.048022 0.076451 -0.155274 40.7944882629 -218.6008218734 49.28787
S062 20APR06 2020.2628 58945 2100 1 141.4 -69 -0.362123 4517751 -0.183100 49 0.288527 0.0000 0.000704 0.000921 0.002984 -0.072447 0.096998 -0.166893 40.7944882562 -218.6008218653 49.28853
S062 20APR07 2020.2656 58946 2100 2 141.4 -69 -0.363230 4517751 -0.183984 49 0.290656 0.0000 0.000711 0.000932 0.003075 -0.054925 0.079974 -0.164195 40.7944882483 -218.6008218784 49.29066
S062 20APR08 2020.2683 58947 2100 3 141.4 -69 -0.363030 4517751 -0.182685 49 0.290241 0.0000 0.000691 0.000922 0.002986 -0.064613 0.108482 -0.199552 40.7944882600 -218.6008218761 49.29024
S062 20APR09 2020.2710 58948 2100 4 141.4 -69 -0.362587 4517751 -0.183885 49 0.287265 0.0000 0.000693 0.000922 0.002978 -0.045019 0.069551 -0.153148 40.7944882492 -218.6008218708 49.28726
S062 20APR10 2020.2738 58949 2100 5 141.4 -69 -0.362477 4517751 -0.184905 49 0.293496 0.0000 0.000692 0.000910 0.002980 -0.037784 0.044222 -0.158461 40.7944882400 -218.6008218695 49.29350
S062 20APR11 2020.2765 58950 2100 6 141.4 -69 -0.362659 4517751 -0.183219 49 0.292425 0.0000 0.000706 0.000929 0.003061 -0.058626 0.077771 -0.167950 40.7944882552 -218.6008218717 49.29242
S062 20APR12 2020.2793 58951 2101 0 141.4 -69 -0.363256 4517751 -0.182352 49 0.290403 0.0000 0.000721 0.000932 0.003076 -0.088100 0.151387 -0.166282 40.7944882630 -218.6008218788 49.29040
S062 20APR13 2020.2820 58952 2101 1 141.4 -69 -0.362124 4517751 -0.183718 49 0.289148 0.0000 0.000727 0.000949 0.003156 -0.075954 0.126984 -0.183499 40.7944882507 -218.6008218653 49.28915
S062 20APR15 2020.2875 58954 2101 3 141.4 -69 -0.362848 4517751 -0.184566 49 0.292351 0.0000 0.000693 0.000927 0.002990 -0.045328 0.069101 -0.164654 40.7944882430 -218.6008218739 49.29235
S062 20APR16 2020.2902 58955 2101 4 141.4 -69 -0.362486 4517751 -0.182779 49 0.292903 0.0000 0.000702 0.000939 0.003016 -0.071857 0.078570 -0.150068 40.7944882591 -218.6008218696 49.29290
S062 20APR17 2020.2930 58956 2101 5 141.4 -69 -0.363061 4517751 -0.183111 49 0.289268 0.0000 0.000702 0.000918 0.003021 -0.035712 0.077051 -0.183689 40.7944882561 -218.6008218764 49.28927
S062 20APR18 2020.2957 58957 2101 6 141.4 -69 -0.362719 4517751 -0.183924 49 0.290110 0.0000 0.000707 0.000944 0.003102 -0.038577 0.080155 -0.186643 40.7944882488 -218.6008218724 49.29011
S062 20APR19 2020.2984 58958 2102 0 141.4 -69 -0.361347 4517751 -0.183310 49 0.290374 0.0000 0.000706 0.000930 0.003042 -0.058031 0.089600 -0.187148 40.7944882543 -218.6008218561 49.29037
S062 20APR20 2020.3012 58959 2102 1 141.4 -69 -0.362896 4517751 -0.183754 49 0.288612 0.0000 0.000693 0.000913 0.002967 -0.054967 0.086106 -0.194367 40.7944882504 -218.6008218745 49.28861
S062 20APR21 2020.3039 58960 2102 2 141.4 -69 -0.362953 4517751 -0.183981 49 0.295638 0.0000 0.000712 0.000940 0.003097 -0.033540 0.083175 -0.198049 40.7944882483 -218.6008218752 49.29564
S062 20APR22 2020.3066 58961 2102 3 141.4 -69 -0.360896 4517751 -0.184216 49 0.294038 0.0000 0.000702 0.000939 0.003079 -0.069825 0.096939 -0.189446 40.7944882462 -218.6008218508 49.29404
S062 20APR23 2020.3094 58962 2102 4 141.4 -69 -0.362153 4517751 -0.184179 49 0.294504 0.0000 0.000725 0.000954 0.003129 -0.080856 0.082091 -0.175357 40.7944882465 -218.6008218657 49.29450
S062 20APR24 2020.3121 58963 2102 5 141.4 -69 -0.362194 4517751 -0.184621 49 0.296064 0.0000 0.000720 0.000949 0.003052 -0.092370 0.095201 -0.135920 40.7944882425 -218.6008218662 49.29606
S062 20APR25 2020.3149 58964 2102 6 141.4 -69 -0.360812 4517751 -0.185301 49 0.292960 0.0000 0.000722 0.000929 0.003054 -0.050277 0.047514 -0.177066 40.7944882364 -218.6008218498 49.29296
S062 20APR26 2020.3176 58965 2103 0 141.4 -69 -0.362323 4517751 -0.184925 49 0.289247 0.0000 0.000706 0.000935 0.003043 -0.063792 0.093765 -0.146272 40.7944882398 -218.6008218677 49.28925
S062 20APR27 2020.3203 58966 2103 1 141.4 -69 -0.362257 4517751 -0.185220 49 0.292371 0.0000 0.000707 0.000919 0.003010 -0.070042 0.112012 -0.145693 40.7944882371 -218.6008218669 49.29237
S062 20APR28 2020.3231 58967 2103 2 141.4 -69 -0.360418 4517751 -0.186202 49 0.290510 0.0000 0.000692 0.000932 0.002982 -0.076277 0.061063 -0.147051 40.7944882283 -218.6008218451 49.29051
S062 20APR29 2020.3258 58968 2103 3 141.4 -69 -0.362114 4517751 -0.186738 49 0.292248 0.0000 0.000707 0.000937 0.003101 -0.046017 0.088101 -0.171970 40.7944882235 -218.6008218652 49.29225
S062 20APR30 2020.3285 58969 2103 4 141.4 -69 -0.362993 4517751 -0.185512 49 0.295805 0.0000 0.000703 0.000920 0.002998 -0.056839 0.081161 -0.182425 40.7944882345 -218.6008218756 49.29580
S062 20MAY01 2020.3313 58970 2103 5 141.4 -69 -0.362136 4517751 -0.184364 49 0.292318 0.0000 0.000708 0.000943 0.003032 -0.078417 0.057277 -0.136473 40.7944882449 -218.6008218655 49.29232
S062 20MAY02 2020.3340 58971 2103 6 141.4 -69 -0.360521 4517751 -0.184763 49 0.286247 0.0000 0.000701 0.000919 0.002982 -0.039236 0.062238 -0.163639 40.7944882413 -218.6008218463 49.28625
S062 20MAY03 2020.3368 58972 2104 0 141.4 -69 -0.360726 4517751 -0.185081 49 0.297795 0.0000 0.000713 0.000918 0.003007 -0.104325 0.065484 -0.136860 40.7944882384 -218.6008218488 49.29780
S062 20MAY04 2020.3395 58973 2104 1 141.4 -69 -0.363931 4517751 -0.182084 49 0.294813 0.0000 0.000713 0.000936 0.003029 -0.098495 0.079095 -0.144267 40.7944882654 -218.6008218868 49.29481
S062 20MAY05 2020.3422 58974 2104 2 141.4 -69 -0.363199 4517751 -0.183352 49 0.290905 0.0000 0.000704 0.000938 0.002988 -0.039179 0.049801 -0.137453 40.7944882540 -218.6008218781 49.29091
S062 20MAY06 2020.3450 58975 2104 3 141.4 -69 -0.361349 4517751 -0.184495 49 0.293854 0.0000 0.000706 0.000935 0.003069 -0.037018 0.068767 -0.152508 40.7944882437 -218.6008218562 49.29385
S062 20MAY07 2020.3477 58976 2104 4 141.4 -69 -0.361008 4517751 -0.183936 49 0.291445 0.0000 0.000690 0.000910 0.002958 -0.039715 0.046817 -0.156163 40.7944882487 -218.6008218521 49.29144
S062 20MAY08 2020.3504 58977 2104 5 141.4 -69 -0.362010 4517751 -0.185217 49 0.297481 0.0000 0.000711 0.000932 0.003075 -0.060037 0.120457 -0.123858 40.7944882372 -218.6008218640 49.29748
S062 20MAY09 2020.3532 58978 2104 6 141.4 -69 -0.362753 4517751 -0.185088 49 0.294136 0.0000 0.000709 0.000927 0.003034 -0.030626 0.056306 -0.195274 40.7944882383 -218.6008218728 49.29414
S062 20MAY10 2020.3559 58979 2105 0 141.4 -69 -0.361105 4517751 -0.185421 49 0.306175 0.0000 0.000721 0.000942 0.003050 -0.069784 0.094756 -0.165048 40.7944882353 -218.6008218533 49.30618
S062 20MAY11 2020.3587 58980 2105 1 141.4 -69 -0.361591 4517751 -0.183047 49 0.297429 0.0000 0.000704 0.000937 0.003030 -0.080847 0.100325 -0.153040 40.7944882567 -218.6008218590 49.29743
S062 20MAY12 2020.3614 58981 2105 2 141.4 -69 -0.361459 4517751 -0.186236 49 0.294957 0.0000 0.000700 0.000925 0.003043 -0.058441 0.127952 -0.156742 40.7944882280 -218.6008218575 49.29496
S062 20MAY13 2020.3641 58982 2105 3 141.4 -69 -0.362419 4517751 -0.186641 49 0.285856 0.0000 0.000717 0.000945 0.003126 -0.066583 0.096240 -0.113251 40.7944882244 -218.6008218688 49.28586
S062 20MAY14 2020.3669 58983 2105 4 141.4 -69 -0.363642 4517751 -0.185231 49 0.298131 0.0000 0.000727 0.000955 0.003209 -0.052572 0.125125 -0.148423 40.7944882370 -218.6008218833 49.29813
S062 20MAY15 2020.3696 58984 2105 5 141.4 -69 -0.363887 4517751 -0.184362 49 0.293631 0.0000 0.000724 0.000956 0.003141 -0.076159 0.087967 -0.109178 40.7944882449 -218.6008218862 49.29363
S062 20MAY16 2020.3723 58985 2105 6 141.4 -69 -0.362236 4517751 -0.184071 49 0.297507 0.0000 0.000724 0.000943 0.003118 -0.065642 0.101162 -0.123809 40.7944882475 -218.6008218667 49.29751
S062 20MAY17 2020.3751 58986 2106 0 141.4 -69 -0.362782 4517751 -0.185114 49 0.295510 0.0000 0.000728 0.000962 0.003133 -0.043509 0.095035 -0.097252 40.7944882381 -218.6008218731 49.29551
S062 20MAY18 2020.3778 58987 2106 1 141.4 -69 -0.363330 4517751 -0.184374 49 0.294905 0.0000 0.000761 0.000978 0.003365 -0.040285 0.041826 -0.219320 40.7944882448 -218.6008218796 49.29491
S062 20MAY19 2020.3806 58988 2106 2 141.4 -69 -0.362958 4517751 -0.185435 49 0.293203 0.0000 0.000708 0.000932 0.003043 -0.078661 0.092945 -0.144311 40.7944882352 -218.6008218752 49.29320
S062 20MAY20 2020.3833 58989 2106 3 141.4 -69 -0.363618 4517751 -0.185157 49 0.291476 0.0000 0.000716 0.000928 0.003103 -0.066912 0.033791 -0.134268 40.7944882377 -218.6008218830 49.29148
S062 20MAY21 2020.3860 58990 2106 4 141.4 -69 -0.362199 4517751 -0.185189 49 0.293398 0.0000 0.000720 0.000942 0.003085 -0.065187 0.105476 -0.129030 40.7944882374 -218.6008218662 49.29340
S062 20MAY22 2020.3888 58991 2106 5 141.4 -69 -0.362195 4517751 -0.185277 49 0.293580 0.0000 0.000753 0.000976 0.003347 -0.077759 0.116360 -0.191722 40.7944882366 -218.6008218662 49.29358
S062 20MAY23 2020.3915 58992 2106 6 141.4 -69 -0.362192 4517751 -0.184894 49 0.294886 0.0000 0.000726 0.000974 0.003273 -0.050514 0.059199 -0.157704 40.7944882401 -218.6008218662 49.29489
S062 20MAY24 2020.3943 58993 2107 0 141.4 -69 -0.362757 4517751 -0.184239 49 0.297052 0.0000 0.000733 0.000939 0.003140 -0.072797 0.066923 -0.127745 40.7944882460 -218.6008218728 49.29705
S062 20MAY25 2020.3970 58994 2107 1 141.4 -69 -0.361799 4517751 -0.185404 49 0.295725 0.0000 0.000777 0.001046 0.003402 -0.112270 0.086179 -0.109803 40.7944882355 -218.6008218615 49.29573
S062 20MAY26 2020.3997 58995 2107 2 141.4 -69 -0.362624 4517751 -0.183139 49 0.298280 0.0000 0.000743 0.000954 0.003238 -0.078981 0.135161 -0.154848 40.7944882559 -218.6008218713 49.29828
S062 20MAY27 2020.4025 58996 2107 3 141.4 -69 -0.361448 4517751 -0.183727 49 0.294194 0.0000 0.000715 0.000938 0.003106 -0.068377 0.055468 -0.166939 40.7944882506 -218.6008218573 49.29419
S062 20MAY28 2020.4052 58997 2107 4 141.4 -69 -0.361989 4517751 -0.185073 49 0.299199 0.0000 0.000720 0.000973 0.003213 -0.030184 0.054543 -0.213160 40.7944882385 -218.6008218637 49.29920
S062 20MAY29 2020.4079 58998 2107 5 141.4 -69 -0.361090 4517751 -0.184140 49 0.296599 0.0000 0.000709 0.000951 0.003107 -0.055895 0.117093 -0.141630 40.7944882469 -218.6008218531 49.29660
S062 20MAY30 2020.4107 58999 2107 6 141.4 -69 -0.361576 4517751 -0.184011 49 0.297898 0.0000 0.000752 0.000961 0.003352 -0.063039 0.179806 -0.166991 40.7944882480 -218.6008218588 49.29790
S062 20MAY31 2020.4134 59000 2108 0 141.4 -69 -0.361608 4517751 -0.184819 49 0.298758 0.0000 0.000726 0.000953 0.003130 -0.061041 0.095027 -0.147700 40.7944882408 -218.6008218592 49.29876
S062 20JUN01 2020.4162 59001 2108 1 141.4 -69 -0.363251 4517751 -0.183954 49 0.294706 0.0000 0.000745 0.000947 0.003201 -0.062681 0.136702 -0.141407 40.7944882486 -218.6008218787 49.29471
S062 20JUN02 2020.4189 59002 2108 2 141.4 -69 -0.361203 4517751 -0.184335 49 0.294896 0.0000 0.000709 0.000933 0.003039 -0.046415 0.098773 -0.161621 40.7944882451 -218.6008218544 49.29490
S062 20JUN03 2020.4216 59003 2108 3 141.4 -69 -0.360970 4517751 -0.185187 49 0.294557 0.0000 0.000715 0.000936 0.003071 -0.081863 0.094817 -0.153183 40.7944882374 -218.6008218517 49.29456
S062 20JUN04 2020.4244 59004 2108 4 141.4 -69 -0.361510 4517751 -0.183987 49 0.298635 0.0000 0.000789 0.001006 0.003464 -0.096756 0.135270 -0.161490 40.7944882483 -218.6008218581 49.29864
S062 20JUN05 2020.4271 59005 2108 5 141.4 -69 -0.362126 4517751 -0.182278 49 0.299471 0.0000 0.000767 0.001013 0.003475 -0.096446 0.036298 -0.187889 40.7944882636 -218.6008218654 49.29947
S062 20JUN06 2020.4298 59006 2108 6 141.4 -69 -0.362577 4517751 -0.184579 49 0.297097 0.0000 0.000737 0.000966 0.003228 -0.043093 0.067046 -0.156677 40.7944882429 -218.6008218707 49.29710
S062 20JUN07 2020.4326 59007 2109 0 141.4 -69 -0.361779 4517751 -0.186542 49 0.293572 0.0000 0.000714 0.000956 0.003107 -0.069166 0.080041 -0.153520 40.7944882252 -218.6008218613 49.29357
S062 20JUN08 2020.4353 59008 2109 1 141.4 -69 -0.361430 4517751 -0.185606 49 0.298397 0.0000 0.000748 0.000986 0.003299 -0.078014 0.053029 -0.103735 40.7944882337 -218.6008218571 49.29840
S062 20JUN09 2020.4381 59009 2109 2 141.4 -69 -0.361027 4517751 -0.185904 49 0.298937 0.0000 0.000749 0.001000 0.003310 -0.078794 0.058145 -0.082904 40.7944882310 -218.6008218523 49.29894
S062 20JUN10 2020.4408 59010 2109 3 141.4 -69 -0.361854 4517751 -0.184619 49 0.301555 0.0000 0.000755 0.000983 0.003303 -0.078270 0.068963 -0.138621 40.7944882426 -218.6008218621 49.30155
S062 20JUN11 2020.4435 59011 2109 4 141.4 -69 -0.362782 4517751 -0.185639 49 0.304558 0.0000 0.000751 0.001029 0.003322 -0.047585 0.058108 -0.153979 40.7944882334 -218.6008218731 49.30456
S062 20JUN12 2020.4463 59012 2109 5 141.4 -69 -0.359814 4517751 -0.185796 49 0.301125 0.0000 0.000736 0.000952 0.003226 -0.095146 0.101441 -0.186294 40.7944882320 -218.6008218380 49.30113
S062 20JUN13 2020.4490 59013 2109 6 141.4 -69 -0.360893 4517751 -0.184693 49 0.297131 0.0000 0.000729 0.000950 0.003158 -0.082609 0.125994 -0.149449 40.7944882419 -218.6008218508 49.29713
S062 20JUN14 2020.4517 59014 2110 0 141.4 -69 -0.360120 4517751 -0.185288 49 0.299486 0.0000 0.000733 0.000963 0.003274 -0.046785 0.069942 -0.133166 40.7944882365 -218.6008218416 49.29949
S062 20JUN15 2020.4545 59015 2110 1 141.4 -69 -0.359626 4517751 -0.185197 49 0.298716 0.0000 0.000735 0.000962 0.003260 -0.113769 0.135439 -0.141141 40.7944882374 -218.6008218357 49.29872
S062 20JUN16 2020.4572 59016 2110 2 141.4 -69 -0.360103 4517751 -0.187939 49 0.294149 0.0000 0.000740 0.000985 0.003302 -0.094102 0.128092 -0.187081 40.7944882127 -218.6008218414 49.29415
S062 20JUN17 2020.4600 59017 2110 3 141.4 -69 -0.360510 4517751 -0.185468 49 0.292998 0.0000 0.000719 0.000934 0.003133 -0.060649 0.074525 -0.176739 40.7944882349 -218.6008218462 49.29300
S062 20JUN18 2020.4627 59018 2110 4 141.4 -69 -0.359697 4517751 -0.184941 49 0.297679 0.0000 0.000720 0.000937 0.003147 -0.046862 0.056419 -0.154825 40.7944882397 -218.6008218366 49.29768
S062 20JUN19 2020.4654 59019 2110 5 141.4 -69 -0.361228 4517751 -0.186060 49 0.299503 0.0000 0.000717 0.000937 0.003145 -0.056715 0.068974 -0.199953 40.7944882296 -218.6008218547 49.29950
S062 20JUN20 2020.4682 59020 2110 6 141.4 -69 -0.361337 4517751 -0.186799 49 0.293487 0.0000 0.000733 0.000942 0.003176 -0.087260 0.121208 -0.161325 40.7944882229 -218.6008218560 49.29349
S062 20JUN21 2020.4709 59021 2111 0 141.4 -69 -0.361930 4517751 -0.186539 49 0.293710 0.0000 0.000725 0.000940 0.003170 -0.110028 0.157488 -0.222245 40.7944882253 -218.6008218630 49.29371
S062 20JUN22 2020.4736 59022 2111 1 141.4 -69 -0.362081 4517751 -0.186708 49 0.296332 0.0000 0.000747 0.000954 0.003231 -0.079565 0.122102 -0.142846 40.7944882238 -218.6008218648 49.29633
S062 20JUN23 2020.4764 59023 2111 2 141.4 -69 -0.361571 4517751 -0.185866 49 0.295183 0.0000 0.000736 0.000960 0.003238 -0.102658 0.117377 -0.144822 40.7944882313 -218.6008218588 49.29518
S062 20JUN24 2020.4791 59024 2111 3 141.4 -69 -0.361731 4517751 -0.186009 49 0.298592 0.0000 0.000728 0.000976 0.003267 -0.084054 0.111350 -0.168096 40.7944882300 -218.6008218607 49.29859
S062 20JUN25 2020.4819 59025 2111 4 141.4 -69 -0.360294 4517751 -0.184841 49 0.297668 0.0000 0.000724 0.000965 0.003231 -0.067050 0.104870 -0.194978 40.7944882406 -218.6008218437 49.29767
S062 20JUN26 2020.4846 59026 2111 5 141.4 -69 -0.361268 4517751 -0.184833 49 0.305348 0.0000 0.000757 0.000991 0.003511 -0.045374 0.097595 -0.224560 40.7944882406 -218.6008218552 49.30535
S062 20JUN27 2020.4873 59027 2111 6 141.4 -69 -0.360456 4517751 -0.185498 49 0.301946 0.0000 0.000786 0.000988 0.003442 -0.098925 0.062324 -0.110814 40.7944882346 -218.6008218456 49.30195
S062 20JUN28 2020.4901 59028 2112 0 141.4 -69 -0.359890 4517751 -0.186086 49 0.293850 0.0000 0.000725 0.000977 0.003263 -0.070629 0.096394 -0.186971 40.7944882293 -218.6008218389 49.29385
S062 20JUN29 2020.4928 59029 2112 1 141.4 -69 -0.361262 4517751 -0.185338 49 0.297188 0.0000 0.000712 0.000955 0.003145 -0.046968 0.072031 -0.190215 40.7944882361 -218.6008218551 49.29719
S062 20JUN30 2020.4956 59030 2112 2 141.4 -69 -0.360424 4517751 -0.184378 49 0.296931 0.0000 0.000735 0.000987 0.003329 -0.050992 0.078095 -0.180508 40.7944882447 -218.6008218452 49.29693
S062 20JUL01 2020.4983 59031 2112 3 141.4 -69 -0.360815 4517751 -0.184265 49 0.299868 0.0000 0.000724 0.000951 0.003176 -0.063546 0.073916 -0.172013 40.7944882458 -218.6008218498 49.29987
S062 20JUL02 2020.5010 59032 2112 4 141.4 -69 -0.361382 4517751 -0.184016 49 0.299885 0.0000 0.000717 0.000936 0.003166 -0.055873 0.102038 -0.180838 40.7944882480 -218.6008218565 49.29989
S062 20JUL03 2020.5038 59033 2112 5 141.4 -69 -0.360132 4517751 -0.186188 49 0.300501 0.0000 0.000712 0.000918 0.003055 -0.083361 0.129788 -0.165035 40.7944882284 -218.6008218417 49.30050
S062 20JUL04 2020.5065 59034 2112 6 141.4 -69 -0.361551 4517751 -0.186272 49 0.304058 0.0000 0.000778 0.001040 0.003423 -0.059586 0.097295 -0.143420 40.7944882277 -218.6008218586 49.30406
S062 20JUL05 2020.5092 59035 2113 0 141.4 -69 -0.360415 4517751 -0.184459 49 0.297068 0.0000 0.000747 0.000993 0.003363 -0.038564 0.059577 -0.171925 40.7944882440 -218.6008218451 49.29707
S062 20JUL06 2020.5120 59036 2113 1 141.4 -69 -0.360412 4517751 -0.184849 49 0.298895 0.0000 0.000722 0.000951 0.003159 -0.070812 0.069195 -0.157414 40.7944882405 -218.6008218451 49.29890
S062 20JUL07 2020.5147 59037 2113 2 141.4 -69 -0.362477 4517751 -0.184424 49 0.301340 0.0000 0.000756 0.000979 0.003392 -0.062974 0.107814 -0.183711 40.7944882443 -218.6008218695 49.30134
S062 20JUL08 2020.5175 59038 2113 3 141.4 -69 -0.359776 4517751 -0.184694 49 0.300395 0.0000 0.000757 0.000984 0.003377 -0.079872 0.036993 -0.210792 40.7944882419 -218.6008218375 49.30040
S062 20JUL09 2020.5202 59039 2113 4 141.4 -69 -0.360219 4517751 -0.183378 49 0.295890 0.0000 0.000763 0.001007 0.003412 -0.072080 0.000460 -0.172475 40.7944882537 -218.6008218428 49.29589
S062 20JUL10 2020.5229 59040 2113 5 141.4 -69 -0.360466 4517751 -0.185399 49 0.302808 0.0000 0.000734 0.000992 0.003306 -0.097702 0.085294 -0.132544 40.7944882355 -218.6008218457 49.30281
S062 20JUL11 2020.5257 59041 2113 6 141.4 -69 -0.359585 4517751 -0.186659 49 0.299432 0.0000 0.000743 0.001005 0.003392 -0.074064 0.098165 -0.167221 40.7944882242 -218.6008218353 49.29943
S062 20JUL12 2020.5284 59042 2114 0 141.4 -69 -0.360844 4517751 -0.185513 49 0.293562 0.0000 0.000734 0.000991 0.003278 -0.089956 0.095597 -0.149127 40.7944882345 -218.6008218502 49.29356
S062 20JUL13 2020.5311 59043 2114 1 141.4 -69 -0.360534 4517751 -0.185712 49 0.296147 0.0000 0.000721 0.000985 0.003214 -0.096423 0.077598 -0.157591 40.7944882327 -218.6008218465 49.29615
S062 20JUL14 2020.5339 59044 2114 2 141.4 -69 -0.361210 4517751 -0.183854 49 0.299217 0.0000 0.000734 0.000981 0.003262 -0.082246 0.084395 -0.134226 40.7944882494 -218.6008218545 49.29922
S062 20JUL15 2020.5366 59045 2114 3 141.4 -69 -0.359454 4517751 -0.186667 49 0.299058 0.0000 0.000704 0.000972 0.003125 -0.080757 0.073370 -0.179751 40.7944882241 -218.6008218337 49.29906
S062 20JUL16 2020.5394 59046 2114 4 141.4 -69 -0.359202 4517751 -0.185620 49 0.292551 0.0000 0.000708 0.000959 0.003132 -0.082255 0.101709 -0.205377 40.7944882335 -218.6008218307 49.29255
S062 20JUL17 2020.5421 59047 2114 5 141.4 -69 -0.360883 4517751 -0.186828 49 0.293837 0.0000 0.000738 0.000977 0.003308 -0.060295 0.064502 -0.202390 40.7944882227 -218.6008218506 49.29384
S062 20JUL18 2020.5448 59048 2114 6 141.4 -69 -0.361506 4517751 -0.185563 49 0.295103 0.0000 0.000725 0.000962 0.003176 -0.085032 0.087958 -0.115899 40.7944882341 -218.6008218580 49.29510
S062 20JUL19 2020.5476 59049 2115 0 141.4 -69 -0.360949 4517751 -0.186543 49 0.295197 0.0000 0.000696 0.000957 0.003068 -0.056828 0.111298 -0.153234 40.7944882252 -218.6008218514 49.29520
S062 20JUL20 2020.5503 59050 2115 1 141.4 -69 -0.358992 4517751 -0.185344 49 0.295698 0.0000 0.000764 0.000990 0.003392 -0.076568 0.089197 -0.169284 40.7944882360 -218.6008218282 49.29570
S062 20JUL21 2020.5530 59051 2115 2 141.4 -69 -0.360985 4517751 -0.184215 49 0.299896 0.0000 0.000717 0.000963 0.003216 -0.071054 0.064518 -0.149611 40.7944882462 -218.6008218518 49.29990
S062 20JUL22 2020.5558 59052 2115 3 141.4 -69 -0.362411 4517751 -0.185466 49 0.294005 0.0000 0.000767 0.001060 0.003498 -0.037600 0.072739 -0.128072 40.7944882349 -218.6008218687 49.29401
S062 20JUL23 2020.5585 59053 2115 4 141.4 -69 -0.361492 4517751 -0.185748 49 0.300343 0.0000 0.000745 0.000983 0.003322 -0.073552 0.096087 -0.165032 40.7944882324 -218.6008218579 49.30034
S062 20JUL24 2020.5613 59054 2115 5 141.4 -69 -0.360603 4517751 -0.184649 49 0.297443 0.0000 0.000709 0.000963 0.003140 -0.047736 0.091417 -0.109138 40.7944882423 -218.6008218473 49.29744
S062 20JUL25 2020.5640 59055 2115 6 141.4 -69 -0.360025 4517751 -0.185251 49 0.301337 0.0000 0.000735 0.000987 0.003384 -0.083561 0.092533 -0.129232 40.7944882369 -218.6008218405 49.30134
S062 20JUL26 2020.5667 59056 2116 0 141.4 -69 -0.360274 4517751 -0.185453 49 0.290482 0.0000 0.000746 0.000996 0.003429 -0.085529 0.189893 -0.121555 40.7944882351 -218.6008218434 49.29048
S062 20JUL27 2020.5695 59057 2116 1 141.4 -69 -0.361141 4517751 -0.187569 49 0.295873 0.0000 0.000723 0.000969 0.003251 -0.086107 0.118927 -0.199757 40.7944882160 -218.6008218537 49.29587
S062 20JUL28 2020.5722 59058 2116 2 141.4 -69 -0.361290 4517751 -0.186269 49 0.297666 0.0000 0.000735 0.000996 0.003273 -0.069812 0.129523 -0.167832 40.7944882277 -218.6008218555 49.29767
S062 20JUL29 2020.5749 59059 2116 3 141.4 -69 -0.360650 4517751 -0.187165 49 0.295642 0.0000 0.000719 0.000966 0.003171 -0.076725 0.112275 -0.159773 40.7944882196 -218.6008218479 49.29564
S062 20JUL30 2020.5777 59060 2116 4 141.4 -69 -0.359612 4517751 -0.187796 49 0.301577 0.0000 0.000709 0.000941 0.003071 -0.081311 0.083801 -0.151345 40.7944882140 -218.6008218356 49.30158
S062 20JUL31 2020.5804 59061 2116 5 141.4 -69 -0.360931 4517751 -0.185880 49 0.302978 0.0000 0.000751 0.001029 0.003396 -0.083849 0.098714 -0.153063 40.7944882312 -218.6008218512 49.30298
S062 20AUG01 2020.5832 59062 2116 6 141.4 -69 -0.359582 4517751 -0.187518 49 0.295612 0.0000 0.000718 0.000970 0.003220 -0.063696 0.126523 -0.170939 40.7944882165 -218.6008218352 49.29561
S062 20AUG02 2020.5859 59063 2117 0 141.4 -69 -0.357947 4517751 -0.187414 49 0.301474 0.0000 0.000725 0.000971 0.003155 -0.081458 0.113316 -0.142757 40.7944882174 -218.6008218158 49.30147
S062 20AUG03 2020.5886 59064 2117 1 141.4 -69 -0.358441 4517751 -0.187892 49 0.297758 0.0000 0.000728 0.000967 0.003215 -0.057575 0.098732 -0.138199 40.7944882131 -218.6008218217 49.29776
S062 20AUG04 2020.5914 59065 2117 2 141.4 -69 -0.359377 4517751 -0.186076 49 0.297775 0.0000 0.000746 0.000997 0.003392 -0.049613 0.062989 -0.142649 40.7944882294 -218.6008218328 49.29777
S062 20AUG05 2020.5941 59066 2117 3 141.4 -69 -0.359948 4517751 -0.187262 49 0.299405 0.0000 0.000743 0.000983 0.003338 -0.049381 0.101420 -0.181851 40.7944882188 -218.6008218396 49.29940
S062 20AUG06 2020.5969 59067 2117 4 141.4 -69 -0.361012 4517751 -0.187292 49 0.297669 0.0000 0.000778 0.001049 0.003587 -0.075081 0.090449 -0.122892 40.7944882185 -218.6008218522 49.29767
S062 20AUG07 2020.5996 59068 2117 5 141.4 -69 -0.354594 4517751 -0.189187 49 0.308534 0.0000 0.000748 0.000996 0.003290 -0.076879 0.126378 -0.136151 40.7944882014 -218.6008217761 49.30853
S062 20AUG08 2020.6023 59069 2117 6 141.4 -69 -0.359589 4517751 -0.186934 49 0.300297 0.0000 0.000747 0.001025 0.003485 -0.035971 0.103362 -0.213377 40.7944882217 -218.6008218353 49.30030
S062 20AUG09 2020.6051 59070 2118 0 141.4 -69 -0.359200 4517751 -0.189474 49 0.306075 0.0000 0.000728 0.000975 0.003215 -0.060085 0.083706 -0.113174 40.7944881988 -218.6008218307 49.30607
S062 20AUG10 2020.6078 59071 2118 1 141.4 -69 -0.358182 4517751 -0.189709 49 0.301798 0.0000 0.000712 0.000945 0.003114 -0.063502 0.090954 -0.137314 40.7944881967 -218.6008218186 49.30180
S062 20AUG11 2020.6105 59072 2118 2 141.4 -69 -0.356335 4517751 -0.190027 49 0.287701 0.0000 0.000779 0.001047 0.003591 -0.123131 0.161721 -0.171840 40.7944881939 -218.6008217967 49.28770
S062 20AUG12 2020.6133 59073 2118 3 141.4 -69 -0.360564 4517751 -0.187927 49 0.306561 0.0000 0.000763 0.001000 0.003465 -0.052205 0.170361 -0.166948 40.7944882128 -218.6008218469 49.30656
S062 20AUG13 2020.6160 59074 2118 4 141.4 -69 -0.355995 4517751 -0.187386 49 0.295759 0.0000 0.000743 0.000978 0.003332 -0.074270 0.145413 -0.115198 40.7944882176 -218.6008217927 49.29576
S062 20AUG14 2020.6188 59075 2118 5 141.4 -69 -0.359922 4517751 -0.188222 49 0.298420 0.0000 0.000726 0.000972 0.003233 -0.052788 0.111799 -0.134145 40.7944882101 -218.6008218392 49.29842
S062 20AUG15 2020.6215 59076 2118 6 141.4 -69 -0.358709 4517751 -0.189661 49 0.302277 0.0000 0.000748 0.000973 0.003360 -0.060463 0.127679 -0.163561 40.7944881972 -218.6008218249 49.30228
S062 20AUG16 2020.6242 59077 2119 0 141.4 -69 -0.358107 4517751 -0.187581 49 0.298492 0.0000 0.000737 0.000979 0.003314 -0.093800 0.120421 -0.133643 40.7944882159 -218.6008218177 49.29849
S062 20AUG17 2020.6270 59078 2119 1 141.4 -69 -0.357970 4517751 -0.187496 49 0.297085 0.0000 0.000748 0.000980 0.003319 -0.066055 0.109184 -0.160729 40.7944882167 -218.6008218161 49.29708
S062 20AUG18 2020.6297 59079 2119 2 141.4 -69 -0.358622 4517751 -0.188236 49 0.300869 0.0000 0.000739 0.000967 0.003257 -0.072654 0.116974 -0.181529 40.7944882100 -218.6008218238 49.30087
S062 20AUG19 2020.6324 59080 2119 3 141.4 -69 -0.356866 4517751 -0.189366 49 0.304110 0.0000 0.000726 0.000951 0.003215 -0.073688 0.135051 -0.174447 40.7944881998 -218.6008218030 49.30411
S062 20AUG20 2020.6352 59081 2119 4 141.4 -69 -0.358423 4517751 -0.187609 49 0.294115 0.0000 0.000718 0.000943 0.003139 -0.067470 0.075922 -0.160826 40.7944882156 -218.6008218215 49.29411
S062 20AUG21 2020.6379 59082 2119 5 141.4 -69 -0.359431 4517751 -0.186329 49 0.298107 0.0000 0.000735 0.000977 0.003255 -0.063716 0.118185 -0.137709 40.7944882272 -218.6008218334 49.29811
S062 20AUG22 2020.6407 59083 2119 6 141.4 -69 -0.358276 4517751 -0.188648 49 0.302938 0.0000 0.000730 0.000952 0.003213 -0.058215 0.075734 -0.167046 40.7944882063 -218.6008218197 49.30294
S062 20AUG23 2020.6434 59084 2120 0 141.4 -69 -0.356604 4517751 -0.188717 49 0.296757 0.0000 0.000737 0.000956 0.003187 -0.075138 0.088728 -0.143246 40.7944882057 -218.6008217999 49.29676
S062 20AUG24 2020.6461 59085 2120 1 141.4 -69 -0.356307 4517751 -0.189096 49 0.297625 0.0000 0.000710 0.000925 0.003033 -0.061385 0.101476 -0.175087 40.7944882022 -218.6008217964 49.29763
S062 20AUG25 2020.6489 59086 2120 2 141.4 -69 -0.356861 4517751 -0.189618 49 0.302112 0.0000 0.000722 0.000951 0.003165 -0.082297 0.136574 -0.188160 40.7944881975 -218.6008218030 49.30211
S062 20AUG26 2020.6516 59087 2120 3 141.4 -69 -0.356739 4517751 -0.188520 49 0.300446 0.0000 0.000705 0.000962 0.003107 -0.065403 0.109024 -0.167432 40.7944882074 -218.6008218015 49.30045
S062 20AUG27 2020.6543 59088 2120 4 141.4 -69 -0.358472 4517751 -0.188169 49 0.297490 0.0000 0.000739 0.000942 0.003185 -0.109780 0.116945 -0.170997 40.7944882106 -218.6008218221 49.29749
S062 20AUG28 2020.6571 59089 2120 5 141.4 -69 -0.357749 4517751 -0.190126 49 0.297724 0.0000 0.000727 0.000957 0.003182 -0.073323 0.111279 -0.178166 40.7944881930 -218.6008218135 49.29772
S062 20AUG29 2020.6598 59090 2120 6 141.4 -69 -0.356794 4517751 -0.190669 49 0.304998 0.0000 0.000742 0.000972 0.003245 -0.093494 0.103063 -0.213978 40.7944881881 -218.6008218022 49.30500
S062 20AUG30 2020.6626 59091 2121 0 141.4 -69 -0.357495 4517751 -0.189680 49 0.293272 0.0000 0.000727 0.000983 0.003252 -0.078703 0.083767 -0.167223 40.7944881970 -218.6008218105 49.29327
S062 20AUG31 2020.6653 59092 2121 1 141.4 -69 -0.357549 4517751 -0.190974 49 0.293950 0.0000 0.000703 0.000924 0.003040 -0.081676 0.121930 -0.163524 40.7944881853 -218.6008218111 49.29395
S062 20SEP01 2020.6680 59093 2121 2 141.4 -69 -0.357142 4517751 -0.190479 49 0.289033 0.0000 0.000727 0.000937 0.003099 -0.076036 0.091023 -0.127141 40.7944881898 -218.6008218063 49.28903
S062 20SEP02 2020.6708 59094 2121 3 141.4 -69 -0.356357 4517751 -0.191016 49 0.294102 0.0000 0.000717 0.000954 0.003114 -0.078011 0.137919 -0.120571 40.7944881850 -218.6008217970 49.29410
S062 20SEP03 2020.6735 59095 2121 4 141.4 -69 -0.357816 4517751 -0.190586 49 0.290595 0.0000 0.000715 0.000928 0.003068 -0.085995 0.091781 -0.146910 40.7944881888 -218.6008218143 49.29060
S062 20SEP04 2020.6762 59096 2121 5 141.4 -69 -0.358777 4517751 -0.190193 49 0.290509 0.0000 0.000750 0.000963 0.003298 -0.102071 0.134799 -0.160177 40.7944881924 -218.6008218257 49.29051
S062 20SEP05 2020.6790 59097 2121 6 141.4 -69 -0.357079 4517751 -0.189491 49 0.295231 0.0000 0.000721 0.000946 0.003137 -0.080759 0.132104 -0.151402 40.7944881987 -218.6008218056 49.29523
S062 20SEP06 2020.6817 59098 2122 0 141.4 -69 -0.356106 4517751 -0.191500 49 0.301243 0.0000 0.000723 0.000956 0.003141 -0.055459 0.125910 -0.160075 40.7944881806 -218.6008217940 49.30124
S062 20SEP07 2020.6845 59099 2122 1 141.4 -69 -0.356654 4517751 -0.188875 49 0.301010 0.0000 0.000706 0.000931 0.003074 -0.066948 0.127707 -0.166517 40.7944882042 -218.6008218005 49.30101
S062 20SEP08 2020.6872 59100 2122 2 141.4 -69 -0.358077 4517751 -0.193579 49 0.305257 0.0000 0.000751 0.000992 0.003338 -0.077846 0.129378 -0.152139 40.7944881619 -218.6008218174 49.30526
S062 20SEP09 2020.6899 59101 2122 3 141.4 -69 -0.357665 4517751 -0.189852 49 0.302999 0.0000 0.000741 0.000957 0.003218 -0.111233 0.094635 -0.149429 40.7944881954 -218.6008218125 49.30300
S062 20SEP10 2020.6927 59102 2122 4 141.4 -69 -0.357696 4517751 -0.191035 49 0.295512 0.0000 0.000730 0.000973 0.003209 -0.059285 0.082827 -0.109041 40.7944881848 -218.6008218129 49.29551
S062 20SEP11 2020.6954 59103 2122 5 141.4 -69 -0.356906 4517751 -0.192395 49 0.301602 0.0000 0.000753 0.000963 0.003158 -0.064997 0.061256 -0.141080 40.7944881725 -218.6008218035 49.30160
S062 20SEP12 2020.6982 59104 2122 6 141.4 -69 -0.355381 4517751 -0.190188 49 0.296308 0.0000 0.000724 0.000955 0.003175 -0.061952 0.063747 -0.205591 40.7944881924 -218.6008217854 49.29631
S062 20SEP13 2020.7009 59105 2123 0 141.4 -69 -0.357653 4517751 -0.190790 49 0.294475 0.0000 0.000728 0.000938 0.003146 -0.103288 0.142803 -0.187421 40.7944881870 -218.6008218124 49.29447
S062 20SEP14 2020.7036 59106 2123 1 141.4 -69 -0.357285 4517751 -0.192089 49 0.299729 0.0000 0.000730 0.000942 0.003161 -0.095006 0.146005 -0.141235 40.7944881753 -218.6008218080 49.29973
S062 20SEP15 2020.7064 59107 2123 2 141.4 -69 -0.355567 4517751 -0.192024 49 0.304489 0.0000 0.000756 0.000999 0.003287 -0.123657 0.124090 -0.156561 40.7944881759 -218.6008217876 49.30449
S062 20SEP16 2020.7091 59108 2123 3 141.4 -69 -0.357702 4517751 -0.190368 49 0.299010 0.0000 0.000745 0.001003 0.003262 -0.089946 0.094153 -0.167835 40.7944881908 -218.6008218129 49.29901
S062 20SEP17 2020.7118 59109 2123 4 141.4 -69 -0.356607 4517751 -0.191499 49 0.305883 0.0000 0.000754 0.000950 0.003218 -0.134106 0.207063 -0.163079 40.7944881806 -218.6008218000 49.30588
S062 20SEP18 2020.7146 59110 2123 5 141.4 -69 -0.354001 4517751 -0.193268 49 0.305387 0.0000 0.000740 0.000960 0.003218 -0.125316 0.146862 -0.155370 40.7944881647 -218.6008217691 49.30539
S062 20SEP19 2020.7173 59111 2123 6 141.4 -69 -0.360446 4517751 -0.193063 49 0.294768 0.0000 0.000747 0.000976 0.003295 -0.110883 0.179851 -0.164596 40.7944881665 -218.6008218455 49.29477
S062 20SEP20 2020.7201 59112 2124 0 141.4 -69 -0.355932 4517751 -0.193606 49 0.296299 0.0000 0.000725 0.000940 0.003156 -0.090415 0.104802 -0.214083 40.7944881616 -218.6008217920 49.29630
S062 20SEP21 2020.7228 59113 2124 1 141.4 -69 -0.355601 4517751 -0.193564 49 0.295743 0.0000 0.000724 0.000931 0.003082 -0.104235 0.139499 -0.132020 40.7944881620 -218.6008217880 49.29574
S062 20SEP22 2020.7255 59114 2124 2 141.4 -69 -0.355641 4517751 -0.192772 49 0.304156 0.0000 0.000738 0.000970 0.003245 -0.113275 0.161363 -0.176342 40.7944881691 -218.6008217885 49.30416
S062 20SEP23 2020.7283 59115 2124 3 141.4 -69 -0.354485 4517751 -0.191611 49 0.296429 0.0000 0.000732 0.000976 0.003174 -0.114908 0.130176 -0.178657 40.7944881796 -218.6008217748 49.29643
S062 20SEP24 2020.7310 59116 2124 4 141.4 -69 -0.355322 4517751 -0.193761 49 0.297757 0.0000 0.000726 0.000947 0.003172 -0.086968 0.119137 -0.182846 40.7944881602 -218.6008217847 49.29776
S062 20SEP25 2020.7337 59117 2124 5 141.4 -69 -0.354780 4517751 -0.192938 49 0.298487 0.0000 0.000725 0.000919 0.003042 -0.096964 0.162852 -0.142324 40.7944881676 -218.6008217783 49.29849
S062 20SEP26 2020.7365 59118 2124 6 141.4 -69 -0.355426 4517751 -0.192211 49 0.297844 0.0000 0.000701 0.000912 0.003028 -0.077992 0.107033 -0.184745 40.7944881742 -218.6008217860 49.29784
S062 20SEP27 2020.7392 59119 2125 0 141.4 -69 -0.356993 4517751 -0.192477 49 0.296357 0.0000 0.000717 0.000917 0.003051 -0.096733 0.137006 -0.154563 40.7944881718 -218.6008218045 49.29636
S062 20SEP28 2020.7420 59120 2125 1 141.4 -69 -0.356116 4517751 -0.194219 49 0.297213 0.0000 0.000718 0.000919 0.003100 -0.104973 0.201067 -0.205821 40.7944881561 -218.6008217942 49.29721
S062 20SEP29 2020.7447 59121 2125 2 141.4 -69 -0.354903 4517751 -0.194024 49 0.299277 0.0000 0.000725 0.000943 0.003142 -0.112649 0.153931 -0.197488 40.7944881579 -218.6008217798 49.29928
S062 20SEP30 2020.7474 59122 2125 3 141.4 -69 -0.354480 4517751 -0.192476 49 0.295338 0.0000 0.000734 0.000940 0.003185 -0.126421 0.198006 -0.189438 40.7944881718 -218.6008217748 49.29534
S062 20OCT01 2020.7502 59123 2125 4 141.4 -69 -0.353804 4517751 -0.193253 49 0.298238 0.0000 0.000736 0.000949 0.003155 -0.104506 0.099526 -0.132346 40.7944881648 -218.6008217668 49.29824
S062 20OCT02 2020.7529 59124 2125 5 141.4 -69 -0.355851 4517751 -0.192757 49 0.292373 0.0000 0.000708 0.000931 0.003067 -0.067382 0.105220 -0.163694 40.7944881693 -218.6008217910 49.29237
S062 20OCT03 2020.7556 59125 2125 6 141.4 -69 -0.353765 4517751 -0.194740 49 0.294055 0.0000 0.000719 0.000924 0.003119 -0.104415 0.090952 -0.169703 40.7944881514 -218.6008217663 49.29405
S062 20OCT04 2020.7584 59126 2126 0 141.4 -69 -0.352723 4517751 -0.194635 49 0.298799 0.0000 0.000708 0.000922 0.003094 -0.091616 0.144481 -0.164310 40.7944881524 -218.6008217540 49.29880
S062 20OCT05 2020.7611 59127 2126 1 141.4 -69 -0.358173 4517751 -0.194334 49 0.299598 0.0000 0.000734 0.000944 0.003170 -0.080905 0.104354 -0.170953 40.7944881551 -218.6008218185 49.29960
S062 20OCT06 2020.7639 59128 2126 2 141.4 -69 -0.355317 4517751 -0.196946 49 0.292467 0.0000 0.000709 0.000949 0.003176 -0.068353 0.122234 -0.185241 40.7944881316 -218.6008217847 49.29247
S062 20OCT07 2020.7666 59129 2126 3 141.4 -69 -0.354473 4517751 -0.196282 49 0.298821 0.0000 0.000702 0.000907 0.003018 -0.084420 0.113024 -0.168974 40.7944881375 -218.6008217747 49.29882
S062 20OCT08 2020.7693 59130 2126 4 141.4 -69 -0.355438 4517751 -0.196426 49 0.293785 0.0000 0.000711 0.000932 0.003130 -0.081992 0.083194 -0.225481 40.7944881362 -218.6008217861 49.29379
S062 20OCT09 2020.7721 59131 2126 5 141.4 -69 -0.353515 4517751 -0.196181 49 0.288215 0.0000 0.000714 0.000905 0.002982 -0.092677 0.112595 -0.158180 40.7944881384 -218.6008217633 49.28822
S062 20OCT10 2020.7748 59132 2126 6 141.4 -69 -0.352857 4517751 -0.195463 49 0.289347 0.0000 0.000719 0.000922 0.003061 -0.123818 0.118435 -0.192294 40.7944881449 -218.6008217555 49.28935
S062 20OCT11 2020.7775 59133 2127 0 141.4 -69 -0.355455 4517751 -0.198055 49 0.294765 0.0000 0.000708 0.000905 0.003029 -0.089865 0.088698 -0.211022 40.7944881216 -218.6008217863 49.29476
S062 20OCT12 2020.7803 59134 2127 1 141.4 -69 -0.353254 4517751 -0.195612 49 0.295431 0.0000 0.000702 0.000927 0.003073 -0.078886 0.105334 -0.192678 40.7944881436 -218.6008217602 49.29543
S062 20OCT13 2020.7830 59135 2127 2 141.4 -69 -0.352608 4517751 -0.197158 49 0.290949 0.0000 0.000706 0.000900 0.003013 -0.081102 0.091828 -0.220759 40.7944881297 -218.6008217526 49.29095
S062 20OCT14 2020.7858 59136 2127 3 141.4 -69 -0.351396 4517751 -0.194026 49 0.288815 0.0000 0.000729 0.000928 0.003134 -0.126716 0.133999 -0.179717 40.7944881578 -218.6008217382 49.28881
S062 20OCT15 2020.7885 59137 2127 4 141.4 -69 -0.350853 4517751 -0.195885 49 0.289959 0.0000 0.000731 0.000939 0.003182 -0.088596 0.044040 -0.172953 40.7944881411 -218.6008217318 49.28996
S062 20OCT16 2020.7912 59138 2127 5 141.4 -69 -0.353809 4517751 -0.195612 49 0.292607 0.0000 0.000722 0.000918 0.003114 -0.087348 0.088273 -0.194037 40.7944881436 -218.6008217668 49.29261
S062 20OCT17 2020.7940 59139 2127 6 141.4 -69 -0.352505 4517751 -0.195870 49 0.294205 0.0000 0.000724 0.000938 0.003209 -0.094873 0.163755 -0.195641 40.7944881412 -218.6008217514 49.29420
S062 20OCT18 2020.7967 59140 2128 0 141.4 -69 -0.350912 4517751 -0.196419 49 0.287512 0.0000 0.000722 0.000922 0.003121 -0.082968 0.119758 -0.213495 40.7944881363 -218.6008217325 49.28751
S062 20OCT19 2020.7995 59141 2128 1 141.4 -69 -0.353312 4517751 -0.197609 49 0.288991 0.0000 0.000723 0.000929 0.003104 -0.114415 0.138037 -0.159633 40.7944881256 -218.6008217609 49.28899
S062 20OCT20 2020.8022 59142 2128 2 141.4 -69 -0.351698 4517751 -0.196127 49 0.288315 0.0000 0.000723 0.000909 0.003030 -0.092442 0.123849 -0.202575 40.7944881389 -218.6008217418 49.28832
S062 20OCT21 2020.8049 59143 2128 3 141.4 -69 -0.352837 4517751 -0.195874 49 0.291468 0.0000 0.000705 0.000890 0.002956 -0.091650 0.141117 -0.172301 40.7944881412 -218.6008217553 49.29147
S062 20OCT22 2020.8077 59144 2128 4 141.4 -69 -0.352544 4517751 -0.195232 49 0.294835 0.0000 0.000718 0.000948 0.003140 -0.105076 0.126530 -0.167440 40.7944881470 -218.6008217518 49.29484
S062 20OCT23 2020.8104 59145 2128 5 141.4 -69 -0.353688 4517751 -0.195999 49 0.294269 0.0000 0.000736 0.000970 0.003205 -0.137630 0.113820 -0.153857 40.7944881401 -218.6008217654 49.29427
S062 20OCT24 2020.8131 59146 2128 6 141.4 -69 -0.348626 4517751 -0.198991 49 0.294235 0.0000 0.000723 0.000935 0.003149 -0.104851 0.118366 -0.171049 40.7944881131 -218.6008217054 49.29423
S062 20OCT25 2020.8159 59147 2129 0 141.4 -69 -0.351722 4517751 -0.198219 49 0.290383 0.0000 0.000707 0.000910 0.003003 -0.105464 0.125962 -0.195145 40.7944881201 -218.6008217421 49.29038
S062 20OCT26 2020.8186 59148 2129 1 141.4 -69 -0.351977 4517751 -0.199924 49 0.288158 0.0000 0.000716 0.000934 0.003093 -0.060648 0.121416 -0.186200 40.7944881047 -218.6008217451 49.28816
S062 20OCT27 2020.8214 59149 2129 2 141.4 -69 -0.352287 4517751 -0.197222 49 0.284287 0.0000 0.000708 0.000908 0.003026 -0.084118 0.150595 -0.189452 40.7944881291 -218.6008217488 49.28429
S062 20OCT28 2020.8241 59150 2129 3 141.4 -69 -0.352166 4517751 -0.196831 49 0.284130 0.0000 0.000722 0.000930 0.003074 -0.039098 0.091353 -0.177849 40.7944881326 -218.6008217473 49.28413
S062 20OCT29 2020.8268 59151 2129 4 141.4 -69 -0.350686 4517751 -0.196515 49 0.288488 0.0000 0.000719 0.000936 0.003138 -0.090496 0.093294 -0.201968 40.7944881354 -218.6008217298 49.28849
S062 20OCT30 2020.8296 59152 2129 5 141.4 -69 -0.353599 4517751 -0.197684 49 0.290787 0.0000 0.000716 0.000939 0.003123 -0.119025 0.132154 -0.219956 40.7944881249 -218.6008217643 49.29079
S062 20OCT31 2020.8323 59153 2129 6 141.4 -69 -0.353314 4517751 -0.197464 49 0.287627 0.0000 0.000722 0.000946 0.003045 -0.083878 0.089516 -0.117322 40.7944881269 -218.6008217609 49.28763
S062 20NOV01 2020.8350 59154 2130 0 141.4 -69 -0.353663 4517751 -0.198375 49 0.291114 0.0000 0.000740 0.000954 0.003244 -0.058928 0.102782 -0.205397 40.7944881187 -218.6008217651 49.29111
S062 20NOV02 2020.8378 59155 2130 1 141.4 -69 -0.351517 4517751 -0.198831 49 0.293675 0.0000 0.000711 0.000919 0.003103 -0.077894 0.100747 -0.208722 40.7944881146 -218.6008217397 49.29368
S062 20NOV03 2020.8405 59156 2130 2 141.4 -69 -0.350801 4517751 -0.198947 49 0.286790 0.0000 0.000710 0.000936 0.003073 -0.094359 0.085684 -0.159270 40.7944881135 -218.6008217312 49.28679
S062 20NOV04 2020.8433 59157 2130 3 141.4 -69 -0.350439 4517751 -0.199324 49 0.297588 0.0000 0.000745 0.000959 0.003203 -0.080553 0.069561 -0.218435 40.7944881101 -218.6008217269 49.29759
S062 20NOV05 2020.8460 59158 2130 4 141.4 -69 -0.351210 4517751 -0.198608 49 0.293639 0.0000 0.000722 0.000925 0.003067 -0.098565 0.094636 -0.140388 40.7944881166 -218.6008217360 49.29364
S062 20NOV06 2020.8487 59159 2130 5 141.4 -69 -0.351386 4517751 -0.199460 49 0.294327 0.0000 0.000720 0.000919 0.003132 -0.088767 0.141786 -0.214696 40.7944881089 -218.6008217381 49.29433
S062 20NOV07 2020.8515 59160 2130 6 141.4 -69 -0.353599 4517751 -0.199179 49 0.303537 0.0000 0.000708 0.000921 0.003086 -0.086564 0.086167 -0.184382 40.7944881114 -218.6008217643 49.30354
S062 20NOV08 2020.8542 59161 2131 0 141.4 -69 -0.351671 4517751 -0.199661 49 0.291312 0.0000 0.000727 0.000943 0.003122 -0.116219 0.095115 -0.158810 40.7944881071 -218.6008217415 49.29131
S062 20NOV09 2020.8569 59162 2131 1 141.4 -69 -0.351105 4517751 -0.199635 49 0.299532 0.0000 0.000716 0.000955 0.003200 -0.062930 0.078646 -0.239438 40.7944881073 -218.6008217348 49.29953
S062 20NOV10 2020.8597 59163 2131 2 141.4 -69 -0.349576 4517751 -0.199699 49 0.287087 0.0000 0.000707 0.000919 0.003023 -0.087781 0.090246 -0.169225 40.7944881068 -218.6008217167 49.28709
S062 20NOV11 2020.8624 59164 2131 3 141.4 -69 -0.351890 4517751 -0.200043 49 0.289555 0.0000 0.000725 0.000933 0.003091 -0.112294 0.102060 -0.211351 40.7944881037 -218.6008217441 49.28956
S062 20NOV12 2020.8652 59165 2131 4 141.4 -69 -0.349922 4517751 -0.200655 49 0.286515 0.0000 0.000722 0.000925 0.003073 -0.073020 0.091306 -0.203292 40.7944880982 -218.6008217208 49.28652
S062 20NOV13 2020.8679 59166 2131 5 141.4 -69 -0.350889 4517751 -0.198840 49 0.291712 0.0000 0.000746 0.000959 0.003283 -0.086391 0.058102 -0.212206 40.7944881145 -218.6008217322 49.29171
S062 20NOV14 2020.8706 59167 2131 6 141.4 -69 -0.350437 4517751 -0.199519 49 0.285177 0.0000 0.000730 0.000955 0.003181 -0.085818 0.039879 -0.176706 40.7944881084 -218.6008217269 49.28518
S062 20NOV15 2020.8734 59168 2132 0 141.4 -69 -0.351492 4517751 -0.199860 49 0.288376 0.0000 0.000722 0.000944 0.003114 -0.102964 0.074574 -0.152291 40.7944881053 -218.6008217394 49.28838
S062 20NOV16 2020.8761 59169 2132 1 141.4 -69 -0.349329 4517751 -0.199756 49 0.296524 0.0000 0.000757 0.000941 0.003186 -0.058037 0.061441 -0.116074 40.7944881063 -218.6008217137 49.29652
S062 20NOV17 2020.8789 59170 2132 2 141.4 -69 -0.351132 4517751 -0.200350 49 0.293311 0.0000 0.000754 0.000959 0.003250 -0.061643 0.051584 -0.188091 40.7944881009 -218.6008217351 49.29331
S062 20NOV18 2020.8816 59171 2132 3 141.4 -69 -0.350806 4517751 -0.199935 49 0.294413 0.0000 0.000739 0.000983 0.003234 -0.073785 0.082824 -0.182193 40.7944881046 -218.6008217312 49.29441
S062 20NOV19 2020.8843 59172 2132 4 141.4 -69 -0.351397 4517751 -0.200488 49 0.292843 0.0000 0.000715 0.000922 0.003076 -0.065523 0.085697 -0.130570 40.7944880997 -218.6008217382 49.29284
S062 20NOV20 2020.8871 59173 2132 5 141.4 -69 -0.350844 4517751 -0.200508 49 0.294775 0.0000 0.000763 0.000993 0.003313 -0.047298 0.096117 -0.158484 40.7944880995 -218.6008217317 49.29478
S062 20NOV21 2020.8898 59174 2132 6 141.4 -69 -0.350655 4517751 -0.200218 49 0.292325 0.0000 0.000721 0.000949 0.003102 -0.068539 0.099046 -0.183563 40.7944881021 -218.6008217294 49.29233
S062 20NOV22 2020.8925 59175 2133 0 141.4 -69 -0.349819 4517751 -0.200795 49 0.298527 0.0000 0.000737 0.000968 0.003299 -0.047016 0.057478 -0.193125 40.7944880969 -218.6008217195 49.29853
S062 20NOV23 2020.8953 59176 2133 1 141.4 -69 -0.350795 4517751 -0.202548 49 0.300499 0.0000 0.000754 0.000990 0.003404 -0.085893 0.089361 -0.209441 40.7944880811 -218.6008217311 49.30050
S062 20NOV24 2020.8980 59177 2133 2 141.4 -69 -0.351610 4517751 -0.201157 49 0.293065 0.0000 0.000742 0.000967 0.003309 -0.037492 0.081451 -0.207824 40.7944880936 -218.6008217408 49.29306
S062 20NOV25 2020.9008 59178 2133 3 141.4 -69 -0.350871 4517751 -0.201762 49 0.294832 0.0000 0.000728 0.000964 0.003307 -0.025207 0.094285 -0.210640 40.7944880882 -218.6008217320 49.29483
S062 20NOV26 2020.9035 59179 2133 4 141.4 -69 -0.349784 4517751 -0.203078 49 0.285408 0.0000 0.000721 0.000954 0.003224 -0.053592 0.083408 -0.199340 40.7944880763 -218.6008217191 49.28541
S062 20NOV27 2020.9062 59180 2133 5 141.4 -69 -0.351260 4517751 -0.203123 49 0.293390 0.0000 0.000749 0.000954 0.003288 -0.047065 0.091460 -0.165480 40.7944880759 -218.6008217366 49.29339
S062 20NOV28 2020.9090 59181 2133 6 141.4 -69 -0.350402 4517751 -0.201920 49 0.294218 0.0000 0.000742 0.000957 0.003179 -0.071391 0.114016 -0.133162 40.7944880868 -218.6008217264 49.29422
S062 20NOV29 2020.9117 59182 2134 0 141.4 -69 -0.351714 4517751 -0.200082 49 0.296059 0.0000 0.000749 0.000954 0.003233 -0.089954 0.055906 -0.169391 40.7944881033 -218.6008217420 49.29606
S062 20NOV30 2020.9144 59183 2134 1 141.4 -69 -0.352704 4517751 -0.204241 49 0.301980 0.0000 0.000734 0.000951 0.003138 -0.051178 0.043877 -0.178023 40.7944880659 -218.6008217537 49.30198
S062 20DEC01 2020.9172 59184 2134 2 141.4 -69 -0.352595 4517751 -0.204225 49 0.288930 0.0000 0.000724 0.000944 0.003138 -0.049734 0.095594 -0.172334 40.7944880660 -218.6008217524 49.28893
S062 20DEC02 2020.9199 59185 2134 3 141.4 -69 -0.351391 4517751 -0.202876 49 0.296909 0.0000 0.000721 0.000917 0.003071 -0.073994 0.086539 -0.177540 40.7944880782 -218.6008217382 49.29691
S062 20DEC03 2020.9227 59186 2134 4 141.4 -69 -0.352494 4517751 -0.202738 49 0.299634 0.0000 0.000711 0.000924 0.003069 -0.058041 0.090791 -0.200860 40.7944880794 -218.6008217512 49.29963
S062 20DEC04 2020.9254 59187 2134 5 141.4 -69 -0.349598 4517751 -0.202199 49 0.284346 0.0000 0.000711 0.000918 0.003021 -0.078447 0.104877 -0.167896 40.7944880843 -218.6008217169 49.28435
S062 20DEC05 2020.9281 59188 2134 6 141.4 -69 -0.350388 4517751 -0.201737 49 0.290275 0.0000 0.000707 0.000914 0.002993 -0.073338 0.124734 -0.161333 40.7944880884 -218.6008217263 49.29028
S062 20DEC06 2020.9309 59189 2135 0 141.4 -69 -0.348788 4517751 -0.204119 49 0.293165 0.0000 0.000714 0.000927 0.003127 -0.052368 0.109527 -0.182569 40.7944880670 -218.6008217073 49.29317
S062 20DEC07 2020.9336 59190 2135 1 141.4 -69 -0.348865 4517751 -0.202936 49 0.293451 0.0000 0.000721 0.000933 0.003146 -0.076121 0.101117 -0.195967 40.7944880776 -218.6008217082 49.29345
S062 20DEC08 2020.9363 59191 2135 2 141.4 -69 -0.350692 4517751 -0.203811 49 0.289561 0.0000 0.000717 0.000927 0.003070 -0.056282 0.088927 -0.183425 40.7944880697 -218.6008217299 49.28956
S062 20DEC09 2020.9391 59192 2135 3 141.4 -69 -0.350538 4517751 -0.203112 49 0.294801 0.0000 0.000705 0.000909 0.003019 -0.060929 0.128575 -0.178694 40.7944880760 -218.6008217281 49.29480
S062 20DEC10 2020.9418 59193 2135 4 141.4 -69 -0.350089 4517751 -0.202516 49 0.293291 0.0000 0.000709 0.000945 0.003074 -0.079474 0.138141 -0.171371 40.7944880814 -218.6008217227 49.29329
S062 20DEC11 2020.9446 59194 2135 5 141.4 -69 -0.351518 4517751 -0.203547 49 0.304412 0.0000 0.000717 0.000936 0.003143 -0.043822 0.073814 -0.215202 40.7944880721 -218.6008217397 49.30441
S062 20DEC12 2020.9473 59195 2135 6 141.4 -69 -0.350471 4517751 -0.202360 49 0.302022 0.0000 0.000712 0.000917 0.003027 -0.057967 0.087078 -0.158564 40.7944880828 -218.6008217273 49.30202
S062 20DEC13 2020.9500 59196 2136 0 141.4 -69 -0.350031 4517751 -0.201715 49 0.297923 0.0000 0.000700 0.000896 0.002943 -0.049400 0.102531 -0.161381 40.7944880886 -218.6008217220 49.29792
S062 20DEC14 2020.9528 59197 2136 1 141.4 -69 -0.349520 4517751 -0.203412 49 0.300339 0.0000 0.000731 0.000927 0.003094 -0.067467 0.126996 -0.174852 40.7944880733 -218.6008217160 49.30034
S062 20DEC15 2020.9555 59198 2136 2 141.4 -69 -0.348006 4517751 -0.201024 49 0.289117 0.0000 0.000725 0.000934 0.003126 -0.072032 0.140145 -0.176505 40.7944880948 -218.6008216981 49.28912
S062 20DEC16 2020.9582 59199 2136 3 141.4 -69 -0.350497 4517751 -0.204651 49 0.290566 0.0000 0.000726 0.000922 0.003129 -0.066851 0.096965 -0.182846 40.7944880622 -218.6008217276 49.29057
S062 20DEC17 2020.9610 59200 2136 4 141.4 -69 -0.349290 4517751 -0.205423 49 0.296625 0.0000 0.000731 0.000936 0.003190 -0.088967 0.134950 -0.215084 40.7944880552 -218.6008217133 49.29663
S062 20DEC18 2020.9637 59201 2136 5 141.4 -69 -0.350345 4517751 -0.202221 49 0.294452 0.0000 0.000719 0.000917 0.003030 -0.071281 0.078279 -0.165219 40.7944880841 -218.6008217258 49.29445
S062 20DEC19 2020.9665 59202 2136 6 141.4 -69 -0.348033 4517751 -0.201830 49 0.298119 0.0000 0.000726 0.000894 0.003011 -0.092574 0.118147 -0.138669 40.7944880876 -218.6008216984 49.29812
S062 20DEC20 2020.9692 59203 2137 0 141.4 -69 -0.349793 4517751 -0.202993 49 0.290662 0.0000 0.000733 0.000911 0.003097 -0.087275 0.092631 -0.125615 40.7944880771 -218.6008217192 49.29066
S062 20DEC21 2020.9719 59204 2137 1 141.4 -69 -0.348598 4517751 -0.202349 49 0.298550 0.0000 0.000707 0.000905 0.003038 -0.085118 0.115334 -0.211802 40.7944880829 -218.6008217051 49.29855
S062 20DEC22 2020.9747 59205 2137 2 141.4 -69 -0.349165 4517751 -0.203897 49 0.294251 0.0000 0.000711 0.000917 0.003133 -0.060615 0.157147 -0.186385 40.7944880690 -218.6008217118 49.29425
S062 20DEC23 2020.9774 59206 2137 3 141.4 -69 -0.347181 4517751 -0.204226 49 0.293105 0.0000 0.000745 0.000961 0.003322 -0.088775 0.137773 -0.188023 40.7944880660 -218.6008216883 49.29310
S062 20DEC24 2020.9802 59207 2137 4 141.4 -69 -0.346871 4517751 -0.204521 49 0.291621 0.0000 0.000754 0.000962 0.003296 -0.073425 0.066139 -0.192027 40.7944880633 -218.6008216846 49.29162
S062 20DEC25 2020.9829 59208 2137 5 141.4 -69 -0.349202 4517751 -0.205730 49 0.294053 0.0000 0.000725 0.000942 0.003174 -0.030142 0.098369 -0.202394 40.7944880525 -218.6008217122 49.29405
S062 20DEC26 2020.9856 59209 2137 6 141.4 -69 -0.345816 4517751 -0.203378 49 0.291409 0.0000 0.000712 0.000914 0.003026 -0.092478 0.068642 -0.124230 40.7944880736 -218.6008216721 49.29141
S062 20DEC27 2020.9884 59210 2138 0 141.4 -69 -0.348358 4517751 -0.204978 49 0.297869 0.0000 0.000710 0.000907 0.003087 -0.083573 0.097649 -0.167250 40.7944880592 -218.6008217022 49.29787
S062 20DEC28 2020.9911 59211 2138 1 141.4 -69 -0.347013 4517751 -0.203196 49 0.287964 0.0000 0.000710 0.000900 0.003076 -0.073321 0.112939 -0.153119 40.7944880753 -218.6008216863 49.28796
S062 20DEC29 2020.9938 59212 2138 2 141.4 -69 -0.350360 4517751 -0.204526 49 0.293247 0.0000 0.000730 0.000915 0.003106 -0.090365 0.085666 -0.138160 40.7944880633 -218.6008217259 49.29325
S062 20DEC30 2020.9966 59213 2138 3 141.4 -69 -0.348920 4517751 -0.204247 49 0.291393 0.0000 0.000714 0.000900 0.003016 -0.057521 0.091613 -0.168381 40.7944880658 -218.6008217089 49.29139
S062 20DEC31 2020.9993 59214 2138 4 141.4 -69 -0.352565 4517751 -0.204027 49 0.281516 0.0000 0.000713 0.000917 0.003093 -0.058269 0.123250 -0.119639 40.7944880678 -218.6008217521 49.28152
S062 21JAN01 2021.0021 59215 2138 5 141.4 -69 -0.345640 4517751 -0.206631 49 0.287559 0.0000 0.000697 0.000915 0.003030 -0.076049 0.127823 -0.142667 40.7944880443 -218.6008216700 49.28756
S062 21JAN02 2021.0048 59216 2138 6 141.4 -69 -0.347675 4517751 -0.204485 49 0.281430 0.0000 0.000728 0.000917 0.003123 -0.088785 0.171436 -0.155915 40.7944880637 -218.6008216941 49.28143
S062 21JAN03 2021.0075 59217 2139 0 141.4 -69 -0.346702 4517751 -0.205151 49 0.276128 0.0000 0.000713 0.000940 0.003154 -0.058077 0.144759 -0.167300 40.7944880577 -218.6008216826 49.27613
S062 21JAN04 2021.0103 59218 2139 1 141.4 -69 -0.347141 4517751 -0.205223 49 0.286779 0.0000 0.000709 0.000895 0.003026 -0.065140 0.121857 -0.149943 40.7944880570 -218.6008216878 49.28678
S062 21JAN05 2021.0130 59219 2139 2 141.4 -69 -0.348153 4517751 -0.203194 49 0.289596 0.0000 0.000689 0.000881 0.002875 -0.050379 0.086981 -0.168227 40.7944880753 -218.6008216998 49.28960
S062 21JAN06 2021.0157 59220 2139 3 141.4 -69 -0.347465 4517751 -0.204951 49 0.296631 0.0000 0.000704 0.000902 0.002959 -0.050811 0.092589 -0.139460 40.7944880595 -218.6008216916 49.29663
S062 21JAN07 2021.0185 59221 2139 4 141.4 -69 -0.344051 4517751 -0.201664 49 0.294387 0.0000 0.000700 0.000892 0.003013 -0.061337 0.140981 -0.144611 40.7944880891 -218.6008216512 49.29439
S062 21JAN08 2021.0212 59222 2139 5 141.4 -69 -0.346958 4517751 -0.200495 49 0.287528 0.0000 0.000732 0.000897 0.003044 -0.048326 0.070414 -0.131215 40.7944880996 -218.6008216856 49.28753
S062 21JAN09 2021.0240 59223 2139 6 141.4 -69 -0.345867 4517751 -0.203033 49 0.297996 0.0000 0.000712 0.000908 0.003068 -0.061659 0.079543 -0.174400 40.7944880767 -218.6008216727 49.29800
S062 21JAN10 2021.0267 59224 2140 0 141.4 -69 -0.346561 4517751 -0.203433 49 0.290856 0.0000 0.000708 0.000891 0.002981 -0.058425 0.109640 -0.145156 40.7944880731 -218.6008216809 49.29086
S062 21JAN11 2021.0294 59225 2140 1 141.4 -69 -0.348409 4517751 -0.207447 49 0.295317 0.0000 0.000714 0.000909 0.003025 -0.073714 0.083043 -0.175229 40.7944880370 -218.6008217028 49.29532
S062 21JAN12 2021.0322 59226 2140 2 141.4 -69 -0.346588 4517751 -0.205796 49 0.295500 0.0000 0.000751 0.000944 0.003317 -0.037139 0.149187 -0.178535 40.7944880519 -218.6008216812 49.29550
S062 21JAN13 2021.0349 59227 2140 3 141.4 -69 -0.347492 4517751 -0.207351 49 0.295801 0.0000 0.000718 0.000915 0.003148 -0.051855 0.124635 -0.180501 40.7944880379 -218.6008216920 49.29580
S062 21JAN14 2021.0376 59228 2140 4 141.4 -69 -0.347112 4517751 -0.207244 49 0.297384 0.0000 0.000694 0.000902 0.002983 -0.065355 0.095928 -0.170674 40.7944880388 -218.6008216875 49.29738
S062 21JAN15 2021.0404 59229 2140 5 141.4 -69 -0.347431 4517751 -0.206399 49 0.293662 0.0000 0.000712 0.000902 0.003012 -0.080659 0.059263 -0.130160 40.7944880464 -218.6008216912 49.29366
S062 21JAN16 2021.0431 59230 2140 6 141.4 -69 -0.345630 4517751 -0.208094 49 0.289497 0.0000 0.000708 0.000895 0.002991 -0.046364 0.112175 -0.111603 40.7944880312 -218.6008216699 49.28950
S062 21JAN17 2021.0459 59231 2141 0 141.4 -69 -0.348099 4517751 -0.204676 49 0.289422 0.0000 0.000700 0.000906 0.003030 -0.043523 0.035083 -0.164495 40.7944880619 -218.6008216992 49.28942
S062 21JAN18 2021.0486 59232 2141 1 141.4 -69 -0.347811 4517751 -0.205521 49 0.289707 0.0000 0.000700 0.000906 0.003015 -0.066088 0.106993 -0.161233 40.7944880543 -218.6008216957 49.28971
S062 21JAN19 2021.0513 59233 2141 2 141.4 -69 -0.344486 4517751 -0.206973 49 0.284273 0.0000 0.000697 0.000909 0.002984 -0.073392 0.037841 -0.174866 40.7944880413 -218.6008216564 49.28427
S062 21JAN20 2021.0541 59234 2141 3 141.4 -69 -0.347736 4517751 -0.206582 49 0.293158 0.0000 0.000717 0.000927 0.003090 -0.085384 0.079164 -0.165010 40.7944880448 -218.6008216949 49.29316
S062 21JAN21 2021.0568 59235 2141 4 141.4 -69 -0.347694 4517751 -0.205375 49 0.286352 0.0000 0.000727 0.000912 0.003090 -0.067801 0.109846 -0.141988 40.7944880557 -218.6008216944 49.28635
S062 21JAN22 2021.0595 59236 2141 5 141.4 -69 -0.347450 4517751 -0.206678 49 0.292621 0.0000 0.000696 0.000916 0.002979 -0.066116 0.086454 -0.138267 40.7944880439 -218.6008216915 49.29262
S062 21JAN23 2021.0623 59237 2141 6 141.4 -69 -0.347071 4517751 -0.206153 49 0.293260 0.0000 0.000721 0.000905 0.003045 -0.097703 0.109430 -0.137424 40.7944880486 -218.6008216870 49.29326
S062 21JAN24 2021.0650 59238 2142 0 141.4 -69 -0.348893 4517751 -0.206165 49 0.293448 0.0000 0.000717 0.000910 0.003102 -0.050515 0.065657 -0.192540 40.7944880485 -218.6008217086 49.29345
S062 21JAN25 2021.0678 59239 2142 1 141.4 -69 -0.348794 4517751 -0.203856 49 0.287577 0.0000 0.000704 0.000893 0.003005 -0.057042 0.054222 -0.155494 40.7944880693 -218.6008217074 49.28758
S062 21JAN26 2021.0705 59240 2142 2 141.4 -69 -0.348393 4517751 -0.206004 49 0.299373 0.0000 0.000707 0.000910 0.003075 -0.082454 0.107719 -0.166936 40.7944880500 -218.6008217026 49.29937
S062 21JAN27 2021.0732 59241 2142 3 141.4 -69 -0.346641 4517751 -0.203842 49 0.287644 0.0000 0.000725 0.000914 0.003132 -0.035286 0.017642 -0.159479 40.7944880695 -218.6008216819 49.28764
S062 21JAN28 2021.0760 59242 2142 4 141.4 -69 -0.347620 4517751 -0.205979 49 0.293739 0.0000 0.000718 0.000933 0.003207 -0.065649 0.071294 -0.211452 40.7944880502 -218.6008216935 49.29374
S062 21JAN29 2021.0787 59243 2142 5 141.4 -69 -0.347639 4517751 -0.204745 49 0.287602 0.0000 0.000706 0.000911 0.003097 -0.062331 0.117088 -0.158234 40.7944880613 -218.6008216937 49.28760
S062 21JAN30 2021.0815 59244 2142 6 141.4 -69 -0.348820 4517751 -0.203514 49 0.283839 0.0000 0.000688 0.000889 0.002886 -0.048412 0.078657 -0.142899 40.7944880724 -218.6008217077 49.28384
S062 21JAN31 2021.0842 59245 2143 0 141.4 -69 -0.347681 4517751 -0.204663 49 0.282472 0.0000 0.000735 0.000928 0.003122 -0.080650 0.109439 -0.133573 40.7944880621 -218.6008216942 49.28247
S062 21FEB01 2021.0869 59246 2143 1 141.4 -69 -0.346228 4517751 -0.207066 49 0.291770 0.0000 0.000706 0.000925 0.003024 -0.097393 0.098958 -0.159389 40.7944880404 -218.6008216770 49.29177
S062 21FEB02 2021.0897 59247 2143 2 141.4 -69 -0.344543 4517751 -0.208515 49 0.297397 0.0000 0.000691 0.000908 0.002948 -0.051567 0.084625 -0.145012 40.7944880274 -218.6008216570 49.29740
S062 21FEB03 2021.0924 59248 2143 3 141.4 -69 -0.345447 4517751 -0.208338 49 0.299222 0.0000 0.000694 0.000917 0.003022 -0.052396 0.089983 -0.165143 40.7944880290 -218.6008216677 49.29922
S062 21FEB04 2021.0951 59249 2143 4 141.4 -69 -0.347289 4517751 -0.205275 49 0.279365 0.0000 0.000712 0.000894 0.002922 -0.057616 0.067461 -0.095926 40.7944880566 -218.6008216896 49.27937
S062 21FEB05 2021.0979 59250 2143 5 141.4 -69 -0.345814 4517751 -0.204418 49 0.282711 0.0000 0.000713 0.000887 0.002967 -0.048809 0.094414 -0.123809 40.7944880643 -218.6008216721 49.28271
S062 21FEB06 2021.1006 59251 2143 6 141.4 -69 -0.345331 4517751 -0.206122 49 0.285109 0.0000 0.000710 0.000915 0.003097 -0.053236 0.069939 -0.184104 40.7944880489 -218.6008216664 49.28511
S062 21FEB07 2021.1034 59252 2144 0 141.4 -69 -0.346074 4517751 -0.204883 49 0.281027 0.0000 0.000707 0.000893 0.002948 -0.039877 0.077161 -0.130927 40.7944880601 -218.6008216752 49.28103
S062 21FEB08 2021.1061 59253 2144 1 141.4 -69 -0.346295 4517751 -0.205323 49 0.292159 0.0000 0.000704 0.000904 0.002999 -0.060292 0.074758 -0.122526 40.7944880561 -218.6008216778 49.29216
S062 21FEB09 2021.1088 59254 2144 2 141.4 -69 -0.347572 4517751 -0.208083 49 0.294606 0.0000 0.000706 0.000918 0.003021 -0.056310 0.084054 -0.141259 40.7944880313 -218.6008216929 49.29461
S062 21FEB10 2021.1116 59255 2144 3 141.4 -69 -0.343271 4517751 -0.209075 49 0.293242 0.0000 0.000722 0.000910 0.003099 -0.059085 0.113101 -0.145046 40.7944880223 -218.6008216419 49.29324
S062 21FEB11 2021.1143 59256 2144 4 141.4 -69 -0.345436 4517751 -0.206990 49 0.294454 0.0000 0.000710 0.000907 0.003042 -0.057781 0.123790 -0.151263 40.7944880411 -218.6008216676 49.29445
S062 21FEB12 2021.1170 59257 2144 5 141.4 -69 -0.346132 4517751 -0.204657 49 0.288879 0.0000 0.000696 0.000884 0.002969 -0.030501 0.087757 -0.181660 40.7944880621 -218.6008216758 49.28888
S062 21FEB13 2021.1198 59258 2144 6 141.4 -69 -0.346466 4517751 -0.205541 49 0.291457 0.0000 0.000700 0.000895 0.002922 -0.074526 0.091725 -0.115374 40.7944880542 -218.6008216798 49.29146
S062 21FEB14 2021.1225 59259 2145 0 141.4 -69 -0.344988 4517751 -0.207050 49 0.289901 0.0000 0.000709 0.000910 0.003059 -0.064970 0.100714 -0.132077 40.7944880406 -218.6008216623 49.28990
S062 21FEB15 2021.1253 59260 2145 1 141.4 -69 -0.344764 4517751 -0.206961 49 0.295272 0.0000 0.000719 0.000952 0.003097 -0.046002 0.050017 -0.152095 40.7944880414 -218.6008216596 49.29527
S062 21FEB16 2021.1280 59261 2145 2 141.4 -69 -0.346194 4517751 -0.207117 49 0.299780 0.0000 0.000694 0.000906 0.002998 -0.050749 0.086930 -0.112940 40.7944880400 -218.6008216766 49.29978
S062 21FEB17 2021.1307 59262 2145 3 141.4 -69 -0.345157 4517751 -0.205555 49 0.290214 0.0000 0.000693 0.000898 0.002980 -0.053946 0.086542 -0.169683 40.7944880540 -218.6008216643 49.29021
S062 21FEB18 2021.1335 59263 2145 4 141.4 -69 -0.346286 4517751 -0.206920 49 0.293999 0.0000 0.000709 0.000913 0.003034 -0.051589 0.095248 -0.153062 40.7944880417 -218.6008216777 49.29400
S062 21FEB19 2021.1362 59264 2145 5 141.4 -69 -0.346501 4517751 -0.207990 49 0.293998 0.0000 0.000712 0.000909 0.003066 -0.048926 0.112406 -0.147519 40.7944880321 -218.6008216802 49.29400
S062 21FEB20 2021.1389 59265 2145 6 141.4 -69 -0.344305 4517751 -0.206805 49 0.294387 0.0000 0.000711 0.000908 0.003039 -0.073108 0.075825 -0.139728 40.7944880428 -218.6008216542 49.29439
S062 21FEB21 2021.1417 59266 2146 0 141.4 -69 -0.344987 4517751 -0.208234 49 0.285988 0.0000 0.000697 0.000923 0.003035 -0.054937 0.055216 -0.124034 40.7944880299 -218.6008216623 49.28599
S062 21FEB22 2021.1444 59267 2146 1 141.4 -69 -0.345973 4517751 -0.206688 49 0.288424 0.0000 0.000713 0.000917 0.003033 -0.069356 0.078835 -0.113156 40.7944880438 -218.6008216740 49.28842
S062 21FEB23 2021.1472 59268 2146 2 141.4 -69 -0.341913 4517751 -0.208636 49 0.290776 0.0000 0.000695 0.000875 0.002878 -0.069898 0.091802 -0.122302 40.7944880263 -218.6008216259 49.29078
S062 21FEB24 2021.1499 59269 2146 3 141.4 -69 -0.344391 4517751 -0.208272 49 0.289174 0.0000 0.000699 0.000901 0.003011 -0.053817 0.051521 -0.156785 40.7944880296 -218.6008216552 49.28917
S062 21FEB25 2021.1526 59270 2146 4 141.4 -69 -0.344982 4517751 -0.209002 49 0.291590 0.0000 0.000711 0.000901 0.003010 -0.040440 0.106487 -0.088997 40.7944880230 -218.6008216622 49.29159
S062 21FEB26 2021.1554 59271 2146 5 141.4 -69 -0.345665 4517751 -0.208558 49 0.289379 0.0000 0.000731 0.000923 0.003105 -0.055519 0.099455 -0.123305 40.7944880270 -218.6008216703 49.28938
S062 21FEB27 2021.1581 59272 2146 6 141.4 -69 -0.347139 4517751 -0.207059 49 0.282791 0.0000 0.000744 0.000945 0.003183 0.002258 0.049105 -0.122128 40.7944880405 -218.6008216878 49.28279
S062 21FEB28 2021.1608 59273 2147 0 141.4 -69 -0.346903 4517751 -0.209509 49 0.287833 0.0000 0.000730 0.000929 0.003153 0.007197 0.016591 -0.108184 40.7944880184 -218.6008216850 49.28783
S062 21MAR01 2021.1636 59274 2147 1 141.4 -69 -0.345058 4517751 -0.209376 49 0.293339 0.0000 0.000720 0.000918 0.003043 -0.048462 0.054991 -0.122205 40.7944880196 -218.6008216631 49.29334
S062 21MAR02 2021.1663 59275 2147 2 141.4 -69 -0.344828 4517751 -0.207905 49 0.286515 0.0000 0.000735 0.000928 0.003149 -0.054570 0.068300 -0.170478 40.7944880329 -218.6008216604 49.28652
S062 21MAR03 2021.1691 59276 2147 3 141.4 -69 -0.346421 4517751 -0.208167 49 0.287149 0.0000 0.000710 0.000907 0.003013 -0.068422 0.113370 -0.127227 40.7944880305 -218.6008216793 49.28715
S062 21MAR04 2021.1718 59277 2147 4 141.4 -69 -0.345807 4517751 -0.208205 49 0.289844 0.0000 0.000700 0.000910 0.003024 -0.060357 0.093777 -0.119678 40.7944880302 -218.6008216720 49.28984
S062 21MAR05 2021.1745 59278 2147 5 141.4 -69 -0.345882 4517751 -0.206532 49 0.289255 0.0000 0.000731 0.000933 0.003176 -0.042264 0.102335 -0.097837 40.7944880452 -218.6008216729 49.28925
S062 21MAR06 2021.1773 59279 2147 6 141.4 -69 -0.345036 4517751 -0.208083 49 0.285461 0.0000 0.000724 0.000930 0.003107 -0.049632 0.073604 -0.161768 40.7944880313 -218.6008216629 49.28546
S062 21MAR07 2021.1800 59280 2148 0 141.4 -69 -0.346782 4517751 -0.207491 49 0.288711 0.0000 0.000715 0.000925 0.003088 -0.051889 0.099124 -0.136242 40.7944880366 -218.6008216836 49.28871
S062 21MAR08 2021.1828 59281 2148 1 141.4 -69 -0.344522 4517751 -0.209407 49 0.286155 0.0000 0.000717 0.000957 0.003112 -0.077977 0.059456 -0.131074 40.7944880193 -218.6008216568 49.28616
S062 21MAR09 2021.1855 59282 2148 2 141.4 -69 -0.345025 4517751 -0.208248 49 0.291562 0.0000 0.000702 0.000914 0.002963 -0.053666 0.071539 -0.107172 40.7944880298 -218.6008216627 49.29156
S062 21MAR10 2021.1882 59283 2148 3 141.4 -69 -0.345365 4517751 -0.209568 49 0.284501 0.0000 0.000704 0.000920 0.003020 -0.050318 0.047820 -0.122128 40.7944880179 -218.6008216668 49.28450
S062 21MAR11 2021.1910 59284 2148 4 141.4 -69 -0.344946 4517751 -0.208226 49 0.283275 0.0000 0.000705 0.000922 0.002981 -0.034737 0.054404 -0.101517 40.7944880300 -218.6008216618 49.28327
S062 21MAR12 2021.1937 59285 2148 5 141.4 -69 -0.345805 4517751 -0.210252 49 0.285856 0.0000 0.000702 0.000919 0.002976 -0.047475 0.093180 -0.155098 40.7944880117 -218.6008216720 49.28586
S062 21MAR13 2021.1964 59286 2148 6 141.4 -69 -0.343748 4517751 -0.210115 49 0.293629 0.0000 0.000704 0.000913 0.003009 -0.075652 0.065463 -0.151014 40.7944880130 -218.6008216476 49.29363
S062 21MAR14 2021.1992 59287 2149 0 141.4 -69 -0.343214 4517751 -0.208147 49 0.292548 0.0000 0.000697 0.000905 0.002982 -0.065980 0.083350 -0.130009 40.7944880307 -218.6008216413 49.29255
S062 21MAR15 2021.2019 59288 2149 1 141.4 -69 -0.345752 4517751 -0.209265 49 0.292653 0.0000 0.000701 0.000890 0.002944 -0.042696 0.102964 -0.129466 40.7944880206 -218.6008216713 49.29265
S062 21MAR16 2021.2047 59289 2149 2 141.4 -69 -0.345990 4517751 -0.211620 49 0.293591 0.0000 0.000709 0.000914 0.003023 -0.076054 0.097794 -0.136043 40.7944879994 -218.6008216742 49.29359
S062 21MAR17 2021.2074 59290 2149 3 141.4 -69 -0.345036 4517751 -0.210281 49 0.289568 0.0000 0.000704 0.000917 0.002999 -0.061607 0.089852 -0.124561 40.7944880115 -218.6008216629 49.28957
S062 21MAR18 2021.2101 59291 2149 4 141.4 -69 -0.341567 4517751 -0.211870 49 0.287050 0.0000 0.000718 0.000963 0.003135 -0.032800 0.066711 -0.138105 40.7944879972 -218.6008216218 49.28705
S062 21MAR19 2021.2129 59292 2149 5 141.4 -69 -0.344314 4517751 -0.210118 49 0.285660 0.0000 0.000701 0.000927 0.003001 -0.035376 0.097441 -0.106916 40.7944880129 -218.6008216543 49.28566
S062 21MAR20 2021.2156 59293 2149 6 141.4 -69 -0.345940 4517751 -0.211368 49 0.289061 0.0000 0.000708 0.000932 0.003074 -0.065554 0.081327 -0.146335 40.7944880017 -218.6008216736 49.28906
S062 21MAR21 2021.2183 59294 2150 0 141.4 -69 -0.344732 4517751 -0.210473 49 0.293323 0.0000 0.000708 0.000908 0.003027 -0.066972 0.100023 -0.106033 40.7944880097 -218.6008216593 49.29332
S062 21MAR22 2021.2211 59295 2150 1 141.4 -69 -0.344232 4517751 -0.211597 49 0.289600 0.0000 0.000731 0.000925 0.003208 -0.050428 0.083485 -0.137916 40.7944879996 -218.6008216533 49.28960
S062 21MAR23 2021.2238 59296 2150 2 141.4 -69 -0.343192 4517751 -0.211492 49 0.289862 0.0000 0.000701 0.000903 0.002968 -0.082880 0.069313 -0.151274 40.7944880006 -218.6008216410 49.28986
S062 21MAR24 2021.2266 59297 2150 3 141.4 -69 -0.345479 4517751 -0.212567 49 0.289759 0.0000 0.000702 0.000901 0.003003 -0.064688 0.071547 -0.140565 40.7944879909 -218.6008216681 49.28976
S062 21MAR25 2021.2293 59298 2150 4 141.4 -69 -0.346363 4517751 -0.210716 49 0.287338 0.0000 0.000704 0.000904 0.002968 -0.065240 0.056962 -0.138430 40.7944880076 -218.6008216786 49.28734
S062 21MAR26 2021.2320 59299 2150 5 141.4 -69 -0.345107 4517751 -0.211745 49 0.288211 0.0000 0.000698 0.000905 0.002991 -0.054127 0.097886 -0.145743 40.7944879983 -218.6008216637 49.28821
S062 21MAR27 2021.2348 59300 2150 6 141.4 -69 -0.344698 4517751 -0.213356 49 0.294709 0.0000 0.000701 0.000905 0.002965 -0.047520 0.040825 -0.138124 40.7944879838 -218.6008216589 49.29471
S062 21MAR28 2021.2375 59301 2151 0 141.4 -69 -0.345483 4517751 -0.210594 49 0.293750 0.0000 0.000699 0.000903 0.002955 -0.058357 0.063076 -0.112259 40.7944880087 -218.6008216682 49.29375
S062 21MAR29 2021.2402 59302 2151 1 141.4 -69 -0.345015 4517751 -0.210090 49 0.289875 0.0000 0.000706 0.000904 0.003009 -0.039487 0.101744 -0.126902 40.7944880132 -218.6008216626 49.28988
S062 21MAR30 2021.2430 59303 2151 2 141.4 -69 -0.344152 4517751 -0.209414 49 0.294026 0.0000 0.000702 0.000901 0.002977 -0.041609 0.112879 -0.145832 40.7944880193 -218.6008216524 49.29403
S062 21MAR31 2021.2457 59304 2151 3 141.4 -69 -0.345030 4517751 -0.209726 49 0.292950 0.0000 0.000702 0.000902 0.002979 -0.043466 0.071462 -0.139680 40.7944880165 -218.6008216628 49.29295
S062 21APR01 2021.2485 59305 2151 4 141.4 -69 -0.344485 4517751 -0.209680 49 0.290026 0.0000 0.000775 0.000968 0.003388 -0.065416 0.052198 -0.184376 40.7944880169 -218.6008216563 49.29003
S062 21APR02 2021.2512 59306 2151 5 141.4 -69 -0.344304 4517751 -0.210050 49 0.291654 0.0000 0.000831 0.001116 0.003863 -0.056239 0.015619 -0.118033 40.7944880136 -218.6008216542 49.29165
S062 21APR03 2021.2539 59307 2151 6 141.4 -69 -0.346953 4517751 -0.208431 49 0.291555 0.0000 0.000758 0.001000 0.003365 -0.030615 0.065362 -0.105367 40.7944880281 -218.6008216856 49.29156
S062 21APR04 2021.2567 59308 2152 0 141.4 -69 -0.345707 4517751 -0.210163 49 0.294512 0.0000 0.000713 0.000925 0.003084 -0.035563 0.060008 -0.173492 40.7944880125 -218.6008216708 49.29451
S062 21APR05 2021.2594 59309 2152 1 141.4 -69 -0.346135 4517751 -0.212053 49 0.290891 0.0000 0.000705 0.000894 0.002967 -0.031797 0.051988 -0.126250 40.7944879955 -218.6008216759 49.29089
S062 21APR06 2021.2621 59310 2152 2 141.4 -69 -0.344800 4517751 -0.209649 49 0.288603 0.0000 0.000696 0.000882 0.002927 -0.037216 0.058190 -0.159492 40.7944880172 -218.6008216601 49.28860
S062 21APR07 2021.2649 59311 2152 3 141.4 -69 -0.346112 4517751 -0.210677 49 0.288476 0.0000 0.000715 0.000908 0.003012 -0.057068 0.046812 -0.116790 40.7944880079 -218.6008216756 49.28848
S062 21APR08 2021.2676 59312 2152 4 141.4 -69 -0.345456 4517751 -0.212002 49 0.290102 0.0000 0.000761 0.000932 0.003186 -0.070919 0.063948 -0.158845 40.7944879960 -218.6008216678 49.29010
S062 21APR09 2021.2704 59313 2152 5 141.4 -69 -0.346226 4517751 -0.211240 49 0.290925 0.0000 0.000722 0.000919 0.003036 -0.044723 0.072108 -0.138163 40.7944880028 -218.6008216770 49.29093
S062 21APR10 2021.2731 59314 2152 6 141.4 -69 -0.345809 4517751 -0.212365 49 0.288167 0.0000 0.000698 0.000891 0.002932 -0.047489 0.071211 -0.133784 40.7944879927 -218.6008216720 49.28817
S062 21APR11 2021.2758 59315 2153 0 141.4 -69 -0.344929 4517751 -0.212340 49 0.289379 0.0000 0.000766 0.000956 0.003205 -0.067087 0.027018 -0.128067 40.7944879929 -218.6008216616 49.28938
S062 21APR12 2021.2786 59316 2153 1 141.4 -69 -0.345305 4517751 -0.212581 49 0.290568 0.0000 0.000718 0.000923 0.003086 -0.010476 0.060412 -0.110121 40.7944879908 -218.6008216660 49.29057
S062 21APR13 2021.2813 59317 2153 2 141.4 -69 -0.344462 4517751 -0.212269 49 0.299763 0.0000 0.000722 0.000936 0.003107 -0.019595 0.073800 -0.120883 40.7944879936 -218.6008216561 49.29976
S062 21APR14 2021.2841 59318 2153 3 141.4 -69 -0.344835 4517751 -0.212446 49 0.291784 0.0000 0.000706 0.000938 0.003031 -0.016192 0.080115 -0.146782 40.7944879920 -218.6008216605 49.29178
S062 21APR15 2021.2868 59319 2153 4 141.4 -69 -0.346042 4517751 -0.213976 49 0.296259 0.0000 0.000720 0.000910 0.002992 -0.036045 0.083147 -0.123102 40.7944879782 -218.6008216748 49.29626
S062 21APR16 2021.2895 59320 2153 5 141.4 -69 -0.345004 4517751 -0.212220 49 0.299600 0.0000 0.000719 0.000965 0.003191 -0.014593 0.059701 -0.150531 40.7944879940 -218.6008216625 49.29960
S062 21APR17 2021.2923 59321 2153 6 141.4 -69 -0.346807 4517751 -0.212347 49 0.299616 0.0000 0.000732 0.000950 0.003129 -0.024619 0.087356 -0.117291 40.7944879929 -218.6008216838 49.29962
S062 21APR18 2021.2950 59322 2154 0 141.4 -69 -0.344921 4517751 -0.212653 49 0.305789 0.0000 0.000719 0.000945 0.003083 -0.018693 0.076778 -0.119304 40.7944879901 -218.6008216615 49.30579
S062 21APR19 2021.2977 59323 2154 1 141.4 -69 -0.344672 4517751 -0.211509 49 0.296979 0.0000 0.000724 0.000971 0.003105 -0.030334 0.093964 -0.135754 40.7944880004 -218.6008216585 49.29698
S062 21APR20 2021.3005 59324 2154 2 141.4 -69 -0.345270 4517751 -0.212409 49 0.294944 0.0000 0.000713 0.000945 0.003070 0.002713 0.098629 -0.132819 40.7944879923 -218.6008216656 49.29494
S062 21APR21 2021.3032 59325 2154 3 141.4 -69 -0.345821 4517751 -0.211905 49 0.291322 0.0000 0.000719 0.000925 0.003072 0.006345 0.035823 -0.086115 40.7944879969 -218.6008216722 49.29132
S062 21APR22 2021.3060 59326 2154 4 141.4 -69 -0.345507 4517751 -0.210815 49 0.295687 0.0000 0.000741 0.000954 0.003165 -0.029028 0.059186 -0.148767 40.7944880067 -218.6008216684 49.29569
S062 21APR23 2021.3087 59327 2154 5 141.4 -69 -0.346243 4517751 -0.212913 49 0.293583 0.0000 0.000746 0.000946 0.003177 -0.024010 0.050694 -0.127294 40.7944879878 -218.6008216772 49.29358
S062 21APR24 2021.3114 59328 2154 6 141.4 -69 -0.345664 4517751 -0.212991 49 0.294145 0.0000 0.000703 0.000895 0.002967 -0.043626 0.098211 -0.141471 40.7944879871 -218.6008216703 49.29415
S062 21APR25 2021.3142 59329 2155 0 141.4 -69 -0.345730 4517751 -0.211792 49 0.292613 0.0000 0.000709 0.000903 0.002975 -0.020664 0.042526 -0.148027 40.7944879979 -218.6008216711 49.29261
S062 21APR26 2021.3169 59330 2155 1 141.4 -69 -0.345479 4517751 -0.214982 49 0.296224 0.0000 0.000706 0.000914 0.003034 -0.008992 0.046946 -0.180060 40.7944879691 -218.6008216681 49.29622
S062 21APR27 2021.3196 59331 2155 2 141.4 -69 -0.345457 4517751 -0.211783 49 0.297421 0.0000 0.000851 0.001011 0.003562 -0.007582 -0.059944 -0.158786 40.7944879980 -218.6008216679 49.29742
S062 21APR28 2021.3224 59332 2155 3 141.4 -69 -0.346143 4517751 -0.212300 49 0.293933 0.0000 0.000742 0.000924 0.003115 0.000418 0.055198 -0.138624 40.7944879933 -218.6008216760 49.29393
S062 21APR29 2021.3251 59333 2155 4 141.4 -69 -0.346872 4517751 -0.212071 49 0.298755 0.0000 0.000720 0.000917 0.003064 -0.036053 0.039285 -0.154771 40.7944879954 -218.6008216846 49.29876
S062 21APR30 2021.3279 59334 2155 5 141.4 -69 -0.344877 4517751 -0.213242 49 0.295286 0.0000 0.000710 0.000916 0.003029 -0.035382 0.085848 -0.149799 40.7944879848 -218.6008216610 49.29529
S062 21MAY01 2021.3306 59335 2155 6 141.4 -69 -0.346683 4517751 -0.212564 49 0.296956 0.0000 0.000706 0.000911 0.003006 -0.036426 0.064416 -0.098671 40.7944879909 -218.6008216824 49.29696
S062 21MAY02 2021.3333 59336 2156 0 141.4 -69 -0.346897 4517751 -0.213126 49 0.294073 0.0000 0.000706 0.000897 0.002928 -0.054764 0.049540 -0.109829 40.7944879859 -218.6008216849 49.29407
S062 21MAY03 2021.3361 59337 2156 1 141.4 -69 -0.344905 4517751 -0.213983 49 0.292528 0.0000 0.000714 0.000902 0.003020 -0.024604 0.030907 -0.128409 40.7944879781 -218.6008216613 49.29253
S062 21MAY04 2021.3388 59338 2156 2 141.4 -69 -0.346313 4517751 -0.213553 49 0.295898 0.0000 0.000711 0.000932 0.003090 -0.014938 0.043024 -0.084128 40.7944879820 -218.6008216780 49.29590
S062 21MAY05 2021.3415 59339 2156 3 141.4 -69 -0.346928 4517751 -0.211997 49 0.294904 0.0000 0.000758 0.001013 0.003359 -0.052376 0.123858 -0.073385 40.7944879960 -218.6008216853 49.29490
S062 21MAY06 2021.3443 59340 2156 4 141.4 -69 -0.344771 4517751 -0.212469 49 0.292551 0.0000 0.000796 0.001036 0.003472 -0.015472 0.088057 -0.143776 40.7944879918 -218.6008216597 49.29255
S062 21MAY07 2021.3470 59341 2156 5 141.4 -69 -0.343796 4517751 -0.211329 49 0.298155 0.0000 0.000713 0.000942 0.003135 -0.030704 0.095026 -0.153715 40.7944880020 -218.6008216482 49.29816
S062 21MAY08 2021.3498 59342 2156 6 141.4 -69 -0.345419 4517751 -0.211719 49 0.294827 0.0000 0.000730 0.000942 0.003167 -0.045229 0.087391 -0.097645 40.7944879985 -218.6008216674 49.29483
S062 21MAY09 2021.3525 59343 2157 0 141.4 -69 -0.343403 4517751 -0.215218 49 0.291056 0.0000 0.000746 0.000946 0.003213 -0.064751 0.040347 -0.061968 40.7944879670 -218.6008216435 49.29106
S062 21MAY10 2021.3552 59344 2157 1 141.4 -69 -0.345233 4517751 -0.214850 49 0.306545 0.0000 0.000732 0.000921 0.003139 -0.041071 0.064906 -0.068108 40.7944879703 -218.6008216652 49.30654
S062 21MAY11 2021.3580 59345 2157 2 141.4 -69 -0.346763 4517751 -0.212955 49 0.296574 0.0000 0.000721 0.000906 0.003027 -0.066323 0.068104 -0.100611 40.7944879874 -218.6008216833 49.29657
S062 21MAY12 2021.3607 59346 2157 3 141.4 -69 -0.345612 4517751 -0.212128 49 0.296457 0.0000 0.000718 0.000917 0.003078 0.000059 0.030363 -0.159018 40.7944879948 -218.6008216697 49.29646
S062 21MAY13 2021.3634 59347 2157 4 141.4 -69 -0.345753 4517751 -0.212548 49 0.297497 0.0000 0.000767 0.000999 0.003441 -0.051142 0.015633 -0.079864 40.7944879911 -218.6008216714 49.29750
S062 21MAY14 2021.3662 59348 2157 5 141.4 -69 -0.344473 4517751 -0.213384 49 0.296280 0.0000 0.000712 0.000907 0.003048 -0.040456 0.090300 -0.119299 40.7944879835 -218.6008216562 49.29628
S062 21MAY15 2021.3689 59349 2157 6 141.4 -69 -0.344568 4517751 -0.213096 49 0.293160 0.0000 0.000715 0.000928 0.003102 -0.051426 0.075522 -0.104817 40.7944879861 -218.6008216573 49.29316
S062 21MAY16 2021.3717 59350 2158 0 141.4 -69 -0.345632 4517751 -0.214167 49 0.301773 0.0000 0.000758 0.000995 0.003346 -0.029703 0.072478 -0.113815 40.7944879765 -218.6008216699 49.30177
S062 21MAY17 2021.3744 59351 2158 1 141.4 -69 -0.345419 4517751 -0.213941 49 0.297768 0.0000 0.000728 0.000948 0.003179 -0.047456 0.109570 -0.084863 40.7944879785 -218.6008216674 49.29777
S062 21MAY18 2021.3771 59352 2158 2 141.4 -69 -0.344513 4517751 -0.212964 49 0.300282 0.0000 0.000736 0.000959 0.003115 -0.048644 0.090716 -0.109937 40.7944879873 -218.6008216567 49.30028
S062 21MAY19 2021.3799 59353 2158 3 141.4 -69 -0.346261 4517751 -0.212181 49 0.295995 0.0000 0.000794 0.001017 0.003424 -0.110014 0.075132 -0.102055 40.7944879944 -218.6008216774 49.29600
S062 21MAY20 2021.3826 59354 2158 4 141.4 -69 -0.345738 4517751 -0.213619 49 0.301699 0.0000 0.000792 0.001010 0.003365 -0.060341 0.077199 -0.077331 40.7944879814 -218.6008216712 49.30170
S062 21MAY21 2021.3854 59355 2158 5 141.4 -69 -0.344999 4517751 -0.211878 49 0.303068 0.0000 0.000773 0.000996 0.003447 -0.028340 0.135567 -0.138659 40.7944879971 -218.6008216624 49.30307
S062 21MAY22 2021.3881 59356 2158 6 141.4 -69 -0.345418 4517751 -0.214294 49 0.299521 0.0000 0.000759 0.000997 0.003321 -0.031253 0.004619 -0.096163 40.7944879753 -218.6008216674 49.29952
S062 21MAY23 2021.3908 59357 2159 0 141.4 -69 -0.344838 4517751 -0.213541 49 0.297647 0.0000 0.000715 0.000941 0.003019 -0.057058 0.075414 -0.075101 40.7944879821 -218.6008216605 49.29765
S062 21MAY24 2021.3936 59358 2159 1 141.4 -69 -0.345681 4517751 -0.213315 49 0.300400 0.0000 0.000737 0.000969 0.003205 -0.032992 0.091430 -0.080778 40.7944879842 -218.6008216705 49.30040
S062 21MAY25 2021.3963 59359 2159 2 141.4 -69 -0.344583 4517751 -0.213809 49 0.297617 0.0000 0.000748 0.000958 0.003235 -0.050893 0.075891 -0.073317 40.7944879797 -218.6008216575 49.29762
S062 21MAY26 2021.3990 59360 2159 3 141.4 -69 -0.342887 4517751 -0.213818 49 0.305178 0.0000 0.000748 0.000966 0.003266 -0.017077 0.078211 -0.038328 40.7944879796 -218.6008216374 49.30518
S062 21MAY27 2021.4018 59361 2159 4 141.4 -69 -0.344513 4517751 -0.213871 49 0.304747 0.0000 0.000720 0.000929 0.003064 -0.053051 0.077893 -0.125068 40.7944879792 -218.6008216567 49.30475
S062 21MAY28 2021.4045 59362 2159 5 141.4 -69 -0.345734 4517751 -0.213864 49 0.302891 0.0000 0.000745 0.000957 0.003189 -0.051233 0.043001 -0.083121 40.7944879792 -218.6008216711 49.30289
S062 21MAY29 2021.4073 59363 2159 6 141.4 -69 -0.345190 4517751 -0.214233 49 0.298680 0.0000 0.000742 0.000983 0.003239 -0.044959 0.081906 -0.095556 40.7944879759 -218.6008216647 49.29868
S062 21MAY30 2021.4100 59364 2160 0 141.4 -69 -0.342644 4517751 -0.213828 49 0.299089 0.0000 0.000865 0.001072 0.003655 -0.107418 0.138467 -0.157920 40.7944879795 -218.6008216345 49.29909
S062 21MAY31 2021.4127 59365 2160 1 141.4 -69 -0.345034 4517751 -0.213853 49 0.294596 0.0000 0.000737 0.000940 0.003193 -0.015053 0.090979 -0.119337 40.7944879793 -218.6008216628 49.29460
S062 21JUN01 2021.4155 59366 2160 2 141.4 -69 -0.345682 4517751 -0.214070 49 0.300061 0.0000 0.000741 0.000950 0.003236 -0.046980 0.065924 -0.161176 40.7944879774 -218.6008216705 49.30006
S062 21JUN02 2021.4182 59367 2160 3 141.4 -69 -0.344844 4517751 -0.214104 49 0.295524 0.0000 0.000756 0.000996 0.003357 -0.074236 0.148047 -0.059019 40.7944879771 -218.6008216606 49.29552
S062 21JUN03 2021.4209 59368 2160 4 141.4 -69 -0.346270 4517751 -0.215318 49 0.302048 0.0000 0.000756 0.000977 0.003219 -0.052862 0.129834 -0.090457 40.7944879661 -218.6008216775 49.30205
S062 21JUN04 2021.4237 59369 2160 5 141.4 -69 -0.346970 4517751 -0.215305 49 0.299587 0.0000 0.000751 0.000953 0.003352 -0.020029 0.164804 -0.083438 40.7944879662 -218.6008216858 49.29959
S062 21JUN05 2021.4264 59370 2160 6 141.4 -69 -0.345472 4517751 -0.214903 49 0.299145 0.0000 0.000725 0.000946 0.003176 -0.060778 0.070497 -0.075505 40.7944879699 -218.6008216680 49.29914
S062 21JUN06 2021.4292 59371 2161 0 141.4 -69 -0.345826 4517751 -0.213438 49 0.293600 0.0000 0.000742 0.000950 0.003228 -0.055839 0.073144 -0.078067 40.7944879830 -218.6008216722 49.29360
S062 21JUN07 2021.4319 59372 2161 1 141.4 -69 -0.346263 4517751 -0.214138 49 0.298895 0.0000 0.000746 0.000958 0.003255 -0.016830 0.105572 -0.122890 40.7944879767 -218.6008216774 49.29890
S062 21JUN08 2021.4346 59373 2161 2 141.4 -69 -0.346349 4517751 -0.213166 49 0.302222 0.0000 0.000745 0.000974 0.003224 -0.054626 0.085706 -0.074067 40.7944879855 -218.6008216784 49.30222
S062 21JUN09 2021.4374 59374 2161 3 141.4 -69 -0.346056 4517751 -0.213502 49 0.296065 0.0000 0.000714 0.000912 0.003051 -0.023182 0.106139 -0.102665 40.7944879825 -218.6008216749 49.29606
S062 21JUN10 2021.4401 59375 2161 4 141.4 -69 -0.345691 4517751 -0.212783 49 0.293936 0.0000 0.000735 0.000945 0.003159 -0.099162 0.140764 -0.158574 40.7944879889 -218.6008216706 49.29394
S062 21JUN11 2021.4428 59376 2161 5 141.4 -69 -0.345840 4517751 -0.213624 49 0.298763 0.0000 0.000791 0.001065 0.003463 -0.075350 0.054442 -0.063415 40.7944879814 -218.6008216724 49.29876
S062 21JUN12 2021.4456 59377 2161 6 141.4 -69 -0.346633 4517751 -0.213043 49 0.295928 0.0000 0.000745 0.000981 0.003241 -0.022810 0.088084 -0.082374 40.7944879866 -218.6008216818 49.29593
S062 21JUN13 2021.4483 59378 2162 0 141.4 -69 -0.344843 4517751 -0.214138 49 0.299658 0.0000 0.000755 0.001002 0.003294 -0.047337 0.085744 -0.048860 40.7944879767 -218.6008216606 49.29966
S062 21JUN14 2021.4511 59379 2162 1 141.4 -69 -0.345451 4517751 -0.212634 49 0.299419 0.0000 0.000774 0.000992 0.003359 -0.026214 0.039068 -0.117371 40.7944879903 -218.6008216678 49.29942
S062 21JUN15 2021.4538 59380 2162 2 141.4 -69 -0.345206 4517751 -0.213385 49 0.299279 0.0000 0.000805 0.001046 0.003597 -0.027379 0.099008 -0.139016 40.7944879835 -218.6008216649 49.29928
S062 21JUN16 2021.4565 59381 2162 3 141.4 -69 -0.345329 4517751 -0.213318 49 0.296194 0.0000 0.000786 0.001047 0.003493 -0.051961 0.089116 -0.151537 40.7944879841 -218.6008216663 49.29619
S062 21JUN17 2021.4593 59382 2162 4 141.4 -69 -0.344803 4517751 -0.214214 49 0.299009 0.0000 0.000732 0.000965 0.003210 -0.056904 0.055155 -0.137903 40.7944879761 -218.6008216601 49.29901
S062 21JUN18 2021.4620 59383 2162 5 141.4 -69 -0.344259 4517751 -0.212652 49 0.296394 0.0000 0.000726 0.000976 0.003248 -0.045711 0.053397 -0.048896 40.7944879901 -218.6008216537 49.29639
S062 21JUN19 2021.4648 59384 2162 6 141.4 -69 -0.345156 4517751 -0.214197 49 0.301166 0.0000 0.000744 0.000974 0.003206 -0.071450 0.093732 -0.084634 40.7944879762 -218.6008216643 49.30117
S062 21JUN20 2021.4675 59385 2163 0 141.4 -69 -0.345575 4517751 -0.214434 49 0.295530 0.0000 0.000735 0.000980 0.003264 -0.032167 0.069114 -0.170020 40.7944879741 -218.6008216693 49.29553
S062 21JUN21 2021.4702 59386 2163 1 141.4 -69 -0.346933 4517751 -0.213826 49 0.298787 0.0000 0.000740 0.000947 0.003124 -0.063625 0.082336 -0.122724 40.7944879796 -218.6008216853 49.29879
S062 21JUN22 2021.4730 59387 2163 2 141.4 -69 -0.346792 4517751 -0.213264 49 0.300787 0.0000 0.000752 0.000990 0.003233 -0.025592 0.034768 -0.106880 40.7944879846 -218.6008216837 49.30079
S062 21JUN23 2021.4757 59388 2163 3 141.4 -69 -0.346889 4517751 -0.213844 49 0.301487 0.0000 0.000766 0.000992 0.003311 -0.002092 0.103974 -0.116150 40.7944879794 -218.6008216848 49.30149
S062 21JUN24 2021.4784 59389 2163 4 141.4 -69 -0.346296 4517751 -0.212865 49 0.296741 0.0000 0.000767 0.001004 0.003281 -0.031195 0.046450 -0.091121 40.7944879882 -218.6008216778 49.29674
S062 21JUN25 2021.4812 59390 2163 5 141.4 -69 -0.346351 4517751 -0.214600 49 0.301119 0.0000 0.000768 0.000980 0.003269 -0.033634 0.051872 -0.076031 40.7944879726 -218.6008216784 49.30112
S062 21JUN26 2021.4839 59391 2163 6 141.4 -69 -0.344858 4517751 -0.213516 49 0.300174 0.0000 0.000795 0.001053 0.003410 -0.011192 0.099738 -0.078603 40.7944879823 -218.6008216608 49.30017
S062 21JUN27 2021.4867 59392 2164 0 141.4 -69 -0.346797 4517751 -0.214354 49 0.298950 0.0000 0.000766 0.001055 0.003322 -0.034831 0.102870 -0.111469 40.7944879748 -218.6008216837 49.29895
S062 21JUN28 2021.4894 59393 2164 1 141.4 -69 -0.346657 4517751 -0.213542 49 0.297114 0.0000 0.000757 0.001038 0.003305 -0.005967 0.053219 -0.126448 40.7944879821 -218.6008216821 49.29711
S062 21JUN29 2021.4921 59394 2164 2 141.4 -69 -0.344972 4517751 -0.213611 49 0.301114 0.0000 0.000794 0.001036 0.003473 -0.087246 0.117970 -0.140090 40.7944879815 -218.6008216621 49.30111
S062 21JUN30 2021.4949 59395 2164 3 141.4 -69 -0.345732 4517751 -0.213577 49 0.299436 0.0000 0.000772 0.001050 0.003389 -0.019082 0.097271 -0.163763 40.7944879818 -218.6008216711 49.29944
S062 21JUL01 2021.4976 59396 2164 4 141.4 -69 -0.345782 4517751 -0.214483 49 0.301225 0.0000 0.000836 0.001151 0.003679 0.034403 0.081045 -0.095051 40.7944879736 -218.6008216717 49.30122
S062 21JUL02 2021.5003 59397 2164 5 141.4 -69 -0.345237 4517751 -0.213475 49 0.305180 0.0000 0.000801 0.001080 0.003548 0.024305 0.118234 -0.063297 40.7944879827 -218.6008216652 49.30518
S062 21JUL03 2021.5031 59398 2164 6 141.4 -69 -0.344614 4517751 -0.214481 49 0.302407 0.0000 0.000731 0.000973 0.003220 -0.017746 0.073035 -0.187070 40.7944879737 -218.6008216579 49.30241
S062 21JUL04 2021.5058 59399 2165 0 141.4 -69 -0.345302 4517751 -0.211489 49 0.308348 0.0000 0.000767 0.001048 0.003396 -0.003670 0.050032 -0.160487 40.7944880006 -218.6008216660 49.30835
S062 21JUL05 2021.5086 59400 2165 1 141.4 -69 -0.345521 4517751 -0.215086 49 0.300982 0.0000 0.000816 0.001042 0.003615 -0.049765 0.127042 -0.145087 40.7944879682 -218.6008216686 49.30098
S062 21JUL06 2021.5113 59401 2165 2 141.4 -69 -0.346513 4517751 -0.214400 49 0.301142 0.0000 0.000742 0.000972 0.003215 -0.001618 0.049735 -0.122675 40.7944879744 -218.6008216804 49.30114
S062 21JUL07 2021.5140 59402 2165 3 141.4 -69 -0.344874 4517751 -0.214474 49 0.299617 0.0000 0.000775 0.000997 0.003460 -0.061718 0.209316 -0.140783 40.7944879737 -218.6008216609 49.29962
S062 21JUL08 2021.5168 59403 2165 4 141.4 -69 -0.346350 4517751 -0.214202 49 0.299413 0.0000 0.000778 0.001006 0.003444 -0.050380 0.122650 -0.108339 40.7944879762 -218.6008216784 49.29941
S062 21JUL09 2021.5195 59404 2165 5 141.4 -69 -0.346857 4517751 -0.216180 49 0.309148 0.0000 0.000784 0.001046 0.003443 -0.100332 0.100759 -0.160992 40.7944879584 -218.6008216844 49.30915
S062 21JUL10 2021.5222 59405 2165 6 141.4 -69 -0.345046 4517751 -0.217920 49 0.302902 0.0000 0.000751 0.000975 0.003333 -0.020010 0.057224 -0.157534 40.7944879427 -218.6008216630 49.30290
S062 21JUL11 2021.5250 59406 2166 0 141.4 -69 -0.344818 4517751 -0.214465 49 0.300736 0.0000 0.000767 0.001016 0.003447 -0.003201 0.060510 -0.167296 40.7944879738 -218.6008216603 49.30074
S062 21JUL12 2021.5277 59407 2166 1 141.4 -69 -0.345575 4517751 -0.215484 49 0.287983 0.0000 0.000798 0.001060 0.003472 -0.032958 0.081238 -0.154112 40.7944879646 -218.6008216693 49.28798
S062 21JUL13 2021.5305 59408 2166 2 141.4 -69 -0.344476 4517751 -0.214814 49 0.302564 0.0000 0.000790 0.001054 0.003607 -0.025766 0.071025 -0.138708 40.7944879707 -218.6008216562 49.30256
S062 21JUL14 2021.5332 59409 2166 3 141.4 -69 -0.345676 4517751 -0.212905 49 0.297618 0.0000 0.000738 0.001027 0.003325 -0.020372 0.061662 -0.067419 40.7944879878 -218.6008216704 49.29762
S062 21JUL15 2021.5359 59410 2166 4 141.4 -69 -0.346009 4517751 -0.213718 49 0.300834 0.0000 0.000821 0.001079 0.003709 -0.082668 0.051312 -0.167719 40.7944879805 -218.6008216744 49.30083
S062 21JUL16 2021.5387 59411 2166 5 141.4 -69 -0.344978 4517751 -0.215871 49 0.303732 0.0000 0.000826 0.001131 0.003597 -0.105459 0.083185 -0.110626 40.7944879611 -218.6008216622 49.30373
S062 21JUL17 2021.5414 59412 2166 6 141.4 -69 -0.345038 4517751 -0.213659 49 0.302296 0.0000 0.000814 0.001109 0.003686 -0.021369 0.165743 -0.097336 40.7944879811 -218.6008216629 49.30230
S062 21JUL18 2021.5441 59413 2167 0 141.4 -69 -0.344926 4517751 -0.215063 49 0.303010 0.0000 0.000800 0.001121 0.003693 -0.036812 0.045264 -0.159815 40.7944879684 -218.6008216616 49.30301
S062 21JUL19 2021.5469 59414 2167 1 141.4 -69 -0.346538 4517751 -0.215472 49 0.305875 0.0000 0.000785 0.001013 0.003525 -0.017399 0.082362 -0.143557 40.7944879647 -218.6008216807 49.30587
S062 21JUL20 2021.5496 59415 2167 2 141.4 -69 -0.345016 4517751 -0.214973 49 0.305048 0.0000 0.000787 0.001064 0.003574 -0.055386 0.121430 -0.050377 40.7944879692 -218.6008216626 49.30505
S062 21JUL21 2021.5524 59416 2167 3 141.4 -69 -0.343859 4517751 -0.216417 49 0.307774 0.0000 0.000747 0.000979 0.003355 -0.054680 0.119859 -0.207045 40.7944879562 -218.6008216489 49.30777
S062 21JUL22 2021.5551 59417 2167 4 141.4 -69 -0.341741 4517751 -0.214188 49 0.297299 0.0000 0.000758 0.001011 0.003300 -0.082672 0.166352 -0.131086 40.7944879763 -218.6008216238 49.29730
S062 21JUL23 2021.5578 59418 2167 5 141.4 -69 -0.342583 4517751 -0.215322 49 0.304617 0.0000 0.000756 0.001008 0.003358 -0.093752 0.123879 -0.119145 40.7944879661 -218.6008216338 49.30462
S062 21JUL24 2021.5606 59419 2167 6 141.4 -69 -0.342752 4517751 -0.214466 49 0.302768 0.0000 0.000753 0.001000 0.003322 -0.050244 0.118788 -0.087537 40.7944879738 -218.6008216358 49.30277
S062 21JUL25 2021.5633 59420 2168 0 141.4 -69 -0.345689 4517751 -0.215705 49 0.301196 0.0000 0.000763 0.001003 0.003372 -0.050418 0.049567 -0.111486 40.7944879626 -218.6008216706 49.30120
S062 21JUL26 2021.5661 59421 2168 1 141.4 -69 -0.343955 4517751 -0.214885 49 0.301864 0.0000 0.000748 0.000980 0.003240 -0.089117 0.102381 -0.090747 40.7944879700 -218.6008216501 49.30186
S062 21JUL27 2021.5688 59422 2168 2 141.4 -69 -0.343963 4517751 -0.216344 49 0.302816 0.0000 0.000781 0.001026 0.003605 -0.041962 0.120915 -0.205056 40.7944879569 -218.6008216502 49.30282
S062 21JUL28 2021.5715 59423 2168 3 141.4 -69 -0.345397 4517751 -0.214475 49 0.299624 0.0000 0.000806 0.001052 0.003719 -0.058385 0.041172 -0.175878 40.7944879737 -218.6008216671 49.29962
S062 21JUL29 2021.5743 59424 2168 4 141.4 -69 -0.342282 4517751 -0.215403 49 0.300088 0.0000 0.000746 0.000965 0.003213 -0.025146 0.074436 -0.163846 40.7944879653 -218.6008216302 49.30009
S062 21JUL30 2021.5770 59425 2168 5 141.4 -69 -0.342883 4517751 -0.214642 49 0.300779 0.0000 0.000818 0.001055 0.003621 -0.039973 0.111870 -0.080191 40.7944879722 -218.6008216374 49.30078
S062 21JUL31 2021.5797 59426 2168 6 141.4 -69 -0.342676 4517751 -0.213997 49 0.304073 0.0000 0.000759 0.000999 0.003321 -0.063093 0.082627 -0.119250 40.7944879780 -218.6008216349 49.30407
S062 21AUG01 2021.5825 59427 2169 0 141.4 -69 -0.342698 4517751 -0.213521 49 0.299588 0.0000 0.000786 0.001044 0.003532 -0.026105 0.105417 -0.172248 40.7944879823 -218.6008216352 49.29959
S062 21AUG02 2021.5852 59428 2169 1 141.4 -69 -0.343833 4517751 -0.213793 49 0.306664 0.0000 0.000740 0.000995 0.003279 -0.081249 0.096928 -0.116259 40.7944879799 -218.6008216486 49.30666
S062 21AUG03 2021.5880 59429 2169 2 141.4 -69 -0.342485 4517751 -0.215211 49 0.300292 0.0000 0.000784 0.001011 0.003531 -0.024236 0.095713 -0.211685 40.7944879671 -218.6008216326 49.30029
S062 21AUG04 2021.5907 59430 2169 3 141.4 -69 -0.344009 4517751 -0.215523 49 0.299387 0.0000 0.000773 0.000993 0.003467 -0.083661 0.094511 -0.150884 40.7944879643 -218.6008216507 49.29939
S062 21AUG05 2021.5934 59431 2169 4 141.4 -69 -0.343400 4517751 -0.215966 49 0.302716 0.0000 0.000729 0.000958 0.003138 -0.034352 0.099662 -0.137975 40.7944879603 -218.6008216435 49.30272
S062 21AUG06 2021.5962 59432 2169 5 141.4 -69 -0.343936 4517751 -0.216804 49 0.298714 0.0000 0.000753 0.001013 0.003367 -0.024280 0.059691 -0.206887 40.7944879527 -218.6008216498 49.29871
S062 21AUG07 2021.5989 59433 2169 6 141.4 -69 -0.343847 4517751 -0.214618 49 0.301057 0.0000 0.000744 0.000983 0.003293 -0.008391 0.148339 -0.158959 40.7944879724 -218.6008216488 49.30106
S062 21AUG08 2021.6016 59434 2170 0 141.4 -69 -0.343695 4517751 -0.214547 49 0.305799 0.0000 0.000734 0.000969 0.003184 -0.039585 0.100867 -0.150212 40.7944879731 -218.6008216470 49.30580
S062 21AUG09 2021.6044 59435 2170 1 141.4 -69 -0.344878 4517751 -0.213640 49 0.306423 0.0000 0.000740 0.000965 0.003213 -0.044406 0.117887 -0.157963 40.7944879812 -218.6008216610 49.30642
S062 21AUG10 2021.6071 59436 2170 2 141.4 -69 -0.342338 4517751 -0.214860 49 0.301953 0.0000 0.000718 0.000953 0.003114 -0.033897 0.083102 -0.184484 40.7944879702 -218.6008216309 49.30195
S062 21AUG11 2021.6099 59437 2170 3 141.4 -69 -0.341334 4517751 -0.214544 49 0.297433 0.0000 0.000740 0.000997 0.003248 -0.073504 0.140654 -0.085290 40.7944879731 -218.6008216190 49.29743
S062 21AUG12 2021.6126 59438 2170 4 141.4 -69 -0.340922 4517751 -0.215223 49 0.298935 0.0000 0.000737 0.000969 0.003161 -0.061716 0.113668 -0.133158 40.7944879670 -218.6008216141 49.29894
S062 21AUG13 2021.6153 59439 2170 5 141.4 -69 -0.340801 4517751 -0.215963 49 0.302742 0.0000 0.000765 0.001009 0.003310 -0.053355 0.078270 -0.118054 40.7944879603 -218.6008216127 49.30274
S062 21AUG14 2021.6181 59440 2170 6 141.4 -69 -0.340343 4517751 -0.216846 49 0.297773 0.0000 0.000713 0.000948 0.003060 -0.029121 0.068945 -0.169005 40.7944879524 -218.6008216073 49.29777
S062 21AUG15 2021.6208 59441 2171 0 141.4 -69 -0.341445 4517751 -0.216870 49 0.301189 0.0000 0.000739 0.000993 0.003250 -0.025946 0.078713 -0.147389 40.7944879521 -218.6008216203 49.30119
S062 21AUG16 2021.6235 59442 2171 1 141.4 -69 -0.341116 4517751 -0.216830 49 0.301616 0.0000 0.000699 0.000938 0.002996 -0.042595 0.100166 -0.170519 40.7944879525 -218.6008216164 49.30162
S062 21AUG17 2021.6263 59443 2171 2 141.4 -69 -0.342795 4517751 -0.216743 49 0.302475 0.0000 0.000726 0.000962 0.003144 -0.065495 0.109223 -0.126441 40.7944879533 -218.6008216363 49.30247
S062 21AUG18 2021.6290 59444 2171 3 141.4 -69 -0.342163 4517751 -0.216144 49 0.309279 0.0000 0.000753 0.000999 0.003372 -0.056555 0.121910 -0.164545 40.7944879587 -218.6008216288 49.30928
S062 21AUG19 2021.6318 59445 2171 4 141.4 -69 -0.340820 4517751 -0.216739 49 0.303454 0.0000 0.000724 0.000975 0.003171 -0.053514 0.120732 -0.151858 40.7944879533 -218.6008216129 49.30345
S062 21AUG20 2021.6345 59446 2171 5 141.4 -69 -0.340914 4517751 -0.217558 49 0.299622 0.0000 0.000756 0.001009 0.003279 -0.035304 0.092063 -0.128026 40.7944879459 -218.6008216140 49.29962
S062 21AUG21 2021.6372 59447 2171 6 141.4 -69 -0.340897 4517751 -0.216097 49 0.306364 0.0000 0.000794 0.001043 0.003403 0.043631 0.005018 -0.143963 40.7944879591 -218.6008216138 49.30636
S062 21AUG22 2021.6400 59448 2172 0 141.4 -69 -0.339621 4517751 -0.217589 49 0.307985 0.0000 0.000773 0.001014 0.003359 -0.020334 0.081122 -0.117598 40.7944879457 -218.6008215987 49.30799
S062 21AUG23 2021.6427 59449 2172 1 141.4 -69 -0.340625 4517751 -0.216180 49 0.303431 0.0000 0.000736 0.000989 0.003262 0.005969 0.082750 -0.157942 40.7944879584 -218.6008216106 49.30343
S062 21AUG24 2021.6454 59450 2172 2 141.4 -69 -0.342078 4517751 -0.216171 49 0.307983 0.0000 0.000760 0.000980 0.003273 -0.066172 0.101605 -0.107467 40.7944879584 -218.6008216278 49.30798
S062 21AUG25 2021.6482 59451 2172 3 141.4 -69 -0.340337 4517751 -0.218366 49 0.299561 0.0000 0.000749 0.000968 0.003240 -0.043865 0.133280 -0.132612 40.7944879387 -218.6008216072 49.29956
S062 21AUG26 2021.6509 59452 2172 4 141.4 -69 -0.343142 4517751 -0.216028 49 0.301429 0.0000 0.000746 0.000981 0.003271 -0.049636 0.061127 -0.205557 40.7944879597 -218.6008216404 49.30143
S062 21AUG27 2021.6537 59453 2172 5 141.4 -69 -0.342005 4517751 -0.216693 49 0.299574 0.0000 0.000778 0.001011 0.003399 -0.049604 0.132200 -0.148244 40.7944879537 -218.6008216270 49.29957
S062 21AUG28 2021.6564 59454 2172 6 141.4 -69 -0.338744 4517751 -0.217865 49 0.299678 0.0000 0.000773 0.000999 0.003456 -0.050209 0.070929 -0.105677 40.7944879432 -218.6008215883 49.29968
S062 21AUG29 2021.6591 59455 2173 0 141.4 -69 -0.340997 4517751 -0.217810 49 0.306347 0.0000 0.000745 0.000970 0.003265 -0.061450 0.114895 -0.186377 40.7944879437 -218.6008216150 49.30635
S062 21AUG30 2021.6619 59456 2173 1 141.4 -69 -0.339953 4517751 -0.217463 49 0.298514 0.0000 0.000748 0.000968 0.003320 -0.067005 0.124050 -0.194735 40.7944879468 -218.6008216026 49.29851
S062 21AUG31 2021.6646 59457 2173 2 141.4 -69 -0.338870 4517751 -0.220351 49 0.308309 0.0000 0.000724 0.000973 0.003165 -0.062073 0.086872 -0.179135 40.7944879208 -218.6008215898 49.30831
S062 21SEP01 2021.6674 59458 2173 3 141.4 -69 -0.339619 4517751 -0.217412 49 0.301164 0.0000 0.000720 0.000968 0.003188 -0.061219 0.088656 -0.198855 40.7944879473 -218.6008215987 49.30116
S062 21SEP02 2021.6701 59459 2173 4 141.4 -69 -0.340283 4517751 -0.217239 49 0.298764 0.0000 0.000754 0.001011 0.003329 0.017436 0.018225 -0.193170 40.7944879488 -218.6008216065 49.29876
S062 21SEP03 2021.6728 59460 2173 5 141.4 -69 -0.339789 4517751 -0.217490 49 0.295847 0.0000 0.000753 0.000995 0.003304 -0.009906 0.116856 -0.166411 40.7944879466 -218.6008216007 49.29585
S062 21SEP04 2021.6756 59461 2173 6 141.4 -69 -0.341546 4517751 -0.217517 49 0.301100 0.0000 0.000747 0.001012 0.003270 -0.056270 0.114238 -0.182767 40.7944879463 -218.6008216215 49.30110
S062 21SEP05 2021.6783 59462 2174 0 141.4 -69 -0.340363 4517751 -0.219654 49 0.300596 0.0000 0.000716 0.000974 0.003147 -0.060039 0.092793 -0.215739 40.7944879271 -218.6008216075 49.30060
S062 21SEP06 2021.6810 59463 2174 1 141.4 -69 -0.340278 4517751 -0.220173 49 0.303503 0.0000 0.000710 0.000943 0.003061 -0.051854 0.108061 -0.179390 40.7944879224 -218.6008216065 49.30350
S062 21SEP07 2021.6838 59464 2174 2 141.4 -69 -0.340147 4517751 -0.220489 49 0.308659 0.0000 0.000734 0.000957 0.003156 -0.061850 0.083051 -0.165312 40.7944879196 -218.6008216049 49.30866
S062 21SEP08 2021.6865 59465 2174 3 141.4 -69 -0.340181 4517751 -0.216890 49 0.311040 0.0000 0.000736 0.000969 0.003239 -0.064145 0.090552 -0.150398 40.7944879520 -218.6008216053 49.31104
S062 21SEP09 2021.6893 59466 2174 4 141.4 -69 -0.340616 4517751 -0.219715 49 0.315813 0.0000 0.000759 0.000980 0.003332 -0.046258 0.120923 -0.180807 40.7944879265 -218.6008216105 49.31581
S062 21SEP10 2021.6920 59467 2174 5 141.4 -69 -0.339064 4517751 -0.219109 49 0.302246 0.0000 0.000726 0.000935 0.003122 -0.055005 0.085110 -0.159870 40.7944879320 -218.6008215921 49.30225
S062 21SEP11 2021.6947 59468 2174 6 141.4 -69 -0.339880 4517751 -0.220682 49 0.306171 0.0000 0.000740 0.000959 0.003175 -0.079458 0.102244 -0.166974 40.7944879178 -218.6008216018 49.30617
S062 21SEP12 2021.6975 59469 2175 0 141.4 -69 -0.345144 4517751 -0.218678 49 0.306551 0.0000 0.000746 0.000978 0.003293 -0.049827 0.076791 -0.189853 40.7944879359 -218.6008216641 49.30655
S062 21SEP13 2021.7002 59470 2175 1 141.4 -69 -0.340930 4517751 -0.220211 49 0.310955 0.0000 0.000723 0.000959 0.003220 -0.025635 0.089994 -0.200806 40.7944879221 -218.6008216142 49.31095
S062 21SEP14 2021.7029 59471 2175 2 141.4 -69 -0.338428 4517751 -0.219880 49 0.300445 0.0000 0.000753 0.000993 0.003267 -0.043257 0.085491 -0.120275 40.7944879250 -218.6008215846 49.30044
S062 21SEP15 2021.7057 59472 2175 3 141.4 -69 -0.338931 4517751 -0.221003 49 0.299831 0.0000 0.000724 0.000955 0.003187 -0.033498 0.115151 -0.216611 40.7944879149 -218.6008215905 49.29983
S062 21SEP16 2021.7084 59473 2175 4 141.4 -69 -0.338778 4517751 -0.220562 49 0.301526 0.0000 0.000713 0.000927 0.003038 -0.038580 0.101186 -0.145831 40.7944879189 -218.6008215887 49.30153
S062 21SEP17 2021.7112 59474 2175 5 141.4 -69 -0.340986 4517751 -0.218753 49 0.303596 0.0000 0.000728 0.000956 0.003198 -0.037053 0.074900 -0.166599 40.7944879352 -218.6008216149 49.30360
S062 21SEP18 2021.7139 59475 2175 6 141.4 -69 -0.338467 4517751 -0.221240 49 0.297054 0.0000 0.000720 0.000964 0.003156 -0.020297 0.086418 -0.187961 40.7944879128 -218.6008215850 49.29705
S062 21SEP19 2021.7166 59476 2176 0 141.4 -69 -0.338055 4517751 -0.220484 49 0.305496 0.0000 0.000728 0.000953 0.003170 -0.075073 0.127253 -0.189236 40.7944879196 -218.6008215801 49.30550
S062 21SEP20 2021.7194 59477 2176 1 141.4 -69 -0.338174 4517751 -0.222870 49 0.303159 0.0000 0.000733 0.000965 0.003259 -0.054490 0.127936 -0.193689 40.7944878981 -218.6008215816 49.30316
S062 21SEP21 2021.7221 59478 2176 2 141.4 -69 -0.337833 4517751 -0.220271 49 0.306014 0.0000 0.000736 0.000955 0.003217 -0.056924 0.112300 -0.167914 40.7944879215 -218.6008215775 49.30601
S062 21SEP22 2021.7248 59479 2176 3 141.4 -69 -0.339705 4517751 -0.219159 49 0.302899 0.0000 0.000737 0.000983 0.003287 -0.051309 0.102114 -0.101132 40.7944879315 -218.6008215997 49.30290
S062 21SEP23 2021.7276 59480 2176 4 141.4 -69 -0.338481 4517751 -0.221530 49 0.300326 0.0000 0.000757 0.000998 0.003400 -0.070251 0.093580 -0.160859 40.7944879102 -218.6008215852 49.30033
S062 21SEP24 2021.7303 59481 2176 5 141.4 -69 -0.338964 4517751 -0.221758 49 0.298177 0.0000 0.000730 0.000984 0.003179 -0.033284 0.123430 -0.199429 40.7944879081 -218.6008215909 49.29818
S062 21SEP25 2021.7331 59482 2176 6 141.4 -69 -0.339240 4517751 -0.224114 49 0.297950 0.0000 0.000715 0.000952 0.003073 -0.031336 0.095455 -0.155573 40.7944878869 -218.6008215942 49.29795
S062 21SEP26 2021.7358 59483 2177 0 141.4 -69 -0.338003 4517751 -0.221157 49 0.299256 0.0000 0.000703 0.000930 0.003006 -0.037386 0.117389 -0.151260 40.7944879135 -218.6008215795 49.29926
S062 21SEP27 2021.7385 59484 2177 1 141.4 -69 -0.337033 4517751 -0.221143 49 0.305073 0.0000 0.000715 0.000955 0.003125 -0.024095 0.090379 -0.152693 40.7944879137 -218.6008215680 49.30507
S062 21SEP28 2021.7413 59485 2177 2 141.4 -69 -0.338703 4517751 -0.222924 49 0.301636 0.0000 0.000715 0.000958 0.003206 -0.037369 0.089077 -0.220587 40.7944878976 -218.6008215878 49.30164
S062 21SEP29 2021.7440 59486 2177 3 141.4 -69 -0.337856 4517751 -0.221761 49 0.304337 0.0000 0.000724 0.000940 0.003142 -0.061725 0.097500 -0.168685 40.7944879081 -218.6008215778 49.30434
S062 21SEP30 2021.7467 59487 2177 4 141.4 -69 -0.336760 4517751 -0.222570 49 0.302174 0.0000 0.000742 0.000964 0.003279 -0.032214 0.116396 -0.161367 40.7944879008 -218.6008215648 49.30217
S062 21OCT01 2021.7495 59488 2177 5 141.4 -69 -0.338318 4517751 -0.221302 49 0.302739 0.0000 0.000730 0.000946 0.003174 -0.049708 0.128747 -0.135936 40.7944879122 -218.6008215833 49.30274
S062 21OCT02 2021.7522 59489 2177 6 141.4 -69 -0.338770 4517751 -0.219667 49 0.296049 0.0000 0.000754 0.000976 0.003280 -0.049686 0.097674 -0.152525 40.7944879270 -218.6008215886 49.29605
S062 21OCT03 2021.7550 59490 2178 0 141.4 -69 -0.340083 4517751 -0.223512 49 0.299172 0.0000 0.000739 0.000959 0.003222 -0.054962 0.096074 -0.164873 40.7944878923 -218.6008216042 49.29917
S062 21OCT04 2021.7577 59491 2178 1 141.4 -69 -0.339700 4517751 -0.221989 49 0.293297 0.0000 0.000723 0.000951 0.003207 -0.040519 0.120874 -0.185498 40.7944879060 -218.6008215996 49.29330
S062 21OCT05 2021.7604 59492 2178 2 141.4 -69 -0.338743 4517751 -0.223870 49 0.296277 0.0000 0.000714 0.000938 0.003086 -0.057475 0.082654 -0.165752 40.7944878891 -218.6008215883 49.29628
S062 21OCT06 2021.7632 59493 2178 3 141.4 -69 -0.336961 4517751 -0.222699 49 0.299536 0.0000 0.000710 0.000929 0.003039 -0.056685 0.101085 -0.159134 40.7944878997 -218.6008215672 49.29954
S062 21OCT07 2021.7659 59494 2178 4 141.4 -69 -0.336796 4517751 -0.222122 49 0.303257 0.0000 0.000732 0.000960 0.003189 -0.041487 0.092790 -0.156822 40.7944879048 -218.6008215652 49.30326
S062 21OCT08 2021.7687 59495 2178 5 141.4 -69 -0.336683 4517751 -0.222360 49 0.300678 0.0000 0.000712 0.000945 0.003074 -0.065915 0.088939 -0.187304 40.7944879027 -218.6008215639 49.30068
S062 21OCT09 2021.7714 59496 2178 6 141.4 -69 -0.335930 4517751 -0.224368 49 0.293751 0.0000 0.000732 0.000984 0.003169 -0.042228 0.088335 -0.163466 40.7944878846 -218.6008215550 49.29375
S062 21OCT10 2021.7741 59497 2179 0 141.4 -69 -0.337107 4517751 -0.223418 49 0.290939 0.0000 0.000746 0.000990 0.003299 -0.055078 0.151912 -0.166505 40.7944878932 -218.6008215689 49.29094
S062 21OCT11 2021.7769 59498 2179 1 141.4 -69 -0.337575 4517751 -0.222899 49 0.292213 0.0000 0.000733 0.000953 0.003216 -0.057160 0.117132 -0.180833 40.7944878978 -218.6008215745 49.29221
S062 21OCT12 2021.7796 59499 2179 2 141.4 -69 -0.336882 4517751 -0.222619 49 0.295285 0.0000 0.000720 0.000946 0.003122 -0.056542 0.114675 -0.180328 40.7944879004 -218.6008215662 49.29529
S062 21OCT13 2021.7823 59500 2179 3 141.4 -69 -0.335512 4517751 -0.223626 49 0.295633 0.0000 0.000724 0.000954 0.003122 -0.045334 0.123048 -0.146378 40.7944878913 -218.6008215500 49.29563
S062 21OCT14 2021.7851 59501 2179 4 141.4 -69 -0.335711 4517751 -0.222729 49 0.294851 0.0000 0.000739 0.000968 0.003251 -0.065411 0.131732 -0.136320 40.7944878994 -218.6008215524 49.29485
S062 21OCT15 2021.7878 59502 2179 5 141.4 -69 -0.336024 4517751 -0.223881 49 0.288957 0.0000 0.000723 0.000957 0.003114 -0.042129 0.089942 -0.160372 40.7944878890 -218.6008215561 49.28896
S062 21OCT16 2021.7906 59503 2179 6 141.4 -69 -0.334097 4517751 -0.225576 49 0.301602 0.0000 0.000717 0.000936 0.003079 -0.057987 0.134183 -0.162194 40.7944878737 -218.6008215332 49.30160
S062 21OCT17 2021.7933 59504 2180 0 141.4 -69 -0.336320 4517751 -0.226694 49 0.297536 0.0000 0.000727 0.000969 0.003176 -0.034603 0.099739 -0.177772 40.7944878637 -218.6008215596 49.29754
S062 21OCT18 2021.7960 59505 2180 1 141.4 -69 -0.335039 4517751 -0.225078 49 0.291913 0.0000 0.000719 0.000959 0.003145 -0.051546 0.098300 -0.208218 40.7944878782 -218.6008215444 49.29191
S062 21OCT19 2021.7988 59506 2180 2 141.4 -69 -0.336329 4517751 -0.225683 49 0.294823 0.0000 0.000727 0.000960 0.003238 -0.044497 0.071003 -0.172158 40.7944878728 -218.6008215597 49.29482
S062 21OCT20 2021.8015 59507 2180 3 141.4 -69 -0.335259 4517751 -0.226576 49 0.300151 0.0000 0.000748 0.001037 0.003399 0.000410 0.045801 -0.223648 40.7944878647 -218.6008215470 49.30015
S062 21OCT21 2021.8042 59508 2180 4 141.4 -69 -0.334522 4517751 -0.226738 49 0.296165 0.0000 0.000733 0.000981 0.003231 -0.016668 0.062385 -0.186773 40.7944878633 -218.6008215383 49.29617
S062 21OCT22 2021.8070 59509 2180 5 141.4 -69 -0.333893 4517751 -0.224427 49 0.296850 0.0000 0.000715 0.000955 0.003107 -0.064046 0.083804 -0.158348 40.7944878841 -218.6008215308 49.29685
S062 21OCT23 2021.8097 59510 2180 6 141.4 -69 -0.333866 4517751 -0.227374 49 0.302123 0.0000 0.000722 0.000943 0.003152 -0.054339 0.092628 -0.190215 40.7944878576 -218.6008215305 49.30212
S062 21OCT24 2021.8125 59511 2181 0 141.4 -69 -0.335270 4517751 -0.226451 49 0.295884 0.0000 0.000729 0.000950 0.003152 -0.045723 0.082920 -0.203064 40.7944878659 -218.6008215471 49.29588
S062 21OCT25 2021.8152 59512 2181 1 141.4 -69 -0.334302 4517751 -0.227709 49 0.296114 0.0000 0.000723 0.000942 0.003131 -0.045264 0.070518 -0.195883 40.7944878545 -218.6008215357 49.29611
S062 21OCT26 2021.8179 59513 2181 2 141.4 -69 -0.333693 4517751 -0.225313 49 0.294421 0.0000 0.000711 0.000953 0.003129 -0.063310 0.105844 -0.138760 40.7944878761 -218.6008215285 49.29442
S062 21OCT27 2021.8207 59514 2181 3 141.4 -69 -0.334071 4517751 -0.224922 49 0.296378 0.0000 0.000752 0.000995 0.003344 -0.054631 0.103046 -0.242819 40.7944878796 -218.6008215329 49.29638
S062 21OCT28 2021.8234 59515 2181 4 141.4 -69 -0.332985 4517751 -0.227458 49 0.294166 0.0000 0.000747 0.001009 0.003381 -0.063499 0.091694 -0.212803 40.7944878568 -218.6008215201 49.29417
S062 21OCT29 2021.8261 59516 2181 5 141.4 -69 -0.334102 4517751 -0.225898 49 0.293987 0.0000 0.000734 0.000978 0.003183 -0.065486 0.128874 -0.156968 40.7944878708 -218.6008215333 49.29399
S062 21OCT30 2021.8289 59517 2181 6 141.4 -69 -0.334422 4517751 -0.227236 49 0.291596 0.0000 0.000735 0.000999 0.003286 -0.068435 0.103268 -0.152270 40.7944878588 -218.6008215371 49.29160
S062 21OCT31 2021.8316 59518 2182 0 141.4 -69 -0.336033 4517751 -0.225832 49 0.291987 0.0000 0.000723 0.000979 0.003163 -0.082579 0.113873 -0.192284 40.7944878714 -218.6008215562 49.29199
S062 21NOV01 2021.8344 59519 2182 1 141.4 -69 -0.333030 4517751 -0.226367 49 0.301346 0.0000 0.000719 0.000971 0.003232 -0.059766 0.120694 -0.221665 40.7944878666 -218.6008215206 49.30135
S062 21NOV02 2021.8371 59520 2182 2 141.4 -69 -0.333083 4517751 -0.223352 49 0.298538 0.0000 0.000738 0.000997 0.003348 -0.045303 0.060314 -0.221099 40.7944878938 -218.6008215212 49.29854
S062 21NOV03 2021.8398 59521 2182 3 141.4 -69 -0.333742 4517751 -0.226740 49 0.297024 0.0000 0.000751 0.000986 0.003291 -0.080027 0.101209 -0.221045 40.7944878633 -218.6008215290 49.29702
S062 21NOV04 2021.8426 59522 2182 4 141.4 -69 -0.334487 4517751 -0.227477 49 0.294377 0.0000 0.000750 0.000994 0.003317 -0.048011 0.078217 -0.187649 40.7944878566 -218.6008215379 49.29438
S062 21NOV05 2021.8453 59523 2182 5 141.4 -69 -0.334591 4517751 -0.226813 49 0.289081 0.0000 0.000735 0.000992 0.003227 -0.071663 0.090849 -0.195330 40.7944878626 -218.6008215391 49.28908
S062 21NOV06 2021.8480 59524 2182 6 141.4 -69 -0.335144 4517751 -0.226780 49 0.289858 0.0000 0.000749 0.000991 0.003348 -0.029982 0.115649 -0.186170 40.7944878629 -218.6008215457 49.28986
S062 21NOV07 2021.8508 59525 2183 0 141.4 -69 -0.333987 4517751 -0.226870 49 0.293183 0.0000 0.000714 0.000943 0.003046 -0.056388 0.134052 -0.162267 40.7944878621 -218.6008215319 49.29318
S062 21NOV08 2021.8535 59526 2183 1 141.4 -69 -0.334013 4517751 -0.227112 49 0.296119 0.0000 0.000735 0.000991 0.003256 -0.038584 0.056377 -0.194466 40.7944878599 -218.6008215322 49.29612
S062 21NOV09 2021.8563 59527 2183 2 141.4 -69 -0.334122 4517751 -0.226987 49 0.297455 0.0000 0.000740 0.000968 0.003254 -0.017155 0.098054 -0.174256 40.7944878610 -218.6008215335 49.29746
S062 21NOV10 2021.8590 59528 2183 3 141.4 -69 -0.333550 4517751 -0.227430 49 0.299882 0.0000 0.000721 0.000952 0.003132 -0.050558 0.108538 -0.172901 40.7944878571 -218.6008215268 49.29988
S062 21NOV11 2021.8617 59529 2183 4 141.4 -69 -0.332746 4517751 -0.228209 49 0.298705 0.0000 0.000716 0.000937 0.003161 -0.028720 0.127554 -0.206739 40.7944878500 -218.6008215172 49.29871
S062 21NOV12 2021.8645 59530 2183 5 141.4 -69 -0.331884 4517751 -0.228557 49 0.294891 0.0000 0.000774 0.000978 0.003337 -0.076973 0.104605 -0.194320 40.7944878469 -218.6008215070 49.29489
S062 21NOV13 2021.8672 59531 2183 6 141.4 -69 -0.332941 4517751 -0.227898 49 0.296189 0.0000 0.000761 0.001021 0.003393 -0.052752 0.124554 -0.193436 40.7944878528 -218.6008215195 49.29619
S062 21NOV14 2021.8700 59532 2184 0 141.4 -69 -0.333006 4517751 -0.229650 49 0.302317 0.0000 0.000756 0.000991 0.003263 -0.099257 0.101300 -0.173306 40.7944878371 -218.6008215203 49.30232
S062 21NOV15 2021.8727 59533 2184 1 141.4 -69 -0.333468 4517751 -0.228748 49 0.295132 0.0000 0.000744 0.000960 0.003195 -0.061322 0.112051 -0.194179 40.7944878452 -218.6008215258 49.29513
S062 21NOV16 2021.8754 59534 2184 2 141.4 -69 -0.333152 4517751 -0.227766 49 0.289801 0.0000 0.000726 0.000949 0.003066 -0.091709 0.109116 -0.121436 40.7944878540 -218.6008215220 49.28980
S062 21NOV17 2021.8782 59535 2184 3 141.4 -69 -0.333395 4517751 -0.228622 49 0.293660 0.0000 0.000728 0.000972 0.003231 -0.050100 0.100267 -0.214676 40.7944878463 -218.6008215249 49.29366
S062 21NOV18 2021.8809 59536 2184 4 141.4 -69 -0.330528 4517751 -0.228007 49 0.299681 0.0000 0.000740 0.000966 0.003270 -0.040677 0.147692 -0.197535 40.7944878519 -218.6008214910 49.29968
S062 21NOV19 2021.8836 59537 2184 5 141.4 -69 -0.333478 4517751 -0.227209 49 0.301652 0.0000 0.000737 0.000971 0.003282 -0.056371 0.106596 -0.168330 40.7944878590 -218.6008215259 49.30165
S062 21NOV20 2021.8864 59538 2184 6 141.4 -69 -0.332705 4517751 -0.228549 49 0.291392 0.0000 0.000713 0.000945 0.003084 -0.069443 0.081691 -0.195999 40.7944878470 -218.6008215168 49.29139
S062 21NOV21 2021.8891 59539 2185 0 141.4 -69 -0.333147 4517751 -0.228191 49 0.293868 0.0000 0.000715 0.000936 0.003080 -0.070608 0.111109 -0.176128 40.7944878502 -218.6008215220 49.29387
S062 21NOV22 2021.8919 59540 2185 1 141.4 -69 -0.331938 4517751 -0.228841 49 0.295614 0.0000 0.000725 0.000920 0.003096 -0.080613 0.132955 -0.186507 40.7944878443 -218.6008215077 49.29561
S062 21NOV23 2021.8946 59541 2185 2 141.4 -69 -0.331979 4517751 -0.228167 49 0.293633 0.0000 0.000721 0.000936 0.003076 -0.077343 0.110225 -0.182840 40.7944878504 -218.6008215082 49.29363
S062 21NOV24 2021.8973 59542 2185 3 141.4 -69 -0.332536 4517751 -0.230295 49 0.297380 0.0000 0.000730 0.000950 0.003114 -0.059866 0.099038 -0.174852 40.7944878312 -218.6008215148 49.29738
S062 21NOV25 2021.9001 59543 2185 4 141.4 -69 -0.334669 4517751 -0.229320 49 0.301905 0.0000 0.000727 0.000962 0.003248 -0.026051 0.064458 -0.223998 40.7944878400 -218.6008215400 49.30190
S062 21NOV26 2021.9028 59544 2185 5 141.4 -69 -0.332614 4517751 -0.229379 49 0.293412 0.0000 0.000724 0.000967 0.003225 -0.030648 0.055361 -0.263436 40.7944878395 -218.6008215157 49.29341
S062 21NOV27 2021.9055 59545 2185 6 141.4 -69 -0.332883 4517751 -0.229667 49 0.292339 0.0000 0.000715 0.000946 0.003135 -0.050351 0.087305 -0.205529 40.7944878369 -218.6008215189 49.29234
S062 21NOV28 2021.9083 59546 2186 0 141.4 -69 -0.332713 4517751 -0.229993 49 0.287813 0.0000 0.000716 0.000955 0.003134 -0.050947 0.100857 -0.190529 40.7944878340 -218.6008215169 49.28781
S062 21NOV29 2021.9110 59547 2186 1 141.4 -69 -0.332787 4517751 -0.227733 49 0.294453 0.0000 0.000744 0.000961 0.003289 -0.055792 0.100873 -0.218807 40.7944878543 -218.6008215177 49.29445
S062 21NOV30 2021.9138 59548 2186 2 141.4 -69 -0.331775 4517751 -0.229683 49 0.297674 0.0000 0.000735 0.000974 0.003269 -0.065297 0.179976 -0.179885 40.7944878368 -218.6008215057 49.29767
S062 21DEC01 2021.9165 59549 2186 3 141.4 -69 -0.333269 4517751 -0.227808 49 0.292578 0.0000 0.000722 0.000960 0.003194 -0.057448 0.122488 -0.161048 40.7944878536 -218.6008215234 49.29258
S062 21DEC02 2021.9192 59550 2186 4 141.4 -69 -0.332541 4517751 -0.231844 49 0.299262 0.0000 0.000746 0.000971 0.003292 -0.048459 0.040202 -0.210745 40.7944878173 -218.6008215148 49.29926
S062 21DEC03 2021.9220 59551 2186 5 141.4 -69 -0.332245 4517751 -0.229479 49 0.291525 0.0000 0.000751 0.000970 0.003206 -0.052423 0.131428 -0.200121 40.7944878386 -218.6008215113 49.29153
S062 21DEC04 2021.9247 59552 2186 6 141.4 -69 -0.333576 4517751 -0.229850 49 0.291316 0.0000 0.000716 0.000934 0.003018 -0.052873 0.130312 -0.166611 40.7944878353 -218.6008215271 49.29132
S062 21DEC05 2021.9274 59553 2187 0 141.4 -69 -0.333491 4517751 -0.231699 49 0.293737 0.0000 0.000715 0.000957 0.003087 -0.061742 0.109034 -0.225665 40.7944878186 -218.6008215261 49.29374
S062 21DEC06 2021.9302 59554 2187 1 141.4 -69 -0.332089 4517751 -0.232051 49 0.291826 0.0000 0.000830 0.001100 0.003630 -0.059589 0.053687 -0.177815 40.7944878154 -218.6008215095 49.29183
S062 21DEC07 2021.9329 59555 2187 2 141.4 -69 -0.331583 4517751 -0.230871 49 0.291271 0.0000 0.000774 0.000959 0.003297 -0.044831 0.091457 -0.193497 40.7944878261 -218.6008215035 49.29127
S062 21DEC08 2021.9357 59556 2187 3 141.4 -69 -0.333078 4517751 -0.231600 49 0.291537 0.0000 0.000773 0.000967 0.003303 -0.082926 0.131736 -0.225618 40.7944878195 -218.6008215212 49.29154
S062 21DEC09 2021.9384 59557 2187 4 141.4 -69 -0.333249 4517751 -0.231277 49 0.290273 0.0000 0.000750 0.001005 0.003292 -0.062507 0.079540 -0.221959 40.7944878224 -218.6008215232 49.29027
S062 21DEC10 2021.9411 59558 2187 5 141.4 -69 -0.332646 4517751 -0.231481 49 0.294384 0.0000 0.000755 0.001034 0.003393 -0.091135 0.109121 -0.218734 40.7944878206 -218.6008215161 49.29438
S062 21DEC11 2021.9439 59559 2187 6 141.4 -69 -0.332458 4517751 -0.233294 49 0.294782 0.0000 0.000731 0.000978 0.003197 -0.055378 0.094610 -0.200588 40.7944878042 -218.6008215138 49.29478
S062 21DEC12 2021.9466 59560 2188 0 141.4 -69 -0.330643 4517751 -0.233040 49 0.300500 0.0000 0.000729 0.000963 0.003139 -0.066955 0.128292 -0.180007 40.7944878065 -218.6008214923 49.30050
S062 21DEC13 2021.9493 59561 2188 1 141.4 -69 -0.329945 4517751 -0.232947 49 0.291717 0.0000 0.000743 0.000963 0.003107 -0.041188 0.090041 -0.176071 40.7944878074 -218.6008214840 49.29172
S062 21DEC14 2021.9521 59562 2188 2 141.4 -69 -0.330025 4517751 -0.232138 49 0.292041 0.0000 0.000723 0.000973 0.003149 -0.057645 0.141442 -0.193020 40.7944878147 -218.6008214850 49.29204
S062 21DEC15 2021.9548 59563 2188 3 141.4 -69 -0.332575 4517751 -0.232628 49 0.292400 0.0000 0.000742 0.000996 0.003157 0.001581 0.055698 -0.149268 40.7944878102 -218.6008215152 49.29240
S062 21DEC16 2021.9576 59564 2188 4 141.4 -69 -0.331379 4517751 -0.233030 49 0.299172 0.0000 0.000736 0.000993 0.003187 -0.027918 0.066054 -0.195333 40.7944878066 -218.6008215010 49.29917
S062 21DEC17 2021.9603 59565 2188 5 141.4 -69 -0.331707 4517751 -0.233510 49 0.300366 0.0000 0.000736 0.000977 0.003156 -0.027370 0.106509 -0.181459 40.7944878023 -218.6008215049 49.30037
S062 21DEC18 2021.9630 59566 2188 6 141.4 -69 -0.331298 4517751 -0.231897 49 0.299708 0.0000 0.000753 0.000978 0.003257 -0.009336 0.097739 -0.203827 40.7944878168 -218.6008215001 49.29971
S062 21DEC19 2021.9658 59567 2189 0 141.4 -69 -0.332488 4517751 -0.231336 49 0.300340 0.0000 0.000747 0.000990 0.003311 0.000374 0.050740 -0.240699 40.7944878219 -218.6008215142 49.30034
S062 21DEC20 2021.9685 59568 2189 1 141.4 -69 -0.332419 4517751 -0.229978 49 0.302830 0.0000 0.000811 0.001076 0.003605 -0.012474 0.002483 -0.182443 40.7944878341 -218.6008215134 49.30283
S062 21DEC21 2021.9713 59569 2189 2 141.4 -69 -0.330304 4517751 -0.232852 49 0.299199 0.0000 0.000768 0.001022 0.003429 -0.013406 0.129104 -0.186072 40.7944878082 -218.6008214883 49.29920
S062 21DEC22 2021.9740 59570 2189 3 141.4 -69 -0.332154 4517751 -0.230781 49 0.293578 0.0000 0.000753 0.001004 0.003283 -0.013265 0.113028 -0.188898 40.7944878269 -218.6008215102 49.29358
S062 21DEC23 2021.9767 59571 2189 4 141.4 -69 -0.331227 4517751 -0.230785 49 0.294260 0.0000 0.000759 0.001002 0.003322 0.013287 0.061601 -0.216543 40.7944878268 -218.6008214992 49.29426
S062 21DEC24 2021.9795 59572 2189 5 141.4 -69 -0.331896 4517751 -0.230301 49 0.291669 0.0000 0.000765 0.001010 0.003368 -0.020248 0.096523 -0.184538 40.7944878312 -218.6008215072 49.29167
S062 21DEC25 2021.9822 59573 2189 6 141.4 -69 -0.330851 4517751 -0.232191 49 0.294569 0.0000 0.000777 0.001020 0.003436 -0.030017 0.132140 -0.202425 40.7944878142 -218.6008214948 49.29457
S062 21DEC26 2021.9849 59574 2190 0 141.4 -69 -0.329038 4517751 -0.232124 49 0.294106 0.0000 0.000763 0.000987 0.003295 -0.026044 0.104653 -0.180735 40.7944878148 -218.6008214733 49.29411
S062 21DEC27 2021.9877 59575 2190 1 141.4 -69 -0.327020 4517751 -0.231163 49 0.266087 0.0000 0.000763 0.000974 0.003286 -0.022710 0.117882 -0.187880 40.7944878234 -218.6008214494 49.26609
S062 21DEC28 2021.9904 59576 2190 2 141.4 -69 -0.324633 4517751 -0.232801 49 0.268300 0.0000 0.000739 0.000972 0.003196 -0.077733 0.162151 -0.185031 40.7944878087 -218.6008214211 49.26830
S062 21DEC29 2021.9932 59577 2190 3 141.4 -69 -0.333284 4517751 -0.231959 49 0.298567 0.0000 0.000727 0.000944 0.003094 -0.067135 0.091066 -0.174877 40.7944878163 -218.6008215236 49.29857
S062 21DEC30 2021.9959 59578 2190 4 141.4 -69 -0.332189 4517751 -0.230655 49 0.293887 0.0000 0.000723 0.000946 0.003145 -0.047090 0.117118 -0.217353 40.7944878280 -218.6008215106 49.29389
S062 21DEC31 2021.9986 59579 2190 5 141.4 -69 -0.331435 4517751 -0.231083 49 0.294450 0.0000 0.000732 0.000936 0.003107 -0.036569 0.065315 -0.187518 40.7944878242 -218.6008215017 49.29445
S062 22JAN01 2022.0014 59580 2190 6 141.4 -69 -0.332678 4517751 -0.231029 49 0.296032 0.0000 0.000715 0.000938 0.003047 -0.059215 0.078058 -0.180298 40.7944878246 -218.6008215164 49.29603
S062 22JAN02 2022.0041 59581 2191 0 141.4 -69 -0.331588 4517751 -0.231000 49 0.299547 0.0000 0.000721 0.000950 0.003077 -0.052563 0.090249 -0.176874 40.7944878249 -218.6008215035 49.29955
S062 22JAN03 2022.0068 59582 2191 1 141.4 -69 -0.330845 4517751 -0.232118 49 0.299063 0.0000 0.000727 0.000950 0.003085 -0.071446 0.145318 -0.178450 40.7944878148 -218.6008214947 49.29906
S062 22JAN04 2022.0096 59583 2191 2 141.4 -69 -0.330565 4517751 -0.232903 49 0.288378 0.0000 0.000755 0.000966 0.003267 -0.077857 0.136994 -0.242991 40.7944878078 -218.6008214914 49.28838
S062 22JAN05 2022.0123 59584 2191 3 141.4 -69 -0.333913 4517751 -0.231585 49 0.288847 0.0000 0.000727 0.000929 0.003103 -0.053699 0.126005 -0.165481 40.7944878196 -218.6008215311 49.28885
S062 22JAN06 2022.0151 59585 2191 4 141.4 -69 -0.335349 4517751 -0.229885 49 0.291522 0.0000 0.000733 0.000945 0.003182 -0.034628 0.084436 -0.214841 40.7944878349 -218.6008215481 49.29152
S062 22JAN07 2022.0178 59586 2191 5 141.4 -69 -0.331856 4517751 -0.230728 49 0.286895 0.0000 0.000716 0.000920 0.003047 -0.051150 0.140737 -0.196669 40.7944878273 -218.6008215067 49.28690
S062 22JAN08 2022.0205 59587 2191 6 141.4 -69 -0.332505 4517751 -0.233276 49 0.296588 0.0000 0.000723 0.000944 0.003123 -0.049404 0.120541 -0.201501 40.7944878044 -218.6008215144 49.29659
S062 22JAN09 2022.0233 59588 2192 0 141.4 -69 -0.331525 4517751 -0.231888 49 0.292688 0.0000 0.000751 0.001014 0.003269 -0.050663 0.146275 -0.201198 40.7944878169 -218.6008215028 49.29269
S062 22JAN10 2022.0260 59589 2192 1 141.4 -69 -0.332054 4517751 -0.231987 49 0.291225 0.0000 0.000718 0.000948 0.003103 -0.041914 0.142897 -0.207908 40.7944878160 -218.6008215090 49.29122
S062 22JAN11 2022.0287 59590 2192 2 141.4 -69 -0.332157 4517751 -0.233091 49 0.298200 0.0000 0.000719 0.000956 0.003156 -0.076868 0.140241 -0.196879 40.7944878061 -218.6008215103 49.29820
S062 22JAN12 2022.0315 59591 2192 3 141.4 -69 -0.333412 4517751 -0.232412 49 0.291880 0.0000 0.000726 0.000941 0.003100 -0.053974 0.153942 -0.165457 40.7944878122 -218.6008215251 49.29188
S062 22JAN13 2022.0342 59592 2192 4 141.4 -69 -0.332594 4517751 -0.233092 49 0.290358 0.0000 0.000719 0.000941 0.003098 -0.071287 0.128967 -0.199198 40.7944878061 -218.6008215154 49.29036
S062 22JAN14 2022.0370 59593 2192 5 141.4 -69 -0.330004 4517751 -0.233523 49 0.293274 0.0000 0.000726 0.000988 0.003182 -0.055389 0.106753 -0.209933 40.7944878022 -218.6008214848 49.29327
S062 22JAN15 2022.0397 59594 2192 6 141.4 -69 -0.332135 4517751 -0.232289 49 0.292367 0.0000 0.000840 0.001040 0.003589 -0.074516 0.201672 -0.196446 40.7944878133 -218.6008215100 49.29237
S062 22JAN16 2022.0424 59595 2193 0 141.4 -69 -0.332257 4517751 -0.231783 49 0.292239 0.0000 0.000754 0.000994 0.003348 -0.072630 0.116713 -0.144173 40.7944878178 -218.6008215114 49.29224
S062 22JAN17 2022.0452 59596 2193 1 141.4 -69 -0.330833 4517751 -0.231258 49 0.285509 0.0000 0.000730 0.000966 0.003182 -0.062490 0.111610 -0.194691 40.7944878226 -218.6008214946 49.28551
S062 22JAN18 2022.0479 59597 2193 2 141.4 -69 -0.331636 4517751 -0.229251 49 0.288089 0.0000 0.000708 0.000930 0.003025 -0.035292 0.087999 -0.141642 40.7944878407 -218.6008215041 49.28809
S062 22JAN19 2022.0507 59598 2193 3 141.4 -69 -0.332459 4517751 -0.230319 49 0.294411 0.0000 0.000744 0.000971 0.003343 -0.075272 0.122573 -0.251786 40.7944878310 -218.6008215138 49.29441
S062 22JAN20 2022.0534 59599 2193 4 141.4 -69 -0.332278 4517751 -0.230221 49 0.286343 0.0000 0.000723 0.000949 0.003110 -0.059463 0.134045 -0.209295 40.7944878319 -218.6008215117 49.28634
S062 22JAN21 2022.0561 59600 2193 5 141.4 -69 -0.334279 4517751 -0.231064 49 0.287058 0.0000 0.000721 0.000946 0.003113 -0.046625 0.094783 -0.197349 40.7944878243 -218.6008215354 49.28706
S062 22JAN22 2022.0589 59601 2193 6 141.4 -69 -0.333717 4517751 -0.229386 49 0.286840 0.0000 0.000721 0.000942 0.003053 -0.060167 0.101122 -0.169843 40.7944878394 -218.6008215287 49.28684
S062 22JAN23 2022.0616 59602 2194 0 141.4 -69 -0.331206 4517751 -0.232380 49 0.292021 0.0000 0.000734 0.000973 0.003150 -0.054994 0.144682 -0.165995 40.7944878125 -218.6008214990 49.29202
S062 22JAN24 2022.0643 59603 2194 1 141.4 -69 -0.333337 4517751 -0.231626 49 0.289270 0.0000 0.000736 0.000960 0.003232 -0.048056 0.127138 -0.209162 40.7944878193 -218.6008215242 49.28927
S062 22JAN25 2022.0671 59604 2194 2 141.4 -69 -0.332526 4517751 -0.233053 49 0.290988 0.0000 0.000981 0.001270 0.004806 -0.056113 -0.021115 -0.263282 40.7944878064 -218.6008215146 49.29099
S062 22JAN26 2022.0698 59605 2194 3 141.4 -69 -0.332805 4517751 -0.232756 49 0.289592 0.0000 0.000729 0.000939 0.003128 -0.049494 0.088778 -0.187553 40.7944878091 -218.6008215179 49.28959
S062 22JAN27 2022.0726 59606 2194 4 141.4 -69 -0.334169 4517751 -0.232822 49 0.291113 0.0000 0.000708 0.000928 0.003057 -0.032233 0.075567 -0.218258 40.7944878085 -218.6008215341 49.29111
S062 22JAN28 2022.0753 59607 2194 5 141.4 -69 -0.331921 4517751 -0.233452 49 0.293615 0.0000 0.000705 0.000912 0.003001 -0.026700 0.106205 -0.206016 40.7944878028 -218.6008215075 49.29362
S062 22JAN29 2022.0780 59608 2194 6 141.4 -69 -0.334885 4517751 -0.231066 49 0.281107 0.0000 0.000707 0.000923 0.003039 -0.016924 0.049028 -0.229314 40.7944878243 -218.6008215426 49.28111
S062 22JAN30 2022.0808 59609 2195 0 141.4 -69 -0.334157 4517751 -0.233813 49 0.284961 0.0000 0.000714 0.000923 0.003105 -0.015059 0.091678 -0.230424 40.7944877996 -218.6008215340 49.28496
S062 22JAN31 2022.0835 59610 2195 1 141.4 -69 -0.333097 4517751 -0.232875 49 0.288841 0.0000 0.000718 0.000930 0.003069 -0.020214 0.080295 -0.177815 40.7944878080 -218.6008215214 49.28884
S062 22FEB01 2022.0862 59611 2195 2 141.4 -69 -0.333772 4517751 -0.232495 49 0.286462 0.0000 0.000721 0.000910 0.003013 -0.058802 0.119381 -0.195414 40.7944878114 -218.6008215294 49.28646
S062 22FEB02 2022.0890 59612 2195 3 141.4 -69 -0.331947 4517751 -0.232642 49 0.296073 0.0000 0.000715 0.000916 0.003051 -0.052084 0.104647 -0.182010 40.7944878101 -218.6008215078 49.29607
S062 22FEB03 2022.0917 59613 2195 4 141.4 -69 -0.333316 4517751 -0.233713 49 0.291159 0.0000 0.000729 0.000967 0.003183 -0.030207 0.097985 -0.189136 40.7944878005 -218.6008215240 49.29116
S062 22FEB04 2022.0945 59614 2195 5 141.4 -69 -0.331559 4517751 -0.233452 49 0.292013 0.0000 0.000721 0.000932 0.003105 -0.030328 0.077045 -0.165532 40.7944878028 -218.6008215032 49.29201
S062 22FEB05 2022.0972 59615 2195 6 141.4 -69 -0.333252 4517751 -0.233117 49 0.293008 0.0000 0.000721 0.000937 0.003128 -0.034823 0.088912 -0.203398 40.7944878058 -218.6008215232 49.29301
S062 22FEB06 2022.0999 59616 2196 0 141.4 -69 -0.332209 4517751 -0.233382 49 0.290865 0.0000 0.000731 0.000923 0.003069 -0.036025 0.101134 -0.140104 40.7944878035 -218.6008215109 49.29086
S062 22FEB07 2022.1027 59617 2196 1 141.4 -69 -0.333990 4517751 -0.234809 49 0.287517 0.0000 0.000724 0.000924 0.003065 -0.041501 0.103577 -0.161407 40.7944877906 -218.6008215320 49.28752
S062 22FEB08 2022.1054 59618 2196 2 141.4 -69 -0.333550 4517751 -0.233817 49 0.287148 0.0000 0.000725 0.000939 0.003154 -0.019708 0.062374 -0.227493 40.7944877995 -218.6008215268 49.28715
S062 22FEB09 2022.1081 59619 2196 3 141.4 -69 -0.332113 4517751 -0.233320 49 0.288076 0.0000 0.000735 0.000925 0.003100 -0.020097 0.091250 -0.185821 40.7944878040 -218.6008215097 49.28808
S062 22FEB10 2022.1109 59620 2196 4 141.4 -69 -0.332451 4517751 -0.233089 49 0.286787 0.0000 0.000728 0.000930 0.003074 -0.072156 0.108732 -0.157526 40.7944878061 -218.6008215137 49.28679
S062 22FEB11 2022.1136 59621 2196 5 141.4 -69 -0.333034 4517751 -0.233919 49 0.289830 0.0000 0.000738 0.000943 0.003173 -0.071720 0.129333 -0.192420 40.7944877986 -218.6008215207 49.28983
S062 22FEB12 2022.1164 59622 2196 6 141.4 -69 -0.333330 4517751 -0.230965 49 0.285468 0.0000 0.000740 0.000941 0.003219 -0.065739 0.153314 -0.167663 40.7944878252 -218.6008215242 49.28547
S062 22FEB13 2022.1191 59623 2197 0 141.4 -69 -0.332984 4517751 -0.233174 49 0.292270 0.0000 0.000718 0.000919 0.003086 -0.064156 0.118486 -0.177827 40.7944878053 -218.6008215201 49.29227
S062 22FEB14 2022.1218 59624 2197 1 141.4 -69 -0.332409 4517751 -0.233307 49 0.295101 0.0000 0.000750 0.000928 0.003200 -0.064954 0.089118 -0.193346 40.7944878041 -218.6008215132 49.29510
S062 22FEB15 2022.1246 59625 2197 2 141.4 -69 -0.331657 4517751 -0.234302 49 0.292157 0.0000 0.000759 0.000957 0.003207 -0.062180 0.104382 -0.209245 40.7944877952 -218.6008215043 49.29216
S062 22FEB16 2022.1273 59626 2197 3 141.4 -69 -0.333043 4517751 -0.233506 49 0.291433 0.0000 0.000729 0.000959 0.003154 -0.047780 0.133860 -0.131242 40.7944878023 -218.6008215208 49.29143
S062 22FEB17 2022.1300 59627 2197 4 141.4 -69 -0.333801 4517751 -0.234251 49 0.289089 0.0000 0.000771 0.000981 0.003304 -0.104807 0.147306 -0.225120 40.7944877956 -218.6008215297 49.28909
S062 22FEB18 2022.1328 59628 2197 5 141.4 -69 -0.330398 4517751 -0.235099 49 0.285902 0.0000 0.000735 0.000913 0.003118 -0.055556 0.171056 -0.195851 40.7944877880 -218.6008214894 49.28590
S062 22FEB19 2022.1355 59629 2197 6 141.4 -69 -0.331045 4517751 -0.234338 49 0.290376 0.0000 0.000765 0.000989 0.003301 -0.059688 0.096800 -0.135923 40.7944877948 -218.6008214971 49.29038
S062 22FEB20 2022.1383 59630 2198 0 141.4 -69 -0.331388 4517751 -0.234292 49 0.289654 0.0000 0.000733 0.000964 0.003203 -0.068000 0.144086 -0.211836 40.7944877953 -218.6008215012 49.28965
S062 22FEB21 2022.1410 59631 2198 1 141.4 -69 -0.332001 4517751 -0.234816 49 0.294092 0.0000 0.000731 0.000936 0.003146 -0.051048 0.124997 -0.188746 40.7944877905 -218.6008215084 49.29409
S062 22FEB22 2022.1437 59632 2198 2 141.4 -69 -0.333294 4517751 -0.237415 49 0.293920 0.0000 0.000710 0.000919 0.003028 -0.057210 0.104079 -0.206821 40.7944877671 -218.6008215237 49.29392
S062 22FEB23 2022.1465 59633 2198 3 141.4 -69 -0.332592 4517751 -0.237807 49 0.295490 0.0000 0.000707 0.000911 0.003011 -0.050717 0.105867 -0.208455 40.7944877636 -218.6008215154 49.29549
S062 22FEB24 2022.1492 59634 2198 4 141.4 -69 -0.331774 4517751 -0.237875 49 0.297731 0.0000 0.000766 0.000990 0.003429 -0.064670 0.161888 -0.236157 40.7944877630 -218.6008215057 49.29773
S062 22FEB25 2022.1520 59635 2198 5 141.4 -69 -0.332018 4517751 -0.238668 49 0.303793 0.0000 0.000776 0.001015 0.003496 -0.034661 0.144651 -0.181847 40.7944877558 -218.6008215086 49.30379
S062 22FEB26 2022.1547 59636 2198 6 141.4 -69 -0.332924 4517751 -0.237326 49 0.298524 0.0000 0.000730 0.000944 0.003142 -0.049549 0.131798 -0.169468 40.7944877679 -218.6008215193 49.29852
S062 22FEB27 2022.1574 59637 2199 0 141.4 -69 -0.331127 4517751 -0.237759 49 0.299775 0.0000 0.000731 0.000950 0.003178 -0.074755 0.101769 -0.207227 40.7944877640 -218.6008214980 49.29977
S062 22FEB28 2022.1602 59638 2199 1 141.4 -69 -0.332295 4517751 -0.236506 49 0.300277 0.0000 0.000731 0.000920 0.003070 -0.061294 0.032767 -0.179441 40.7944877753 -218.6008215119 49.30028
S062 22MAR01 2022.1629 59639 2199 2 141.4 -69 -0.331085 4517751 -0.238125 49 0.298018 0.0000 0.000707 0.000931 0.002996 -0.068665 0.110442 -0.172767 40.7944877607 -218.6008214976 49.29802
S062 22MAR02 2022.1656 59640 2199 3 141.4 -69 -0.332547 4517751 -0.237276 49 0.297946 0.0000 0.000722 0.000915 0.003095 -0.046457 0.091001 -0.244921 40.7944877684 -218.6008215149 49.29795
S062 22MAR03 2022.1684 59641 2199 4 141.4 -69 -0.330734 4517751 -0.235444 49 0.291700 0.0000 0.000722 0.000929 0.003074 -0.065129 0.089940 -0.184624 40.7944877849 -218.6008214934 49.29170
S062 22MAR04 2022.1711 59642 2199 5 141.4 -69 -0.331919 4517751 -0.237053 49 0.296408 0.0000 0.000730 0.000931 0.003116 -0.047351 0.056548 -0.210860 40.7944877704 -218.6008215074 49.29641
S062 22MAR05 2022.1739 59643 2199 6 141.4 -69 -0.331372 4517751 -0.234571 49 0.291861 0.0000 0.000748 0.000962 0.003245 -0.072445 0.055160 -0.202793 40.7944877927 -218.6008215010 49.29186
S062 22MAR06 2022.1766 59644 2200 0 141.4 -69 -0.330121 4517751 -0.235832 49 0.292849 0.0000 0.000723 0.000950 0.003116 -0.051458 0.080904 -0.173503 40.7944877814 -218.6008214861 49.29285
S062 22MAR07 2022.1793 59645 2200 1 141.4 -69 -0.330946 4517751 -0.237103 49 0.293843 0.0000 0.000723 0.000926 0.003080 -0.072348 0.092384 -0.199920 40.7944877699 -218.6008214959 49.29384
S062 22MAR08 2022.1821 59646 2200 2 141.4 -69 -0.332660 4517751 -0.237518 49 0.293401 0.0000 0.000710 0.000918 0.003000 -0.054877 0.109675 -0.168369 40.7944877662 -218.6008215162 49.29340
S062 22MAR09 2022.1848 59647 2200 3 141.4 -69 -0.332211 4517751 -0.236947 49 0.294692 0.0000 0.000738 0.000961 0.003224 -0.081996 0.092653 -0.202996 40.7944877713 -218.6008215109 49.29469
S062 22MAR10 2022.1875 59648 2200 4 141.4 -69 -0.331753 4517751 -0.235574 49 0.294666 0.0000 0.000735 0.000949 0.003195 -0.071817 0.081857 -0.197934 40.7944877837 -218.6008215055 49.29467
S062 22MAR11 2022.1903 59649 2200 5 141.4 -69 -0.330371 4517751 -0.235586 49 0.302138 0.0000 0.000767 0.001036 0.003338 -0.113775 0.094770 -0.115550 40.7944877836 -218.6008214891 49.30214
S062 22MAR12 2022.1930 59650 2200 6 141.4 -69 -0.332308 4517751 -0.239614 49 0.295852 0.0000 0.000737 0.000954 0.003169 -0.082810 0.082159 -0.147192 40.7944877473 -218.6008215120 49.29585
S062 22MAR13 2022.1958 59651 2201 0 141.4 -69 -0.332735 4517751 -0.238854 49 0.295981 0.0000 0.000732 0.000927 0.003162 -0.060008 0.107926 -0.202070 40.7944877542 -218.6008215171 49.29598
S062 22MAR14 2022.1985 59652 2201 1 141.4 -69 -0.332656 4517751 -0.237451 49 0.294754 0.0000 0.000713 0.000920 0.003105 -0.029094 0.035684 -0.200226 40.7944877668 -218.6008215162 49.29475
S062 22MAR15 2022.2012 59653 2201 2 141.4 -69 -0.331032 4517751 -0.237966 49 0.293260 0.0000 0.000724 0.000916 0.003135 -0.019801 -0.021813 -0.193021 40.7944877622 -218.6008214969 49.29326
S062 22MAR16 2022.2040 59654 2201 3 141.4 -69 -0.332619 4517751 -0.237684 49 0.296589 0.0000 0.000714 0.000936 0.003178 -0.043057 0.040258 -0.208311 40.7944877647 -218.6008215157 49.29659
S062 22MAR17 2022.2067 59655 2201 4 141.4 -69 -0.331734 4517751 -0.236913 49 0.293563 0.0000 0.000718 0.000943 0.003142 -0.006971 0.011789 -0.166281 40.7944877717 -218.6008215053 49.29356
S062 22MAR18 2022.2094 59656 2201 5 141.4 -69 -0.333552 4517751 -0.236299 49 0.305970 0.0000 0.000721 0.000912 0.003085 -0.026532 0.066298 -0.198485 40.7944877772 -218.6008215268 49.30597
S062 22MAR19 2022.2122 59657 2201 6 141.4 -69 -0.331017 4517751 -0.236678 49 0.300688 0.0000 0.000704 0.000899 0.003025 -0.009997 0.073229 -0.191471 40.7944877738 -218.6008214968 49.30069
S062 22MAR20 2022.2149 59658 2202 0 141.4 -69 -0.330624 4517751 -0.236759 49 0.298181 0.0000 0.000708 0.000908 0.003013 -0.020906 0.075308 -0.207067 40.7944877730 -218.6008214921 49.29818
S062 22MAR21 2022.2177 59659 2202 1 141.4 -69 -0.331912 4517751 -0.237689 49 0.288059 0.0000 0.000705 0.000903 0.003042 -0.007877 0.040385 -0.183839 40.7944877647 -218.6008215074 49.28806
S062 22MAR22 2022.2204 59660 2202 2 141.4 -69 -0.332098 4517751 -0.238843 49 0.296517 0.0000 0.000694 0.000902 0.002999 -0.023710 0.055207 -0.228831 40.7944877543 -218.6008215096 49.29652
S062 22MAR23 2022.2231 59661 2202 3 141.4 -69 -0.331843 4517751 -0.237421 49 0.299306 0.0000 0.000693 0.000918 0.003024 -0.013424 0.055781 -0.211607 40.7944877671 -218.6008215065 49.29931
S062 22MAR24 2022.2259 59662 2202 4 141.4 -69 -0.331495 4517751 -0.237341 49 0.296638 0.0000 0.000717 0.000946 0.003076 -0.033622 0.114658 -0.154997 40.7944877678 -218.6008215024 49.29664
S062 22MAR25 2022.2286 59663 2202 5 141.4 -69 -0.332454 4517751 -0.237487 49 0.299208 0.0000 0.000720 0.000901 0.002980 -0.024640 0.050393 -0.162740 40.7944877665 -218.6008215138 49.29921
S062 22MAR26 2022.2313 59664 2202 6 141.4 -69 -0.334744 4517751 -0.237757 49 0.296488 0.0000 0.000703 0.000896 0.002993 -0.047166 0.100497 -0.208517 40.7944877641 -218.6008215409 49.29649
S062 22MAR27 2022.2341 59665 2203 0 141.4 -69 -0.334021 4517751 -0.237682 49 0.300813 0.0000 0.000705 0.000904 0.002996 -0.035361 0.048775 -0.181761 40.7944877647 -218.6008215323 49.30081
S062 22MAR28 2022.2368 59666 2203 1 141.4 -69 -0.331129 4517751 -0.238988 49 0.294550 0.0000 0.000715 0.000919 0.003049 -0.039781 0.072632 -0.209027 40.7944877530 -218.6008214981 49.29455
S062 22MAR29 2022.2396 59667 2203 2 141.4 -69 -0.331801 4517751 -0.239337 49 0.293005 0.0000 0.000707 0.000919 0.003061 -0.037112 0.112286 -0.196812 40.7944877498 -218.6008215060 49.29301
S062 22MAR30 2022.2423 59668 2203 3 141.4 -69 -0.333604 4517751 -0.237438 49 0.296732 0.0000 0.000715 0.000914 0.003053 -0.019557 0.046151 -0.196736 40.7944877669 -218.6008215274 49.29673
S062 22MAR31 2022.2450 59669 2203 4 141.4 -69 -0.332616 4517751 -0.239150 49 0.291977 0.0000 0.000711 0.000920 0.003060 -0.036321 0.073360 -0.200072 40.7944877515 -218.6008215157 49.29198
S062 22APR01 2022.2478 59670 2203 5 141.4 -69 -0.329978 4517751 -0.240378 49 0.296916 0.0000 0.000701 0.000902 0.002985 -0.064933 0.115633 -0.179098 40.7944877405 -218.6008214844 49.29692
S062 22APR02 2022.2505 59671 2203 6 141.4 -69 -0.332767 4517751 -0.239614 49 0.287618 0.0000 0.000689 0.000886 0.002924 -0.041278 0.063253 -0.194871 40.7944877473 -218.6008215175 49.28762
S062 22APR03 2022.2533 59672 2204 0 141.4 -69 -0.333145 4517751 -0.238456 49 0.289450 0.0000 0.000712 0.000927 0.003144 -0.010965 0.027960 -0.230088 40.7944877578 -218.6008215220 49.28945
S062 22APR04 2022.2560 59673 2204 1 141.4 -69 -0.331629 4517751 -0.238381 49 0.291166 0.0000 0.000720 0.000916 0.003089 -0.049373 0.047083 -0.151224 40.7944877584 -218.6008215040 49.29117
S062 22APR05 2022.2587 59674 2204 2 141.4 -69 -0.330121 4517751 -0.240200 49 0.289649 0.0000 0.000707 0.000901 0.003019 -0.045401 0.092947 -0.164202 40.7944877421 -218.6008214861 49.28965
S062 22APR06 2022.2615 59675 2204 3 141.4 -69 -0.331396 4517751 -0.239801 49 0.290220 0.0000 0.000716 0.000910 0.003052 -0.065035 0.071891 -0.193162 40.7944877457 -218.6008215012 49.29022
S062 22APR07 2022.2642 59676 2204 4 141.4 -69 -0.331584 4517751 -0.239665 49 0.292747 0.0000 0.000704 0.000887 0.002951 -0.029604 0.025461 -0.162792 40.7944877469 -218.6008215035 49.29275
S062 22APR08 2022.2669 59677 2204 5 141.4 -69 -0.332266 4517751 -0.238349 49 0.296633 0.0000 0.000763 0.000973 0.003348 -0.035857 0.045338 -0.160043 40.7944877587 -218.6008215115 49.29663
S062 22APR09 2022.2697 59678 2204 6 141.4 -69 -0.331938 4517751 -0.237344 49 0.297523 0.0000 0.000724 0.000921 0.003084 -0.030376 0.020015 -0.154297 40.7944877678 -218.6008215077 49.29752
S062 22APR10 2022.2724 59679 2205 0 141.4 -69 -0.331430 4517751 -0.238732 49 0.295544 0.0000 0.000724 0.000933 0.003150 -0.052426 0.073575 -0.166788 40.7944877553 -218.6008215016 49.29554
S062 22APR11 2022.2752 59680 2205 1 141.4 -69 -0.334043 4517751 -0.238031 49 0.294024 0.0000 0.000733 0.000931 0.003163 -0.027520 0.088380 -0.198798 40.7944877616 -218.6008215326 49.29402
S062 22APR12 2022.2779 59681 2205 2 141.4 -69 -0.332711 4517751 -0.236066 49 0.299020 0.0000 0.000737 0.000937 0.003226 -0.044004 0.058995 -0.197054 40.7944877793 -218.6008215168 49.29902
S062 22APR13 2022.2806 59682 2205 3 141.4 -69 -0.334306 4517751 -0.236745 49 0.291483 0.0000 0.000691 0.000898 0.002989 -0.023644 0.038706 -0.178173 40.7944877732 -218.6008215357 49.29148
S062 22APR14 2022.2834 59683 2205 4 141.4 -69 -0.332542 4517751 -0.238122 49 0.294603 0.0000 0.000701 0.000912 0.002988 -0.046942 0.084847 -0.140359 40.7944877608 -218.6008215148 49.29460
S062 22APR15 2022.2861 59684 2205 5 141.4 -69 -0.332754 4517751 -0.237489 49 0.301511 0.0000 0.000738 0.000932 0.003182 -0.064259 0.055861 -0.152879 40.7944877665 -218.6008215173 49.30151
S062 22APR16 2022.2888 59685 2205 6 141.4 -69 -0.331076 4517751 -0.237514 49 0.296779 0.0000 0.000708 0.000907 0.002999 -0.026946 0.052196 -0.174489 40.7944877662 -218.6008214975 49.29678
S062 22APR17 2022.2916 59686 2206 0 141.4 -69 -0.332102 4517751 -0.238712 49 0.297408 0.0000 0.000710 0.000916 0.003074 -0.012102 0.096947 -0.190535 40.7944877555 -218.6008215096 49.29741
S062 22APR18 2022.2943 59687 2206 1 141.4 -69 -0.331584 4517751 -0.238822 49 0.299423 0.0000 0.000691 0.000891 0.002940 -0.025496 0.063102 -0.190799 40.7944877545 -218.6008215035 49.29942
S062 22APR19 2022.2971 59688 2206 2 141.4 -69 -0.331465 4517751 -0.241056 49 0.297589 0.0000 0.000707 0.000911 0.003013 -0.052095 0.095172 -0.192735 40.7944877343 -218.6008215021 49.29759
S062 22APR20 2022.2998 59689 2206 3 141.4 -69 -0.331742 4517751 -0.240371 49 0.298192 0.0000 0.000697 0.000927 0.003070 -0.057324 0.097805 -0.194839 40.7944877405 -218.6008215053 49.29819
S062 22APR21 2022.3025 59690 2206 4 141.4 -69 -0.332169 4517751 -0.239813 49 0.305202 0.0000 0.000726 0.000966 0.003230 -0.078846 0.117073 -0.202035 40.7944877455 -218.6008215104 49.30520
S062 22APR22 2022.3053 59691 2206 5 141.4 -69 -0.334312 4517751 -0.236838 49 0.311533 0.0000 0.000721 0.000919 0.003159 -0.057001 0.118106 -0.120477 40.7944877723 -218.6008215358 49.31153
S062 22APR23 2022.3080 59692 2206 6 141.4 -69 -0.331681 4517751 -0.239241 49 0.305152 0.0000 0.000725 0.000933 0.003228 -0.081754 0.145443 -0.197646 40.7944877507 -218.6008215046 49.30515
S062 22APR24 2022.3107 59693 2207 0 141.4 -69 -0.332800 4517751 -0.238948 49 0.298836 0.0000 0.000728 0.000945 0.003185 -0.025930 0.073224 -0.123408 40.7944877533 -218.6008215179 49.29884
S062 22APR25 2022.3135 59694 2207 1 141.4 -69 -0.333148 4517751 -0.240060 49 0.300085 0.0000 0.000707 0.000916 0.003106 -0.056315 0.112926 -0.121512 40.7944877433 -218.6008215220 49.30009
S062 22APR26 2022.3162 59695 2207 2 141.4 -69 -0.330795 4517751 -0.238682 49 0.303248 0.0000 0.000719 0.000928 0.003088 -0.045675 0.078481 -0.162444 40.7944877557 -218.6008214941 49.30325
S062 22APR27 2022.3190 59696 2207 3 141.4 -69 -0.333363 4517751 -0.238816 49 0.300794 0.0000 0.000745 0.000975 0.003224 -0.049224 0.067314 -0.162058 40.7944877545 -218.6008215245 49.30079
S062 22APR28 2022.3217 59697 2207 4 141.4 -69 -0.333363 4517751 -0.239506 49 0.298922 0.0000 0.000730 0.000990 0.003265 -0.011595 0.042586 -0.151451 40.7944877483 -218.6008215245 49.29892
S062 22APR29 2022.3244 59698 2207 5 141.4 -69 -0.334205 4517751 -0.237852 49 0.297194 0.0000 0.000723 0.000912 0.003149 -0.039400 0.076888 -0.198222 40.7944877632 -218.6008215345 49.29719
S062 22APR30 2022.3272 59699 2207 6 141.4 -69 -0.331814 4517751 -0.239223 49 0.302376 0.0000 0.000727 0.000914 0.003125 -0.087154 0.072645 -0.183728 40.7944877509 -218.6008215062 49.30238
S062 22MAY01 2022.3299 59700 2208 0 141.4 -69 -0.332693 4517751 -0.240108 49 0.296754 0.0000 0.000747 0.000937 0.003181 -0.066764 0.099657 -0.120231 40.7944877429 -218.6008215166 49.29675
S062 22MAY02 2022.3326 59701 2208 1 141.4 -69 -0.334774 4517751 -0.238539 49 0.293311 0.0000 0.000729 0.000952 0.003163 -0.080218 0.116391 -0.127844 40.7944877570 -218.6008215413 49.29331
S062 22MAY03 2022.3354 59702 2208 2 141.4 -69 -0.334407 4517751 -0.240362 49 0.300139 0.0000 0.000766 0.000974 0.003313 -0.040960 0.041859 -0.147081 40.7944877406 -218.6008215369 49.30014
S062 22MAY04 2022.3381 59703 2208 3 141.4 -69 -0.333389 4517751 -0.240817 49 0.292291 0.0000 0.000754 0.000957 0.003340 -0.051076 0.119388 -0.167184 40.7944877365 -218.6008215249 49.29229
S062 22MAY05 2022.3409 59704 2208 4 141.4 -69 -0.334356 4517751 -0.241106 49 0.292774 0.0000 0.000722 0.000930 0.003205 -0.043452 0.105167 -0.170992 40.7944877339 -218.6008215363 49.29277
S062 22MAY06 2022.3436 59705 2208 5 141.4 -69 -0.332264 4517751 -0.238721 49 0.294378 0.0000 0.000700 0.000904 0.002983 -0.045652 0.081311 -0.202021 40.7944877554 -218.6008215115 49.29438
S062 22MAY07 2022.3463 59706 2208 6 141.4 -69 -0.333308 4517751 -0.239018 49 0.301282 0.0000 0.000728 0.000938 0.003229 -0.031880 0.081130 -0.195689 40.7944877527 -218.6008215239 49.30128
S062 22MAY08 2022.3491 59707 2209 0 141.4 -69 -0.334435 4517751 -0.239696 49 0.296416 0.0000 0.000706 0.000902 0.003021 -0.039590 0.035188 -0.172599 40.7944877466 -218.6008215372 49.29642
S062 22MAY09 2022.3518 59708 2209 1 141.4 -69 -0.332185 4517751 -0.240368 49 0.296419 0.0000 0.000698 0.000896 0.002971 -0.029246 0.074801 -0.204288 40.7944877405 -218.6008215106 49.29642
S062 22MAY10 2022.3546 59709 2209 2 141.4 -69 -0.332158 4517751 -0.238278 49 0.301011 0.0000 0.000710 0.000914 0.003083 -0.043451 0.135075 -0.183096 40.7944877594 -218.6008215103 49.30101
S062 22MAY11 2022.3573 59710 2209 3 141.4 -69 -0.331622 4517751 -0.238968 49 0.298078 0.0000 0.000727 0.000925 0.003053 -0.086358 0.056686 -0.111412 40.7944877531 -218.6008215039 49.29808
S062 22MAY12 2022.3600 59711 2209 4 141.4 -69 -0.332148 4517751 -0.239448 49 0.302989 0.0000 0.000735 0.000923 0.003094 -0.075975 0.039563 -0.132436 40.7944877488 -218.6008215101 49.30299
S062 22MAY13 2022.3628 59712 2209 5 141.4 -69 -0.332632 4517751 -0.239115 49 0.301993 0.0000 0.000727 0.000940 0.003115 -0.048544 0.070719 -0.139271 40.7944877518 -218.6008215159 49.30199
S062 22MAY14 2022.3655 59713 2209 6 141.4 -69 -0.331369 4517751 -0.237963 49 0.307295 0.0000 0.000750 0.000946 0.003337 -0.069200 0.113099 -0.193485 40.7944877622 -218.6008215009 49.30729
S062 22MAY15 2022.3682 59714 2210 0 141.4 -69 -0.331906 4517751 -0.238736 49 0.296076 0.0000 0.000726 0.000947 0.003175 -0.069856 0.102331 -0.107556 40.7944877552 -218.6008215073 49.29608
S062 22MAY16 2022.3710 59715 2210 1 141.4 -69 -0.330606 4517751 -0.238642 49 0.296067 0.0000 0.000769 0.000972 0.003286 -0.076270 0.039856 -0.145438 40.7944877561 -218.6008214919 49.29607
S062 22MAY17 2022.3737 59716 2210 2 141.4 -69 -0.331972 4517751 -0.238283 49 0.301230 0.0000 0.000742 0.000961 0.003298 -0.048270 0.137883 -0.153705 40.7944877593 -218.6008215081 49.30123
S062 22MAY18 2022.3765 59717 2210 3 141.4 -69 -0.333230 4517751 -0.238550 49 0.299473 0.0000 0.000735 0.000952 0.003200 -0.075762 0.027771 -0.113009 40.7944877569 -218.6008215230 49.29947
S062 22MAY19 2022.3792 59718 2210 4 141.4 -69 -0.332578 4517751 -0.238381 49 0.295216 0.0000 0.000720 0.000944 0.003142 -0.051742 0.102880 -0.154050 40.7944877584 -218.6008215152 49.29522
S062 22MAY20 2022.3819 59719 2210 5 141.4 -69 -0.332891 4517751 -0.238188 49 0.301593 0.0000 0.000738 0.000973 0.003369 -0.054438 0.104818 -0.183260 40.7944877602 -218.6008215190 49.30159
S062 22MAY21 2022.3847 59720 2210 6 141.4 -69 -0.332166 4517751 -0.237936 49 0.300269 0.0000 0.000749 0.000974 0.003300 -0.050226 0.107060 -0.053798 40.7944877624 -218.6008215104 49.30027
S062 22MAY22 2022.3874 59721 2211 0 141.4 -69 -0.332984 4517751 -0.238437 49 0.300444 0.0000 0.000771 0.000980 0.003450 -0.016222 0.084444 -0.216843 40.7944877579 -218.6008215201 49.30044
S062 22MAY23 2022.3901 59722 2211 1 141.4 -69 -0.332451 4517751 -0.239105 49 0.297113 0.0000 0.000759 0.001005 0.003431 -0.012569 -0.001248 -0.078409 40.7944877519 -218.6008215137 49.29711
S062 22MAY24 2022.3929 59723 2211 2 141.4 -69 -0.332750 4517751 -0.238818 49 0.294015 0.0000 0.000758 0.000964 0.003318 -0.006085 0.106718 -0.142446 40.7944877545 -218.6008215173 49.29401
S062 22MAY25 2022.3956 59724 2211 3 141.4 -69 -0.332983 4517751 -0.239007 49 0.306804 0.0000 0.000815 0.001046 0.003558 -0.067507 0.101848 -0.112097 40.7944877528 -218.6008215201 49.30680
S062 22MAY26 2022.3984 59725 2211 4 141.4 -69 -0.332316 4517751 -0.239143 49 0.305676 0.0000 0.000787 0.001035 0.003536 -0.077079 0.029487 -0.104390 40.7944877516 -218.6008215121 49.30568
S062 22MAY27 2022.4011 59726 2211 5 141.4 -69 -0.332522 4517751 -0.240064 49 0.299649 0.0000 0.000742 0.001006 0.003359 -0.050003 0.085711 -0.130380 40.7944877433 -218.6008215146 49.29965
S062 22MAY28 2022.4038 59727 2211 6 141.4 -69 -0.331791 4517751 -0.242046 49 0.298247 0.0000 0.000735 0.000964 0.003241 -0.012982 0.065938 -0.108124 40.7944877254 -218.6008215059 49.29825
S062 22MAY29 2022.4066 59728 2212 0 141.4 -69 -0.330432 4517751 -0.238845 49 0.298718 0.0000 0.000771 0.000980 0.003441 -0.026022 0.121504 -0.136009 40.7944877543 -218.6008214898 49.29872
S062 22MAY30 2022.4093 59729 2212 1 141.4 -69 -0.332688 4517751 -0.239403 49 0.305675 0.0000 0.000792 0.001009 0.003398 -0.044922 0.045367 -0.063000 40.7944877492 -218.6008215166 49.30568
S062 22MAY31 2022.4120 59730 2212 2 141.4 -69 -0.332971 4517751 -0.238471 49 0.301448 0.0000 0.000795 0.001013 0.003451 -0.093367 0.094731 -0.087241 40.7944877576 -218.6008215199 49.30145
S062 22JUN01 2022.4148 59731 2212 3 141.4 -69 -0.332365 4517751 -0.238388 49 0.299165 0.0000 0.000759 0.001000 0.003405 -0.051552 0.142048 -0.121356 40.7944877584 -218.6008215127 49.29916
S062 22JUN02 2022.4175 59732 2212 4 141.4 -69 -0.331932 4517751 -0.239575 49 0.300498 0.0000 0.000767 0.001026 0.003402 0.020621 0.049118 -0.156155 40.7944877477 -218.6008215076 49.30050
S062 22JUN03 2022.4203 59733 2212 5 141.4 -69 -0.332949 4517751 -0.240261 49 0.296093 0.0000 0.000821 0.001020 0.003527 -0.031073 0.046681 -0.193818 40.7944877415 -218.6008215196 49.29609
S062 22JUN04 2022.4230 59734 2212 6 141.4 -69 -0.332285 4517751 -0.239522 49 0.302821 0.0000 0.000790 0.001010 0.003618 -0.055657 0.117474 -0.096993 40.7944877482 -218.6008215118 49.30282
S062 22JUN05 2022.4257 59735 2213 0 141.4 -69 -0.333273 4517751 -0.241642 49 0.303455 0.0000 0.000794 0.001008 0.003465 -0.053074 0.169163 -0.139467 40.7944877291 -218.6008215235 49.30346
S062 22JUN06 2022.4285 59736 2213 1 141.4 -69 -0.332388 4517751 -0.240063 49 0.303124 0.0000 0.000759 0.000972 0.003344 -0.016171 0.072059 -0.164411 40.7944877433 -218.6008215130 49.30312
S062 22JUN07 2022.4312 59737 2213 2 141.4 -69 -0.333478 4517751 -0.240620 49 0.299493 0.0000 0.000751 0.000942 0.003185 -0.043729 0.042585 -0.108485 40.7944877383 -218.6008215259 49.29949
S062 22JUN08 2022.4339 59738 2213 3 141.4 -69 -0.332709 4517751 -0.240443 49 0.302727 0.0000 0.000775 0.000967 0.003317 -0.068993 0.125991 -0.037346 40.7944877399 -218.6008215168 49.30273
S062 22JUN09 2022.4367 59739 2213 4 141.4 -69 -0.333625 4517751 -0.239016 49 0.297710 0.0000 0.000793 0.001030 0.003372 -0.062387 0.098015 -0.167878 40.7944877527 -218.6008215276 49.29771
S062 22JUN10 2022.4394 59740 2213 5 141.4 -69 -0.333951 4517751 -0.240937 49 0.298958 0.0000 0.000798 0.001060 0.003590 -0.058988 0.087469 -0.136347 40.7944877354 -218.6008215315 49.29896
S062 22JUN11 2022.4422 59741 2213 6 141.4 -69 -0.333068 4517751 -0.239813 49 0.298912 0.0000 0.000753 0.000971 0.003317 -0.022399 0.124372 -0.152327 40.7944877455 -218.6008215211 49.29891
S062 22JUN12 2022.4449 59742 2214 0 141.4 -69 -0.333498 4517751 -0.239798 49 0.299261 0.0000 0.000794 0.001069 0.003570 -0.045508 0.058871 -0.188568 40.7944877457 -218.6008215261 49.29926
S062 22JUN13 2022.4476 59743 2214 1 141.4 -69 -0.334101 4517751 -0.239270 49 0.299115 0.0000 0.000736 0.000975 0.003148 -0.042124 0.078929 -0.157909 40.7944877504 -218.6008215333 49.29911
S062 22JUN14 2022.4504 59744 2214 2 141.4 -69 -0.334049 4517751 -0.239952 49 0.298717 0.0000 0.000761 0.000983 0.003388 -0.031433 0.099789 -0.128797 40.7944877443 -218.6008215327 49.29872
S062 22JUN15 2022.4531 59745 2214 3 141.4 -69 -0.333203 4517751 -0.239693 49 0.305015 0.0000 0.000767 0.000992 0.003471 -0.036094 0.029957 -0.214408 40.7944877466 -218.6008215227 49.30501
S062 22JUN16 2022.4559 59746 2214 4 141.4 -69 -0.334454 4517751 -0.243117 49 0.302585 0.0000 0.000741 0.000941 0.003214 -0.042238 0.092126 -0.187054 40.7944877158 -218.6008215375 49.30258
S062 22JUN17 2022.4586 59747 2214 5 141.4 -69 -0.333302 4517751 -0.239903 49 0.300494 0.0000 0.000779 0.001002 0.003389 -0.026554 0.085084 -0.128969 40.7944877447 -218.6008215238 49.30049
S062 22JUN18 2022.4613 59748 2214 6 141.4 -69 -0.333060 4517751 -0.239993 49 0.305439 0.0000 0.000755 0.000957 0.003303 -0.044557 -0.001887 -0.220439 40.7944877439 -218.6008215210 49.30544
S062 22JUN19 2022.4641 59749 2215 0 141.4 -69 -0.331998 4517751 -0.239871 49 0.305681 0.0000 0.000797 0.001053 0.003570 -0.067070 0.095256 -0.099245 40.7944877450 -218.6008215084 49.30568
S062 22JUN20 2022.4668 59750 2215 1 141.4 -69 -0.332545 4517751 -0.237445 49 0.306287 0.0000 0.000776 0.001035 0.003441 -0.063285 0.055146 -0.108349 40.7944877669 -218.6008215149 49.30629
S062 22JUN21 2022.4695 59751 2215 2 141.4 -69 -0.330857 4517751 -0.240443 49 0.301773 0.0000 0.000800 0.001029 0.003627 -0.018451 0.079479 -0.156318 40.7944877399 -218.6008214949 49.30177
S062 22JUN22 2022.4723 59752 2215 3 141.4 -69 -0.331654 4517751 -0.239150 49 0.304210 0.0000 0.000761 0.000965 0.003376 -0.061128 0.134111 -0.149891 40.7944877515 -218.6008215043 49.30421
S062 22JUN23 2022.4750 59753 2215 4 141.4 -69 -0.331531 4517751 -0.239301 49 0.305418 0.0000 0.000749 0.000959 0.003224 -0.062150 0.044143 -0.116143 40.7944877501 -218.6008215028 49.30542
S062 22JUN24 2022.4778 59754 2215 5 141.4 -69 -0.334359 4517751 -0.237242 49 0.299822 0.0000 0.000857 0.001083 0.003813 -0.081330 0.070735 -0.125533 40.7944877687 -218.6008215363 49.29982
S062 22JUN25 2022.4805 59755 2215 6 141.4 -69 -0.334345 4517751 -0.237380 49 0.308156 0.0000 0.000814 0.001030 0.003654 -0.094375 0.114418 -0.169119 40.7944877674 -218.6008215362 49.30816
S062 22JUN26 2022.4832 59756 2216 0 141.4 -69 -0.332752 4517751 -0.238919 49 0.321428 0.0000 0.000800 0.001028 0.003591 -0.126511 0.056106 -0.087122 40.7944877536 -218.6008215173 49.32143
S062 22JUN27 2022.4860 59757 2216 1 141.4 -69 -0.331478 4517751 -0.239235 49 0.312488 0.0000 0.000825 0.001072 0.003636 -0.079765 0.092893 -0.121641 40.7944877507 -218.6008215022 49.31249
S062 22JUN28 2022.4887 59758 2216 2 141.4 -69 -0.331358 4517751 -0.241269 49 0.315216 0.0000 0.000788 0.000987 0.003450 -0.066726 0.168889 -0.167163 40.7944877324 -218.6008215008 49.31522
S062 22JUN29 2022.4914 59759 2216 3 141.4 -69 -0.327655 4517751 -0.240905 49 0.306032 0.0000 0.000773 0.000980 0.003396 -0.057673 0.101905 -0.183666 40.7944877357 -218.6008214569 49.30603
S062 22JUN30 2022.4942 59760 2216 4 141.4 -69 -0.332064 4517751 -0.240226 49 0.303258 0.0000 0.000825 0.001063 0.003534 0.016156 -0.003719 -0.093892 40.7944877418 -218.6008215092 49.30326
S062 22JUL01 2022.4969 59761 2216 5 141.4 -69 -0.332321 4517751 -0.239925 49 0.304070 0.0000 0.000782 0.001014 0.003554 -0.060735 0.073010 -0.170447 40.7944877445 -218.6008215122 49.30407
S062 22JUL02 2022.4997 59762 2216 6 141.4 -69 -0.332108 4517751 -0.241978 49 0.311632 0.0000 0.000729 0.000943 0.003118 -0.024260 0.080213 -0.141654 40.7944877260 -218.6008215097 49.31163
S062 22JUL03 2022.5024 59763 2217 0 141.4 -69 -0.330163 4517751 -0.238324 49 0.306810 0.0000 0.000823 0.001059 0.003622 -0.029708 0.097736 -0.154332 40.7944877590 -218.6008214866 49.30681
S062 22JUL04 2022.5051 59764 2217 1 141.4 -69 -0.331738 4517751 -0.237331 49 0.309573 0.0000 0.000869 0.001176 0.004028 -0.026789 0.081218 -0.123173 40.7944877679 -218.6008215053 49.30957
S062 22JUL05 2022.5079 59765 2217 2 141.4 -69 -0.331733 4517751 -0.239589 49 0.311001 0.0000 0.000803 0.001059 0.003566 -0.030937 0.112579 -0.183979 40.7944877476 -218.6008215052 49.31100
S062 22JUL06 2022.5106 59766 2217 3 141.4 -69 -0.332279 4517751 -0.240962 49 0.303295 0.0000 0.000754 0.001003 0.003414 -0.042125 0.088426 -0.183237 40.7944877352 -218.6008215117 49.30329
S062 22JUL07 2022.5133 59767 2217 4 141.4 -69 -0.331763 4517751 -0.241080 49 0.306488 0.0000 0.000742 0.000964 0.003279 -0.031754 0.070038 -0.211668 40.7944877341 -218.6008215056 49.30649
S062 22JUL08 2022.5161 59768 2217 5 141.4 -69 -0.331718 4517751 -0.241026 49 0.302884 0.0000 0.000814 0.000968 0.003469 -0.077285 0.093566 -0.171319 40.7944877346 -218.6008215051 49.30288
S062 22JUL09 2022.5188 59769 2217 6 141.4 -69 -0.330770 4517751 -0.241669 49 0.309460 0.0000 0.000800 0.001003 0.003492 -0.034440 0.106201 -0.171489 40.7944877288 -218.6008214938 49.30946
S062 22JUL10 2022.5216 59770 2218 0 141.4 -69 -0.332248 4517751 -0.240283 49 0.303879 0.0000 0.000824 0.001051 0.003736 -0.040628 0.119309 -0.238737 40.7944877413 -218.6008215113 49.30388
S062 22JUL11 2022.5243 59771 2218 1 141.4 -69 -0.334128 4517751 -0.241876 49 0.308568 0.0000 0.000775 0.001031 0.003486 -0.047942 0.091890 -0.191458 40.7944877270 -218.6008215336 49.30857
S062 22JUL12 2022.5270 59772 2218 2 141.4 -69 -0.333445 4517751 -0.240344 49 0.310298 0.0000 0.000764 0.000979 0.003334 -0.063890 0.084260 -0.185920 40.7944877408 -218.6008215255 49.31030
S062 22JUL13 2022.5298 59773 2218 3 141.4 -69 -0.333029 4517751 -0.240933 49 0.302605 0.0000 0.000759 0.000985 0.003367 -0.054277 0.151101 -0.192959 40.7944877355 -218.6008215206 49.30260
S062 22JUL14 2022.5325 59774 2218 4 141.4 -69 -0.333175 4517751 -0.240092 49 0.303825 0.0000 0.000806 0.001036 0.003709 -0.053108 0.153314 -0.184637 40.7944877430 -218.6008215223 49.30383
S062 22JUL15 2022.5352 59775 2218 5 141.4 -69 -0.333581 4517751 -0.239531 49 0.310059 0.0000 0.000780 0.001017 0.003464 -0.065847 0.134408 -0.142538 40.7944877481 -218.6008215271 49.31006
S062 22JUL16 2022.5380 59776 2218 6 141.4 -69 -0.331993 4517751 -0.240693 49 0.308584 0.0000 0.000747 0.000951 0.003248 -0.036653 0.095313 -0.209936 40.7944877376 -218.6008215083 49.30858
S062 22JUL17 2022.5407 59777 2219 0 141.4 -69 -0.330358 4517751 -0.239399 49 0.305345 0.0000 0.000760 0.000966 0.003425 -0.046084 0.097854 -0.199093 40.7944877493 -218.6008214889 49.30534
S062 22JUL18 2022.5435 59778 2219 1 141.4 -69 -0.331638 4517751 -0.241106 49 0.314280 0.0000 0.000774 0.001029 0.003491 -0.047330 0.065488 -0.103055 40.7944877339 -218.6008215041 49.31428
S062 22JUL19 2022.5462 59779 2219 2 141.4 -69 -0.330143 4517751 -0.238605 49 0.301925 0.0000 0.000780 0.001023 0.003511 -0.043023 0.111069 -0.133412 40.7944877564 -218.6008214864 49.30193
S062 22JUL20 2022.5489 59780 2219 3 141.4 -69 -0.330176 4517751 -0.241699 49 0.305200 0.0000 0.000757 0.000971 0.003297 -0.044720 0.074831 -0.135479 40.7944877286 -218.6008214868 49.30520
S062 22JUL21 2022.5517 59781 2219 4 141.4 -69 -0.329665 4517751 -0.240959 49 0.308364 0.0000 0.000814 0.001037 0.003536 -0.035760 0.082052 -0.177557 40.7944877352 -218.6008214807 49.30836
S062 22JUL22 2022.5544 59782 2219 5 141.4 -69 -0.328878 4517751 -0.240010 49 0.301894 0.0000 0.000819 0.001057 0.003644 -0.017796 0.063342 -0.154355 40.7944877438 -218.6008214714 49.30189
S062 22JUL23 2022.5572 59783 2219 6 141.4 -69 -0.330534 4517751 -0.237704 49 0.304798 0.0000 0.000775 0.000993 0.003406 -0.057128 0.120029 -0.150123 40.7944877645 -218.6008214910 49.30480
S062 22JUL24 2022.5599 59784 2220 0 141.4 -69 -0.330090 4517751 -0.240619 49 0.311221 0.0000 0.000833 0.001056 0.003659 -0.076570 0.072688 -0.126531 40.7944877383 -218.6008214858 49.31122
S062 22JUL25 2022.5626 59785 2220 1 141.4 -69 -0.330989 4517751 -0.240731 49 0.305146 0.0000 0.000784 0.000980 0.003368 -0.040848 0.051944 -0.149295 40.7944877373 -218.6008214964 49.30515
S062 22JUL26 2022.5654 59786 2220 2 141.4 -69 -0.330280 4517751 -0.239238 49 0.304712 0.0000 0.000776 0.000998 0.003405 -0.017409 0.132945 -0.140883 40.7944877507 -218.6008214880 49.30471
S062 22JUL27 2022.5681 59787 2220 3 141.4 -69 -0.330055 4517751 -0.242610 49 0.310206 0.0000 0.000816 0.001076 0.003631 -0.029643 0.069472 -0.124649 40.7944877204 -218.6008214853 49.31021
S062 22JUL28 2022.5708 59788 2220 4 141.4 -69 -0.328832 4517751 -0.239976 49 0.309560 0.0000 0.000822 0.001091 0.003596 -0.082156 0.114496 -0.038486 40.7944877441 -218.6008214709 49.30956
S062 22JUL29 2022.5736 59789 2220 5 141.4 -69 -0.330179 4517751 -0.240537 49 0.305787 0.0000 0.000855 0.001105 0.003862 -0.065975 0.150444 -0.064320 40.7944877390 -218.6008214868 49.30579
S062 22JUL30 2022.5763 59790 2220 6 141.4 -69 -0.329292 4517751 -0.242476 49 0.307261 0.0000 0.000783 0.000986 0.003399 -0.038188 0.088144 -0.139355 40.7944877216 -218.6008214763 49.30726
S062 22JUL31 2022.5791 59791 2221 0 141.4 -69 -0.331557 4517751 -0.241410 49 0.305155 0.0000 0.000823 0.001085 0.003670 -0.043608 0.002689 -0.122660 40.7944877312 -218.6008215031 49.30515
S062 22AUG01 2022.5818 59792 2221 1 141.4 -69 -0.329261 4517751 -0.242696 49 0.314468 0.0000 0.000796 0.001023 0.003491 -0.066302 0.090724 -0.173064 40.7944877196 -218.6008214759 49.31447
S062 22AUG02 2022.5845 59793 2221 2 141.4 -69 -0.329904 4517751 -0.242918 49 0.318081 0.0000 0.000886 0.001175 0.004059 0.013382 -0.014857 -0.172735 40.7944877176 -218.6008214836 49.31808
S062 22AUG03 2022.5873 59794 2221 3 141.4 -69 -0.329259 4517751 -0.240831 49 0.304211 0.0000 0.000772 0.001008 0.003514 -0.043465 0.032796 -0.198596 40.7944877364 -218.6008214759 49.30421
S062 22AUG04 2022.5900 59795 2221 4 141.4 -69 -0.330325 4517751 -0.240499 49 0.306432 0.0000 0.000823 0.001121 0.003689 0.038391 0.023046 -0.210640 40.7944877394 -218.6008214885 49.30643
S062 22AUG05 2022.5927 59796 2221 5 141.4 -69 -0.328287 4517751 -0.241674 49 0.307708 0.0000 0.000754 0.000955 0.003184 -0.069868 0.141445 -0.166348 40.7944877288 -218.6008214644 49.30771
S062 22AUG06 2022.5955 59797 2221 6 141.4 -69 -0.327256 4517751 -0.242606 49 0.307131 0.0000 0.000775 0.000976 0.003410 -0.083492 0.150173 -0.184659 40.7944877204 -218.6008214522 49.30713
S062 22AUG07 2022.5982 59798 2222 0 141.4 -69 -0.329592 4517751 -0.242763 49 0.303761 0.0000 0.000745 0.000983 0.003314 -0.072524 0.040852 -0.203166 40.7944877190 -218.6008214799 49.30376
S062 22AUG08 2022.6010 59799 2222 1 141.4 -69 -0.329500 4517751 -0.243018 49 0.306795 0.0000 0.000751 0.000988 0.003403 -0.017895 0.058875 -0.169759 40.7944877167 -218.6008214788 49.30679
S062 22AUG09 2022.6037 59800 2222 2 141.4 -69 -0.327371 4517751 -0.237864 49 0.309161 0.0000 0.000795 0.001045 0.003666 -0.046747 0.054430 -0.205267 40.7944877631 -218.6008214536 49.30916
S062 22AUG10 2022.6064 59801 2222 3 141.4 -69 -0.328519 4517751 -0.241651 49 0.302568 0.0000 0.000769 0.000970 0.003385 -0.069096 0.122061 -0.160925 40.7944877290 -218.6008214672 49.30257
S062 22AUG11 2022.6092 59802 2222 4 141.4 -69 -0.329710 4517751 -0.239977 49 0.298295 0.0000 0.000788 0.001017 0.003554 -0.069453 0.150980 -0.139605 40.7944877441 -218.6008214813 49.29829
S062 22AUG12 2022.6119 59803 2222 5 141.4 -69 -0.329373 4517751 -0.236784 49 0.305400 0.0000 0.000816 0.001101 0.003813 -0.084170 0.084240 -0.157768 40.7944877728 -218.6008214773 49.30540
S062 22AUG13 2022.6146 59804 2222 6 141.4 -69 -0.328463 4517751 -0.241833 49 0.307717 0.0000 0.000777 0.000990 0.003435 -0.064815 0.097064 -0.138575 40.7944877274 -218.6008214665 49.30772
S062 22AUG14 2022.6174 59805 2223 0 141.4 -69 -0.326405 4517751 -0.242416 49 0.304600 0.0000 0.000748 0.000963 0.003333 -0.057558 0.082162 -0.195672 40.7944877221 -218.6008214421 49.30460
S062 22AUG15 2022.6201 59806 2223 1 141.4 -69 -0.329101 4517751 -0.240019 49 0.304433 0.0000 0.000776 0.001015 0.003484 -0.033949 0.086665 -0.100614 40.7944877437 -218.6008214741 49.30443
S062 22AUG16 2022.6229 59807 2223 2 141.4 -69 -0.326086 4517751 -0.240134 49 0.304380 0.0000 0.000798 0.001008 0.003564 -0.097811 0.069055 -0.164776 40.7944877426 -218.6008214383 49.30438
S062 22AUG17 2022.6256 59808 2223 3 141.4 -69 -0.327942 4517751 -0.244335 49 0.312676 0.0000 0.000779 0.000987 0.003390 -0.074391 0.032882 -0.120431 40.7944877048 -218.6008214603 49.31268
S062 22AUG18 2022.6283 59809 2223 4 141.4 -69 -0.327268 4517751 -0.240948 49 0.313405 0.0000 0.000761 0.000974 0.003378 -0.075976 0.080197 -0.151467 40.7944877353 -218.6008214523 49.31341
S062 22AUG19 2022.6311 59810 2223 5 141.4 -69 -0.329389 4517751 -0.241999 49 0.314796 0.0000 0.000770 0.000991 0.003380 -0.060383 0.100559 -0.165765 40.7944877259 -218.6008214775 49.31480
S062 22AUG20 2022.6338 59811 2223 6 141.4 -69 -0.328094 4517751 -0.241641 49 0.301181 0.0000 0.000768 0.000988 0.003426 -0.047534 0.142331 -0.153686 40.7944877291 -218.6008214621 49.30118
S062 22AUG21 2022.6366 59812 2224 0 141.4 -69 -0.327937 4517751 -0.243550 49 0.308977 0.0000 0.000761 0.000970 0.003422 -0.041131 0.054492 -0.197317 40.7944877119 -218.6008214603 49.30898
S062 22AUG22 2022.6393 59813 2224 1 141.4 -69 -0.328015 4517751 -0.244273 49 0.310596 0.0000 0.000798 0.001047 0.003653 -0.045113 0.075224 -0.150923 40.7944877054 -218.6008214612 49.31060
S062 22AUG23 2022.6420 59814 2224 2 141.4 -69 -0.327054 4517751 -0.244758 49 0.306791 0.0000 0.000810 0.001057 0.003678 -0.120554 0.103334 -0.173481 40.7944877010 -218.6008214498 49.30679
S062 22AUG24 2022.6448 59815 2224 3 141.4 -69 -0.327489 4517751 -0.239712 49 0.302256 0.0000 0.000758 0.000971 0.003318 -0.062876 0.099028 -0.199903 40.7944877465 -218.6008214549 49.30226
S062 22AUG25 2022.6475 59816 2224 4 141.4 -69 -0.327908 4517751 -0.244916 49 0.302272 0.0000 0.000726 0.000949 0.003264 -0.071563 0.091786 -0.187100 40.7944876996 -218.6008214599 49.30227
S062 22AUG26 2022.6502 59817 2224 5 141.4 -69 -0.327562 4517751 -0.243986 49 0.309768 0.0000 0.000748 0.000951 0.003275 -0.061927 0.049752 -0.154394 40.7944877080 -218.6008214558 49.30977
S062 22AUG27 2022.6530 59818 2224 6 141.4 -69 -0.329740 4517751 -0.243450 49 0.305121 0.0000 0.000717 0.000910 0.003079 -0.073376 0.118960 -0.129083 40.7944877128 -218.6008214816 49.30512
S062 22AUG28 2022.6557 59819 2225 0 141.4 -69 -0.328925 4517751 -0.244214 49 0.305636 0.0000 0.000734 0.000939 0.003139 -0.088512 0.033870 -0.171593 40.7944877059 -218.6008214720 49.30564
S062 22AUG29 2022.6585 59820 2225 1 141.4 -69 -0.327378 4517751 -0.243389 49 0.307458 0.0000 0.000777 0.000985 0.003282 -0.060259 0.104187 -0.111585 40.7944877133 -218.6008214536 49.30746
S062 22AUG30 2022.6612 59821 2225 2 141.4 -69 -0.327324 4517751 -0.244063 49 0.311273 0.0000 0.000735 0.000952 0.003290 -0.047987 0.073026 -0.128744 40.7944877073 -218.6008214530 49.31127
S062 22AUG31 2022.6639 59822 2225 3 141.4 -69 -0.328322 4517751 -0.241785 49 0.307512 0.0000 0.000758 0.001004 0.003374 -0.021484 0.069349 -0.136543 40.7944877278 -218.6008214648 49.30751
S062 22SEP01 2022.6667 59823 2225 4 141.4 -69 -0.327783 4517751 -0.243060 49 0.310104 0.0000 0.000738 0.000940 0.003224 -0.089190 0.090738 -0.133149 40.7944877163 -218.6008214584 49.31010
S062 22SEP02 2022.6694 59824 2225 5 141.4 -69 -0.327113 4517751 -0.241601 49 0.308221 0.0000 0.000729 0.000936 0.003209 -0.056129 0.074377 -0.143485 40.7944877294 -218.6008214505 49.30822
S062 22SEP03 2022.6721 59825 2225 6 141.4 -69 -0.326484 4517751 -0.244218 49 0.310369 0.0000 0.000730 0.000940 0.003195 -0.039524 0.057933 -0.153893 40.7944877059 -218.6008214430 49.31037
S062 22SEP04 2022.6749 59826 2226 0 141.4 -69 -0.326935 4517751 -0.243893 49 0.305366 0.0000 0.000702 0.000924 0.003100 -0.039219 0.081484 -0.133978 40.7944877088 -218.6008214484 49.30537
S062 22SEP05 2022.6776 59827 2226 1 141.4 -69 -0.326769 4517751 -0.243283 49 0.301065 0.0000 0.000706 0.000915 0.003032 -0.070395 0.081529 -0.135709 40.7944877143 -218.6008214464 49.30107
S062 22SEP06 2022.6804 59828 2226 2 141.4 -69 -0.330652 4517751 -0.244070 49 0.305545 0.0000 0.000750 0.000956 0.003334 -0.062555 0.080716 -0.210479 40.7944877072 -218.6008214924 49.30554
S062 22SEP07 2022.6831 59829 2226 3 141.4 -69 -0.329551 4517751 -0.244159 49 0.295324 0.0000 0.000713 0.000902 0.003056 -0.084096 0.129482 -0.129322 40.7944877064 -218.6008214794 49.29532
S062 22SEP08 2022.6858 59830 2226 4 141.4 -69 -0.327826 4517751 -0.246083 49 0.301171 0.0000 0.000751 0.000962 0.003267 -0.078036 0.041053 -0.133016 40.7944876891 -218.6008214589 49.30117
S062 22SEP09 2022.6886 59831 2226 5 141.4 -69 -0.327647 4517751 -0.244403 49 0.303885 0.0000 0.000731 0.000958 0.003257 -0.046511 0.095361 -0.184612 40.7944877042 -218.6008214568 49.30389
S062 22SEP10 2022.6913 59832 2226 6 141.4 -69 -0.327679 4517751 -0.246536 49 0.310021 0.0000 0.000723 0.000954 0.003209 -0.023277 0.081512 -0.176491 40.7944876850 -218.6008214572 49.31002
S062 22SEP11 2022.6940 59833 2227 0 141.4 -69 -0.325907 4517751 -0.244747 49 0.303985 0.0000 0.000712 0.000939 0.003122 -0.026329 0.082570 -0.156440 40.7944877011 -218.6008214362 49.30399
S062 22SEP12 2022.6968 59834 2227 1 141.4 -69 -0.326241 4517751 -0.245459 49 0.301958 0.0000 0.000717 0.000935 0.003132 -0.048500 0.067794 -0.209419 40.7944876947 -218.6008214402 49.30196
S062 22SEP13 2022.6995 59835 2227 2 141.4 -69 -0.326824 4517751 -0.244228 49 0.308210 0.0000 0.000737 0.000980 0.003251 -0.066228 0.097381 -0.178459 40.7944877058 -218.6008214471 49.30821
S062 22SEP14 2022.7023 59836 2227 3 141.4 -69 -0.326081 4517751 -0.244267 49 0.302390 0.0000 0.000741 0.000980 0.003303 -0.043845 0.061711 -0.209427 40.7944877054 -218.6008214383 49.30239
S062 22SEP15 2022.7050 59837 2227 4 141.4 -69 -0.326061 4517751 -0.244714 49 0.301306 0.0000 0.000732 0.000947 0.003182 -0.025906 0.042528 -0.171298 40.7944877014 -218.6008214380 49.30131
S062 22SEP16 2022.7077 59838 2227 5 141.4 -69 -0.325870 4517751 -0.244286 49 0.308814 0.0000 0.000718 0.000988 0.003253 -0.036261 0.032576 -0.212533 40.7944877053 -218.6008214358 49.30881
S062 22SEP17 2022.7105 59839 2227 6 141.4 -69 -0.326331 4517751 -0.244723 49 0.304668 0.0000 0.000713 0.000942 0.003116 -0.035516 0.090690 -0.160229 40.7944877013 -218.6008214412 49.30467
S062 22SEP18 2022.7132 59840 2228 0 141.4 -69 -0.325566 4517751 -0.244948 49 0.304637 0.0000 0.000733 0.000938 0.003217 -0.072890 0.104318 -0.137598 40.7944876993 -218.6008214322 49.30464
S062 22SEP19 2022.7159 59841 2228 1 141.4 -69 -0.325212 4517751 -0.247307 49 0.310875 0.0000 0.000739 0.000957 0.003276 -0.082551 0.100336 -0.118727 40.7944876781 -218.6008214280 49.31088
S062 22SEP20 2022.7187 59842 2228 2 141.4 -69 -0.324279 4517751 -0.244806 49 0.301596 0.0000 0.000718 0.000932 0.003172 -0.070484 0.070520 -0.168797 40.7944877006 -218.6008214169 49.30160
S062 22SEP21 2022.7214 59843 2228 3 141.4 -69 -0.326137 4517751 -0.246811 49 0.299275 0.0000 0.000722 0.000945 0.003182 -0.065735 0.104730 -0.180589 40.7944876825 -218.6008214389 49.29927
S062 22SEP22 2022.7242 59844 2228 4 141.4 -69 -0.325173 4517751 -0.246210 49 0.300177 0.0000 0.000732 0.000955 0.003206 -0.108694 0.165653 -0.133271 40.7944876879 -218.6008214275 49.30018
S062 22SEP23 2022.7269 59845 2228 5 141.4 -69 -0.324406 4517751 -0.246702 49 0.300760 0.0000 0.000746 0.000941 0.003284 -0.107035 0.178924 -0.167123 40.7944876835 -218.6008214184 49.30076
S062 22SEP24 2022.7296 59846 2228 6 141.4 -69 -0.325171 4517751 -0.246825 49 0.294914 0.0000 0.000736 0.000949 0.003283 -0.066866 0.084445 -0.185320 40.7944876824 -218.6008214275 49.29491
S062 22SEP25 2022.7324 59847 2229 0 141.4 -69 -0.324893 4517751 -0.245838 49 0.303971 0.0000 0.000723 0.000930 0.003207 -0.050096 0.074505 -0.219869 40.7944876913 -218.6008214242 49.30397
S062 22SEP26 2022.7351 59848 2229 1 141.4 -69 -0.324891 4517751 -0.247431 49 0.305056 0.0000 0.000708 0.000932 0.003157 -0.031411 0.089310 -0.205792 40.7944876769 -218.6008214242 49.30506
S062 22SEP27 2022.7379 59849 2229 2 141.4 -69 -0.324935 4517751 -0.247134 49 0.303226 0.0000 0.000716 0.000913 0.003104 -0.056448 0.076419 -0.169894 40.7944876796 -218.6008214247 49.30323
S062 22SEP28 2022.7406 59850 2229 3 141.4 -69 -0.323936 4517751 -0.246828 49 0.301994 0.0000 0.000718 0.000932 0.003160 -0.068392 0.130308 -0.177992 40.7944876824 -218.6008214128 49.30199
S062 22SEP29 2022.7433 59851 2229 4 141.4 -69 -0.323541 4517751 -0.244594 49 0.294933 0.0000 0.000736 0.000977 0.003218 -0.109327 0.149913 -0.173209 40.7944877025 -218.6008214082 49.29493
S062 22SEP30 2022.7461 59852 2229 5 141.4 -69 -0.325355 4517751 -0.247812 49 0.299604 0.0000 0.000742 0.000948 0.003214 -0.084866 0.135425 -0.179498 40.7944876735 -218.6008214297 49.29960
S062 22OCT01 2022.7488 59853 2229 6 141.4 -69 -0.325169 4517751 -0.246033 49 0.299351 0.0000 0.000702 0.000914 0.003120 -0.060502 0.129428 -0.181943 40.7944876895 -218.6008214275 49.29935
S062 22OCT02 2022.7515 59854 2230 0 141.4 -69 -0.324880 4517751 -0.246858 49 0.298101 0.0000 0.000739 0.000949 0.003313 -0.051813 0.116156 -0.190606 40.7944876821 -218.6008214240 49.29810
S062 22OCT03 2022.7543 59855 2230 1 141.4 -69 -0.325334 4517751 -0.245329 49 0.295318 0.0000 0.000747 0.000947 0.003329 -0.059873 0.176077 -0.180533 40.7944876959 -218.6008214294 49.29532
S062 22OCT04 2022.7570 59856 2230 2 141.4 -69 -0.324686 4517751 -0.246218 49 0.300843 0.0000 0.000731 0.000926 0.003230 -0.069925 0.112528 -0.149364 40.7944876879 -218.6008214217 49.30084
S062 22OCT05 2022.7598 59857 2230 3 141.4 -69 -0.325445 4517751 -0.246733 49 0.298977 0.0000 0.000718 0.000927 0.003177 -0.077413 0.108830 -0.223567 40.7944876832 -218.6008214307 49.29898
S062 22OCT06 2022.7625 59858 2230 4 141.4 -69 -0.322861 4517751 -0.245169 49 0.293770 0.0000 0.000729 0.000959 0.003256 -0.082445 0.133690 -0.180840 40.7944876973 -218.6008214001 49.29377
S062 22OCT07 2022.7652 59859 2230 5 141.4 -69 -0.323961 4517751 -0.247225 49 0.302953 0.0000 0.000733 0.000973 0.003295 -0.073370 0.121702 -0.158358 40.7944876788 -218.6008214131 49.30295
S062 22OCT08 2022.7680 59860 2230 6 141.4 -69 -0.323859 4517751 -0.248526 49 0.296740 0.0000 0.000724 0.000920 0.003212 -0.064891 0.167887 -0.197671 40.7944876671 -218.6008214119 49.29674
S062 22OCT09 2022.7707 59861 2231 0 141.4 -69 -0.325412 4517751 -0.247006 49 0.301456 0.0000 0.000730 0.000930 0.003168 -0.099509 0.123004 -0.166270 40.7944876808 -218.6008214303 49.30146
S062 22OCT10 2022.7734 59862 2231 1 141.4 -69 -0.322378 4517751 -0.246306 49 0.310494 0.0000 0.000745 0.000947 0.003241 -0.099761 0.132716 -0.124350 40.7944876871 -218.6008213944 49.31049
S062 22OCT11 2022.7762 59863 2231 2 141.4 -69 -0.323591 4517751 -0.242075 49 0.298607 0.0000 0.000750 0.000962 0.003350 -0.075410 0.113871 -0.142536 40.7944877252 -218.6008214088 49.29861
S062 22OCT12 2022.7789 59864 2231 3 141.4 -69 -0.324418 4517751 -0.248026 49 0.295802 0.0000 0.000733 0.000969 0.003256 -0.035108 0.052888 -0.206672 40.7944876716 -218.6008214186 49.29580
S062 22OCT13 2022.7817 59865 2231 4 141.4 -69 -0.322863 4517751 -0.248306 49 0.299576 0.0000 0.000720 0.000969 0.003195 -0.063090 0.075890 -0.164630 40.7944876691 -218.6008214001 49.29958
S062 22OCT14 2022.7844 59866 2231 5 141.4 -69 -0.322758 4517751 -0.247878 49 0.294366 0.0000 0.000730 0.000932 0.003213 -0.065390 0.127479 -0.151029 40.7944876729 -218.6008213989 49.29437
S062 22OCT15 2022.7871 59867 2231 6 141.4 -69 -0.323732 4517751 -0.248854 49 0.299442 0.0000 0.000700 0.000914 0.003084 -0.033597 0.058822 -0.173233 40.7944876641 -218.6008214104 49.29944
S062 22OCT16 2022.7899 59868 2232 0 141.4 -69 -0.323770 4517751 -0.249822 49 0.300151 0.0000 0.000724 0.000944 0.003177 -0.053295 0.075502 -0.114515 40.7944876554 -218.6008214109 49.30015
S062 22OCT17 2022.7926 59869 2232 1 141.4 -69 -0.323797 4517751 -0.248095 49 0.306017 0.0000 0.000739 0.000940 0.003220 -0.052518 0.081054 -0.166328 40.7944876710 -218.6008214112 49.30602
S062 22OCT18 2022.7953 59870 2232 2 141.4 -69 -0.323439 4517751 -0.247460 49 0.301764 0.0000 0.000772 0.000983 0.003368 -0.016045 0.082014 -0.184618 40.7944876767 -218.6008214070 49.30176
S062 22OCT19 2022.7981 59871 2232 3 141.4 -69 -0.323194 4517751 -0.248001 49 0.302625 0.0000 0.000781 0.001027 0.003434 -0.014796 0.020359 -0.229176 40.7944876718 -218.6008214041 49.30262
S062 22OCT20 2022.8008 59872 2232 4 141.4 -69 -0.319837 4517751 -0.246566 49 0.296540 0.0000 0.000743 0.000971 0.003336 -0.035051 0.068586 -0.196070 40.7944876847 -218.6008213643 49.29654
S062 22OCT21 2022.8036 59873 2232 5 141.4 -69 -0.322276 4517751 -0.250423 49 0.301531 0.0000 0.000722 0.000960 0.003244 -0.059956 0.100722 -0.183111 40.7944876500 -218.6008213932 49.30153
S062 22OCT22 2022.8063 59874 2232 6 141.4 -69 -0.321140 4517751 -0.248922 49 0.295607 0.0000 0.000728 0.000967 0.003265 -0.059805 0.091524 -0.179822 40.7944876635 -218.6008213797 49.29561
S062 22OCT24 2022.8118 59876 2233 1 141.4 -69 -0.324506 4517751 -0.250613 49 0.303758 0.0000 0.000740 0.000958 0.003275 -0.036073 0.034434 -0.194353 40.7944876483 -218.6008214196 49.30376
S062 22OCT25 2022.8145 59877 2233 2 141.4 -69 -0.323225 4517751 -0.250746 49 0.293895 0.0000 0.000712 0.000944 0.003137 -0.030797 0.070719 -0.168475 40.7944876471 -218.6008214044 49.29389
S062 22OCT26 2022.8172 59878 2233 3 141.4 -69 -0.322823 4517751 -0.251103 49 0.291948 0.0000 0.000762 0.000996 0.003321 -0.056286 0.091976 -0.155271 40.7944876439 -218.6008213997 49.29195
S062 22OCT27 2022.8200 59879 2233 4 141.4 -69 -0.324111 4517751 -0.251863 49 0.294516 0.0000 0.000751 0.001000 0.003373 -0.034128 0.091869 -0.181395 40.7944876370 -218.6008214149 49.29452
S062 22OCT28 2022.8227 59880 2233 5 141.4 -69 -0.324802 4517751 -0.248589 49 0.300334 0.0000 0.000752 0.000987 0.003341 -0.003828 0.046416 -0.202305 40.7944876665 -218.6008214231 49.30033
S062 22OCT29 2022.8255 59881 2233 6 141.4 -69 -0.324818 4517751 -0.251620 49 0.297017 0.0000 0.000739 0.000966 0.003346 -0.022894 0.145397 -0.203235 40.7944876392 -218.6008214233 49.29702
S062 22OCT30 2022.8282 59882 2234 0 141.4 -69 -0.323232 4517751 -0.251523 49 0.295416 0.0000 0.000728 0.000943 0.003222 -0.063193 0.123163 -0.226355 40.7944876401 -218.6008214045 49.29542
S062 22OCT31 2022.8309 59883 2234 1 141.4 -69 -0.322747 4517751 -0.250171 49 0.295510 0.0000 0.000723 0.000932 0.003128 -0.019710 0.101754 -0.159007 40.7944876523 -218.6008213988 49.29551
S062 22NOV01 2022.8337 59884 2234 2 141.4 -69 -0.321921 4517751 -0.249416 49 0.303972 0.0000 0.000733 0.000971 0.003312 -0.036613 0.073958 -0.185954 40.7944876591 -218.6008213890 49.30397
S062 22NOV02 2022.8364 59885 2234 3 141.4 -69 -0.320369 4517751 -0.250529 49 0.298432 0.0000 0.000759 0.001005 0.003453 -0.017169 0.070360 -0.208670 40.7944876490 -218.6008213706 49.29843
S062 22NOV03 2022.8392 59886 2234 4 141.4 -69 -0.321901 4517751 -0.250504 49 0.299853 0.0000 0.000742 0.000976 0.003340 -0.076669 0.095943 -0.180512 40.7944876493 -218.6008213887 49.29985
S062 22NOV04 2022.8419 59887 2234 5 141.4 -69 -0.320492 4517751 -0.251728 49 0.293794 0.0000 0.000719 0.000951 0.003141 -0.062578 0.073458 -0.149254 40.7944876382 -218.6008213720 49.29379
S062 22NOV05 2022.8446 59888 2234 6 141.4 -69 -0.320108 4517751 -0.251608 49 0.302105 0.0000 0.000716 0.000953 0.003212 -0.041044 0.082262 -0.168138 40.7944876393 -218.6008213675 49.30210
S062 22NOV06 2022.8474 59889 2235 0 141.4 -69 -0.322754 4517751 -0.252082 49 0.300875 0.0000 0.000736 0.000948 0.003211 -0.038573 0.119501 -0.174895 40.7944876351 -218.6008213988 49.30087
S062 22NOV07 2022.8501 59890 2235 1 141.4 -69 -0.323099 4517751 -0.250571 49 0.302900 0.0000 0.000734 0.000990 0.003372 -0.030778 0.081088 -0.215258 40.7944876487 -218.6008214029 49.30290
S062 22NOV09 2022.8556 59892 2235 3 141.4 -69 -0.320426 4517751 -0.254096 49 0.270265 0.0000 0.000771 0.001020 0.003569 -0.010973 -0.017491 -0.218277 40.7944876169 -218.6008213713 49.27026
S062 22NOV10 2022.8583 59893 2235 4 141.4 -69 -0.322279 4517751 -0.252382 49 0.268328 0.0000 0.000759 0.000977 0.003314 -0.022921 0.016627 -0.195882 40.7944876324 -218.6008213932 49.26833
S062 22NOV11 2022.8611 59894 2235 5 141.4 -69 -0.323415 4517751 -0.252981 49 0.273215 0.0000 0.000754 0.000978 0.003379 -0.010408 -0.019421 -0.196526 40.7944876270 -218.6008214067 49.27321
S062 22NOV12 2022.8638 59895 2235 6 141.4 -69 -0.322088 4517751 -0.254693 49 0.272410 0.0000 0.000764 0.000991 0.003409 -0.008236 0.008583 -0.202585 40.7944876115 -218.6008213910 49.27241
S062 22NOV13 2022.8665 59896 2236 0 141.4 -69 -0.320825 4517751 -0.254240 49 0.279988 0.0000 0.000751 0.000979 0.003406 -0.005547 -0.037197 -0.183611 40.7944876156 -218.6008213760 49.27999
S062 22NOV14 2022.8693 59897 2236 1 141.4 -69 -0.322461 4517751 -0.254934 49 0.272660 0.0000 0.000752 0.000974 0.003264 -0.004329 -0.004928 -0.195814 40.7944876094 -218.6008213954 49.27266
S062 22NOV15 2022.8720 59898 2236 2 141.4 -69 -0.321891 4517751 -0.254611 49 0.275730 0.0000 0.000741 0.000963 0.003232 -0.054427 0.069632 -0.177375 40.7944876123 -218.6008213886 49.27573
S062 22NOV16 2022.8747 59899 2236 3 141.4 -69 -0.320630 4517751 -0.256145 49 0.270966 0.0000 0.000757 0.000971 0.003323 -0.053093 0.047660 -0.186370 40.7944875985 -218.6008213737 49.27097
S062 22NOV17 2022.8775 59900 2236 4 141.4 -69 -0.321404 4517751 -0.253875 49 0.272902 0.0000 0.000748 0.000950 0.003282 -0.048443 0.010277 -0.209993 40.7944876189 -218.6008213828 49.27290
S062 22NOV18 2022.8802 59901 2236 5 141.4 -69 -0.321520 4517751 -0.255951 49 0.272781 0.0000 0.000749 0.000981 0.003322 -0.036737 0.061656 -0.208785 40.7944876002 -218.6008213842 49.27278
S062 22NOV19 2022.8830 59902 2236 6 141.4 -69 -0.321227 4517751 -0.255981 49 0.273955 0.0000 0.000742 0.000975 0.003277 -0.040051 0.014915 -0.220893 40.7944876000 -218.6008213808 49.27396
S062 22NOV20 2022.8857 59903 2237 0 141.4 -69 -0.319764 4517751 -0.255038 49 0.273739 0.0000 0.000776 0.000986 0.003419 -0.043806 0.011540 -0.206740 40.7944876084 -218.6008213634 49.27374
S062 22NOV21 2022.8884 59904 2237 1 141.4 -69 -0.319101 4517751 -0.255118 49 0.272049 0.0000 0.000775 0.000979 0.003426 -0.051383 0.085178 -0.213826 40.7944876077 -218.6008213556 49.27205
S062 22NOV22 2022.8912 59905 2237 2 141.4 -69 -0.319219 4517751 -0.254458 49 0.268850 0.0000 0.000754 0.000979 0.003290 -0.027674 0.018056 -0.166739 40.7944876137 -218.6008213570 49.26885
S062 22NOV23 2022.8939 59906 2237 3 141.4 -69 -0.318818 4517751 -0.254656 49 0.274490 0.0000 0.000746 0.000962 0.003330 -0.026411 0.015879 -0.197024 40.7944876119 -218.6008213522 49.27449
S062 22NOV24 2022.8966 59907 2237 4 141.4 -69 -0.322149 4517751 -0.254992 49 0.271905 0.0000 0.000754 0.000993 0.003354 -0.020696 0.022690 -0.206724 40.7944876089 -218.6008213917 49.27191
S062 22NOV25 2022.8994 59908 2237 5 141.4 -69 -0.321502 4517751 -0.253741 49 0.270114 0.0000 0.000765 0.000981 0.003349 -0.015560 -0.020464 -0.128353 40.7944876201 -218.6008213840 49.27011
S062 22NOV26 2022.9021 59909 2237 6 141.4 -69 -0.319074 4517751 -0.255695 49 0.270188 0.0000 0.000775 0.000965 0.003405 -0.043136 -0.024296 -0.186655 40.7944876025 -218.6008213552 49.27019
S062 22NOV27 2022.9049 59910 2238 0 141.4 -69 -0.319919 4517751 -0.254402 49 0.265913 0.0000 0.000736 0.000962 0.003225 -0.029856 0.025904 -0.198574 40.7944876142 -218.6008213653 49.26591
S062 22NOV28 2022.9076 59911 2238 1 141.4 -69 -0.319751 4517751 -0.257559 49 0.264891 0.0000 0.000757 0.001028 0.003450 0.009617 0.009545 -0.247990 40.7944875857 -218.6008213633 49.26489
S062 22NOV29 2022.9103 59912 2238 2 141.4 -69 -0.320037 4517751 -0.253600 49 0.274071 0.0000 0.000755 0.000992 0.003370 -0.015406 0.011447 -0.191528 40.7944876214 -218.6008213666 49.27407
S062 22NOV30 2022.9131 59913 2238 3 141.4 -69 -0.316116 4517751 -0.257708 49 0.277399 0.0000 0.000749 0.000989 0.003326 -0.011432 0.036937 -0.203386 40.7944875844 -218.6008213202 49.27740
S062 22DEC01 2022.9158 59914 2238 4 141.4 -69 -0.319465 4517751 -0.256364 49 0.275886 0.0000 0.000754 0.000969 0.003273 -0.022806 -0.000314 -0.177418 40.7944875965 -218.6008213599 49.27589
S062 22DEC02 2022.9185 59915 2238 5 141.4 -69 -0.318534 4517751 -0.256357 49 0.273465 0.0000 0.000728 0.000942 0.003173 -0.058924 0.079046 -0.205332 40.7944875966 -218.6008213488 49.27347
S062 22DEC03 2022.9213 59916 2238 6 141.4 -69 -0.318125 4517751 -0.256113 49 0.276091 0.0000 0.000730 0.000934 0.003183 -0.025942 0.032266 -0.187615 40.7944875988 -218.6008213440 49.27609
S062 22DEC04 2022.9240 59917 2239 0 141.4 -69 -0.318364 4517751 -0.256964 49 0.279062 0.0000 0.000757 0.001004 0.003436 -0.005328 0.049706 -0.235491 40.7944875911 -218.6008213468 49.27906
S062 22DEC05 2022.9268 59918 2239 1 141.4 -69 -0.319752 4517751 -0.256445 49 0.276845 0.0000 0.000736 0.000968 0.003226 -0.037891 0.061525 -0.195199 40.7944875958 -218.6008213633 49.27685
S062 22DEC06 2022.9295 59919 2239 2 141.4 -69 -0.317109 4517751 -0.255321 49 0.276914 0.0000 0.000745 0.000964 0.003280 -0.032650 0.042656 -0.160392 40.7944876059 -218.6008213320 49.27691
S062 22DEC07 2022.9322 59920 2239 3 141.4 -69 -0.321138 4517751 -0.258255 49 0.271664 0.0000 0.000735 0.000957 0.003236 -0.067944 0.108478 -0.202428 40.7944875795 -218.6008213797 49.27166
S062 22DEC08 2022.9350 59921 2239 4 141.4 -69 -0.318288 4517751 -0.258198 49 0.272706 0.0000 0.000741 0.000966 0.003244 -0.033024 0.039262 -0.191233 40.7944875800 -218.6008213459 49.27271
S062 22DEC09 2022.9377 59922 2239 5 141.4 -69 -0.318579 4517751 -0.257736 49 0.273797 0.0000 0.000757 0.000969 0.003308 -0.006181 0.086035 -0.168162 40.7944875841 -218.6008213494 49.27380
S062 22DEC10 2022.9405 59923 2239 6 141.4 -69 -0.320475 4517751 -0.255159 49 0.274079 0.0000 0.000743 0.000996 0.003366 -0.004333 -0.001363 -0.199671 40.7944876073 -218.6008213718 49.27408
S062 22DEC11 2022.9432 59924 2240 0 141.4 -69 -0.318702 4517751 -0.257207 49 0.276356 0.0000 0.000741 0.000968 0.003294 -0.037032 0.013513 -0.211912 40.7944875889 -218.6008213508 49.27636
S062 22DEC12 2022.9459 59925 2240 1 141.4 -69 -0.316905 4517751 -0.256130 49 0.274318 0.0000 0.000739 0.000964 0.003244 -0.011317 -0.016965 -0.178902 40.7944875986 -218.6008213295 49.27432
S062 22DEC13 2022.9487 59926 2240 2 141.4 -69 -0.317756 4517751 -0.257246 49 0.277876 0.0000 0.000741 0.000970 0.003160 -0.008827 0.026028 -0.164188 40.7944875886 -218.6008213396 49.27788
S062 22DEC14 2022.9514 59927 2240 3 141.4 -69 -0.318326 4517751 -0.256900 49 0.277104 0.0000 0.000751 0.000988 0.003254 -0.036082 0.058443 -0.167767 40.7944875917 -218.6008213464 49.27710
S062 22DEC15 2022.9541 59928 2240 4 141.4 -69 -0.317225 4517751 -0.256619 49 0.276589 0.0000 0.000757 0.000980 0.003405 -0.070951 0.082005 -0.250591 40.7944875942 -218.6008213333 49.27659
S062 22DEC16 2022.9569 59929 2240 5 141.4 -69 -0.316509 4517751 -0.257626 49 0.280091 0.0000 0.000755 0.000955 0.003282 -0.049844 0.037831 -0.173044 40.7944875851 -218.6008213248 49.28009
S062 22DEC17 2022.9596 59930 2240 6 141.4 -69 -0.319790 4517751 -0.254388 49 0.282921 0.0000 0.000758 0.000939 0.003284 -0.033457 0.064381 -0.213069 40.7944876143 -218.6008213637 49.28292
S062 22DEC18 2022.9624 59931 2241 0 141.4 -69 -0.319700 4517751 -0.256052 49 0.279511 0.0000 0.000723 0.000932 0.003137 -0.021794 0.021116 -0.185266 40.7944875993 -218.6008213627 49.27951
S062 22DEC19 2022.9651 59932 2241 1 141.4 -69 -0.320127 4517751 -0.255372 49 0.279076 0.0000 0.000741 0.000928 0.003184 -0.074962 0.091871 -0.171438 40.7944876054 -218.6008213677 49.27908
S062 22DEC20 2022.9678 59933 2241 2 141.4 -69 -0.318136 4517751 -0.255911 49 0.276575 0.0000 0.000743 0.000965 0.003268 -0.015186 0.054667 -0.142783 40.7944876006 -218.6008213441 49.27657
S062 22DEC21 2022.9706 59934 2241 3 141.4 -69 -0.319709 4517751 -0.253903 49 0.278957 0.0000 0.000731 0.000960 0.003208 -0.046461 0.051961 -0.192705 40.7944876187 -218.6008213628 49.27896
S062 22DEC22 2022.9733 59935 2241 4 141.4 -69 -0.319304 4517751 -0.255264 49 0.280086 0.0000 0.000742 0.000958 0.003224 -0.034986 0.063230 -0.189045 40.7944876064 -218.6008213580 49.28009
S062 22DEC23 2022.9760 59936 2241 5 141.4 -69 -0.320525 4517751 -0.256318 49 0.275860 0.0000 0.000757 0.000968 0.003295 -0.057814 0.056695 -0.162556 40.7944875969 -218.6008213724 49.27586
S062 22DEC24 2022.9788 59937 2241 6 141.4 -69 -0.319032 4517751 -0.256103 49 0.279567 0.0000 0.000743 0.000992 0.003265 0.006251 -0.003561 -0.163590 40.7944875989 -218.6008213547 49.27957
S062 22DEC25 2022.9815 59938 2242 0 141.4 -69 -0.320367 4517751 -0.253759 49 0.273146 0.0000 0.000773 0.001024 0.003528 -0.046184 -0.040784 -0.206411 40.7944876200 -218.6008213706 49.27315
S062 22DEC26 2022.9843 59939 2242 1 141.4 -69 -0.320288 4517751 -0.252803 49 0.272248 0.0000 0.000777 0.001020 0.003532 -0.019908 -0.075459 -0.221182 40.7944876286 -218.6008213696 49.27225
S062 22DEC27 2022.9870 59940 2242 2 141.4 -69 -0.320660 4517751 -0.255735 49 0.272437 0.0000 0.000748 0.001024 0.003293 -0.034743 0.036150 -0.131784 40.7944876022 -218.6008213740 49.27244
S062 22DEC28 2022.9897 59941 2242 3 141.4 -69 -0.319497 4517751 -0.256735 49 0.267436 0.0000 0.000783 0.001050 0.003488 -0.015715 0.010739 -0.151407 40.7944875932 -218.6008213602 49.26744
S062 22DEC29 2022.9925 59942 2242 4 141.4 -69 -0.320498 4517751 -0.257286 49 0.273489 0.0000 0.000741 0.000972 0.003197 -0.036344 0.045794 -0.135104 40.7944875882 -218.6008213721 49.27349
S062 22DEC30 2022.9952 59943 2242 5 141.4 -69 -0.319489 4517751 -0.256890 49 0.273677 0.0000 0.000745 0.000954 0.003204 -0.036275 0.007341 -0.157063 40.7944875918 -218.6008213602 49.27368
S062 22DEC31 2022.9979 59944 2242 6 141.4 -69 -0.318680 4517751 -0.255399 49 0.264006 0.0000 0.000740 0.000948 0.003197 -0.054436 0.064349 -0.174871 40.7944876052 -218.6008213506 49.26401
S062 23JAN01 2023.0007 59945 2243 0 141.4 -69 -0.318442 4517751 -0.257244 49 0.271657 0.0000 0.000729 0.000960 0.003184 -0.048157 0.052778 -0.166840 40.7944875886 -218.6008213477 49.27166
S062 23JAN02 2023.0034 59946 2243 1 141.4 -69 -0.321224 4517751 -0.258660 49 0.262746 0.0000 0.000715 0.000944 0.003088 -0.029453 0.032278 -0.163316 40.7944875758 -218.6008213807 49.26275
S062 23JAN03 2023.0062 59947 2243 2 141.4 -69 -0.319657 4517751 -0.256898 49 0.267844 0.0000 0.000745 0.000952 0.003250 -0.029127 0.028597 -0.180709 40.7944875917 -218.6008213621 49.26784
S062 23JAN04 2023.0089 59948 2243 3 141.4 -69 -0.321138 4517751 -0.258823 49 0.276166 0.0000 0.000764 0.000970 0.003370 -0.019403 0.039846 -0.158692 40.7944875744 -218.6008213797 49.27617
S062 23JAN05 2023.0116 59949 2243 4 141.4 -69 -0.318394 4517751 -0.256882 49 0.275822 0.0000 0.000744 0.000965 0.003325 -0.007288 0.008922 -0.208527 40.7944875918 -218.6008213472 49.27582
S062 23JAN06 2023.0144 59950 2243 5 141.4 -69 -0.318350 4517751 -0.256014 49 0.274692 0.0000 0.000745 0.000949 0.003186 -0.029109 -0.001267 -0.180758 40.7944875997 -218.6008213467 49.27469
S062 23JAN07 2023.0171 59951 2243 6 141.4 -69 -0.319122 4517751 -0.258277 49 0.270932 0.0000 0.000742 0.000969 0.003303 0.006669 0.058047 -0.182284 40.7944875793 -218.6008213558 49.27093
S062 23JAN08 2023.0198 59952 2244 0 141.4 -69 -0.321478 4517751 -0.255935 49 0.272574 0.0000 0.000746 0.000972 0.003292 -0.027810 0.093697 -0.214118 40.7944876004 -218.6008213837 49.27257
S062 23JAN09 2023.0226 59953 2244 1 141.4 -69 -0.317936 4517751 -0.256735 49 0.275272 0.0000 0.000741 0.000970 0.003273 -0.020780 0.050755 -0.126328 40.7944875932 -218.6008213418 49.27527
S062 23JAN10 2023.0253 59954 2244 2 141.4 -69 -0.319343 4517751 -0.256191 49 0.277316 0.0000 0.000741 0.000966 0.003208 -0.027513 0.067578 -0.129735 40.7944875981 -218.6008213584 49.27732
S062 23JAN11 2023.0281 59955 2244 3 141.4 -69 -0.319657 4517751 -0.256245 49 0.272690 0.0000 0.000749 0.000991 0.003312 -0.029635 0.082044 -0.136910 40.7944875976 -218.6008213621 49.27269
S062 23JAN12 2023.0308 59956 2244 4 141.4 -69 -0.319691 4517751 -0.257496 49 0.269283 0.0000 0.000752 0.000983 0.003288 -0.038316 0.049818 -0.164560 40.7944875863 -218.6008213625 49.26928
S062 23JAN13 2023.0335 59957 2244 5 141.4 -69 -0.319871 4517751 -0.257010 49 0.278800 0.0000 0.000740 0.000998 0.003321 -0.020952 0.066463 -0.130120 40.7944875907 -218.6008213647 49.27880
S062 23JAN14 2023.0363 59958 2244 6 141.4 -69 -0.320046 4517751 -0.257099 49 0.272013 0.0000 0.000762 0.000986 0.003344 -0.040938 0.034837 -0.131609 40.7944875899 -218.6008213668 49.27201
S062 23JAN15 2023.0390 59959 2245 0 141.4 -69 -0.316766 4517751 -0.255015 49 0.269421 0.0000 0.000738 0.000966 0.003265 -0.034945 0.097619 -0.180295 40.7944876086 -218.6008213279 49.26942
S062 23JAN16 2023.0418 59960 2245 1 141.4 -69 -0.317081 4517751 -0.257293 49 0.267678 0.0000 0.000732 0.000969 0.003215 -0.028198 0.056543 -0.125710 40.7944875881 -218.6008213316 49.26768
S062 23JAN17 2023.0445 59961 2245 2 141.4 -69 -0.319331 4517751 -0.257133 49 0.267453 0.0000 0.000737 0.000972 0.003266 -0.034374 0.071286 -0.166035 40.7944875896 -218.6008213583 49.26745
S062 23JAN18 2023.0472 59962 2245 3 141.4 -69 -0.319875 4517751 -0.258260 49 0.266785 0.0000 0.000747 0.000991 0.003265 -0.055075 0.036752 -0.156759 40.7944875794 -218.6008213647 49.26679
S062 23JAN19 2023.0500 59963 2245 4 141.4 -69 -0.319266 4517751 -0.257125 49 0.269101 0.0000 0.000743 0.000977 0.003258 -0.032930 0.104244 -0.157253 40.7944875896 -218.6008213575 49.26910
S062 23JAN20 2023.0527 59964 2245 5 141.4 -69 -0.320065 4517751 -0.256988 49 0.271854 0.0000 0.000752 0.000957 0.003236 0.001952 0.010271 -0.141954 40.7944875909 -218.6008213670 49.27185
S062 23JAN21 2023.0554 59965 2245 6 141.4 -69 -0.319827 4517751 -0.257219 49 0.261272 0.0000 0.000748 0.000981 0.003263 0.018628 0.025767 -0.173177 40.7944875888 -218.6008213642 49.26127
S062 23JAN22 2023.0582 59966 2246 0 141.4 -69 -0.319686 4517751 -0.257360 49 0.266708 0.0000 0.000788 0.001008 0.003431 0.030654 0.026975 -0.102134 40.7944875875 -218.6008213625 49.26671
S062 23JAN23 2023.0609 59967 2246 1 141.4 -69 -0.320066 4517751 -0.257764 49 0.275545 0.0000 0.000747 0.000989 0.003249 -0.004652 0.064785 -0.167444 40.7944875839 -218.6008213670 49.27554
S062 23JAN24 2023.0637 59968 2246 2 141.4 -69 -0.316940 4517751 -0.257167 49 0.271192 0.0000 0.000730 0.000970 0.003190 -0.003456 -0.001561 -0.154889 40.7944875893 -218.6008213300 49.27119
S062 23JAN25 2023.0664 59969 2246 3 141.4 -69 -0.318472 4517751 -0.259477 49 0.271095 0.0000 0.000749 0.001036 0.003394 -0.022814 0.065079 -0.211174 40.7944875685 -218.6008213481 49.27109
S062 23JAN26 2023.0691 59970 2246 4 141.4 -69 -0.319916 4517751 -0.259021 49 0.268674 0.0000 0.000772 0.001009 0.003404 0.014102 0.027069 -0.181140 40.7944875726 -218.6008213652 49.26867
S062 23JAN27 2023.0719 59971 2246 5 141.4 -69 -0.318389 4517751 -0.258547 49 0.270803 0.0000 0.000755 0.001000 0.003332 -0.058040 0.085796 -0.190101 40.7944875768 -218.6008213471 49.27080
S062 23JAN28 2023.0746 59972 2246 6 141.4 -69 -0.318002 4517751 -0.257256 49 0.269448 0.0000 0.000760 0.000978 0.003381 -0.029975 0.066936 -0.191074 40.7944875885 -218.6008213425 49.26945
S062 23JAN29 2023.0773 59973 2247 0 141.4 -69 -0.318240 4517751 -0.260218 49 0.270289 0.0000 0.000741 0.000958 0.003209 0.013770 0.044930 -0.186980 40.7944875618 -218.6008213454 49.27029
S062 23JAN30 2023.0801 59974 2247 1 141.4 -69 -0.319210 4517751 -0.258925 49 0.270211 0.0000 0.000742 0.000971 0.003187 -0.005343 -0.022595 -0.148307 40.7944875734 -218.6008213568 49.27021
S062 23JAN31 2023.0828 59975 2247 2 141.4 -69 -0.319873 4517751 -0.259953 49 0.268070 0.0000 0.000753 0.000978 0.003323 0.001119 0.026102 -0.229710 40.7944875642 -218.6008213647 49.26807
S062 23FEB01 2023.0856 59976 2247 3 141.4 -69 -0.317485 4517751 -0.260916 49 0.270187 0.0000 0.000752 0.000981 0.003281 -0.009946 0.029007 -0.173362 40.7944875555 -218.6008213364 49.27019
S062 23FEB02 2023.0883 59977 2247 4 141.4 -69 -0.318678 4517751 -0.259903 49 0.267397 0.0000 0.000761 0.000981 0.003355 0.010491 0.045961 -0.216240 40.7944875646 -218.6008213505 49.26740
S062 23FEB03 2023.0910 59978 2247 5 141.4 -69 -0.318540 4517751 -0.260576 49 0.265920 0.0000 0.000727 0.000953 0.003192 -0.037255 0.084828 -0.177448 40.7944875586 -218.6008213489 49.26592
S062 23FEB04 2023.0938 59979 2247 6 141.4 -69 -0.318931 4517751 -0.261365 49 0.266730 0.0000 0.000741 0.000968 0.003268 -0.062699 0.012235 -0.164576 40.7944875515 -218.6008213535 49.26673
S062 23FEB05 2023.0965 59980 2248 0 141.4 -69 -0.318292 4517751 -0.261899 49 0.266951 0.0000 0.000736 0.000971 0.003206 -0.048749 0.058869 -0.194818 40.7944875467 -218.6008213460 49.26695
S062 23FEB06 2023.0992 59981 2248 1 141.4 -69 -0.319381 4517751 -0.261153 49 0.271020 0.0000 0.000749 0.000978 0.003334 -0.042866 0.061115 -0.207947 40.7944875534 -218.6008213589 49.27102
S062 23FEB07 2023.1020 59982 2248 2 141.4 -69 -0.318396 4517751 -0.260277 49 0.267022 0.0000 0.000762 0.000995 0.003331 -0.065348 0.023040 -0.169707 40.7944875613 -218.6008213472 49.26702
S062 23FEB08 2023.1047 59983 2248 3 141.4 -69 -0.320139 4517751 -0.260131 49 0.265584 0.0000 0.000754 0.000987 0.003338 -0.033761 0.057088 -0.160591 40.7944875626 -218.6008213679 49.26558
S062 23FEB09 2023.1075 59984 2248 4 141.4 -69 -0.320891 4517751 -0.262202 49 0.270694 0.0000 0.000757 0.000977 0.003422 -0.043484 0.075200 -0.228802 40.7944875439 -218.6008213768 49.27069
S062 23FEB10 2023.1102 59985 2248 5 141.4 -69 -0.317560 4517751 -0.261541 49 0.270013 0.0000 0.000787 0.001005 0.003447 -0.095309 0.043355 -0.168241 40.7944875499 -218.6008213373 49.27001
S062 23FEB11 2023.1129 59986 2248 6 141.4 -69 -0.319067 4517751 -0.262337 49 0.267424 0.0000 0.000776 0.001022 0.003431 -0.066258 0.067141 -0.130976 40.7944875427 -218.6008213552 49.26742
S062 23FEB12 2023.1157 59987 2249 0 141.4 -69 -0.318892 4517751 -0.263149 49 0.263698 0.0000 0.000758 0.000998 0.003377 -0.043217 0.050242 -0.182108 40.7944875354 -218.6008213531 49.26370
S062 23FEB13 2023.1184 59988 2249 1 141.4 -69 -0.319468 4517751 -0.263250 49 0.265508 0.0000 0.000780 0.001026 0.003438 -0.095129 0.041817 -0.217685 40.7944875345 -218.6008213599 49.26551
S062 23FEB14 2023.1211 59989 2249 2 141.4 -69 -0.319943 4517751 -0.262992 49 0.268143 0.0000 0.000759 0.001038 0.003463 -0.039671 0.036337 -0.178251 40.7944875368 -218.6008213655 49.26814
S062 23FEB15 2023.1239 59990 2249 3 141.4 -69 -0.321126 4517751 -0.262185 49 0.263941 0.0000 0.000760 0.000990 0.003355 -0.063898 0.001610 -0.133050 40.7944875441 -218.6008213796 49.26394
S062 23FEB16 2023.1266 59991 2249 4 141.4 -69 -0.320381 4517751 -0.262699 49 0.268042 0.0000 0.000785 0.001013 0.003413 -0.046585 -0.001159 -0.195862 40.7944875395 -218.6008213707 49.26804
S062 23FEB17 2023.1294 59992 2249 5 141.4 -69 -0.320581 4517751 -0.262955 49 0.268960 0.0000 0.000806 0.001017 0.003455 -0.090270 0.058981 -0.138993 40.7944875371 -218.6008213731 49.26896
S062 23FEB18 2023.1321 59993 2249 6 141.4 -69 -0.319662 4517751 -0.265048 49 0.270763 0.0000 0.000775 0.000993 0.003399 -0.035435 0.055508 -0.188273 40.7944875183 -218.6008213622 49.27076
S062 23FEB19 2023.1348 59994 2250 0 141.4 -69 -0.317063 4517751 -0.264983 49 0.268677 0.0000 0.000748 0.000996 0.003321 -0.040819 0.028362 -0.151045 40.7944875189 -218.6008213314 49.26868
S062 23FEB20 2023.1376 59995 2250 1 141.4 -69 -0.319131 4517751 -0.261942 49 0.262667 0.0000 0.000727 0.000965 0.003183 -0.021987 0.014057 -0.179202 40.7944875463 -218.6008213559 49.26267
S062 23FEB21 2023.1403 59996 2250 2 141.4 -69 -0.320662 4517751 -0.262594 49 0.263795 0.0000 0.000758 0.000981 0.003322 -0.055757 0.037640 -0.201020 40.7944875404 -218.6008213740 49.26380
S062 23FEB22 2023.1431 59997 2250 3 141.4 -69 -0.320116 4517751 -0.265052 49 0.269390 0.0000 0.000752 0.000997 0.003369 -0.047689 0.017668 -0.166685 40.7944875183 -218.6008213676 49.26939
S062 23FEB23 2023.1458 59998 2250 4 141.4 -69 -0.320013 4517751 -0.263867 49 0.268395 0.0000 0.000772 0.000995 0.003385 -0.074407 0.036557 -0.196470 40.7944875289 -218.6008213664 49.26839
S062 23FEB24 2023.1485 59999 2250 5 141.4 -69 -0.321621 4517751 -0.266068 49 0.262610 0.0000 0.000758 0.000988 0.003426 -0.062793 0.014140 -0.187373 40.7944875091 -218.6008213854 49.26261
S062 23FEB25 2023.1513 60000 2250 6 141.4 -69 -0.320913 4517751 -0.265354 49 0.261862 0.0000 0.000735 0.000984 0.003333 -0.029626 0.004150 -0.132722 40.7944875155 -218.6008213770 49.26186
S062 23FEB26 2023.1540 60001 2251 0 141.4 -69 -0.319010 4517751 -0.265596 49 0.269432 0.0000 0.000756 0.001008 0.003401 -0.070172 0.020069 -0.188896 40.7944875134 -218.6008213545 49.26943
S062 23FEB27 2023.1567 60002 2251 1 141.4 -69 -0.319788 4517751 -0.265664 49 0.270956 0.0000 0.000755 0.001007 0.003439 -0.046445 0.097940 -0.225855 40.7944875128 -218.6008213637 49.27096
S062 23FEB28 2023.1595 60003 2251 2 141.4 -69 -0.318711 4517751 -0.265010 49 0.273713 0.0000 0.000758 0.001024 0.003390 -0.054052 0.055918 -0.186057 40.7944875186 -218.6008213509 49.27371
S062 23MAR01 2023.1622 60004 2251 3 141.4 -69 -0.319566 4517751 -0.263803 49 0.268626 0.0000 0.000755 0.000988 0.003406 -0.016846 -0.005489 -0.183477 40.7944875295 -218.6008213611 49.26863
S062 23MAR02 2023.1650 60005 2251 4 141.4 -69 -0.320317 4517751 -0.265803 49 0.271433 0.0000 0.000739 0.000981 0.003290 -0.033201 -0.011590 -0.200380 40.7944875115 -218.6008213700 49.27143
S062 23MAR03 2023.1677 60006 2251 5 141.4 -69 -0.320704 4517751 -0.265886 49 0.269475 0.0000 0.000764 0.001002 0.003376 -0.097912 0.007752 -0.203171 40.7944875108 -218.6008213745 49.26947
S062 23MAR04 2023.1704 60007 2251 6 141.4 -69 -0.321481 4517751 -0.267357 49 0.272145 0.0000 0.000782 0.001026 0.003679 -0.037731 -0.001275 -0.251671 40.7944874975 -218.6008213838 49.27214
S062 23MAR05 2023.1732 60008 2252 0 141.4 -69 -0.320624 4517751 -0.264289 49 0.275402 0.0000 0.000763 0.001031 0.003427 -0.029107 -0.028536 -0.167443 40.7944875251 -218.6008213736 49.27540
S062 23MAR06 2023.1759 60009 2252 1 141.4 -69 -0.319971 4517751 -0.265890 49 0.272305 0.0000 0.000757 0.001003 0.003364 -0.052128 0.017954 -0.116505 40.7944875107 -218.6008213659 49.27230
S062 23MAR07 2023.1786 60010 2252 2 141.4 -69 -0.320084 4517751 -0.264832 49 0.273109 0.0000 0.000754 0.000993 0.003336 -0.057250 -0.001857 -0.155595 40.7944875202 -218.6008213672 49.27311
S062 23MAR08 2023.1814 60011 2252 3 141.4 -69 -0.319307 4517751 -0.263978 49 0.272145 0.0000 0.000755 0.001018 0.003434 -0.059950 0.019522 -0.208352 40.7944875279 -218.6008213580 49.27215
S062 23MAR09 2023.1841 60012 2252 4 141.4 -69 -0.321369 4517751 -0.262141 49 0.272534 0.0000 0.000770 0.001041 0.003533 -0.026451 -0.018246 -0.195108 40.7944875445 -218.6008213824 49.27253
S062 23MAR10 2023.1869 60013 2252 5 141.4 -69 -0.318712 4517751 -0.266052 49 0.274005 0.0000 0.000776 0.001026 0.003504 -0.035386 0.001440 -0.216359 40.7944875093 -218.6008213509 49.27401
S062 23MAR11 2023.1896 60014 2252 6 141.4 -69 -0.320754 4517751 -0.265004 49 0.269351 0.0000 0.000769 0.001011 0.003410 -0.074353 0.075566 -0.135277 40.7944875187 -218.6008213751 49.26935
S062 23MAR12 2023.1923 60015 2253 0 141.4 -69 -0.320086 4517751 -0.263879 49 0.271972 0.0000 0.000756 0.001005 0.003329 -0.054811 0.019547 -0.157396 40.7944875288 -218.6008213672 49.27197
S062 23MAR13 2023.1951 60016 2253 1 141.4 -69 -0.319706 4517751 -0.264258 49 0.274085 0.0000 0.000767 0.001011 0.003386 -0.062551 -0.015457 -0.165385 40.7944875254 -218.6008213627 49.27409
S062 23MAR14 2023.1978 60017 2253 2 141.4 -69 -0.321615 4517751 -0.265800 49 0.271422 0.0000 0.000734 0.000990 0.003249 -0.058514 0.012371 -0.165967 40.7944875115 -218.6008213853 49.27142
S062 23MAR15 2023.2005 60018 2253 3 141.4 -69 -0.320897 4517751 -0.265608 49 0.270513 0.0000 0.000729 0.000960 0.003160 -0.069823 0.081411 -0.121121 40.7944875133 -218.6008213768 49.27051
S062 23MAR16 2023.2033 60019 2253 4 141.4 -69 -0.320921 4517751 -0.261947 49 0.273985 0.0000 0.000734 0.000979 0.003279 -0.037968 0.038040 -0.170402 40.7944875462 -218.6008213771 49.27399
S062 23MAR17 2023.2060 60020 2253 5 141.4 -69 -0.322610 4517751 -0.264655 49 0.273224 0.0000 0.000753 0.001008 0.003319 -0.070792 0.003472 -0.157554 40.7944875218 -218.6008213971 49.27322
S062 23MAR18 2023.2088 60021 2253 6 141.4 -69 -0.320293 4517751 -0.266677 49 0.277978 0.0000 0.000737 0.000982 0.003206 -0.076057 0.028313 -0.155350 40.7944875036 -218.6008213697 49.27798
S062 23MAR19 2023.2115 60022 2254 0 141.4 -69 -0.319466 4517751 -0.267265 49 0.278191 0.0000 0.000728 0.000968 0.003233 -0.017775 -0.001491 -0.212413 40.7944874983 -218.6008213599 49.27819
S062 23MAR20 2023.2142 60023 2254 1 141.4 -69 -0.319270 4517751 -0.265641 49 0.271912 0.0000 0.000740 0.000998 0.003320 -0.028427 -0.040417 -0.184107 40.7944875130 -218.6008213576 49.27191
S062 23MAR21 2023.2170 60024 2254 2 141.4 -69 -0.320041 4517751 -0.266950 49 0.272314 0.0000 0.000754 0.001012 0.003341 -0.085571 0.011120 -0.156591 40.7944875012 -218.6008213667 49.27231
S062 23MAR22 2023.2197 60025 2254 3 141.4 -69 -0.318157 4517751 -0.264180 49 0.268817 0.0000 0.000729 0.000975 0.003188 -0.063581 0.044754 -0.158506 40.7944875261 -218.6008213444 49.26882
S062 23MAR23 2023.2225 60026 2254 4 141.4 -69 -0.319768 4517751 -0.266575 49 0.279063 0.0000 0.000741 0.000994 0.003380 -0.043316 -0.022649 -0.185471 40.7944875046 -218.6008213635 49.27906
S062 23MAR24 2023.2252 60027 2254 5 141.4 -69 -0.319713 4517751 -0.267773 49 0.273139 0.0000 0.000785 0.001017 0.003538 -0.063356 0.080427 -0.173938 40.7944874938 -218.6008213628 49.27314
S062 23MAR25 2023.2279 60028 2254 6 141.4 -69 -0.319104 4517751 -0.267086 49 0.273185 0.0000 0.000760 0.001000 0.003388 -0.062747 0.003608 -0.182175 40.7944874999 -218.6008213556 49.27319
S062 23MAR26 2023.2307 60029 2255 0 141.4 -69 -0.319488 4517751 -0.267135 49 0.274772 0.0000 0.000760 0.001012 0.003473 -0.033583 0.026001 -0.224371 40.7944874995 -218.6008213601 49.27477
S062 23MAR27 2023.2334 60030 2255 1 141.4 -69 -0.319892 4517751 -0.267054 49 0.269817 0.0000 0.000743 0.000982 0.003305 -0.045180 0.004535 -0.203505 40.7944875002 -218.6008213649 49.26982
S062 23MAR28 2023.2361 60031 2255 2 141.4 -69 -0.321171 4517751 -0.266226 49 0.268905 0.0000 0.000741 0.000981 0.003271 -0.058160 -0.051826 -0.118312 40.7944875077 -218.6008213801 49.26891
S062 23MAR29 2023.2389 60032 2255 3 141.4 -69 -0.319634 4517751 -0.266509 49 0.270326 0.0000 0.000750 0.001012 0.003326 0.002026 -0.043091 -0.188558 40.7944875051 -218.6008213619 49.27033
S062 23MAR30 2023.2416 60033 2255 4 141.4 -69 -0.319560 4517751 -0.266324 49 0.269670 0.0000 0.000749 0.000997 0.003299 -0.028906 -0.029983 -0.155536 40.7944875068 -218.6008213610 49.26967
S062 23MAR31 2023.2444 60034 2255 5 141.4 -69 -0.320591 4517751 -0.265576 49 0.273507 0.0000 0.000750 0.000980 0.003306 -0.047500 0.002064 -0.188066 40.7944875136 -218.6008213732 49.27351
S062 23APR01 2023.2471 60035 2255 6 141.4 -69 -0.320419 4517751 -0.267311 49 0.273404 0.0000 0.000732 0.000983 0.003295 -0.024624 0.035775 -0.192612 40.7944874979 -218.6008213712 49.27340
S062 23APR02 2023.2498 60036 2256 0 141.4 -69 -0.320070 4517751 -0.266574 49 0.273578 0.0000 0.000729 0.000984 0.003267 -0.019779 -0.018944 -0.190548 40.7944875046 -218.6008213670 49.27358
S062 23APR03 2023.2526 60037 2256 1 141.4 -69 -0.319997 4517751 -0.265785 49 0.266628 0.0000 0.000779 0.001040 0.003512 -0.044322 0.020973 -0.190350 40.7944875117 -218.6008213662 49.26663
S062 23APR04 2023.2553 60038 2256 2 141.4 -69 -0.319605 4517751 -0.265781 49 0.274527 0.0000 0.000740 0.000987 0.003312 -0.004423 -0.023392 -0.203360 40.7944875117 -218.6008213615 49.27453
S062 23APR05 2023.2580 60039 2256 3 141.4 -69 -0.319731 4517751 -0.265903 49 0.277535 0.0000 0.000740 0.000989 0.003351 -0.036138 0.005090 -0.221292 40.7944875106 -218.6008213630 49.27754
S062 23APR06 2023.2608 60040 2256 4 141.4 -69 -0.321313 4517751 -0.266816 49 0.279270 0.0000 0.000758 0.001010 0.003430 -0.015036 0.011555 -0.158358 40.7944875024 -218.6008213818 49.27927
S062 23APR07 2023.2635 60041 2256 5 141.4 -69 -0.320564 4517751 -0.265779 49 0.278238 0.0000 0.000732 0.000984 0.003304 -0.003059 -0.005697 -0.212660 40.7944875117 -218.6008213729 49.27824
S062 23APR08 2023.2663 60042 2256 6 141.4 -69 -0.318878 4517751 -0.266134 49 0.275740 0.0000 0.000761 0.000988 0.003341 -0.032281 0.069478 -0.129340 40.7944875085 -218.6008213529 49.27574
S062 23APR09 2023.2690 60043 2257 0 141.4 -69 -0.320341 4517751 -0.267430 49 0.271166 0.0000 0.000751 0.000996 0.003335 -0.059591 -0.006466 -0.198950 40.7944874968 -218.6008213703 49.27117
S062 23APR10 2023.2717 60044 2257 1 141.4 -69 -0.319979 4517751 -0.266708 49 0.277601 0.0000 0.000744 0.000988 0.003306 -0.057080 0.014053 -0.223708 40.7944875034 -218.6008213660 49.27760
S062 23APR11 2023.2745 60045 2257 2 141.4 -69 -0.319240 4517751 -0.265060 49 0.271552 0.0000 0.000741 0.000995 0.003330 -0.029900 0.011983 -0.157122 40.7944875182 -218.6008213572 49.27155
S062 23APR12 2023.2772 60046 2257 3 141.4 -69 -0.319120 4517751 -0.265058 49 0.274707 0.0000 0.000750 0.000968 0.003383 -0.016916 -0.058154 -0.198457 40.7944875182 -218.6008213558 49.27471
S062 23APR13 2023.2799 60047 2257 4 141.4 -69 -0.319326 4517751 -0.265324 49 0.272400 0.0000 0.000772 0.001006 0.003418 -0.053546 0.029099 -0.222439 40.7944875158 -218.6008213582 49.27240
S062 23APR14 2023.2827 60048 2257 5 141.4 -69 -0.318434 4517751 -0.266069 49 0.264573 0.0000 0.000819 0.001088 0.003767 -0.016740 -0.013980 -0.215757 40.7944875091 -218.6008213477 49.26457
S062 23APR15 2023.2854 60049 2257 6 141.4 -69 -0.319032 4517751 -0.265210 49 0.277182 0.0000 0.000780 0.001034 0.003477 -0.054865 -0.006923 -0.175322 40.7944875168 -218.6008213547 49.27718
S062 23APR16 2023.2882 60050 2258 0 141.4 -69 -0.317631 4517751 -0.266017 49 0.281741 0.0000 0.000779 0.001011 0.003450 -0.010924 -0.053493 -0.209095 40.7944875096 -218.6008213381 49.28174
S062 23APR17 2023.2909 60051 2258 1 141.4 -69 -0.317592 4517751 -0.266460 49 0.274578 0.0000 0.000747 0.001002 0.003308 -0.022200 0.004414 -0.192408 40.7944875056 -218.6008213377 49.27458
S062 23APR18 2023.2936 60052 2258 2 141.4 -69 -0.318926 4517751 -0.264875 49 0.276052 0.0000 0.000751 0.000985 0.003247 -0.058401 0.054273 -0.139942 40.7944875199 -218.6008213535 49.27605
S062 23APR19 2023.2964 60053 2258 3 141.4 -69 -0.317204 4517751 -0.268094 49 0.279009 0.0000 0.000764 0.001012 0.003408 -0.051220 0.045643 -0.230778 40.7944874909 -218.6008213331 49.27901
S062 23APR20 2023.2991 60054 2258 4 141.4 -69 -0.316279 4517751 -0.263551 49 0.283270 0.0000 0.000776 0.001024 0.003489 -0.043099 0.027829 -0.166314 40.7944875318 -218.6008213221 49.28327
S062 23APR21 2023.3018 60055 2258 5 141.4 -69 -0.318135 4517751 -0.267861 49 0.272990 0.0000 0.000758 0.000995 0.003396 -0.030972 0.047529 -0.205507 40.7944874930 -218.6008213441 49.27299
S062 23APR22 2023.3046 60056 2258 6 141.4 -69 -0.318632 4517751 -0.266116 49 0.270757 0.0000 0.000760 0.000999 0.003350 -0.025539 0.060827 -0.182430 40.7944875087 -218.6008213500 49.27076
S062 23APR23 2023.3073 60057 2259 0 141.4 -69 -0.320291 4517751 -0.264659 49 0.278708 0.0000 0.000750 0.000997 0.003351 -0.014959 0.079630 -0.220633 40.7944875218 -218.6008213697 49.27871
S062 23APR24 2023.3101 60058 2259 1 141.4 -69 -0.318559 4517751 -0.267633 49 0.270863 0.0000 0.000767 0.001001 0.003400 0.001594 -0.013189 -0.199689 40.7944874950 -218.6008213491 49.27086
S062 23APR25 2023.3128 60059 2259 2 141.4 -69 -0.318746 4517751 -0.266941 49 0.276404 0.0000 0.000748 0.001007 0.003279 -0.052977 0.052793 -0.174622 40.7944875013 -218.6008213513 49.27640
S062 23APR26 2023.3155 60060 2259 3 141.4 -69 -0.319087 4517751 -0.266691 49 0.277502 0.0000 0.000719 0.000970 0.003114 -0.031257 0.045272 -0.167030 40.7944875035 -218.6008213554 49.27750
S062 23APR27 2023.3183 60061 2259 4 141.4 -69 -0.319895 4517751 -0.264712 49 0.270417 0.0000 0.000735 0.000963 0.003231 -0.049476 0.002689 -0.189466 40.7944875213 -218.6008213650 49.27042
S062 23APR28 2023.3210 60062 2259 5 141.4 -69 -0.320239 4517751 -0.265792 49 0.270481 0.0000 0.000739 0.000972 0.003216 -0.042502 0.098369 -0.186380 40.7944875116 -218.6008213690 49.27048
S062 23APR29 2023.3238 60063 2259 6 141.4 -69 -0.319099 4517751 -0.266511 49 0.276012 0.0000 0.000729 0.000993 0.003234 -0.022198 0.034610 -0.180314 40.7944875051 -218.6008213555 49.27601
S062 23APR30 2023.3265 60064 2260 0 141.4 -69 -0.313895 4517751 -0.268408 49 0.267209 0.0000 0.000746 0.000985 0.003261 -0.011062 0.056051 -0.165907 40.7944874880 -218.6008212939 49.26721
S062 23MAY01 2023.3292 60065 2260 1 141.4 -69 -0.318007 4517751 -0.267205 49 0.274109 0.0000 0.000769 0.001040 0.003428 -0.045691 0.047737 -0.082810 40.7944874989 -218.6008213426 49.27411
S062 23MAY02 2023.3320 60066 2260 2 141.4 -69 -0.318253 4517751 -0.266274 49 0.273321 0.0000 0.000733 0.000960 0.003197 -0.044291 0.040362 -0.194922 40.7944875073 -218.6008213455 49.27332
S062 23MAY03 2023.3347 60067 2260 3 141.4 -69 -0.318883 4517751 -0.266406 49 0.273998 0.0000 0.000712 0.000969 0.003139 -0.045462 0.039476 -0.166587 40.7944875061 -218.6008213530 49.27400
S062 23MAY04 2023.3374 60068 2260 4 141.4 -69 -0.318041 4517751 -0.265102 49 0.279567 0.0000 0.000735 0.000981 0.003238 -0.053546 0.029332 -0.146829 40.7944875178 -218.6008213430 49.27957
S062 23MAY05 2023.3402 60069 2260 5 141.4 -69 -0.320202 4517751 -0.266007 49 0.275240 0.0000 0.000751 0.001017 0.003430 -0.021993 0.070127 -0.159245 40.7944875097 -218.6008213686 49.27524
S062 23MAY06 2023.3429 60070 2260 6 141.4 -69 -0.318988 4517751 -0.264537 49 0.278268 0.0000 0.000747 0.001004 0.003263 -0.092363 0.043624 -0.116850 40.7944875229 -218.6008213542 49.27827
S062 23MAY07 2023.3457 60071 2261 0 141.4 -69 -0.318140 4517751 -0.266130 49 0.275812 0.0000 0.000735 0.000980 0.003245 -0.017558 0.070664 -0.181158 40.7944875086 -218.6008213442 49.27581
S062 23MAY08 2023.3484 60072 2261 1 141.4 -69 -0.319308 4517751 -0.265580 49 0.273676 0.0000 0.000746 0.000990 0.003311 -0.048026 0.043723 -0.120943 40.7944875135 -218.6008213580 49.27368
S062 23MAY09 2023.3511 60073 2261 2 141.4 -69 -0.320086 4517751 -0.263483 49 0.266025 0.0000 0.000774 0.001028 0.003484 -0.025915 0.041740 -0.058221 40.7944875324 -218.6008213672 49.26602
S062 23MAY10 2023.3539 60074 2261 3 141.4 -69 -0.319643 4517751 -0.266430 49 0.270803 0.0000 0.000754 0.000981 0.003294 -0.014804 0.007482 -0.147808 40.7944875059 -218.6008213620 49.27080
S062 23MAY11 2023.3566 60075 2261 4 141.4 -69 -0.319062 4517751 -0.267086 49 0.272165 0.0000 0.000763 0.001030 0.003459 -0.024003 0.047151 -0.122455 40.7944874999 -218.6008213551 49.27217
S062 23MAY12 2023.3593 60076 2261 5 141.4 -69 -0.320275 4517751 -0.268002 49 0.274547 0.0000 0.000769 0.000991 0.003413 -0.022630 0.031691 -0.183504 40.7944874917 -218.6008213695 49.27455
S062 23MAY13 2023.3621 60077 2261 6 141.4 -69 -0.317963 4517751 -0.266434 49 0.276915 0.0000 0.000809 0.001052 0.003615 -0.057658 0.086576 -0.147777 40.7944875058 -218.6008213421 49.27692
S062 23MAY14 2023.3648 60078 2262 0 141.4 -69 -0.319631 4517751 -0.265927 49 0.275247 0.0000 0.000777 0.001025 0.003499 -0.041464 0.047029 -0.154103 40.7944875104 -218.6008213618 49.27525
S062 23MAY15 2023.3676 60079 2262 1 141.4 -69 -0.318844 4517751 -0.268185 49 0.277270 0.0000 0.000761 0.000991 0.003373 -0.044639 0.035871 -0.191554 40.7944874901 -218.6008213525 49.27727
S062 23MAY16 2023.3703 60080 2262 2 141.4 -69 -0.319548 4517751 -0.267459 49 0.275727 0.0000 0.000765 0.000981 0.003355 -0.029625 0.018416 -0.198688 40.7944874966 -218.6008213609 49.27573
S062 23MAY17 2023.3730 60081 2262 3 141.4 -69 -0.319624 4517751 -0.267924 49 0.271551 0.0000 0.000796 0.001011 0.003483 -0.032982 -0.008296 -0.111664 40.7944874924 -218.6008213617 49.27155
S062 23MAY18 2023.3758 60082 2262 4 141.4 -69 -0.320271 4517751 -0.265892 49 0.281825 0.0000 0.000789 0.001001 0.003454 -0.040224 -0.018369 -0.124250 40.7944875107 -218.6008213694 49.28182
S062 23MAY19 2023.3785 60083 2262 5 141.4 -69 -0.321162 4517751 -0.265184 49 0.279142 0.0000 0.000779 0.001014 0.003364 -0.037996 0.010711 -0.076802 40.7944875171 -218.6008213800 49.27914
S062 23MAY20 2023.3812 60084 2262 6 141.4 -69 -0.321343 4517751 -0.265123 49 0.278001 0.0000 0.000750 0.001005 0.003290 -0.002976 -0.007468 -0.188096 40.7944875176 -218.6008213821 49.27800
S062 23MAY21 2023.3840 60085 2263 0 141.4 -69 -0.319949 4517751 -0.266304 49 0.282969 0.0000 0.000785 0.001058 0.003469 -0.011636 0.009033 -0.162496 40.7944875070 -218.6008213656 49.28297
S062 23MAY22 2023.3867 60086 2263 1 141.4 -69 -0.319751 4517751 -0.265750 49 0.277247 0.0000 0.000775 0.000993 0.003388 -0.019989 -0.010205 -0.200946 40.7944875120 -218.6008213633 49.27725
S062 23MAY23 2023.3895 60087 2263 2 141.4 -69 -0.318731 4517751 -0.268559 49 0.274274 0.0000 0.000764 0.000972 0.003316 -0.064731 0.080118 -0.104337 40.7944874867 -218.6008213512 49.27427
S062 23MAY24 2023.3922 60088 2263 3 141.4 -69 -0.320248 4517751 -0.267739 49 0.281920 0.0000 0.000781 0.001053 0.003378 -0.051556 0.028036 -0.145869 40.7944874941 -218.6008213692 49.28192
S062 23MAY25 2023.3949 60089 2263 4 141.4 -69 -0.319215 4517751 -0.267385 49 0.275218 0.0000 0.000761 0.001012 0.003356 -0.063605 0.025734 -0.154319 40.7944874973 -218.6008213569 49.27522
S062 23MAY26 2023.3977 60090 2263 5 141.4 -69 -0.318117 4517751 -0.267414 49 0.270230 0.0000 0.000828 0.001031 0.003446 -0.106598 0.100568 -0.097093 40.7944874970 -218.6008213439 49.27023
S062 23MAY27 2023.4004 60091 2263 6 141.4 -69 -0.320522 4517751 -0.266128 49 0.268539 0.0000 0.000767 0.001007 0.003364 -0.061538 0.004841 -0.162838 40.7944875086 -218.6008213724 49.26854
S062 23MAY28 2023.4031 60092 2264 0 141.4 -69 -0.320327 4517751 -0.265399 49 0.268656 0.0000 0.000826 0.001077 0.003616 -0.092886 0.050555 -0.090615 40.7944875151 -218.6008213701 49.26866
S062 23MAY29 2023.4059 60093 2264 1 141.4 -69 -0.321117 4517751 -0.267637 49 0.272821 0.0000 0.000826 0.001088 0.003720 -0.006805 -0.015876 -0.146828 40.7944874950 -218.6008213794 49.27282
S062 23MAY30 2023.4086 60094 2264 2 141.4 -69 -0.320836 4517751 -0.264379 49 0.268298 0.0000 0.000836 0.001076 0.003656 -0.032761 0.008219 -0.119532 40.7944875243 -218.6008213761 49.26830
S062 23MAY31 2023.4114 60095 2264 3 141.4 -69 -0.319503 4517751 -0.267124 49 0.285952 0.0000 0.000783 0.001024 0.003467 -0.060486 0.017139 -0.216179 40.7944874996 -218.6008213603 49.28595
S062 23JUN01 2023.4141 60096 2264 4 141.4 -69 -0.320700 4517751 -0.267344 49 0.276517 0.0000 0.000791 0.000997 0.003480 -0.054724 0.018569 -0.203831 40.7944874976 -218.6008213745 49.27652
S062 23JUN02 2023.4168 60097 2264 5 141.4 -69 -0.318040 4517751 -0.265552 49 0.280653 0.0000 0.000835 0.001050 0.003648 -0.145198 0.005066 -0.166122 40.7944875138 -218.6008213430 49.28065
S062 23JUN03 2023.4196 60098 2264 6 141.4 -69 -0.318263 4517751 -0.267517 49 0.275038 0.0000 0.000876 0.001135 0.003905 -0.046121 0.076714 -0.022931 40.7944874961 -218.6008213456 49.27504
S062 23JUN04 2023.4223 60099 2265 0 141.4 -69 -0.321221 4517751 -0.270425 49 0.282328 0.0000 0.000802 0.001026 0.003536 -0.016093 0.078699 -0.123866 40.7944874699 -218.6008213807 49.28233
S062 23JUN05 2023.4251 60100 2265 1 141.4 -69 -0.320464 4517751 -0.267479 49 0.286974 0.0000 0.000782 0.001010 0.003492 -0.061065 0.031865 -0.204111 40.7944874964 -218.6008213717 49.28697
S062 23JUN06 2023.4278 60101 2265 2 141.4 -69 -0.319481 4517751 -0.268304 49 0.278673 0.0000 0.000791 0.001038 0.003504 -0.054952 -0.024292 -0.094541 40.7944874890 -218.6008213601 49.27867
S062 23JUN07 2023.4305 60102 2265 3 141.4 -69 -0.320947 4517751 -0.268565 49 0.277252 0.0000 0.000757 0.001034 0.003320 -0.072739 0.057292 -0.110066 40.7944874866 -218.6008213774 49.27725
S062 23JUN08 2023.4333 60103 2265 4 141.4 -69 -0.319610 4517751 -0.267284 49 0.278944 0.0000 0.000816 0.001095 0.003598 -0.051774 0.076208 -0.113754 40.7944874982 -218.6008213616 49.27894
S062 23JUN09 2023.4360 60104 2265 5 141.4 -69 -0.321339 4517751 -0.267832 49 0.279175 0.0000 0.000842 0.001105 0.003813 -0.083535 0.074203 -0.102573 40.7944874932 -218.6008213821 49.27917
S062 23JUN10 2023.4387 60105 2265 6 141.4 -69 -0.320888 4517751 -0.268041 49 0.277021 0.0000 0.000843 0.001119 0.003749 -0.067901 0.066127 -0.187160 40.7944874913 -218.6008213767 49.27702
S062 23JUN11 2023.4415 60106 2266 0 141.4 -69 -0.319859 4517751 -0.268150 49 0.280983 0.0000 0.000788 0.001053 0.003532 -0.029001 0.056333 -0.081092 40.7944874904 -218.6008213645 49.28098
S062 23JUN12 2023.4442 60107 2266 1 141.4 -69 -0.320838 4517751 -0.267023 49 0.278666 0.0000 0.000767 0.000994 0.003412 -0.058302 0.005591 -0.195759 40.7944875005 -218.6008213761 49.27867
S062 23JUN13 2023.4470 60108 2266 2 141.4 -69 -0.319988 4517751 -0.267981 49 0.280139 0.0000 0.000786 0.001044 0.003534 -0.046149 0.091387 -0.107062 40.7944874919 -218.6008213661 49.28014
S062 23JUN14 2023.4497 60109 2266 3 141.4 -69 -0.320555 4517751 -0.268439 49 0.284375 0.0000 0.000767 0.001013 0.003314 -0.100455 0.033869 -0.169499 40.7944874878 -218.6008213728 49.28438
S062 23JUN15 2023.4524 60110 2266 4 141.4 -69 -0.320067 4517751 -0.266120 49 0.282990 0.0000 0.000806 0.001033 0.003544 -0.052980 0.034796 -0.141996 40.7944875086 -218.6008213670 49.28299
S062 23JUN16 2023.4552 60111 2266 5 141.4 -69 -0.320020 4517751 -0.267284 49 0.279814 0.0000 0.000776 0.001000 0.003410 -0.024695 0.054812 -0.200910 40.7944874982 -218.6008213664 49.27981
S062 23JUN17 2023.4579 60112 2266 6 141.4 -69 -0.320650 4517751 -0.267014 49 0.280033 0.0000 0.000828 0.001036 0.003664 -0.086547 0.032335 -0.188634 40.7944875006 -218.6008213739 49.28003
S062 23JUN18 2023.4606 60113 2267 0 141.4 -69 -0.321691 4517751 -0.264085 49 0.277622 0.0000 0.000787 0.001023 0.003476 -0.073451 -0.021788 -0.129978 40.7944875270 -218.6008213862 49.27762
S062 23JUN19 2023.4634 60114 2267 1 141.4 -69 -0.317820 4517751 -0.267081 49 0.281959 0.0000 0.000807 0.001089 0.003650 -0.035370 0.063491 -0.120968 40.7944875000 -218.6008213404 49.28196
S062 23JUN20 2023.4661 60115 2267 2 141.4 -69 -0.319733 4517751 -0.267213 49 0.281675 0.0000 0.000795 0.001050 0.003588 -0.095797 0.051920 -0.142728 40.7944874988 -218.6008213630 49.28167
S062 23JUN21 2023.4689 60116 2267 3 141.4 -69 -0.319737 4517751 -0.267561 49 0.282369 0.0000 0.000813 0.001107 0.003679 -0.030458 0.104193 -0.193378 40.7944874957 -218.6008213631 49.28237
S062 23JUN22 2023.4716 60117 2267 4 141.4 -69 -0.320247 4517751 -0.266424 49 0.282467 0.0000 0.000798 0.001068 0.003614 -0.092309 0.072442 -0.135592 40.7944875059 -218.6008213691 49.28247
S062 23JUN23 2023.4743 60118 2267 5 141.4 -69 -0.319436 4517751 -0.268729 49 0.283354 0.0000 0.000804 0.001080 0.003698 -0.069835 0.054095 -0.134570 40.7944874852 -218.6008213595 49.28335
S062 23JUN24 2023.4771 60119 2267 6 141.4 -69 -0.320095 4517751 -0.267666 49 0.279325 0.0000 0.000766 0.001042 0.003425 -0.054199 0.005688 -0.131944 40.7944874947 -218.6008213673 49.27932
S062 23JUN25 2023.4798 60120 2268 0 141.4 -69 -0.319702 4517751 -0.266835 49 0.277019 0.0000 0.000779 0.001068 0.003640 -0.030158 0.034760 -0.235165 40.7944875022 -218.6008213627 49.27702
S062 23JUN26 2023.4825 60121 2268 1 141.4 -69 -0.319772 4517751 -0.267824 49 0.278658 0.0000 0.000789 0.001037 0.003608 -0.089576 0.136916 -0.184953 40.7944874933 -218.6008213635 49.27866
S062 23JUN27 2023.4853 60122 2268 2 141.4 -69 -0.317949 4517751 -0.267383 49 0.277955 0.0000 0.000774 0.001044 0.003506 -0.047257 0.072890 -0.132601 40.7944874973 -218.6008213419 49.27795
S062 23JUN28 2023.4880 60123 2268 3 141.4 -69 -0.319194 4517751 -0.268275 49 0.280810 0.0000 0.000780 0.001038 0.003550 -0.065001 0.095055 -0.124941 40.7944874892 -218.6008213567 49.28081
S062 23JUN29 2023.4908 60124 2268 4 141.4 -69 -0.317955 4517751 -0.267537 49 0.286272 0.0000 0.000807 0.001045 0.003675 -0.068714 0.119178 -0.181676 40.7944874959 -218.6008213420 49.28627
S062 23JUN30 2023.4935 60125 2268 5 141.4 -69 -0.317602 4517751 -0.270789 49 0.280033 0.0000 0.000796 0.001051 0.003664 -0.058690 0.025924 -0.175121 40.7944874666 -218.6008213378 49.28003
S062 23JUL01 2023.4962 60126 2268 6 141.4 -69 -0.318345 4517751 -0.266990 49 0.277226 0.0000 0.000839 0.001107 0.003755 -0.092225 0.061678 -0.134876 40.7944875008 -218.6008213466 49.27723
S062 23JUL02 2023.4990 60127 2269 0 141.4 -69 -0.318234 4517751 -0.269747 49 0.281443 0.0000 0.000772 0.001038 0.003506 -0.055141 0.059696 -0.176954 40.7944874760 -218.6008213453 49.28144
S062 23JUL03 2023.5017 60128 2269 1 141.4 -69 -0.318932 4517751 -0.268940 49 0.278023 0.0000 0.000757 0.001002 0.003409 -0.042119 0.060589 -0.172320 40.7944874833 -218.6008213536 49.27802
S062 23JUL04 2023.5044 60129 2269 2 141.4 -69 -0.317736 4517751 -0.266262 49 0.281276 0.0000 0.000750 0.000991 0.003393 -0.042092 0.139739 -0.174371 40.7944875074 -218.6008213394 49.28128
S062 23JUL05 2023.5072 60130 2269 3 141.4 -69 -0.318083 4517751 -0.267022 49 0.288866 0.0000 0.000795 0.001019 0.003521 -0.049929 0.063993 -0.156550 40.7944875005 -218.6008213435 49.28887
S062 23JUL06 2023.5099 60131 2269 4 141.4 -69 -0.315717 4517751 -0.267669 49 0.276196 0.0000 0.000801 0.001103 0.003544 -0.113025 0.010348 -0.127662 40.7944874947 -218.6008213155 49.27620
S062 23JUL07 2023.5127 60132 2269 5 141.4 -69 -0.318916 4517751 -0.268476 49 0.280446 0.0000 0.000815 0.001060 0.003626 -0.073048 0.122138 -0.188869 40.7944874874 -218.6008213534 49.28045
S062 23JUL08 2023.5154 60133 2269 6 141.4 -69 -0.319346 4517751 -0.264604 49 0.272406 0.0000 0.000787 0.001031 0.003500 -0.061621 0.032073 -0.191921 40.7944875223 -218.6008213585 49.27241
S062 23JUL09 2023.5181 60134 2270 0 141.4 -69 -0.318967 4517751 -0.268742 49 0.288235 0.0000 0.000887 0.001175 0.004132 -0.113296 0.102554 -0.178133 40.7944874850 -218.6008213540 49.28823
S062 23JUL10 2023.5209 60135 2270 1 141.4 -69 -0.317128 4517751 -0.267473 49 0.283491 0.0000 0.000888 0.001222 0.004096 -0.082224 0.055900 -0.108353 40.7944874965 -218.6008213322 49.28349
S062 23JUL11 2023.5236 60136 2270 2 141.4 -69 -0.319638 4517751 -0.265731 49 0.274096 0.0000 0.000909 0.001189 0.004161 -0.060622 0.007302 -0.163592 40.7944875122 -218.6008213619 49.27410
S062 23JUL12 2023.5264 60137 2270 3 141.4 -69 -0.320057 4517751 -0.267417 49 0.287441 0.0000 0.000870 0.001142 0.004053 -0.091327 0.033381 -0.231871 40.7944874970 -218.6008213669 49.28744
S062 23JUL13 2023.5291 60138 2270 4 141.4 -69 -0.318584 4517751 -0.267849 49 0.291714 0.0000 0.000837 0.001128 0.003754 -0.063194 0.012035 -0.135699 40.7944874931 -218.6008213494 49.29171
S062 23JUL14 2023.5318 60139 2270 5 141.4 -69 -0.316991 4517751 -0.270358 49 0.277228 0.0000 0.000821 0.001089 0.003770 -0.075102 0.011735 -0.192189 40.7944874705 -218.6008213306 49.27723
S062 23JUL15 2023.5346 60140 2270 6 141.4 -69 -0.317167 4517751 -0.267606 49 0.276504 0.0000 0.000852 0.001124 0.003838 -0.011287 0.088664 -0.145637 40.7944874953 -218.6008213326 49.27650
S062 23JUL16 2023.5373 60141 2271 0 141.4 -69 -0.318466 4517751 -0.267497 49 0.283076 0.0000 0.000843 0.001043 0.003742 -0.013258 0.005739 -0.172518 40.7944874963 -218.6008213480 49.28308
S062 23JUL17 2023.5400 60142 2271 1 141.4 -69 -0.317664 4517751 -0.267270 49 0.286993 0.0000 0.000811 0.001093 0.003635 -0.007310 -0.040178 -0.114252 40.7944874983 -218.6008213385 49.28699
S062 23JUL18 2023.5428 60143 2271 2 141.4 -69 -0.316662 4517751 -0.268814 49 0.282886 0.0000 0.000812 0.001100 0.003728 -0.023350 0.006808 -0.196843 40.7944874844 -218.6008213267 49.28289
S062 23JUL19 2023.5455 60144 2271 3 141.4 -69 -0.317762 4517751 -0.268025 49 0.278463 0.0000 0.000804 0.001074 0.003634 -0.087240 0.007589 -0.162225 40.7944874915 -218.6008213397 49.27846
S062 23JUL20 2023.5483 60145 2271 4 141.4 -69 -0.320253 4517751 -0.267713 49 0.284710 0.0000 0.000768 0.001030 0.003415 -0.046122 0.039718 -0.173264 40.7944874943 -218.6008213692 49.28471
S062 23JUL21 2023.5510 60146 2271 5 141.4 -69 -0.317736 4517751 -0.267014 49 0.283111 0.0000 0.000788 0.001028 0.003524 -0.053569 0.025714 -0.152725 40.7944875006 -218.6008213394 49.28311
S062 23JUL22 2023.5537 60147 2271 6 141.4 -69 -0.317758 4517751 -0.267679 49 0.281813 0.0000 0.000824 0.001026 0.003615 -0.011046 0.053306 -0.152917 40.7944874946 -218.6008213396 49.28181
S062 23JUL23 2023.5565 60148 2272 0 141.4 -69 -0.317629 4517751 -0.266908 49 0.285520 0.0000 0.000780 0.001015 0.003499 -0.013882 -0.046345 -0.205734 40.7944875016 -218.6008213381 49.28552
S062 23JUL24 2023.5592 60149 2272 1 141.4 -69 -0.318231 4517751 -0.270113 49 0.284003 0.0000 0.000816 0.001078 0.003626 -0.021425 0.080008 -0.139576 40.7944874727 -218.6008213452 49.28400
S062 23JUL25 2023.5619 60150 2272 2 141.4 -69 -0.315371 4517751 -0.269965 49 0.278101 0.0000 0.000802 0.001036 0.003599 -0.039494 0.007042 -0.177730 40.7944874740 -218.6008213114 49.27810
S062 23JUL26 2023.5647 60151 2272 3 141.4 -69 -0.318091 4517751 -0.269204 49 0.277315 0.0000 0.000799 0.001046 0.003644 -0.015852 0.050158 -0.169971 40.7944874809 -218.6008213436 49.27731
S062 23JUL27 2023.5674 60152 2272 4 141.4 -69 -0.316628 4517751 -0.266083 49 0.274893 0.0000 0.000819 0.001054 0.003808 -0.013208 0.118960 -0.143366 40.7944875090 -218.6008213263 49.27489
S062 23JUL28 2023.5702 60153 2272 5 141.4 -69 -0.317432 4517751 -0.267924 49 0.279836 0.0000 0.000857 0.001069 0.003823 0.007588 -0.042657 -0.236733 40.7944874924 -218.6008213358 49.27984
S062 23JUL29 2023.5729 60154 2272 6 141.4 -69 -0.316494 4517751 -0.269373 49 0.281646 0.0000 0.000778 0.001005 0.003441 -0.037638 0.011663 -0.154129 40.7944874794 -218.6008213247 49.28165
S062 23JUL30 2023.5756 60155 2273 0 141.4 -69 -0.317537 4517751 -0.269800 49 0.280836 0.0000 0.000819 0.001108 0.003796 -0.055497 0.035037 -0.112484 40.7944874755 -218.6008213370 49.28084
S062 23JUL31 2023.5784 60156 2273 1 141.4 -69 -0.318028 4517751 -0.268402 49 0.283297 0.0000 0.000778 0.001045 0.003572 -0.038399 0.024406 -0.164519 40.7944874881 -218.6008213428 49.28330
S062 23AUG01 2023.5811 60157 2273 2 141.4 -69 -0.319600 4517751 -0.267478 49 0.278926 0.0000 0.000814 0.001026 0.003618 -0.041716 0.051868 -0.229927 40.7944874964 -218.6008213615 49.27893
S062 23AUG02 2023.5838 60158 2273 3 141.4 -69 -0.315725 4517751 -0.269564 49 0.288360 0.0000 0.000763 0.000989 0.003350 -0.016197 0.015781 -0.196467 40.7944874776 -218.6008213156 49.28836
S062 23AUG03 2023.5866 60159 2273 4 141.4 -69 -0.317859 4517751 -0.269698 49 0.292316 0.0000 0.000785 0.001045 0.003510 -0.026411 0.021004 -0.187823 40.7944874764 -218.6008213408 49.29232
S062 23AUG04 2023.5893 60160 2273 5 141.4 -69 -0.317442 4517751 -0.268445 49 0.286662 0.0000 0.000783 0.001045 0.003528 -0.049845 0.009298 -0.152253 40.7944874877 -218.6008213359 49.28666
S062 23AUG05 2023.5921 60161 2273 6 141.4 -69 -0.315833 4517751 -0.268272 49 0.288078 0.0000 0.000777 0.000997 0.003444 -0.026286 0.022698 -0.199613 40.7944874893 -218.6008213168 49.28808
S062 23AUG06 2023.5948 60162 2274 0 141.4 -69 -0.314751 4517751 -0.269207 49 0.277232 0.0000 0.000801 0.001057 0.003628 -0.048261 0.055525 -0.195196 40.7944874809 -218.6008213040 49.27723
S062 23AUG07 2023.5975 60163 2274 1 141.4 -69 -0.318061 4517751 -0.268280 49 0.284558 0.0000 0.000770 0.001034 0.003490 -0.039919 -0.001360 -0.159439 40.7944874892 -218.6008213432 49.28456
S062 23AUG08 2023.6003 60164 2274 2 141.4 -69 -0.314337 4517751 -0.270306 49 0.282045 0.0000 0.000768 0.001024 0.003389 -0.047311 0.007887 -0.105354 40.7944874709 -218.6008212991 49.28205
S062 23AUG09 2023.6030 60165 2274 3 141.4 -69 -0.315525 4517751 -0.269362 49 0.285801 0.0000 0.000776 0.000981 0.003395 -0.054887 -0.012712 -0.122337 40.7944874795 -218.6008213132 49.28580
S062 23AUG10 2023.6057 60166 2274 4 141.4 -69 -0.316099 4517751 -0.269677 49 0.287133 0.0000 0.000807 0.001026 0.003611 -0.000449 0.033749 -0.229397 40.7944874766 -218.6008213200 49.28713
S062 23AUG11 2023.6085 60167 2274 5 141.4 -69 -0.315072 4517751 -0.270697 49 0.278122 0.0000 0.000860 0.001135 0.003910 -0.024156 0.072056 -0.102557 40.7944874674 -218.6008213078 49.27812
S062 23AUG12 2023.6112 60168 2274 6 141.4 -69 -0.315123 4517751 -0.267506 49 0.282712 0.0000 0.000862 0.001155 0.003913 -0.049797 -0.001776 -0.204103 40.7944874962 -218.6008213084 49.28271
S062 23AUG13 2023.6140 60169 2275 0 141.4 -69 -0.316798 4517751 -0.270288 49 0.285629 0.0000 0.000803 0.001029 0.003510 -0.051966 0.011129 -0.119673 40.7944874711 -218.6008213283 49.28563
S062 23AUG14 2023.6167 60170 2275 1 141.4 -69 -0.316324 4517751 -0.270681 49 0.284044 0.0000 0.000775 0.001048 0.003461 -0.051449 -0.020309 -0.147525 40.7944874676 -218.6008213227 49.28404
S062 23AUG15 2023.6194 60171 2275 2 141.4 -69 -0.313812 4517751 -0.268642 49 0.280642 0.0000 0.000836 0.001102 0.003822 -0.022569 0.047446 -0.118449 40.7944874859 -218.6008212929 49.28064
S062 23AUG16 2023.6222 60172 2275 3 141.4 -69 -0.316163 4517751 -0.268248 49 0.292578 0.0000 0.000803 0.001039 0.003615 -0.050835 0.067788 -0.128274 40.7944874895 -218.6008213207 49.29258
S062 23AUG17 2023.6249 60173 2275 4 141.4 -69 -0.313122 4517751 -0.266794 49 0.277583 0.0000 0.000876 0.001111 0.003881 -0.115721 0.052993 -0.165739 40.7944875026 -218.6008212847 49.27758
S062 23AUG18 2023.6277 60174 2275 5 141.4 -69 -0.318045 4517751 -0.268433 49 0.281970 0.0000 0.000803 0.001053 0.003577 -0.068340 -0.005179 -0.129489 40.7944874878 -218.6008213430 49.28197
S062 23AUG19 2023.6304 60175 2275 6 141.4 -69 -0.314833 4517751 -0.270071 49 0.283635 0.0000 0.000821 0.001043 0.003633 -0.047021 0.046972 -0.177730 40.7944874731 -218.6008213050 49.28364
S062 23AUG20 2023.6331 60176 2276 0 141.4 -69 -0.314714 4517751 -0.268884 49 0.275758 0.0000 0.000799 0.001033 0.003543 -0.065738 0.015715 -0.149754 40.7944874838 -218.6008213036 49.27576
S062 23AUG21 2023.6359 60177 2276 1 141.4 -69 -0.315958 4517751 -0.271220 49 0.286470 0.0000 0.000829 0.001049 0.003759 -0.034956 0.082885 -0.141571 40.7944874627 -218.6008213183 49.28647
S062 23AUG22 2023.6386 60178 2276 2 141.4 -69 -0.315591 4517751 -0.271022 49 0.280334 0.0000 0.000810 0.001071 0.003655 -0.000625 0.004522 -0.198108 40.7944874645 -218.6008213140 49.28033
S062 23AUG23 2023.6413 60179 2276 3 141.4 -69 -0.314937 4517751 -0.269489 49 0.284813 0.0000 0.000797 0.001005 0.003472 -0.086047 0.050149 -0.079041 40.7944874783 -218.6008213062 49.28481
S062 23AUG24 2023.6441 60180 2276 4 141.4 -69 -0.314107 4517751 -0.271484 49 0.279557 0.0000 0.000838 0.001028 0.003601 -0.112084 -0.023568 -0.091762 40.7944874603 -218.6008212964 49.27956
S062 23AUG25 2023.6468 60181 2276 5 141.4 -69 -0.316696 4517751 -0.269354 49 0.279873 0.0000 0.000809 0.001108 0.003750 -0.011864 0.080193 -0.130141 40.7944874795 -218.6008213271 49.27987
S062 23AUG26 2023.6496 60182 2276 6 141.4 -69 -0.314779 4517751 -0.270994 49 0.282188 0.0000 0.000764 0.001016 0.003493 -0.035357 0.029122 -0.227065 40.7944874648 -218.6008213043 49.28219
S062 23AUG27 2023.6523 60183 2277 0 141.4 -69 -0.315575 4517751 -0.271125 49 0.276871 0.0000 0.000803 0.001015 0.003543 -0.063633 0.060232 -0.173000 40.7944874636 -218.6008213138 49.27687
S062 23AUG28 2023.6550 60184 2277 1 141.4 -69 -0.316448 4517751 -0.269031 49 0.278920 0.0000 0.000757 0.001004 0.003293 -0.068537 0.067824 -0.115746 40.7944874824 -218.6008213241 49.27892
S062 23AUG29 2023.6578 60185 2277 2 141.4 -69 -0.315069 4517751 -0.271544 49 0.280693 0.0000 0.000755 0.001010 0.003419 -0.036961 -0.013875 -0.209811 40.7944874598 -218.6008213078 49.28069
S062 23AUG30 2023.6605 60186 2277 3 141.4 -69 -0.315659 4517751 -0.269840 49 0.277972 0.0000 0.000764 0.000995 0.003353 -0.047739 0.024404 -0.173439 40.7944874751 -218.6008213148 49.27797
S062 23AUG31 2023.6632 60187 2277 4 141.4 -69 -0.315150 4517751 -0.269909 49 0.272665 0.0000 0.000774 0.001029 0.003490 -0.049864 0.012537 -0.145422 40.7944874745 -218.6008213087 49.27267
S062 23SEP01 2023.6660 60188 2277 5 141.4 -69 -0.312702 4517751 -0.271520 49 0.275982 0.0000 0.000825 0.001045 0.003734 -0.010601 -0.082025 -0.188547 40.7944874600 -218.6008212797 49.27598
S062 23SEP02 2023.6687 60189 2277 6 141.4 -69 -0.316299 4517751 -0.270763 49 0.276179 0.0000 0.000780 0.001011 0.003498 -0.041520 0.016078 -0.184612 40.7944874668 -218.6008213223 49.27618
S062 23SEP03 2023.6715 60190 2278 0 141.4 -69 -0.313079 4517751 -0.271992 49 0.276159 0.0000 0.000754 0.000995 0.003391 -0.038993 0.031031 -0.204616 40.7944874558 -218.6008212842 49.27616
S062 23SEP04 2023.6742 60191 2278 1 141.4 -69 -0.316587 4517751 -0.272309 49 0.279954 0.0000 0.000767 0.000998 0.003375 -0.030207 -0.014296 -0.147288 40.7944874529 -218.6008213258 49.27995
S062 23SEP05 2023.6769 60192 2278 2 141.4 -69 -0.313601 4517751 -0.271345 49 0.280464 0.0000 0.000740 0.000968 0.003317 -0.019907 -0.006249 -0.223435 40.7944874616 -218.6008212904 49.28046
S062 23SEP06 2023.6797 60193 2278 3 141.4 -69 -0.316680 4517751 -0.269356 49 0.279137 0.0000 0.000788 0.001018 0.003536 0.007696 -0.009286 -0.188561 40.7944874795 -218.6008213269 49.27914
S062 23SEP07 2023.6824 60194 2278 4 141.4 -69 -0.314627 4517751 -0.273608 49 0.277840 0.0000 0.000778 0.001000 0.003467 -0.021283 -0.014636 -0.184104 40.7944874412 -218.6008213025 49.27784
S062 23SEP08 2023.6851 60195 2278 5 141.4 -69 -0.314486 4517751 -0.271297 49 0.276393 0.0000 0.000813 0.001024 0.003555 -0.021132 0.016294 -0.174168 40.7944874620 -218.6008213009 49.27639
S062 23SEP09 2023.6879 60196 2278 6 141.4 -69 -0.313851 4517751 -0.272078 49 0.279477 0.0000 0.000763 0.000997 0.003413 -0.018193 -0.023881 -0.200453 40.7944874550 -218.6008212933 49.27948
S062 23SEP10 2023.6906 60197 2279 0 141.4 -69 -0.314381 4517751 -0.270741 49 0.283051 0.0000 0.000752 0.000992 0.003336 -0.050995 0.015116 -0.174856 40.7944874670 -218.6008212996 49.28305
S062 23SEP11 2023.6934 60198 2279 1 141.4 -69 -0.314577 4517751 -0.272905 49 0.282924 0.0000 0.000787 0.001013 0.003448 -0.065481 0.060567 -0.201142 40.7944874476 -218.6008213019 49.28292
S062 23SEP12 2023.6961 60199 2279 2 141.4 -69 -0.314356 4517751 -0.273388 49 0.280060 0.0000 0.000792 0.001022 0.003518 -0.032424 0.036522 -0.142145 40.7944874432 -218.6008212993 49.28006
S062 23SEP13 2023.6988 60200 2279 3 141.4 -69 -0.316385 4517751 -0.274513 49 0.279950 0.0000 0.000771 0.001020 0.003464 -0.046295 0.091624 -0.183529 40.7944874331 -218.6008213234 49.27995
S062 23SEP14 2023.7016 60201 2279 4 141.4 -69 -0.313613 4517751 -0.272603 49 0.277602 0.0000 0.000851 0.001066 0.003758 -0.040977 -0.015097 -0.147846 40.7944874503 -218.6008212905 49.27760
S062 23SEP15 2023.7043 60202 2279 5 141.4 -69 -0.313303 4517751 -0.273686 49 0.286290 0.0000 0.000814 0.001050 0.003667 -0.028694 -0.031881 -0.173872 40.7944874405 -218.6008212869 49.28629
S062 23SEP16 2023.7070 60203 2279 6 141.4 -69 -0.312378 4517751 -0.274091 49 0.272307 0.0000 0.000794 0.001048 0.003571 -0.048921 -0.025369 -0.171412 40.7944874369 -218.6008212759 49.27231
S062 23SEP17 2023.7098 60204 2280 0 141.4 -69 -0.315720 4517751 -0.272665 49 0.272127 0.0000 0.000782 0.001001 0.003440 -0.011678 0.088564 -0.165101 40.7944874497 -218.6008213155 49.27213
S062 23SEP18 2023.7125 60205 2280 1 141.4 -69 -0.315478 4517751 -0.276881 49 0.266636 0.0000 0.000833 0.001074 0.003707 0.010166 -0.002328 -0.165781 40.7944874117 -218.6008213126 49.26664
S062 23SEP19 2023.7153 60206 2280 2 141.4 -69 -0.313656 4517751 -0.274474 49 0.279541 0.0000 0.000809 0.001091 0.003734 0.001366 -0.024991 -0.169969 40.7944874334 -218.6008212910 49.27954
S062 23SEP20 2023.7180 60207 2280 3 141.4 -69 -0.316062 4517751 -0.273296 49 0.279109 0.0000 0.000823 0.001052 0.003718 -0.030492 -0.046121 -0.184913 40.7944874440 -218.6008213195 49.27911
S062 23SEP21 2023.7207 60208 2280 4 141.4 -69 -0.315029 4517751 -0.270912 49 0.273185 0.0000 0.000777 0.001022 0.003469 0.006046 -0.028761 -0.208883 40.7944874655 -218.6008213073 49.27319
S062 23SEP22 2023.7235 60209 2280 5 141.4 -69 -0.313347 4517751 -0.272531 49 0.275752 0.0000 0.000767 0.000996 0.003417 -0.007151 0.046141 -0.120376 40.7944874509 -218.6008212874 49.27575
S062 23SEP23 2023.7262 60210 2280 6 141.4 -69 -0.313644 4517751 -0.273035 49 0.270179 0.0000 0.000766 0.000989 0.003359 -0.041909 0.006146 -0.175451 40.7944874464 -218.6008212909 49.27018
S062 23SEP24 2023.7290 60211 2281 0 141.4 -69 -0.313631 4517751 -0.273195 49 0.274604 0.0000 0.000771 0.000994 0.003387 -0.056277 0.009025 -0.183479 40.7944874449 -218.6008212907 49.27460
S062 23SEP25 2023.7317 60212 2281 1 141.4 -69 -0.315245 4517751 -0.272585 49 0.283777 0.0000 0.000790 0.001045 0.003529 -0.045070 -0.018660 -0.173712 40.7944874504 -218.6008213099 49.28378
S062 23SEP26 2023.7344 60213 2281 2 141.4 -69 -0.313582 4517751 -0.272166 49 0.273231 0.0000 0.000776 0.001051 0.003470 0.024040 -0.010683 -0.162975 40.7944874542 -218.6008212902 49.27323
S062 23SEP27 2023.7372 60214 2281 3 141.4 -69 -0.311056 4517751 -0.274525 49 0.278791 0.0000 0.000762 0.001019 0.003379 0.020287 -0.029725 -0.176929 40.7944874330 -218.6008212602 49.27879
S062 23SEP28 2023.7399 60215 2281 4 141.4 -69 -0.311416 4517751 -0.275668 49 0.278076 0.0000 0.000798 0.001077 0.003676 0.032426 0.015806 -0.170013 40.7944874227 -218.6008212645 49.27808
S062 23SEP29 2023.7426 60216 2281 5 141.4 -69 -0.311501 4517751 -0.273506 49 0.277950 0.0000 0.000781 0.001015 0.003495 -0.040704 0.057662 -0.169724 40.7944874421 -218.6008212655 49.27795
S062 23SEP30 2023.7454 60217 2281 6 141.4 -69 -0.313152 4517751 -0.273107 49 0.275146 0.0000 0.000774 0.001000 0.003386 -0.032512 -0.020760 -0.125054 40.7944874457 -218.6008212851 49.27515
S062 23OCT01 2023.7481 60218 2282 0 141.4 -69 -0.313511 4517751 -0.277780 49 0.271548 0.0000 0.000794 0.001058 0.003601 -0.050982 -0.032776 -0.141934 40.7944874036 -218.6008212893 49.27155
S062 23OCT02 2023.7509 60219 2282 1 141.4 -69 -0.313846 4517751 -0.275305 49 0.267822 0.0000 0.000863 0.001058 0.003892 -0.005410 0.087591 -0.149623 40.7944874259 -218.6008212933 49.26782
S062 23OCT03 2023.7536 60220 2282 2 141.4 -69 -0.310137 4517751 -0.273594 49 0.272456 0.0000 0.000780 0.001022 0.003533 -0.013891 0.033439 -0.187040 40.7944874413 -218.6008212493 49.27246
S062 23OCT04 2023.7563 60221 2282 3 141.4 -69 -0.311705 4517751 -0.274584 49 0.279018 0.0000 0.000754 0.000991 0.003350 -0.032318 0.042743 -0.127785 40.7944874324 -218.6008212679 49.27902
S062 23OCT05 2023.7591 60222 2282 4 141.4 -69 -0.309181 4517751 -0.275755 49 0.280015 0.0000 0.000795 0.001046 0.003638 -0.014073 0.046976 -0.150001 40.7944874219 -218.6008212380 49.28001
S062 23OCT06 2023.7618 60223 2282 5 141.4 -69 -0.310871 4517751 -0.276820 49 0.278383 0.0000 0.000793 0.001080 0.003647 -0.051823 0.033579 -0.180053 40.7944874123 -218.6008212580 49.27838
S062 23OCT07 2023.7645 60224 2282 6 141.4 -69 -0.312805 4517751 -0.275797 49 0.273916 0.0000 0.000790 0.001040 0.003503 -0.058056 0.014744 -0.151764 40.7944874215 -218.6008212810 49.27392
S062 23OCT08 2023.7673 60225 2283 0 141.4 -69 -0.313477 4517751 -0.274533 49 0.278035 0.0000 0.000790 0.001060 0.003491 -0.064211 -0.025450 -0.184162 40.7944874329 -218.6008212889 49.27803
S062 23OCT09 2023.7700 60226 2283 1 141.4 -69 -0.312453 4517751 -0.274229 49 0.273382 0.0000 0.000782 0.001038 0.003489 -0.035752 0.028216 -0.161036 40.7944874356 -218.6008212768 49.27338
S062 23OCT10 2023.7728 60227 2283 2 141.4 -69 -0.310701 4517751 -0.275755 49 0.273764 0.0000 0.000768 0.001007 0.003407 -0.009891 -0.051237 -0.192550 40.7944874219 -218.6008212560 49.27376
S062 23OCT11 2023.7755 60228 2283 3 141.4 -69 -0.312670 4517751 -0.273535 49 0.268476 0.0000 0.000787 0.001017 0.003521 0.006449 -0.060393 -0.172842 40.7944874419 -218.6008212794 49.26848
S062 23OCT12 2023.7782 60229 2283 4 141.4 -69 -0.311271 4517751 -0.274315 49 0.281135 0.0000 0.000800 0.001028 0.003600 -0.007358 -0.053076 -0.169347 40.7944874349 -218.6008212628 49.28113
S062 23OCT13 2023.7810 60230 2283 5 141.4 -69 -0.310303 4517751 -0.273517 49 0.275141 0.0000 0.000776 0.001024 0.003433 0.003497 -0.014230 -0.168048 40.7944874420 -218.6008212513 49.27514
S062 23OCT14 2023.7837 60231 2283 6 141.4 -69 -0.311242 4517751 -0.274467 49 0.275922 0.0000 0.000781 0.001019 0.003602 0.010411 -0.027887 -0.195528 40.7944874335 -218.6008212624 49.27592
S062 23OCT15 2023.7864 60232 2284 0 141.4 -69 -0.309296 4517751 -0.272734 49 0.278009 0.0000 0.000806 0.001045 0.003623 -0.045809 0.001144 -0.206622 40.7944874491 -218.6008212394 49.27801
S062 23OCT16 2023.7892 60233 2284 1 141.4 -69 -0.313280 4517751 -0.274169 49 0.268949 0.0000 0.000810 0.001044 0.003647 -0.023766 -0.030666 -0.159996 40.7944874362 -218.6008212866 49.26895
S062 23OCT17 2023.7919 60234 2284 2 141.4 -69 -0.310870 4517751 -0.276072 49 0.273915 0.0000 0.000764 0.001014 0.003410 -0.007560 -0.053508 -0.147222 40.7944874190 -218.6008212580 49.27392
S062 23OCT18 2023.7947 60235 2284 3 141.4 -69 -0.311194 4517751 -0.275653 49 0.276756 0.0000 0.000781 0.001030 0.003475 -0.007316 -0.096652 -0.178047 40.7944874228 -218.6008212619 49.27676
S062 23OCT19 2023.7974 60236 2284 4 141.4 -69 -0.311259 4517751 -0.276703 49 0.271221 0.0000 0.000806 0.001058 0.003620 0.004776 -0.002556 -0.160230 40.7944874134 -218.6008212626 49.27122
S062 23OCT20 2023.8001 60237 2284 5 141.4 -69 -0.311983 4517751 -0.277204 49 0.278278 0.0000 0.000777 0.001039 0.003547 -0.001823 -0.025668 -0.204603 40.7944874088 -218.6008212712 49.27828
S062 23OCT21 2023.8029 60238 2284 6 141.4 -69 -0.309721 4517751 -0.276723 49 0.269601 0.0000 0.000779 0.001000 0.003453 -0.026828 -0.048867 -0.173934 40.7944874132 -218.6008212444 49.26960
S062 23OCT22 2023.8056 60239 2285 0 141.4 -69 -0.310489 4517751 -0.275067 49 0.268995 0.0000 0.000772 0.001028 0.003558 0.005217 -0.076832 -0.216917 40.7944874281 -218.6008212535 49.26899
S062 23OCT23 2023.8084 60240 2285 1 141.4 -69 -0.310044 4517751 -0.276237 49 0.274199 0.0000 0.000774 0.001025 0.003420 -0.042415 -0.046245 -0.136171 40.7944874175 -218.6008212482 49.27420
S062 23OCT24 2023.8111 60241 2285 2 141.4 -69 -0.310690 4517751 -0.275203 49 0.276448 0.0000 0.000737 0.000999 0.003264 -0.026782 -0.035698 -0.169701 40.7944874269 -218.6008212559 49.27645
S062 23OCT25 2023.8138 60242 2285 3 141.4 -69 -0.310803 4517751 -0.274079 49 0.278835 0.0000 0.000760 0.001002 0.003469 0.014142 -0.036751 -0.208285 40.7944874370 -218.6008212572 49.27884
S062 23OCT26 2023.8166 60243 2285 4 141.4 -69 -0.310752 4517751 -0.276180 49 0.279660 0.0000 0.000769 0.001038 0.003444 0.024895 -0.074173 -0.176523 40.7944874181 -218.6008212566 49.27966
S062 23OCT27 2023.8193 60244 2285 5 141.4 -69 -0.311508 4517751 -0.276743 49 0.278461 0.0000 0.000760 0.001010 0.003405 0.006850 -0.059815 -0.175744 40.7944874130 -218.6008212656 49.27846
S062 23OCT28 2023.8220 60245 2285 6 141.4 -69 -0.310030 4517751 -0.276039 49 0.276603 0.0000 0.000785 0.001041 0.003565 -0.039391 -0.022733 -0.114146 40.7944874193 -218.6008212481 49.27660
S062 23OCT29 2023.8248 60246 2286 0 141.4 -69 -0.310178 4517751 -0.277000 49 0.275944 0.0000 0.000768 0.001000 0.003542 -0.011751 -0.050117 -0.191629 40.7944874107 -218.6008212498 49.27594
S062 23OCT30 2023.8275 60247 2286 1 141.4 -69 -0.310269 4517751 -0.276327 49 0.272285 0.0000 0.000778 0.001010 0.003516 -0.014226 0.006770 -0.184011 40.7944874167 -218.6008212509 49.27228
S062 23OCT31 2023.8303 60248 2286 2 141.4 -69 -0.309889 4517751 -0.275794 49 0.279335 0.0000 0.000771 0.001030 0.003464 -0.011040 -0.000544 -0.146631 40.7944874215 -218.6008212464 49.27933
S062 23NOV01 2023.8330 60249 2286 3 141.4 -69 -0.310547 4517751 -0.275556 49 0.276996 0.0000 0.000753 0.001000 0.003317 -0.006245 0.050748 -0.149988 40.7944874237 -218.6008212542 49.27700
S062 23NOV02 2023.8357 60250 2286 4 141.4 -69 -0.312150 4517751 -0.275516 49 0.276762 0.0000 0.000775 0.001019 0.003439 -0.039221 -0.005951 -0.149847 40.7944874240 -218.6008212732 49.27676
S062 23NOV03 2023.8385 60251 2286 5 141.4 -69 -0.310268 4517751 -0.275066 49 0.273761 0.0000 0.000797 0.001016 0.003561 -0.038225 0.040491 -0.121626 40.7944874281 -218.6008212509 49.27376
S062 23NOV04 2023.8412 60252 2286 6 141.4 -69 -0.311686 4517751 -0.275932 49 0.265566 0.0000 0.000779 0.001000 0.003524 -0.022866 0.057977 -0.226787 40.7944874203 -218.6008212677 49.26557
S062 23NOV05 2023.8439 60253 2287 0 141.4 -69 -0.309516 4517751 -0.276451 49 0.273892 0.0000 0.000867 0.001089 0.003831 -0.020266 0.037168 -0.112429 40.7944874156 -218.6008212420 49.27389
S062 23NOV06 2023.8467 60254 2287 1 141.4 -69 -0.310971 4517751 -0.274611 49 0.279052 0.0000 0.000798 0.001038 0.003578 -0.009481 -0.006939 -0.157042 40.7944874322 -218.6008212592 49.27905
S062 23NOV07 2023.8494 60255 2287 2 141.4 -69 -0.308619 4517751 -0.275887 49 0.267071 0.0000 0.000805 0.001034 0.003597 -0.007194 0.077641 -0.147994 40.7944874207 -218.6008212314 49.26707
S062 23NOV08 2023.8522 60256 2287 3 141.4 -69 -0.312094 4517751 -0.274371 49 0.269701 0.0000 0.000769 0.000981 0.003388 -0.024795 0.131567 -0.172496 40.7944874343 -218.6008212725 49.26970
S062 23NOV09 2023.8549 60257 2287 4 141.4 -69 -0.309954 4517751 -0.278373 49 0.272068 0.0000 0.000793 0.001005 0.003575 -0.011799 0.151298 -0.138113 40.7944873983 -218.6008212472 49.27207
S062 23NOV10 2023.8576 60258 2287 5 141.4 -69 -0.308965 4517751 -0.278261 49 0.271543 0.0000 0.000819 0.001047 0.003756 0.006256 0.076121 -0.162504 40.7944873993 -218.6008212354 49.27154
S062 23NOV11 2023.8604 60259 2287 6 141.4 -69 -0.311677 4517751 -0.277791 49 0.268780 0.0000 0.000781 0.001027 0.003569 -0.021179 0.023919 -0.220668 40.7944874036 -218.6008212676 49.26878
S062 23NOV12 2023.8631 60260 2288 0 141.4 -69 -0.309139 4517751 -0.277681 49 0.269407 0.0000 0.000780 0.001033 0.003602 0.020073 -0.032080 -0.197892 40.7944874045 -218.6008212375 49.26941
S062 23NOV13 2023.8658 60261 2288 1 141.4 -69 -0.309181 4517751 -0.276359 49 0.279874 0.0000 0.000800 0.001018 0.003473 -0.016310 0.025610 -0.130219 40.7944874164 -218.6008212380 49.27987
S062 23NOV14 2023.8686 60262 2288 2 141.4 -69 -0.309587 4517751 -0.277162 49 0.267903 0.0000 0.000795 0.001021 0.003491 -0.016922 0.021887 -0.093284 40.7944874092 -218.6008212428 49.26790
S062 23NOV15 2023.8713 60263 2288 3 141.4 -69 -0.309093 4517751 -0.278941 49 0.270689 0.0000 0.000790 0.001011 0.003513 -0.007693 0.016020 -0.199085 40.7944873932 -218.6008212370 49.27069
S062 23NOV16 2023.8741 60264 2288 4 141.4 -69 -0.307617 4517751 -0.278335 49 0.278049 0.0000 0.000755 0.001010 0.003296 -0.029090 0.034619 -0.099641 40.7944873987 -218.6008212195 49.27805
S062 23NOV17 2023.8768 60265 2288 5 141.4 -69 -0.308090 4517751 -0.278012 49 0.277681 0.0000 0.000765 0.001006 0.003366 -0.012553 0.019866 -0.183489 40.7944874016 -218.6008212251 49.27768
S062 23NOV18 2023.8795 60266 2288 6 141.4 -69 -0.308424 4517751 -0.281140 49 0.281121 0.0000 0.000738 0.000953 0.003199 -0.015516 0.072889 -0.144335 40.7944873734 -218.6008212290 49.28112
S062 23NOV19 2023.8823 60267 2289 0 141.4 -69 -0.309040 4517751 -0.282440 49 0.276837 0.0000 0.000764 0.001047 0.003499 -0.026306 0.050499 -0.235996 40.7944873617 -218.6008212363 49.27684
S062 23NOV20 2023.8850 60268 2289 1 141.4 -69 -0.308422 4517751 -0.279817 49 0.277722 0.0000 0.000784 0.001026 0.003571 -0.030898 0.055422 -0.194096 40.7944873853 -218.6008212290 49.27772
S062 23NOV21 2023.8877 60269 2289 2 141.4 -69 -0.309760 4517751 -0.280485 49 0.275691 0.0000 0.000766 0.001037 0.003471 0.014576 0.033503 -0.213580 40.7944873793 -218.6008212449 49.27569
S062 23NOV22 2023.8905 60270 2289 3 141.4 -69 -0.308155 4517751 -0.279747 49 0.274083 0.0000 0.000767 0.000993 0.003377 0.000427 0.040032 -0.105253 40.7944873859 -218.6008212259 49.27408
S062 23NOV23 2023.8932 60271 2289 4 141.4 -69 -0.306290 4517751 -0.280068 49 0.281022 0.0000 0.000783 0.001002 0.003465 -0.034669 0.005122 -0.197051 40.7944873830 -218.6008212038 49.28102
S062 23NOV24 2023.8960 60272 2289 5 141.4 -69 -0.306911 4517751 -0.279790 49 0.271405 0.0000 0.000771 0.001011 0.003351 -0.001578 0.027290 -0.150440 40.7944873855 -218.6008212111 49.27141
S062 23NOV25 2023.8987 60273 2289 6 141.4 -69 -0.308640 4517751 -0.280600 49 0.275183 0.0000 0.000811 0.001009 0.003546 -0.064941 0.107440 -0.146623 40.7944873783 -218.6008212316 49.27518
S062 23NOV26 2023.9014 60274 2290 0 141.4 -69 -0.309072 4517751 -0.280114 49 0.270855 0.0000 0.000808 0.001082 0.003752 0.017176 -0.022304 -0.196475 40.7944873826 -218.6008212367 49.27086
S062 23NOV27 2023.9042 60275 2290 1 141.4 -69 -0.308384 4517751 -0.280537 49 0.272421 0.0000 0.000793 0.001053 0.003576 -0.005043 -0.011018 -0.162354 40.7944873788 -218.6008212286 49.27242
S062 23NOV28 2023.9069 60276 2290 2 141.4 -69 -0.308217 4517751 -0.278143 49 0.272788 0.0000 0.000795 0.001051 0.003617 0.027908 -0.059413 -0.176836 40.7944874004 -218.6008212266 49.27279
S062 23NOV29 2023.9097 60277 2290 3 141.4 -69 -0.308208 4517751 -0.279955 49 0.275817 0.0000 0.000802 0.001041 0.003648 -0.027470 -0.019493 -0.204478 40.7944873841 -218.6008212265 49.27582
S062 23NOV30 2023.9124 60278 2290 4 141.4 -69 -0.306699 4517751 -0.280089 49 0.274589 0.0000 0.000759 0.000998 0.003344 -0.008642 0.031357 -0.185982 40.7944873829 -218.6008212086 49.27459
S062 23DEC01 2023.9151 60279 2290 5 141.4 -69 -0.307601 4517751 -0.279745 49 0.266303 0.0000 0.000766 0.000980 0.003348 -0.010281 0.051705 -0.153340 40.7944873860 -218.6008212193 49.26630
S062 23DEC02 2023.9179 60280 2290 6 141.4 -69 -0.307497 4517751 -0.279609 49 0.276087 0.0000 0.000774 0.001010 0.003466 -0.004626 -0.034117 -0.174884 40.7944873872 -218.6008212181 49.27609
S062 23DEC03 2023.9206 60281 2291 0 141.4 -69 -0.306747 4517751 -0.279488 49 0.272986 0.0000 0.000788 0.001044 0.003555 0.021174 -0.010636 -0.141187 40.7944873883 -218.6008212092 49.27299
S062 23DEC04 2023.9233 60282 2291 1 141.4 -69 -0.307417 4517751 -0.279851 49 0.273616 0.0000 0.000748 0.000972 0.003213 -0.016736 0.023800 -0.170722 40.7944873850 -218.6008212171 49.27362
S062 23DEC05 2023.9261 60283 2291 2 141.4 -69 -0.307964 4517751 -0.278909 49 0.274023 0.0000 0.000773 0.000996 0.003341 -0.037761 0.049425 -0.190697 40.7944873935 -218.6008212236 49.27402
S062 23DEC06 2023.9288 60284 2291 3 141.4 -69 -0.307753 4517751 -0.279993 49 0.276795 0.0000 0.000764 0.000993 0.003373 -0.013433 0.080110 -0.164866 40.7944873837 -218.6008212211 49.27680
S062 23DEC07 2023.9316 60285 2291 4 141.4 -69 -0.306842 4517751 -0.279270 49 0.275153 0.0000 0.000781 0.000988 0.003385 -0.009126 0.058326 -0.124902 40.7944873902 -218.6008212103 49.27515
S062 23DEC08 2023.9343 60286 2291 5 141.4 -69 -0.308426 4517751 -0.280125 49 0.271112 0.0000 0.000765 0.000986 0.003357 0.021315 0.052523 -0.153952 40.7944873825 -218.6008212291 49.27111
S062 23DEC09 2023.9370 60287 2291 6 141.4 -69 -0.306570 4517751 -0.281336 49 0.278724 0.0000 0.000776 0.001012 0.003454 -0.030160 0.069527 -0.202512 40.7944873716 -218.6008212071 49.27872
S062 23DEC10 2023.9398 60288 2292 0 141.4 -69 -0.308597 4517751 -0.279396 49 0.269367 0.0000 0.000746 0.000959 0.003238 -0.007837 0.023573 -0.177577 40.7944873891 -218.6008212311 49.26937
S062 23DEC11 2023.9425 60289 2292 1 141.4 -69 -0.309925 4517751 -0.280838 49 0.270428 0.0000 0.000758 0.001000 0.003377 -0.022001 0.045957 -0.234529 40.7944873761 -218.6008212468 49.27043
S062 23DEC12 2023.9452 60290 2292 2 141.4 -69 -0.310033 4517751 -0.281023 49 0.267129 0.0000 0.000764 0.001007 0.003556 -0.008200 0.072415 -0.263042 40.7944873744 -218.6008212481 49.26713
S062 23DEC13 2023.9480 60291 2292 3 141.4 -69 -0.310940 4517751 -0.281501 49 0.265145 0.0000 0.000769 0.000992 0.003452 0.003134 0.068242 -0.107160 40.7944873701 -218.6008212589 49.26515
S062 23DEC14 2023.9507 60292 2292 4 141.4 -69 -0.308865 4517751 -0.281223 49 0.269960 0.0000 0.000798 0.001062 0.003537 -0.028022 -0.044633 -0.189220 40.7944873726 -218.6008212343 49.26996
S062 23DEC15 2023.9535 60293 2292 5 141.4 -69 -0.308097 4517751 -0.279614 49 0.269259 0.0000 0.000863 0.001102 0.003923 -0.048972 0.010949 -0.169695 40.7944873871 -218.6008212252 49.26926
S062 23DEC16 2023.9562 60294 2292 6 141.4 -69 -0.308145 4517751 -0.279572 49 0.275570 0.0000 0.000811 0.001067 0.003673 -0.032261 -0.032319 -0.184473 40.7944873875 -218.6008212257 49.27557
S062 23DEC17 2023.9589 60295 2293 0 141.4 -69 -0.308472 4517751 -0.281918 49 0.268220 0.0000 0.000753 0.000977 0.003312 -0.039088 0.059446 -0.204251 40.7944873664 -218.6008212296 49.26822
S062 23DEC18 2023.9617 60296 2293 1 141.4 -69 -0.307860 4517751 -0.280854 49 0.273442 0.0000 0.000751 0.000964 0.003192 -0.023496 0.028625 -0.143154 40.7944873760 -218.6008212224 49.27344
S062 23DEC19 2023.9644 60297 2293 2 141.4 -69 -0.308505 4517751 -0.280695 49 0.273767 0.0000 0.000773 0.000974 0.003285 -0.046209 0.017117 -0.165594 40.7944873774 -218.6008212300 49.27377
S062 23DEC20 2023.9671 60298 2293 3 141.4 -69 -0.307840 4517751 -0.279917 49 0.273678 0.0000 0.000753 0.000986 0.003320 -0.040562 0.025331 -0.195564 40.7944873844 -218.6008212221 49.27368
S062 23DEC21 2023.9699 60299 2293 4 141.4 -69 -0.307505 4517751 -0.279929 49 0.270177 0.0000 0.000763 0.001005 0.003344 -0.032211 0.067037 -0.156584 40.7944873843 -218.6008212182 49.27018
S062 23DEC22 2023.9726 60300 2293 5 141.4 -69 -0.308352 4517751 -0.279866 49 0.263669 0.0000 0.000739 0.000985 0.003219 0.027611 0.009804 -0.178843 40.7944873849 -218.6008212282 49.26367
S062 23DEC23 2023.9754 60301 2293 6 141.4 -69 -0.308563 4517751 -0.280369 49 0.265221 0.0000 0.000725 0.000956 0.003148 0.005472 0.002367 -0.189242 40.7944873803 -218.6008212307 49.26522
S062 23DEC24 2023.9781 60302 2294 0 141.4 -69 -0.311607 4517751 -0.279047 49 0.263987 0.0000 0.000750 0.000989 0.003286 -0.013234 0.053800 -0.120179 40.7944873922 -218.6008212668 49.26399
S062 23DEC25 2023.9808 60303 2294 1 141.4 -69 -0.308522 4517751 -0.280490 49 0.269743 0.0000 0.000746 0.000995 0.003245 -0.013625 -0.016726 -0.098222 40.7944873792 -218.6008212302 49.26974
S062 23DEC26 2023.9836 60304 2294 2 141.4 -69 -0.309051 4517751 -0.280642 49 0.271015 0.0000 0.000750 0.000991 0.003294 0.007165 0.047589 -0.133413 40.7944873779 -218.6008212365 49.27101
S062 23DEC27 2023.9863 60305 2294 3 141.4 -69 -0.307095 4517751 -0.281001 49 0.263084 0.0000 0.000776 0.001000 0.003368 -0.014124 0.102625 -0.155278 40.7944873746 -218.6008212133 49.26308
S062 23DEC28 2023.9890 60306 2294 4 141.4 -69 -0.308933 4517751 -0.281117 49 0.270050 0.0000 0.000743 0.000974 0.003300 -0.015809 0.083950 -0.179744 40.7944873736 -218.6008212351 49.27005
S062 23DEC29 2023.9918 60307 2294 5 141.4 -69 -0.309124 4517751 -0.282591 49 0.272590 0.0000 0.000731 0.001008 0.003263 0.024686 -0.011223 -0.154209 40.7944873603 -218.6008212373 49.27259
S062 23DEC30 2023.9945 60308 2294 6 141.4 -69 -0.308353 4517751 -0.282787 49 0.269030 0.0000 0.000787 0.001028 0.003507 0.051981 0.020341 -0.145038 40.7944873586 -218.6008212282 49.26903
S062 23DEC31 2023.9973 60309 2295 0 141.4 -69 -0.308840 4517751 -0.280786 49 0.268245 0.0000 0.000776 0.001010 0.003440 0.022360 -0.049164 -0.198623 40.7944873766 -218.6008212340 49.26824
S062 24JAN01 2024.0000 60310 2295 1 141.4 -69 -0.308388 4517751 -0.279735 49 0.271757 0.0000 0.000748 0.001002 0.003274 0.024634 -0.018814 -0.124772 40.7944873860 -218.6008212286 49.27176
S062 24JAN02 2024.0027 60311 2295 2 141.4 -69 -0.305799 4517751 -0.282205 49 0.275854 0.0000 0.000781 0.001025 0.003428 0.067822 0.053030 -0.119640 40.7944873638 -218.6008211979 49.27585
S062 24JAN03 2024.0055 60312 2295 3 141.4 -69 -0.308384 4517751 -0.281528 49 0.274879 0.0000 0.000781 0.001011 0.003432 0.010777 0.067982 -0.139697 40.7944873699 -218.6008212286 49.27488
S062 24JAN04 2024.0082 60313 2295 4 141.4 -69 -0.308772 4517751 -0.281392 49 0.273683 0.0000 0.000770 0.000990 0.003331 0.012459 0.051252 -0.147524 40.7944873711 -218.6008212332 49.27368
S062 24JAN05 2024.0110 60314 2295 5 141.4 -69 -0.309737 4517751 -0.280892 49 0.274093 0.0000 0.000807 0.001083 0.003629 0.045259 0.070394 -0.177253 40.7944873756 -218.6008212446 49.27409
S062 24JAN06 2024.0137 60315 2295 6 141.4 -69 -0.307987 4517751 -0.281046 49 0.271475 0.0000 0.000783 0.000998 0.003404 0.029137 0.020313 -0.163297 40.7944873742 -218.6008212239 49.27147
S062 24JAN07 2024.0164 60316 2296 0 141.4 -69 -0.306187 4517751 -0.279933 49 0.273630 0.0000 0.000745 0.000982 0.003268 0.010684 0.030382 -0.159032 40.7944873843 -218.6008212025 49.27363
S062 24JAN08 2024.0192 60317 2296 1 141.4 -69 -0.305367 4517751 -0.280231 49 0.276168 0.0000 0.000757 0.000966 0.003213 0.010341 -0.025937 -0.154918 40.7944873816 -218.6008211928 49.27617
S062 24JAN09 2024.0219 60318 2296 2 141.4 -69 -0.304773 4517751 -0.281744 49 0.277240 0.0000 0.000736 0.000957 0.003185 0.037578 0.012739 -0.199010 40.7944873680 -218.6008211858 49.27724
S062 24JAN10 2024.0246 60319 2296 3 141.4 -69 -0.305120 4517751 -0.281368 49 0.272662 0.0000 0.000738 0.000969 0.003250 0.015603 -0.008186 -0.168895 40.7944873713 -218.6008211899 49.27266
S062 24JAN11 2024.0274 60320 2296 4 141.4 -69 -0.305980 4517751 -0.280276 49 0.272708 0.0000 0.000759 0.001025 0.003294 0.061990 0.016171 -0.191259 40.7944873812 -218.6008212001 49.27271
S062 24JAN12 2024.0301 60321 2296 5 141.4 -69 -0.307916 4517751 -0.282054 49 0.270610 0.0000 0.000783 0.001036 0.003557 0.077533 0.007380 -0.166003 40.7944873652 -218.6008212230 49.27061
S062 24JAN13 2024.0329 60322 2296 6 141.4 -69 -0.307201 4517751 -0.282296 49 0.279392 0.0000 0.000767 0.000993 0.003343 -0.001785 0.096034 -0.128324 40.7944873630 -218.6008212146 49.27939
S062 24JAN14 2024.0356 60323 2297 0 141.4 -69 -0.307126 4517751 -0.280273 49 0.276329 0.0000 0.000764 0.001019 0.003371 -0.015645 0.057635 -0.093545 40.7944873812 -218.6008212137 49.27633
S062 24JAN15 2024.0383 60324 2297 1 141.4 -69 -0.308373 4517751 -0.282253 49 0.276535 0.0000 0.000765 0.000996 0.003345 0.041341 0.016478 -0.164631 40.7944873634 -218.6008212284 49.27653
S062 24JAN16 2024.0411 60325 2297 2 141.4 -69 -0.302320 4517751 -0.283347 49 0.274072 0.0000 0.000781 0.001012 0.003424 -0.004607 -0.022756 -0.157365 40.7944873535 -218.6008211567 49.27407
S062 24JAN17 2024.0438 60326 2297 3 141.4 -69 -0.305513 4517751 -0.282246 49 0.272138 0.0000 0.000776 0.000997 0.003384 -0.025178 0.019823 -0.111917 40.7944873634 -218.6008211945 49.27214
S062 24JAN18 2024.0465 60327 2297 4 141.4 -69 -0.308356 4517751 -0.282732 49 0.270264 0.0000 0.000747 0.000982 0.003302 0.010466 0.041179 -0.173711 40.7944873591 -218.6008212282 49.27026
S062 24JAN19 2024.0493 60328 2297 5 141.4 -69 -0.307719 4517751 -0.284322 49 0.267340 0.0000 0.000751 0.000998 0.003317 0.001857 0.045391 -0.171059 40.7944873447 -218.6008212207 49.26734
S062 24JAN20 2024.0520 60329 2297 6 141.4 -69 -0.307885 4517751 -0.283745 49 0.269343 0.0000 0.000765 0.000995 0.003325 0.025067 0.040870 -0.198876 40.7944873499 -218.6008212227 49.26934
S062 24JAN21 2024.0548 60330 2298 0 141.4 -69 -0.308188 4517751 -0.281937 49 0.271114 0.0000 0.000765 0.000992 0.003346 0.004379 -0.024704 -0.158874 40.7944873662 -218.6008212263 49.27111
S062 24JAN22 2024.0575 60331 2298 1 141.4 -69 -0.308116 4517751 -0.283095 49 0.273674 0.0000 0.000754 0.000989 0.003333 0.021343 -0.045416 -0.180027 40.7944873558 -218.6008212254 49.27367
S062 24JAN23 2024.0602 60332 2298 2 141.4 -69 -0.308475 4517751 -0.284007 49 0.274731 0.0000 0.000770 0.000996 0.003382 0.006396 -0.008100 -0.179423 40.7944873476 -218.6008212296 49.27473
S062 24JAN24 2024.0630 60333 2298 3 141.4 -69 -0.305397 4517751 -0.281529 49 0.272080 0.0000 0.000771 0.001013 0.003382 0.019600 0.003548 -0.164852 40.7944873699 -218.6008211932 49.27208
S062 24JAN25 2024.0657 60334 2298 4 141.4 -69 -0.308130 4517751 -0.282985 49 0.268490 0.0000 0.000772 0.000995 0.003376 0.041363 0.006808 -0.168031 40.7944873568 -218.6008212256 49.26849
S062 24JAN26 2024.0684 60335 2298 5 141.4 -69 -0.307187 4517751 -0.283720 49 0.278143 0.0000 0.000752 0.000990 0.003255 -0.021675 0.039948 -0.117075 40.7944873502 -218.6008212144 49.27814
S062 24JAN27 2024.0712 60336 2298 6 141.4 -69 -0.306787 4517751 -0.282357 49 0.271078 0.0000 0.000768 0.000996 0.003380 0.005642 0.001669 -0.201865 40.7944873624 -218.6008212096 49.27108
S062 24JAN28 2024.0739 60337 2299 0 141.4 -69 -0.308201 4517751 -0.283368 49 0.268183 0.0000 0.000760 0.001012 0.003345 -0.015322 -0.009177 -0.181905 40.7944873533 -218.6008212264 49.26818
S062 24JAN29 2024.0767 60338 2299 1 141.4 -69 -0.308988 4517751 -0.283047 49 0.264173 0.0000 0.000769 0.001013 0.003445 0.011347 -0.024979 -0.167001 40.7944873562 -218.6008212357 49.26417
S062 24JAN30 2024.0794 60339 2299 2 141.4 -69 -0.306809 4517751 -0.282969 49 0.272773 0.0000 0.000772 0.001015 0.003462 0.009936 -0.082541 -0.161465 40.7944873569 -218.6008212099 49.27277
S062 24JAN31 2024.0821 60340 2299 3 141.4 -69 -0.308833 4517751 -0.281482 49 0.279694 0.0000 0.000799 0.001029 0.003591 0.053511 -0.062041 -0.116831 40.7944873703 -218.6008212339 49.27969
S062 24FEB01 2024.0849 60341 2299 4 141.4 -69 -0.304312 4517751 -0.284130 49 0.272910 0.0000 0.000827 0.001025 0.003663 0.043698 -0.028129 -0.145477 40.7944873465 -218.6008211803 49.27291
S062 24FEB02 2024.0876 60342 2299 5 141.4 -69 -0.305661 4517751 -0.286227 49 0.270188 0.0000 0.000797 0.001009 0.003432 0.001368 0.056542 -0.128783 40.7944873276 -218.6008211963 49.27019
S062 24FEB03 2024.0903 60343 2299 6 141.4 -69 -0.306224 4517751 -0.283911 49 0.270641 0.0000 0.000746 0.000978 0.003297 -0.015676 0.041062 -0.162157 40.7944873484 -218.6008212030 49.27064
S062 24FEB04 2024.0931 60344 2300 0 141.4 -69 -0.309854 4517751 -0.279072 49 0.273408 0.0000 0.000753 0.000981 0.003372 0.009610 0.031601 -0.154620 40.7944873920 -218.6008212460 49.27341
S062 24FEB05 2024.0958 60345 2300 1 141.4 -69 -0.307407 4517751 -0.285146 49 0.275793 0.0000 0.000787 0.000992 0.003441 0.001105 0.047192 -0.199767 40.7944873373 -218.6008212170 49.27579
S062 24FEB06 2024.0986 60346 2300 2 141.4 -69 -0.308887 4517751 -0.284967 49 0.274179 0.0000 0.000763 0.000984 0.003376 0.023042 0.011419 -0.147069 40.7944873389 -218.6008212345 49.27418
S062 24FEB07 2024.1013 60347 2300 3 141.4 -69 -0.308393 4517751 -0.285599 49 0.276858 0.0000 0.000779 0.000994 0.003400 0.008315 0.086070 -0.175240 40.7944873332 -218.6008212287 49.27686
S062 24FEB08 2024.1040 60348 2300 4 141.4 -69 -0.307831 4517751 -0.287201 49 0.269495 0.0000 0.000769 0.001015 0.003553 0.016773 -0.001434 -0.162394 40.7944873188 -218.6008212220 49.26950
S062 24FEB09 2024.1068 60349 2300 5 141.4 -69 -0.310164 4517751 -0.283777 49 0.270054 0.0000 0.000789 0.001033 0.003538 0.025071 0.013716 -0.191411 40.7944873496 -218.6008212497 49.27005
S062 24FEB10 2024.1095 60350 2300 6 141.4 -69 -0.306519 4517751 -0.285221 49 0.273917 0.0000 0.000784 0.001074 0.003623 -0.013202 0.057965 -0.163176 40.7944873366 -218.6008212065 49.27392
S062 24FEB11 2024.1123 60351 2301 0 141.4 -69 -0.308686 4517751 -0.288250 49 0.271999 0.0000 0.000773 0.001002 0.003484 -0.023126 0.043339 -0.119487 40.7944873094 -218.6008212321 49.27200
S062 24FEB12 2024.1150 60352 2301 1 141.4 -69 -0.308288 4517751 -0.287507 49 0.277601 0.0000 0.000756 0.000991 0.003344 -0.046128 0.063060 -0.143663 40.7944873161 -218.6008212274 49.27760
S062 24FEB13 2024.1177 60353 2301 2 141.4 -69 -0.307104 4517751 -0.287870 49 0.271535 0.0000 0.000778 0.001004 0.003506 -0.008428 -0.007177 -0.166262 40.7944873128 -218.6008212134 49.27153
S062 24FEB14 2024.1205 60354 2301 3 141.4 -69 -0.305979 4517751 -0.286734 49 0.269017 0.0000 0.000765 0.001007 0.003402 -0.039423 0.078268 -0.157815 40.7944873230 -218.6008212001 49.26902
S062 24FEB15 2024.1232 60355 2301 4 141.4 -69 -0.307381 4517751 -0.284343 49 0.266885 0.0000 0.000750 0.001010 0.003388 -0.004928 0.058344 -0.180181 40.7944873445 -218.6008212167 49.26689
S062 24FEB16 2024.1259 60356 2301 5 141.4 -69 -0.307080 4517751 -0.285651 49 0.271852 0.0000 0.000748 0.001011 0.003379 0.001184 0.058809 -0.157952 40.7944873328 -218.6008212131 49.27185
S062 24FEB17 2024.1287 60357 2301 6 141.4 -69 -0.308718 4517751 -0.284376 49 0.276787 0.0000 0.000730 0.000976 0.003224 0.007386 0.026620 -0.197003 40.7944873443 -218.6008212325 49.27679
S062 24FEB18 2024.1314 60358 2302 0 141.4 -69 -0.308574 4517751 -0.285736 49 0.277296 0.0000 0.000747 0.000984 0.003341 -0.008376 0.021718 -0.183582 40.7944873320 -218.6008212308 49.27730
S062 24FEB19 2024.1342 60359 2302 1 141.4 -69 -0.306464 4517751 -0.286181 49 0.279150 0.0000 0.000740 0.000991 0.003318 -0.037262 0.025522 -0.193006 40.7944873280 -218.6008212058 49.27915
S062 24FEB20 2024.1369 60360 2302 2 141.4 -69 -0.307270 4517751 -0.286529 49 0.277309 0.0000 0.000744 0.000989 0.003305 0.005723 -0.020101 -0.164120 40.7944873249 -218.6008212154 49.27731
S062 24FEB21 2024.1396 60361 2302 3 141.4 -69 -0.309325 4517751 -0.286914 49 0.271627 0.0000 0.000759 0.000987 0.003329 0.023116 0.001786 -0.193188 40.7944873214 -218.6008212397 49.27163
S062 24FEB22 2024.1424 60362 2302 4 141.4 -69 -0.309260 4517751 -0.286364 49 0.271959 0.0000 0.000762 0.000985 0.003332 0.014871 0.027090 -0.141600 40.7944873264 -218.6008212390 49.27196
S062 24FEB23 2024.1451 60363 2302 5 141.4 -69 -0.309482 4517751 -0.286128 49 0.267746 0.0000 0.000746 0.000946 0.003201 0.016578 0.006427 -0.145384 40.7944873285 -218.6008212416 49.26775
S062 24FEB24 2024.1478 60364 2302 6 141.4 -69 -0.308721 4517751 -0.285535 49 0.271551 0.0000 0.000764 0.000981 0.003325 0.008144 -0.049160 -0.183745 40.7944873338 -218.6008212326 49.27155
S062 24FEB25 2024.1506 60365 2303 0 141.4 -69 -0.307498 4517751 -0.284417 49 0.271064 0.0000 0.000795 0.001068 0.003675 0.009552 -0.065269 -0.200159 40.7944873439 -218.6008212181 49.27106
S062 24FEB26 2024.1533 60366 2303 1 141.4 -69 -0.309255 4517751 -0.285038 49 0.268205 0.0000 0.000783 0.000993 0.003401 -0.002178 -0.001659 -0.214634 40.7944873383 -218.6008212389 49.26820
S062 24FEB27 2024.1561 60367 2303 2 141.4 -69 -0.309624 4517751 -0.286252 49 0.270002 0.0000 0.000791 0.001002 0.003463 -0.004475 0.025474 -0.172436 40.7944873274 -218.6008212433 49.27000
S062 24FEB28 2024.1588 60368 2303 3 141.4 -69 -0.309510 4517751 -0.285420 49 0.271155 0.0000 0.000724 0.000938 0.003148 -0.030068 0.097555 -0.191836 40.7944873349 -218.6008212419 49.27116
S062 24FEB29 2024.1615 60369 2303 4 141.4 -69 -0.308815 4517751 -0.286498 49 0.269913 0.0000 0.000741 0.000980 0.003356 -0.010171 0.043882 -0.198208 40.7944873251 -218.6008212337 49.26991
S062 24MAR01 2024.1643 60370 2303 5 141.4 -69 -0.306788 4517751 -0.285308 49 0.273096 0.0000 0.000760 0.000986 0.003346 0.000561 -0.042424 -0.176342 40.7944873359 -218.6008212097 49.27310
S062 24MAR02 2024.1670 60371 2303 6 141.4 -69 -0.308488 4517751 -0.287738 49 0.278806 0.0000 0.000764 0.000955 0.003295 -0.019538 0.028946 -0.168500 40.7944873140 -218.6008212298 49.27881
S062 24MAR03 2024.1697 60372 2304 0 141.4 -69 -0.308426 4517751 -0.287604 49 0.272248 0.0000 0.000811 0.001030 0.003612 -0.021509 0.006154 -0.198238 40.7944873152 -218.6008212291 49.27225
S062 24MAR04 2024.1725 60373 2304 1 141.4 -69 -0.308310 4517751 -0.285034 49 0.271069 0.0000 0.000770 0.000996 0.003408 -0.007174 -0.036137 -0.199703 40.7944873383 -218.6008212277 49.27107
S062 24MAR05 2024.1752 60374 2304 2 141.4 -69 -0.307623 4517751 -0.287018 49 0.275094 0.0000 0.000772 0.000992 0.003423 0.017624 0.000439 -0.186351 40.7944873205 -218.6008212195 49.27509
S062 24MAR06 2024.1780 60375 2304 3 141.4 -69 -0.307046 4517751 -0.284975 49 0.272231 0.0000 0.000757 0.000959 0.003388 -0.028287 0.094975 -0.246528 40.7944873389 -218.6008212127 49.27223
S062 24MAR07 2024.1807 60376 2304 4 141.4 -69 -0.305526 4517751 -0.286318 49 0.276566 0.0000 0.000758 0.000983 0.003366 0.016545 0.081883 -0.161709 40.7944873268 -218.6008211947 49.27657
S062 24MAR08 2024.1834 60377 2304 5 141.4 -69 -0.307412 4517751 -0.287239 49 0.272630 0.0000 0.000809 0.001012 0.003528 0.019148 0.089294 -0.184864 40.7944873185 -218.6008212170 49.27263
S062 24MAR09 2024.1862 60378 2304 6 141.4 -69 -0.307170 4517751 -0.287562 49 0.272555 0.0000 0.000783 0.000974 0.003442 -0.018953 0.084990 -0.186795 40.7944873156 -218.6008212142 49.27256
S062 24MAR10 2024.1889 60379 2305 0 141.4 -69 -0.306887 4517751 -0.290826 49 0.273170 0.0000 0.000743 0.000960 0.003287 -0.022898 0.081015 -0.202178 40.7944872862 -218.6008212108 49.27317
S062 24MAR11 2024.1916 60380 2305 1 141.4 -69 -0.307406 4517751 -0.287843 49 0.268930 0.0000 0.000745 0.000960 0.003234 -0.006599 0.031536 -0.189427 40.7944873130 -218.6008212170 49.26893
S062 24MAR12 2024.1944 60381 2305 2 141.4 -69 -0.308704 4517751 -0.288385 49 0.274197 0.0000 0.000738 0.000953 0.003239 -0.023404 0.034961 -0.178591 40.7944873081 -218.6008212324 49.27420
S062 24MAR13 2024.1971 60382 2305 3 141.4 -69 -0.308480 4517751 -0.289948 49 0.273999 0.0000 0.000746 0.000973 0.003249 -0.030386 0.065114 -0.167934 40.7944872941 -218.6008212297 49.27400
S062 24MAR14 2024.1999 60383 2305 4 141.4 -69 -0.307586 4517751 -0.286973 49 0.272623 0.0000 0.000739 0.000973 0.003301 -0.010480 0.031281 -0.189179 40.7944873209 -218.6008212191 49.27262
S062 24MAR15 2024.2026 60384 2305 5 141.4 -69 -0.308328 4517751 -0.289810 49 0.278921 0.0000 0.000749 0.001001 0.003394 -0.019107 -0.009488 -0.199487 40.7944872953 -218.6008212279 49.27892
S062 24MAR16 2024.2053 60385 2305 6 141.4 -69 -0.308863 4517751 -0.289444 49 0.274970 0.0000 0.000756 0.001001 0.003361 -0.004995 0.032979 -0.163436 40.7944872986 -218.6008212342 49.27497
S062 24MAR17 2024.2081 60386 2306 0 141.4 -69 -0.307229 4517751 -0.287044 49 0.274236 0.0000 0.000746 0.000985 0.003332 -0.064933 0.101279 -0.219405 40.7944873202 -218.6008212149 49.27424
S062 24MAR18 2024.2108 60387 2306 1 141.4 -69 -0.307029 4517751 -0.289291 49 0.279838 0.0000 0.000744 0.001004 0.003300 0.028354 0.076738 -0.186648 40.7944873000 -218.6008212125 49.27984
S062 24MAR19 2024.2136 60388 2306 2 141.4 -69 -0.308763 4517751 -0.287417 49 0.273234 0.0000 0.000731 0.000974 0.003220 -0.025099 0.021003 -0.138649 40.7944873169 -218.6008212331 49.27323
S062 24MAR20 2024.2163 60389 2306 3 141.4 -69 -0.306770 4517751 -0.287137 49 0.274963 0.0000 0.000755 0.000973 0.003311 -0.047542 0.088047 -0.180519 40.7944873194 -218.6008212094 49.27496
S062 24MAR21 2024.2190 60390 2306 4 141.4 -69 -0.307561 4517751 -0.290102 49 0.274955 0.0000 0.000764 0.001027 0.003502 0.031074 0.004577 -0.204034 40.7944872927 -218.6008212188 49.27496
S062 24MAR22 2024.2218 60391 2306 5 141.4 -69 -0.307949 4517751 -0.289698 49 0.275929 0.0000 0.000791 0.001041 0.003594 -0.016348 0.028508 -0.206108 40.7944872963 -218.6008212234 49.27593
S062 24MAR23 2024.2245 60392 2306 6 141.4 -69 -0.309338 4517751 -0.290301 49 0.274209 0.0000 0.000749 0.000987 0.003271 0.011392 0.032878 -0.189974 40.7944872909 -218.6008212399 49.27421
S062 24MAR24 2024.2272 60393 2307 0 141.4 -69 -0.308045 4517751 -0.290486 49 0.271522 0.0000 0.000841 0.001120 0.003870 -0.081393 0.081725 -0.082660 40.7944872892 -218.6008212246 49.27152
S062 24MAR25 2024.2300 60394 2307 1 141.4 -69 -0.307505 4517751 -0.289838 49 0.278390 0.0000 0.000858 0.001125 0.003810 -0.035160 0.031376 -0.148890 40.7944872951 -218.6008212182 49.27839
S062 24MAR26 2024.2327 60395 2307 2 141.4 -69 -0.308939 4517751 -0.289280 49 0.275338 0.0000 0.000777 0.001020 0.003488 -0.009699 0.054425 -0.155021 40.7944873001 -218.6008212351 49.27534
S062 24MAR27 2024.2355 60396 2307 3 141.4 -69 -0.309765 4517751 -0.289566 49 0.274737 0.0000 0.000742 0.000993 0.003404 -0.019487 0.026364 -0.194316 40.7944872975 -218.6008212449 49.27474
S062 24MAR28 2024.2382 60397 2307 4 141.4 -69 -0.307270 4517751 -0.290854 49 0.280097 0.0000 0.000719 0.000973 0.003227 -0.025796 0.036371 -0.219181 40.7944872859 -218.6008212154 49.28010
S062 24MAR29 2024.2409 60398 2307 5 141.4 -69 -0.306732 4517751 -0.288474 49 0.275535 0.0000 0.000747 0.001005 0.003304 0.009404 0.019358 -0.200095 40.7944873074 -218.6008212090 49.27554
S062 24MAR30 2024.2437 60399 2307 6 141.4 -69 -0.305148 4517751 -0.291043 49 0.283369 0.0000 0.000728 0.000972 0.003280 -0.007698 0.025953 -0.217581 40.7944872842 -218.6008211902 49.28337
S062 24MAR31 2024.2464 60400 2308 0 141.4 -69 -0.308837 4517751 -0.290461 49 0.275287 0.0000 0.000752 0.000982 0.003368 0.009725 0.014373 -0.196920 40.7944872895 -218.6008212339 49.27529
S062 24APR01 2024.2491 60401 2308 1 141.4 -69 -0.308107 4517751 -0.288736 49 0.270333 0.0000 0.000747 0.000990 0.003390 -0.002088 0.029380 -0.202775 40.7944873050 -218.6008212253 49.27033
S062 24APR02 2024.2519 60402 2308 2 141.4 -69 -0.306639 4517751 -0.288703 49 0.282074 0.0000 0.000756 0.001016 0.003402 -0.012295 0.008887 -0.181265 40.7944873053 -218.6008212079 49.28207
S062 24APR03 2024.2546 60403 2308 3 141.4 -69 -0.306505 4517751 -0.289228 49 0.276994 0.0000 0.000734 0.000964 0.003239 -0.015455 0.053205 -0.145640 40.7944873006 -218.6008212063 49.27699
S062 24APR04 2024.2574 60404 2308 4 141.4 -69 -0.306634 4517751 -0.288812 49 0.276175 0.0000 0.000745 0.000999 0.003419 -0.019444 0.067363 -0.212377 40.7944873043 -218.6008212078 49.27617
S062 24APR05 2024.2601 60405 2308 5 141.4 -69 -0.306954 4517751 -0.289131 49 0.274031 0.0000 0.000741 0.000993 0.003380 -0.043464 0.091479 -0.191613 40.7944873014 -218.6008212116 49.27403
S062 24APR06 2024.2628 60406 2308 6 141.4 -69 -0.307816 4517751 -0.289426 49 0.271350 0.0000 0.000763 0.000997 0.003438 -0.047930 0.052457 -0.200051 40.7944872988 -218.6008212218 49.27135
S062 24APR07 2024.2656 60407 2309 0 141.4 -69 -0.307488 4517751 -0.287827 49 0.269894 0.0000 0.000744 0.000989 0.003337 -0.016875 0.048575 -0.176537 40.7944873132 -218.6008212179 49.26989
S062 24APR08 2024.2683 60408 2309 1 141.4 -69 -0.307297 4517751 -0.289126 49 0.271772 0.0000 0.000732 0.000990 0.003273 -0.012345 0.054348 -0.197474 40.7944873015 -218.6008212157 49.27177
S062 24APR09 2024.2710 60409 2309 2 141.4 -69 -0.307546 4517751 -0.289802 49 0.273873 0.0000 0.000733 0.000985 0.003290 -0.019428 0.070189 -0.182804 40.7944872954 -218.6008212186 49.27387
S062 24APR10 2024.2738 60410 2309 3 141.4 -69 -0.308789 4517751 -0.287753 49 0.271614 0.0000 0.000736 0.001002 0.003345 0.009295 0.007305 -0.249957 40.7944873138 -218.6008212334 49.27161
S062 24APR11 2024.2765 60411 2309 4 141.4 -69 -0.308136 4517751 -0.290120 49 0.276176 0.0000 0.000715 0.000979 0.003185 -0.031143 0.037873 -0.198506 40.7944872925 -218.6008212256 49.27618
S062 24APR12 2024.2793 60412 2309 5 141.4 -69 -0.309385 4517751 -0.289483 49 0.271244 0.0000 0.000724 0.001008 0.003305 0.016131 -0.010714 -0.248561 40.7944872983 -218.6008212404 49.27124
S062 24APR13 2024.2820 60413 2309 6 141.4 -69 -0.308153 4517751 -0.289354 49 0.271811 0.0000 0.000750 0.000995 0.003443 0.008691 0.014980 -0.235306 40.7944872994 -218.6008212258 49.27181
S062 24APR14 2024.2847 60414 2310 0 141.4 -69 -0.308864 4517751 -0.287626 49 0.270241 0.0000 0.000741 0.001002 0.003309 -0.032138 0.048553 -0.168058 40.7944873150 -218.6008212343 49.27024
S062 24APR15 2024.2875 60415 2310 1 141.4 -69 -0.307299 4517751 -0.288497 49 0.274169 0.0000 0.000729 0.000976 0.003240 0.005627 0.054408 -0.192763 40.7944873071 -218.6008212157 49.27417
S062 24APR16 2024.2902 60416 2310 2 141.4 -69 -0.307781 4517751 -0.287799 49 0.279611 0.0000 0.000736 0.000986 0.003296 -0.012021 -0.000334 -0.209976 40.7944873134 -218.6008212214 49.27961
S062 24APR17 2024.2930 60417 2310 3 141.4 -69 -0.308712 4517751 -0.289240 49 0.277969 0.0000 0.000748 0.001039 0.003463 -0.003973 0.019152 -0.215337 40.7944873005 -218.6008212325 49.27797
S062 24APR18 2024.2957 60418 2310 4 141.4 -69 -0.307969 4517751 -0.288278 49 0.276836 0.0000 0.000744 0.000980 0.003295 -0.024978 0.080104 -0.145378 40.7944873091 -218.6008212237 49.27684
S062 24APR19 2024.2984 60419 2310 5 141.4 -69 -0.307911 4517751 -0.292481 49 0.285172 0.0000 0.000727 0.001024 0.003348 0.003033 0.015148 -0.220862 40.7944872713 -218.6008212230 49.28517
S062 24APR20 2024.3012 60420 2310 6 141.4 -69 -0.308660 4517751 -0.287853 49 0.272132 0.0000 0.000744 0.000998 0.003265 -0.027983 -0.012939 -0.180389 40.7944873129 -218.6008212318 49.27213
S062 24APR21 2024.3039 60421 2311 0 141.4 -69 -0.307140 4517751 -0.286925 49 0.271282 0.0000 0.000736 0.000990 0.003228 -0.024609 0.003696 -0.175655 40.7944873213 -218.6008212138 49.27128
S062 24APR22 2024.3066 60422 2311 1 141.4 -69 -0.307142 4517751 -0.289803 49 0.277798 0.0000 0.000755 0.001009 0.003509 -0.016310 0.097996 -0.187438 40.7944872954 -218.6008212138 49.27780
S062 24APR23 2024.3094 60423 2311 2 141.4 -69 -0.306526 4517751 -0.288609 49 0.278666 0.0000 0.000770 0.001006 0.003426 -0.026141 0.016270 -0.173246 40.7944873061 -218.6008212066 49.27867
S062 24APR24 2024.3121 60424 2311 3 141.4 -69 -0.305937 4517751 -0.289843 49 0.285209 0.0000 0.000756 0.000986 0.003372 -0.022171 0.103009 -0.174057 40.7944872950 -218.6008211996 49.28521
S062 24APR25 2024.3149 60425 2311 4 141.4 -69 -0.307248 4517751 -0.290723 49 0.284025 0.0000 0.000747 0.000976 0.003323 -0.056872 0.046109 -0.208429 40.7944872871 -218.6008212151 49.28403
S062 24APR26 2024.3176 60426 2311 5 141.4 -69 -0.306095 4517751 -0.288496 49 0.278813 0.0000 0.000754 0.001013 0.003434 -0.042801 0.035122 -0.175769 40.7944873071 -218.6008212014 49.27881
S062 24APR27 2024.3203 60427 2311 6 141.4 -69 -0.307979 4517751 -0.289879 49 0.275900 0.0000 0.000774 0.001020 0.003492 -0.042339 0.017273 -0.183876 40.7944872947 -218.6008212238 49.27590
S062 24APR28 2024.3231 60428 2312 0 141.4 -69 -0.307164 4517751 -0.288440 49 0.280106 0.0000 0.000755 0.001029 0.003412 -0.043342 0.013027 -0.185693 40.7944873077 -218.6008212141 49.28011
S062 24APR29 2024.3258 60429 2312 1 141.4 -69 -0.306319 4517751 -0.291143 49 0.278787 0.0000 0.000780 0.000996 0.003479 -0.056595 0.073749 -0.185230 40.7944872833 -218.6008212041 49.27879
S062 24APR30 2024.3285 60430 2312 2 141.4 -69 -0.306228 4517751 -0.287330 49 0.277314 0.0000 0.000745 0.000992 0.003388 -0.022047 0.008577 -0.201340 40.7944873177 -218.6008212030 49.27731
S062 24MAY01 2024.3313 60431 2312 3 141.4 -69 -0.306644 4517751 -0.289782 49 0.283059 0.0000 0.000773 0.001014 0.003495 -0.030310 0.068498 -0.206171 40.7944872956 -218.6008212080 49.28306
S062 24MAY02 2024.3340 60432 2312 4 141.4 -69 -0.307840 4517751 -0.290302 49 0.276071 0.0000 0.000740 0.000981 0.003221 -0.010733 0.030786 -0.215542 40.7944872909 -218.6008212221 49.27607
S062 24MAY03 2024.3368 60433 2312 5 141.4 -69 -0.304581 4517751 -0.290423 49 0.279400 0.0000 0.000784 0.001016 0.003607 -0.018861 0.056501 -0.242728 40.7944872898 -218.6008211835 49.27940
S062 24MAY04 2024.3395 60434 2312 6 141.4 -69 -0.306763 4517751 -0.290796 49 0.274331 0.0000 0.000775 0.001042 0.003528 -0.019568 0.082799 -0.183086 40.7944872864 -218.6008212094 49.27433
S062 24MAY05 2024.3422 60435 2313 0 141.4 -69 -0.306747 4517751 -0.290778 49 0.279105 0.0000 0.000749 0.000993 0.003432 -0.045832 0.094961 -0.225378 40.7944872866 -218.6008212092 49.27911
S062 24MAY06 2024.3450 60436 2313 1 141.4 -69 -0.309746 4517751 -0.291145 49 0.274909 0.0000 0.000795 0.001034 0.003543 -0.014815 0.059199 -0.203765 40.7944872833 -218.6008212447 49.27491
S062 24MAY07 2024.3477 60437 2313 2 141.4 -69 -0.309386 4517751 -0.291217 49 0.270974 0.0000 0.000753 0.000987 0.003288 -0.022951 0.061661 -0.211112 40.7944872826 -218.6008212404 49.27097
S062 24MAY08 2024.3504 60438 2313 3 141.4 -69 -0.307965 4517751 -0.290700 49 0.277989 0.0000 0.000758 0.001021 0.003348 -0.021549 0.029998 -0.203926 40.7944872873 -218.6008212236 49.27799
S062 24MAY09 2024.3532 60439 2313 4 141.4 -69 -0.307588 4517751 -0.289627 49 0.270634 0.0000 0.000771 0.001019 0.003393 -0.017830 0.070000 -0.165862 40.7944872970 -218.6008212191 49.27063
S062 24MAY10 2024.3559 60440 2313 5 141.4 -69 -0.308178 4517751 -0.290396 49 0.285680 0.0000 0.000759 0.001042 0.003512 -0.045018 0.040899 -0.170738 40.7944872900 -218.6008212261 49.28568
S062 24MAY11 2024.3587 60441 2313 6 141.4 -69 -0.310330 4517751 -0.289040 49 0.278005 0.0000 0.000931 0.001278 0.004189 -0.058101 0.049873 -0.129338 40.7944873023 -218.6008212516 49.27801
S062 24MAY12 2024.3614 60442 2314 0 141.4 -69 -0.306924 4517751 -0.289885 49 0.278218 0.0000 0.000744 0.000977 0.003329 -0.031946 0.084063 -0.201593 40.7944872946 -218.6008212113 49.27822
S062 24MAY13 2024.3641 60443 2314 1 141.4 -69 -0.306916 4517751 -0.289771 49 0.275014 0.0000 0.000753 0.000993 0.003364 -0.053215 0.134477 -0.170067 40.7944872957 -218.6008212112 49.27501
S062 24MAY14 2024.3669 60444 2314 2 141.4 -69 -0.307424 4517751 -0.288752 49 0.274420 0.0000 0.000737 0.000956 0.003277 -0.030938 0.051808 -0.207824 40.7944873048 -218.6008212172 49.27442
S062 24MAY15 2024.3696 60445 2314 3 141.4 -69 -0.307471 4517751 -0.288878 49 0.278370 0.0000 0.000737 0.000989 0.003234 -0.057699 0.061626 -0.132856 40.7944873037 -218.6008212178 49.27837
S062 24MAY16 2024.3723 60446 2314 4 141.4 -69 -0.306063 4517751 -0.289737 49 0.285046 0.0000 0.000786 0.001024 0.003536 -0.061396 0.092000 -0.171543 40.7944872960 -218.6008212011 49.28505
S062 24MAY17 2024.3751 60447 2314 5 141.4 -69 -0.309087 4517751 -0.289253 49 0.274465 0.0000 0.000780 0.001093 0.003601 -0.026937 0.061563 -0.145514 40.7944873003 -218.6008212369 49.27447
S062 24MAY18 2024.3778 60448 2314 6 141.4 -69 -0.305590 4517751 -0.288202 49 0.284811 0.0000 0.000747 0.001022 0.003379 -0.038547 0.054966 -0.172107 40.7944873098 -218.6008211955 49.28481
S062 24MAY19 2024.3806 60449 2315 0 141.4 -69 -0.307724 4517751 -0.287513 49 0.278913 0.0000 0.000736 0.000979 0.003283 -0.052444 0.107905 -0.185718 40.7944873160 -218.6008212208 49.27891
S062 24MAY20 2024.3833 60450 2315 1 141.4 -69 -0.308942 4517751 -0.288006 49 0.278378 0.0000 0.000745 0.001027 0.003322 -0.005767 0.014722 -0.129681 40.7944873116 -218.6008212352 49.27838
S062 24MAY21 2024.3860 60451 2315 2 141.4 -69 -0.307622 4517751 -0.287946 49 0.275820 0.0000 0.000749 0.001030 0.003388 -0.005882 -0.001976 -0.201930 40.7944873121 -218.6008212195 49.27582
S062 24MAY22 2024.3888 60452 2315 3 141.4 -69 -0.307667 4517751 -0.289314 49 0.275861 0.0000 0.000779 0.001056 0.003565 -0.018240 0.073111 -0.219016 40.7944872998 -218.6008212201 49.27586
S062 24MAY23 2024.3915 60453 2315 4 141.4 -69 -0.308837 4517751 -0.288637 49 0.283921 0.0000 0.000774 0.001021 0.003516 -0.032329 0.049015 -0.199507 40.7944873059 -218.6008212339 49.28392
S062 24MAY24 2024.3943 60454 2315 5 141.4 -69 -0.307979 4517751 -0.289206 49 0.282382 0.0000 0.000743 0.001016 0.003371 -0.015832 0.114318 -0.171767 40.7944873008 -218.6008212238 49.28238
S062 24MAY25 2024.3970 60455 2315 6 141.4 -69 -0.309117 4517751 -0.288521 49 0.279300 0.0000 0.000748 0.001012 0.003423 -0.053218 0.101593 -0.226135 40.7944873069 -218.6008212373 49.27930
S062 24MAY26 2024.3997 60456 2316 0 141.4 -69 -0.307787 4517751 -0.287127 49 0.274340 0.0000 0.000787 0.001081 0.003596 -0.066262 0.097848 -0.142943 40.7944873195 -218.6008212215 49.27434
S062 24MAY27 2024.4025 60457 2316 1 141.4 -69 -0.309409 4517751 -0.289992 49 0.283403 0.0000 0.000789 0.001059 0.003614 -0.037834 0.060467 -0.167364 40.7944872937 -218.6008212407 49.28340
S062 24MAY28 2024.4052 60458 2316 2 141.4 -69 -0.307744 4517751 -0.288959 49 0.283501 0.0000 0.000788 0.001026 0.003570 -0.034700 0.059998 -0.242680 40.7944873030 -218.6008212210 49.28350
S062 24MAY29 2024.4079 60459 2316 3 141.4 -69 -0.307234 4517751 -0.289180 49 0.280090 0.0000 0.000767 0.001055 0.003569 -0.039372 0.029590 -0.196922 40.7944873010 -218.6008212149 49.28009
S062 24MAY30 2024.4107 60460 2316 4 141.4 -69 -0.308558 4517751 -0.289003 49 0.281005 0.0000 0.000797 0.001019 0.003556 -0.058635 0.058496 -0.179676 40.7944873026 -218.6008212306 49.28100
S062 24MAY31 2024.4134 60461 2316 5 141.4 -69 -0.307637 4517751 -0.289753 49 0.277722 0.0000 0.000778 0.001032 0.003483 -0.071271 0.084420 -0.205968 40.7944872958 -218.6008212197 49.27772
S062 24JUN01 2024.4162 60462 2316 6 141.4 -69 -0.309118 4517751 -0.290156 49 0.275306 0.0000 0.000802 0.001044 0.003564 -0.083675 0.081020 -0.210342 40.7944872922 -218.6008212373 49.27531
S062 24JUN02 2024.4189 60463 2317 0 141.4 -69 -0.307155 4517751 -0.290319 49 0.276961 0.0000 0.000802 0.001094 0.003624 -0.102751 0.102486 -0.074171 40.7944872907 -218.6008212140 49.27696
S062 24JUN03 2024.4216 60464 2317 1 141.4 -69 -0.306568 4517751 -0.289140 49 0.274640 0.0000 0.000763 0.001030 0.003480 -0.021502 0.035651 -0.201713 40.7944873014 -218.6008212071 49.27464
S062 24JUN04 2024.4244 60465 2317 2 141.4 -69 -0.307961 4517751 -0.289135 49 0.274727 0.0000 0.000799 0.001029 0.003624 -0.064061 0.131603 -0.174367 40.7944873014 -218.6008212236 49.27473
S062 24JUN05 2024.4271 60466 2317 3 141.4 -69 -0.308919 4517751 -0.290960 49 0.276821 0.0000 0.000816 0.001107 0.003766 -0.053269 0.127197 -0.195726 40.7944872850 -218.6008212349 49.27682
S062 24JUN06 2024.4298 60467 2317 4 141.4 -69 -0.307376 4517751 -0.291399 49 0.278145 0.0000 0.000788 0.001044 0.003566 -0.037727 0.026423 -0.146741 40.7944872810 -218.6008212166 49.27814
S062 24JUN07 2024.4326 60468 2317 5 141.4 -69 -0.307619 4517751 -0.290552 49 0.272051 0.0000 0.000820 0.001158 0.003830 -0.037142 0.042012 -0.130294 40.7944872886 -218.6008212195 49.27205
S062 24JUN08 2024.4353 60469 2317 6 141.4 -69 -0.307576 4517751 -0.290574 49 0.277682 0.0000 0.000828 0.001113 0.003861 -0.038394 0.115420 -0.180710 40.7944872884 -218.6008212190 49.27768
S062 24JUN09 2024.4381 60470 2318 0 141.4 -69 -0.307215 4517751 -0.291365 49 0.285861 0.0000 0.000763 0.001054 0.003451 -0.045136 0.000324 -0.122996 40.7944872813 -218.6008212147 49.28586
S062 24JUN10 2024.4408 60471 2318 1 141.4 -69 -0.309032 4517751 -0.288926 49 0.284086 0.0000 0.000800 0.001063 0.003742 -0.012386 0.096797 -0.098829 40.7944873033 -218.6008212362 49.28409
S062 24JUN11 2024.4435 60472 2318 2 141.4 -69 -0.307777 4517751 -0.291114 49 0.275000 0.0000 0.000824 0.001059 0.003738 -0.081557 0.110716 -0.180756 40.7944872836 -218.6008212214 49.27500
S062 24JUN12 2024.4463 60473 2318 3 141.4 -69 -0.306331 4517751 -0.290590 49 0.279968 0.0000 0.000782 0.001038 0.003582 -0.058954 0.085178 -0.190343 40.7944872883 -218.6008212042 49.27997
S062 24JUN13 2024.4490 60474 2318 4 141.4 -69 -0.306849 4517751 -0.288838 49 0.277050 0.0000 0.000795 0.001077 0.003629 -0.082869 -0.013303 -0.149349 40.7944873041 -218.6008212104 49.27705
S062 24JUN14 2024.4517 60475 2318 5 141.4 -69 -0.307329 4517751 -0.291301 49 0.280861 0.0000 0.000778 0.000999 0.003482 -0.097889 0.081988 -0.170753 40.7944872819 -218.6008212161 49.28086
S062 24JUN15 2024.4545 60476 2318 6 141.4 -69 -0.308207 4517751 -0.288560 49 0.281440 0.0000 0.000779 0.001040 0.003604 -0.026537 0.057691 -0.175966 40.7944873066 -218.6008212265 49.28144
S062 24JUN16 2024.4572 60477 2319 0 141.4 -69 -0.307849 4517751 -0.287366 49 0.279914 0.0000 0.000785 0.001058 0.003556 -0.030723 0.052111 -0.210590 40.7944873173 -218.6008212222 49.27991
S062 24JUN17 2024.4600 60478 2319 1 141.4 -69 -0.309253 4517751 -0.290798 49 0.279814 0.0000 0.000771 0.001066 0.003564 -0.053240 0.090948 -0.164164 40.7944872864 -218.6008212389 49.27981
S062 24JUN18 2024.4627 60479 2319 2 141.4 -69 -0.307311 4517751 -0.289770 49 0.282385 0.0000 0.000797 0.001083 0.003700 -0.035492 0.093762 -0.164897 40.7944872957 -218.6008212159 49.28238
S062 24JUN19 2024.4654 60480 2319 3 141.4 -69 -0.307725 4517751 -0.288724 49 0.287285 0.0000 0.000795 0.001050 0.003629 -0.039060 0.085274 -0.152558 40.7944873051 -218.6008212208 49.28728
S062 24JUN20 2024.4682 60481 2319 4 141.4 -69 -0.306724 4517751 -0.290324 49 0.290362 0.0000 0.000760 0.001038 0.003375 -0.057673 0.061860 -0.143299 40.7944872907 -218.6008212089 49.29036
S062 24JUN21 2024.4709 60482 2319 5 141.4 -69 -0.306603 4517751 -0.289323 49 0.280921 0.0000 0.000813 0.001131 0.003883 -0.023008 0.112282 -0.165155 40.7944872997 -218.6008212075 49.28092
S062 24JUN22 2024.4736 60483 2319 6 141.4 -69 -0.306933 4517751 -0.292498 49 0.281601 0.0000 0.000760 0.001032 0.003461 -0.029443 0.099349 -0.191782 40.7944872711 -218.6008212114 49.28160
S062 24JUN23 2024.4764 60484 2320 0 141.4 -69 -0.305951 4517751 -0.289987 49 0.278184 0.0000 0.000763 0.001037 0.003410 -0.065834 0.078250 -0.142792 40.7944872937 -218.6008211997 49.27818
S062 24JUN24 2024.4791 60485 2320 1 141.4 -69 -0.307090 4517751 -0.291805 49 0.279043 0.0000 0.000827 0.001111 0.003758 -0.073074 0.077204 -0.167676 40.7944872774 -218.6008212132 49.27904
S062 24JUN25 2024.4819 60486 2320 2 141.4 -69 -0.307667 4517751 -0.289674 49 0.276350 0.0000 0.000784 0.001075 0.003589 -0.021534 0.153826 -0.182084 40.7944872965 -218.6008212201 49.27635
S062 24JUN26 2024.4846 60487 2320 3 141.4 -69 -0.307872 4517751 -0.290934 49 0.284970 0.0000 0.000798 0.001083 0.003587 -0.054072 0.046164 -0.134966 40.7944872852 -218.6008212225 49.28497
S062 24JUN27 2024.4873 60488 2320 4 141.4 -69 -0.304560 4517751 -0.292004 49 0.281865 0.0000 0.000826 0.001060 0.003761 -0.051399 0.155966 -0.203079 40.7944872756 -218.6008211833 49.28187
S062 24JUN28 2024.4901 60489 2320 5 141.4 -69 -0.304940 4517751 -0.289236 49 0.284060 0.0000 0.000800 0.001092 0.003589 -0.010898 0.011186 -0.213844 40.7944873005 -218.6008211878 49.28406
S062 24JUN29 2024.4928 60490 2320 6 141.4 -69 -0.304738 4517751 -0.290089 49 0.286227 0.0000 0.000793 0.001034 0.003479 -0.065596 0.087535 -0.139546 40.7944872928 -218.6008211854 49.28623
S062 24JUN30 2024.4956 60491 2321 0 141.4 -69 -0.307327 4517751 -0.288765 49 0.281679 0.0000 0.000792 0.001061 0.003746 0.003394 0.078161 -0.208597 40.7944873047 -218.6008212160 49.28168
S062 24JUL01 2024.4983 60492 2321 1 141.4 -69 -0.307572 4517751 -0.291251 49 0.284137 0.0000 0.000805 0.001044 0.003663 0.001144 -0.018162 -0.252224 40.7944872823 -218.6008212189 49.28414
S062 24JUL02 2024.5010 60493 2321 2 141.4 -69 -0.304979 4517751 -0.290723 49 0.276686 0.0000 0.000834 0.001092 0.003693 -0.072528 0.055547 -0.125998 40.7944872871 -218.6008211882 49.27669
S062 24JUL03 2024.5038 60494 2321 3 141.4 -69 -0.305241 4517751 -0.291755 49 0.281752 0.0000 0.000762 0.001062 0.003582 -0.026071 0.036154 -0.279086 40.7944872778 -218.6008211913 49.28175
S062 24JUL04 2024.5065 60495 2321 4 141.4 -69 -0.305727 4517751 -0.291551 49 0.284666 0.0000 0.000794 0.001044 0.003544 -0.070989 0.109216 -0.147942 40.7944872796 -218.6008211971 49.28467
S062 24JUL05 2024.5092 60496 2321 5 141.4 -69 -0.307722 4517751 -0.293842 49 0.285771 0.0000 0.000803 0.001058 0.003678 -0.039178 0.079209 -0.188081 40.7944872590 -218.6008212207 49.28577
S062 24JUL06 2024.5120 60497 2321 6 141.4 -69 -0.305093 4517751 -0.290689 49 0.280955 0.0000 0.000812 0.001049 0.003535 -0.059635 0.083597 -0.158330 40.7944872874 -218.6008211896 49.28096
S062 24JUL07 2024.5147 60498 2322 0 141.4 -69 -0.306811 4517751 -0.290475 49 0.283008 0.0000 0.000831 0.001057 0.003681 -0.082982 0.098836 -0.200643 40.7944872893 -218.6008212099 49.28301
S062 24JUL08 2024.5175 60499 2322 1 141.4 -69 -0.305769 4517751 -0.289478 49 0.286777 0.0000 0.000750 0.001001 0.003372 -0.073956 0.124956 -0.124079 40.7944872983 -218.6008211976 49.28678
S062 24JUL09 2024.5202 60500 2322 2 141.4 -69 -0.307343 4517751 -0.288964 49 0.282099 0.0000 0.000782 0.001034 0.003498 -0.039186 0.081819 -0.158778 40.7944873029 -218.6008212162 49.28210
S062 24JUL10 2024.5229 60501 2322 3 141.4 -69 -0.306849 4517751 -0.289044 49 0.284478 0.0000 0.000771 0.001016 0.003457 -0.074335 0.057460 -0.198766 40.7944873022 -218.6008212104 49.28448
S062 24JUL11 2024.5257 60502 2322 4 141.4 -69 -0.305404 4517751 -0.289762 49 0.282861 0.0000 0.000828 0.001083 0.003706 -0.040748 0.055728 -0.258102 40.7944872958 -218.6008211933 49.28286
S062 24JUL12 2024.5284 60503 2322 5 141.4 -69 -0.307080 4517751 -0.291060 49 0.280870 0.0000 0.000797 0.001067 0.003562 -0.029765 0.134587 -0.117077 40.7944872841 -218.6008212131 49.28087
S062 24JUL13 2024.5311 60504 2322 6 141.4 -69 -0.306591 4517751 -0.291374 49 0.278444 0.0000 0.000830 0.001116 0.003751 -0.113466 0.055359 -0.159201 40.7944872812 -218.6008212073 49.27844
S062 24JUL14 2024.5339 60505 2323 0 141.4 -69 -0.306513 4517751 -0.291692 49 0.276310 0.0000 0.000782 0.001042 0.003516 -0.072642 0.122574 -0.152328 40.7944872784 -218.6008212064 49.27631
S062 24JUL15 2024.5366 60506 2323 1 141.4 -69 -0.306317 4517751 -0.291022 49 0.278487 0.0000 0.000765 0.000976 0.003376 -0.044273 0.123685 -0.158943 40.7944872844 -218.6008212041 49.27849
S062 24JUL16 2024.5394 60507 2323 2 141.4 -69 -0.305600 4517751 -0.291795 49 0.278568 0.0000 0.000761 0.001013 0.003478 -0.019662 0.011395 -0.194088 40.7944872774 -218.6008211956 49.27857
S062 24JUL17 2024.5421 60508 2323 3 141.4 -69 -0.305658 4517751 -0.291265 49 0.290087 0.0000 0.000790 0.001070 0.003733 -0.000387 0.069980 -0.253609 40.7944872822 -218.6008211963 49.29009
S062 24JUL18 2024.5448 60509 2323 4 141.4 -69 -0.304291 4517751 -0.291941 49 0.287511 0.0000 0.000844 0.001119 0.003830 -0.052460 0.130118 -0.171776 40.7944872761 -218.6008211801 49.28751
S062 24JUL19 2024.5476 60510 2323 5 141.4 -69 -0.308580 4517751 -0.287879 49 0.277583 0.0000 0.000832 0.001096 0.003745 -0.050162 0.054167 -0.130629 40.7944873127 -218.6008212309 49.27758
S062 24JUL20 2024.5503 60511 2323 6 141.4 -69 -0.306253 4517751 -0.290567 49 0.277250 0.0000 0.000820 0.001068 0.003750 -0.066609 0.158558 -0.171426 40.7944872885 -218.6008212033 49.27725
S062 24JUL21 2024.5530 60512 2324 0 141.4 -69 -0.305066 4517751 -0.292936 49 0.296221 0.0000 0.000796 0.001060 0.003669 -0.055422 0.043735 -0.146261 40.7944872672 -218.6008211893 49.29622
S062 24JUL22 2024.5558 60513 2324 1 141.4 -69 -0.307329 4517751 -0.292628 49 0.288104 0.0000 0.000764 0.001043 0.003546 -0.024839 0.044722 -0.166239 40.7944872699 -218.6008212161 49.28810
S062 24JUL23 2024.5585 60514 2324 2 141.4 -69 -0.303520 4517751 -0.295448 49 0.290989 0.0000 0.000777 0.001035 0.003563 -0.079454 0.095922 -0.162232 40.7944872445 -218.6008211709 49.29099
S062 24JUL24 2024.5613 60515 2324 3 141.4 -69 -0.300901 4517751 -0.293266 49 0.285638 0.0000 0.000769 0.001026 0.003551 -0.049342 0.027416 -0.225134 40.7944872642 -218.6008211399 49.28564
S062 24JUL25 2024.5640 60516 2324 4 141.4 -69 -0.305154 4517751 -0.291658 49 0.280525 0.0000 0.000794 0.001045 0.003671 -0.036549 0.108137 -0.154571 40.7944872787 -218.6008211903 49.28052
S062 24JUL26 2024.5667 60517 2324 5 141.4 -69 -0.305493 4517751 -0.292924 49 0.290149 0.0000 0.000764 0.001018 0.003440 -0.026597 0.063641 -0.208941 40.7944872673 -218.6008211943 49.29015
S062 24JUL27 2024.5695 60518 2324 6 141.4 -69 -0.304115 4517751 -0.292621 49 0.279705 0.0000 0.000751 0.001001 0.003412 -0.048043 0.074028 -0.167210 40.7944872700 -218.6008211780 49.27970
S062 24JUL28 2024.5722 60519 2325 0 141.4 -69 -0.305408 4517751 -0.290998 49 0.290826 0.0000 0.000769 0.001026 0.003425 -0.031240 0.069171 -0.178417 40.7944872846 -218.6008211933 49.29083
S062 24JUL29 2024.5749 60520 2325 1 141.4 -69 -0.300939 4517751 -0.291507 49 0.284123 0.0000 0.000803 0.001055 0.003579 -0.091889 0.099860 -0.188438 40.7944872800 -218.6008211404 49.28412
S062 24JUL30 2024.5777 60521 2325 2 141.4 -69 -0.301897 4517751 -0.294145 49 0.281314 0.0000 0.000763 0.001032 0.003437 -0.080154 0.094406 -0.177533 40.7944872563 -218.6008211517 49.28131
S062 24JUL31 2024.5804 60522 2325 3 141.4 -69 -0.304379 4517751 -0.292773 49 0.288320 0.0000 0.000763 0.001007 0.003397 -0.065558 0.068046 -0.151153 40.7944872686 -218.6008211811 49.28832
S062 24AUG01 2024.5832 60523 2325 4 141.4 -69 -0.303965 4517751 -0.293302 49 0.291410 0.0000 0.000755 0.000998 0.003345 -0.065840 0.063796 -0.128358 40.7944872639 -218.6008211762 49.29141
S062 24AUG02 2024.5859 60524 2325 5 141.4 -69 -0.304662 4517751 -0.291548 49 0.285079 0.0000 0.000768 0.001016 0.003399 -0.065234 0.038857 -0.161252 40.7944872797 -218.6008211845 49.28508
S062 24AUG03 2024.5886 60525 2325 6 141.4 -69 -0.304387 4517751 -0.292031 49 0.282983 0.0000 0.000769 0.000988 0.003335 -0.078897 0.091887 -0.179849 40.7944872753 -218.6008211812 49.28298
S062 24AUG04 2024.5914 60526 2326 0 141.4 -69 -0.304969 4517751 -0.291679 49 0.283662 0.0000 0.000778 0.001050 0.003540 -0.062037 0.094421 -0.149055 40.7944872785 -218.6008211881 49.28366
S062 24AUG05 2024.5941 60527 2326 1 141.4 -69 -0.304251 4517751 -0.293221 49 0.281362 0.0000 0.000753 0.001009 0.003383 -0.068854 0.083734 -0.163624 40.7944872646 -218.6008211796 49.28136
S062 24AUG06 2024.5969 60528 2326 2 141.4 -69 -0.304214 4517751 -0.291160 49 0.282519 0.0000 0.000730 0.000994 0.003313 -0.019591 0.069945 -0.213508 40.7944872832 -218.6008211792 49.28252
S062 24AUG07 2024.5996 60529 2326 3 141.4 -69 -0.302130 4517751 -0.290373 49 0.283036 0.0000 0.000744 0.001000 0.003340 -0.053608 0.051136 -0.169206 40.7944872902 -218.6008211545 49.28304
S062 24AUG08 2024.6023 60530 2326 4 141.4 -69 -0.304510 4517751 -0.293762 49 0.286723 0.0000 0.000751 0.001035 0.003349 -0.033492 0.012542 -0.117007 40.7944872597 -218.6008211827 49.28672
S062 24AUG09 2024.6051 60531 2326 5 141.4 -69 -0.303266 4517751 -0.294948 49 0.290584 0.0000 0.000761 0.001015 0.003427 -0.070274 0.066813 -0.102982 40.7944872491 -218.6008211679 49.29058
S062 24AUG10 2024.6078 60532 2326 6 141.4 -69 -0.306375 4517751 -0.292977 49 0.286897 0.0000 0.000792 0.001045 0.003628 -0.076558 0.045781 -0.170899 40.7944872668 -218.6008212048 49.28690
S062 24AUG11 2024.6105 60533 2327 0 141.4 -69 -0.304404 4517751 -0.292179 49 0.285359 0.0000 0.000736 0.000984 0.003278 -0.045804 0.083720 -0.163038 40.7944872740 -218.6008211814 49.28536
S062 24AUG12 2024.6133 60534 2327 1 141.4 -69 -0.303771 4517751 -0.292126 49 0.288782 0.0000 0.000791 0.001039 0.003582 -0.058126 0.097169 -0.194988 40.7944872745 -218.6008211739 49.28878
S062 24AUG13 2024.6160 60535 2327 2 141.4 -69 -0.302612 4517751 -0.291497 49 0.295204 0.0000 0.000772 0.001015 0.003476 -0.037260 0.048145 -0.176434 40.7944872801 -218.6008211602 49.29520
S062 24AUG14 2024.6188 60536 2327 3 141.4 -69 -0.301948 4517751 -0.292951 49 0.286248 0.0000 0.000775 0.001030 0.003507 -0.069648 0.038040 -0.174966 40.7944872670 -218.6008211523 49.28625
S062 24AUG15 2024.6215 60537 2327 4 141.4 -69 -0.303846 4517751 -0.291543 49 0.285704 0.0000 0.000794 0.001035 0.003638 -0.029218 0.089711 -0.148193 40.7944872797 -218.6008211748 49.28570
S062 24AUG16 2024.6242 60538 2327 5 141.4 -69 -0.303075 4517751 -0.290235 49 0.291214 0.0000 0.000807 0.001067 0.003714 -0.071028 0.075553 -0.108189 40.7944872915 -218.6008211657 49.29121
S062 24AUG17 2024.6270 60539 2327 6 141.4 -69 -0.304000 4517751 -0.291493 49 0.283284 0.0000 0.000777 0.001015 0.003414 -0.102900 0.093471 -0.145107 40.7944872802 -218.6008211766 49.28328
S062 24AUG18 2024.6297 60540 2328 0 141.4 -69 -0.303398 4517751 -0.291799 49 0.283175 0.0000 0.000738 0.000982 0.003223 -0.070617 0.041180 -0.152700 40.7944872774 -218.6008211695 49.28318
S062 24AUG19 2024.6324 60541 2328 1 141.4 -69 -0.303190 4517751 -0.292450 49 0.287264 0.0000 0.000744 0.001030 0.003442 -0.046249 0.090624 -0.213404 40.7944872715 -218.6008211670 49.28726
S062 24AUG20 2024.6352 60542 2328 2 141.4 -69 -0.302945 4517751 -0.293441 49 0.287787 0.0000 0.000744 0.001016 0.003333 -0.057410 0.060642 -0.167088 40.7944872626 -218.6008211641 49.28779
S062 24AUG21 2024.6379 60543 2328 3 141.4 -69 -0.302192 4517751 -0.293272 49 0.285034 0.0000 0.000749 0.001013 0.003448 -0.030323 0.073966 -0.211470 40.7944872641 -218.6008211552 49.28503
S062 24AUG22 2024.6407 60544 2328 4 141.4 -69 -0.303826 4517751 -0.293081 49 0.279929 0.0000 0.000776 0.001012 0.003456 -0.085426 0.167539 -0.169318 40.7944872659 -218.6008211746 49.27993
S062 24AUG23 2024.6434 60545 2328 5 141.4 -69 -0.300726 4517751 -0.291367 49 0.283602 0.0000 0.000768 0.001020 0.003496 -0.015892 0.112630 -0.218013 40.7944872813 -218.6008211378 49.28360
S062 24AUG24 2024.6461 60546 2328 6 141.4 -69 -0.303959 4517751 -0.292038 49 0.287405 0.0000 0.000755 0.001000 0.003376 -0.046623 0.077379 -0.162385 40.7944872753 -218.6008211761 49.28741
S062 24AUG25 2024.6489 60547 2329 0 141.4 -69 -0.302972 4517751 -0.295384 49 0.282223 0.0000 0.000769 0.000976 0.003396 -0.041668 0.153774 -0.205846 40.7944872451 -218.6008211644 49.28222
S062 24AUG26 2024.6516 60548 2329 1 141.4 -69 -0.302219 4517751 -0.293867 49 0.289765 0.0000 0.000770 0.000993 0.003416 -0.064234 0.104384 -0.217728 40.7944872588 -218.6008211555 49.28977
S062 24AUG27 2024.6543 60549 2329 2 141.4 -69 -0.303078 4517751 -0.293663 49 0.285444 0.0000 0.000783 0.001011 0.003516 -0.043956 0.115890 -0.232861 40.7944872606 -218.6008211657 49.28544
S062 24AUG28 2024.6571 60550 2329 3 141.4 -69 -0.303339 4517751 -0.295244 49 0.284396 0.0000 0.000820 0.001024 0.003641 -0.092136 0.186162 -0.209034 40.7944872464 -218.6008211688 49.28440
S062 24AUG29 2024.6598 60551 2329 4 141.4 -69 -0.302793 4517751 -0.294820 49 0.287565 0.0000 0.000757 0.000977 0.003414 -0.029468 0.086842 -0.229020 40.7944872502 -218.6008211623 49.28757
S062 24AUG30 2024.6626 60552 2329 5 141.4 -69 -0.300478 4517751 -0.295442 49 0.291157 0.0000 0.000766 0.000988 0.003454 -0.016693 0.125691 -0.246347 40.7944872446 -218.6008211349 49.29116
S062 24AUG31 2024.6653 60553 2329 6 141.4 -69 -0.304223 4517751 -0.294763 49 0.282976 0.0000 0.000807 0.001032 0.003665 -0.040384 0.120864 -0.229025 40.7944872507 -218.6008211793 49.28298
S062 24SEP01 2024.6680 60554 2330 0 141.4 -69 -0.303327 4517751 -0.294621 49 0.286462 0.0000 0.000771 0.001036 0.003467 -0.042863 0.066382 -0.190743 40.7944872520 -218.6008211686 49.28646
S062 24SEP02 2024.6708 60555 2330 1 141.4 -69 -0.300565 4517751 -0.295321 49 0.287852 0.0000 0.000808 0.001041 0.003773 -0.062866 0.085863 -0.272895 40.7944872457 -218.6008211359 49.28785
S062 24SEP03 2024.6735 60556 2330 2 141.4 -69 -0.301633 4517751 -0.292324 49 0.284012 0.0000 0.000738 0.001009 0.003342 -0.009835 0.059183 -0.229141 40.7944872727 -218.6008211486 49.28401
S062 24SEP04 2024.6762 60557 2330 3 141.4 -69 -0.302214 4517751 -0.294945 49 0.286142 0.0000 0.000766 0.001000 0.003484 -0.028257 0.111688 -0.226886 40.7944872491 -218.6008211555 49.28614
S062 24SEP06 2024.6817 60559 2330 5 141.4 -69 -0.303026 4517751 -0.295984 49 0.284812 0.0000 0.000768 0.001039 0.003511 -0.056963 0.073753 -0.217962 40.7944872397 -218.6008211651 49.28481
S062 24SEP07 2024.6845 60560 2330 6 141.4 -69 -0.302323 4517751 -0.295079 49 0.288174 0.0000 0.000753 0.001020 0.003415 -0.006190 0.070945 -0.242666 40.7944872479 -218.6008211567 49.28817
S062 24SEP08 2024.6872 60561 2331 0 141.4 -69 -0.299674 4517751 -0.295593 49 0.284158 0.0000 0.000731 0.000976 0.003258 -0.046759 0.070122 -0.182554 40.7944872432 -218.6008211254 49.28416
S062 24SEP09 2024.6899 60562 2331 1 141.4 -69 -0.301679 4517751 -0.293545 49 0.284747 0.0000 0.000739 0.001007 0.003372 -0.033618 0.076065 -0.228105 40.7944872617 -218.6008211491 49.28475
S062 24SEP10 2024.6927 60563 2331 2 141.4 -69 -0.300684 4517751 -0.295520 49 0.285311 0.0000 0.000745 0.000960 0.003371 -0.002303 0.084384 -0.280170 40.7944872439 -218.6008211373 49.28531
S062 24SEP11 2024.6954 60564 2331 3 141.4 -69 -0.301396 4517751 -0.295185 49 0.297175 0.0000 0.000759 0.000999 0.003385 -0.050975 0.092335 -0.179872 40.7944872469 -218.6008211458 49.29718
S062 24SEP12 2024.6982 60565 2331 4 141.4 -69 -0.299087 4517751 -0.295048 49 0.303388 0.0000 0.000873 0.001114 0.004068 0.003570 -0.016714 -0.153542 40.7944872482 -218.6008211184 49.30339
S062 24SEP13 2024.7009 60566 2331 5 141.4 -69 -0.303535 4517751 -0.296935 49 0.291559 0.0000 0.000803 0.001074 0.003635 -0.008896 0.071808 -0.171315 40.7944872312 -218.6008211711 49.29156
S062 24SEP14 2024.7036 60567 2331 6 141.4 -69 -0.301800 4517751 -0.295588 49 0.281876 0.0000 0.000804 0.001036 0.003620 -0.007356 0.053580 -0.217777 40.7944872433 -218.6008211506 49.28188
S062 24SEP15 2024.7064 60568 2332 0 141.4 -69 -0.302003 4517751 -0.296009 49 0.265206 0.0000 0.000768 0.000983 0.003439 -0.044552 0.121746 -0.205252 40.7944872395 -218.6008211530 49.26521
S062 24SEP16 2024.7091 60569 2332 1 141.4 -69 -0.301726 4517751 -0.297397 49 0.284964 0.0000 0.000769 0.000980 0.003480 -0.065400 0.169503 -0.259372 40.7944872270 -218.6008211497 49.28496
S062 24SEP17 2024.7118 60570 2332 2 141.4 -69 -0.300664 4517751 -0.293649 49 0.287916 0.0000 0.000776 0.001046 0.003568 -0.086405 0.055175 -0.246460 40.7944872607 -218.6008211371 49.28792
S062 24SEP18 2024.7146 60571 2332 3 141.4 -69 -0.303079 4517751 -0.293884 49 0.289304 0.0000 0.000803 0.001072 0.003809 -0.038874 0.132005 -0.216266 40.7944872586 -218.6008211657 49.28930
S062 24SEP19 2024.7173 60572 2332 4 141.4 -69 -0.301394 4517751 -0.297675 49 0.284182 0.0000 0.000820 0.001057 0.003832 -0.079355 0.144236 -0.230072 40.7944872245 -218.6008211457 49.28418
S062 24SEP20 2024.7201 60573 2332 5 141.4 -69 -0.300495 4517751 -0.298349 49 0.287019 0.0000 0.000758 0.001015 0.003529 -0.000747 0.021107 -0.175239 40.7944872184 -218.6008211351 49.28702
S062 24SEP21 2024.7228 60574 2332 6 141.4 -69 -0.301063 4517751 -0.295901 49 0.281169 0.0000 0.000738 0.000949 0.003280 -0.031434 0.115688 -0.225591 40.7944872405 -218.6008211418 49.28117
S062 24SEP22 2024.7255 60575 2333 0 141.4 -69 -0.300878 4517751 -0.296580 49 0.276218 0.0000 0.000728 0.000945 0.003228 -0.043311 0.136255 -0.184037 40.7944872344 -218.6008211396 49.27622
S062 24SEP23 2024.7283 60576 2333 1 141.4 -69 -0.300918 4517751 -0.298573 49 0.281090 0.0000 0.000734 0.000959 0.003324 -0.022972 0.028125 -0.245686 40.7944872164 -218.6008211401 49.28109
S062 24SEP24 2024.7310 60577 2333 2 141.4 -69 -0.301131 4517751 -0.296855 49 0.282702 0.0000 0.000747 0.000994 0.003370 -0.043640 0.034692 -0.210196 40.7944872319 -218.6008211426 49.28270
S062 24SEP25 2024.7337 60578 2333 3 141.4 -69 -0.300333 4517751 -0.296462 49 0.284010 0.0000 0.000746 0.001004 0.003387 -0.015900 0.074011 -0.241197 40.7944872354 -218.6008211332 49.28401
S062 24SEP26 2024.7365 60579 2333 4 141.4 -69 -0.300062 4517751 -0.298386 49 0.284775 0.0000 0.000748 0.000991 0.003359 -0.022573 0.106700 -0.146698 40.7944872181 -218.6008211300 49.28478
S062 24SEP27 2024.7392 60580 2333 5 141.4 -69 -0.300966 4517751 -0.297097 49 0.279604 0.0000 0.000794 0.001012 0.003559 -0.074202 0.101166 -0.210080 40.7944872297 -218.6008211407 49.27960
S062 24SEP28 2024.7420 60581 2333 6 141.4 -69 -0.301158 4517751 -0.298022 49 0.276837 0.0000 0.000760 0.000991 0.003370 -0.036217 0.055596 -0.212628 40.7944872214 -218.6008211429 49.27684
S062 24SEP29 2024.7447 60582 2334 0 141.4 -69 -0.300817 4517751 -0.300042 49 0.283388 0.0000 0.000741 0.000983 0.003329 -0.018114 0.049014 -0.256130 40.7944872032 -218.6008211389 49.28339
S062 24SEP30 2024.7474 60583 2334 1 141.4 -69 -0.300227 4517751 -0.298971 49 0.283752 0.0000 0.000809 0.000993 0.003666 -0.035357 0.207747 -0.234421 40.7944872128 -218.6008211319 49.28375
S062 24OCT01 2024.7502 60584 2334 2 141.4 -69 -0.298011 4517751 -0.298443 49 0.279026 0.0000 0.000789 0.001016 0.003632 -0.048583 0.056680 -0.206255 40.7944872176 -218.6008211057 49.27903
S062 24OCT02 2024.7529 60585 2334 3 141.4 -69 -0.299965 4517751 -0.298198 49 0.285380 0.0000 0.000750 0.000971 0.003435 -0.045854 0.128718 -0.239444 40.7944872198 -218.6008211288 49.28538
S062 24OCT03 2024.7556 60586 2334 4 141.4 -69 -0.300163 4517751 -0.297819 49 0.284518 0.0000 0.000771 0.000992 0.003472 -0.044635 0.092399 -0.274891 40.7944872232 -218.6008211312 49.28452
S062 24OCT04 2024.7584 60587 2334 5 141.4 -69 -0.299785 4517751 -0.298891 49 0.277814 0.0000 0.000804 0.001043 0.003689 -0.078039 0.107248 -0.238240 40.7944872135 -218.6008211267 49.27781
S062 24OCT05 2024.7611 60588 2334 6 141.4 -69 -0.299973 4517751 -0.297206 49 0.281445 0.0000 0.000773 0.000998 0.003519 -0.062543 0.132116 -0.243469 40.7944872287 -218.6008211289 49.28144
S062 24OCT06 2024.7639 60589 2335 0 141.4 -69 -0.300824 4517751 -0.297325 49 0.279579 0.0000 0.000781 0.001014 0.003575 -0.063228 0.103639 -0.216941 40.7944872276 -218.6008211390 49.27958
S062 24OCT07 2024.7666 60590 2335 1 141.4 -69 -0.301386 4517751 -0.297894 49 0.276763 0.0000 0.000790 0.001005 0.003576 -0.074271 0.070757 -0.239624 40.7944872225 -218.6008211457 49.27676
S062 24OCT08 2024.7693 60591 2335 2 141.4 -69 -0.301451 4517751 -0.298670 49 0.271767 0.0000 0.000797 0.000983 0.003624 -0.022572 0.142812 -0.269837 40.7944872155 -218.6008211464 49.27177
S062 24OCT09 2024.7721 60592 2335 3 141.4 -69 -0.301508 4517751 -0.299370 49 0.280421 0.0000 0.000785 0.000985 0.003599 -0.004087 0.047575 -0.292614 40.7944872092 -218.6008211471 49.28042
S062 24OCT10 2024.7748 60593 2335 4 141.4 -69 -0.299499 4517751 -0.298379 49 0.285753 0.0000 0.000772 0.001006 0.003556 -0.021216 0.122650 -0.257148 40.7944872182 -218.6008211233 49.28575
S062 24OCT11 2024.7775 60594 2335 5 141.4 -69 -0.299643 4517751 -0.298799 49 0.278714 0.0000 0.000817 0.001039 0.003768 -0.031723 0.034695 -0.201138 40.7944872144 -218.6008211250 49.27871
S062 24OCT12 2024.7803 60595 2335 6 141.4 -69 -0.300004 4517751 -0.298834 49 0.273873 0.0000 0.000755 0.000999 0.003522 -0.015975 0.027229 -0.278111 40.7944872141 -218.6008211293 49.27387
S062 24OCT17 2024.7940 60600 2336 4 141.4 -69 -0.299959 4517751 -0.298427 49 0.276432 0.0000 0.000765 0.001008 0.003550 -0.012841 0.022908 -0.263709 40.7944872177 -218.6008211287 49.27643
S062 24OCT18 2024.7967 60601 2336 5 141.4 -69 -0.298005 4517751 -0.298095 49 0.281152 0.0000 0.000756 0.001018 0.003466 -0.027546 0.073401 -0.243089 40.7944872207 -218.6008211056 49.28115
S062 24OCT20 2024.8022 60603 2337 0 141.4 -69 -0.299833 4517751 -0.300078 49 0.276327 0.0000 0.000752 0.000999 0.003542 0.001567 0.029981 -0.299504 40.7944872029 -218.6008211273 49.27633
S062 24OCT21 2024.8049 60604 2337 1 141.4 -69 -0.300485 4517751 -0.299381 49 0.273232 0.0000 0.000737 0.000973 0.003377 -0.014198 0.042710 -0.286437 40.7944872091 -218.6008211350 49.27323
S062 24OCT22 2024.8077 60605 2337 2 141.4 -69 -0.300450 4517751 -0.299478 49 0.273348 0.0000 0.000744 0.000965 0.003390 -0.026595 0.080504 -0.219830 40.7944872083 -218.6008211346 49.27335
S062 24OCT23 2024.8104 60606 2337 3 141.4 -69 -0.297286 4517751 -0.300232 49 0.287612 0.0000 0.000812 0.001035 0.003859 -0.039319 0.159988 -0.233064 40.7944872015 -218.6008210971 49.28761
S062 24OCT24 2024.8131 60607 2337 4 141.4 -69 -0.302108 4517751 -0.300336 49 0.268485 0.0000 0.000776 0.001009 0.003559 0.000904 0.073609 -0.261830 40.7944872005 -218.6008211542 49.26849
S062 24OCT25 2024.8159 60608 2337 5 141.4 -69 -0.298879 4517751 -0.298437 49 0.277006 0.0000 0.000765 0.001040 0.003658 0.018636 -0.013593 -0.295343 40.7944872176 -218.6008211159 49.27701
S062 24OCT26 2024.8186 60609 2337 6 141.4 -69 -0.299021 4517751 -0.297355 49 0.282165 0.0000 0.000743 0.001006 0.003389 -0.016407 0.051528 -0.201572 40.7944872274 -218.6008211176 49.28216
S062 24OCT27 2024.8214 60610 2338 0 141.4 -69 -0.297678 4517751 -0.300546 49 0.281829 0.0000 0.000779 0.001018 0.003626 -0.053392 0.134073 -0.233065 40.7944871986 -218.6008211017 49.28183
S062 24OCT28 2024.8241 60611 2338 1 141.4 -69 -0.295364 4517751 -0.302473 49 0.273044 0.0000 0.000777 0.001030 0.003542 -0.044018 0.108223 -0.243679 40.7944871813 -218.6008210743 49.27304
S062 24OCT29 2024.8268 60612 2338 2 141.4 -69 -0.297392 4517751 -0.300791 49 0.280501 0.0000 0.000772 0.001004 0.003528 -0.035388 0.064687 -0.215119 40.7944871964 -218.6008210983 49.28050
S062 24OCT30 2024.8296 60613 2338 3 141.4 -69 -0.297209 4517751 -0.298623 49 0.277673 0.0000 0.000807 0.001102 0.003851 0.044853 0.016564 -0.279572 40.7944872160 -218.6008210962 49.27767
S062 24OCT31 2024.8323 60614 2338 4 141.4 -69 -0.298344 4517751 -0.299523 49 0.276859 0.0000 0.000788 0.001033 0.003661 -0.006804 0.031631 -0.260479 40.7944872079 -218.6008211096 49.27686
S062 24NOV01 2024.8350 60615 2338 5 141.4 -69 -0.297943 4517751 -0.299275 49 0.276509 0.0000 0.000800 0.001048 0.003697 -0.051735 0.022343 -0.172167 40.7944872101 -218.6008211049 49.27651
S062 24NOV02 2024.8378 60616 2338 6 141.4 -69 -0.298852 4517751 -0.298721 49 0.273650 0.0000 0.000759 0.001064 0.003498 -0.034529 0.013709 -0.165721 40.7944872151 -218.6008211156 49.27365
S062 24NOV03 2024.8405 60617 2339 0 141.4 -69 -0.298841 4517751 -0.301212 49 0.274872 0.0000 0.000783 0.001054 0.003663 -0.031592 0.038558 -0.208538 40.7944871926 -218.6008211155 49.27487
S062 24NOV04 2024.8433 60618 2339 1 141.4 -69 -0.296671 4517751 -0.302306 49 0.283198 0.0000 0.000777 0.001037 0.003545 -0.006213 0.093735 -0.199916 40.7944871828 -218.6008210898 49.28320
S062 24NOV05 2024.8460 60619 2339 2 141.4 -69 -0.298650 4517751 -0.302550 49 0.274894 0.0000 0.000751 0.001034 0.003488 0.006903 0.043543 -0.279631 40.7944871806 -218.6008211132 49.27489
S062 24NOV06 2024.8487 60620 2339 3 141.4 -69 -0.301043 4517751 -0.299911 49 0.278163 0.0000 0.000817 0.001066 0.003905 0.005438 0.097102 -0.305778 40.7944872044 -218.6008211416 49.27816
S062 24NOV07 2024.8515 60621 2339 4 141.4 -69 -0.299708 4517751 -0.301030 49 0.280410 0.0000 0.000819 0.001099 0.003902 0.044441 -0.042054 -0.301924 40.7944871943 -218.6008211258 49.28041
S062 24NOV08 2024.8542 60622 2339 5 141.4 -69 -0.297444 4517751 -0.300944 49 0.277949 0.0000 0.000783 0.001050 0.003611 0.000782 0.028129 -0.241758 40.7944871951 -218.6008210989 49.27795
S062 24NOV09 2024.8569 60623 2339 6 141.4 -69 -0.298964 4517751 -0.301543 49 0.277953 0.0000 0.000799 0.001052 0.003738 0.012372 0.094302 -0.259738 40.7944871897 -218.6008211170 49.27795
S062 24NOV10 2024.8597 60624 2340 0 141.4 -69 -0.298986 4517751 -0.301270 49 0.275308 0.0000 0.000774 0.001035 0.003613 0.016165 0.051488 -0.235324 40.7944871921 -218.6008211172 49.27531
S062 24NOV11 2024.8624 60625 2340 1 141.4 -69 -0.297676 4517751 -0.300159 49 0.276342 0.0000 0.000779 0.001029 0.003612 -0.029986 0.049210 -0.264228 40.7944872021 -218.6008211017 49.27634
S062 24NOV12 2024.8652 60626 2340 2 141.4 -69 -0.298900 4517751 -0.301360 49 0.278243 0.0000 0.000763 0.000999 0.003550 -0.024806 0.071457 -0.274751 40.7944871913 -218.6008211162 49.27824
S062 24NOV13 2024.8679 60627 2340 3 141.4 -69 -0.297162 4517751 -0.301597 49 0.273754 0.0000 0.000776 0.001013 0.003565 0.005666 0.088454 -0.229159 40.7944871892 -218.6008210956 49.27375
S062 24NOV14 2024.8706 60628 2340 4 141.4 -69 -0.296675 4517751 -0.303118 49 0.285091 0.0000 0.000744 0.000999 0.003338 0.009102 0.006198 -0.228567 40.7944871755 -218.6008210898 49.28509
S062 24NOV15 2024.8734 60629 2340 5 141.4 -69 -0.297620 4517751 -0.302281 49 0.274928 0.0000 0.000776 0.001038 0.003554 -0.007325 0.034118 -0.214255 40.7944871830 -218.6008211010 49.27493
S062 24NOV16 2024.8761 60630 2340 6 141.4 -69 -0.297137 4517751 -0.303379 49 0.279049 0.0000 0.000759 0.001022 0.003520 -0.019154 -0.011284 -0.234668 40.7944871731 -218.6008210953 49.27905
S062 24NOV17 2024.8789 60631 2341 0 141.4 -69 -0.297177 4517751 -0.303510 49 0.279110 0.0000 0.000763 0.000992 0.003442 -0.041812 0.125395 -0.263759 40.7944871719 -218.6008210958 49.27911
S062 24NOV18 2024.8816 60632 2341 1 141.4 -69 -0.295757 4517751 -0.302495 49 0.261004 0.0000 0.000774 0.001036 0.003667 -0.000208 0.114217 -0.249510 40.7944871811 -218.6008210789 49.26100
S062 24NOV19 2024.8843 60633 2341 2 141.4 -69 -0.298723 4517751 -0.304713 49 0.271336 0.0000 0.000789 0.001023 0.003626 -0.010442 0.129101 -0.259868 40.7944871611 -218.6008211141 49.27134
S062 24NOV20 2024.8871 60634 2341 3 141.4 -69 -0.298779 4517751 -0.304589 49 0.274808 0.0000 0.000786 0.001036 0.003688 0.033569 0.049122 -0.306236 40.7944871622 -218.6008211148 49.27481
S062 24NOV21 2024.8898 60635 2341 4 141.4 -69 -0.295773 4517751 -0.303588 49 0.280787 0.0000 0.000762 0.000994 0.003426 -0.025496 0.086652 -0.256190 40.7944871713 -218.6008210791 49.28079
S062 24NOV22 2024.8925 60636 2341 5 141.4 -69 -0.296398 4517751 -0.300274 49 0.279690 0.0000 0.000767 0.001049 0.003565 -0.013454 0.014239 -0.257706 40.7944872011 -218.6008210865 49.27969
S062 24NOV23 2024.8953 60637 2341 6 141.4 -69 -0.297285 4517751 -0.299707 49 0.274872 0.0000 0.000745 0.001011 0.003377 -0.035565 0.046620 -0.230730 40.7944872062 -218.6008210971 49.27487
S062 24NOV24 2024.8980 60638 2342 0 141.4 -69 -0.296989 4517751 -0.301106 49 0.274496 0.0000 0.000758 0.000995 0.003451 -0.011936 0.073357 -0.261493 40.7944871936 -218.6008210935 49.27450
S062 24NOV25 2024.9008 60639 2342 1 141.4 -69 -0.298493 4517751 -0.300816 49 0.273674 0.0000 0.000757 0.000996 0.003335 -0.016506 0.029167 -0.214649 40.7944871962 -218.6008211114 49.27367
S062 24NOV26 2024.9035 60640 2342 2 141.4 -69 -0.297001 4517751 -0.301464 49 0.272469 0.0000 0.000765 0.001014 0.003475 -0.066449 0.124249 -0.256093 40.7944871904 -218.6008210937 49.27247
S062 24NOV27 2024.9062 60641 2342 3 141.4 -69 -0.297181 4517751 -0.304316 49 0.287596 0.0000 0.000770 0.001013 0.003516 -0.066265 0.141247 -0.229728 40.7944871647 -218.6008210958 49.28760
S062 24NOV28 2024.9090 60642 2342 4 141.4 -69 -0.297692 4517751 -0.303323 49 0.279467 0.0000 0.000767 0.000997 0.003496 -0.042883 0.087100 -0.216567 40.7944871736 -218.6008211019 49.27947
S062 24NOV29 2024.9117 60643 2342 5 141.4 -69 -0.297463 4517751 -0.301321 49 0.283069 0.0000 0.000761 0.000997 0.003409 -0.078958 0.103662 -0.195730 40.7944871917 -218.6008210992 49.28307
S062 24NOV30 2024.9144 60644 2342 6 141.4 -69 -0.298662 4517751 -0.303015 49 0.276882 0.0000 0.000810 0.001084 0.003680 -0.033906 0.052435 -0.230834 40.7944871764 -218.6008211134 49.27688
S062 24DEC01 2024.9172 60645 2343 0 141.4 -69 -0.297264 4517751 -0.301107 49 0.279340 0.0000 0.000782 0.001064 0.003649 -0.004245 0.068800 -0.281446 40.7944871936 -218.6008210968 49.27934
S062 24DEC02 2024.9199 60646 2343 1 141.4 -69 -0.296807 4517751 -0.302029 49 0.282210 0.0000 0.000790 0.001082 0.003719 0.002157 0.046365 -0.288070 40.7944871853 -218.6008210914 49.28221
S062 24DEC03 2024.9227 60647 2343 2 141.4 -69 -0.298570 4517751 -0.302516 49 0.275202 0.0000 0.000757 0.001005 0.003402 -0.002273 0.092109 -0.181305 40.7944871809 -218.6008211123 49.27520
S062 24DEC04 2024.9254 60648 2343 3 141.4 -69 -0.296681 4517751 -0.303248 49 0.274224 0.0000 0.000754 0.001019 0.003401 0.006502 0.055523 -0.225971 40.7944871743 -218.6008210899 49.27422
S062 24DEC05 2024.9281 60649 2343 4 141.4 -69 -0.297175 4517751 -0.302962 49 0.276544 0.0000 0.000749 0.000975 0.003323 0.007387 0.075393 -0.243558 40.7944871769 -218.6008210958 49.27654
S062 24DEC06 2024.9309 60650 2343 5 141.4 -69 -0.298006 4517751 -0.303385 49 0.275614 0.0000 0.000801 0.001026 0.003673 -0.038376 0.130518 -0.251958 40.7944871731 -218.6008211056 49.27561
S062 24DEC07 2024.9336 60651 2343 6 141.4 -69 -0.296810 4517751 -0.303579 49 0.276220 0.0000 0.000740 0.000977 0.003292 -0.042715 0.090912 -0.205901 40.7944871713 -218.6008210914 49.27622
S062 24DEC08 2024.9363 60652 2344 0 141.4 -69 -0.296627 4517751 -0.303943 49 0.283027 0.0000 0.000760 0.001003 0.003425 -0.034105 0.136143 -0.243032 40.7944871681 -218.6008210893 49.28303
S062 24DEC09 2024.9391 60653 2344 1 141.4 -69 -0.297502 4517751 -0.303699 49 0.277831 0.0000 0.000777 0.000997 0.003422 -0.011674 0.061117 -0.209986 40.7944871702 -218.6008210996 49.27783
S062 24DEC10 2024.9418 60654 2344 2 141.4 -69 -0.297979 4517751 -0.302326 49 0.275657 0.0000 0.000754 0.001026 0.003499 0.023331 0.052206 -0.264484 40.7944871826 -218.6008211053 49.27566
S062 24DEC11 2024.9446 60655 2344 3 141.4 -69 -0.298323 4517751 -0.303502 49 0.277516 0.0000 0.000773 0.001034 0.003486 0.038322 0.086587 -0.266708 40.7944871720 -218.6008211094 49.27752
S062 24DEC12 2024.9473 60656 2344 4 141.4 -69 -0.296337 4517751 -0.304473 49 0.282978 0.0000 0.000723 0.000990 0.003269 0.021607 0.054650 -0.239607 40.7944871633 -218.6008210858 49.28298
S062 24DEC13 2024.9500 60657 2344 5 141.4 -69 -0.296078 4517751 -0.304954 49 0.280052 0.0000 0.000758 0.000996 0.003343 0.021937 0.087930 -0.193630 40.7944871590 -218.6008210828 49.28005
S062 24DEC14 2024.9528 60658 2344 6 141.4 -69 -0.297024 4517751 -0.305087 49 0.280775 0.0000 0.000761 0.000988 0.003375 -0.016514 0.100663 -0.159743 40.7944871577 -218.6008210940 49.28078
S062 24DEC15 2024.9555 60659 2345 0 141.4 -69 -0.293635 4517751 -0.305455 49 0.278640 0.0000 0.000780 0.001014 0.003451 0.014311 0.061064 -0.241636 40.7944871544 -218.6008210538 49.27864
S062 24DEC16 2024.9582 60660 2345 1 141.4 -69 -0.297176 4517751 -0.304275 49 0.274352 0.0000 0.000772 0.000991 0.003447 -0.011082 0.075453 -0.232890 40.7944871651 -218.6008210958 49.27435
S062 24DEC17 2024.9610 60661 2345 2 141.4 -69 -0.299177 4517751 -0.304739 49 0.273977 0.0000 0.000759 0.000968 0.003327 -0.026879 0.105750 -0.221052 40.7944871609 -218.6008211195 49.27398
S062 24DEC18 2024.9637 60662 2345 3 141.4 -69 -0.296005 4517751 -0.303885 49 0.275610 0.0000 0.000739 0.000973 0.003243 0.014160 0.098530 -0.224286 40.7944871686 -218.6008210819 49.27561
S062 24DEC19 2024.9665 60663 2345 4 141.4 -69 -0.296475 4517751 -0.305639 49 0.278630 0.0000 0.000753 0.000982 0.003328 -0.039255 0.142608 -0.209212 40.7944871528 -218.6008210875 49.27863
S062 24DEC20 2024.9692 60664 2345 5 141.4 -69 -0.298868 4517751 -0.305550 49 0.270817 0.0000 0.000781 0.001000 0.003538 -0.024946 0.122107 -0.261001 40.7944871536 -218.6008211158 49.27082
S062 24DEC21 2024.9719 60665 2345 6 141.4 -69 -0.297159 4517751 -0.301381 49 0.273953 0.0000 0.000778 0.001010 0.003502 0.022577 0.090234 -0.240804 40.7944871911 -218.6008210956 49.27395
S062 24DEC22 2024.9747 60666 2346 0 141.4 -69 -0.297572 4517751 -0.302809 49 0.277769 0.0000 0.000771 0.000981 0.003321 -0.003156 0.108777 -0.184822 40.7944871783 -218.6008211005 49.27777
S062 24DEC23 2024.9774 60667 2346 1 141.4 -69 -0.298555 4517751 -0.303111 49 0.276666 0.0000 0.000789 0.001017 0.003442 0.045843 0.082180 -0.262497 40.7944871755 -218.6008211121 49.27667
S062 24DEC24 2024.9802 60668 2346 2 141.4 -69 -0.297416 4517751 -0.303856 49 0.273594 0.0000 0.000776 0.000989 0.003350 -0.012514 0.121455 -0.218545 40.7944871688 -218.6008210986 49.27359
S062 24DEC25 2024.9829 60669 2346 3 141.4 -69 -0.297349 4517751 -0.305197 49 0.275025 0.0000 0.000731 0.000972 0.003202 -0.016724 0.105763 -0.189351 40.7944871568 -218.6008210978 49.27503
S062 24DEC26 2024.9856 60670 2346 4 141.4 -69 -0.298800 4517751 -0.304197 49 0.265624 0.0000 0.000756 0.000980 0.003313 -0.037470 0.166469 -0.187364 40.7944871658 -218.6008211150 49.26562
S062 24DEC27 2024.9884 60671 2346 5 141.4 -69 -0.294898 4517751 -0.305831 49 0.281021 0.0000 0.000720 0.000955 0.003167 -0.021521 0.091117 -0.204017 40.7944871510 -218.6008210688 49.28102
S062 24DEC28 2024.9911 60672 2346 6 141.4 -69 -0.297133 4517751 -0.305366 49 0.280201 0.0000 0.000739 0.000954 0.003244 -0.033833 0.095617 -0.284085 40.7944871552 -218.6008210953 49.28020
S062 24DEC29 2024.9938 60673 2347 0 141.4 -69 -0.294859 4517751 -0.303902 49 0.272720 0.0000 0.000750 0.000972 0.003292 0.000549 0.091346 -0.247272 40.7944871684 -218.6008210683 49.27272
S062 24DEC30 2024.9966 60674 2347 1 141.4 -69 -0.294730 4517751 -0.304752 49 0.276616 0.0000 0.000755 0.000964 0.003320 -0.011241 0.095424 -0.215367 40.7944871608 -218.6008210668 49.27662
S062 24DEC31 2024.9993 60675 2347 2 141.4 -69 -0.295581 4517751 -0.304383 49 0.275375 0.0000 0.000757 0.000976 0.003337 -0.037430 0.045313 -0.189316 40.7944871641 -218.6008210769 49.27537
S062 25JAN01 2025.0021 60676 2347 3 141.4 -69 -0.295031 4517751 -0.303695 49 0.270601 0.0000 0.000791 0.001096 0.003612 0.001371 0.053682 -0.098076 40.7944871703 -218.6008210703 49.27060
S062 25JAN02 2025.0048 60677 2347 4 141.4 -69 -0.296737 4517751 -0.302956 49 0.274214 0.0000 0.000771 0.001000 0.003434 0.003662 0.047560 -0.233095 40.7944871769 -218.6008210906 49.27421
S062 25JAN03 2025.0075 60678 2347 5 141.4 -69 -0.297290 4517751 -0.304319 49 0.276692 0.0000 0.000770 0.000990 0.003411 0.005141 0.112285 -0.201951 40.7944871647 -218.6008210971 49.27669
S062 25JAN04 2025.0103 60679 2347 6 141.4 -69 -0.296114 4517751 -0.304310 49 0.276232 0.0000 0.000762 0.000975 0.003435 0.027251 0.082538 -0.251753 40.7944871647 -218.6008210832 49.27623
S062 25JAN05 2025.0130 60680 2348 0 141.4 -69 -0.297535 4517751 -0.305640 49 0.273478 0.0000 0.000789 0.000991 0.003439 -0.006583 0.124044 -0.215870 40.7944871528 -218.6008211000 49.27348
S062 25JAN06 2025.0157 60681 2348 1 141.4 -69 -0.297717 4517751 -0.305596 49 0.276887 0.0000 0.000827 0.001036 0.003767 0.041313 0.046439 -0.255365 40.7944871532 -218.6008211022 49.27689
S062 25JAN07 2025.0185 60682 2348 2 141.4 -69 -0.297301 4517751 -0.306071 49 0.269822 0.0000 0.000827 0.001051 0.003602 0.046840 0.055430 -0.198670 40.7944871489 -218.6008210972 49.26982
S062 25JAN08 2025.0212 60683 2348 3 141.4 -69 -0.296041 4517751 -0.305317 49 0.277227 0.0000 0.000775 0.000992 0.003548 -0.026592 0.107514 -0.280696 40.7944871557 -218.6008210823 49.27723
S062 25JAN09 2025.0240 60684 2348 4 141.4 -69 -0.296809 4517751 -0.304487 49 0.272624 0.0000 0.000761 0.000994 0.003347 0.011832 0.075604 -0.224539 40.7944871632 -218.6008210914 49.27262
S062 25JAN10 2025.0267 60685 2348 5 141.4 -69 -0.296398 4517751 -0.304414 49 0.272305 0.0000 0.000745 0.000970 0.003227 -0.008868 0.075112 -0.209424 40.7944871638 -218.6008210865 49.27231
S062 25JAN11 2025.0294 60686 2348 6 141.4 -69 -0.296376 4517751 -0.305258 49 0.273179 0.0000 0.000742 0.001001 0.003319 0.004234 0.038472 -0.237771 40.7944871562 -218.6008210863 49.27318
S062 25JAN12 2025.0322 60687 2349 0 141.4 -69 -0.295310 4517751 -0.306106 49 0.280181 0.0000 0.000768 0.001002 0.003497 0.013102 0.014903 -0.265626 40.7944871486 -218.6008210737 49.28018
S062 25JAN13 2025.0349 60688 2349 1 141.4 -69 -0.294579 4517751 -0.305582 49 0.276523 0.0000 0.000737 0.000971 0.003284 -0.001290 0.114160 -0.241164 40.7944871533 -218.6008210650 49.27652
S062 25JAN14 2025.0376 60689 2349 2 141.4 -69 -0.294251 4517751 -0.304799 49 0.278950 0.0000 0.000755 0.000985 0.003394 0.011836 0.083246 -0.250076 40.7944871603 -218.6008210611 49.27895
S062 25JAN15 2025.0404 60690 2349 3 141.4 -69 -0.293714 4517751 -0.307397 49 0.272132 0.0000 0.000747 0.000975 0.003310 0.019788 0.061187 -0.222655 40.7944871370 -218.6008210547 49.27213
S062 25JAN16 2025.0431 60691 2349 4 141.4 -69 -0.294950 4517751 -0.305406 49 0.273744 0.0000 0.000745 0.000962 0.003232 0.013238 0.066045 -0.205989 40.7944871549 -218.6008210694 49.27374
S062 25JAN17 2025.0459 60692 2349 5 141.4 -69 -0.296214 4517751 -0.305403 49 0.274382 0.0000 0.000742 0.000946 0.003269 0.001404 0.093558 -0.233215 40.7944871549 -218.6008210844 49.27438
S062 25JAN18 2025.0486 60693 2349 6 141.4 -69 -0.297200 4517751 -0.305862 49 0.275363 0.0000 0.000766 0.000969 0.003378 -0.020025 0.168965 -0.219149 40.7944871508 -218.6008210961 49.27536
S062 25JAN19 2025.0513 60694 2350 0 141.4 -69 -0.296770 4517751 -0.306000 49 0.278958 0.0000 0.000754 0.000985 0.003330 -0.039821 0.082960 -0.206415 40.7944871495 -218.6008210910 49.27896
S062 25JAN20 2025.0541 60695 2350 1 141.4 -69 -0.298916 4517751 -0.307914 49 0.271675 0.0000 0.000790 0.001032 0.003608 -0.001930 0.133064 -0.226347 40.7944871323 -218.6008211164 49.27167
S062 25JAN21 2025.0568 60696 2350 2 141.4 -69 -0.297985 4517751 -0.307609 49 0.268035 0.0000 0.000816 0.001080 0.003679 -0.033751 0.105635 -0.245584 40.7944871350 -218.6008211053 49.26803
S062 25JAN22 2025.0595 60697 2350 3 141.4 -69 -0.297372 4517751 -0.307275 49 0.269211 0.0000 0.000759 0.001022 0.003437 0.024847 0.038491 -0.261884 40.7944871381 -218.6008210981 49.26921
S062 25JAN23 2025.0623 60698 2350 4 141.4 -69 -0.298499 4517751 -0.305363 49 0.271983 0.0000 0.000755 0.000987 0.003421 -0.018539 0.025483 -0.239232 40.7944871553 -218.6008211114 49.27198
S062 25JAN24 2025.0650 60699 2350 5 141.4 -69 -0.298028 4517751 -0.305731 49 0.273097 0.0000 0.000768 0.001015 0.003465 0.037736 0.025262 -0.248598 40.7944871519 -218.6008211059 49.27310
S062 25JAN25 2025.0678 60700 2350 6 141.4 -69 -0.298743 4517751 -0.306027 49 0.265836 0.0000 0.000751 0.000996 0.003444 -0.015011 0.072281 -0.244784 40.7944871493 -218.6008211143 49.26584
S062 25JAN26 2025.0705 60701 2351 0 141.4 -69 -0.298537 4517751 -0.307283 49 0.267965 0.0000 0.000759 0.000963 0.003335 -0.025458 0.094127 -0.202147 40.7944871380 -218.6008211119 49.26796
S062 25JAN27 2025.0732 60702 2351 1 141.4 -69 -0.297454 4517751 -0.306089 49 0.269252 0.0000 0.000733 0.000957 0.003327 -0.020190 0.067509 -0.244635 40.7944871487 -218.6008210991 49.26925
S062 25JAN28 2025.0760 60703 2351 2 141.4 -69 -0.297052 4517751 -0.305247 49 0.271613 0.0000 0.000750 0.000990 0.003384 0.009247 0.044262 -0.237832 40.7944871563 -218.6008210943 49.27161
S062 25JAN29 2025.0787 60704 2351 3 141.4 -69 -0.297201 4517751 -0.306495 49 0.274379 0.0000 0.000753 0.000999 0.003376 -0.033494 0.021843 -0.188157 40.7944871451 -218.6008210961 49.27438
S062 25JAN30 2025.0815 60705 2351 4 141.4 -69 -0.297874 4517751 -0.306329 49 0.277151 0.0000 0.000723 0.000965 0.003192 -0.004845 0.004572 -0.254569 40.7944871466 -218.6008211040 49.27715
S062 25JAN31 2025.0842 60706 2351 5 141.4 -69 -0.296883 4517751 -0.307214 49 0.271325 0.0000 0.000718 0.000975 0.003238 -0.003816 0.002511 -0.229183 40.7944871386 -218.6008210923 49.27133
S062 25FEB01 2025.0869 60707 2351 6 141.4 -69 -0.295780 4517751 -0.306441 49 0.271128 0.0000 0.000739 0.000982 0.003252 -0.021412 0.043560 -0.179934 40.7944871456 -218.6008210792 49.27113
S062 25FEB02 2025.0897 60708 2352 0 141.4 -69 -0.296308 4517751 -0.306585 49 0.271482 0.0000 0.000755 0.000996 0.003346 0.017407 0.037827 -0.180269 40.7944871443 -218.6008210855 49.27148
S062 25FEB03 2025.0924 60709 2352 1 141.4 -69 -0.295882 4517751 -0.307646 49 0.274052 0.0000 0.000763 0.001019 0.003503 -0.030329 0.063632 -0.230434 40.7944871347 -218.6008210804 49.27405
S062 25FEB04 2025.0951 60710 2352 2 141.4 -69 -0.297509 4517751 -0.308411 49 0.280673 0.0000 0.000767 0.001033 0.003491 0.002550 0.099572 -0.199728 40.7944871278 -218.6008210997 49.28067
S062 25FEB05 2025.0979 60711 2352 3 141.4 -69 -0.296243 4517751 -0.307351 49 0.277086 0.0000 0.000791 0.001037 0.003585 0.021732 0.096756 -0.220187 40.7944871374 -218.6008210847 49.27709
S062 25FEB06 2025.1006 60712 2352 4 141.4 -69 -0.297138 4517751 -0.306545 49 0.272865 0.0000 0.000743 0.000978 0.003301 -0.004302 0.091057 -0.234928 40.7944871446 -218.6008210953 49.27287
S062 25FEB07 2025.1034 60713 2352 5 141.4 -69 -0.296800 4517751 -0.306302 49 0.277743 0.0000 0.000767 0.000982 0.003305 0.047091 0.046715 -0.219553 40.7944871468 -218.6008210913 49.27774
S062 25FEB08 2025.1061 60714 2352 6 141.4 -69 -0.297781 4517751 -0.306701 49 0.278890 0.0000 0.000717 0.000959 0.003186 0.017540 0.022322 -0.242551 40.7944871432 -218.6008211029 49.27889
S062 25FEB09 2025.1088 60715 2353 0 141.4 -69 -0.298472 4517751 -0.307898 49 0.278551 0.0000 0.000719 0.000953 0.003127 -0.023197 0.040973 -0.229348 40.7944871324 -218.6008211111 49.27855
S062 25FEB10 2025.1116 60716 2353 1 141.4 -69 -0.297974 4517751 -0.306719 49 0.271259 0.0000 0.000749 0.000981 0.003432 0.002911 0.018717 -0.309304 40.7944871431 -218.6008211052 49.27126
S062 25FEB11 2025.1143 60717 2353 2 141.4 -69 -0.297258 4517751 -0.307231 49 0.277936 0.0000 0.000746 0.000973 0.003322 -0.012482 0.066656 -0.230747 40.7944871384 -218.6008210967 49.27794
S062 25FEB12 2025.1170 60718 2353 3 141.4 -69 -0.296697 4517751 -0.308740 49 0.278559 0.0000 0.000757 0.001031 0.003385 -0.031654 0.105370 -0.227811 40.7944871249 -218.6008210901 49.27856
S062 25FEB13 2025.1198 60719 2353 4 141.4 -69 -0.296143 4517751 -0.310304 49 0.281061 0.0000 0.000750 0.001017 0.003422 -0.007471 0.086003 -0.192965 40.7944871108 -218.6008210835 49.28106
S062 25FEB14 2025.1225 60720 2353 5 141.4 -69 -0.298267 4517751 -0.308768 49 0.277791 0.0000 0.000784 0.000986 0.003570 -0.025771 0.184345 -0.278517 40.7944871246 -218.6008211087 49.27779
S062 25FEB15 2025.1253 60721 2353 6 141.4 -69 -0.296786 4517751 -0.310866 49 0.275569 0.0000 0.000786 0.001040 0.003580 -0.021758 0.049290 -0.220771 40.7944871057 -218.6008210911 49.27557
S062 25FEB16 2025.1280 60722 2354 0 141.4 -69 -0.298344 4517751 -0.308332 49 0.274312 0.0000 0.000752 0.000994 0.003386 -0.030242 0.066542 -0.257492 40.7944871285 -218.6008211096 49.27431
S062 25FEB17 2025.1307 60723 2354 1 141.4 -69 -0.296669 4517751 -0.307974 49 0.274922 0.0000 0.000826 0.001027 0.003668 -0.028396 0.161771 -0.207842 40.7944871318 -218.6008210898 49.27492
S062 25FEB18 2025.1335 60724 2354 2 141.4 -69 -0.299040 4517751 -0.308422 49 0.276713 0.0000 0.000771 0.000991 0.003378 -0.006669 0.067528 -0.149600 40.7944871277 -218.6008211178 49.27671
S062 25FEB19 2025.1362 60725 2354 3 141.4 -69 -0.297031 4517751 -0.309338 49 0.278177 0.0000 0.000750 0.000969 0.003363 -0.011260 0.089188 -0.266160 40.7944871195 -218.6008210940 49.27818
S062 25FEB20 2025.1389 60726 2354 4 141.4 -69 -0.298738 4517751 -0.308492 49 0.273387 0.0000 0.000765 0.000969 0.003544 -0.030643 0.155288 -0.286457 40.7944871271 -218.6008211143 49.27339
S062 25FEB21 2025.1417 60727 2354 5 141.4 -69 -0.298931 4517751 -0.308529 49 0.270014 0.0000 0.000756 0.000989 0.003341 -0.009268 0.044593 -0.185777 40.7944871268 -218.6008211166 49.27001
S062 25FEB22 2025.1444 60728 2354 6 141.4 -69 -0.298960 4517751 -0.308890 49 0.274404 0.0000 0.000758 0.000994 0.003400 -0.015489 0.114183 -0.242575 40.7944871235 -218.6008211169 49.27440
S062 25FEB23 2025.1472 60729 2355 0 141.4 -69 -0.298674 4517751 -0.309822 49 0.275646 0.0000 0.000748 0.000995 0.003300 0.002138 0.079591 -0.193004 40.7944871151 -218.6008211135 49.27565
S062 25FEB24 2025.1499 60730 2355 1 141.4 -69 -0.298267 4517751 -0.309978 49 0.275752 0.0000 0.000756 0.000990 0.003320 -0.022027 0.084975 -0.169961 40.7944871137 -218.6008211087 49.27575
S062 25FEB25 2025.1526 60731 2355 2 141.4 -69 -0.296884 4517751 -0.310498 49 0.281022 0.0000 0.000747 0.000984 0.003361 -0.020617 0.030203 -0.224384 40.7944871090 -218.6008210923 49.28102
S062 25FEB26 2025.1554 60732 2355 3 141.4 -69 -0.297708 4517751 -0.308871 49 0.276881 0.0000 0.000746 0.000978 0.003316 0.018730 0.028086 -0.249009 40.7944871237 -218.6008211021 49.27688
S062 25FEB27 2025.1581 60733 2355 4 141.4 -69 -0.296656 4517751 -0.312302 49 0.278273 0.0000 0.000749 0.001013 0.003354 0.037654 -0.017798 -0.211825 40.7944870928 -218.6008210896 49.27827
S062 25FEB28 2025.1608 60734 2355 5 141.4 -69 -0.298020 4517751 -0.310370 49 0.274581 0.0000 0.000762 0.001011 0.003432 0.002062 0.040036 -0.243760 40.7944871102 -218.6008211058 49.27458
S062 25MAR01 2025.1636 60735 2355 6 141.4 -69 -0.296955 4517751 -0.307998 49 0.274054 0.0000 0.000748 0.001004 0.003396 0.052614 0.011082 -0.285905 40.7944871315 -218.6008210931 49.27405
S062 25MAR02 2025.1663 60736 2356 0 141.4 -69 -0.297894 4517751 -0.309947 49 0.275997 0.0000 0.000745 0.000990 0.003347 -0.005012 0.063290 -0.223748 40.7944871140 -218.6008211043 49.27600
S062 25MAR03 2025.1691 60737 2356 1 141.4 -69 -0.296174 4517751 -0.310403 49 0.278270 0.0000 0.000785 0.001034 0.003581 -0.018076 0.070389 -0.256711 40.7944871099 -218.6008210839 49.27827
S062 25MAR04 2025.1718 60738 2356 2 141.4 -69 -0.297860 4517751 -0.309347 49 0.273510 0.0000 0.000756 0.001018 0.003394 -0.054268 0.037527 -0.192414 40.7944871194 -218.6008211039 49.27351
S062 25MAR05 2025.1745 60739 2356 3 141.4 -69 -0.298669 4517751 -0.308729 49 0.274746 0.0000 0.000804 0.001075 0.003579 0.012443 0.009572 -0.177605 40.7944871250 -218.6008211135 49.27475
S062 25MAR06 2025.1773 60740 2356 4 141.4 -69 -0.298957 4517751 -0.310753 49 0.274205 0.0000 0.000761 0.000986 0.003358 0.018579 0.016970 -0.213419 40.7944871067 -218.6008211169 49.27420
S062 25MAR07 2025.1800 60741 2356 5 141.4 -69 -0.297470 4517751 -0.311472 49 0.271763 0.0000 0.000746 0.000981 0.003336 0.001809 0.028951 -0.228647 40.7944871003 -218.6008210993 49.27176
S062 25MAR08 2025.1828 60742 2356 6 141.4 -69 -0.297140 4517751 -0.310392 49 0.271502 0.0000 0.000762 0.000981 0.003339 0.010670 0.071937 -0.194643 40.7944871100 -218.6008210953 49.27150
S062 25MAR09 2025.1855 60743 2357 0 141.4 -69 -0.298092 4517751 -0.311521 49 0.265462 0.0000 0.000803 0.001008 0.003520 -0.000684 0.124175 -0.231529 40.7944870998 -218.6008211066 49.26546
S062 25MAR10 2025.1882 60744 2357 1 141.4 -69 -0.298127 4517751 -0.310881 49 0.269012 0.0000 0.000804 0.001016 0.003645 0.013733 0.010068 -0.257245 40.7944871056 -218.6008211070 49.26901
S062 25MAR11 2025.1910 60745 2357 2 141.4 -69 -0.297445 4517751 -0.310354 49 0.270315 0.0000 0.000829 0.001014 0.003657 -0.048625 0.090801 -0.213325 40.7944871103 -218.6008210989 49.27031
S062 25MAR12 2025.1937 60746 2357 3 141.4 -69 -0.298282 4517751 -0.311550 49 0.270145 0.0000 0.000755 0.001016 0.003490 -0.048085 0.074657 -0.197081 40.7944870996 -218.6008211089 49.27014
S062 25MAR13 2025.1964 60747 2357 4 141.4 -69 -0.298580 4517751 -0.309507 49 0.272487 0.0000 0.000759 0.000991 0.003429 -0.020311 0.045372 -0.198153 40.7944871179 -218.6008211124 49.27249
S062 25MAR14 2025.1992 60748 2357 5 141.4 -69 -0.297671 4517751 -0.310998 49 0.270474 0.0000 0.000774 0.001001 0.003457 -0.028797 0.110923 -0.221700 40.7944871045 -218.6008211016 49.27047
S062 25MAR15 2025.2019 60749 2357 6 141.4 -69 -0.297222 4517751 -0.310641 49 0.271491 0.0000 0.000766 0.001011 0.003464 -0.006301 0.088237 -0.129553 40.7944871077 -218.6008210963 49.27149
S062 25MAR16 2025.2047 60750 2358 0 141.4 -69 -0.296963 4517751 -0.309998 49 0.274254 0.0000 0.000756 0.000994 0.003472 0.001477 0.040527 -0.238155 40.7944871135 -218.6008210932 49.27425
S062 25MAR17 2025.2074 60751 2358 1 141.4 -69 -0.298982 4517751 -0.309339 49 0.270646 0.0000 0.000756 0.000965 0.003389 -0.004610 0.052540 -0.260631 40.7944871195 -218.6008211172 49.27065
S062 25MAR18 2025.2101 60752 2358 2 141.4 -69 -0.298899 4517751 -0.311982 49 0.274232 0.0000 0.000742 0.000972 0.003366 -0.019201 0.076790 -0.229035 40.7944870957 -218.6008211162 49.27423
S062 25MAR19 2025.2129 60753 2358 3 141.4 -69 -0.297366 4517751 -0.310254 49 0.273487 0.0000 0.000746 0.000988 0.003346 -0.004171 0.010099 -0.227973 40.7944871112 -218.6008210980 49.27349
S062 25MAR20 2025.2156 60754 2358 4 141.4 -69 -0.298258 4517751 -0.311220 49 0.279229 0.0000 0.000722 0.000987 0.003300 0.008450 0.026925 -0.275722 40.7944871025 -218.6008211086 49.27923
S062 25MAR21 2025.2183 60755 2358 5 141.4 -69 -0.296909 4517751 -0.311985 49 0.276351 0.0000 0.000747 0.001011 0.003446 0.028618 0.041613 -0.228154 40.7944870956 -218.6008210926 49.27635
S062 25MAR22 2025.2211 60756 2358 6 141.4 -69 -0.293076 4517751 -0.312691 49 0.282636 0.0000 0.000755 0.000991 0.003432 0.023089 0.081767 -0.260212 40.7944870893 -218.6008210472 49.28264
S062 25MAR23 2025.2238 60757 2359 0 141.4 -69 -0.295767 4517751 -0.311162 49 0.274102 0.0000 0.000744 0.000989 0.003388 0.002755 -0.001484 -0.286167 40.7944871030 -218.6008210791 49.27410
S062 25MAR24 2025.2266 60758 2359 1 141.4 -69 -0.297044 4517751 -0.310876 49 0.276858 0.0000 0.000735 0.000968 0.003261 -0.020543 0.081266 -0.160570 40.7944871056 -218.6008210942 49.27686
S062 25MAR25 2025.2293 60759 2359 2 141.4 -69 -0.295648 4517751 -0.310881 49 0.277310 0.0000 0.000735 0.000997 0.003398 0.001629 0.004537 -0.220464 40.7944871056 -218.6008210777 49.27731
S062 25MAR26 2025.2320 60760 2359 3 141.4 -69 -0.297438 4517751 -0.310350 49 0.270717 0.0000 0.000799 0.000987 0.003596 -0.011458 0.105625 -0.228179 40.7944871104 -218.6008210989 49.27072
S062 25MAR27 2025.2348 60761 2359 4 141.4 -69 -0.298261 4517751 -0.311274 49 0.272343 0.0000 0.000777 0.001011 0.003613 -0.001035 0.110231 -0.272743 40.7944871020 -218.6008211086 49.27234
S062 25MAR28 2025.2375 60762 2359 5 141.4 -69 -0.297873 4517751 -0.308780 49 0.271384 0.0000 0.000783 0.001007 0.003531 -0.021077 0.078630 -0.251280 40.7944871245 -218.6008211040 49.27138
S062 25MAR29 2025.2402 60763 2359 6 141.4 -69 -0.297494 4517751 -0.309542 49 0.270598 0.0000 0.000733 0.000967 0.003275 -0.017172 0.062992 -0.219743 40.7944871176 -218.6008210995 49.27060
S062 25MAR30 2025.2430 60764 2360 0 141.4 -69 -0.297712 4517751 -0.311146 49 0.272843 0.0000 0.000758 0.000991 0.003415 -0.079531 0.106930 -0.249766 40.7944871032 -218.6008211021 49.27284
S062 25MAR31 2025.2457 60765 2360 1 141.4 -69 -0.298482 4517751 -0.311387 49 0.268223 0.0000 0.000748 0.000986 0.003306 -0.046611 0.044029 -0.166105 40.7944871010 -218.6008211112 49.26822
S062 25APR01 2025.2485 60766 2360 2 141.4 -69 -0.298300 4517751 -0.310409 49 0.271916 0.0000 0.000743 0.000983 0.003348 -0.015400 -0.014319 -0.223925 40.7944871098 -218.6008211091 49.27192
S062 25APR02 2025.2512 60767 2360 3 141.4 -69 -0.297119 4517751 -0.311227 49 0.271739 0.0000 0.000734 0.000976 0.003329 0.012193 -0.012339 -0.248186 40.7944871025 -218.6008210951 49.27174
S062 25APR03 2025.2539 60768 2360 4 141.4 -69 -0.298056 4517751 -0.311418 49 0.272903 0.0000 0.000745 0.001018 0.003388 0.038118 -0.015544 -0.206188 40.7944871007 -218.6008211062 49.27290
S062 25APR04 2025.2567 60769 2360 5 141.4 -69 -0.297147 4517751 -0.310209 49 0.273633 0.0000 0.000765 0.001044 0.003486 0.016722 0.045755 -0.227637 40.7944871116 -218.6008210954 49.27363
S062 25APR05 2025.2594 60770 2360 6 141.4 -69 -0.296705 4517751 -0.311716 49 0.272434 0.0000 0.000755 0.000996 0.003267 -0.032507 0.053574 -0.167011 40.7944870981 -218.6008210902 49.27243
S062 25APR06 2025.2621 60771 2361 0 141.4 -69 -0.297424 4517751 -0.314253 49 0.270574 0.0000 0.000757 0.000986 0.003394 -0.011801 0.131568 -0.204296 40.7944870752 -218.6008210987 49.27057
S062 25APR07 2025.2649 60772 2361 1 141.4 -69 -0.295335 4517751 -0.312892 49 0.273798 0.0000 0.000772 0.001018 0.003493 0.015307 0.072969 -0.188600 40.7944870875 -218.6008210739 49.27380
S062 25APR08 2025.2676 60773 2361 2 141.4 -69 -0.297551 4517751 -0.310949 49 0.276720 0.0000 0.000790 0.000992 0.003509 -0.022275 0.075384 -0.228091 40.7944871050 -218.6008211002 49.27672
S062 25APR09 2025.2704 60774 2361 3 141.4 -69 -0.296852 4517751 -0.311457 49 0.280515 0.0000 0.000769 0.000994 0.003353 -0.020758 0.070129 -0.186069 40.7944871004 -218.6008210919 49.28052
S062 25APR10 2025.2731 60775 2361 4 141.4 -69 -0.297347 4517751 -0.312484 49 0.274396 0.0000 0.000758 0.001043 0.003577 0.019689 -0.094863 -0.278997 40.7944870911 -218.6008210978 49.27440
S062 25APR11 2025.2758 60776 2361 5 141.4 -69 -0.297764 4517751 -0.312790 49 0.273380 0.0000 0.000764 0.001013 0.003513 -0.010729 0.015513 -0.266909 40.7944870884 -218.6008211027 49.27338
S062 25APR12 2025.2786 60777 2361 6 141.4 -69 -0.297654 4517751 -0.311692 49 0.275504 0.0000 0.000737 0.000993 0.003338 -0.012155 0.020312 -0.267654 40.7944870983 -218.6008211014 49.27550
S062 25APR13 2025.2813 60778 2362 0 141.4 -69 -0.297057 4517751 -0.309919 49 0.280890 0.0000 0.000739 0.001014 0.003325 0.006892 -0.001947 -0.209300 40.7944871142 -218.6008210944 49.28089
S062 25APR14 2025.2841 60779 2362 1 141.4 -69 -0.296286 4517751 -0.310114 49 0.275720 0.0000 0.000763 0.000987 0.003488 0.002625 0.081042 -0.219408 40.7944871125 -218.6008210852 49.27572
S062 25APR15 2025.2868 60780 2362 2 141.4 -69 -0.296494 4517751 -0.312328 49 0.278065 0.0000 0.000755 0.000981 0.003385 0.006044 0.066532 -0.244466 40.7944870925 -218.6008210877 49.27806
S062 25APR16 2025.2895 60781 2362 3 141.4 -69 -0.296090 4517751 -0.313151 49 0.278328 0.0000 0.000762 0.000981 0.003408 -0.045116 0.148065 -0.208319 40.7944870851 -218.6008210829 49.27833
S062 25APR17 2025.2923 60782 2362 4 141.4 -69 -0.297140 4517751 -0.312390 49 0.279634 0.0000 0.000796 0.001063 0.003579 -0.018118 0.037407 -0.196953 40.7944870920 -218.6008210953 49.27963
S062 25APR18 2025.2950 60783 2362 5 141.4 -69 -0.300400 4517751 -0.315242 49 0.277857 0.0000 0.000793 0.001010 0.003564 0.032153 0.035499 -0.207372 40.7944870663 -218.6008211340 49.27786
S062 25APR19 2025.2977 60784 2362 6 141.4 -69 -0.297473 4517751 -0.312758 49 0.274510 0.0000 0.000742 0.000975 0.003413 0.006670 0.060684 -0.278567 40.7944870887 -218.6008210993 49.27451
S062 25APR20 2025.3005 60785 2363 0 141.4 -69 -0.296068 4517751 -0.311499 49 0.278498 0.0000 0.000755 0.001003 0.003351 0.000348 0.046581 -0.221992 40.7944871000 -218.6008210826 49.27850
S062 25APR21 2025.3032 60786 2363 1 141.4 -69 -0.293410 4517751 -0.313831 49 0.277546 0.0000 0.000759 0.001017 0.003419 -0.016836 0.075080 -0.239798 40.7944870790 -218.6008210511 49.27755
S062 25APR22 2025.3060 60787 2363 2 141.4 -69 -0.297188 4517751 -0.312379 49 0.282453 0.0000 0.000727 0.000971 0.003235 0.004610 0.078231 -0.220802 40.7944870921 -218.6008210959 49.28245
S062 25APR23 2025.3087 60788 2363 3 141.4 -69 -0.296473 4517751 -0.311952 49 0.281040 0.0000 0.000728 0.000958 0.003155 -0.015816 0.041822 -0.206588 40.7944870959 -218.6008210874 49.28104
S062 25APR24 2025.3114 60789 2363 4 141.4 -69 -0.297133 4517751 -0.313027 49 0.280121 0.0000 0.000764 0.000991 0.003302 -0.042983 0.051683 -0.151403 40.7944870862 -218.6008210953 49.28012
S062 25APR25 2025.3142 60790 2363 5 141.4 -69 -0.297175 4517751 -0.312268 49 0.278532 0.0000 0.000736 0.000965 0.003240 0.001258 0.053784 -0.201606 40.7944870931 -218.6008210957 49.27853
S062 25APR26 2025.3169 60791 2363 6 141.4 -69 -0.296628 4517751 -0.313859 49 0.276915 0.0000 0.000748 0.001016 0.003372 0.030933 0.045544 -0.255307 40.7944870788 -218.6008210893 49.27691
S062 25MAY04 2025.3388 60799 2365 0 141.4 -69 -0.295717 4517751 -0.313110 49 0.279070 0.0000 0.000740 0.000985 0.003361 -0.013498 0.099029 -0.245284 40.7944870855 -218.6008210785 49.27907
S062 25MAY05 2025.3415 60800 2365 1 141.4 -69 -0.297143 4517751 -0.312429 49 0.281253 0.0000 0.000735 0.000987 0.003283 -0.006750 0.040924 -0.236985 40.7944870916 -218.6008210954 49.28125
S062 25MAY06 2025.3443 60801 2365 2 141.4 -69 -0.296842 4517751 -0.311985 49 0.278487 0.0000 0.000756 0.001006 0.003351 -0.008383 0.056141 -0.156208 40.7944870956 -218.6008210918 49.27849
S062 25MAY07 2025.3470 60802 2365 3 141.4 -69 -0.297620 4517751 -0.312458 49 0.271901 0.0000 0.000742 0.000990 0.003307 -0.016474 0.056199 -0.244224 40.7944870914 -218.6008211010 49.27190
S062 25MAY08 2025.3498 60803 2365 4 141.4 -69 -0.296642 4517751 -0.313422 49 0.277922 0.0000 0.000759 0.000978 0.003339 0.024965 0.048855 -0.166698 40.7944870827 -218.6008210894 49.27792
S062 25MAY09 2025.3525 60804 2365 5 141.4 -69 -0.297276 4517751 -0.315323 49 0.279312 0.0000 0.000757 0.001015 0.003397 0.002064 0.062827 -0.127039 40.7944870656 -218.6008210970 49.27931
S062 25MAY10 2025.3552 60805 2365 6 141.4 -69 -0.297240 4517751 -0.315229 49 0.283962 0.0000 0.000774 0.000998 0.003426 0.017630 0.085915 -0.225276 40.7944870664 -218.6008210965 49.28396
S062 25MAY11 2025.3580 60806 2366 0 141.4 -69 -0.297478 4517751 -0.313837 49 0.284554 0.0000 0.000748 0.001006 0.003482 0.018118 0.046120 -0.253664 40.7944870790 -218.6008210993 49.28455
S062 25MAY12 2025.3607 60807 2366 1 141.4 -69 -0.296526 4517751 -0.314105 49 0.280949 0.0000 0.000801 0.001034 0.003668 0.045876 0.094876 -0.277961 40.7944870765 -218.6008210881 49.28095
S062 25MAY13 2025.3634 60808 2366 2 141.4 -69 -0.298099 4517751 -0.313187 49 0.276587 0.0000 0.000725 0.000955 0.003245 0.002184 0.035140 -0.220145 40.7944870848 -218.6008211067 49.27659
S062 25MAY14 2025.3662 60809 2366 3 141.4 -69 -0.297126 4517751 -0.312879 49 0.274547 0.0000 0.000751 0.001026 0.003483 0.007566 0.061205 -0.224794 40.7944870876 -218.6008210952 49.27455
S062 25MAY15 2025.3689 60810 2366 4 141.4 -69 -0.297391 4517751 -0.313588 49 0.276090 0.0000 0.000766 0.001048 0.003536 -0.023752 0.038702 -0.165797 40.7944870812 -218.6008210983 49.27609
S062 25MAY16 2025.3717 60811 2366 5 141.4 -69 -0.296275 4517751 -0.314813 49 0.275400 0.0000 0.000762 0.000985 0.003483 -0.011060 0.117799 -0.246974 40.7944870702 -218.6008210851 49.27540
S062 25MAY17 2025.3744 60812 2366 6 141.4 -69 -0.297603 4517751 -0.313779 49 0.280377 0.0000 0.000754 0.001003 0.003428 -0.006003 0.008169 -0.230113 40.7944870795 -218.6008211008 49.28038
S062 25MAY18 2025.3771 60813 2367 0 141.4 -69 -0.295839 4517751 -0.316229 49 0.285162 0.0000 0.000746 0.000989 0.003391 0.014216 0.023353 -0.223424 40.7944870574 -218.6008210799 49.28516
S062 25MAY19 2025.3799 60814 2367 1 141.4 -69 -0.295075 4517751 -0.314442 49 0.283213 0.0000 0.000750 0.000973 0.003364 0.018713 0.062189 -0.255004 40.7944870735 -218.6008210709 49.28321
S062 25MAY20 2025.3826 60815 2367 2 141.4 -69 -0.295731 4517751 -0.314233 49 0.276336 0.0000 0.000760 0.000988 0.003385 -0.053366 0.129486 -0.178044 40.7944870754 -218.6008210786 49.27634
S062 25MAY21 2025.3854 60816 2367 3 141.4 -69 -0.297212 4517751 -0.313153 49 0.281983 0.0000 0.000765 0.001014 0.003525 -0.002128 0.107292 -0.201300 40.7944870851 -218.6008210962 49.28198
S062 25MAY22 2025.3881 60817 2367 4 141.4 -69 -0.297290 4517751 -0.312620 49 0.277073 0.0000 0.000812 0.001086 0.003791 0.002451 0.071580 -0.249225 40.7944870899 -218.6008210971 49.27707
S062 25MAY23 2025.3908 60818 2367 5 141.4 -69 -0.298040 4517751 -0.315415 49 0.283390 0.0000 0.000815 0.001102 0.003968 -0.041418 0.116394 -0.291073 40.7944870648 -218.6008211060 49.28339
S062 25MAY24 2025.3936 60819 2367 6 141.4 -69 -0.297240 4517751 -0.314445 49 0.278015 0.0000 0.000784 0.001065 0.003626 -0.008286 0.110839 -0.272769 40.7944870735 -218.6008210965 49.27802
S062 25MAY25 2025.3963 60820 2368 0 141.4 -69 -0.296347 4517751 -0.314760 49 0.284564 0.0000 0.000732 0.000956 0.003286 -0.000223 0.016538 -0.276257 40.7944870706 -218.6008210859 49.28456
S062 25MAY26 2025.3990 60821 2368 1 141.4 -69 -0.296803 4517751 -0.314653 49 0.272815 0.0000 0.000781 0.001012 0.003586 -0.009069 0.091184 -0.212015 40.7944870716 -218.6008210913 49.27282
S062 25MAY27 2025.4018 60822 2368 2 141.4 -69 -0.298596 4517751 -0.316271 49 0.277075 0.0000 0.000786 0.001052 0.003592 -0.002654 0.037856 -0.176203 40.7944870570 -218.6008211126 49.27707
S062 25MAY28 2025.4045 60823 2368 3 141.4 -69 -0.296896 4517751 -0.314882 49 0.281198 0.0000 0.000771 0.001023 0.003547 0.005465 0.091319 -0.254951 40.7944870696 -218.6008210924 49.28120
S062 25MAY29 2025.4073 60824 2368 4 141.4 -69 -0.294895 4517751 -0.315226 49 0.281606 0.0000 0.000759 0.000993 0.003401 -0.027306 0.125477 -0.215937 40.7944870664 -218.6008210687 49.28161
S062 25MAY30 2025.4100 60825 2368 5 141.4 -69 -0.297593 4517751 -0.313444 49 0.273589 0.0000 0.000768 0.001042 0.003587 -0.014534 0.076629 -0.241128 40.7944870825 -218.6008211007 49.27359
S062 25MAY31 2025.4127 60826 2368 6 141.4 -69 -0.298281 4517751 -0.313136 49 0.275187 0.0000 0.000789 0.001037 0.003776 -0.025054 0.108781 -0.306234 40.7944870853 -218.6008211089 49.27519
S062 25JUN01 2025.4155 60827 2369 0 141.4 -69 -0.298444 4517751 -0.312131 49 0.281283 0.0000 0.000773 0.001033 0.003499 -0.014316 0.066320 -0.220271 40.7944870943 -218.6008211108 49.28128
S062 25JUN02 2025.4182 60828 2369 1 141.4 -69 -0.294452 4517751 -0.313641 49 0.285306 0.0000 0.000804 0.001100 0.003550 -0.019241 0.062588 -0.156489 40.7944870807 -218.6008210635 49.28531
S062 25JUN03 2025.4209 60829 2369 2 141.4 -69 -0.295987 4517751 -0.314342 49 0.285321 0.0000 0.000740 0.000947 0.003264 -0.016574 0.098889 -0.244928 40.7944870744 -218.6008210817 49.28532
S062 25JUN04 2025.4237 60830 2369 3 141.4 -69 -0.296601 4517751 -0.314787 49 0.278938 0.0000 0.000777 0.001013 0.003633 -0.003490 0.116187 -0.244451 40.7944870704 -218.6008210889 49.27894
S062 25JUN05 2025.4264 60831 2369 4 141.4 -69 -0.296335 4517751 -0.317808 49 0.292870 0.0000 0.000816 0.001045 0.003721 -0.002064 0.129464 -0.270989 40.7944870432 -218.6008210858 49.29287
S062 25JUN06 2025.4292 60832 2369 5 141.4 -69 -0.294826 4517751 -0.313982 49 0.281014 0.0000 0.000812 0.001073 0.003669 -0.016176 0.083797 -0.204166 40.7944870777 -218.6008210679 49.28101
S062 25JUN07 2025.4319 60833 2369 6 141.4 -69 -0.298953 4517751 -0.313996 49 0.282692 0.0000 0.000766 0.001016 0.003436 -0.014861 0.095910 -0.169294 40.7944870775 -218.6008211168 49.28269
S062 25JUN08 2025.4346 60834 2370 0 141.4 -69 -0.295684 4517751 -0.312479 49 0.280558 0.0000 0.000738 0.000984 0.003318 0.004583 0.040776 -0.240269 40.7944870912 -218.6008210781 49.28056
S062 25JUN09 2025.4374 60835 2370 1 141.4 -69 -0.295745 4517751 -0.314660 49 0.281620 0.0000 0.000751 0.000979 0.003425 0.002586 0.109345 -0.289411 40.7944870715 -218.6008210788 49.28162
S062 25JUN10 2025.4401 60836 2370 2 141.4 -69 -0.295454 4517751 -0.313083 49 0.291716 0.0000 0.000801 0.001068 0.003749 -0.005119 0.161693 -0.218121 40.7944870857 -218.6008210754 49.29172
S062 25JUN11 2025.4428 60837 2370 3 141.4 -69 -0.296680 4517751 -0.312047 49 0.275824 0.0000 0.000809 0.001088 0.003865 -0.037808 0.138291 -0.192023 40.7944870951 -218.6008210899 49.27582
S062 25JUN12 2025.4456 60838 2370 4 141.4 -69 -0.296239 4517751 -0.312673 49 0.279011 0.0000 0.000843 0.001146 0.003843 -0.030714 0.089773 -0.252773 40.7944870894 -218.6008210847 49.27901
S062 25JUN13 2025.4483 60839 2370 5 141.4 -69 -0.294091 4517751 -0.313736 49 0.285628 0.0000 0.000790 0.001043 0.003531 -0.036717 0.079866 -0.124396 40.7944870799 -218.6008210592 49.28563
S062 25JUN14 2025.4511 60840 2370 6 141.4 -69 -0.294183 4517751 -0.314047 49 0.287174 0.0000 0.000780 0.000992 0.003347 -0.055152 0.099050 -0.205723 40.7944870771 -218.6008210603 49.28717
S062 25JUN15 2025.4538 60841 2371 0 141.4 -69 -0.294843 4517751 -0.313266 49 0.291851 0.0000 0.000839 0.001057 0.003664 -0.034276 0.119222 -0.150740 40.7944870841 -218.6008210681 49.29185
S062 25JUN16 2025.4565 60842 2371 1 141.4 -69 -0.294338 4517751 -0.314634 49 0.297415 0.0000 0.000870 0.001050 0.003817 -0.002980 0.131356 -0.185948 40.7944870718 -218.6008210621 49.29741
S062 25JUN17 2025.4593 60843 2371 2 141.4 -69 -0.301556 4517751 -0.312822 49 0.283359 0.0000 0.000854 0.001078 0.003659 -0.010856 0.099141 -0.166442 40.7944870881 -218.6008211477 49.28336
S062 25JUN18 2025.4620 60844 2371 3 141.4 -69 -0.294913 4517751 -0.312992 49 0.280485 0.0000 0.000794 0.001068 0.003549 -0.026614 0.069926 -0.232713 40.7944870866 -218.6008210690 49.28048
S062 25JUN19 2025.4648 60845 2371 4 141.4 -69 -0.295211 4517751 -0.315008 49 0.285891 0.0000 0.000761 0.000987 0.003363 0.004205 0.082984 -0.227105 40.7944870684 -218.6008210725 49.28589
S062 25JUN20 2025.4675 60846 2371 5 141.4 -69 -0.297378 4517751 -0.312646 49 0.286863 0.0000 0.000796 0.001017 0.003610 -0.034674 0.143529 -0.225342 40.7944870897 -218.6008210982 49.28686
S062 25JUN21 2025.4702 60847 2371 6 141.4 -69 -0.295641 4517751 -0.315741 49 0.280671 0.0000 0.000775 0.001042 0.003524 -0.009104 0.028791 -0.161355 40.7944870618 -218.6008210776 49.28067
S062 25JUN22 2025.4730 60848 2372 0 141.4 -69 -0.295323 4517751 -0.314383 49 0.290742 0.0000 0.000820 0.001010 0.003637 -0.044201 0.127030 -0.239849 40.7944870740 -218.6008210738 49.29074
S062 25JUN23 2025.4757 60849 2372 1 141.4 -69 -0.296434 4517751 -0.314398 49 0.279828 0.0000 0.000812 0.001038 0.003654 -0.043392 0.145306 -0.194427 40.7944870739 -218.6008210870 49.27983
S062 25JUN24 2025.4784 60850 2372 2 141.4 -69 -0.295817 4517751 -0.314102 49 0.282019 0.0000 0.000788 0.001005 0.003488 -0.018643 0.104928 -0.203614 40.7944870766 -218.6008210797 49.28202
S062 25JUN25 2025.4812 60851 2372 3 141.4 -69 -0.294735 4517751 -0.314950 49 0.280281 0.0000 0.000782 0.001008 0.003497 -0.017845 0.112666 -0.246232 40.7944870689 -218.6008210668 49.28028
S062 25JUN26 2025.4839 60852 2372 4 141.4 -69 -0.296606 4517751 -0.313386 49 0.285313 0.0000 0.000776 0.001017 0.003521 -0.065887 0.096924 -0.230544 40.7944870830 -218.6008210890 49.28531
S062 25JUN27 2025.4867 60853 2372 5 141.4 -69 -0.295790 4517751 -0.314502 49 0.290489 0.0000 0.000865 0.001173 0.004173 -0.031052 0.234874 -0.110932 40.7944870730 -218.6008210793 49.29049
S062 25JUN28 2025.4894 60854 2372 6 141.4 -69 -0.295159 4517751 -0.313577 49 0.279875 0.0000 0.000774 0.001022 0.003622 0.005458 0.130553 -0.232222 40.7944870813 -218.6008210719 49.27988
S062 25JUN29 2025.4921 60855 2373 0 141.4 -69 -0.295509 4517751 -0.317185 49 0.281717 0.0000 0.000751 0.001015 0.003472 0.008097 0.152490 -0.198893 40.7944870488 -218.6008210760 49.28172
S062 25JUN30 2025.4949 60856 2373 1 141.4 -69 -0.296428 4517751 -0.312338 49 0.288228 0.0000 0.000746 0.000988 0.003346 -0.018043 0.071648 -0.254814 40.7944870925 -218.6008210869 49.28823
S062 25JUL01 2025.4976 60857 2373 2 141.4 -69 -0.295714 4517751 -0.314245 49 0.295812 0.0000 0.000757 0.000990 0.003398 -0.006596 0.076490 -0.251644 40.7944870753 -218.6008210784 49.29581
S062 25JUL02 2025.5003 60858 2373 3 141.4 -69 -0.296399 4517751 -0.312205 49 0.285596 0.0000 0.000793 0.001067 0.003673 -0.034973 0.119403 -0.270378 40.7944870937 -218.6008210866 49.28560
S062 25JUL03 2025.5031 60859 2373 4 141.4 -69 -0.297655 4517751 -0.314730 49 0.285236 0.0000 0.000769 0.001031 0.003579 -0.050444 0.141653 -0.162978 40.7944870709 -218.6008211014 49.28524
S062 25JUL04 2025.5058 60860 2373 5 141.4 -69 -0.294921 4517751 -0.312553 49 0.287880 0.0000 0.000754 0.001035 0.003520 -0.029081 0.087158 -0.237494 40.7944870905 -218.6008210690 49.28788
S062 25JUL05 2025.5086 60861 2373 6 141.4 -69 -0.295497 4517751 -0.314005 49 0.285276 0.0000 0.000819 0.001034 0.003754 -0.037491 0.251367 -0.208606 40.7944870774 -218.6008210759 49.28528
S062 25JUL06 2025.5113 60862 2374 0 141.4 -69 -0.293530 4517751 -0.316213 49 0.288474 0.0000 0.000766 0.001040 0.003591 -0.039842 0.115129 -0.237974 40.7944870576 -218.6008210526 49.28847
S062 25JUL07 2025.5140 60863 2374 1 141.4 -69 -0.296827 4517751 -0.314201 49 0.288121 0.0000 0.000749 0.000977 0.003387 -0.030564 0.133668 -0.254203 40.7944870757 -218.6008210916 49.28812
S062 25JUL08 2025.5168 60864 2374 2 141.4 -69 -0.295880 4517751 -0.314137 49 0.283797 0.0000 0.000760 0.001005 0.003422 -0.004289 0.118377 -0.199463 40.7944870763 -218.6008210804 49.28380
S062 25JUL09 2025.5195 60865 2374 3 141.4 -69 -0.294756 4517751 -0.316175 49 0.283988 0.0000 0.000778 0.001027 0.003669 -0.030066 0.126649 -0.230948 40.7944870579 -218.6008210671 49.28399
S062 25JUL10 2025.5222 60866 2374 4 141.4 -69 -0.295313 4517751 -0.313043 49 0.284936 0.0000 0.000774 0.001020 0.003546 -0.048335 0.087471 -0.146465 40.7944870861 -218.6008210737 49.28494
S062 25JUL11 2025.5250 60867 2374 5 141.4 -69 -0.294452 4517751 -0.315095 49 0.281411 0.0000 0.000834 0.001079 0.003810 -0.000471 0.089573 -0.199516 40.7944870676 -218.6008210635 49.28141
S062 25JUL12 2025.5277 60868 2374 6 141.4 -69 -0.294664 4517751 -0.314632 49 0.285368 0.0000 0.000725 0.000963 0.003241 -0.039854 0.098412 -0.245135 40.7944870718 -218.6008210660 49.28537
S062 25JUL13 2025.5305 60869 2375 0 141.4 -69 -0.293380 4517751 -0.314136 49 0.289910 0.0000 0.000719 0.000958 0.003283 -0.019134 0.064630 -0.288552 40.7944870763 -218.6008210508 49.28991
S062 25JUL14 2025.5332 60870 2375 1 141.4 -69 -0.296186 4517751 -0.315815 49 0.289268 0.0000 0.000777 0.001021 0.003614 -0.014683 0.110902 -0.244245 40.7944870611 -218.6008210840 49.28927
S062 25JUL15 2025.5359 60871 2375 2 141.4 -69 -0.294861 4517751 -0.317257 49 0.286411 0.0000 0.000754 0.000989 0.003349 -0.037871 0.134313 -0.155568 40.7944870482 -218.6008210683 49.28641
S062 25JUL16 2025.5387 60872 2375 3 141.4 -69 -0.294815 4517751 -0.314970 49 0.279083 0.0000 0.000787 0.001039 0.003639 -0.001682 0.111027 -0.243719 40.7944870688 -218.6008210678 49.27908
S062 25JUL17 2025.5414 60873 2375 4 141.4 -69 -0.297648 4517751 -0.313548 49 0.280815 0.0000 0.000781 0.001003 0.003603 -0.010556 0.135385 -0.230733 40.7944870816 -218.6008211014 49.28081
S062 25JUL18 2025.5441 60874 2375 5 141.4 -69 -0.295868 4517751 -0.315440 49 0.288813 0.0000 0.000769 0.001032 0.003504 -0.034573 0.081620 -0.203234 40.7944870645 -218.6008210803 49.28881
S062 25JUL19 2025.5469 60875 2375 6 141.4 -69 -0.295382 4517751 -0.314687 49 0.285069 0.0000 0.000731 0.000985 0.003434 -0.013770 0.098855 -0.296844 40.7944870713 -218.6008210745 49.28507
S062 25JUL20 2025.5496 60876 2376 0 141.4 -69 -0.294176 4517751 -0.317142 49 0.279930 0.0000 0.000741 0.000990 0.003472 0.002717 0.021761 -0.315269 40.7944870492 -218.6008210602 49.27993
S062 25JUL21 2025.5524 60877 2376 1 141.4 -69 -0.296774 4517751 -0.316080 49 0.289535 0.0000 0.000751 0.000999 0.003466 -0.030702 0.117278 -0.226359 40.7944870588 -218.6008210910 49.28953
S062 25JUL22 2025.5551 60878 2376 2 141.4 -69 -0.295066 4517751 -0.315315 49 0.286860 0.0000 0.000805 0.001051 0.003539 -0.046679 0.140783 -0.174776 40.7944870657 -218.6008210708 49.28686
S062 25JUL23 2025.5578 60879 2376 3 141.4 -69 -0.291722 4517751 -0.315996 49 0.303133 0.0000 0.000774 0.001033 0.003737 0.012293 0.044772 -0.311422 40.7944870595 -218.6008210311 49.30313
S062 25JUL24 2025.5606 60880 2376 4 141.4 -69 -0.293413 4517751 -0.317010 49 0.287570 0.0000 0.000774 0.001054 0.003556 -0.025936 0.026266 -0.201769 40.7944870504 -218.6008210512 49.28757
S062 25JUL25 2025.5633 60881 2376 5 141.4 -69 -0.293922 4517751 -0.313164 49 0.281995 0.0000 0.000766 0.000986 0.003484 -0.010999 0.159574 -0.229190 40.7944870850 -218.6008210572 49.28199
S062 25JUL26 2025.5661 60882 2376 6 141.4 -69 -0.296493 4517751 -0.313579 49 0.279066 0.0000 0.000741 0.001002 0.003452 -0.011031 0.041676 -0.257496 40.7944870813 -218.6008210877 49.27907
S062 25JUL27 2025.5688 60883 2377 0 141.4 -69 -0.291598 4517751 -0.314799 49 0.286154 0.0000 0.000808 0.001079 0.003652 -0.055040 0.082418 -0.174316 40.7944870703 -218.6008210297 49.28615
S062 25JUL28 2025.5715 60884 2377 1 141.4 -69 -0.293620 4517751 -0.312208 49 0.279919 0.0000 0.000767 0.000996 0.003381 -0.040884 0.128703 -0.210831 40.7944870936 -218.6008210536 49.27992
S062 25JUL29 2025.5743 60885 2377 2 141.4 -69 -0.294007 4517751 -0.315703 49 0.289276 0.0000 0.000790 0.001029 0.003555 -0.019143 0.056750 -0.199768 40.7944870622 -218.6008210582 49.28928
S062 25JUL30 2025.5770 60886 2377 3 141.4 -69 -0.292183 4517751 -0.314441 49 0.290453 0.0000 0.000721 0.000976 0.003282 -0.004440 0.057457 -0.254952 40.7944870735 -218.6008210366 49.29045
S062 25JUL31 2025.5797 60887 2377 4 141.4 -69 -0.293964 4517751 -0.312186 49 0.295482 0.0000 0.000740 0.000988 0.003372 -0.013317 0.096684 -0.262239 40.7944870938 -218.6008210577 49.29548
S062 25AUG01 2025.5825 60888 2377 5 141.4 -69 -0.293291 4517751 -0.314569 49 0.288868 0.0000 0.000746 0.001002 0.003412 -0.011334 0.126613 -0.199131 40.7944870724 -218.6008210497 49.28887
S062 25AUG02 2025.5852 60889 2377 6 141.4 -69 -0.292311 4517751 -0.314085 49 0.287282 0.0000 0.000748 0.001008 0.003508 0.014651 0.051650 -0.258518 40.7944870767 -218.6008210381 49.28728
S062 25AUG03 2025.5880 60890 2378 0 141.4 -69 -0.293288 4517751 -0.315054 49 0.288796 0.0000 0.000795 0.001032 0.003554 -0.067114 0.083592 -0.189065 40.7944870680 -218.6008210497 49.28880
S062 25AUG04 2025.5907 60891 2378 1 141.4 -69 -0.291664 4517751 -0.312863 49 0.280124 0.0000 0.000810 0.001016 0.003756 -0.041125 0.173052 -0.201749 40.7944870877 -218.6008210305 49.28012
S062 25AUG05 2025.5934 60892 2378 2 141.4 -69 -0.291099 4517751 -0.316298 49 0.282736 0.0000 0.000785 0.001065 0.003516 -0.057359 0.099153 -0.206698 40.7944870568 -218.6008210238 49.28274
S062 25AUG06 2025.5962 60893 2378 3 141.4 -69 -0.291382 4517751 -0.316410 49 0.278468 0.0000 0.000789 0.001003 0.003556 -0.091869 0.166755 -0.222275 40.7944870558 -218.6008210271 49.27847
S062 25AUG07 2025.5989 60894 2378 4 141.4 -69 -0.292967 4517751 -0.315661 49 0.280404 0.0000 0.000837 0.001086 0.003978 -0.048971 0.191252 -0.188087 40.7944870625 -218.6008210459 49.28040
S062 25AUG08 2025.6016 60895 2378 5 141.4 -69 -0.293619 4517751 -0.315324 49 0.277632 0.0000 0.000768 0.001021 0.003592 -0.033246 0.139233 -0.222993 40.7944870656 -218.6008210536 49.27763
S062 25AUG09 2025.6044 60896 2378 6 141.4 -69 -0.292080 4517751 -0.316112 49 0.287280 0.0000 0.000753 0.001026 0.003485 -0.041877 0.093623 -0.264378 40.7944870585 -218.6008210354 49.28728
S062 25AUG10 2025.6071 60897 2379 0 141.4 -69 -0.290245 4517751 -0.316492 49 0.285912 0.0000 0.000751 0.001008 0.003385 -0.039357 0.040939 -0.240588 40.7944870550 -218.6008210136 49.28591
S062 25AUG11 2025.6099 60898 2379 1 141.4 -69 -0.291572 4517751 -0.314025 49 0.292127 0.0000 0.000751 0.000995 0.003403 -0.027668 0.056216 -0.218125 40.7944870773 -218.6008210294 49.29213
S062 25AUG12 2025.6126 60899 2379 2 141.4 -69 -0.294490 4517751 -0.313081 49 0.277926 0.0000 0.000776 0.001040 0.003539 -0.022489 0.062783 -0.233334 40.7944870858 -218.6008210639 49.27793
S062 25AUG13 2025.6153 60900 2379 3 141.4 -69 -0.293738 4517751 -0.316067 49 0.277373 0.0000 0.000750 0.001032 0.003468 -0.018430 0.091036 -0.260592 40.7944870589 -218.6008210550 49.27737
S062 25AUG14 2025.6181 60901 2379 4 141.4 -69 -0.292525 4517751 -0.315652 49 0.285181 0.0000 0.000766 0.000974 0.003438 -0.039685 0.100403 -0.273714 40.7944870626 -218.6008210407 49.28518
S062 25AUG15 2025.6208 60902 2379 5 141.4 -69 -0.293255 4517751 -0.315917 49 0.284559 0.0000 0.000775 0.001027 0.003656 -0.042772 0.138505 -0.257771 40.7944870602 -218.6008210493 49.28456
S062 25AUG16 2025.6235 60903 2379 6 141.4 -69 -0.289674 4517751 -0.317094 49 0.287052 0.0000 0.000780 0.000991 0.003526 -0.033670 0.112583 -0.259935 40.7944870496 -218.6008210069 49.28705
S062 25AUG17 2025.6263 60904 2380 0 141.4 -69 -0.289967 4517751 -0.316826 49 0.284204 0.0000 0.000800 0.001044 0.003673 -0.062793 0.120287 -0.220654 40.7944870520 -218.6008210103 49.28420
S062 25AUG18 2025.6290 60905 2380 1 141.4 -69 -0.290248 4517751 -0.315979 49 0.283453 0.0000 0.000789 0.000995 0.003506 -0.050418 0.112154 -0.253355 40.7944870597 -218.6008210137 49.28345
S062 25AUG19 2025.6318 60906 2380 2 141.4 -69 -0.289859 4517751 -0.316958 49 0.286888 0.0000 0.000831 0.001089 0.003951 -0.015999 0.156385 -0.282242 40.7944870509 -218.6008210091 49.28689
S062 25AUG20 2025.6345 60907 2380 3 141.4 -69 -0.291421 4517751 -0.317501 49 0.281488 0.0000 0.000795 0.001046 0.003724 -0.048657 0.112690 -0.243938 40.7944870460 -218.6008210276 49.28149
S062 25AUG21 2025.6372 60908 2380 4 141.4 -69 -0.290923 4517751 -0.315575 49 0.283214 0.0000 0.000783 0.001033 0.003551 -0.031948 0.081827 -0.263780 40.7944870633 -218.6008210217 49.28321
S062 25AUG22 2025.6400 60909 2380 5 141.4 -69 -0.294183 4517751 -0.317515 49 0.278779 0.0000 0.000815 0.001058 0.003761 0.023792 0.084249 -0.238620 40.7944870458 -218.6008210603 49.27878
S062 25AUG23 2025.6427 60910 2380 6 141.4 -69 -0.289586 4517751 -0.313852 49 0.291514 0.0000 0.000837 0.001128 0.004004 -0.036014 0.076393 -0.237033 40.7944870788 -218.6008210058 49.29151
S062 25AUG24 2025.6454 60911 2381 0 141.4 -69 -0.292684 4517751 -0.317135 49 0.277555 0.0000 0.000781 0.001022 0.003576 -0.031976 0.115301 -0.228259 40.7944870493 -218.6008210425 49.27756
S062 25AUG25 2025.6482 60912 2381 1 141.4 -69 -0.291783 4517751 -0.316787 49 0.284020 0.0000 0.000786 0.001018 0.003567 -0.001144 0.153610 -0.183041 40.7944870524 -218.6008210319 49.28402
S062 25AUG26 2025.6509 60913 2381 2 141.4 -69 -0.291976 4517751 -0.314784 49 0.287029 0.0000 0.000808 0.001095 0.003812 -0.073130 0.111487 -0.233329 40.7944870704 -218.6008210341 49.28703
S062 25AUG27 2025.6537 60914 2381 3 141.4 -69 -0.291360 4517751 -0.318000 49 0.274979 0.0000 0.000776 0.001036 0.003606 -0.020427 0.086112 -0.248947 40.7944870415 -218.6008210269 49.27498
S062 25AUG28 2025.6564 60915 2381 4 141.4 -69 -0.292723 4517751 -0.317337 49 0.280198 0.0000 0.000743 0.000996 0.003478 -0.018403 0.054551 -0.289843 40.7944870474 -218.6008210430 49.28020
S062 25AUG29 2025.6591 60916 2381 5 141.4 -69 -0.289753 4517751 -0.318488 49 0.282617 0.0000 0.000781 0.001033 0.003629 -0.040158 0.143665 -0.235310 40.7944870371 -218.6008210078 49.28262
S062 25AUG30 2025.6619 60917 2381 6 141.4 -69 -0.292854 4517751 -0.317695 49 0.281861 0.0000 0.000740 0.000974 0.003358 -0.047381 0.066680 -0.250246 40.7944870442 -218.6008210446 49.28186
S062 25AUG31 2025.6646 60918 2382 0 141.4 -69 -0.293135 4517751 -0.316936 49 0.283245 0.0000 0.000735 0.000988 0.003323 -0.012286 0.090988 -0.242153 40.7944870510 -218.6008210479 49.28325
S062 25SEP01 2025.6674 60919 2382 1 141.4 -69 -0.291965 4517751 -0.316808 49 0.280690 0.0000 0.000784 0.001039 0.003623 -0.054140 0.098078 -0.218148 40.7944870522 -218.6008210340 49.28069
S062 25SEP02 2025.6701 60920 2382 2 141.4 -69 -0.292674 4517751 -0.316531 49 0.285054 0.0000 0.000818 0.001039 0.003753 -0.063026 0.172171 -0.228744 40.7944870547 -218.6008210424 49.28505
S062 25SEP03 2025.6728 60921 2382 3 141.4 -69 -0.289954 4517751 -0.318127 49 0.282656 0.0000 0.000810 0.001027 0.003698 -0.001852 0.164117 -0.285333 40.7944870403 -218.6008210102 49.28266
S062 25SEP04 2025.6756 60922 2382 4 141.4 -69 -0.292217 4517751 -0.316641 49 0.286190 0.0000 0.000797 0.001019 0.003660 0.025204 0.096264 -0.317615 40.7944870537 -218.6008210370 49.28619
S062 25SEP05 2025.6783 60923 2382 5 141.4 -69 -0.289925 4517751 -0.315931 49 0.278387 0.0000 0.000781 0.000992 0.003466 -0.075423 0.154142 -0.223914 40.7944870601 -218.6008210098 49.27839
S062 25SEP06 2025.6810 60924 2382 6 141.4 -69 -0.290192 4517751 -0.317918 49 0.286592 0.0000 0.000775 0.001014 0.003566 0.007729 0.061670 -0.290424 40.7944870422 -218.6008210130 49.28659
S062 25SEP07 2025.6838 60925 2383 0 141.4 -69 -0.292530 4517751 -0.317973 49 0.284557 0.0000 0.000770 0.001035 0.003711 -0.000026 -0.013306 -0.320251 40.7944870417 -218.6008210407 49.28456
S062 25SEP08 2025.6865 60926 2383 1 141.4 -69 -0.292280 4517751 -0.316729 49 0.281179 0.0000 0.000741 0.000987 0.003378 -0.037586 0.068276 -0.275547 40.7944870529 -218.6008210377 49.28118
S062 25SEP09 2025.6893 60927 2383 2 141.4 -69 -0.292123 4517751 -0.316237 49 0.285002 0.0000 0.000746 0.001003 0.003421 -0.037925 0.058930 -0.268809 40.7944870573 -218.6008210359 49.28500
S062 25SEP10 2025.6920 60928 2383 3 141.4 -69 -0.293358 4517751 -0.315199 49 0.281668 0.0000 0.000783 0.001002 0.003532 -0.068160 0.108814 -0.267817 40.7944870667 -218.6008210505 49.28167
S062 25SEP11 2025.6947 60929 2383 4 141.4 -69 -0.292054 4517751 -0.316718 49 0.277835 0.0000 0.000757 0.000980 0.003432 -0.067144 0.123443 -0.282428 40.7944870530 -218.6008210351 49.27784
S062 25SEP12 2025.6975 60930 2383 5 141.4 -69 -0.290604 4517751 -0.316977 49 0.281029 0.0000 0.000747 0.000959 0.003411 -0.038270 0.111730 -0.274901 40.7944870507 -218.6008210179 49.28103
S062 25SEP13 2025.7002 60931 2383 6 141.4 -69 -0.287267 4517751 -0.319778 49 0.271227 0.0000 0.000751 0.000990 0.003441 -0.052920 0.044731 -0.244801 40.7944870255 -218.6008209783 49.27123
S062 25SEP14 2025.7029 60932 2384 0 141.4 -69 -0.291843 4517751 -0.318768 49 0.282782 0.0000 0.000755 0.000992 0.003389 -0.049787 0.108207 -0.237755 40.7944870346 -218.6008210326 49.28278
S062 25SEP15 2025.7057 60933 2384 1 141.4 -69 -0.292148 4517751 -0.316973 49 0.271883 0.0000 0.000763 0.000975 0.003435 -0.062572 0.137499 -0.278015 40.7944870507 -218.6008210362 49.27188
S062 25SEP16 2025.7084 60934 2384 2 141.4 -69 -0.288354 4517751 -0.320170 49 0.281352 0.0000 0.000790 0.001026 0.003553 -0.074822 0.126342 -0.213040 40.7944870219 -218.6008209912 49.28135
S062 25SEP17 2025.7112 60935 2384 3 141.4 -69 -0.292245 4517751 -0.320487 49 0.277885 0.0000 0.000766 0.000996 0.003491 -0.048727 0.164438 -0.260490 40.7944870191 -218.6008210373 49.27789
S062 25SEP18 2025.7139 60936 2384 4 141.4 -69 -0.293493 4517751 -0.317770 49 0.276303 0.0000 0.000764 0.001014 0.003540 -0.008507 0.100374 -0.264053 40.7944870435 -218.6008210521 49.27630
S062 25SEP19 2025.7166 60937 2384 5 141.4 -69 -0.291882 4517751 -0.315376 49 0.275125 0.0000 0.000765 0.000983 0.003456 -0.063815 0.122339 -0.261548 40.7944870651 -218.6008210330 49.27512
S062 25SEP20 2025.7194 60938 2384 6 141.4 -69 -0.293556 4517751 -0.318252 49 0.276443 0.0000 0.000788 0.001010 0.003593 -0.051490 0.167706 -0.226284 40.7944870392 -218.6008210529 49.27644
S062 25SEP21 2025.7221 60939 2385 0 141.4 -69 -0.292059 4517751 -0.316833 49 0.267264 0.0000 0.000756 0.000982 0.003455 -0.039108 0.127457 -0.273110 40.7944870520 -218.6008210351 49.26726
S062 25SEP22 2025.7248 60940 2385 1 141.4 -69 -0.290304 4517751 -0.316570 49 0.274452 0.0000 0.000739 0.000956 0.003324 -0.052421 0.138031 -0.257821 40.7944870543 -218.6008210143 49.27445
S062 25SEP23 2025.7276 60941 2385 2 141.4 -69 -0.291633 4517751 -0.318729 49 0.275418 0.0000 0.000776 0.001024 0.003585 -0.032387 0.083276 -0.252822 40.7944870349 -218.6008210301 49.27542
S062 25SEP24 2025.7303 60942 2385 3 141.4 -69 -0.288775 4517751 -0.318294 49 0.276533 0.0000 0.000749 0.000972 0.003363 -0.049543 0.072423 -0.182904 40.7944870388 -218.6008209962 49.27653
S062 25SEP25 2025.7331 60943 2385 4 141.4 -69 -0.286222 4517751 -0.319197 49 0.264988 0.0000 0.000824 0.001033 0.003686 -0.034312 0.077598 -0.216902 40.7944870307 -218.6008209660 49.26499
S062 25SEP26 2025.7358 60944 2385 5 141.4 -69 -0.292786 4517751 -0.319984 49 0.269414 0.0000 0.000792 0.000992 0.003632 -0.070829 0.169622 -0.286956 40.7944870236 -218.6008210437 49.26941
S062 25SEP27 2025.7385 60945 2385 6 141.4 -69 -0.290288 4517751 -0.319280 49 0.278813 0.0000 0.000788 0.001001 0.003672 -0.063944 0.197915 -0.271728 40.7944870299 -218.6008210141 49.27881
S062 25SEP28 2025.7413 60946 2386 0 141.4 -69 -0.290247 4517751 -0.317678 49 0.278154 0.0000 0.000774 0.000977 0.003475 -0.070630 0.160097 -0.239419 40.7944870444 -218.6008210137 49.27815
S062 25SEP29 2025.7440 60947 2386 1 141.4 -69 -0.291336 4517751 -0.318700 49 0.271582 0.0000 0.000749 0.001007 0.003514 -0.024692 0.075327 -0.302288 40.7944870352 -218.6008210266 49.27158
S062 25SEP30 2025.7467 60948 2386 2 141.4 -69 -0.290362 4517751 -0.318699 49 0.279948 0.0000 0.000756 0.001000 0.003524 -0.009758 0.047872 -0.300853 40.7944870352 -218.6008210150 49.27995
S062 25OCT01 2025.7495 60949 2386 3 141.4 -69 -0.289944 4517751 -0.320493 49 0.277574 0.0000 0.000785 0.000999 0.003594 -0.059610 0.184541 -0.267571 40.7944870190 -218.6008210101 49.27757
S062 25OCT02 2025.7522 60950 2386 4 141.4 -69 -0.290196 4517751 -0.317719 49 0.273378 0.0000 0.000761 0.001008 0.003476 -0.029517 0.070348 -0.244235 40.7944870440 -218.6008210131 49.27338
S062 25OCT03 2025.7550 60951 2386 5 141.4 -69 -0.290290 4517751 -0.317642 49 0.274581 0.0000 0.000784 0.001038 0.003776 -0.009909 0.133873 -0.346208 40.7944870447 -218.6008210142 49.27458
S062 25OCT04 2025.7577 60952 2386 6 141.4 -69 -0.290369 4517751 -0.318740 49 0.270436 0.0000 0.000764 0.000992 0.003567 -0.030962 0.122155 -0.237736 40.7944870348 -218.6008210151 49.27044
S062 25OCT05 2025.7604 60953 2387 0 141.4 -69 -0.290015 4517751 -0.319309 49 0.272331 0.0000 0.000788 0.001032 0.003672 -0.000484 0.066626 -0.272512 40.7944870297 -218.6008210109 49.27233
S062 25OCT06 2025.7632 60954 2387 1 141.4 -69 -0.288798 4517751 -0.319430 49 0.267206 0.0000 0.000775 0.001045 0.003742 0.017536 0.106084 -0.323234 40.7944870286 -218.6008209965 49.26721
S062 25OCT07 2025.7659 60955 2387 2 141.4 -69 -0.290546 4517751 -0.318159 49 0.272874 0.0000 0.000738 0.000969 0.003397 -0.045881 0.099470 -0.307825 40.7944870400 -218.6008210172 49.27287
S062 25OCT08 2025.7687 60956 2387 3 141.4 -69 -0.289308 4517751 -0.319268 49 0.267967 0.0000 0.000750 0.001010 0.003508 -0.022565 0.091940 -0.292486 40.7944870301 -218.6008210025 49.26797
S062 25OCT09 2025.7714 60957 2387 4 141.4 -69 -0.290114 4517751 -0.318041 49 0.272159 0.0000 0.000756 0.001007 0.003430 -0.050619 0.093158 -0.266085 40.7944870411 -218.6008210121 49.27216
S062 25OCT10 2025.7741 60958 2387 5 141.4 -69 -0.289694 4517751 -0.317681 49 0.276271 0.0000 0.000764 0.001007 0.003598 -0.032104 0.120327 -0.283252 40.7944870443 -218.6008210071 49.27627
S062 25OCT11 2025.7769 60959 2387 6 141.4 -69 -0.289274 4517751 -0.319271 49 0.276103 0.0000 0.000786 0.001040 0.003618 -0.034483 0.114108 -0.231954 40.7944870300 -218.6008210021 49.27610
S062 25OCT12 2025.7796 60960 2388 0 141.4 -69 -0.290570 4517751 -0.317598 49 0.276735 0.0000 0.000768 0.001037 0.003621 -0.030964 0.114059 -0.251956 40.7944870451 -218.6008210175 49.27674
S062 25OCT13 2025.7823 60961 2388 1 141.4 -69 -0.290150 4517751 -0.318067 49 0.273598 0.0000 0.000791 0.001023 0.003635 -0.078400 0.197698 -0.240311 40.7944870409 -218.6008210125 49.27360
S062 25OCT14 2025.7851 60962 2388 2 141.4 -69 -0.288638 4517751 -0.319470 49 0.274631 0.0000 0.000752 0.000972 0.003507 -0.018177 0.126868 -0.302040 40.7944870282 -218.6008209946 49.27463
S062 25OCT15 2025.7878 60963 2388 3 141.4 -69 -0.289640 4517751 -0.320148 49 0.271637 0.0000 0.000756 0.000972 0.003478 -0.037792 0.117583 -0.316511 40.7944870221 -218.6008210065 49.27164
S062 25OCT16 2025.7906 60964 2388 4 141.4 -69 -0.290693 4517751 -0.317693 49 0.265473 0.0000 0.000760 0.001023 0.003479 -0.067355 0.081663 -0.284124 40.7944870442 -218.6008210189 49.26547
S062 25OCT17 2025.7933 60965 2388 5 141.4 -69 -0.291027 4517751 -0.319297 49 0.271919 0.0000 0.000782 0.001020 0.003706 -0.034756 0.154291 -0.285916 40.7944870298 -218.6008210229 49.27192
S062 25OCT18 2025.7960 60966 2388 6 141.4 -69 -0.289547 4517751 -0.315569 49 0.275196 0.0000 0.000752 0.001002 0.003454 -0.025426 0.053521 -0.261806 40.7944870634 -218.6008210054 49.27520
S062 25OCT19 2025.7988 60967 2389 0 141.4 -69 -0.290472 4517751 -0.318793 49 0.270987 0.0000 0.000756 0.000978 0.003517 -0.008583 0.122892 -0.284449 40.7944870343 -218.6008210163 49.27099
S062 25OCT20 2025.8015 60968 2389 1 141.4 -69 -0.291137 4517751 -0.316461 49 0.267268 0.0000 0.000757 0.000971 0.003382 -0.046562 0.062185 -0.272126 40.7944870553 -218.6008210242 49.26727
S062 25OCT21 2025.8042 60969 2389 2 141.4 -69 -0.289709 4517751 -0.318443 49 0.267597 0.0000 0.000720 0.000957 0.003256 0.005856 0.088424 -0.251630 40.7944870375 -218.6008210073 49.26760
S062 25OCT22 2025.8070 60970 2389 3 141.4 -69 -0.288553 4517751 -0.319352 49 0.267803 0.0000 0.000719 0.000983 0.003238 -0.030113 0.060357 -0.206558 40.7944870293 -218.6008209936 49.26780
S062 25OCT23 2025.8097 60971 2389 4 141.4 -69 -0.287716 4517751 -0.320396 49 0.267111 0.0000 0.000715 0.000968 0.003144 -0.027470 0.050462 -0.205389 40.7944870199 -218.6008209837 49.26711
S062 25OCT24 2025.8125 60972 2389 5 141.4 -69 -0.288123 4517751 -0.320927 49 0.273894 0.0000 0.000736 0.000993 0.003345 -0.027084 0.021932 -0.252538 40.7944870151 -218.6008209885 49.27389
S062 25OCT25 2025.8152 60973 2389 6 141.4 -69 -0.288311 4517751 -0.322491 49 0.271972 0.0000 0.000730 0.000969 0.003277 -0.025210 0.052786 -0.277653 40.7944870010 -218.6008209907 49.27197
S062 25OCT26 2025.8179 60974 2390 0 141.4 -69 -0.286701 4517751 -0.323307 49 0.273377 0.0000 0.000767 0.001026 0.003610 -0.014316 0.092946 -0.275956 40.7944869937 -218.6008209716 49.27338
S062 25OCT27 2025.8207 60975 2390 1 141.4 -69 -0.289136 4517751 -0.323589 49 0.278476 0.0000 0.000767 0.001006 0.003476 0.011408 0.054018 -0.262347 40.7944869911 -218.6008210005 49.27848
S062 25OCT28 2025.8234 60976 2390 2 141.4 -69 -0.288626 4517751 -0.322391 49 0.274478 0.0000 0.000760 0.001022 0.003575 0.023130 0.036801 -0.325585 40.7944870019 -218.6008209945 49.27448
S062 25OCT29 2025.8261 60977 2390 3 141.4 -69 -0.287193 4517751 -0.321140 49 0.267993 0.0000 0.000831 0.001093 0.003846 -0.043403 0.061764 -0.281964 40.7944870132 -218.6008209775 49.26799
S062 25OCT30 2025.8289 60978 2390 4 141.4 -69 -0.287766 4517751 -0.321930 49 0.273948 0.0000 0.000748 0.000976 0.003392 -0.050148 0.067776 -0.249802 40.7944870061 -218.6008209843 49.27395
S062 25OCT31 2025.8316 60979 2390 5 141.4 -69 -0.287471 4517751 -0.322248 49 0.273119 0.0000 0.000753 0.001022 0.003509 -0.008534 0.024463 -0.255891 40.7944870032 -218.6008209808 49.27312
S062 25NOV01 2025.8344 60980 2390 6 141.4 -69 -0.285219 4517751 -0.320458 49 0.270561 0.0000 0.000766 0.001023 0.003566 -0.012863 0.051224 -0.266603 40.7944870193 -218.6008209541 49.27056
S062 25NOV02 2025.8371 60981 2391 0 141.4 -69 -0.289340 4517751 -0.321068 49 0.272046 0.0000 0.000753 0.000996 0.003414 0.010882 0.058526 -0.242133 40.7944870138 -218.6008210029 49.27205
S062 25NOV03 2025.8398 60982 2391 1 141.4 -69 -0.287721 4517751 -0.322435 49 0.271903 0.0000 0.000748 0.000991 0.003440 -0.015586 0.030937 -0.274426 40.7944870015 -218.6008209837 49.27190
S062 25NOV04 2025.8426 60983 2391 2 141.4 -69 -0.288166 4517751 -0.322488 49 0.274548 0.0000 0.000751 0.001004 0.003536 -0.009166 0.079006 -0.289999 40.7944870011 -218.6008209890 49.27455
S062 25NOV05 2025.8453 60984 2391 3 141.4 -69 -0.287358 4517751 -0.322823 49 0.273330 0.0000 0.000737 0.001012 0.003501 0.043805 0.022999 -0.321945 40.7944869980 -218.6008209794 49.27333
S062 25NOV06 2025.8480 60985 2391 4 141.4 -69 -0.287054 4517751 -0.321125 49 0.272511 0.0000 0.000789 0.001031 0.003614 -0.007842 0.085809 -0.248757 40.7944870133 -218.6008209758 49.27251
S062 25NOV07 2025.8508 60986 2391 5 141.4 -69 -0.287064 4517751 -0.318710 49 0.276390 0.0000 0.000748 0.000998 0.003364 -0.050332 0.108511 -0.228271 40.7944870351 -218.6008209760 49.27639
S062 25NOV08 2025.8535 60987 2391 6 141.4 -69 -0.288613 4517751 -0.321396 49 0.272895 0.0000 0.000726 0.000981 0.003301 -0.010320 -0.019345 -0.268881 40.7944870109 -218.6008209943 49.27290
S062 25NOV09 2025.8563 60988 2392 0 141.4 -69 -0.286179 4517751 -0.322634 49 0.282821 0.0000 0.000743 0.001005 0.003376 0.003119 0.011768 -0.254035 40.7944869997 -218.6008209655 49.28282
S062 25NOV10 2025.8590 60989 2392 1 141.4 -69 -0.284165 4517751 -0.323869 49 0.273417 0.0000 0.000748 0.001002 0.003490 -0.009739 0.039100 -0.249863 40.7944869886 -218.6008209416 49.27342
S062 25NOV11 2025.8617 60990 2392 2 141.4 -69 -0.285624 4517751 -0.324096 49 0.265196 0.0000 0.000767 0.001026 0.003576 -0.055066 0.114049 -0.253665 40.7944869866 -218.6008209589 49.26520
S062 25NOV12 2025.8645 60991 2392 3 141.4 -69 -0.286229 4517751 -0.323601 49 0.276375 0.0000 0.000797 0.001120 0.003811 -0.011051 0.069814 -0.188334 40.7944869910 -218.6008209661 49.27638
S062 25NOV13 2025.8672 60992 2392 4 141.4 -69 -0.290388 4517751 -0.322049 49 0.275157 0.0000 0.000759 0.001001 0.003490 -0.031105 0.129953 -0.212151 40.7944870050 -218.6008210153 49.27516
S062 25NOV14 2025.8700 60993 2392 5 141.4 -69 -0.283489 4517751 -0.324628 49 0.269813 0.0000 0.000724 0.000987 0.003287 -0.025232 0.077243 -0.237194 40.7944869818 -218.6008209336 49.26981
S062 25NOV15 2025.8727 60994 2392 6 141.4 -69 -0.286837 4517751 -0.323982 49 0.271451 0.0000 0.000722 0.000992 0.003256 0.029690 0.024464 -0.229163 40.7944869876 -218.6008209733 49.27145
S062 25NOV16 2025.8754 60995 2393 0 141.4 -69 -0.286550 4517751 -0.324516 49 0.274258 0.0000 0.000720 0.000961 0.003285 -0.029993 0.142017 -0.240306 40.7944869828 -218.6008209699 49.27426
S062 25NOV17 2025.8782 60996 2393 1 141.4 -69 -0.284901 4517751 -0.326576 49 0.276903 0.0000 0.000744 0.000982 0.003369 -0.039271 0.116897 -0.249038 40.7944869642 -218.6008209503 49.27690
S062 25NOV18 2025.8809 60997 2393 2 141.4 -69 -0.286279 4517751 -0.324290 49 0.274456 0.0000 0.000740 0.000987 0.003316 -0.023666 0.112389 -0.244791 40.7944869848 -218.6008209666 49.27446
S062 25NOV19 2025.8836 60998 2393 3 141.4 -69 -0.286886 4517751 -0.326496 49 0.273207 0.0000 0.000718 0.000981 0.003347 -0.023645 0.067973 -0.295516 40.7944869650 -218.6008209738 49.27321
S062 25NOV20 2025.8864 60999 2393 4 141.4 -69 -0.285698 4517751 -0.328016 49 0.277144 0.0000 0.000724 0.000989 0.003297 -0.006256 0.031923 -0.217006 40.7944869513 -218.6008209598 49.27714
S062 25NOV21 2025.8891 61000 2393 5 141.4 -69 -0.286183 4517751 -0.328414 49 0.273697 0.0000 0.000738 0.000957 0.003379 -0.041921 0.107891 -0.311709 40.7944869477 -218.6008209655 49.27370
S062 25NOV22 2025.8919 61001 2393 6 141.4 -69 -0.286226 4517751 -0.327718 49 0.280061 0.0000 0.000741 0.000969 0.003387 -0.031023 0.119326 -0.266518 40.7944869540 -218.6008209660 49.28006
S062 25NOV23 2025.8946 61002 2394 0 141.4 -69 -0.284901 4517751 -0.327111 49 0.282284 0.0000 0.000753 0.001013 0.003502 -0.037991 0.105397 -0.273762 40.7944869594 -218.6008209503 49.28228
S062 25NOV24 2025.8973 61003 2394 1 141.4 -69 -0.286075 4517751 -0.327435 49 0.277673 0.0000 0.000735 0.000985 0.003314 -0.024817 0.099239 -0.219423 40.7944869565 -218.6008209642 49.27767
S062 25NOV25 2025.9001 61004 2394 2 141.4 -69 -0.284921 4517751 -0.325158 49 0.278894 0.0000 0.000714 0.000968 0.003167 -0.040993 0.075919 -0.222476 40.7944869770 -218.6008209506 49.27889
S062 25NOV26 2025.9028 61005 2394 3 141.4 -69 -0.284559 4517751 -0.324714 49 0.276582 0.0000 0.000718 0.000997 0.003290 -0.029130 0.073710 -0.241604 40.7944869810 -218.6008209463 49.27658
S062 25NOV27 2025.9055 61006 2394 4 141.4 -69 -0.284948 4517751 -0.325653 49 0.280229 0.0000 0.000725 0.000995 0.003308 -0.010396 0.045095 -0.230268 40.7944869726 -218.6008209509 49.28023
S062 25NOV28 2025.9083 61007 2394 5 141.4 -69 -0.284065 4517751 -0.327783 49 0.275034 0.0000 0.000768 0.000992 0.003565 -0.040254 0.156641 -0.314085 40.7944869534 -218.6008209404 49.27503
S062 25NOV29 2025.9110 61008 2394 6 141.4 -69 -0.285883 4517751 -0.327756 49 0.279369 0.0000 0.000718 0.000955 0.003238 -0.028221 0.115200 -0.271107 40.7944869536 -218.6008209620 49.27937
S062 25NOV30 2025.9138 61009 2395 0 141.4 -69 -0.286122 4517751 -0.328779 49 0.275963 0.0000 0.000720 0.000975 0.003268 0.001832 0.053397 -0.234429 40.7944869444 -218.6008209648 49.27596
S062 25DEC01 2025.9165 61010 2395 1 141.4 -69 -0.286538 4517751 -0.326766 49 0.274483 0.0000 0.000716 0.000969 0.003201 -0.040871 0.071401 -0.232284 40.7944869625 -218.6008209697 49.27448
S062 25DEC02 2025.9192 61011 2395 2 141.4 -69 -0.282768 4517751 -0.327113 49 0.283191 0.0000 0.000706 0.000950 0.003176 -0.003600 0.061733 -0.258369 40.7944869594 -218.6008209250 49.28319
S062 25DEC03 2025.9220 61012 2395 3 141.4 -69 -0.283551 4517751 -0.326139 49 0.275018 0.0000 0.000753 0.000997 0.003431 -0.025783 0.120392 -0.265504 40.7944869682 -218.6008209343 49.27502
S062 25DEC04 2025.9247 61013 2395 4 141.4 -69 -0.287722 4517751 -0.323577 49 0.266525 0.0000 0.000795 0.001025 0.003633 -0.065212 0.165916 -0.221310 40.7944869912 -218.6008209837 49.26652
S062 25DEC05 2025.9274 61014 2395 5 141.4 -69 -0.284639 4517751 -0.326210 49 0.272126 0.0000 0.000841 0.001147 0.003931 -0.057110 0.021121 -0.239466 40.7944869675 -218.6008209472 49.27213
S062 25DEC06 2025.9302 61015 2395 6 141.4 -69 -0.286447 4517751 -0.326315 49 0.274413 0.0000 0.000800 0.001016 0.003666 -0.035656 0.201639 -0.251940 40.7944869666 -218.6008209686 49.27441
S062 25DEC07 2025.9329 61016 2396 0 141.4 -69 -0.286097 4517751 -0.327748 49 0.273065 0.0000 0.000724 0.000979 0.003346 0.000897 0.028279 -0.238935 40.7944869537 -218.6008209645 49.27307
S062 25DEC08 2025.9357 61017 2396 1 141.4 -69 -0.258100 4517751 -0.322334 49 0.261677 0.0000 0.000734 0.000990 0.003314 -0.010797 0.082530 -0.255307 40.7944870024 -218.6008206328 49.26168
S062 25DEC09 2025.9384 61018 2396 2 141.4 -69 -0.221656 4517751 -0.312822 49 0.250904 0.0000 0.000706 0.000966 0.003117 -0.009757 0.016066 -0.220404 40.7944870881 -218.6008202009 49.25090
S062 25DEC10 2025.9411 61019 2396 3 141.4 -69 -0.218672 4517751 -0.312379 49 0.255639 0.0000 0.000720 0.000986 0.003336 -0.017605 0.072025 -0.215651 40.7944870921 -218.6008201656 49.25564
S062 25DEC11 2025.9439 61020 2396 4 141.4 -69 -0.218564 4517751 -0.311334 49 0.251299 0.0000 0.000771 0.001025 0.003582 0.077468 0.036865 -0.306572 40.7944871015 -218.6008201643 49.25130
S062 25DEC12 2025.9466 61021 2396 5 141.4 -69 -0.214586 4517751 -0.312870 49 0.255222 0.0000 0.000742 0.000952 0.003283 0.021371 0.117201 -0.217765 40.7944870877 -218.6008201172 49.25522
S062 25DEC13 2025.9493 61022 2396 6 141.4 -69 -0.213342 4517751 -0.312161 49 0.254880 0.0000 0.000750 0.000973 0.003344 0.003258 0.067651 -0.251244 40.7944870941 -218.6008201024 49.25488
S062 25DEC14 2025.9521 61023 2397 0 141.4 -69 -0.213057 4517751 -0.312003 49 0.262494 0.0000 0.000725 0.000974 0.003292 0.009645 0.107374 -0.233251 40.7944870955 -218.6008200990 49.26249
S062 25DEC15 2025.9548 61024 2397 1 141.4 -69 -0.213332 4517751 -0.313358 49 0.257880 0.0000 0.000731 0.000987 0.003315 0.025108 -0.033528 -0.262928 40.7944870833 -218.6008201023 49.25788
S062 25DEC16 2025.9576 61025 2397 2 141.4 -69 -0.213168 4517751 -0.316704 49 0.261394 0.0000 0.000767 0.001025 0.003546 0.040125 0.049652 -0.279079 40.7944870531 -218.6008201004 49.26139
S062 25DEC17 2025.9603 61026 2397 3 141.4 -69 -0.211212 4517751 -0.313750 49 0.252788 0.0000 0.000747 0.000993 0.003430 -0.008270 0.109075 -0.277585 40.7944870797 -218.6008200772 49.25279
S062 25DEC18 2025.9630 61027 2397 4 141.4 -69 -0.211078 4517751 -0.314520 49 0.256177 0.0000 0.000730 0.000972 0.003295 -0.037485 0.106073 -0.216423 40.7944870728 -218.6008200756 49.25618
S062 25DEC19 2025.9658 61028 2397 5 141.4 -69 -0.211334 4517751 -0.313916 49 0.257938 0.0000 0.000734 0.000967 0.003363 -0.033232 0.049345 -0.274616 40.7944870782 -218.6008200786 49.25794
S062 25DEC20 2025.9685 61029 2397 6 141.4 -69 -0.209060 4517751 -0.314487 49 0.263193 0.0000 0.000721 0.000963 0.003180 -0.035992 0.121277 -0.227293 40.7944870731 -218.6008200517 49.26319
S062 25DEC21 2025.9713 61030 2398 0 141.4 -69 -0.209329 4517751 -0.312974 49 0.259422 0.0000 0.000721 0.000938 0.003176 -0.062341 0.112403 -0.227636 40.7944870867 -218.6008200549 49.25942
S062 25DEC22 2025.9740 61031 2398 1 141.4 -69 -0.209939 4517751 -0.314320 49 0.258936 0.0000 0.000719 0.000932 0.003144 -0.007496 0.093923 -0.231540 40.7944870746 -218.6008200621 49.25894
S062 25DEC23 2025.9767 61032 2398 2 141.4 -69 -0.209882 4517751 -0.314765 49 0.252679 0.0000 0.000751 0.000965 0.003341 -0.007205 0.105591 -0.256170 40.7944870706 -218.6008200614 49.25268
S062 25DEC24 2025.9795 61033 2398 3 141.4 -69 -0.208830 4517751 -0.314089 49 0.262974 0.0000 0.000697 0.000951 0.003167 -0.006418 0.082677 -0.272769 40.7944870767 -218.6008200490 49.26297
S062 25DEC25 2025.9822 61034 2398 4 141.4 -69 -0.207699 4517751 -0.313965 49 0.260824 0.0000 0.000733 0.000949 0.003255 -0.035110 0.125066 -0.273806 40.7944870778 -218.6008200356 49.26082
S062 25DEC26 2025.9849 61035 2398 5 141.4 -69 -0.209160 4517751 -0.314706 49 0.255058 0.0000 0.000720 0.000937 0.003161 -0.025671 0.143561 -0.230768 40.7944870711 -218.6008200529 49.25506
S062 25DEC27 2025.9877 61036 2398 6 141.4 -69 -0.208569 4517751 -0.315487 49 0.260833 0.0000 0.000721 0.000942 0.003197 -0.018999 0.132889 -0.237005 40.7944870641 -218.6008200459 49.26083
S062 25DEC28 2025.9904 61037 2399 0 141.4 -69 -0.208961 4517751 -0.317056 49 0.262921 0.0000 0.000716 0.000928 0.003121 -0.030914 0.095935 -0.247391 40.7944870500 -218.6008200505 49.26292
S062 25DEC29 2025.9932 61038 2399 1 141.4 -69 -0.208568 4517751 -0.314774 49 0.258207 0.0000 0.000709 0.000943 0.003175 -0.000513 0.058880 -0.250256 40.7944870705 -218.6008200459 49.25821
S062 25DEC30 2025.9959 61039 2399 2 141.4 -69 -0.207710 4517751 -0.314229 49 0.258950 0.0000 0.000725 0.000971 0.003228 -0.020351 0.054387 -0.221396 40.7944870754 -218.6008200357 49.25895
S062 25DEC31 2025.9986 61040 2399 3 141.4 -69 -0.206517 4517751 -0.313270 49 0.259145 0.0000 0.000727 0.000953 0.003181 -0.009557 0.060976 -0.214219 40.7944870841 -218.6008200216 49.25915
S062 26JAN01 2026.0014 61041 2399 4 141.4 -69 -0.205040 4517751 -0.313424 49 0.261543 0.0000 0.000709 0.000939 0.003092 -0.034128 0.067214 -0.198117 40.7944870827 -218.6008200041 49.26154
S062 26JAN02 2026.0041 61042 2399 5 141.4 -69 -0.207656 4517751 -0.314968 49 0.257471 0.0000 0.000740 0.000957 0.003239 -0.063960 0.129962 -0.212295 40.7944870688 -218.6008200351 49.25747
S062 26JAN03 2026.0068 61043 2399 6 141.4 -69 -0.207347 4517751 -0.314567 49 0.257442 0.0000 0.000762 0.000997 0.003403 -0.044714 0.117365 -0.214918 40.7944870724 -218.6008200314 49.25744
S062 26JAN04 2026.0096 61044 2400 0 141.4 -69 -0.208128 4517751 -0.316569 49 0.251708 0.0000 0.000731 0.000962 0.003363 -0.008932 0.056701 -0.279488 40.7944870544 -218.6008200406 49.25171
S062 26JAN05 2026.0123 61045 2400 1 141.4 -69 -0.205854 4517751 -0.316425 49 0.256078 0.0000 0.000712 0.000942 0.003145 -0.003374 0.073963 -0.229498 40.7944870557 -218.6008200137 49.25608
S062 26JAN06 2026.0151 61046 2400 2 141.4 -69 -0.205916 4517751 -0.316681 49 0.254560 0.0000 0.000710 0.000934 0.003088 -0.021708 0.080455 -0.177530 40.7944870534 -218.6008200144 49.25456
S062 26JAN07 2026.0178 61047 2400 3 141.4 -69 -0.204688 4517751 -0.316659 49 0.261333 0.0000 0.000707 0.000951 0.003105 -0.018151 0.095627 -0.201206 40.7944870535 -218.6008199999 49.26133
S062 26JAN08 2026.0205 61048 2400 4 141.4 -69 -0.204822 4517751 -0.315926 49 0.257801 0.0000 0.000729 0.000934 0.003217 -0.014673 0.091271 -0.222741 40.7944870602 -218.6008200015 49.25780
S062 26JAN09 2026.0233 61049 2400 5 141.4 -69 -0.204077 4517751 -0.315761 49 0.257835 0.0000 0.000730 0.000931 0.003206 -0.027174 0.102175 -0.254483 40.7944870616 -218.6008199926 49.25783
S062 26JAN10 2026.0260 61050 2400 6 141.4 -69 -0.203963 4517751 -0.316529 49 0.258768 0.0000 0.000729 0.000942 0.003230 -0.027152 0.133742 -0.209146 40.7944870547 -218.6008199913 49.25877
S062 26JAN11 2026.0287 61051 2401 0 141.4 -69 -0.203060 4517751 -0.315641 49 0.260794 0.0000 0.000793 0.000991 0.003469 -0.028731 0.137568 -0.216022 40.7944870627 -218.6008199806 49.26079
S062 26JAN12 2026.0315 61052 2401 1 141.4 -69 -0.203398 4517751 -0.314738 49 0.246462 0.0000 0.000776 0.001034 0.003475 -0.049127 0.111064 -0.191038 40.7944870708 -218.6008199846 49.24646
S062 26JAN13 2026.0342 61053 2401 2 141.4 -69 -0.202666 4517751 -0.314998 49 0.268381 0.0000 0.000741 0.000967 0.003315 -0.005298 0.087880 -0.260785 40.7944870685 -218.6008199759 49.26838
S062 26JAN14 2026.0370 61054 2401 3 141.4 -69 -0.201475 4517751 -0.315545 49 0.259104 0.0000 0.000708 0.000920 0.003093 -0.009683 0.047621 -0.197421 40.7944870636 -218.6008199618 49.25910
S062 26JAN15 2026.0397 61055 2401 4 141.4 -69 -0.205480 4517751 -0.315306 49 0.255910 0.0000 0.000727 0.000949 0.003276 -0.006369 0.089153 -0.259428 40.7944870657 -218.6008200093 49.25591
S062 26JAN16 2026.0424 61056 2401 5 141.4 -69 -0.205425 4517751 -0.315893 49 0.252382 0.0000 0.000718 0.000949 0.003222 -0.011559 0.111114 -0.245285 40.7944870604 -218.6008200086 49.25238
S062 26JAN17 2026.0452 61057 2401 6 141.4 -69 -0.204018 4517751 -0.314653 49 0.256883 0.0000 0.000738 0.000972 0.003308 -0.002611 0.072499 -0.235289 40.7944870716 -218.6008199919 49.25688
S062 26JAN18 2026.0479 61058 2402 0 141.4 -69 -0.204847 4517751 -0.314938 49 0.254409 0.0000 0.000740 0.000950 0.003241 -0.028319 0.113498 -0.213060 40.7944870690 -218.6008200018 49.25441
S062 26JAN19 2026.0507 61059 2402 1 141.4 -69 -0.203003 4517751 -0.315486 49 0.259121 0.0000 0.000763 0.001011 0.003530 -0.022535 0.119529 -0.254707 40.7944870641 -218.6008199799 49.25912
S062 26JAN20 2026.0534 61060 2402 2 141.4 -69 -0.203243 4517751 -0.314792 49 0.255744 0.0000 0.000851 0.001115 0.003743 0.005699 0.051783 -0.212970 40.7944870704 -218.6008199828 49.25574
S062 26JAN21 2026.0561 61061 2402 3 141.4 -69 -0.203244 4517751 -0.314330 49 0.253468 0.0000 0.000712 0.000929 0.003108 -0.020500 0.050375 -0.235118 40.7944870745 -218.6008199828 49.25347
S062 26JAN22 2026.0589 61062 2402 4 141.4 -69 -0.203048 4517751 -0.314883 49 0.254514 0.0000 0.000717 0.000941 0.003085 -0.013587 0.072226 -0.214582 40.7944870695 -218.6008199805 49.25451
S062 26JAN23 2026.0616 61063 2402 5 141.4 -69 -0.203448 4517751 -0.314999 49 0.253818 0.0000 0.000727 0.000977 0.003248 -0.045880 0.107263 -0.190653 40.7944870685 -218.6008199852 49.25382
S062 26JAN24 2026.0643 61064 2402 6 141.4 -69 -0.203993 4517751 -0.314759 49 0.255231 0.0000 0.000725 0.000930 0.003161 -0.046818 0.119605 -0.219475 40.7944870707 -218.6008199916 49.25523
S062 26JAN25 2026.0671 61065 2403 0 141.4 -69 -0.203116 4517751 -0.315195 49 0.255530 0.0000 0.000725 0.000937 0.003172 -0.053073 0.105308 -0.229944 40.7944870667 -218.6008199813 49.25553
S062 26JAN26 2026.0698 61066 2403 1 141.4 -69 -0.204807 4517751 -0.314961 49 0.256938 0.0000 0.000717 0.000931 0.003110 -0.025280 0.090551 -0.201267 40.7944870688 -218.6008200013 49.25694
S062 26JAN27 2026.0726 61067 2403 2 141.4 -69 -0.205501 4517751 -0.314572 49 0.256895 0.0000 0.000712 0.000941 0.003151 -0.029221 0.090852 -0.220910 40.7944870723 -218.6008200095 49.25689
S062 26JAN28 2026.0753 61068 2403 3 141.4 -69 -0.203512 4517751 -0.315094 49 0.255662 0.0000 0.000751 0.000974 0.003322 -0.041057 0.109151 -0.232165 40.7944870676 -218.6008199859 49.25566
S062 26JAN29 2026.0780 61069 2403 4 141.4 -69 -0.204113 4517751 -0.314483 49 0.257626 0.0000 0.000750 0.001021 0.003397 -0.064744 0.094461 -0.245498 40.7944870731 -218.6008199931 49.25763
S062 26JAN30 2026.0808 61070 2403 5 141.4 -69 -0.202255 4517751 -0.315017 49 0.253391 0.0000 0.000728 0.000943 0.003189 -0.006349 0.051331 -0.221776 40.7944870683 -218.6008199711 49.25339
S062 26JAN31 2026.0835 61071 2403 6 141.4 -69 -0.203525 4517751 -0.315070 49 0.254698 0.0000 0.000728 0.000937 0.003216 -0.035930 0.108632 -0.245919 40.7944870679 -218.6008199861 49.25470
S062 26FEB01 2026.0862 61072 2404 0 141.4 -69 -0.203285 4517751 -0.317721 49 0.257787 0.0000 0.000716 0.000940 0.003137 -0.027022 0.100578 -0.202629 40.7944870440 -218.6008199833 49.25779
S062 26FEB02 2026.0890 61073 2404 1 141.4 -69 -0.203467 4517751 -0.317047 49 0.255771 0.0000 0.000731 0.000949 0.003274 -0.021435 0.065561 -0.227178 40.7944870501 -218.6008199854 49.25577
S062 26FEB03 2026.0917 61074 2404 2 141.4 -69 -0.201495 4517751 -0.317889 49 0.255606 0.0000 0.000739 0.000955 0.003248 -0.042490 0.135491 -0.213757 40.7944870425 -218.6008199620 49.25561
S062 26FEB04 2026.0945 61075 2404 3 141.4 -69 -0.201862 4517751 -0.318171 49 0.254010 0.0000 0.000744 0.000964 0.003297 -0.035386 0.095405 -0.225144 40.7944870399 -218.6008199664 49.25401
S062 26FEB05 2026.0972 61076 2404 4 141.4 -69 -0.201529 4517751 -0.319559 49 0.257713 0.0000 0.000770 0.000983 0.003422 -0.012373 0.088728 -0.218168 40.7944870274 -218.6008199625 49.25771
S062 26FEB06 2026.0999 61077 2404 5 141.4 -69 -0.203530 4517751 -0.320126 49 0.257776 0.0000 0.000749 0.000975 0.003322 -0.009235 0.079602 -0.205995 40.7944870223 -218.6008199862 49.25778
S062 26FEB07 2026.1027 61078 2404 6 141.4 -69 -0.201205 4517751 -0.318047 49 0.259364 0.0000 0.000709 0.000929 0.003145 -0.017918 0.049244 -0.248156 40.7944870411 -218.6008199586 49.25936
S062 26FEB08 2026.1054 61079 2405 0 141.4 -69 -0.201806 4517751 -0.319371 49 0.261797 0.0000 0.000743 0.000946 0.003269 -0.012796 0.059994 -0.266629 40.7944870291 -218.6008199657 49.26180
S062 26FEB09 2026.1081 61080 2405 1 141.4 -69 -0.201644 4517751 -0.320331 49 0.260226 0.0000 0.000731 0.000925 0.003250 -0.048649 0.130725 -0.251817 40.7944870205 -218.6008199638 49.26023
S062 26FEB10 2026.1109 61081 2405 2 141.4 -69 -0.202153 4517751 -0.320605 49 0.259739 0.0000 0.000757 0.000987 0.003428 -0.036931 0.083929 -0.236397 40.7944870180 -218.6008199698 49.25974
S062 26FEB11 2026.1136 61082 2405 3 141.4 -69 -0.201402 4517751 -0.318795 49 0.256789 0.0000 0.000732 0.000949 0.003280 -0.048665 0.106324 -0.254726 40.7944870343 -218.6008199609 49.25679
S062 26FEB12 2026.1164 61083 2405 4 141.4 -69 -0.201043 4517751 -0.317865 49 0.252763 0.0000 0.000724 0.000986 0.003247 -0.002976 0.036429 -0.256423 40.7944870427 -218.6008199567 49.25276
S062 26FEB13 2026.1191 61084 2405 5 141.4 -69 -0.200208 4517751 -0.321469 49 0.252717 0.0000 0.000738 0.000942 0.003271 -0.026805 0.065567 -0.245504 40.7944870102 -218.6008199468 49.25272
S062 26FEB14 2026.1218 61085 2405 6 141.4 -69 -0.200205 4517751 -0.319562 49 0.257963 0.0000 0.000733 0.000963 0.003295 0.002434 0.055410 -0.275911 40.7944870274 -218.6008199468 49.25796
S062 26FEB15 2026.1246 61086 2406 0 141.4 -69 -0.200237 4517751 -0.318977 49 0.258242 0.0000 0.000788 0.001018 0.003544 -0.078944 0.178530 -0.281563 40.7944870327 -218.6008199471 49.25824
S062 26FEB16 2026.1273 61087 2406 1 141.4 -69 -0.201055 4517751 -0.320001 49 0.255611 0.0000 0.000733 0.000944 0.003216 -0.032454 0.092358 -0.229982 40.7944870235 -218.6008199568 49.25561
S062 26FEB17 2026.1300 61088 2406 2 141.4 -69 -0.200627 4517751 -0.317834 49 0.256586 0.0000 0.000717 0.000953 0.003197 -0.020513 0.049298 -0.220474 40.7944870430 -218.6008199518 49.25659
S062 26FEB18 2026.1328 61089 2406 3 141.4 -69 -0.200343 4517751 -0.319798 49 0.260893 0.0000 0.000731 0.000948 0.003263 -0.049513 0.078481 -0.262026 40.7944870253 -218.6008199484 49.26089
S062 26FEB19 2026.1355 61090 2406 4 141.4 -69 -0.199892 4517751 -0.321165 49 0.263622 0.0000 0.000738 0.000950 0.003266 -0.031232 0.095714 -0.237396 40.7944870130 -218.6008199431 49.26362
S062 26FEB20 2026.1383 61091 2406 5 141.4 -69 -0.200457 4517751 -0.318705 49 0.262747 0.0000 0.000705 0.000923 0.003086 -0.038601 0.091781 -0.236301 40.7944870351 -218.6008199498 49.26275
S062 26FEB21 2026.1410 61092 2406 6 141.4 -69 -0.198494 4517751 -0.320214 49 0.265103 0.0000 0.000713 0.000937 0.003159 -0.043950 0.131405 -0.239348 40.7944870215 -218.6008199265 49.26510
S062 26FEB22 2026.1437 61093 2407 0 141.4 -69 -0.200167 4517751 -0.317768 49 0.260539 0.0000 0.000736 0.000963 0.003285 -0.003085 0.052070 -0.262427 40.7944870436 -218.6008199463 49.26054
S062 26FEB23 2026.1465 61094 2407 1 141.4 -69 -0.199418 4517751 -0.319094 49 0.257317 0.0000 0.000759 0.000973 0.003425 -0.047163 0.125313 -0.253140 40.7944870316 -218.6008199374 49.25732
S062 26FEB24 2026.1492 61095 2407 2 141.4 -69 -0.199660 4517751 -0.318159 49 0.250988 0.0000 0.000723 0.000948 0.003239 -0.045375 0.076808 -0.235204 40.7944870400 -218.6008199403 49.25099
S062 26FEB25 2026.1520 61096 2407 3 141.4 -69 -0.199597 4517751 -0.318582 49 0.255392 0.0000 0.000743 0.000967 0.003265 -0.053898 0.064462 -0.216920 40.7944870362 -218.6008199396 49.25539
S062 26FEB26 2026.1547 61097 2407 4 141.4 -69 -0.199830 4517751 -0.318753 49 0.257345 0.0000 0.000732 0.000991 0.003347 0.005259 0.039946 -0.265681 40.7944870347 -218.6008199423 49.25735
S062 26FEB27 2026.1574 61098 2407 5 141.4 -69 -0.199137 4517751 -0.318100 49 0.255612 0.0000 0.000729 0.000968 0.003259 -0.033724 0.060687 -0.227697 40.7944870406 -218.6008199341 49.25561
S062 26FEB28 2026.1602 61099 2407 6 141.4 -69 -0.197983 4517751 -0.318697 49 0.252111 0.0000 0.000725 0.000955 0.003231 -0.012410 -0.002553 -0.214573 40.7944870352 -218.6008199204 49.25211
S062 26MAR01 2026.1629 61100 2408 0 141.4 -69 -0.197575 4517751 -0.318816 49 0.258256 0.0000 0.000735 0.000963 0.003286 -0.055516 0.085638 -0.216793 40.7944870341 -218.6008199156 49.25826
S062 26MAR02 2026.1656 61101 2408 1 141.4 -69 -0.200254 4517751 -0.318243 49 0.254114 0.0000 0.000731 0.000974 0.003365 -0.030098 0.064004 -0.275129 40.7944870393 -218.6008199473 49.25411
S062 26MAR03 2026.1684 61102 2408 2 141.4 -69 -0.202250 4517751 -0.317313 49 0.256295 0.0000 0.000721 0.000951 0.003190 -0.011254 0.018972 -0.216534 40.7944870477 -218.6008199710 49.25629
S062 26MAR04 2026.1711 61103 2408 3 141.4 -69 -0.202303 4517751 -0.317823 49 0.252517 0.0000 0.000746 0.000959 0.003329 -0.021198 0.043019 -0.270462 40.7944870431 -218.6008199716 49.25252
S062 26MAR05 2026.1739 61104 2408 4 141.4 -69 -0.202255 4517751 -0.319911 49 0.256531 0.0000 0.000722 0.000953 0.003280 -0.029351 0.112364 -0.272052 40.7944870243 -218.6008199710 49.25653
S062 26MAR06 2026.1766 61105 2408 5 141.4 -69 -0.200392 4517751 -0.321029 49 0.253481 0.0000 0.000732 0.000953 0.003179 -0.045006 0.083555 -0.220381 40.7944870142 -218.6008199490 49.25348
S062 26MAR07 2026.1793 61106 2408 6 141.4 -69 -0.198983 4517751 -0.320445 49 0.250323 0.0000 0.000744 0.000965 0.003421 -0.013888 0.125518 -0.269473 40.7944870195 -218.6008199323 49.25032
S062 26MAR08 2026.1821 61107 2409 0 141.4 -69 -0.201181 4517751 -0.321712 49 0.255486 0.0000 0.000751 0.000986 0.003475 -0.039920 0.137538 -0.270945 40.7944870080 -218.6008199583 49.25549
S062 26MAR09 2026.1848 61108 2409 1 141.4 -69 -0.201352 4517751 -0.318901 49 0.253085 0.0000 0.000750 0.000980 0.003448 -0.058550 0.130148 -0.259671 40.7944870334 -218.6008199603 49.25308
S062 26MAR10 2026.1875 61109 2409 2 141.4 -69 -0.200110 4517751 -0.318762 49 0.253669 0.0000 0.000723 0.000943 0.003276 -0.047256 0.103870 -0.254648 40.7944870346 -218.6008199456 49.25367
S062 26MAR11 2026.1903 61110 2409 3 141.4 -69 -0.199043 4517751 -0.320450 49 0.254084 0.0000 0.000696 0.000945 0.003121 -0.023760 0.031909 -0.257843 40.7944870194 -218.6008199330 49.25408
S062 26MAR12 2026.1930 61111 2409 4 141.4 -69 -0.199090 4517751 -0.319630 49 0.256290 0.0000 0.000690 0.000915 0.002990 -0.033038 0.027706 -0.211124 40.7944870268 -218.6008199335 49.25629
S062 26MAR13 2026.1958 61112 2409 5 141.4 -69 -0.199835 4517751 -0.320203 49 0.254230 0.0000 0.000714 0.000967 0.003206 -0.058540 0.105468 -0.244090 40.7944870216 -218.6008199424 49.25423
S062 26MAR14 2026.1985 61113 2409 6 141.4 -69 -0.200241 4517751 -0.319980 49 0.253068 0.0000 0.000718 0.000942 0.003206 -0.020489 0.077908 -0.263443 40.7944870236 -218.6008199472 49.25307
S062 26MAR15 2026.2012 61114 2410 0 141.4 -69 -0.197688 4517751 -0.322852 49 0.259767 0.0000 0.000702 0.000957 0.003113 -0.043986 0.019121 -0.247747 40.7944869978 -218.6008199169 49.25977
S062 26MAR16 2026.2040 61115 2410 1 141.4 -69 -0.199108 4517751 -0.322091 49 0.257675 0.0000 0.000720 0.000963 0.003215 -0.048562 0.051648 -0.198200 40.7944870046 -218.6008199338 49.25767
S062 26MAR17 2026.2067 61116 2410 2 141.4 -69 -0.199101 4517751 -0.322297 49 0.256258 0.0000 0.000704 0.000944 0.003117 -0.047284 0.108438 -0.221527 40.7944870028 -218.6008199337 49.25626
S062 26MAR18 2026.2094 61117 2410 3 141.4 -69 -0.197706 4517751 -0.320137 49 0.260954 0.0000 0.000702 0.000937 0.003074 -0.070430 0.085194 -0.204990 40.7944870222 -218.6008199171 49.26095
S062 26MAR19 2026.2122 61118 2410 4 141.4 -69 -0.197211 4517751 -0.322400 49 0.263219 0.0000 0.000699 0.000935 0.003081 -0.023984 0.022181 -0.247894 40.7944870019 -218.6008199113 49.26322
S062 26MAR20 2026.2149 61119 2410 5 141.4 -69 -0.197988 4517751 -0.323450 49 0.255729 0.0000 0.000725 0.000941 0.003230 -0.051011 0.086272 -0.265257 40.7944869924 -218.6008199205 49.25573
S062 26MAR21 2026.2177 61120 2410 6 141.4 -69 -0.196172 4517751 -0.321735 49 0.252828 0.0000 0.000709 0.000940 0.003152 -0.058145 0.103887 -0.264857 40.7944870078 -218.6008198990 49.25283
S062 26MAR22 2026.2204 61121 2411 0 141.4 -69 -0.196325 4517751 -0.321483 49 0.259682 0.0000 0.000721 0.000980 0.003285 -0.037903 0.074267 -0.256479 40.7944870101 -218.6008199008 49.25968
S062 26MAR23 2026.2231 61122 2411 1 141.4 -69 -0.197462 4517751 -0.321017 49 0.258466 0.0000 0.000710 0.000965 0.003223 -0.015626 0.112898 -0.231511 40.7944870143 -218.6008199143 49.25847
S062 26MAR24 2026.2259 61123 2411 2 141.4 -69 -0.196876 4517751 -0.322301 49 0.253882 0.0000 0.000763 0.000992 0.003463 -0.016066 0.142763 -0.170219 40.7944870027 -218.6008199073 49.25388
S062 26MAR25 2026.2286 61124 2411 3 141.4 -69 -0.198201 4517751 -0.321794 49 0.256650 0.0000 0.000724 0.000937 0.003185 -0.084146 0.158539 -0.227949 40.7944870073 -218.6008199230 49.25665
S062 26MAR26 2026.2313 61125 2411 4 141.4 -69 -0.198308 4517751 -0.322391 49 0.260141 0.0000 0.000736 0.000979 0.003371 -0.047795 0.108129 -0.256260 40.7944870019 -218.6008199243 49.26014
S062 26MAR27 2026.2341 61126 2411 5 141.4 -69 -0.196339 4517751 -0.322203 49 0.259052 0.0000 0.000690 0.000933 0.003033 -0.033110 0.072042 -0.227421 40.7944870036 -218.6008199010 49.25905
S062 26MAR28 2026.2368 61127 2411 6 141.4 -69 -0.195190 4517751 -0.321525 49 0.258610 0.0000 0.000711 0.000978 0.003203 -0.023904 0.062176 -0.245821 40.7944870097 -218.6008198873 49.25861
S062 26MAR29 2026.2396 61128 2412 0 141.4 -69 -0.196309 4517751 -0.322552 49 0.255414 0.0000 0.000727 0.000955 0.003222 -0.065474 0.090559 -0.215359 40.7944870005 -218.6008199006 49.25541
S062 26MAR30 2026.2423 61129 2412 1 141.4 -69 -0.196501 4517751 -0.321491 49 0.255491 0.0000 0.000716 0.000952 0.003152 -0.050627 0.096045 -0.209018 40.7944870100 -218.6008199029 49.25549
S062 26MAR31 2026.2450 61130 2412 2 141.4 -69 -0.195537 4517751 -0.321553 49 0.256194 0.0000 0.000728 0.000931 0.003216 -0.061068 0.159747 -0.228121 40.7944870095 -218.6008198914 49.25619
S062 26APR01 2026.2478 61131 2412 3 141.4 -69 -0.195118 4517751 -0.322954 49 0.259552 0.0000 0.000692 0.000968 0.003118 -0.032103 0.037129 -0.225371 40.7944869969 -218.6008198865 49.25955
S062 26APR02 2026.2505 61132 2412 4 141.4 -69 -0.195851 4517751 -0.320924 49 0.254530 0.0000 0.000744 0.001000 0.003362 -0.030458 0.058979 -0.191796 40.7944870151 -218.6008198952 49.25453
S062 26APR03 2026.2533 61133 2412 5 141.4 -69 -0.196421 4517751 -0.324329 49 0.259643 0.0000 0.000746 0.000992 0.003411 -0.066345 0.089042 -0.244946 40.7944869845 -218.6008199019 49.25964
S062 26APR04 2026.2560 61134 2412 6 141.4 -69 -0.194219 4517751 -0.323145 49 0.263534 0.0000 0.000820 0.001063 0.003749 -0.107935 0.161197 -0.135368 40.7944869951 -218.6008198758 49.26353
S062 26APR05 2026.2587 61135 2413 0 141.4 -69 -0.194835 4517751 -0.321121 49 0.258175 0.0000 0.000726 0.000968 0.003283 -0.070855 0.090571 -0.241578 40.7944870134 -218.6008198831 49.25818
S062 26APR06 2026.2615 61136 2413 1 141.4 -69 -0.194956 4517751 -0.321848 49 0.263017 0.0000 0.000704 0.000944 0.003132 -0.005243 0.075492 -0.218054 40.7944870068 -218.6008198846 49.26302
S062 26APR07 2026.2642 61137 2413 2 141.4 -69 -0.195197 4517751 -0.324013 49 0.262795 0.0000 0.000713 0.000971 0.003202 -0.011414 0.082444 -0.259917 40.7944869873 -218.6008198874 49.26280
S062 26APR08 2026.2669 61138 2413 3 141.4 -69 -0.195071 4517751 -0.323944 49 0.259015 0.0000 0.000701 0.000948 0.003104 -0.025366 0.050734 -0.223461 40.7944869879 -218.6008198859 49.25901
S062 26APR09 2026.2697 61139 2413 4 141.4 -69 -0.194240 4517751 -0.320828 49 0.258127 0.0000 0.000716 0.000968 0.003173 0.005806 0.083603 -0.202689 40.7944870160 -218.6008198761 49.25813
S062 26APR10 2026.2724 61140 2413 5 141.4 -69 -0.194224 4517751 -0.322199 49 0.259110 0.0000 0.000729 0.000986 0.003229 -0.014031 0.019599 -0.189288 40.7944870037 -218.6008198759 49.25911
S062 26APR11 2026.2752 61141 2413 6 141.4 -69 -0.193224 4517751 -0.322192 49 0.257283 0.0000 0.000727 0.000954 0.003288 -0.016806 0.082210 -0.267454 40.7944870037 -218.6008198640 49.25728
S062 26APR12 2026.2779 61142 2414 0 141.4 -69 -0.193943 4517751 -0.323740 49 0.255472 0.0000 0.000693 0.000940 0.003028 -0.008511 0.027459 -0.224366 40.7944869898 -218.6008198726 49.25547
S062 26APR13 2026.2806 61143 2414 1 141.4 -69 -0.195389 4517751 -0.323369 49 0.261272 0.0000 0.000707 0.000932 0.003104 -0.005297 0.042284 -0.224339 40.7944869931 -218.6008198897 49.26127
S062 26APR14 2026.2834 61144 2414 2 141.4 -69 -0.194941 4517751 -0.321822 49 0.261063 0.0000 0.000691 0.000936 0.003064 -0.002245 0.023702 -0.231346 40.7944870071 -218.6008198844 49.26106
S062 26APR15 2026.2861 61145 2414 3 141.4 -69 -0.194815 4517751 -0.324660 49 0.258856 0.0000 0.000714 0.000927 0.003077 -0.048806 0.115186 -0.220416 40.7944869815 -218.6008198829 49.25886
S062 26APR16 2026.2888 61146 2414 4 141.4 -69 -0.193961 4517751 -0.323364 49 0.254771 0.0000 0.000693 0.000918 0.002994 -0.054402 0.070793 -0.208593 40.7944869932 -218.6008198728 49.25477
S062 26APR17 2026.2916 61147 2414 5 141.4 -69 -0.193199 4517751 -0.325770 49 0.258840 0.0000 0.000713 0.000932 0.003111 0.006947 0.014749 -0.242971 40.7944869715 -218.6008198637 49.25884
S062 26APR18 2026.2943 61148 2414 6 141.4 -69 -0.193772 4517751 -0.323647 49 0.255928 0.0000 0.000728 0.000954 0.003230 0.003276 0.036765 -0.213581 40.7944869906 -218.6008198705 49.25593
S062 26APR19 2026.2971 61149 2415 0 141.4 -69 -0.194415 4517751 -0.321736 49 0.255209 0.0000 0.000717 0.000968 0.003296 -0.017529 0.034090 -0.256314 40.7944870078 -218.6008198782 49.25521
S062 26APR20 2026.2998 61150 2415 1 141.4 -69 -0.185322 4517751 -0.329490 49 0.254223 0.0000 0.000707 0.000959 0.003150 -0.055835 0.046314 -0.226022 40.7944869380 -218.6008197704 49.25422
S062 26APR21 2026.3025 61151 2415 2 141.4 -69 -0.180066 4517751 -0.333953 49 0.259060 0.0000 0.000739 0.000995 0.003371 -0.033918 0.068724 -0.217981 40.7944868978 -218.6008197081 49.25906
S062 26APR22 2026.3053 61152 2415 3 141.4 -69 -0.177940 4517751 -0.335903 49 0.261573 0.0000 0.000698 0.000951 0.003136 -0.016597 0.049530 -0.244081 40.7944868803 -218.6008196829 49.26157
S062 26APR23 2026.3080 61153 2415 4 141.4 -69 -0.178240 4517751 -0.334852 49 0.258875 0.0000 0.000707 0.000945 0.003146 -0.048904 0.079897 -0.261066 40.7944868897 -218.6008196865 49.25888
S062 26APR24 2026.3107 61154 2415 5 141.4 -69 -0.176856 4517751 -0.335638 49 0.256986 0.0000 0.000733 0.000969 0.003241 -0.015416 0.074911 -0.225963 40.7944868826 -218.6008196701 49.25699
S062 26APR25 2026.3135 61155 2415 6 141.4 -69 -0.177880 4517751 -0.334294 49 0.260707 0.0000 0.000715 0.000973 0.003226 -0.016644 0.071208 -0.257826 40.7944868947 -218.6008196822 49.26071
S062 26APR26 2026.3162 61156 2416 0 141.4 -69 -0.177348 4517751 -0.335022 49 0.264840 0.0000 0.000731 0.000997 0.003247 -0.019870 -0.008993 -0.207041 40.7944868882 -218.6008196759 49.26484
S062 26APR27 2026.3190 61157 2416 1 141.4 -69 -0.176554 4517751 -0.335459 49 0.260370 0.0000 0.000702 0.000937 0.003064 -0.016582 0.068800 -0.213483 40.7944868843 -218.6008196665 49.26037
S062 26APR28 2026.3217 61158 2416 2 141.4 -69 -0.176397 4517751 -0.334932 49 0.258157 0.0000 0.000714 0.000954 0.003185 -0.008000 0.052485 -0.258108 40.7944868890 -218.6008196647 49.25816
S062 26APR29 2026.3244 61159 2416 3 141.4 -69 -0.176716 4517751 -0.335139 49 0.259898 0.0000 0.000695 0.000937 0.003044 -0.025939 0.053738 -0.241792 40.7944868871 -218.6008196684 49.25990
S062 26APR30 2026.3272 61160 2416 4 141.4 -69 -0.175930 4517751 -0.336473 49 0.265723 0.0000 0.000720 0.000947 0.003132 -0.009890 0.052417 -0.230566 40.7944868751 -218.6008196591 49.26572
S062 26MAY01 2026.3299 61161 2416 5 141.4 -69 -0.174519 4517751 -0.337196 49 0.267439 0.0000 0.000728 0.000964 0.003213 -0.024429 0.042465 -0.247952 40.7944868686 -218.6008196424 49.26744
S062 26MAY02 2026.3326 61162 2416 6 141.4 -69 -0.174679 4517751 -0.336502 49 0.251044 0.0000 0.000720 0.000986 0.003256 0.004497 0.050058 -0.231390 40.7944868749 -218.6008196443 49.25104
S062 26MAY03 2026.3354 61163 2417 0 141.4 -69 -0.174079 4517751 -0.337265 49 0.267810 0.0000 0.000726 0.000970 0.003223 0.011566 -0.000293 -0.237447 40.7944868680 -218.6008196372 49.26781
S062 26MAY04 2026.3381 61164 2417 1 141.4 -69 -0.174567 4517751 -0.337793 49 0.255097 0.0000 0.000745 0.000988 0.003382 -0.015199 0.095978 -0.213262 40.7944868632 -218.6008196430 49.25510
S062 26MAY05 2026.3409 61165 2417 2 141.4 -69 -0.174360 4517751 -0.338738 49 0.265551 0.0000 0.000774 0.001032 0.003636 -0.014554 0.176869 -0.256645 40.7944868547 -218.6008196405 49.26555
S062 26MAY06 2026.3436 61166 2417 3 141.4 -69 -0.175625 4517751 -0.337669 49 0.260002 0.0000 0.000752 0.000989 0.003375 -0.007761 0.104160 -0.237594 40.7944868644 -218.6008196555 49.26000
S062 26MAY07 2026.3463 61167 2417 4 141.4 -69 -0.178763 4517751 -0.340236 49 0.251148 0.0000 0.000739 0.001032 0.003391 -0.010159 0.085776 -0.215292 40.7944868412 -218.6008196927 49.25115
S062 26MAY08 2026.3491 61168 2417 5 141.4 -69 -0.173164 4517751 -0.337468 49 0.265401 0.0000 0.000753 0.001018 0.003458 0.002749 0.088148 -0.225656 40.7944868662 -218.6008196263 49.26540
S062 26MAY09 2026.3518 61169 2417 6 141.4 -69 -0.175333 4517751 -0.340426 49 0.263124 0.0000 0.000737 0.000999 0.003357 -0.001016 0.057353 -0.241942 40.7944868395 -218.6008196521 49.26312
