# Time series stasiun J154
# DecimalYear East(mm) North(mm) Up(mm)
1994.743300          nan          nan          nan
1994.746100          nan          nan          nan
1994.748800          nan          nan          nan
1994.751500          nan          nan          nan
1994.754300          nan          nan          nan
1994.757000          nan          nan          nan
1994.759800          nan          nan          nan
1994.762500          nan          nan          nan
1994.765200          nan          nan          nan
1994.768000          nan          nan          nan
1994.770700          nan          nan          nan
1994.773400          nan          nan          nan
1994.776200          nan          nan          nan
1994.778900          nan          nan          nan
1994.781700          nan          nan          nan
1994.784400          nan          nan          nan
1994.787100          nan          nan          nan
1994.789900          nan          nan          nan
1994.792600          nan          nan          nan
1994.795300          nan          nan          nan
1994.798100          nan          nan          nan
1994.800800          nan          nan          nan
1994.803600          nan          nan          nan
1994.806300          nan          nan          nan
1994.809000          nan          nan          nan
1994.811800          nan          nan          nan
1994.814500          nan          nan          nan
1994.817200          nan          nan          nan
1994.820000          nan          nan          nan
1994.822700          nan          nan          nan
1994.825500          nan          nan          nan
1994.828200          nan          nan          nan
1994.830900          nan          nan          nan
1994.833700          nan          nan          nan
1994.836400          nan          nan          nan
1994.839200          nan          nan          nan
1994.841900          nan          nan          nan
1994.844600          nan          nan          nan
1994.847400          nan          nan          nan
1994.850100          nan          nan          nan
1994.852800          nan          nan          nan
1994.855600          nan          nan          nan
1994.858300          nan          nan          nan
1994.861100          nan          nan          nan
1994.863800          nan          nan          nan
1994.866500          nan          nan          nan
1994.869300          nan          nan          nan
1994.872000          nan          nan          nan
1994.874700          nan          nan          nan
1994.880200          nan          nan          nan
1994.883000          nan          nan          nan
1994.885700          nan          nan          nan
1994.888400          nan          nan          nan
1994.891200          nan          nan          nan
1994.893900          nan          nan          nan
1994.896600          nan          nan          nan
1994.899400          nan          nan          nan
1994.902100          nan          nan          nan
1994.904900          nan          nan          nan
1994.907600          nan          nan          nan
1994.910300          nan          nan          nan
1994.913100          nan          nan          nan
1994.915800          nan          nan          nan
1994.918500          nan          nan          nan
1994.921300          nan          nan          nan
1994.924000          nan          nan          nan
1994.926800          nan          nan          nan
1994.929500          nan          nan          nan
1994.932200          nan          nan          nan
1994.935000          nan          nan          nan
1994.937700          nan          nan          nan
1994.940500          nan          nan          nan
1994.943200          nan          nan          nan
1994.945900          nan          nan          nan
1994.948700          nan          nan          nan
1994.951400          nan          nan          nan
1994.954100          nan          nan          nan
1994.956900          nan          nan          nan
1994.959600          nan          nan          nan
1994.962400          nan          nan          nan
1994.965100          nan          nan          nan
1994.967800          nan          nan          nan
1994.970600          nan          nan          nan
1994.973300          nan          nan          nan
1994.976000          nan          nan          nan
1994.978800          nan          nan          nan
1994.981500          nan          nan          nan
1994.984300          nan          nan          nan
1994.987000          nan          nan          nan
1994.989700          nan          nan          nan
1994.992500          nan          nan          nan
1994.995200          nan          nan          nan
1994.997900          nan          nan          nan
1995.000700          nan          nan          nan
1995.003400          nan          nan          nan
1995.006200          nan          nan          nan
1995.008900          nan          nan          nan
1995.011600          nan          nan          nan
1995.014400          nan          nan          nan
1995.017100          nan          nan          nan
1995.019800          nan          nan          nan
1995.022600          nan          nan          nan
1995.025300          nan          nan          nan
1995.028100          nan          nan          nan
1995.030800          nan          nan          nan
1995.033500          nan          nan          nan
1995.036300          nan          nan          nan
1995.039000          nan          nan          nan
1995.041800          nan          nan          nan
1995.044500          nan          nan          nan
1995.047200          nan          nan          nan
1995.050000          nan          nan          nan
1995.052700          nan          nan          nan
1995.055400          nan          nan          nan
1995.058200          nan          nan          nan
1995.060900          nan          nan          nan
1995.063700          nan          nan          nan
1995.066400          nan          nan          nan
1995.069100          nan          nan          nan
1995.071900          nan          nan          nan
1995.074600          nan          nan          nan
1995.077300          nan          nan          nan
1995.080100          nan          nan          nan
1995.082800          nan          nan          nan
1995.085600          nan          nan          nan
1995.088300          nan          nan          nan
1995.091000          nan          nan          nan
1995.093800          nan          nan          nan
1995.096500          nan          nan          nan
1995.099200          nan          nan          nan
1995.102000          nan          nan          nan
1995.104700          nan          nan          nan
1995.107500          nan          nan          nan
1995.110200          nan          nan          nan
1995.112900          nan          nan          nan
1995.115700          nan          nan          nan
1995.118400          nan          nan          nan
1995.121100          nan          nan          nan
1995.123900          nan          nan          nan
1995.126600          nan          nan          nan
1995.129400          nan          nan          nan
1995.132100          nan          nan          nan
1995.134800          nan          nan          nan
1995.137600          nan          nan          nan
1995.140300          nan          nan          nan
1995.143100          nan          nan          nan
1995.145800          nan          nan          nan
1995.148500          nan          nan          nan
1995.151300          nan          nan          nan
1995.154000          nan          nan          nan
1995.156700          nan          nan          nan
1995.159500          nan          nan          nan
1995.162200          nan          nan          nan
1995.165000          nan          nan          nan
1995.167700          nan          nan          nan
1995.170400          nan          nan          nan
1995.173200          nan          nan          nan
1995.175900          nan          nan          nan
1995.178600          nan          nan          nan
1995.181400          nan          nan          nan
1995.184100          nan          nan          nan
1995.186900          nan          nan          nan
1995.189600          nan          nan          nan
1995.192300          nan          nan          nan
1995.195100          nan          nan          nan
1995.197800          nan          nan          nan
1995.200500          nan          nan          nan
1995.203300          nan          nan          nan
1995.206000          nan          nan          nan
1995.208800          nan          nan          nan
1995.211500          nan          nan          nan
1995.214200          nan          nan          nan
1995.217000          nan          nan          nan
1995.219700          nan          nan          nan
1995.222500          nan          nan          nan
1995.225200          nan          nan          nan
1995.227900          nan          nan          nan
1995.230700          nan          nan          nan
1995.233400          nan          nan          nan
1995.236100          nan          nan          nan
1995.238900          nan          nan          nan
1995.241600          nan          nan          nan
1995.244400          nan          nan          nan
1995.247100          nan          nan          nan
1995.249800          nan          nan          nan
1995.252600          nan          nan          nan
1995.255300          nan          nan          nan
1995.258000          nan          nan          nan
1995.260800          nan          nan          nan
1995.263500          nan          nan          nan
1995.266300          nan          nan          nan
1995.269000          nan          nan          nan
1995.271700          nan          nan          nan
1995.274500          nan          nan          nan
1995.277200          nan          nan          nan
1995.279900          nan          nan          nan
1995.282700          nan          nan          nan
1995.285400          nan          nan          nan
1995.288200          nan          nan          nan
1995.290900          nan          nan          nan
1995.293600          nan          nan          nan
1995.296400          nan          nan          nan
1995.299100          nan          nan          nan
1995.301800          nan          nan          nan
1995.304600          nan          nan          nan
1995.307300          nan          nan          nan
1995.310100          nan          nan          nan
1995.312800          nan          nan          nan
1995.315500          nan          nan          nan
1995.318300          nan          nan          nan
1995.321000          nan          nan          nan
1995.323800          nan          nan          nan
1995.326500          nan          nan          nan
1995.329200          nan          nan          nan
1995.332000          nan          nan          nan
1995.334700          nan          nan          nan
1995.337400          nan          nan          nan
1995.340200          nan          nan          nan
1995.342900          nan          nan          nan
1995.348400          nan          nan          nan
1995.351100          nan          nan          nan
1995.353900          nan          nan          nan
1995.356600          nan          nan          nan
1995.359300          nan          nan          nan
1995.362100          nan          nan          nan
1995.364800          nan          nan          nan
1995.367600          nan          nan          nan
1995.370300          nan          nan          nan
1995.373000          nan          nan          nan
1995.375800          nan          nan          nan
1995.378500          nan          nan          nan
1995.381200          nan          nan          nan
1995.384000          nan          nan          nan
1995.386700          nan          nan          nan
1995.389500          nan          nan          nan
1995.392200          nan          nan          nan
1995.394900          nan          nan          nan
1995.397700          nan          nan          nan
1995.400400          nan          nan          nan
1995.403100          nan          nan          nan
1995.405900          nan          nan          nan
1995.408600          nan          nan          nan
1995.411400          nan          nan          nan
1995.414100          nan          nan          nan
1995.416800          nan          nan          nan
1995.419600          nan          nan          nan
1995.422300          nan          nan          nan
1995.425100          nan          nan          nan
1995.427800          nan          nan          nan
1995.430500          nan          nan          nan
1995.433300          nan          nan          nan
1995.436000          nan          nan          nan
1995.438700          nan          nan          nan
1995.441500          nan          nan          nan
1995.444200          nan          nan          nan
1995.447000          nan          nan          nan
1995.449700          nan          nan          nan
1995.452400          nan          nan          nan
1995.455200          nan          nan          nan
1995.457900          nan          nan          nan
1995.460600          nan          nan          nan
1995.463400          nan          nan          nan
1995.466100          nan          nan          nan
1995.468900          nan          nan          nan
1995.471600          nan          nan          nan
1995.474300          nan          nan          nan
1995.479800          nan          nan          nan
1995.482500          nan          nan          nan
1995.485300          nan          nan          nan
1995.488000          nan          nan          nan
1995.490800          nan          nan          nan
1995.493500          nan          nan          nan
1995.496200          nan          nan          nan
1995.499000          nan          nan          nan
1995.501700          nan          nan          nan
1995.504400          nan          nan          nan
1995.507200          nan          nan          nan
1995.509900          nan          nan          nan
1995.512700          nan          nan          nan
1995.515400          nan          nan          nan
1995.518100          nan          nan          nan
1995.520900          nan          nan          nan
1995.523600          nan          nan          nan
1995.526400          nan          nan          nan
1995.529100          nan          nan          nan
1995.531800          nan          nan          nan
1995.534600          nan          nan          nan
1995.537300          nan          nan          nan
1995.540000          nan          nan          nan
1995.542800          nan          nan          nan
1995.545500          nan          nan          nan
1995.548300          nan          nan          nan
1995.551000          nan          nan          nan
1995.553700          nan          nan          nan
1995.556500          nan          nan          nan
1995.559200          nan          nan          nan
1995.561900          nan          nan          nan
1995.564700          nan          nan          nan
1995.567400          nan          nan          nan
1995.570200          nan          nan          nan
1995.572900          nan          nan          nan
1995.575600          nan          nan          nan
1995.578400          nan          nan          nan
1995.581100          nan          nan          nan
1995.583800          nan          nan          nan
1995.586600          nan          nan          nan
1995.589300          nan          nan          nan
1995.592100          nan          nan          nan
1995.594800          nan          nan          nan
1995.597500          nan          nan          nan
1995.600300          nan          nan          nan
1995.603000          nan          nan          nan
1995.605700          nan          nan          nan
1995.608500          nan          nan          nan
1995.611200          nan          nan          nan
1995.614000          nan          nan          nan
1995.616700          nan          nan          nan
1995.619400          nan          nan          nan
1995.622200          nan          nan          nan
1995.624900          nan          nan          nan
1995.633100          nan          nan          nan
1995.635900          nan          nan          nan
1995.638600          nan          nan          nan
1995.641300          nan          nan          nan
1995.644100          nan          nan          nan
1995.646800          nan          nan          nan
1995.649600          nan          nan          nan
1995.652300          nan          nan          nan
1995.655000          nan          nan          nan
1995.657800          nan          nan          nan
1995.660500          nan          nan          nan
1995.663200          nan          nan          nan
1995.666000          nan          nan          nan
1995.668700          nan          nan          nan
1995.671500          nan          nan          nan
1995.674200          nan          nan          nan
1995.676900          nan          nan          nan
1995.679700          nan          nan          nan
1995.682400          nan          nan          nan
1995.685100          nan          nan          nan
1995.687900          nan          nan          nan
1995.690600          nan          nan          nan
1995.693400          nan          nan          nan
1995.696100          nan          nan          nan
1995.698800          nan          nan          nan
1995.701600          nan          nan          nan
1995.704300          nan          nan          nan
1995.707000          nan          nan          nan
1995.709800          nan          nan          nan
1995.712500          nan          nan          nan
1995.715300          nan          nan          nan
1995.718000          nan          nan          nan
1995.720700          nan          nan          nan
1995.723500          nan          nan          nan
1995.726200          nan          nan          nan
1995.729000          nan          nan          nan
1995.731700          nan          nan          nan
1995.734400          nan          nan          nan
1995.737200          nan          nan          nan
1995.739900          nan          nan          nan
1995.742600          nan          nan          nan
1995.745400          nan          nan          nan
1995.748100          nan          nan          nan
1995.750900          nan          nan          nan
1995.753600          nan          nan          nan
1995.756300          nan          nan          nan
1995.759100          nan          nan          nan
1995.761800          nan          nan          nan
1995.764500          nan          nan          nan
1995.767300          nan          nan          nan
1995.770000          nan          nan          nan
1995.772800          nan          nan          nan
1995.775500          nan          nan          nan
1995.778200          nan          nan          nan
1995.781000          nan          nan          nan
1995.783700          nan          nan          nan
1995.786400          nan          nan          nan
1995.789200          nan          nan          nan
1995.791900          nan          nan          nan
1995.794700          nan          nan          nan
1995.797400          nan          nan          nan
1995.800100          nan          nan          nan
1995.802900          nan          nan          nan
1995.805600          nan          nan          nan
1995.808400          nan          nan          nan
1995.811100          nan          nan          nan
1995.813800          nan          nan          nan
1995.816600          nan          nan          nan
1995.819300          nan          nan          nan
1995.822000          nan          nan          nan
1995.824800          nan          nan          nan
1995.827500          nan          nan          nan
1995.830300          nan          nan          nan
1995.833000          nan          nan          nan
1995.835700          nan          nan          nan
1995.838500          nan          nan          nan
1995.841200          nan          nan          nan
1995.843900          nan          nan          nan
1995.846700          nan          nan          nan
1995.849400          nan          nan          nan
1995.852200          nan          nan          nan
1995.854900          nan          nan          nan
1995.857600          nan          nan          nan
1995.860400          nan          nan          nan
1995.863100          nan          nan          nan
1995.865800          nan          nan          nan
1995.868600          nan          nan          nan
1995.871300          nan          nan          nan
1995.874100          nan          nan          nan
1995.876800          nan          nan          nan
1995.879500          nan          nan          nan
1995.882300          nan          nan          nan
1995.885000          nan          nan          nan
1995.887700          nan          nan          nan
1995.890500          nan          nan          nan
1995.893200          nan          nan          nan
1995.896000          nan          nan          nan
1995.898700          nan          nan          nan
1995.901400          nan          nan          nan
1995.904200          nan          nan          nan
1995.906900          nan          nan          nan
1995.909700          nan          nan          nan
1995.912400          nan          nan          nan
1995.915100          nan          nan          nan
1995.917900          nan          nan          nan
1995.920600          nan          nan          nan
1995.923300          nan          nan          nan
1995.926100          nan          nan          nan
1995.928800          nan          nan          nan
1995.931600          nan          nan          nan
1995.934300          nan          nan          nan
1995.937000          nan          nan          nan
1995.939800          nan          nan          nan
1995.942500          nan          nan          nan
1995.945200          nan          nan          nan
1995.948000          nan          nan          nan
1995.950700          nan          nan          nan
1995.953500          nan          nan          nan
1995.956200          nan          nan          nan
1995.958900          nan          nan          nan
1995.961700          nan          nan          nan
1995.964400          nan          nan          nan
1995.967100          nan          nan          nan
1995.969900          nan          nan          nan
1995.972600          nan          nan          nan
1995.975400          nan          nan          nan
1995.978100          nan          nan          nan
1995.980800          nan          nan          nan
1995.983600          nan          nan          nan
1995.986300          nan          nan          nan
1995.989000          nan          nan          nan
1995.991800          nan          nan          nan
1995.994500          nan          nan          nan
1995.997300          nan          nan          nan
1996.000000          nan          nan          nan
1996.002700          nan          nan          nan
1996.005500          nan          nan          nan
1996.008200          nan          nan          nan
1996.011000          nan          nan          nan
1996.013700          nan          nan          nan
1996.016400          nan          nan          nan
1996.019200          nan          nan          nan
1996.021900          nan          nan          nan
1996.024600          nan          nan          nan
1996.027400          nan          nan          nan
1996.030100          nan          nan          nan
1996.032900          nan          nan          nan
1996.035600          nan          nan          nan
1996.038300          nan          nan          nan
1996.041100          nan          nan          nan
1996.043800          nan          nan          nan
1996.046500          nan          nan          nan
1996.049300          nan          nan          nan
1996.052000          nan          nan          nan
1996.054800          nan          nan          nan
1996.057500          nan          nan          nan
1996.060200          nan          nan          nan
1996.063000          nan          nan          nan
1996.065700          nan          nan          nan
1996.068400          nan          nan          nan
1996.071200          nan          nan          nan
1996.073900          nan          nan          nan
1996.076700          nan          nan          nan
1996.079400          nan          nan          nan
1996.082100          nan          nan          nan
1996.084900          nan          nan          nan
1996.087600          nan          nan          nan
1996.090300          nan          nan          nan
1996.093100          nan          nan          nan
1996.095800          nan          nan          nan
1996.098600          nan          nan          nan
1996.101300          nan          nan          nan
1996.104000          nan          nan          nan
1996.106800          nan          nan          nan
1996.109500          nan          nan          nan
1996.112300          nan          nan          nan
1996.115000          nan          nan          nan
1996.117700          nan          nan          nan
1996.120500          nan          nan          nan
1996.123200          nan          nan          nan
1996.125900          nan          nan          nan
1996.128700          nan          nan          nan
1996.131400          nan          nan          nan
1996.134200          nan          nan          nan
1996.136900          nan          nan          nan
1996.139600          nan          nan          nan
1996.142400          nan          nan          nan
1996.145100          nan          nan          nan
1996.147800          nan          nan          nan
1996.150600          nan          nan          nan
1996.153300          nan          nan          nan
1996.156100          nan          nan          nan
1996.158800          nan          nan          nan
1996.161500          nan          nan          nan
1996.164300          nan          nan          nan
1996.167000          nan          nan          nan
1996.169700          nan          nan          nan
1996.172500          nan          nan          nan
1996.175200          nan          nan          nan
1996.178000          nan          nan          nan
1996.180700          nan          nan          nan
1996.183400          nan          nan          nan
1996.186200          nan          nan          nan
1996.188900          nan          nan          nan
1996.191600          nan          nan          nan
1996.194400          nan          nan          nan
1996.197100          nan          nan          nan
1996.199900          nan          nan          nan
1996.202600          nan          nan          nan
1996.205300          nan          nan          nan
1996.208100          nan          nan          nan
1996.210800          nan          nan          nan
1996.213600          nan          nan          nan
1996.216300          nan          nan          nan
1996.219000       3.2059     997.4377     278.1129
1996.221800       6.3849     997.2491     343.3054
1996.224500       6.3395     997.0962     342.8393
1996.227200       6.2131     996.9397     341.5403
1996.230000       6.0118     996.7763     339.4728
1996.232700       5.7650     996.6205     336.9379
1996.235500       5.4701     996.4637     333.9092
1996.238200       5.1631     996.3199     330.7563
1996.240900       4.8487     996.1860     327.5263
1996.243700       4.5301     996.0607     324.2543
1996.246400       4.2452     995.9555     321.3276
1996.249100       3.9967     995.8686     318.7760
1996.251900       3.7932     995.8005     316.6853
1996.254600       3.6640     995.7589     315.3583
1996.257400       3.6153     995.7437     314.8581
1996.260100       8.5624     996.2188     315.8676
1996.262800       4.0614     992.8170     306.7671
1996.265600       6.0342     990.9452     275.9374
1996.268300       2.3300     991.1160     247.6265
1996.271000       4.2824     994.3105     296.3542
1996.273800       4.7456     994.2196     306.4188
1996.276500       8.1350     992.2095     290.4134
1996.279300       6.7592     993.7307     272.0963
1996.282000       4.7187     994.3431     272.6919
1996.284700       6.9664     992.2075     306.5803
1996.287500       7.0316     991.4361     275.7507
1996.290200       6.9721     996.6051     355.6312
1996.293000       1.5667     991.2899     272.0560
1996.295700       5.8360     991.0479     274.7462
1996.298400       6.7551     992.7310     309.3715
1996.301200       7.1523     992.4643     274.6907
1996.303900       3.8861     991.0993     297.3284
1996.306600       6.1965     990.9007     291.7258
1996.309400       5.9111     990.0048     297.1063
1996.312100       5.4234     990.1905     306.8731
1996.314900       6.9876     990.7091     294.0577
1996.317600       3.9423     994.0408     343.5123
1996.320300      13.1996     991.8579     324.0343
1996.323100       6.7747     989.7579     296.7379
1996.325800       4.5426     989.2185     205.6824
1996.328500       4.3338     991.9023     298.3278
1996.331300       6.0946     994.3826     296.8338
1996.334000       3.8624     992.5345     271.1071
1996.336800       4.4039     990.3219     294.3605
1996.339500       6.5350     993.0955     307.2870
1996.342200       6.1304     992.3093     285.2600
1996.345000       5.1273     994.6424     231.7523
1996.347700       2.9547     993.2002     305.1973
1996.350400       4.7514     989.4596     290.4538
1996.353200       3.5158     989.2837     287.2739
1996.355900       5.0621     992.3606     268.1442
1996.358700       1.8790     994.5159     263.2381
1996.361400       7.6849     996.6989     282.5899
1996.364100       6.5708     993.2506     278.0775
1996.366900       4.2009     993.6576     266.9581
1996.369600       2.4874     995.5926     239.4597
1996.372300       1.7648     989.7401     280.2782
1996.375100       5.2872     991.0400     221.0518
1996.377800       7.9874     993.1192     289.2879
1996.380600      10.0711     995.9798     206.4546
1996.383300       6.2471     989.5445     337.7280
1996.386000       5.9934     989.1840     275.7053
1996.388800       6.6214     991.6485     316.2108
1996.391500       6.3784     991.6366     273.1008
1996.394300       5.9633     993.3267     316.6853
1996.397000       4.0011     991.7166     260.0482
1996.399700       4.0348     990.4470     286.0012
1996.402500       4.0704     989.4527     313.4095
1996.405200       3.1994     988.8916     276.6491
1996.407900       0.4869     992.4732     262.4356
1996.410700       3.5753     986.3382     333.0036
1996.413400       2.0332     991.5181     296.6369
1996.416200       5.6321     990.5688     328.8546
1996.418900       4.3607     989.2986     344.1836
1996.421600       2.5853     988.6565     351.5226
1996.424400       0.0000     992.6184     319.9257
1996.427100       4.3452     989.5297     293.0280
1996.429800       2.1106     989.4793     276.3412
1996.432600       3.7662     993.3237     265.6407
1996.435300       4.1054     990.0542     302.3052
1996.438100       4.0908     992.7439     268.5379
1996.440800       2.0225     990.4029     315.4385
1996.443500       2.9074     989.2077     241.6654
1996.446300       4.4537     992.3478     228.2595
1996.449000       4.2620     986.5032     341.8366
1996.451700       2.7614     987.4416     383.4475
1996.454500       5.9755     992.6965     377.9307
1996.457200       5.1061     993.7959     332.3726
1996.460000       4.0402     992.1354     301.1089
1996.462700       5.6966     989.8813     353.9100
1996.465400       2.6415     994.2206     321.0008
1996.468200       2.6473     993.0313     309.8965
1996.470900       5.9861     995.1125     308.0390
1996.473600       5.3279     992.0090     312.0467
1996.476400       5.9233     991.9053     301.1745
1996.479100       5.2407     993.7514     303.1178
1996.481900       2.6383     991.5793     335.1487
1996.484600       6.5741     990.8256     319.3452
1996.487300       3.0469     992.3764     333.5487
1996.490100       3.5044     991.1733     381.2922
1996.492800       4.8818     990.7516     316.5338
1996.495600       5.6379     992.4337     361.9657
1996.498300       4.5662     991.6307     295.4306
1996.501000       5.1860     994.3194     359.6640
1996.503800       5.0246     994.1791     320.0923
1996.506500       7.9907     993.8344     283.9628
1996.509200       2.7671     997.2550     369.4005
1996.512000       7.1654     993.0698     332.2414
1996.514700       5.3385     989.9120     330.1467
1996.517500      10.1168     991.1585     355.8431
1996.520200       7.8708     990.7723     324.9277
1996.522900       6.9598     995.5600     356.1763
1996.525700       2.8356     996.1774     264.6211
1996.528400       4.5956     991.5605     345.3950
1996.531100       6.6907     991.8500     355.6463
1996.533900       3.5183     993.7771     285.2701
1996.536600       4.6535     993.6981     316.5591
1996.539400       5.0637     996.3739     279.0164
1996.542100       3.6080     992.3922     308.4378
1996.544800       6.6924     991.7729     339.8580
1996.547600       3.6708     995.4928     253.0070
1996.550300       3.4008     993.3632     303.4812
1996.553000       4.8288     992.8575     390.7814
1996.555800       7.5503     997.6462     351.2147
1996.558500       9.1447    1000.0000     381.0903
1996.561300       5.3744     993.9895     358.9372
1996.564000       9.9733     990.9116     293.7952
1996.566700       7.8439     989.5524     334.4068
1996.569500       7.2404     994.5031     366.8869
1996.572200       7.5886     992.6234     404.7072
1996.574900       7.5462     993.7810     348.5244
1996.577700       8.6505     990.9096     323.3378
1996.580400       6.2691     993.9401     309.3514
1996.583200       5.2684     995.4632     204.2439
1996.585900       8.0192     994.0724     292.7100
1996.588600       8.2142     994.3431     329.0060
1996.591400       5.1020     995.0918     335.5071
1996.594100       9.0313     994.4112     260.7296
1996.596900       6.5684     997.8338     269.6988
1996.599600       7.6319     996.5952     379.1622
1996.602300      10.6306     998.9263     322.6765
1996.605100       9.7286     991.2672     318.0077
1996.607800       8.1383     993.2852     323.9788
1996.610500       3.8037     991.8075     325.8867
1996.613300       8.4874     995.1422     362.6067
1996.616000       7.0805     998.9461     287.9049
1996.618800       7.5731     993.2032     373.5142
1996.621500       6.1484     992.6273     312.1274
1996.624200       6.4852     993.0007     319.2594
1996.627000       6.6687     995.0691     291.0191
1996.629700       9.2344     993.9559     264.3385
1996.632400       5.9045     996.0233     288.9396
1996.635200       6.2202     993.4798     303.4408
1996.637900       7.6229     990.7585     374.4076
1996.640700       9.9186     990.9234     311.0574
1996.643400       6.3286     992.0515     309.0435
1996.646100      11.3980     988.9440     268.8609
1996.648900       5.4959     991.8292     323.1661
1996.651600       6.6687     990.2211     308.8365
1996.654300       5.9314     989.0872     386.2185
1996.657100       4.4667     993.6516     311.3754
1996.659800       9.2442     990.7822     328.8697
1996.662600       7.0329     990.1688     328.2367
1996.665300       4.2702     989.9633     326.3612
1996.668000       3.2981     995.8069     310.7192
1996.670800      11.3295     998.5727     303.1228
1996.673500       6.8098     993.7484     278.0876
1996.676200       7.5397     989.0447     301.8206
1996.679000       8.8584     992.5335     248.9337
1996.681700       8.1489     994.8547     379.8083
1996.684500       6.1998     991.2089     259.0488
1996.687200       9.1088     993.3800     326.3561
1996.689900       5.5726     989.4280     240.0200
1996.692700       6.7903     991.5517     248.7076
1996.695400       7.9434     993.5627     256.9339
1996.698200       7.6987     992.3270     224.9585
1996.700900       9.7245     997.1059     274.6251
1996.703600       7.0536     993.7593     254.4001
1996.706400       6.2560     992.0524     297.2830
1996.709100       8.4278     992.9029     275.4680
1996.711800       9.4375     989.8813     270.0168
1996.714600       8.9008     993.5805     291.4784
1996.717300      10.9568     991.9339     324.5088
1996.720100      12.1173     985.0235     248.8479
1996.722800      11.5758     995.1372     227.3510
1996.725500      10.3925     989.1316     307.4990
1996.728300       9.6520     989.4527     272.3134
1996.731000      12.8342     992.8031     267.3770
1996.733700      14.2378     997.8240     278.0977
1996.736500      11.4192     992.7192     271.2080
1996.739200      10.5597     994.4359     252.9061
1996.742000      12.2177     989.9762     245.1128
1996.744700      11.0237     990.9708     282.6606
1996.747400      11.5872     992.1631     256.7269
1996.750200      15.0313     994.1445     301.6591
1996.752900      10.0206     990.4849     319.8147
1996.755600      12.9777     989.8566     297.0205
1996.758400       8.1636     987.5068     246.9148
1996.761100      14.8404     996.6831     216.8321
1996.763900      11.6443     991.5526     291.1453
1996.766600      10.8133     991.9507     258.9024
1996.769300      11.0604     993.9006     266.3271
1996.772100      10.5523     993.3385     317.0386
1996.774800      11.6394     991.4124     237.7991
1996.777500      11.6892     992.9227     276.9772
1996.780300      13.0528     991.8292     306.9841
1996.783000      12.2005     996.4233     205.5562
1996.785800      12.2185     989.6216     251.5029
1996.788500      12.3351     991.0775     264.9139
1996.791200      10.0540     990.8819     317.6695
1996.794000      12.3155     991.7630     262.0722
1996.796700      11.3483     992.1344     248.9691
1996.799500      12.5316     991.8292     300.8162
1996.802200      11.6288     993.5203     303.8295
1996.804900      11.9763     992.9572     267.4830
1996.807700      12.2984     992.7103     232.3479
1996.810400      13.6457     994.5238     245.8699
1996.813100      12.2772     992.7468     307.1507
1996.815900       9.4995     990.7348     324.2968
1996.818600      14.3487     990.5619     331.0351
1996.821400      14.0534     990.3624     317.2152
1996.824100      14.2622     991.7808     326.3309
1996.826800      13.6677     988.5548     328.9202
1996.829600      14.8992     993.5193     315.0701
1996.832300      14.8217     993.3178     315.3830
1996.835000      14.1619     991.1111     305.1368
1996.837800      12.5895     989.0526     224.0802
1996.840500      12.2666     988.1241     299.4635
1996.843300      14.9473     989.6374     266.8521
1996.846000      11.6517     989.6848     285.0228
1996.848700      12.7306     992.9740     272.9746
1996.851500      11.7724     988.2387     298.7720
1996.854200      12.8986     990.4809     300.7455
1996.856900      14.5999     993.4709     346.3691
1996.859700      13.0250     990.1678     286.2443
1996.862400      15.0036     992.1878     312.5363
1996.865200      16.1975     990.5906     319.1434
1996.867900      14.2378     994.0112     314.6360
1996.870600      13.7134     989.7529     305.1216
1996.873400      13.2877     988.1449     330.0710
1996.876100      13.8251     988.6338     335.7039
1996.878900      13.1066     991.2514     321.8690
1996.881600      15.9129     991.8845     308.2914
1996.884300      16.2685     986.7679     263.8943
1996.887100      15.4986     988.6219     285.8506
1996.889800      17.2096     994.3362     341.7861
1996.892500      16.4144     993.3622     333.1802
1996.895300      14.8641     991.4084     270.6528
1996.898000      17.7674     989.4843     292.8816
1996.900800      15.9480     993.9045     292.2709
1996.903500      14.5893     995.6173     328.0218
1996.906200      16.7562     991.8371     310.6637
1996.909000      16.4984     986.6839     280.2176
1996.911700      17.0237     988.4540     309.6794
1996.914400      14.4400     994.6078     314.5401
1996.917200      18.8325     991.1200     294.5826
1996.919900      13.2020     989.2818     268.0079
1996.922700      14.3006     988.4204     290.2368
1996.925400      13.1555     990.0078     256.5452
1996.928100      15.3551     987.8544     270.9758
1996.930900      13.6171     985.3594     279.4050
1996.933600      18.9867     991.5428     277.4163
1996.936300      15.0019     987.7438     300.5133
1996.939100      14.5787     985.7910     317.9976
1996.941800      14.7059     987.8337     314.1464
1996.944600      18.2445     988.8768     282.5798
1996.947300      17.0179     990.2419     250.5994
1996.950000      15.7441     990.0967     263.8791
1996.952800      17.7120     992.4525     259.9371
1996.955500      16.6795     993.5558     272.3941
1996.958200      18.1891     991.8786     231.1062
1996.961000      12.9900     992.5957     259.0084
1996.963700      15.7302     992.7913     273.0654
1996.966500      12.0855     989.0457     283.4076
1996.969200      13.4483     990.8918     277.2750
1996.971900      15.7726     991.9418     299.4736
1996.974700      16.3166     987.4791     322.4242
1996.977400      12.9810     988.4550     305.9191
1996.980200      17.0816     988.4441     270.4610
1996.982900      14.6007     992.2144     284.0941
1996.985600      13.2950     991.9517     247.0813
1996.988400      14.2166     991.0350     287.4456
1996.991100      13.0479     990.9481     260.6437
1996.993800      12.6483     990.7684     256.4342
1996.996600      14.2900     993.2743     276.3967
1996.999300      11.6818     994.9486     266.9076
1997.002100      13.2412     994.2779     234.5991
1997.004800      12.3963     990.8898     307.0245
1997.007500      12.6458     984.5326     313.8587
1997.010300      14.5183     992.3142     229.3901
1997.013000      14.7891     987.3922     235.0483
1997.015700      17.6867     993.6210     254.4001
1997.018500      15.1561     995.5155     228.2645
1997.021200      15.7881     995.2775     228.0727
1997.024000      14.9530     989.9465     260.8053
1997.026700      17.2553     989.1771     258.9731
1997.029400      14.7719     992.5710     262.5769
1997.032200      13.9221     997.7864     247.2176
1997.034900      15.1275     990.9066     257.0904
1997.037600      14.2655     994.7698     303.2692
1997.040400      14.3886     988.3088     314.8581
1997.043100      12.2927     992.3310     257.3579
1997.045900      15.4692     989.7490     316.5036
1997.048600      17.9770     987.5324     308.2157
1997.051300      15.6168     986.1110     334.1847
1997.054100      13.2346     991.2514     255.7679
1997.056800      12.8024     987.2677     253.9963
1997.059500      13.9303     993.8907     264.7170
1997.062300      11.4250     994.4784     263.3542
1997.065000      14.8535     989.9031     285.1288
1997.067800      12.0896     989.5109     327.8703
1997.070500      12.7217     989.3855     393.7543
1997.073200      13.2616     991.3600     316.5389
1997.076000      12.4003     993.4422     283.7912
1997.078700      13.0601     992.8190     259.4374
1997.081500      14.2900     988.0797     275.0794
1997.084200      13.1188     985.8414     299.7814
1997.086900      15.3216     986.3748     273.5853
1997.089700      15.1585     988.3770     290.3932
1997.092400      14.5460     988.9380     276.1696
1997.095100      16.1396     990.8681     259.2961
1997.097900      12.9680     986.0577     277.9766
1997.100600      14.7516     988.3424     271.6269
1997.103400      12.1712     987.8456     297.2779
1997.106100      10.3435     987.2164     288.6468
1997.108800      10.6078     987.9345     279.6877
1997.111600      12.6181     988.3799     297.6212
1997.114300      10.1535     986.2849     264.5000
1997.117000       8.9971     993.2743     288.5610
1997.119800       9.6772     987.6687     306.9135
1997.122500       9.0917     987.2539     282.6253
1997.125300      11.8776     986.9823     269.9411
1997.128000      12.8660     987.6292     275.3065
1997.130700      12.6442     987.6687     260.3207
1997.133500       9.9676     984.6738     267.1600
1997.136200      10.5915     986.3955     267.3114
1997.138900       9.8730     987.5700     295.2085
1997.141700       7.7362     986.7383     311.5773
1997.144400      10.0614     985.1420     274.5191
1997.147200      11.5130     985.9145     272.8585
1997.149900      12.3139     982.3348     264.4546
1997.152600      10.4161     981.6592     260.0986
1997.155400      11.1787     983.8184     256.6008
1997.158100      14.2394     985.6241     304.5260
1997.160800      14.0151     982.8771     321.9194
1997.163600      11.5057     981.3362     289.5705
1997.166300      15.7229     986.6879     305.9343
1997.169100       9.4856     984.2698     280.8890
1997.171800      10.0075     987.4771     304.7380
1997.174500      12.3155     991.2593     248.0858
1997.177300      13.4084     987.9226     327.2798
1997.180000      13.2616     987.0978     284.6392
1997.182800      18.7632     987.3191     269.2849
1997.185500      14.5077     987.9700     264.9442
1997.188200      15.0264     985.0838     297.9391
1997.191000      10.4895     986.3303     264.1467
1997.193700      12.0554     987.4702     307.7008
1997.196400      12.7453     988.3296     297.7120
1997.199200      14.5860     986.3323     270.3701
1997.201900      13.9344     984.0229     262.8848
1997.204700      13.7158     984.1493     287.9200
1997.207400      12.7021     987.0326     293.1744
1997.210100      14.9987     990.3811     299.7108
1997.212900      12.5455     984.7805     265.3732
1997.215600      14.0102     984.9583     270.6225
1997.218300      12.8016     987.6065     263.4552
1997.221100      14.0461     991.1793     237.0067
1997.223800      13.4092     987.9196     297.4394
1997.226600      10.2742     980.9707     293.2703
1997.229300      14.0543     984.5198     274.7008
1997.232000      12.0374     984.2531     286.5572
1997.234800      13.7590     983.6001     250.1401
1997.237500      11.8417     985.0057     258.9377
1997.240200      15.4937     982.7457     305.6768
1997.243000      13.0675     986.8143     265.9082
1997.245700      14.2630     983.0025     287.2689
1997.248500      15.8175     983.5340     311.2744
1997.251200      14.8992     982.0948     270.3096
1997.253900      14.2630     981.8222     312.3243
1997.256700      15.4562     985.5075     293.5630
1997.259400      14.9432     983.0519     317.1345
1997.262100      14.1489     985.5342     312.7129
1997.264900      14.4376     982.2765     302.5676
1997.267600      12.4721     984.9613     324.1504
1997.270400      11.7226     983.4648     361.7991
1997.273100      10.3631     986.2306     323.4639
1997.275800      12.6572     983.3838     333.0137
1997.278600      13.1531     981.5219     288.9093
1997.281300      16.8981     984.3192     295.2640
1997.284100       9.9806     982.4938     267.5739
1997.286800      14.2606     981.8913     277.7999
1997.289500      13.0234     984.2540     254.1730
1997.292300      14.1546     982.5492     294.2999
1997.295000      14.5232     982.4277     278.7388
1997.297700      12.4941     982.7645     245.6882
1997.300500      14.1056     984.6837     263.9549
1997.303200      12.4273     984.0130     322.3182
1997.306000       9.8379     982.6914     265.2773
1997.308700      12.1695     982.8899     301.7954
1997.311400      11.9918     981.5940     235.0382
1997.314200      14.2957     981.2127     249.0852
1997.316900      12.1810     982.4889     326.1088
1997.319600      15.4529     988.2821     304.3140
1997.322400      13.8137     979.0732     292.3567
1997.325100      14.4245     979.2866     289.9794
1997.327900      12.2332     980.7020     284.7755
1997.330600      11.1835     981.0112     336.6226
1997.333300      13.2200     981.0438     254.5667
1997.336100      16.4781     981.0784     363.3840
1997.338800      13.3423     978.2030     372.7318
1997.341500      16.0042     978.2208     297.0205
1997.344300      11.9640     982.0760     226.3819
1997.347000      14.6203     982.7843     330.2477
1997.349800      11.6084     983.3226     349.0695
1997.352500      15.3126     982.4208     371.8637
1997.355200       9.5337     982.1560     334.9064
1997.358000      11.0335     981.7056     254.1124
1997.360700      13.0030     983.0045     344.6631
1997.363400      12.9052     985.1539     344.4410
1997.366200      14.0942     984.2116     367.2301
1997.368900      10.5368     985.4542     299.8067
1997.371700      12.3139     984.2511     357.8419
1997.374400      11.5644     986.9131     260.9415
1997.377100      10.1339     986.3540     330.4395
1997.379900      13.0308     987.0682     320.7535
1997.382600      11.1615     984.7035     346.0360
1997.385400      12.0635     983.6940     315.9382
1997.388100      12.2666     984.6936     275.9021
1997.390800      12.3204     986.3224     275.6800
1997.393600      13.8846     989.8379     337.8037
1997.396300       8.8438     989.1494     348.6506
1997.399000       9.7001     990.3318     350.1547
1997.401800      11.7088     986.3343     324.7258
1997.404500      11.7283     986.8548     284.4070
1997.407300      10.0206     987.6460     364.0654
1997.410000      11.0612     987.0751     314.4139
1997.412700       9.9431     989.0842     363.8938
1997.415500      10.5678     987.4939     266.9278
1997.418200      12.9565     987.6925     346.9900
1997.420900      10.0777     985.1885     278.5873
1997.423700      11.2684     984.5346     310.9110
1997.426400      11.0596     985.3129     323.8021
1997.429200      10.7847     986.3659     340.9280
1997.431900       8.2378     984.3222     304.2686
1997.434600      12.1418     984.7351     335.6333
1997.437400      10.9976     985.1292     398.2869
1997.440100       8.9579     983.0500     341.9022
1997.442800      11.2162     985.4196     309.7047
1997.445600      10.5433     983.4658     301.0080
1997.448300      10.7285     983.4451     276.4523
1997.451100      11.7838     985.6261     268.0685
1997.453800      10.0059     980.3652     306.1816
1997.456500      11.2684     983.2781     295.3145
1997.459300      12.1810     982.2973     288.7024
1997.462000      12.6311     982.9354     297.5656
1997.464800      12.3000     983.3502     277.5627
1997.467500       8.2525     981.3787     342.9318
1997.470200      10.6265     983.3690     350.1900
1997.473000      13.8210     984.4022     305.8384
1997.475700      10.6510     985.0393     338.4548
1997.478400      15.1153     979.4436     306.6813
1997.481200       9.3551     981.0912     374.3975
1997.483900       9.8314     981.1179     357.0747
1997.486700      10.9315     980.8818     364.9235
1997.489400      12.7714     982.8297     365.3272
1997.492100      10.3729     983.0855     371.3741
1997.494900       9.9350     983.4421     289.4140
1997.497600       9.9537     982.2123     322.2526
1997.500300       9.4432     980.9105     404.8586
1997.503100      11.4641     984.8536     361.2540
1997.505800      10.3900     985.1667     382.4380
1997.508600       9.8999     984.4931     392.0685
1997.511300      10.0826     984.8783     335.1235
1997.514000      12.0970     984.7647     344.3249
1997.516800       9.0362     987.2124     298.9739
1997.519500      10.7138     987.8584     288.0411
1997.522200      11.6655     986.2730     327.4615
1997.525000      11.8621     989.4210     330.1922
1997.527700      13.9947     988.9667     293.8507
1997.530500      12.8301     986.2217     337.9702
1997.533200      11.7389     984.7766     368.4819
1997.535900       9.6365     985.2151     376.9969
1997.538700      10.5988     985.3900     357.1807
1997.541400      12.4354     983.8886     322.7472
1997.544100      13.4141     986.5526     363.2225
1997.546900      12.5414     985.7693     317.5938
1997.549600      12.7127     986.1901     270.6326
1997.552400      11.5424     986.7452     322.2576
1997.555100      13.6848     986.2355     254.7534
1997.557800      10.9560     986.7966     328.5063
1997.560600       9.2581     985.6498     313.3842
1997.563300      12.6564     990.6034     333.0490
1997.566100      12.7722     983.5606     421.6514
1997.568800      12.7535     985.4206     374.1754
1997.571500      12.8383     984.7706     368.8655
1997.574300      11.9975     985.9965     343.3306
1997.577000      14.5974     987.8406     315.2215
1997.579700      13.2632     987.6717     311.8751
1997.582500      13.7484     989.1860     288.6519
1997.585200      12.8375     986.5733     334.0030
1997.588000      12.0097     982.9048     357.7713
1997.590700      15.8697     984.6126     341.4277
1997.593400      10.1568     987.0672     355.3838
1997.596200      12.2291     987.0237     283.2259
1997.598900      12.5675     985.4897     343.6536
1997.601600      10.0336     985.9807     305.3942
1997.604400       9.9863     987.0504     315.5799
1997.607100       8.8911     987.0968     329.5158
1997.609900       8.8560     988.9785     322.2172
1997.612600       9.5027     985.2606     427.2944
1997.615300      10.1959     984.9850     312.2637
1997.618100      10.3696     984.0743     257.9686
1997.620800      10.8834     987.1907     332.1304
1997.623500      12.4713     988.5676     367.8207
1997.626300      12.7111     988.5360     255.3389
1997.629000      12.2307     986.3659     289.8835
1997.631800      12.2364     986.4242     317.0436
1997.634500      11.1909     986.6207     290.2166
1997.637200       9.5883     988.6111     327.9410
1997.640000      10.1682     986.1792     381.1560
1997.642700      12.6572     986.6760     333.1853
1997.645400      10.6013     987.3378     319.6279
1997.648200      11.8335     988.2278     275.5993
1997.650900      12.7812     987.7033     267.5991
1997.653700      14.1440     990.3189     311.3299
1997.656400       7.9776     988.0243     252.8909
1997.659100      11.4217     986.3402     352.6633
1997.661900      13.0772     986.6089     301.3562
1997.664600      12.1875     988.8037     251.0385
1997.667400      12.1010     987.4258     328.4155
1997.670100      10.7668     984.7539     367.6894
1997.672800      14.6782     985.0413     374.8063
1997.675600      11.9567     989.7026     252.1287
1997.678300      14.3356     984.6916     273.6913
1997.681000      11.5334     986.7857     300.4225
1997.683800      12.3384     985.4324     293.3712
1997.686500      14.3095     986.0863     268.4773
1997.689300      17.8457     983.9913     258.2109
1997.692000      15.6038     985.9234     288.9598
1997.694700      14.4033     987.6460     276.3362
1997.697500      15.3020     990.7842     308.4479
1997.700200      14.2688     988.5251     293.0078
1997.702900      11.3703     990.7950     347.5099
1997.705700      15.0566     990.2448     307.7917
1997.708400      15.5842     984.5188     341.2813
1997.711200      13.3692     987.3764     335.7039
1997.713900      12.4811     988.4758     337.7128
1997.716600      11.6435     987.3625     337.1525
1997.719400      15.8958     986.6168     324.3069
1997.722100      16.7146     986.3392     303.3247
1997.724800      14.6415     987.3457     308.8062
1997.727600      14.7524     985.8562     296.4098
1997.730300      12.8807     984.6195     225.7560
1997.733100      13.7101     986.9309     346.7124
1997.735800      11.1224     981.7501     308.2611
1997.738500      12.8375     986.0508     221.2032
1997.741300      13.3194     986.0247     222.1640
1997.744000      13.7309     985.9535     224.7844
1997.746700      14.0943     985.8422     228.8832
1997.749500      14.4250     985.6896     234.5007
1997.752200      14.7038     985.5118     241.0475
1997.755000      14.9561     985.3010     248.8113
1997.757700      15.1681     985.0772     257.0496
1997.760400      15.3540     984.8385     265.8416
1997.763200      15.5235     984.5802     275.3490
1997.765900      15.6691     984.3262     284.7048
1997.768700      15.8062     984.0627     294.4047
1997.771400      15.9293     983.8138     303.5680
1997.774100      16.0480     983.5751     312.3600
1997.776900      16.1709     983.3434     320.8904
1997.779600      16.2937     983.1405     328.3621
1997.782300      16.4250     982.9627     334.9090
1997.785100      16.5747     982.8101     340.5264
1997.787800      16.7367     982.6988     344.6252
1997.790600      16.9274     982.6258     347.3119
1997.793300      17.1378     982.6015     348.2064
1997.796000      17.3703     985.2497     313.3439
1997.798800      19.5429     983.8273     344.6177
1997.801500      18.7200     988.5380     348.5092
1997.804200      18.4419     985.3613     231.5857
1997.807000      20.2312     985.6972     288.4248
1997.809700      19.9833     986.6780     285.5881
1997.812500      18.1736     988.0895     363.7525
1997.815200      19.2615     983.0697     316.1099
1997.817900      18.8268     984.5543     306.7116
1997.820700      15.6519     981.9101     308.1602
1997.823400      17.6068     987.4821     314.6865
1997.826100      15.2898     981.9703     360.6836
1997.828900      13.1988     984.1276     318.9465
1997.831600      13.4173     983.7473     349.5995
1997.834400      18.1197     985.2359     297.3284
1997.837100      17.6231     984.8171     336.1481
1997.839800      21.9332     983.9340     384.5630
1997.842600      18.1287     984.1355     380.2878
1997.845300      21.5638     983.6555     275.5589
1997.848000      15.8240     985.6814     399.6295
1997.850800      17.0025     982.1758     311.0776
1997.853500      17.4738     983.2623     373.2164
1997.856300      18.4737     983.4125     319.9005
1997.859000      17.1770     983.2366     316.8468
1997.861700      21.5458     981.8034     373.9129
1997.864500      18.6653     980.8472     352.0525
1997.867200      20.2353     981.4646     265.5498
1997.870000      20.2426     983.3285     345.4909
1997.872700      19.4670     984.1819     268.6288
1997.875400      20.4498     984.6640     275.5235
1997.878200      20.1684     984.3311     374.5388
1997.880900      17.0750     982.8880     284.2455
1997.883600      20.4979     985.0838     264.0356
1997.886400      20.5321     982.0987     272.5960
1997.889100      17.8800     983.7414     303.1481
1997.891900      22.2105     983.8135     283.0644
1997.894600      18.5218     982.3457     299.3928
1997.897300      17.3417     985.5490     240.2522
1997.900100      19.8715     987.3872     296.3341
1997.902800      17.8620     984.0032     324.9731
1997.905500      19.1441     985.1430     247.5911
1997.908300      20.3788     987.5482     261.7491
1997.911000      15.1716     982.5669     321.3895
1997.913800      17.6533     983.0174     282.2467
1997.916500      22.7716     988.7395     319.7339
1997.919200      19.4303     986.1328     284.1143
1997.922000      18.1344     987.5334     276.6441
1997.924700      17.4706     981.2740     259.9876
1997.927400      18.1891     987.1176     203.2950
1997.930200      18.0072     983.3246     284.9017
1997.932900      18.5495     982.9808     286.5673
1997.935700      17.7519     980.6724     273.9033
1997.938400      17.4037     980.5657     299.6098
1997.941100      21.0565     981.6286     290.7011
1997.943900      18.6588     981.3036     304.6976
1997.946600      18.8700     981.4024     321.0563
1997.949300      17.0131     981.9091     294.5119
1997.952100      19.4515     982.2242     290.4387
1997.954800      18.5153     983.4747     282.7514
1997.957600      19.0226     983.2841     302.0881
1997.960300      20.4171     982.3763     304.3595
1997.963000      19.7174     983.2841     303.8850
1997.965800      20.3323     982.7931     278.6277
1997.968500      18.9402     980.4610     271.2130
1997.971300      17.3678     986.6583     239.1115
1997.974000      17.9420     983.3334     266.7360
1997.976700      19.6244     983.7039     213.8794
1997.979500      20.3902     982.7339     259.9674
1997.982200      19.2281     987.6658     233.5341
1997.984900      18.4019     989.8418     181.6314
1997.987700      19.1514     988.4313     267.5436
1997.990400      15.6283     981.0260     276.3564
1997.993200      17.2055     986.5881     253.9559
1997.995900      19.4320     989.0161     277.6031
1997.998600      17.4314     982.9976     282.6757
1998.001400      16.9535     986.1209     229.1579
1998.004100      18.2576     984.1810     250.9981
1998.006800      18.2690     983.8283     298.5953
1998.009600      22.1175     987.4030     323.1914
1998.012300      20.0102     985.3574     283.9376
1998.015100      19.4613     982.5442     341.6801
1998.017800      18.3440     986.0162     327.6785
1998.020500      14.8356     987.2914     282.9332
1998.023300      15.1773     985.6863     304.9096
1998.026000      15.0900     989.0911     288.1320
1998.028700      15.3909     989.6709     259.6948
1998.031500      14.6822     987.6174     252.8455
1998.034200      14.8176     988.2337     242.4781
1998.037000      14.2353     986.9823     296.8338
1998.039700      16.4683     982.5808     315.0903
1998.042400      16.4218     987.1107     253.2947
1998.045200      16.0931     981.6355     310.8353
1998.047900      12.6548     990.0740     314.1010
1998.050700      13.9531     984.3657     336.8749
1998.053400      15.3836     981.9180     317.7099
1998.056100      14.1635     982.9038     353.2336
1998.058900      15.0941     982.1639     287.3547
1998.061600      15.8591     984.8773     320.6021
1998.064300      15.9161     984.2600     300.6042
1998.067100      14.0592     980.5401     327.2394
1998.069800      13.7802     983.7483     301.2149
1998.072600      14.4180     982.0217     301.0080
1998.075300      16.5873     982.0978     321.5560
1998.078000      14.7287     982.8761     301.6843
1998.080800      17.7405     984.7815     269.4919
1998.083500      16.4944     982.4632     294.6836
1998.086200      12.9321     981.3698     326.7650
1998.089000      15.9096     981.2028     315.0650
1998.091700      14.8894     980.8413     315.0045
1998.094500      14.5811     980.3879     267.1650
1998.097200      16.4789     980.5401     282.4738
1998.099900      13.6979     981.8291     260.3914
1998.102700      17.0334     985.3732     275.5791
1998.105400      17.2593     976.8853     330.4294
1998.108100      16.1559     980.5657     320.7989
1998.110900      15.8297     981.2621     314.0505
1998.113600      17.1574     979.8486     344.2997
1998.116400      17.0563     979.5750     282.8928
1998.119100      15.4529     980.0304     317.4727
1998.121800      16.3190     979.7884     280.3539
1998.124600      15.6226     981.9101     305.3235
1998.127300      14.9970     980.0027     319.2998
1998.130000      15.9121     983.2406     271.3948
1998.132800      17.1207     984.5198     310.5476
1998.135500      17.0498     983.5636     307.3324
1998.138300      15.9186     980.0462     293.2551
1998.141000      15.2172     980.5825     278.4359
1998.143700      18.4639     976.5139     296.8388
1998.146500      16.5270     979.4664     285.5982
1998.149200      17.8310     979.5859     323.8072
1998.152000      16.8051     981.3342     301.1998
1998.154700      16.6183     982.4188     320.4002
1998.157400      17.3164     980.2447     299.0294
1998.160200      17.6451     980.5223     304.5462
1998.162900      20.1350     980.2892     292.5182
1998.165600      17.5391     980.9124     294.5069
1998.168400      19.3170     980.4205     288.9043
1998.171100      16.5180     978.9458     272.0711
1998.173900      17.4363     981.3382     315.2266
1998.176600      16.7407     981.6207     302.2294
1998.179300      17.9599     980.7850     297.9745
1998.182100      17.2496     979.6165     306.9589
1998.184800      16.5286     981.3747     282.1155
1998.187500      16.9160     983.0984     287.4657
1998.190300      17.7209     981.8824     315.3325
1998.193000      16.2562     980.7465     310.3356
1998.195800      14.3462     979.3844     282.4385
1998.198500      17.5065     981.3471     297.0155
1998.201200      16.8932     981.2749     305.7828
1998.204000      16.9038     980.3188     264.1416
1998.206700      14.7173     982.5778     234.8413
1998.209400      16.3557     980.4976     289.4342
1998.212200      14.3960     979.9247     316.8013
1998.214900      16.2367     979.7093     326.7397
1998.217700      17.0343     980.4719     300.1146
1998.220400      15.9895     983.0361     306.1715
1998.223100      15.2759     978.3936     321.1573
1998.225900      15.8631     977.9353     290.6910
1998.228600      14.8046     978.6919     226.4525
1998.231300      17.5105     980.6329     235.1240
1998.234100      17.5203     976.2729     273.9588
1998.236800      16.2032     978.3304     265.9738
1998.239600      16.0083     978.4470     248.6410
1998.242300      15.2727     979.0624     261.7542
1998.245000      16.7855     976.4853     260.2652
1998.247800      18.9320     978.6653     284.4221
1998.250500      17.2039     979.1908     291.2109
1998.253300      18.6246     977.9541     283.1603
1998.256000      16.6819     974.6451     276.1040
1998.258700      17.2218     976.3282     273.6711
1998.261500      16.8475     975.6259     293.3561
1998.264200      17.5888     976.1603     300.3569
1998.266900      19.5975     976.2808     244.3709
1998.269700      15.5067     975.2032     353.1428
1998.272400      15.8697     975.4353     323.4942
1998.275200      12.9516     975.9173     302.0427
1998.277900      13.2795     976.3638     365.0749
1998.280600      16.3704     976.6078     302.4414
1998.283400      14.4629     978.0924     287.1881
1998.286100      16.7611     975.2614     334.6137
1998.288800      15.6495     975.5509     227.8708
1998.291600      17.2463     976.5159     279.3798
1998.294300      17.8376     978.5161     332.9480
1998.297100      18.1108     976.2581     334.1645
1998.299800      17.3164     975.1182     310.8706
1998.302500      16.7619     976.1593     332.9682
1998.305300      16.0034     976.8241     330.7827
1998.308000      15.1422     979.2876     329.9549
1998.310700      15.3151     976.4547     336.2087
1998.313500      16.3198     976.3658     314.9489
1998.316200      17.0408     975.7850     281.7167
1998.319000      15.4627     975.7721     320.0923
1998.321700      16.6077     977.8899     333.3367
1998.324400      14.6830     976.7105     315.5445
1998.327200      15.0239     980.9352     292.7958
1998.329900      14.4783     975.9420     358.7353
1998.332600      14.3030     975.8966     358.3517
1998.335400      14.0004     978.3680     334.5733
1998.338100      15.9643     977.4711     196.6475
1998.340900      15.3135     977.4967     231.9189
1998.343600      16.8336     979.1868     300.3770
1998.346300      16.4022     977.6992     318.7648
1998.349100      13.8210     978.4015     336.5872
1998.351800      15.4929     976.7856     395.0969
1998.354600      15.7800     978.9458     279.9047
1998.357300      16.8149     977.9304     319.1383
1998.360000      14.3846     972.3959     389.6053
1998.362800      14.2076     975.8363     355.4949
1998.365500      14.3356     976.0151     324.0797
1998.368200      16.9119     978.8134     262.8293
1998.371000      14.6423     974.9078     324.1302
1998.373700      15.2091     977.6844     301.7499
1998.376500      15.5296     978.0953     327.9612
1998.379200      13.9107     976.2650     308.6599
1998.381900      17.4706     978.4144     289.4898
1998.384700      14.4971     977.0740     308.5135
1998.387400      15.3151     978.8302     258.3573
1998.390100      15.4146     977.7536     314.4089
1998.392900      16.1853     975.8877     382.0695
1998.395600      14.1562     978.2563     297.5000
1998.398400      17.1321     975.8274     320.0973
1998.401100      15.3616     976.4151     273.0654
1998.403800      14.0804     978.2751     382.0695
1998.406600      16.4047     976.8774     327.5019
1998.409300      13.8683     977.0295     326.7347
1998.412000      15.8444     974.3507     345.4202
1998.414800      12.6075     974.1630     287.4809
1998.417500      14.5770     977.2676     336.2945
1998.420300      11.3556     977.9027     376.4417
1998.423000      13.6856     976.8942     391.1751
1998.425700      13.7656     977.2705     334.1847
1998.428500      13.9336     977.8089     323.2116
1998.431200      12.5659     976.3282     295.9202
1998.433900      13.2061     975.5252     289.5958
1998.436700      15.1471     974.6421     326.4672
1998.439400      13.6514     975.0214     325.5586
1998.442200      12.0855     973.8993     321.4399
1998.444900      12.3473     973.1605     322.2425
1998.447600      12.8342     977.3644     311.1381
1998.450400      15.2123     977.0740     350.5837
1998.453100      13.7289     974.8653     282.7161
1998.455900      13.6742     979.8585     300.2105
1998.458600      13.8178     977.0582     263.5511
1998.461300      13.6563     976.6433     313.8991
1998.464100      11.4820     979.0821     387.5107
1998.466800      11.5399     979.3231     365.9481
1998.469500      12.5765     976.6710     316.7408
1998.472300      13.8985     977.2498     332.0748
1998.475000      13.0797     977.2172     271.7632
1998.477800      12.0839     977.8840     246.3091
1998.480500      11.0090     980.2338     370.4706
1998.483200      15.8803     976.9367     334.3310
1998.486000      14.7670     980.3692     371.3741
1998.488700      13.9654     977.1560     387.5460
1998.491400      14.2688     977.7733     343.5426
1998.494200      12.9737     979.4031     354.2330
1998.496900      14.4751     976.3262     313.6114
1998.499700      15.8509     977.1826     294.2141
1998.502400      15.2335     975.1261     397.3481
1998.505100      15.2662     976.6986     364.0200
1998.507900      14.9383     977.0414     345.7836
1998.510600      19.1318     975.7435     394.4509
1998.513300      18.5569     979.7528     396.1266
1998.516100      13.6506     976.6581     332.5392
1998.518800      16.6624     976.2186     363.3739
1998.521600      13.8120     975.1972     340.9432
1998.524300      15.8077     977.8928     364.9941
1998.527000      14.4963     978.8776     320.4355
1998.529800      17.1232     978.9902     309.7905
1998.532500      15.8615     980.0057     308.6498
1998.535200      16.2774     977.6854     317.7906
1998.538000      13.1816     975.7859     346.9799
1998.540700      15.1071     978.2731     344.3401
1998.543500      13.8757     977.1491     360.4817
1998.546200      15.0990     977.6528     335.1992
1998.548900      12.8946     977.5333     340.8018
1998.551700      13.0055     978.8974     299.3625
1998.554400      13.8112     978.3383     353.0570
1998.557200      11.7887     978.9142     318.0228
1998.559900      14.2223     976.9308     335.1891
1998.562600      13.1229     976.5396     355.3687
1998.565400      11.8849     979.3083     335.0478
1998.568100      14.0869     978.0104     319.2594
1998.570800      14.7858     977.5195     356.2722
1998.573600      14.7165     978.4964     339.6056
1998.576300      14.7630     975.3138     342.8965
1998.579100      11.6109     977.6647     357.0242
1998.581800      14.6994     976.9643     357.9732
1998.584500      14.0428     975.4323     336.1128
1998.587300      15.5777     977.1609     363.2174
1998.590000      11.0783     975.6990     324.1201
1998.592700      14.9310     979.1848     340.1103
1998.595500      16.9910     978.5616     280.4094
1998.598200      15.6601     977.8405     356.9334
1998.601000      12.4427     980.7208     289.1566
1998.603700      15.1618     980.9589     291.5289
1998.606400      11.9208     978.6643     326.7246
1998.609200      13.8014     983.2663     347.0001
1998.611900      13.7060     977.8049     242.0894
1998.614600      14.2606     979.4515     289.2121
1998.617400      13.7647     982.5057     287.7736
1998.620100      13.5429     980.4018     310.3659
1998.622900      13.9637     981.0823     275.6649
1998.625600      16.2595     979.5157     327.4817
1998.628300      17.8147     978.0785     253.4512
1998.631100      17.1183     977.0246     340.4485
1998.633800      18.2086     981.7955     314.2423
1998.636600      16.4332     981.7224     360.0022
1998.639300      16.3590     978.8391     315.0297
1998.642000      15.3559     981.1248     319.0071
1998.644800      12.1067     977.8514     402.1785
1998.647500      16.4079     977.9491     411.9755
1998.650200      15.1177     979.2550     343.7142
1998.653000      19.2754     976.5238     377.4562
1998.655700      18.0994     977.7111     396.7020
1998.658500      20.2165     976.1277     381.2165
1998.661200      19.4116     978.2682     276.0232
1998.663900      18.4370     980.0531     311.6277
1998.666700      18.4704     981.0725     296.6773
1998.669400      15.8786     981.8024     382.9629
1998.672100      19.6440     984.2926     322.2929
1998.674900      14.6121     982.7704     292.5384
1998.677600      16.7154     981.1959     344.6883
1998.680400      14.6749     978.5784     310.7899
1998.683100      18.1785     976.5406     343.9060
1998.685800      17.8474     977.8790     246.2939
1998.688600      15.5679     977.2547     306.0705
1998.691300      13.7280     978.4233     230.7984
1998.694000      17.3849     978.9379     254.7786
1998.696800      15.7416     980.1232     341.4479
1998.699500      17.6451     980.8235     346.5307
1998.702300      17.6239     976.5426     344.7994
1998.705000      17.7063     974.5562     335.2648
1998.707700      16.6037     975.8798     305.6768
1998.710500      16.7912     978.1181     294.0425
1998.713200      19.6628     974.5591     354.8639
1998.715900      18.7958     978.1783     357.2362
1998.718700      17.3311     972.6300     345.2991
1998.721400      15.3991     972.6745     442.3963
1998.724200      15.9577     973.7146     382.6248
1998.726900      20.8608     978.1734     284.2354
1998.729600      16.8532     978.4154     400.3059
1998.732400      17.1142     975.5588     288.7377
1998.735100      18.9369     973.0646     308.4176
1998.737900      19.9197     972.2833     320.2992
1998.740600      17.9664     974.2223     327.8552
1998.743300      18.2576     977.7792     383.5636
1998.746100      17.6272     972.9985     309.9974
1998.748800      17.7356     971.1810     289.2222
1998.751500      21.0720     975.5005     325.1801
1998.754300      18.9426     972.1361     389.5902
1998.757000      19.8691     978.8529     306.7015
1998.759800      20.3641     975.9341     271.3241
1998.762500      22.3744     974.4041     274.6806
1998.765200      15.9879     974.1374     429.6263
1998.768000      18.2160     979.4920     281.5502
1998.770700      18.8537     976.7144     287.0922
1998.773400      21.0084     976.5129     213.0112
1998.776200      20.3291     978.2297     247.2580
1998.778900      19.6636     974.9552     234.4678
1998.781700      19.6318     976.0121     342.2656
1998.784400      18.1915     973.5921     382.8771
1998.787100      22.9543     974.1897     374.2309
1998.789900      21.0997     972.4621     286.5421
1998.792600      19.8976     972.7812     373.7413
1998.795300      22.0547     970.4392     334.4370
1998.798100      15.7897     975.7138     346.5710
1998.800800      22.0123     973.1269     316.1401
1998.803600      21.1992     979.8881     264.5656
1998.806300      20.7858     975.8205     304.2333
1998.809000      20.6903     979.1305     339.1412
1998.811800      22.4177     980.7346     375.4120
1998.814500      20.7858     977.5234     368.3961
1998.817200      22.4707     977.9936     297.3385
1998.820000      24.1091     975.7948     294.7744
1998.822700      21.9438     975.7563     228.4614
1998.825500      23.1794     972.9945     328.7991
1998.828200      24.0748     975.1518     330.6868
1998.830900      22.3899     975.1054     307.8775
1998.833700      23.3360     980.6576     265.0855
1998.836400      22.6762     977.8385     371.4144
1998.839200      25.5347     978.6781     329.5360
1998.841900      21.6584     977.0967     333.7455
1998.844600      20.4897     978.6949     262.8091
1998.847400      21.8362     980.2240     324.3775
1998.850100      25.4172     978.7048     260.6236
1998.852800      22.5832     975.8985     307.7362
1998.855600      18.8660     977.7891     290.9485
1998.858300      19.9963     977.9452     339.5652
1998.861100      21.3102     977.6745     340.3173
1998.863800      22.6232     976.0596     359.7095
1998.866500      25.7133     975.3375     317.2909
1998.869300      22.0629     975.2575     264.1820
1998.872000      20.4286     976.5939     267.5436
1998.874700      22.2244     975.9578     331.9234
1998.877500      20.6178     977.0355     268.8357
1998.880200      21.3893     976.6295     275.7153
1998.883000      23.8832     981.5239     303.2591
1998.885700      22.1265     978.3423     283.4783
1998.888400      22.9347     980.0817     298.0906
1998.891200      22.3801     981.1930     269.1335
1998.893900      20.7344     976.9969     295.4508
1998.896600      20.9391     978.0568     303.3449
1998.899400      21.7995     984.1563     142.6653
1998.902100      21.9210     978.6761     319.6935
1998.904900      21.7644     976.9426     343.9868
1998.907600      21.3077     975.1636     316.0998
1998.910300      24.0961     979.0693     291.0948
1998.913100      23.4175     978.0173     285.0127
1998.915800      21.6665     980.8710     297.1972
1998.918500      20.3584     978.8885     312.0013
1998.921300      21.8093     977.3506     287.5667
1998.924000      20.5982     978.2939     289.5099
1998.926800      17.8710     977.3120     272.0963
1998.929500      19.8299     978.9201     249.0700
1998.932200      20.5476     978.7315     336.4661
1998.935000      20.1741     976.7075     297.1215
1998.937700      22.1787     978.9013     335.5576
1998.940500      21.8598     972.5648     295.4508
1998.943200      19.2852     979.0337     265.5599
1998.945900      23.3474     973.2642     325.4577
1998.948700      22.3516     975.6239     334.0989
1998.951400      23.5496     975.5509     331.9890
1998.954100      21.6804     978.7492     325.2911
1998.956900      23.6712     976.1692     266.8319
1998.959600      20.9611     981.0458     265.8073
1998.962400      23.6475     977.9511     304.3443
1998.965100      24.3529     976.2680     313.1924
1998.967800      19.4124     980.8897     297.0104
1998.970600      21.5695     978.9665     277.7797
1998.973300      20.3788     981.6819     280.8132
1998.976000      21.4765     977.0167     308.2763
1998.978800      21.8305     975.1340     344.1180
1998.981500      18.8342     981.3816     229.5314
1998.984300      19.2379     970.9449     326.4217
1998.987000      19.9580     977.1461     277.9413
1998.989700      24.4231     975.1014     326.7498
1998.992500      21.4023     976.8893     302.6686
1998.995200      21.3819     979.1354     293.3359
1998.997900      18.7942     976.5999     292.1851
1999.000700      19.8854     972.8859     345.9098
1999.003400      19.6008     976.6996     333.8869
1999.006200      17.9689     977.6528     309.4119
1999.008900      18.3505     980.1183     273.2270
1999.011600      20.5215     979.9810     212.2339
1999.014400      19.5951     983.2860     273.1412
1999.017100      20.1513     980.3652     222.8991
1999.019800      19.2273     976.0418     319.1434
1999.022600      17.9036     975.7375     366.9323
1999.025300      19.2876     976.6176     355.6766
1999.028100      16.9021     974.2253     376.3761
1999.030800      19.9017     975.1953     270.2338
1999.033500      17.3898     972.5658     359.3057
1999.036300      17.5701     973.4528     413.4191
1999.039000      19.0968     976.6068     281.5603
1999.041800      18.8195     976.9396     287.3547
1999.044500      18.8301     975.6842     300.7152
1999.047200      18.0798     974.7646     304.0162
1999.050000      20.3087     976.6680     281.2524
1999.052700      18.2103     976.7944     306.2623
1999.055400      19.1636     976.1415     346.9799
1999.058200      22.0017     975.4294     311.5167
1999.060900      20.9570     978.1052     275.6346
1999.063700      21.1854     977.6933     313.9193
1999.066400      19.9148     975.4096     330.4597
1999.069100      22.0662     976.1188     309.8965
1999.071900      20.5533     977.2073     273.3733
1999.074600      23.6239     979.7261     245.5217
1999.077300      22.5367     974.2075     315.7262
1999.080100      20.3478     976.4952     286.7591
1999.082800      20.0722     974.9710     316.4430
1999.085600      20.7515     974.2796     282.6253
1999.088300      21.8288     973.2345     303.2793
1999.091000      18.1907     973.6484     267.0338
1999.093800      22.1078     971.2946     319.3452
1999.096500      16.7684     971.1978     312.3950
1999.099200      19.6986     970.7148     383.8917
1999.102000      23.1810     971.2353     280.8031
1999.104700      20.8714     969.9917     301.8862
1999.107500      22.9918     971.2373     300.0035
1999.110200      22.3426     970.8363     295.2438
1999.112900      20.8371     975.2209     354.4349
1999.115700      20.1235     973.0913     355.6614
1999.118400      21.0418     978.8371     281.2978
1999.121100      21.9846     971.5030     396.9897
1999.123900      23.8938     970.8945     330.3941
1999.126600      22.8589     971.9900     365.3172
1999.129400      23.1362     971.8003     241.3323
1999.132100      19.8487     970.9143     316.9528
1999.134800      24.4769     971.8369     300.4628
1999.137600      24.7134     975.0145     333.6395
1999.140300      23.6361     975.6318     313.6467
1999.143100      21.1095     975.3029     324.3069
1999.145800      21.4439     973.5477     301.0181
1999.148500      21.6984     973.0785     304.2938
1999.151300      21.1038     975.3405     293.1996
1999.154000      18.8619     974.0435     295.4003
1999.156700      21.6886     971.3440     317.2909
1999.159500      23.3245     973.9744     322.6614
1999.162200      22.2782     973.5684     318.2298
1999.165000      22.5955     968.9575     318.1642
1999.167700      22.6949     972.9273     329.2029
1999.170400      22.6395     971.2047     318.7143
1999.173200      23.2332     972.0690     349.3724
1999.175900      21.7457     976.7944     335.8402
1999.178600      23.7780     971.1612     314.3685
1999.181400      21.6633     971.4862     345.4051
1999.184100      19.9792     975.0619     298.5852
1999.186900      20.5851     976.2136     259.6746
1999.189600      19.3741     976.3253     264.5101
1999.192300      22.3149     972.7258     311.6227
1999.195100      21.3224     969.7062     316.9679
1999.197800      22.5090     972.7772     293.7346
1999.200500      18.8015     972.8938     315.6203
1999.203300      21.0149     971.8635     304.3494
1999.206000      21.9985     972.4740     317.0436
1999.208800      22.1926     968.0675     323.6759
1999.211500      23.3506     971.7983     268.9821
1999.214200      25.6872     968.3915     330.7272
1999.217000      23.6679     966.5987     295.8646
1999.219700      23.6540     967.9401     266.7309
1999.222500      24.3448     965.3097     217.2258
1999.225200      23.5040     963.7076     220.5773
1999.227900      23.4974     965.3285     267.3972
1999.230700      21.8761     967.8878     257.1358
1999.233400      21.9047     970.7315     267.8262
1999.236100      22.6534     970.0085     259.4172
1999.238900      20.3723     967.5124     287.6727
1999.241600      23.2128     969.2825     277.8100
1999.244400      19.1628     966.8980     317.4878
1999.247100      19.5005     967.0966     204.9152
1999.249800      21.7342     969.4050     246.0365
1999.252600      19.8846     968.6553     273.9387
1999.255300      20.2834     970.3414     287.5162
1999.258000      21.4178     970.3345     273.1008
1999.260800      24.5658     969.5857     254.9402
1999.263500      22.9616     970.9765     255.1017
1999.266300      22.3622     967.3652     284.2960
1999.269000      21.7522     966.1424     312.0214
1999.271700      21.8427     968.7728     290.6809
1999.274500      24.8309     968.7945     306.0453
1999.277200      19.9409     965.4095     362.9499
1999.279900      22.0808     963.8705     317.8058
1999.282700      21.7448     967.1756     328.5013
1999.285400      23.0954     966.9761     297.2577
1999.288200      24.5576     968.2799     343.2397
1999.290900      21.3224     968.3728     302.3607
1999.293600      23.2911     965.8461     331.0603
1999.296400      21.9186     967.7515     277.9261
1999.299100      20.6977     968.7432     298.5448
1999.301800      23.7772     970.9815     289.0456
1999.304600      23.3270     969.0474     339.9438
1999.307300      23.8253     967.9273     353.8292
1999.310100      20.5134     967.9312     365.2818
1999.312800      19.9555     971.6660     366.4983
1999.315500      20.9130     970.5152     344.2240
1999.318300      20.8543     967.8473     319.0626
1999.321000      23.1647     966.1157     353.8646
1999.323800      22.1999     969.3566     278.0826
1999.326500      21.1299     968.0863     302.3960
1999.329200      24.9344     966.2501     306.4289
1999.332000      21.5132     969.7379     331.7064
1999.334700      22.9877     968.3412     343.2650
1999.337400      22.9005     969.3269     387.8387
1999.340200      22.3834     970.7266     338.4144
1999.342900      22.0841     968.1999     334.2755
1999.345700      20.0583     968.4883     313.2126
1999.348400      25.0405     967.8364     325.2204
1999.351100      22.9282     970.6417     364.0503
1999.353900      23.4355     969.0948     303.5418
1999.356600      22.3785     967.9372     316.6095
1999.359300      23.5521     971.2047     346.2631
1999.362100      21.7253     968.8024     309.0990
1999.364800      23.6532     968.9447     318.1541
1999.367600      19.4874     969.8416     338.1822
1999.370300      21.1430     970.6594     344.7994
1999.373000      21.2930     969.4336     278.7287
1999.375800      21.3974     968.1802     289.7926
1999.378500      19.8887     967.2724     404.0763
1999.381200      19.3928     966.8398     365.0295
1999.384000      21.0573     966.8338     309.6290
1999.386700      20.5223     967.7436     335.4364
1999.389500      21.2278     968.8983     351.3711
1999.392200      18.9891     967.8463     317.4171
1999.394900      18.1059     967.6458     368.1084
1999.397700      20.4000     970.6436     337.9904
1999.400400      19.2966     967.8897     335.2345
1999.403100      19.4523     964.7645     373.1709
1999.405900      18.1883     967.5391     356.2873
1999.408600      20.2720     967.8562     357.6703
1999.411400      20.1105     971.3212     289.0103
1999.414100      19.3300     969.5413     300.2004
1999.416800      18.9557     971.4250     347.2625
1999.419600      19.2819     970.1991     277.7293
1999.422300      17.4200     967.0274     284.3717
1999.425100      18.8073     970.4876     299.6401
1999.427800      18.2413     968.0824     289.6715
1999.430500      18.9247     970.1744     355.5807
1999.433300      19.0984     969.8337     323.5397
1999.436000      21.0394     970.7365     364.5651
1999.438700      19.1873     972.9501     334.3462
1999.441500      18.1401     970.6170     277.7343
1999.444200      19.4581     970.5765     332.1657
1999.447000      20.0567     965.1912     343.9666
1999.449700      20.8306     966.9415     333.4831
1999.452400      21.5434     971.3529     331.6105
1999.455200      18.9198     972.1342     365.3121
1999.457900      17.9705     969.9512     377.7187
1999.460600      21.3509     967.8888     309.9722
1999.463400      20.2875     971.0269     246.5463
1999.466100      20.6895     970.0342     234.9877
1999.468900      20.3176     974.3695     278.6479
1999.471600      18.7257     966.6857     342.9874
1999.474300      22.3867     971.4842     359.3107
1999.477100      18.6637     966.3182     391.5839
1999.479800      19.6456     967.4492     306.7469
1999.482500      21.3411     967.7475     239.6667
1999.485300      20.8290     967.5480     350.2657
1999.488000      20.3062     968.4824     292.3617
1999.490800      22.8116     970.1814     383.8260
1999.493500      20.4555     967.8255     286.4007
1999.496200      18.6621     965.0746     268.0180
1999.499000      20.6903     969.5541     300.2004
1999.501700      18.8048     969.4524     316.2562
1999.504400      17.4934     971.1672     273.2118
1999.507200      18.9116     972.7733     239.5152
1999.509900      18.3628     968.7837     279.8795
1999.512700      16.6346     974.2075     329.8489
1999.515400      16.0271     970.2041     255.3086
1999.518100      16.2383     972.7910     304.0213
1999.520900      18.5063     970.8046     340.5293
1999.523600      20.1048     971.1543     351.1440
1999.526400      15.4994     968.8449     382.9327
1999.529100      17.5334     968.2236     282.2921
1999.531800      18.5993     966.6620     324.8318
1999.534600      19.9466     970.7088     252.7243
1999.537300      17.9126     969.3023     325.9220
1999.540000      17.7642     970.5547     288.3793
1999.542800      17.9893     970.5202     295.9858
1999.545500      19.7957     971.6462     326.9416
1999.548300      18.7069     968.5130     293.6943
1999.551000      16.1282     972.6508     304.8390
1999.553700      16.4723     968.5911     313.7527
1999.556500      18.9043     969.9453     356.4286
1999.559200      19.5682     967.0363     349.0998
1999.561900      18.9761     967.3702     355.3384
1999.564700      21.1723     971.9297     284.2707
1999.567400      21.3754     970.5360     373.2416
1999.570200      16.9494     973.5575     355.2425
1999.572900      22.0123     967.4265     355.0911
1999.575600      20.1456     973.5812     321.6166
1999.578400      18.3196     969.8633     358.7202
1999.581100      17.2390     973.6316     327.4615
1999.583800      17.0082     973.7511     360.5019
1999.586600      18.3424     976.5100     334.1998
1999.589300      19.6905     972.8770     308.6952
1999.592100      20.6740     972.3782     363.3941
1999.594800      18.8358     973.1456     340.1659
1999.597500      21.8256     972.1124     324.7258
1999.600300      19.3316     972.3505     325.8261
1999.603000      17.6002     973.8074     304.1020
1999.605700      20.9725     972.6202     303.6882
1999.608500      20.2785     974.0277     262.8545
1999.611200      19.8316     970.8125     360.6231
1999.614000      18.5373     970.7404     327.8047
1999.616700      22.1600     969.1600     353.7081
1999.619400      19.5315     974.8002     358.6596
1999.622200      20.0550     969.8376     319.1635
1999.624900      21.0777     967.7673     392.8105
1999.627700      17.9990     971.0279     369.4560
1999.630400      21.0427     973.4973     330.8433
1999.633100      20.7246     971.4101     409.4417
1999.635900      20.9195     971.6472     334.0282
1999.638600      20.1333     968.7126     266.3877
1999.641300      16.6045     973.8045     317.6796
1999.644100      19.7076     973.9072     356.1258
1999.646800      19.3162     973.8796     317.4727
1999.649600      18.4965     970.4411     309.0536
1999.652300      23.2699     970.3108     315.6404
1999.655000      19.8585     969.4652     319.6885
1999.657800      18.6091     970.4797     330.8988
1999.660500      15.8036     968.0300     320.0771
1999.663200      20.0917     970.2861     401.5122
1999.666000      17.6288     971.6838     241.5494
1999.668700      20.3861     972.7081     267.4931
1999.671500      18.5765     972.5471     251.3969
1999.674200      19.5102     973.1150     354.1270
1999.676900      20.8216     970.9143     330.7171
1999.679700      20.9032     970.2871     371.8788
1999.682400      20.9081     968.6227     372.8731
1999.685100      20.9277     969.0000     348.8828
1999.687900      20.4979     972.4216     345.3395
1999.690600      19.9718     969.4791     341.1148
1999.693400      21.8639     966.7667     420.4350
1999.696100      22.0286     966.8299     337.7734
1999.698800      20.4416     970.8965     284.9117
1999.701600      21.0149     970.3967     306.4895
1999.704300      19.0886     964.7694     244.6384
1999.707000      20.9105     970.1468     269.9007
1999.709800      19.1865     971.4141     332.1152
1999.712500      22.3010     969.7398     300.8313
1999.715300      21.9601     966.5019     318.2701
1999.718000      22.3174     969.9245     335.8655
1999.720700      22.7936     967.0383     295.1530
1999.723500      22.9682     966.6827     304.4907
1999.726200      21.8982     968.3244     309.2807
1999.729000      21.4749     967.1835     357.4129
1999.731700      22.2391     970.2950     298.8426
1999.734400      22.9592     971.1968     218.1495
1999.737200      20.8959     970.2574     340.7463
1999.739900      24.3954     967.7841     275.5942
1999.742600      19.4116     970.1893     264.3637
1999.745400      23.3058     969.3102     165.9794
1999.748100      23.0285     971.5524     341.1400
1999.750900      21.4635     968.7175     306.8024
1999.753600      21.9773     968.8953     298.7669
1999.756300      24.6563     972.8760     189.3994
1999.759100      25.0568     969.6055     240.0856
1999.761800      22.8059     968.0537     299.0092
1999.764500      24.9002     971.7440     307.7362
1999.767300      22.5636     969.8732     291.8065
1999.770000      26.0354     971.5524     158.9685
1999.772800      24.6090     971.1010     290.4740
1999.775500      23.8530     973.6050     315.9483
1999.778200      23.7511     967.6161     254.4960
1999.781000      24.2681     973.3146     265.4792
1999.783700      24.2013     967.5865     195.3200
1999.786400      23.1549     970.8343     270.0471
1999.789200      25.0421     968.6069     299.3171
1999.791900      24.0047     968.1950     281.1666
1999.794700      24.9100     970.5123     298.9486
1999.797400      23.4232     973.6929     210.7096
1999.800100      24.0121     969.6440     296.1826
1999.802900      24.6620     973.8252     125.4839
1999.805600      25.1032     970.6762     272.8535
1999.808400      25.0511     971.1859     301.7247
1999.811100      24.2486     970.1251     196.5970
1999.813800      24.2135     971.4447     202.7095
1999.816600      23.6964     969.8455     219.9161
1999.819300      25.6709     968.8262     253.9862
1999.822000      21.8688     970.2308     236.1082
1999.824800      23.1769     968.6948     277.6485
1999.827500      21.7424     968.1811     224.1761
1999.830300      21.1707     972.9382     244.6232
1999.833000      21.9944     967.7031     266.6300
1999.835700      20.5566     969.7705     271.0364
1999.838500      21.4455     970.0273     242.7557
1999.841200      22.9828     970.8550     183.3324
1999.843900      23.0880     967.1746     134.4179
1999.846700      22.3736     969.0286     195.7339
1999.849400      22.7586     971.9564     257.4942
1999.852200      22.9078     968.2572     265.8830
1999.854900      21.2865     970.5044     225.3724
1999.857600      19.4238     972.2972     254.7988
1999.860400      21.6780     969.1057     249.1003
1999.863100      20.0575     967.3149     255.8537
1999.865800      22.2700     970.8017     250.3874
1999.868600      24.8415     969.1185     166.3125
1999.871300      24.6555     971.4487     290.2267
1999.874100      20.7752     971.6877     272.9595
1999.876800      21.4757     969.0207     239.0559
1999.879500      17.2969     969.4257     255.2783
1999.882300      21.1943     969.3181     246.3999
1999.885000      22.0955     969.5808     206.5606
1999.887700      21.2506     969.8277     263.5359
1999.890500      23.2658     969.3497     283.0492
1999.893200      22.9078     965.6406     235.5429
1999.896000      24.8896     971.4842     298.2925
1999.898700      23.7356     968.1120     243.9974
1999.901400      22.3043     969.6144     292.0236
1999.904200      22.6640     965.3532      97.3446
1999.906900      22.4935     974.3448     304.3897
1999.909700      23.4624     970.4411     288.5055
1999.912400      25.6195     967.9135     295.4911
1999.915100      23.6198     968.0952     266.6048
1999.917900      23.7160     969.4079     261.1283
1999.920600      23.0709     969.5660     286.0070
1999.923300      23.8449     965.2139     302.9866
1999.926100      23.6157     972.3791     248.8631
1999.928800      23.1198     975.3553     279.8946
1999.931600      22.5995     969.5186     290.3983
1999.934300      23.9362     970.6891     314.9086
1999.937000      25.8739     971.7025     283.6196
1999.939800      23.7111     969.9729     384.6488
1999.942500      22.8736     974.4396     289.3383
1999.945200      23.8245     974.6372     330.2224
1999.948000      24.0137     970.9864     305.9141
1999.950700      21.3379     972.8108     261.6734
1999.953500      22.5082     968.1693     252.6587
1999.956200      25.0046     970.6792     212.3652
1999.958900      23.7617     975.2150     310.1589
1999.961700      20.4636     970.6525     295.6930
1999.964400      23.9599     968.4064     326.4318
1999.967100      22.9877     971.9327     289.1869
1999.969900      19.3765     968.6246     252.0328
1999.972600      19.3243     971.2156     287.5515
1999.975400      22.1233     967.8601     352.1434
1999.978100      21.7489     968.7758     329.2432
1999.980800      21.6763     968.9407     275.1652
1999.983600      20.0191     971.9840     229.6980
1999.986300      20.3821     967.0758     279.6523
1999.989000      20.9024     966.9237     252.3054
1999.991800      22.2007     969.8653     286.5421
1999.994500      23.5863     971.4121     282.0801
1999.997300      24.5144     970.2169     241.9935
2000.000000      22.0474     972.2981     287.6374
2000.002700      22.3345     971.6462     276.2302
2000.005500      18.9557     968.7886     278.9760
2000.008200      21.3819     971.2817     269.1436
2000.011000      21.7171     970.8175     245.7337
2000.013700      23.6059     967.9026     289.1617
2000.016400      22.8678     967.3080     282.0297
2000.019200      20.1178     969.7319     236.6836
2000.021900      22.0409     968.9279     234.1700
2000.024600      22.5881     968.4478     276.7551
2000.027400      22.5343     967.4877     274.4787
2000.030100      24.5854     967.7179     177.6541
2000.032900      21.4945     968.3580     238.3897
2000.035600      20.0159     968.6770     231.9037
2000.038300      21.3958     968.7590     257.4084
2000.041100      20.5713     968.4083     271.1424
2000.043800      22.1192     966.8961     251.3615
2000.046500      20.6243     968.4449     251.6341
2000.049300      22.9111     970.2446     170.7088
2000.052000      21.3615     965.6139     254.4253
2000.054800      21.0859     962.6516     268.6490
2000.057500      23.4249     965.6515     239.0610
2000.060200      23.6760     969.2331     209.8061
2000.063000      22.1184     964.6153     223.1717
2000.065700      23.6092     963.9298     287.2840
2000.068400      23.5407     965.5813     276.6340
2000.071200      24.7167     964.9768     256.5049
2000.073900      22.2970     967.3662     288.3945
2000.076700      24.6808     962.9914     258.2008
2000.079400      22.2056     966.2619     271.6118
2000.082100      23.0660     963.7155     323.5447
2000.084900      24.7705     963.6542     325.8160
2000.087600      23.1035     963.8903     277.1135
2000.090300      24.8162     963.5485     249.8524
2000.093100      23.9427     964.9996     283.5388
2000.095800      24.1124     965.0242     311.5571
2000.098600      23.5072     964.5017     306.9488
2000.101300      26.7001     965.9014     226.4677
2000.104000      23.1794     969.1709     302.6736
2000.106800      23.4395     963.0062     294.7946
2000.109500      24.5479     962.0392     278.0775
2000.112300      24.7061     964.7990     267.7152
2000.115000      22.9502     963.5851     261.4311
2000.117700      23.8979     963.6918     273.2371
2000.120500      23.3670     966.5721     263.2583
2000.123200      23.3939     966.0525     307.8977
2000.125900      23.6467     965.2208     300.5032
2000.128700      22.0099     964.2893     278.1179
2000.131400      22.2423     964.8464     264.4394
2000.134200      24.5862     963.0290     220.4764
2000.136900      25.9237     969.5245     207.0856
2000.139600      23.1998     970.8372     249.2467
2000.142400      19.6538     963.0645     325.0085
2000.145100      23.6777     962.6911     364.7872
2000.147800      23.8824     963.8350     275.0592
2000.150600      23.3066     964.7595     299.1000
2000.153300      24.1450     961.2964     220.6833
2000.156100      24.7118     963.9743     232.9334
2000.158800      24.6612     964.3763     237.6527
2000.161500      24.1303     963.2660     203.7543
2000.164300      22.8613     960.9211     257.1358
2000.167000      23.1125     965.3808     230.1371
2000.169700      28.5196     957.3631     282.1054
2000.172500      25.4629     962.5558     238.1827
2000.175200      26.5019     963.0191     302.8604
2000.178000      26.1096     962.4738     277.7444
2000.180700      23.5880     965.2218     319.7642
2000.183400      26.9782     961.9148     275.0895
2000.186200      25.2223     963.7036     272.6364
2000.188900      25.4580     964.2222     256.6866
2000.191600      25.4564     964.2470     256.8148
2000.194400      25.4509     964.2691     257.2049
2000.197100      25.4414     964.2872     257.8093
2000.199900      25.4264     964.3030     258.6518
2000.202600      25.4065     964.3156     259.6525
2000.205300      25.3807     964.3259     260.8187
2000.208100      25.3469     964.3344     262.1822
2000.210800      25.3071     964.3408     263.6258
2000.213600      25.2576     964.3458     265.2358
2000.216300      25.2013     964.3493     266.8773
2000.219000      25.1362     964.3519     268.5868
2000.221800      25.0585     964.3538     270.4108
2000.224500      24.9734     964.3552     272.1992
2000.227200      24.8775     964.3565     273.9973
2000.230000      24.7661     964.3578     275.8515
2000.232700      24.6467     964.3595     277.6097
2000.235500      24.5096     964.3620     279.3813
2000.238200      24.3641     964.3652     281.0199
2000.240900      24.2049     964.3697     282.5707
2000.243700      24.0247     964.3758     284.0655
2000.246400      23.8359     964.3835     285.3779
2000.249100      23.6317     964.3931     286.5440
2000.251900      23.4029     964.4054     287.5784
2000.254600      23.1654     964.4199     288.3872
2000.257400      22.9009     964.4378     289.0098
2000.260100      22.6277     964.4582     289.3817
2000.262800      22.3361     964.4820     289.5099
2000.265600      20.0224     964.7200     232.5549
2000.268300      21.9903     965.0321     288.6923
2000.271000      25.0633     962.2605     273.9538
2000.273800      24.7517     962.3484     319.5825
2000.276500      21.7807     961.0228     289.5200
2000.279300      23.3776     963.5633     300.3215
2000.282000      22.1428     963.5841     289.2677
2000.284700      21.1895     960.7996     282.1609
2000.287500      23.9941     961.4406     319.3352
2000.290200      22.1192     964.5689     267.5789
2000.293000      22.7145     964.1007     279.1375
2000.295700      21.5304     961.7933     258.1756
2000.298400      22.0401     960.2356     249.9483
2000.301200      22.3899     960.6060     289.1415
2000.303900      21.5295     956.9552     279.6170
2000.306600      21.4863     961.6046     315.4133
2000.309400      18.8301     962.9964     331.0603
2000.312100      21.4855     959.2863     280.3287
2000.314900      20.8657     960.4163     245.4914
2000.317600      23.1623     958.8013     258.0948
2000.320300      22.2048     959.9481     266.1051
2000.323100      20.6846     961.6135     270.0572
2000.325800      21.4904     956.2055     257.3983
2000.328500      21.3061     959.4236     260.6185
2000.331300      22.3361     960.2425     261.4917
2000.334000      22.5221     960.4766     312.6776
2000.336800      19.3015     959.4246     301.6843
2000.339500      20.1545     960.6139     262.1984
2000.342200      20.6487     959.4058     239.4042
2000.345000      21.1952     958.6660     293.9012
2000.347700      20.7719     959.0809     304.5109
2000.350400      21.8443     959.3802     298.8275
2000.353200      20.6961     961.4890     210.9822
2000.355900      21.1780     960.0894     302.2900
2000.358700      21.8354     962.2239     294.3100
2000.361400      22.3492     960.8292     318.0279
2000.364100      21.1715     962.2437     306.3835
2000.366900      21.9585     962.1034     305.0207
2000.369600      22.5237     961.6115     339.5450
2000.372300      21.2049     961.5542     333.9121
2000.375100      22.1469     961.8120     233.0293
2000.377800      22.2831     960.0874     258.0342
2000.380600      21.9552     960.0834     329.7631
2000.383300      19.5616     960.8411     321.2330
2000.386000      22.2227     959.3229     339.4037
2000.388800      21.2890     959.8207     260.8810
2000.391500      22.3051     961.6392     330.9947
2000.394300      20.7327     961.0682     238.6622
2000.397000      20.3446     961.1809     231.1315
2000.399700      21.0704     960.1496     311.5268
2000.402500      19.8927     959.7367     308.6397
2000.405200      22.0058     962.4462     365.8320
2000.407900      21.7897     959.4928     364.8679
2000.410700      22.6705     961.2698     346.6568
2000.413400      21.1862     961.3152     312.7281
2000.416200      21.8973     960.3284     320.0620
2000.418900      21.1674     960.2385     331.0805
2000.421600      21.2457     960.0588     314.4593
2000.424400      22.1958     959.6814     289.7320
2000.427100      22.6485     961.4643     348.6758
2000.429800      23.1101     960.4627     385.0374
2000.432600      24.1482     959.4651     344.0069
2000.435300      22.5245     959.2083     390.2918
2000.438100      22.4951     961.8920     356.4135
2000.440800      22.6795     961.4485     263.6419
2000.443500      22.4527     961.5256     305.3185
2000.446300      23.5040     962.6595     360.8552
2000.449000      22.7039     961.8101     337.1475
2000.451700      19.3064     961.5671     346.2329
2000.454500      21.9292     962.7277     333.1853
2000.457200      20.7841     961.0554     350.3314
2000.460000      22.3965     958.0625     273.8983
2000.462700      20.5843     960.6504     338.5810
2000.465400      21.3322     960.0301     296.6874
2000.468200      21.0997     958.3815     355.7725
2000.470900      21.8933     959.6903     301.0282
2000.473600      21.8835     958.4181     328.7385
2000.476400      21.3485     960.9892     308.6094
2000.479100      21.4684     961.4782     351.4166
2000.481900      20.2736     959.4651     362.0363
2000.484600      22.8116     961.0475     290.3983
2000.487300      21.5361     959.6636     368.1286
2000.490100      20.9619     960.5744     333.6446
2000.492800      20.9733     960.9902     337.5059
2000.495600      20.0795     957.0797     405.5451
2000.498300      22.2668     960.7927     332.0143
2000.501000      22.8238     960.3640     315.2064
2000.503800      21.4537     960.5032     298.5903
2000.506500      21.4790     960.4904     257.7263
2000.509200      18.9328     958.9406     291.5996
2000.512000      20.7352     964.1234     249.9483
2000.514700      20.9774     959.2231     353.5365
2000.517500      21.1267     963.6078     342.1646
2000.520200      19.8952     961.4772     328.8092
2000.522900      20.2296     960.0094     308.9577
2000.525700      23.0562     961.1078     379.1471
2000.528400      21.8639     963.1722     275.9425
2000.531100      20.4057     962.6635     320.1125
2000.533900      21.7554     960.1002     380.8127
2000.536600      19.5991     964.2528     292.7403
2000.539400      20.8559     963.3144     330.8937
2000.542100      21.2792     960.4914     379.5812
2000.544800      21.6511     961.9404     310.2195
2000.547600      20.1235     963.7886     291.9983
2000.550300      21.4031     960.2257     306.2573
2000.553000      22.4788     962.3691     381.0298
2000.555800      21.9993     961.9444     393.1688
2000.558500      19.2843     961.6174     380.2727
2000.561300      19.5151     961.9888     310.3608
2000.564000      20.5028     964.8830     317.8411
2000.566700      20.1431     964.3160     234.8514
2000.569500      22.9584     964.1540     284.2051
2000.572200      23.4069     964.9837     318.8001
2000.574900      21.8036     961.5967     376.7142
2000.577700      21.1919     964.7131     335.8604
2000.580400      21.4113     967.2714     328.9757
2000.583200      20.1089     963.6937     348.9484
2000.585900      23.5415     964.6193     302.4414
2000.588600      22.7463     964.8168     330.3991
2000.591400      19.1530     966.6610     315.6102
2000.594100      21.0133     965.8174     284.4474
2000.596900      21.8133     965.0805     365.0446
2000.599600      22.7268     964.0918     368.2043
2000.602300      26.0876     965.2880     339.9993
2000.605100      23.4322     964.2409     301.0887
2000.607800      21.9455     965.3719     361.8900
2000.610500      22.0254     962.7850     309.1696
2000.613300      23.4558     965.9053     392.6893
2000.616000      23.1932     967.3623     350.3263
2000.618800      21.6429     966.3607     389.8930
2000.621500      23.4314     966.2333     302.9008
2000.624200      22.6289     966.8654     307.2163
2000.627000      22.7610     964.6637     296.6571
2000.629700      21.3118     964.7220     371.6416
2000.632400      23.0089     965.0618     340.6756
2000.635200      22.3859     964.5165     328.2085
2000.637900      20.8004     963.4646     348.3427
2000.640700      22.7153     964.3605     361.7890
2000.643400      24.2844     965.1862     371.0258
2000.646100      23.9558     962.7968     386.6526
2000.648900      24.6139     962.1014     321.6317
2000.651600      22.1461     962.9628     295.4154
2000.654300      21.4692     962.1311     363.4042
2000.657100      24.4386     962.6487     362.0262
2000.659800      21.9259     961.0534     345.7786
2000.662600      23.4461     961.1730     310.3861
2000.665300      22.8809     963.1900     338.5355
2000.668000      25.2460     958.2314     408.9975
2000.670800      22.5506     964.3970     324.0595
2000.673500      21.9218     963.3401     239.7727
2000.676200      24.8529     962.3286     349.9478
2000.679000      21.6054     962.3721     331.7821
2000.681700      23.5056     961.2806     358.7908
2000.684500      23.5912     963.6937     312.7634
2000.687200      24.0903     961.8357     295.3750
2000.689900      23.6940     964.0394     315.3982
2000.692700      22.7422     958.4240     331.6862
2000.695400      25.0176     962.2802     324.2665
2000.698200      23.5872     964.1718     340.1558
2000.700900      23.8343     963.1238     246.7583
2000.703600      25.2207     962.5311     335.8957
2000.706400      27.0589     962.0234     324.2614
2000.709100      25.5542     962.8235     315.8221
2000.711800      21.6853     966.6264     305.7525
2000.714600      24.6074     963.4586     276.7501
2000.717300      24.9801     961.6056     274.9835
2000.720100      24.9255     965.3897     352.2898
2000.722800      25.9832     962.8205     324.7510
2000.725500      24.2632     963.0783     332.4887
2000.728300      27.6673     960.8707     347.9995
2000.731000      23.5317     961.5730     335.6282
2000.733700      24.7550     961.1828     358.3669
2000.736500      21.8288     965.2198     355.5151
2000.739200      24.2290     966.7104     302.9512
2000.742000      24.8594     965.7888     268.2452
2000.744700      26.6145     961.3735     247.4246
2000.747400      27.1984     960.4400     209.0692
2000.750200      28.1933     962.9904     252.9868
2000.752900      25.5714     960.4084     316.9578
2000.755600      24.7836     963.7757     310.5627
2000.758400      25.0551     964.7872     315.4890
2000.761100      25.0413     962.2328     296.8186
2000.763900      25.1962     963.5317     233.0646
2000.766600      24.8194     961.4515     306.6914
2000.769300      24.2649     961.9138     317.1092
2000.772100      26.6789     959.7051     262.2034
2000.774800      25.3634     962.6783     317.9572
2000.777500      21.9985     959.9708     343.2902
2000.780300      23.2275     962.7919     352.1182
2000.783000      22.8972     959.6567     305.4093
2000.785800      24.5454     960.6633     308.7103
2000.788500      24.0610     959.3653     263.0867
2000.791200      25.7663     960.2563     198.8886
2000.794000      23.5097     958.9436     317.3111
2000.796700      21.2555     960.2770     292.4576
2000.799500      24.9630     962.8077     201.5536
2000.802200      22.1208     960.1180     289.8279
2000.804900      23.5138     963.2156     157.3029
2000.807700      24.4043     962.2704     286.7086
2000.810400      25.9751     957.8402     221.3193
2000.813100      25.7280     961.2036     291.1857
2000.815900      23.1019     959.1253     309.9167
2000.818600      23.4738     961.5434     272.9897
2000.821400      23.7804     963.2710     305.1670
2000.824100      25.8748     961.7923     321.6014
2000.826800      26.5435     962.5311     283.6095
2000.829600      26.6055     962.3830     291.0948
2000.832300      25.9539     961.6639     250.5994
2000.835000      26.4685     960.5220     294.5675
2000.837800      24.4272     959.3890     235.4117
2000.840500      25.6488     960.0429     120.3608
2000.843300      26.8722     961.8367     222.6972
2000.846000      23.2593     962.5766     235.7044
2000.848700      24.6718     964.4049     270.7386
2000.851500      25.0723     959.6883     297.7221
2000.854200      25.3642     962.6151     265.6155
2000.856900      24.0072     961.9721     277.6334
2000.859700      24.9915     963.0319     295.6426
2000.862400      24.4834     964.9452     270.4812
2000.865200      25.7483     962.5400     279.2183
2000.867900      25.2509     962.3267     280.2378
2000.870600      25.5387     962.3948     289.5352
2000.873400      23.4110     963.6592     283.1552
2000.876100      25.5632     963.5791     277.8100
2000.878900      25.7859     964.8889     302.3607
2000.881600      25.3226     964.0997     269.0578
2000.884300      24.8488     963.4774     266.3271
2000.887100      26.2214     960.1733     306.1261
2000.889800      26.3127     961.4347     278.4258
2000.892500      24.7061     963.2147     274.6352
2000.895300      24.7273     963.5673     262.2286
2000.898000      25.8748     962.1113     243.3260
2000.900800      25.9155     966.2115     251.9824
2000.903500      26.4424     961.1423     225.2361
2000.906200      23.7878     965.2751     238.5461
2000.909000      23.1720     967.4709     248.9287
2000.911700      25.5314     965.1882     177.9165
2000.914400      23.7592     963.3846     278.9205
2000.917200      22.3818     963.3618     315.2064
2000.919900      22.8515     960.2938     274.0497
2000.922700      21.6470     964.6114     326.8659
2000.925400      23.8677     967.0235     298.3328
2000.928100      26.4212     960.9211     295.0924
2000.930900      21.2604     965.4549     408.4827
2000.933600      24.9556     963.8211     291.6400
2000.936300      24.9703     964.6084     320.7484
2000.939100      23.8579     966.1266     293.5832
2000.941800      25.8364     966.7400     254.3749
2000.944600      26.1153     964.3012     377.1231
2000.947300      25.1204     962.5934     443.9661
2000.950000      24.4125     963.8557     323.0904
2000.952800      26.2466     962.4185     139.5814
2000.955500      25.7524     964.4701     300.0591
2000.958200      26.8143     964.4632     287.4960
2000.961000      27.4765     962.3662     289.2980
2000.963700      25.6774     964.9699     296.9650
2000.966500      26.8404     964.1767     295.5265
2000.969200      26.3502     965.1566     269.5928
2000.971900      25.7948     963.9417     347.1515
2000.974700      26.9089     964.2459     305.3336
2000.977400      25.6896     964.1837     260.9062
2000.980200      24.3040     962.6319     310.8959
2000.982900      23.9917     961.9829     325.0791
2000.985600      23.9020     961.6747     353.7384
2000.988400      24.3595     963.3618     324.2463
2000.991100      24.0871     963.3016     280.2328
2000.993800      24.5805     962.3395     303.7033
2000.996600      26.8803     961.8841     311.8801
2000.999300      25.3243     962.5094     318.9566
2001.002100      26.2067     962.9055     297.9492
2001.004800      25.7565     959.8217     311.5722
2001.007500      21.5972     958.7035     363.4244
2001.010300      24.1588     962.1044     298.0956
2001.013000      24.0422     965.5813     216.7362
2001.015700      22.8564     962.6921     135.4425
2001.018500      25.7687     961.9306     268.4370
2001.021200      24.6164     962.4126     264.0709
2001.024000      25.6594     962.0896     298.2167
2001.026700      22.8850     961.7952     305.5103
2001.029400      24.2991     960.8114     313.5760
2001.032200      22.5579     960.3946     341.8063
2001.034900      23.3710     960.0163     348.1256
2001.037600      22.9453     961.1591     348.9029
2001.040400      24.6286     962.5450     286.1736
2001.043100      25.3316     958.4675     336.4510
2001.045900      26.7572     959.0374     329.0868
2001.048600      26.7262     960.3976     321.0614
2001.051300      25.9800     960.2198     300.1751
2001.054100      26.8314     961.2954     295.5769
2001.056800      27.5727     963.4349     216.0851
2001.059500      26.5313     961.3577     271.4654
2001.062300      25.4963     960.1664     286.5623
2001.065000      26.7645     959.4918     267.3972
2001.067800      26.9097     958.1613     288.3642
2001.070500      27.0165     958.0427     304.0364
2001.073200      26.2915     957.2614     267.4325
2001.076000      27.4284     958.0269     303.3399
2001.078700      25.8723     957.3918     309.5734
2001.081500      25.4963     956.8377     316.0190
2001.084200      26.2695     957.4461     309.2958
2001.086900      26.6838     958.1178     346.4903
2001.089700      26.9032     956.3685     378.8594
2001.092400      27.6689     955.3896     359.7145
2001.095100      25.7687     954.4818     375.7300
2001.097900      26.7449     956.9878     301.6995
2001.100600      27.4292     958.0862     347.9187
2001.103400      27.1250     957.1389     309.3715
2001.106100      28.3687     958.8566     279.4858
2001.108800      27.4039     956.7152     305.7374
2001.111600      26.6797     956.3507     294.4665
2001.114300      27.0190     957.5488     251.2808
2001.117000      26.5875     956.2075     326.8962
2001.119800      26.2825     957.1942     326.7195
2001.122500      25.4474     955.2217     351.5730
2001.125300      27.8255     954.1509     325.4223
2001.128000      27.5148     955.9250     345.2284
2001.130700      27.5621     953.8526     334.3967
2001.133500      25.9131     953.4150     339.5905
2001.136200      27.0328     953.5770     323.8677
2001.138900      26.4464     953.0229     321.8942
2001.141700      28.5293     951.6558     314.9035
2001.144400      27.5735     952.7118     325.1649
2001.147200      27.2008     955.9516     342.9520
2001.149900      27.2604     952.7750     318.0632
2001.152600      26.7784     953.8023     277.5526
2001.155400      27.3476     953.7588     310.4466
2001.158100      25.7133     951.6904     337.6220
2001.160800      26.3421     953.6551     279.4000
2001.163600      25.5681     949.5292     249.3628
2001.166300      24.2567     952.4648     226.4475
2001.169100      24.9728     950.5723     272.2478
2001.171800      25.8038     952.3996     276.9520
2001.174500      23.3694     953.6017     286.4966
2001.177300      25.2819     953.8961     269.5121
2001.180000      25.1473     953.1316     259.4425
2001.182800      26.7506     951.6114     294.5624
2001.185500      25.3610     953.2679     268.1846
2001.188200      24.4973     950.9921     277.7696
2001.191000      25.6953     947.5665     255.8638
2001.193700      26.3274     948.9622     275.2459
2001.196400      25.9897     950.2433     293.4671
2001.199200      26.0322     947.4331     310.1287
2001.201900      26.7523     951.4543     285.2348
2001.204700      26.2744     950.0764     336.9305
2001.207400      25.5314     948.9020     294.4766
2001.210100      27.6437     949.1746     316.4783
2001.212900      25.6692     949.1548     308.4882
2001.215600      27.4863     949.6734     342.3161
2001.218300      26.9480     949.2111     338.0157
2001.221100      27.2506     949.2052     323.6507
2001.223800      27.1405     950.0122     300.1045
2001.226600      26.3861     948.6570     329.2231
2001.229300      27.2098     950.0132     337.2182
2001.232000      25.9310     949.8305     271.8137
2001.234800      27.1454     949.6527     293.2854
2001.237500      27.5238     950.2779     304.3342
2001.240200      25.7826     949.8305     314.1918
2001.243000      24.1719     950.2157     307.9078
2001.245700      22.6444     950.0715     325.4678
2001.248500      25.0829     951.8998     327.6079
2001.251200      27.3068     949.7257     326.9719
2001.253900      26.4831     947.8836     314.6612
2001.256700      27.8549     947.3996     275.4832
2001.259400      25.6652     946.4938     287.9856
2001.262100      26.6985     948.7933     292.4627
2001.264900      26.7254     950.9516     300.1045
2001.267600      25.1245     950.3836     305.0106
2001.270400      26.9725     948.6175     316.7256
2001.273100      26.3853     950.3233     296.0615
2001.275800      24.8333     950.9585     315.1508
2001.278600      26.6560     949.5598     308.8618
2001.281300      25.7263     948.7084     339.4542
2001.284100      26.4652     946.8030     320.7585
2001.286800      26.5239     946.2903     370.4352
2001.289500      27.5238     947.6613     322.8431
2001.292300      26.4375     948.7251     330.2477
2001.295000      27.4357     949.6408     338.0560
2001.297700      26.7784     947.6505     347.6461
2001.300500      26.0737     948.8773     314.1111
2001.303200      25.5812     949.7732     308.5589
2001.306000      25.8748     949.8334     321.6065
2001.308700      24.8080     950.0102     377.5521
2001.311400      24.2583     951.2084     362.6269
2001.314200      25.7598     949.0254     334.8105
2001.316900      25.4246     947.6742     318.2197
2001.319600      25.9441     950.6276     326.2350
2001.322400      26.2540     951.6311     359.5631
2001.325100      25.4882     951.7526     350.7957
2001.327900      23.8824     948.6027     304.5765
2001.330600      26.3445     950.3550     333.2055
2001.333300      25.1840     951.7457     309.4977
2001.336100      25.5583     952.0855     326.5933
2001.338800      25.4547     952.2347     323.9434
2001.341500      24.7452     951.5462     249.2921
2001.344300      24.0594     952.1833     336.0573
2001.347000      25.0608     951.5245     326.4318
2001.349800      25.4572     950.7599     337.6926
2001.352500      26.5419     951.4287     348.3023
2001.355200      24.7061     952.9567     412.5459
2001.358000      24.7909     951.2874     366.2661
2001.360700      26.0118     953.3904     360.2647
2001.363400      25.3561     952.4846     339.8024
2001.366200      25.6619     953.7795     376.3660
2001.368900      25.1538     952.3700     376.6133
2001.371700      24.8977     952.4836     357.8268
2001.374400      25.9636     955.5200     340.7362
2001.377100      25.9677     953.7627     348.4638
2001.379900      25.0331     955.0577     281.5552
2001.382600      25.0021     953.3587     380.3534
2001.385400      25.0812     953.5721     268.9871
2001.388100      24.3089     954.1312     343.4214
2001.390800      23.6622     954.1499     362.9550
2001.393600      24.2836     953.7845     326.3662
2001.396300      24.8415     953.1553     379.1723
2001.399000      22.9926     955.2562     391.0943
2001.401800      23.3898     954.0867     360.7391
2001.404500      26.5941     954.2408     295.0268
2001.407300      25.5061     954.0927     338.0056
2001.410000      26.1838     954.7298     366.3014
2001.412700      24.5364     954.9184     398.9633
2001.415500      23.4208     952.2752     426.1234
2001.418200      23.2340     951.4958     359.6994
2001.420900      24.8937     955.7195     367.7904
2001.423700      23.7959     954.9026     308.0592
2001.426400      25.6138     952.7523     371.6416
2001.429200      22.4772     957.4461     332.7562
2001.431900      21.8704     953.3034     359.9719
2001.434600      22.4258     955.2256     322.9340
2001.437400      23.4885     954.6478     340.3122
2001.440100      22.1322     952.7700     355.3435
2001.442800      20.7727     953.6442     386.6930
2001.445600      22.0132     951.8692     419.9656
2001.448300      23.4860     954.4532     357.1403
2001.451100      23.2128     952.3739     296.3795
2001.453800      22.7577     951.9364     313.9041
2001.456500      23.4779     952.7908     274.8068
2001.459300      23.0709     954.1302     313.1167
2001.462000      24.3611     952.3473     335.5727
2001.464800      21.3534     955.5763     356.8476
2001.467500      21.9830     953.1572     372.3129
2001.470200      24.2420     952.8184     310.9362
2001.473000      24.4484     955.5802     334.5380
2001.475700      22.5718     954.8098     328.7738
2001.478400      21.5556     954.8562     376.3861
2001.481200      21.6372     954.1835     359.1088
2001.483900      21.8337     951.5916     380.7067
2001.486700      24.7517     954.5213     415.3219
2001.489400      25.3618     955.8104     316.9275
2001.492100      24.1809     953.7045     353.0671
2001.494900      20.9505     955.0765     369.9254
2001.497600      21.0688     955.1436     285.0430
2001.500300      23.4689     955.1930     293.5479
2001.503100      22.8336     953.9465     383.3516
2001.505800      25.6064     953.5859     349.5238
2001.508600      21.9332     954.4443     359.6338
2001.511300      21.5834     959.0423     341.1602
2001.514000      22.1706     955.1387     305.6718
2001.516800      23.7690     955.0439     273.2320
2001.519500      23.6687     954.7475     347.4897
2001.522200      25.4066     951.9858     333.8768
2001.525000      24.5299     954.8562     409.2146
2001.527700      22.1200     955.5348     360.4413
2001.530500      23.3865     955.7126     375.6694
2001.533200      24.3065     955.0073     370.5160
2001.535900      24.7036     954.9313     407.5237
2001.538700      25.0519     954.5164     406.2719
2001.541400      24.1279     954.2714     357.4381
2001.544100      22.4005     954.4038     372.2170
2001.546900      25.1065     954.8424     342.8915
2001.549600      24.1670     956.1689     278.2693
2001.552400      24.0365     956.7586     307.9381
2001.555100      24.1173     953.9544     339.4087
2001.557800      25.6717     952.2742     392.3865
2001.560600      24.8676     956.5660     352.6279
2001.563300      26.9912     957.4757     272.7828
2001.566100      26.2450     954.9658     362.0919
2001.568800      23.7690     958.6947     358.1246
2001.571500      24.1132     957.0797     343.8808
2001.574300      24.6767     957.7178     388.9441
2001.577000      27.6053     956.6036     322.5100
2001.579700      24.9768     957.3454     351.1490
2001.582500      25.4254     956.4011     321.6873
2001.585200      25.6276     955.8124     311.6934
2001.588000      25.0617     957.0678     356.8829
2001.590700      25.5192     956.8959     283.3370
2001.593400      25.3797     955.9743     320.4203
2001.596200      26.3209     957.2071     333.0339
2001.598900      24.6188     953.8329     319.3200
2001.601600      24.9458     951.4049     365.7714
2001.604400      25.8372     955.0468     345.7281
2001.607100      23.4037     954.4492     309.3514
2001.609900      25.5714     952.5814     325.6293
2001.612600      26.3168     952.8599     384.6589
2001.615300      26.3162     953.0471     383.6232
2001.618100      26.3143     953.2041     380.5407
2001.620800      26.3108     953.3256     375.8896
2001.623500      26.3053     953.4238     369.8438
2001.626300      26.2971     953.5071     362.3682
2001.629000      26.2865     953.5755     354.2551
2001.631800      26.2724     953.6404     345.1742
2001.634500      26.2553     953.7032     336.0321
2001.637200      26.2346     953.7719     326.7649
2001.640000      26.2088     953.8556     317.2899
2001.642700      26.1796     953.9545     308.5419
2001.645400      26.1456     954.0769     300.4287
2001.648200      26.1051     954.2350     292.9532
2001.650900      26.0605     954.4234     286.9073
2001.653700      26.0082     954.6623     282.1141
2001.656400      25.9516     954.9407     279.1738
2001.659100      25.8886     955.2720     278.1381
2001.661900      25.1522     957.8136     328.8748
2001.664600      27.3533     955.8479     239.1014
2001.667400      25.3626     955.9279     320.9402
2001.670100      24.9597     954.9747     269.2849
2001.672800      25.5665     957.1231     306.7772
2001.675600      27.5083     954.4028     347.7168
2001.678300      25.0437     957.3118     302.9108
2001.681000      23.5749     954.4700     300.1095
2001.683800      27.5825     954.1470     320.9049
2001.686500      26.4220     956.1857     268.9922
2001.689300      27.3028     954.9145     300.1398
2001.692000      28.9306     954.6023     291.1605
2001.694700      26.1985     955.4370     280.1621
2001.697500      24.5495     956.1956     308.6245
2001.700200      26.5378     954.7268     295.1479
2001.702900      26.4367     955.1328     311.0372
2001.705700      26.4619     954.4236     318.2348
2001.708400      27.9210     956.4633     326.6943
2001.711200      26.6658     953.9366     277.6334
2001.713900      27.2261     957.2002     327.5978
2001.716600      27.3819     957.1982     210.9468
2001.719400      26.1259     955.3027     348.0247
2001.722100      26.7156     957.2910     281.5704
2001.724800      27.1633     954.5194     253.4815
2001.727600      28.1020     955.6128     216.0548
2001.730300      26.5239     956.0178     298.8426
2001.733100      27.2383     956.1936     290.8021
2001.735800      29.9207     958.8438     225.4834
2001.738500      26.2997     955.1792     246.8138
2001.741300      25.6774     956.4584     281.9994
2001.744000      26.1316     957.2782     315.4991
2001.746700      28.4780     956.6697     294.4211
2001.749500      23.7397     954.9352     316.3875
2001.752200      24.4981     956.0139     278.9962
2001.755000      26.1088     956.6885     172.8287
2001.757700      27.1470     953.4881     295.2943
2001.760400      26.2124     951.2627     258.6904
2001.763200      28.1933     954.7406     163.9604
2001.765900      26.2613     953.8437     190.8127
2001.768700      26.9496     955.2483     239.0206
2001.771400      28.0229     955.7481     256.2172
2001.774100      27.1209     953.4081     274.7715
2001.776900      26.1439     955.3491     223.1212
2001.779600      25.4800     953.4526     273.4087
2001.782300      25.2256     953.8773     193.4172
2001.785100      25.1791     955.0903     176.9323
2001.787800      26.3885     954.1243     249.2971
2001.790600      29.4224     952.2752     306.8630
2001.793300      28.4225     954.1085     227.5630
2001.796000      30.1188     956.9236     167.7308
2001.798800      28.5098     952.0381     192.0342
2001.801500      29.6646     956.8890     236.1486
2001.804200      27.8843     956.8386     196.9453
2001.807000      27.8263     955.3274     252.8909
2001.809700      29.1312     955.8884     133.2872
2001.812500      26.9839     954.3910     236.2092
2001.815200      28.6558     952.9617     167.0747
2001.817900      28.7471     953.8161     251.5685
2001.820700      28.5204     956.1136     163.7737
2001.823400      29.8277     955.6859     254.5515
2001.826100      28.0457     955.5802     185.3413
2001.828900      28.8115     955.2108     201.9473
2001.831600      30.6367     953.8497     239.6061
2001.834400      29.8823     951.3546     296.1675
2001.837100      29.5749     957.4254     207.6408
2001.839800      28.0629     956.3191     239.8585
2001.842600      27.7766     953.6877     258.0645
2001.845300      28.2961     951.4079     314.1010
2001.848000      28.7805     954.6468     258.1655
2001.850800      27.4895     956.3339     283.2158
2001.853500      27.1796     955.2720     251.2404
2001.856300      28.5228     958.0882     186.0732
2001.859000      28.8792     956.1354     273.6711
2001.861700      29.6279     956.0504     278.4662
2001.864500      27.5874     953.6936     278.9760
2001.867200      27.5907     954.5579     290.2065
2001.870000      27.4765     953.3429     318.2701
2001.872700      27.0826     954.8434     325.8514
2001.875400      27.1527     954.6112     306.0655
2001.878200      26.8355     955.0320     308.8113
2001.880900      28.9233     954.1796     265.9536
2001.883600      28.3565     958.4368     260.4974
2001.886400      27.3281     957.0451     272.1822
2001.889100      27.6641     954.4107     312.0568
2001.891900      27.8157     957.3128     223.2323
2001.894600      28.3581     955.6780     283.3470
2001.897300      30.8496     955.6978     249.7009
2001.900100      28.1371     952.9251     307.2415
2001.902800      28.4241     958.1860     279.7785
2001.905500      29.5724     955.6099     335.7645
2001.908300      28.3728     956.3714     315.7111
2001.911000      27.6429     958.2037     296.1120
2001.913800      27.9438     958.5228     293.9264
2001.916500      29.1598     956.7833     257.3781
2001.919200      28.3891     955.7659     280.5154
2001.922000      28.2904     957.7780     280.2126
2001.924700      29.4998     957.6792     292.1094
2001.927400      28.9518     958.3035     296.9196
2001.930200      26.9350     958.6838     310.0933
2001.932900      28.8401     954.0788     303.7740
2001.935700      28.7838     955.5299     299.4685
2001.938400      27.9071     956.8772     288.4449
2001.941100      27.4398     957.5093     281.4139
2001.943900      29.4680     954.7090     293.3662
2001.946600      29.6205     956.9295     255.1774
2001.949300      28.8425     954.4364     287.5768
2001.952100      28.7112     955.3442     333.8414
2001.954800      26.4611     952.9360     374.9224
2001.957600      28.0604     951.6628     330.2578
2001.960300      28.6867     954.0334     266.6048
2001.963000      29.8424     954.0235     234.0388
2001.965800      28.6207     953.3064     288.7125
2001.968500      28.1159     951.9295     270.5165
2001.971300      28.6101     953.5286     248.3583
2001.974000      28.8482     955.6069     182.2119
2001.976700      28.3132     956.8456     228.4816
2001.979500      30.6106     954.9125     247.5457
2001.982200      31.5958     953.2323     282.8070
2001.984900      28.2847     952.9567     225.0695
2001.987700      27.0165     954.0265     274.2718
2001.990400      29.2022     953.2659     232.8476
2001.993200      32.0982     951.2637     246.6573
2001.995900      28.1811     952.0282     269.3909
2001.998600      28.5881     956.6411     259.3314
2002.001400      30.8300     955.5387     271.8642
2002.004100      26.9635     957.6101     238.0263
2002.006800      29.0448     954.0097     272.6667
2002.009600      28.0914     952.5379     305.1973
2002.012300      31.0738     955.9210     217.8113
2002.015100      30.8569     954.8740     186.8202
2002.017800      29.2136     951.9690     288.0260
2002.020500      27.8949     953.6245     274.2062
2002.023300      27.2930     954.2774     285.2297
2002.026000      28.9078     955.2997     315.4083
2002.028700      32.1577     954.0917     270.4862
2002.031500      29.4778     951.3091     274.2163
2002.034200      28.2977     953.1098     245.1583
2002.037000      31.2524     949.8591     262.9605
2002.039700      29.2919     950.1337     264.9593
2002.042400      29.8016     951.4622     291.1403
2002.045200      26.3233     963.3065     141.6005
2002.047900      25.1726     963.5703       0.0000
2002.050700      28.3059     959.3406      70.2803
2002.053400      29.5887     952.0114     279.5261
2002.056100      28.4274     950.9842     304.1424
2002.058900      28.9029     949.4818     291.7359
2002.061600      30.0226     950.4557     271.8036
2002.064300      28.6109     950.5268     290.8021
2002.067100      27.4732     951.6489     266.1202
2002.069800      28.2831     950.0616     301.7954
2002.072600      29.4762     958.0704     280.6770
2002.075300      29.3873     949.8897     265.3227
2002.078000      29.1622     950.2907     268.0281
2002.080800      28.2537     947.4233     267.9272
2002.083500      29.4737     951.3240     265.2016
2002.086200      30.3309     951.0908     255.0613
2002.089000      31.0600     950.4429     274.6453
2002.091700      30.5144     950.2048     286.6582
2002.094500      28.7202     950.1297     272.4648
2002.097200      29.0252     950.4172     298.2672
2002.099900      29.6083     951.9462     321.7478
2002.102700      28.7903     949.5470     309.5381
2002.105400      27.6967     946.6133     293.8507
2002.108100      28.4250     945.9495     349.8115
2002.110900      28.1942     946.8909     349.2462
2002.113600      28.9249     947.1220     297.8937
2002.116400      28.8776     946.7546     293.0280
2002.119100      29.7184     947.4707     246.1980
2002.121800      27.6616     947.2148     291.1655
2002.124600      26.2254     947.7384     287.4153
2002.127300      29.3351     945.1988     265.4136
2002.130000      29.1753     944.9292     276.0788
2002.132800      27.8157     946.1332     290.5548
2002.135500      27.0826     948.8308     273.9841
2002.138300      28.1012     943.8485     269.0982
2002.141000      28.0596     950.4705     280.5407
2002.143700      29.6385     946.3802     277.7646
2002.146500      29.3612     947.3284     291.1302
2002.149200      29.1190     943.9641     292.5838
2002.152000      28.3426     943.8229     296.6218
2002.154700      28.9094     945.6670     287.7181
2002.157400      30.0414     944.0007     246.7633
2002.160200      31.5942     946.2982     221.5010
2002.162900      29.6099     946.4049     281.5401
2002.165600      26.7180     948.0367     319.9560
2002.168400      27.5230     947.6643     314.2070
2002.171100      29.6108     948.3458     290.6658
2002.173900      30.2526     945.7401     298.5751
2002.176600      29.1255     946.5619     283.4732
2002.179300      29.1206     945.8853     303.5165
2002.182100      29.6148     945.1613     306.4996
2002.184800      27.9691     944.7691     319.4311
2002.187500      28.1077     945.3519     299.4786
2002.190300      29.3473     945.4428     284.7502
2002.193000      29.4583     948.3725     270.6326
2002.195800      27.9552     945.0615     308.3267
2002.198500      28.6239     946.0236     291.6854
2002.201200      28.5041     946.6005     308.1450
2002.204000      29.6744     947.7591     281.1918
2002.206700      28.3524     946.3901     280.0561
2002.209400      29.0554     945.8735     270.2692
2002.212200      28.8123     945.7352     325.7151
2002.214900      28.5473     944.2763     316.0745
2002.217700      30.3423     945.1277     317.2203
2002.220400      30.7427     946.2182     317.8714
2002.223100      28.1167     948.0712     283.6297
2002.225900      27.4072     947.3778     312.6069
2002.228600      29.2438     944.7919     310.1791
2002.231300      29.3596     946.5639     352.9207
2002.234100      28.1860     946.1332     288.3288
2002.236800      29.9419     944.9460     298.1007
2002.239600      30.0463     946.1491     279.5362
2002.242300      29.4118     946.6597     248.2271
2002.245000      27.8794     948.0495     255.1017
2002.247800      27.5417     947.2642     303.6427
2002.250500      29.6744     947.5329     230.3794
2002.253300      28.3100     948.1295     295.2186
2002.256000      27.9723     950.9180     241.6554
2002.258700      30.1694     949.8640     246.2233
2002.261500      28.5881     947.2089     255.5711
2002.264200      28.1151     950.1821     285.0682
2002.266900      26.6226     947.2257     319.0222
2002.269700      27.5915     945.8903     297.8937
2002.272400      26.8885     946.0523     328.8495
2002.275200      28.3736     946.5827     277.1438
2002.277900      28.2276     946.8158     240.0301
2002.280600      27.1087     946.1471     279.4353
2002.283400      27.9063     948.1868     270.5670
2002.286100      27.3892     949.6823     246.6826
2002.288800      24.1181     947.9685     297.8887
2002.291600      27.1992     946.4227     294.5776
2002.294300      26.2964     948.7321     315.4234
2002.297100      27.4406     948.9681     269.2446
2002.299800      26.1129     950.7224     257.6052
2002.302500      26.9488     947.9428     273.2219
2002.305300      25.8650     949.3158     251.2656
2002.308000      25.5681     949.1667     291.1907
2002.310700      26.5337     948.2658     266.4382
2002.313500      27.5254     946.9482     210.3260
2002.316200      27.9756     949.0116     270.7689
2002.319000      26.3714     946.2952     276.8258
2002.321700      26.9439     948.8002     276.6744
2002.324400      26.3486     947.7789     301.0685
2002.327200      24.8765     949.8522     296.9044
2002.329900      27.0385     951.1955     194.6134
2002.332600      26.5998     948.5335     270.9809
2002.335400      27.2946     946.3150     277.7999
2002.338100      25.7850     946.8928     291.0191
2002.340900      26.2336     949.0126     199.5801
2002.343600      26.1814     948.1997     308.6750
2002.346300      26.7564     949.1331     283.2966
2002.349100      25.6880     948.2609     273.4137
2002.351800      26.7131     949.0373     255.8790
2002.354600      26.8746     949.9924     275.7810
2002.357300      25.8438     947.9201     295.5517
2002.360000      26.2271     948.7449     286.7440
2002.362800      27.1927     948.2836     287.9604
2002.365500      27.9332     949.7514     242.4327
2002.368200      27.3966     948.7775     276.4371
2002.371000      26.7123     949.3948     306.9336
2002.373700      25.7410     945.8577     308.2308
2002.376500      26.8860     948.8032     301.6036
2002.379200      26.0118     948.2234     302.1083
2002.381900      26.4880     947.9409     246.7633
2002.384700      26.0990     948.3439     321.7680
2002.387400      28.3075     948.5790     271.0414
2002.390100      26.3274     947.8608     302.1588
2002.392900      27.2759     949.7099     325.3567
2002.395600      26.5402     946.7654     302.9411
2002.398400      25.7647     948.0732     278.1835
2002.401100      27.4406     946.2923     263.0766
2002.403800      27.5686     947.4440     242.3317
2002.406600      25.6334     942.7778     315.7061
2002.409300      27.0638     945.0684     341.8315
2002.412000      26.8167     942.0538     256.6008
2002.414800      24.5536     946.5866     311.0271
2002.417500      25.9718     947.0420     308.1248
2002.420300      26.3551     944.8235     324.3977
2002.423000      26.8444     947.7927     350.7755
2002.425700      24.9613     945.5989     288.1320
2002.428500      25.7043     945.3608     306.6358
2002.431200      24.0194     947.2583     264.5353
2002.433900      25.3332     945.4754     334.3260
2002.436700      25.3194     949.0659     236.8603
2002.439400      26.3771     945.7322     302.3102
2002.442200      23.2087     946.2251     305.6869
2002.444900      24.9263     946.8267     304.0213
2002.447600      26.5133     947.3847     268.3057
2002.450400      26.1202     945.5564     361.5720
2002.453100      25.5298     946.6726     312.1123
2002.455900      26.6471     948.9928     340.9129
2002.458600      25.6130     947.9853     291.3422
2002.461300      25.2973     949.4709     263.4400
2002.464100      25.0445     948.5790     315.2518
2002.466800      25.6488     947.8184     332.1909
2002.469500      26.9276     947.6060     326.5631
2002.472300      26.3543     948.8822     321.9649
2002.475000      24.8251     949.8611     303.6579
2002.477800      25.0967     950.5288     294.3757
2002.480500      24.2013     949.1578     290.1762
2002.483200      27.5262     948.9434     264.6766
2002.486000      26.1308     945.7411     285.1490
2002.488700      26.1423     946.9314     264.4192
2002.491400      27.4691     947.7265     250.8871
2002.494200      25.9172     949.5736     268.1745
2002.496900      26.2165     949.8048     297.8483
2002.499700      25.7867     947.1842     315.6707
2002.502400      26.0452     946.3278     313.7325
2002.505100      28.5946     948.7627     243.2503
2002.507900      27.2416     949.4847     268.0887
2002.510600      26.3209     947.9251     309.9570
2002.513300      27.0760     948.3379     326.6337
2002.516100      27.2693     947.6376     268.9064
2002.518800      28.7308     949.4749     321.1775
2002.521600      27.5654     951.2568     338.9949
2002.524300      26.7180     948.8901     343.0378
2002.527000      26.0240     949.4393     368.1488
2002.529800      27.8541     948.8940     310.0984
2002.532500      26.6381     948.0288     343.9817
2002.535200      26.9374     950.8370     317.0891
2002.538000      25.2843     949.4353     362.8994
2002.540700      28.7275     948.5404     353.7788
2002.543500      28.7748     949.8077     318.9314
2002.546200      28.6851     948.7360     320.4203
2002.548900      25.5208     945.0951     294.1132
2002.551700      28.0669     944.7049     334.2806
2002.554400      26.4407     949.4067     292.3920
2002.557200      26.2499     948.7963     281.6915
2002.559900      26.8656     950.3224     323.2065
2002.562600      28.0327     948.5118     307.3728
2002.565400      26.3584     948.1947     294.3807
2002.568100      26.2287     948.8387     282.1710
2002.570800      26.6675     950.2680     308.7255
2002.573600      24.7134     949.9816     345.4858
2002.576300      25.7434     950.5565     280.4852
2002.579100      26.7058     951.6815     356.7517
2002.581800      27.2016     949.4403     350.9118
2002.584500      26.4334     950.0922     333.9727
2002.587300      26.1243     950.7234     352.2696
2002.590000      28.0743     948.6619     332.4837
2002.592700      25.7361     946.6982     313.9496
2002.595500      28.4592     943.1364     329.4149
2002.598200      25.3593     948.6125     321.7276
2002.601000      26.4848     948.4071     322.4999
2002.603700      27.6844     946.3871     319.5623
2002.606400      25.6643     947.9972     286.1383
2002.609200      26.9978     947.1141     315.3628
2002.611900      26.7719     946.4879     332.6553
2002.614600      24.9410     946.6439     306.5450
2002.617400      26.3730     948.4328     328.9505
2002.620100      27.1755     950.0053     259.0336
2002.622900      28.2994     949.2417     304.4907
2002.625600      27.2946     951.4830     276.2655
2002.628300      26.1773     949.6951     279.2586
2002.631100      26.8330     950.3332     341.2208
2002.633800      24.4451     955.2256     298.2016
2002.636600      24.9891     953.7825     324.1807
2002.639300      28.1281     952.3828     213.9198
2002.642000      26.8094     949.2793     287.4102
2002.644800      26.1496     949.8482     276.1898
2002.647500      27.5988     951.1471     221.7281
2002.650200      26.8330     951.4336     193.2254
2002.653000      29.6727     950.4695     316.3067
2002.655700      27.2367     949.5065     298.1461
2002.658500      26.9668     950.1169     282.0196
2002.661200      28.7928     948.6777     283.0846
2002.663900      27.2897     948.0001     247.2277
2002.666700      27.8843     948.5552     269.3253
2002.669400      29.0464     949.0274     287.3143
2002.672100      28.1338     952.2732     330.2578
2002.674900      27.5939     952.6713     237.3650
2002.677600      27.3917     950.2512     306.4289
2002.680400      29.5896     949.0610     254.8241
2002.683100      28.7977     948.5296     311.7792
2002.685800      27.2979     949.7435     336.9103
2002.688600      28.0457     952.3611     231.8129
2002.691300      27.2571     951.0592     231.4747
2002.694000      27.6078     950.4923     324.8924
2002.696800      27.2856     950.3036     277.0832
2002.699500      25.8894     949.5252     263.5965
2002.702300      26.3437     949.4245     281.2019
2002.705000      27.7211     948.7558     233.3372
2002.707700      26.4766     949.5410     272.0661
2002.710500      28.3671     947.3976     288.1976
2002.713200      27.4137     952.1675     186.4820
2002.715900      27.5646     948.5207     223.9843
2002.718700      28.3703     949.5825     206.3335
2002.721400      28.1754     951.1620     280.8435
2002.724200      29.3840     949.1667     262.8899
2002.726900      27.2856     949.0195     319.2292
2002.729600      25.7859     949.3909     306.3683
2002.732400      26.9627     947.2307     272.1872
2002.735100      28.2839     947.5369     241.9784
2002.737900      27.3109     946.4078     269.9461
2002.740600      27.9250     945.8606     241.1607
2002.743300      28.6517     945.4626     246.1829
2002.746100      28.6819     945.8211     161.2600
2002.748800      29.5104     944.4896     298.2016
2002.751500      30.0299     945.3658     247.8082
2002.754300      25.4083     944.1064     249.7716
2002.757000      25.6962     944.2721     248.4070
2002.759800      26.4504     944.7194     244.4042
2002.762500      27.3974     945.3092     238.4731
2002.765200      28.3443     945.9493     230.9250
2002.768000      29.0985     946.5550     221.8290
2002.770700      29.3865     946.9758     212.2592
2002.773400      28.1216     947.2267     196.8494
2002.776200      29.3025     948.0120     146.5619
2002.778900      28.8401     947.1250     242.5487
2002.781700      29.1353     950.9555     190.1010
2002.784400      30.6253     948.1236     239.4092
2002.787100      29.4093     947.8273     282.1357
2002.789900      28.9844     947.0410     235.7246
2002.792600      28.7186     947.4075     222.6771
2002.795300      28.0188     948.0100     222.0259
2002.798100      29.6613     946.7200     235.1997
2002.800800      30.1702     945.2127     263.0211
2002.803600      29.8057     945.3598     225.1200
2002.806300      27.2840     945.1435     244.6485
2002.809000      30.5144     943.2085     273.1815
2002.811800      33.3084     943.8693     178.4061
2002.814500      28.8727     944.2486     231.8533
2002.817200      29.1133     944.5202     307.9128
2002.820000      29.3702     944.7948     243.6794
2002.822700      29.2807     945.4094     248.5381
2002.825500      29.1073     946.2212     257.9604
2002.828200      29.0179     946.6044     262.8192
2002.830900      30.5984     945.8359     238.0414
2002.833700      30.6383     946.5718     259.7049
2002.836400      29.9150     947.3344     288.1774
2002.839200      30.2118     944.6289     305.8838
2002.841900      31.4025     945.4013     254.1124
2002.844600      29.6263     943.5967     254.3143
2002.847400      30.8382     946.2439     206.2982
2002.850100      31.3087     946.1777     282.6858
2002.852800      29.0904     943.4485     268.1089
2002.855600      27.4912     943.1769     357.4280
2002.858300      29.9533     941.8029     262.0974
2002.861100      30.8251     940.4842     230.1371
2002.863800      32.3893     942.3916     275.1450
2002.866500      31.6839     943.8229     260.9415
2002.869300      31.1220     944.5350     244.0327
2002.872000      30.3978     945.8379     226.1497
2002.874700      30.2893     943.4455     271.0061
2002.877500      31.3650     939.7829     272.4799
2002.880200      29.8815     943.1858     289.5251
2002.883000      30.6269     943.3152     252.7849
2002.885700      30.6049     943.7093     261.7542
2002.888400      30.8969     943.2994     275.6598
2002.891200      32.0101     941.7150     267.1751
2002.893900      30.7705     943.8347     269.9663
2002.896600      31.8682     945.2107     274.2213
2002.899400      31.8029     943.5868     275.7355
2002.902100      30.2559     942.5941     289.9440
2002.904900      28.3352     942.6296     316.7711
2002.907600      30.2934     943.7409     246.1223
2002.910300      31.5403     941.4117     248.9236
2002.913100      32.4611     944.9953     247.7627
2002.915800      30.8512     945.6344     208.0446
2002.918500      31.9538     945.0260     246.1526
2002.921300      31.6121     945.5771     221.6474
2002.924000      31.1595     942.7581     266.5947
2002.926800      29.8766     945.3885     225.6399
2002.929500      30.3708     944.2822     253.0575
2002.932200      29.6874     944.1656     272.1620
2002.935000      30.0895     942.8173     273.5450
2002.937700      31.0551     942.7284     248.6057
2002.940500      31.0796     944.4076     262.5870
2002.943200      28.5905     944.1390     280.9495
2002.945900      30.1107     943.7814     266.3877
2002.948700      32.8534     942.9240     117.7563
2002.951400      30.0528     943.4692     290.6860
2002.954100      30.5666     944.1162     205.8792
2002.956900      30.4728     940.8467     235.8862
2002.959600      28.3336     941.9481     244.9160
2002.962400      31.7491     944.7899     418.9914
2002.965100      31.7980     944.6358     434.1943
2002.967800      30.5633     941.1559     398.0901
2002.970600      31.1081     942.7294     416.2002
2002.973300      33.4357     943.0080     421.4849
2002.976000      32.8028     942.8647     419.0873
2002.978800      32.1243     943.7814     421.1315
2002.981500      31.4482     942.1219     425.3057
2002.984300      33.0099     941.5787     422.9133
2002.987000      33.3557     943.8871     436.7079
2002.989700      32.6120     941.6310     443.0474
2002.992500      33.1111     940.8704     442.9313
2002.995200      32.8354     942.4667     430.9185
2002.997900      33.9837     944.9578     413.6613
2003.000700      33.4919     942.2671     423.0344
2003.003400      33.4699     942.8144     374.3621
2003.006200      34.1060     943.3813     412.3086
2003.008900      31.7434     943.3448     414.0651
2003.011600      32.5614     940.4892     425.9972
2003.014400      30.8267     939.8609     448.0545
2003.017100      31.5778     941.0226     426.7291
2003.019800      32.5092     939.8076     439.3325
2003.022600      32.4619     941.7002     477.6828
2003.025300      31.7638     939.9735     450.2804
2003.028100      32.3094     940.3766     454.4243
2003.030800      33.3264     940.8398     441.6745
2003.033500      32.8240     938.7882     470.9294
2003.036300      31.4164     937.8271     421.2729
2003.039000      31.2851     940.1622     444.4456
2003.041800      31.7189     940.1405     471.5755
2003.044500      33.3084     940.5830     448.3674
2003.047200      33.4813     939.4856     460.7740
2003.050000      33.9152     939.6110     454.2578
2003.052700      32.2523     937.9822     444.7938
2003.055400      32.9227     940.5119     452.8041
2003.058200      33.1331     938.2242     456.3070
2003.060900      32.1822     940.3785     463.9034
2003.063700      32.8362     938.6895     440.3370
2003.066400      31.4588     939.5498     418.4110
2003.069100      31.3846     937.0577     427.0774
2003.071900      33.2538     939.0836     473.4834
2003.074600      32.7726     937.9506     473.5036
2003.077300      33.1470     937.8508     443.4159
2003.080100      33.7700     937.5753     443.7440
2003.082800      33.1315     937.4261     413.8279
2003.085600      33.2513     935.0802     394.8547
2003.088300      32.4537     937.0675     401.7545
2003.091000      32.8811     936.5806     386.2791
2003.093800      32.9406     937.8054     410.4260
2003.096500      33.4495     938.4405     440.8114
2003.099200      32.5875     939.4392     434.3709
2003.102000      31.2280     938.3329     421.5101
2003.104700      32.6584     941.3149     435.8952
2003.107500      31.2516     936.0077     425.2149
2003.110200      31.2206     937.2611     408.1647
2003.112900      30.3032     937.6088     425.7449
2003.115700      30.7354     941.5797     457.2963
2003.118400      31.4351     938.0553     443.4310
2003.121100      31.1016     936.7880     466.2454
2003.123900      31.2321     934.8609     440.3925
2003.126600      30.7933     938.9038     441.3464
2003.129400      31.3405     936.8818     442.9566
2003.132100      33.1771     939.3927     417.7144
2003.134800      34.1248     940.5623     409.3004
2003.137600      33.0907     937.3372     432.4529
2003.140300      32.0835     938.4356     444.2790
2003.143100      33.4055     939.6624     440.1553
2003.145800      33.1535     939.3582     451.7744
2003.148500      31.7524     937.7728     437.5811
2003.151300      32.7873     937.0340     444.5011
2003.154000      31.0543     937.4587     431.2668
2003.156700      31.8331     937.0458     467.5375
2003.159500      32.9561     936.9569     470.2985
2003.162200      32.8158     936.7979     445.5106
2003.165000      31.6586     938.1916     435.5167
2003.167700      30.9173     934.9073     467.8404
2003.170400      31.3935     935.1967     443.1989
2003.173200      31.4131     937.9575     436.6574
2003.175900      32.9765     937.1979     451.2697
2003.178600      31.6211     939.3345     460.9961
2003.181400      32.5198     938.7043     406.7010
2003.184100      30.8806     939.4826     390.2110
2003.186900      31.4147     938.9206     408.4373
2003.189600      31.6496     938.1511     395.2181
2003.192300      30.9817     936.6329     430.6106
2003.195100      31.9432     936.1371     425.3360
2003.197800      30.8675     937.1466     458.9872
2003.200500      32.0990     937.2256     443.9055
2003.203300      31.4327     936.8453     422.2823
2003.206000      30.8716     937.7293     417.5832
2003.208800      31.5885     937.5920     418.9662
2003.211500      31.4865     937.5466     446.3585
2003.214200      32.8689     937.0754     403.5312
2003.217000      32.2238     935.7953     420.6419
2003.219700      32.4847     936.1539     434.6435
2003.222500      33.4821     937.0191     451.1687
2003.225200      32.9235     936.3010     423.7764
2003.227900      31.2696     935.6610     400.4321
2003.230700      31.5452     936.2675     434.0226
2003.233400      31.2443     934.8935     450.5984
2003.236100      30.4124     936.8621     468.2139
2003.238900      31.0322     936.7110     463.7570
2003.241600      31.3984     937.0270     425.6035
2003.244400      29.9680     936.2665     398.6049
2003.247100      30.7175     937.4133     437.8284
2003.249800      29.8301     937.3728     412.7831
2003.252600      31.8608     936.6013     418.4766
2003.255300      28.9567     938.4415     433.4170
2003.258000      30.8814     936.9006     436.6271
2003.260800      29.3237     939.3038     417.6589
2003.263500      31.1913     938.2746     435.3804
2003.266300      30.7117     938.7942     439.3376
2003.269000      28.8825     939.4994     417.2854
2003.271700      31.5575     937.3491     427.9203
2003.274500      31.6782     938.0721     461.5513
2003.277200      29.8929     937.4488     485.5063
2003.279900      30.6375     938.5373     479.8179
2003.282700      31.1016     936.2033     457.5790
2003.285400      31.7597     937.9881     447.0803
2003.288200      32.0884     940.5020     469.6776
2003.290900      30.8169     937.0824     480.8274
2003.293600      31.3373     938.1106     479.9491
2003.296400      30.8496     938.2420     448.0141
2003.299100      30.8088     936.4492     466.9066
2003.301800      29.3049     937.0211     421.4697
2003.304600      30.0944     937.9348     452.2640
2003.307300      30.2860     935.7074     490.4478
2003.310100      31.6667     937.6987     453.6470
2003.312800      29.1655     937.5111     477.8191
2003.315500      29.8880     937.7145     481.9328
2003.318300      31.4571     937.6454     458.6490
2003.321000      31.2166     937.8904     462.6314
2003.323800      29.6719     936.2102     474.8209
2003.326500      28.3972     937.9960     474.0840
2003.329200      30.0210     939.5310     460.3197
2003.332000      30.8936     938.3427     475.8809
2003.334700      30.0218     938.4316     482.9422
2003.337400      30.0120     938.1412     430.3027
2003.340200      29.3180     939.3601     444.0620
2003.342900      30.6938     937.6711     451.2293
2003.345700      30.8015     937.7185     491.7601
2003.348400      29.2650     938.4168     418.6886
2003.351100      29.7339     937.2039     487.6666
2003.353900      28.8637     936.7515     449.5536
2003.356600      29.0643     937.6276     419.1630
2003.359300      29.5414     936.7347     453.6016
2003.362100      30.8561     933.7852     462.5355
2003.364800      29.3082     936.6369     447.1157
2003.367600      28.1697     937.0251     482.1952
2003.370300      28.4674     936.9322     442.3357
2003.373000      30.5715     938.0593     438.2978
2003.375800      28.8955     937.6059     448.2513
2003.378500      30.2053     937.3510     480.4589
2003.381200      29.1483     935.5484     444.4759
2003.384000      27.9699     936.5628     451.2243
2003.386700      28.0539     937.1258     453.8338
2003.389500      27.4047     936.2635     446.6210
2003.392200      28.4886     938.2410     432.8466
2003.394900      26.4407     937.2256     467.1943
2003.397700      28.4641     938.4208     479.6412
2003.400400      28.3043     937.5654     456.1152
2003.403100      27.9087     936.1835     462.4699
2003.405900      28.3654     939.9153     444.9301
2003.408600      26.8901     937.1979     486.3291
2003.411400      27.3044     938.4050     470.1622
2003.414100      27.2498     937.2760     455.3228
2003.416800      27.1111     937.0122     468.5218
2003.419600      28.7813     939.0480     526.6479
2003.422300      28.1297     938.5176     519.4654
2003.425100      26.3103     937.3362     458.1039
2003.427800      26.9635     936.4304     472.0701
2003.430500      28.0661     938.2835     468.1987
2003.433300      28.1403     937.5841     466.7299
2003.436000      28.1020     937.7540     458.9367
2003.438700      26.1390     938.0741     461.9500
2003.441500      27.9063     940.3044     476.2140
2003.444200      25.8071     937.5308     512.7624
2003.447000      26.3853     936.5944     560.2283
2003.449700      26.3290     938.9660     486.1423
2003.452400      26.4171     937.8884     463.2523
2003.455200      28.2586     939.5488     462.7980
2003.457900      29.1826     940.9267     479.8381
2003.460600      29.4085     941.4177     493.2794
2003.463400      28.7618     937.2157     494.3494
2003.466100      29.6091     938.4800     484.0830
2003.468900      27.6070     938.0444     490.3317
2003.471600      27.0483     938.5709     476.9812
2003.474300      28.1338     939.9656     449.8312
2003.477100      28.6435     940.3864     505.5395
2003.479800      27.1217     938.5739     466.8864
2003.482500      28.9526     939.7730     503.5559
2003.485300      29.0276     937.6424     493.5469
2003.488000      28.2725     939.0707     514.7158
2003.490800      28.9118     940.4131     467.2650
2003.493500      28.8588     936.8888     498.0290
2003.496200      28.8694     939.2051     520.5809
2003.499000      29.1051     938.7023     495.1419
2003.501700      29.1263     938.0958     487.6262
2003.504400      30.0715     938.2588     478.9851
2003.507200      29.2633     938.2845     457.2256
2003.509900      29.7763     937.9358     506.3017
2003.512700      30.5054     939.1932     484.2596
2003.515400      29.8212     938.7714     471.8632
2003.518100      30.4516     938.1136     515.5334
2003.520900      28.9330     938.0296     498.3974
2003.523600      28.3075     939.3345     474.1799
2003.526400      28.9893     939.2624     489.5594
2003.529100      28.1371     938.6164     462.9494
2003.531800      27.3860     941.5836     479.5453
2003.534600      27.0459     940.1207     448.2362
2003.537300      29.1214     941.5974     469.7432
2003.540000      28.9648     940.3983     492.3304
2003.542800      29.2601     939.2031     486.0464
2003.545500      28.5554     940.5751     469.8492
2003.548300      29.5912     940.4062     455.8780
2003.551000      28.8458     939.2051     464.6100
2003.553700      29.6010     941.7229     450.1239
2003.556500      28.1575     939.8204     474.1648
2003.559200      28.7414     939.9459     488.4742
2003.561900      30.8496     940.2225     487.4698
2003.564700      29.5757     940.4240     473.5288
2003.567400      30.6595     939.7286     468.5672
2003.570200      29.3579     939.9429     483.6539
2003.572900      28.9836     939.2643     479.8229
2003.575600      28.2374     941.4512     487.7322
2003.578400      30.1115     939.7977     498.7003
2003.581100      27.9242     942.4133     517.2546
2003.583800      29.5316     939.1873     516.9921
2003.586600      29.4101     939.5044     481.5794
2003.589300      29.2968     940.2422     490.1247
2003.592100      29.6238     940.4605     485.6477
2003.594800      30.0014     941.2517     511.4097
2003.597500      30.1849     940.1592     507.3566
2003.600300      30.1441     939.0895     511.0261
2003.603000      27.7668     940.0397     499.1495
2003.605700      29.1133     939.3453     444.3497
2003.608500      28.7194     940.9742     474.0285
2003.611200      28.3149     942.0113     467.1993
2003.614000      29.9386     944.2891     464.3475
2003.616700      28.2994     939.8609     465.9728
2003.619400      27.4031     940.2995     432.9223
2003.622200      27.7423     942.0271     477.2185
2003.624900      29.6409     939.7987     436.6372
2003.627700      29.4346     941.9194     457.9777
2003.630400      29.6140     938.1235     451.1485
2003.633100      28.6770     939.7394     474.0335
2003.635900      29.2560     940.2936     459.5374
2003.638600      30.4557     937.3352     504.8430
2003.641300      29.0521     938.9147     518.0067
2003.644100      29.8146     939.5567     457.3013
2003.646800      28.8564     940.5148     448.9681
2003.649600      28.1893     940.8023     469.3394
2003.652300      29.4672     939.0935     445.5560
2003.655000      28.9477     939.5626     466.9066
2003.657800      28.1428     939.9528     465.4630
2003.660500      29.9663     940.8181     490.7556
2003.663200      32.1112     939.1093     476.2292
2003.666000      31.4987     938.6144     469.3697
2003.668700      30.3578     937.9625     487.4496
2003.671500      28.4511     939.2979     475.4973
2003.674200      30.6840     938.4771     450.2955
2003.676900      30.3839     939.5508     466.1091
2003.679700      29.3620     939.0362     499.3968
2003.682400      30.2803     937.4873     453.5663
2003.685100      30.0210     938.2104     484.6937
2003.687900      29.9810     937.0369     443.3452
2003.690600      30.8324     938.3418     466.7552
2003.693400      31.6814     939.0806     444.1326
2003.696100      31.3267     937.1574     459.9815
2003.698800      28.6354     940.7687     526.8750
2003.701600      29.4069     937.6118     485.7436
2003.704300      31.9571     941.5283     436.8492
2003.707000      31.2467     940.3064     440.4783
2003.709800      30.7003     937.9595     424.4780
2003.712500      29.5969     938.6480     432.5690
2003.715300      30.6954     937.4794     452.1328
2003.718000      31.0225     937.8548     458.5935
2003.720700      30.6375     939.1656     451.9057
2003.723500      31.0844     940.1444     465.8517
2003.726200      30.2094     940.5692     405.9186
2003.729000      30.1694     938.9601     425.2502
2003.731700      31.0698     938.1324     440.8972
2003.734400      31.4449     938.5749     415.7207
2003.737200      31.6178     938.3032     459.7493
2003.739900      32.2613     938.9660     470.2429
2003.742600      31.8690     940.9692     447.8273
2003.745400      31.5191     940.0457     421.3839
2003.748100      32.0329     936.0324     450.3813
2003.750900      31.7271     937.0349     439.3628
2003.753600      31.7850     938.7132     422.5145
2003.756300      33.1298     936.6102     424.1549
2003.759100      34.6149     937.7758     418.3807
2003.761800      32.7677     938.3121     424.7707
2003.764500      34.0905     937.9842     366.3721
2003.767300      34.9615     938.3457     390.4079
2003.770000      33.5800     939.0441     373.7110
2003.772800      33.6909     938.2489     392.1896
2003.775500      32.7237     939.2495     394.3499
2003.778200      34.2895     937.4547     450.9265
2003.781000      32.2580     936.6655     458.5531
2003.783700      35.7779     936.6221     418.0274
2003.786400      34.5758     936.7317     430.3784
2003.789200      35.1442     935.6224     399.4882
2003.791900      35.0349     935.0940     422.8779
2003.794700      35.1777     935.7963     413.1061
2003.797400      34.4583     937.9170     407.3824
2003.800100      36.2370     938.1205     405.3583
2003.802900      36.9906     937.0745     416.8665
2003.805600      35.6694     936.3959     471.9136
2003.808400      35.3033     935.7765     453.6823
2003.811100      34.0783     936.4057     451.4161
2003.813800      36.1343     936.1608     441.3919
2003.816600      36.1261     935.0851     406.7413
2003.819300      36.1106     935.3044     419.1883
2003.822000      37.2336     934.6949     465.5589
2003.824800      36.0780     934.2554     451.9258
2003.827500      37.8159     932.8715     424.1196
2003.830300      37.0249     932.9387     427.3600
2003.833000      36.7835     932.9663     406.0650
2003.835700      36.7402     934.0292     468.3804
2003.838500      33.8141     934.9636     429.1670
2003.841200      35.7143     934.5300     460.1935
2003.843900      36.1172     933.3674     450.1946
2003.846700      36.4899     935.2639     435.5672
2003.849400      36.7199     935.2797     434.0681
2003.852200      36.7199     936.0669     397.5399
2003.854900      38.2784     935.6936     401.3103
2003.857600      38.5565     934.5152     409.7244
2003.860400      37.4905     934.4579     417.3762
2003.863100      36.7084     933.8800     417.4923
2003.865800      38.3632     931.5390     406.8271
2003.868600      38.4570     932.1761     417.8759
2003.871300      36.5388     930.8871     400.0081
2003.874100      36.6701     935.0515     415.2614
2003.876800      37.1937     934.4994     405.6208
2003.879500      37.9611     934.2307     400.6996
2003.882300      37.8265     933.1481     370.9551
2003.885000      38.5092     934.3611     406.2618
2003.887700      37.4025     932.1900     446.1415
2003.890500      38.3583     935.2668     427.4055
2003.893200      38.2710     932.8103     401.2144
2003.896000      38.4561     932.1801     402.6378
2003.898700      36.9890     933.0809     380.5654
2003.901400      37.4465     932.9545     381.0954
2003.904200      39.3769     932.7046     376.5426
2003.906900      38.8337     932.6404     380.9086
2003.909700      39.4454     931.5924     407.2713
2003.912400      37.2239     934.5813     385.5926
2003.915100      38.0598     932.5288     387.9498
2003.917900      38.5132     933.6321     407.0088
2003.920600      39.5188     932.7550     431.3980
2003.923300      37.6137     931.8176     427.0320
2003.926100      39.1991     930.3527     414.9434
2003.928800      38.0728     931.2950     434.0378
2003.931600      40.3931     932.5732     431.7412
2003.934300      40.8889     933.5462     411.3850
2003.937000      39.7700     934.1892     405.1615
2003.939800      38.7245     930.8624     402.0169
2003.942500      38.9479     929.9477     401.8554
2003.945200      39.4658     932.0734     432.2056
2003.948000      39.8042     933.6548     420.9195
2003.950700      39.1640     931.8215     408.6644
2003.953500      40.3980     933.2726     428.4553
2003.956200      40.6133     930.8061     426.1436
2003.958900      40.2821     930.4258     428.4251
2003.961700      38.8435     933.9986     463.7519
2003.964400      39.0450     931.4165     468.2492
2003.967100      39.3002     932.4201     473.2361
2003.969900      38.8036     932.1811     488.4136
2003.972600      38.5255     932.3194     472.1912
2003.975400      39.1575     930.7952     471.6007
2003.978100      38.3819     932.5643     440.4480
2003.980800      40.1394     928.3308     450.7246
2003.983600      39.5294     931.6961     438.9439
2003.986300      38.3004     929.2662     440.4783
2003.989000      39.1534     929.6939     476.7036
2003.991800      39.4144     929.1486     431.5040
2003.994500      39.2709     929.7848     459.7393
2003.997300      39.3565     928.6024     451.4968
2004.000000      40.3996     930.8960     435.2391
2004.002700      40.9607     930.4258     424.6092
2004.005500      40.9256     928.4256     418.4614
2004.008200      40.6304     929.4410     411.0367
2004.011000      40.9607     930.8436     438.5704
2004.013700      39.8825     930.9543     419.9201
2004.016400      39.9861     931.7158     436.8896
2004.019200      39.8727     929.6297     433.4018
2004.021900      39.2692     930.3893     406.3022
2004.024600      39.0490     928.7041     449.6293
2004.027400      39.2285     929.6781     438.5098
2004.030100      39.5009     928.0828     415.6551
2004.032900      38.7351     931.8847     464.2971
2004.035600      38.6666     930.0969     431.0850
2004.038300      38.4986     928.9649     402.4308
2004.041100      38.0231     927.6828     417.1744
2004.043800      38.4423     927.5386     419.3145
2004.046500      37.9472     929.8816     415.7106
2004.049300      38.5736     928.6192     402.6025
2004.052000      38.8558     929.5536     432.0996
2004.054800      39.0963     926.9756     440.8316
2004.057500      38.0402     928.8217     421.4546
2004.060200      39.5832     928.0038     399.0743
2004.063000      38.9455     925.3813     425.1139
2004.065700      38.5826     928.8385     415.5541
2004.068400      38.4480     928.9708     440.7811
2004.071200      39.4430     930.6125     459.1487
2004.073900      40.4143     927.7213     416.5737
2004.076700      39.6909     930.6086     400.1696
2004.079400      38.1903     928.2666     439.1710
2004.082100      37.5966     928.0078     444.2891
2004.084900      38.1226     930.7162     467.6435
2004.087600      38.1104     929.9230     468.1382
2004.090300      38.1079     928.8405     461.4049
2004.093100      38.5711     927.5514     435.7337
2004.095800      37.9317     927.5939     481.7813
2004.098600      38.2890     927.5623     460.9708
2004.101300      38.3672     927.0773     441.4928
2004.104000      39.8238     927.2986     441.3818
2004.106800      39.8287     927.3094     435.7489
2004.109500      39.2562     927.5336     439.1458
2004.112300      41.4533     928.6597     458.1846
2004.115000      39.0727     929.4934     423.7410
2004.117700      41.2787     927.8695     433.3513
2004.120500      40.7780     925.9542     470.9041
2004.123200      38.1503     928.6172     447.9788
2004.125900      38.7726     928.1510     451.4817
2004.128700      38.7554     928.4957     457.6395
2004.131400      39.4715     925.6194     435.1432
2004.134200      38.6878     928.9916     397.5096
2004.136900      38.3526     929.7759     420.5157
2004.139600      39.5539     928.3456     412.2632
2004.142400      38.0182     927.3361     460.6225
2004.145100      39.4739     927.5623     434.8201
2004.147800      39.4120     926.3720     461.2535
2004.150600      40.1908     924.6553     485.5417
2004.153300      40.0228     928.4207     428.1474
2004.156100      39.6933     928.0947     443.2291
2004.158800      38.5834     927.0793     416.6444
2004.161500      39.5579     927.6759     435.8145
2004.164300      39.8067     926.3157     428.8945
2004.167000      37.7018     926.1310     417.0936
2004.169700      38.2392     928.4572     431.0699
2004.172500      39.1265     929.5250     392.1593
2004.175200      39.3516     927.6828     386.0570
2004.178000      38.0622     927.0368     389.3429
2004.180700      39.1901     928.2379     411.2790
2004.183400      38.4667     929.7472     477.2437
2004.186200      38.7595     931.6447     461.1071
2004.188900      39.4103     926.2565     444.5415
2004.191600      40.5978     927.4260     438.5603
2004.194400      39.4258     928.1767     460.5115
2004.197100      39.5245     926.6812     459.7594
2004.199900      38.9438     927.0990     435.1533
2004.202600      39.3500     926.9489     435.2037
2004.205300      38.1014     927.3331     462.9141
2004.208100      38.1022     928.1194     456.1808
2004.210800      37.1545     932.0517     473.0846
2004.213600      38.3534     928.4967     443.5522
2004.216300      38.3566     928.1105     432.4781
2004.219000      38.3909     929.1763     414.2771
2004.221800      38.6437     928.8158     429.5506
2004.224500      37.5713     930.1710     413.4443
2004.227200      37.3935     930.0169     444.1427
2004.230000      37.0966     926.5775     439.5092
2004.232700      38.0875     927.7114     441.9017
2004.235500      39.4144     927.9436     419.5921
2004.238200      38.3966     926.7276     423.8571
2004.240900      37.8999     925.7418     445.0462
2004.243700      36.9629     926.1024     448.9479
2004.246400      37.7507     926.2555     444.5263
2004.249100      38.3412     928.3969     415.6298
2004.251900      38.7881     925.2559     449.3769
2004.254600      38.7228     926.2061     450.1492
2004.257400      37.8690     926.8778     456.8976
2004.260100      39.8972     926.2170     462.7223
2004.262800      39.2896     926.5390     435.3754
2004.265600      38.8688     928.2379     454.2578
2004.268300      37.0714     928.2122     460.9002
2004.271000      38.5548     925.8614     454.0811
2004.273800      38.0337     927.6966     437.3136
2004.276500      37.0444     927.9692     471.1616
2004.279300      36.9523     926.4214     443.5269
2004.282000      37.1146     928.2043     465.7406
2004.284700      36.9482     928.1994     450.5429
2004.287500      38.4349     926.0490     472.8171
2004.290200      37.1896     929.0953     465.7003
2004.293000      37.8306     926.0876     446.4696
2004.295700      38.1862     925.9927     460.5872
2004.298400      37.0126     925.4761     453.5562
2004.301200      36.6807     926.8185     456.8319
2004.303900      37.4457     928.4473     460.8800
2004.306600      36.7631     926.8995     484.8401
2004.309400      37.6169     927.3628     462.5254
2004.312100      37.0420     927.8092     451.4564
2004.314900      37.0738     925.3853     437.6265
2004.317600      36.9286     926.8896     452.6072
2004.320300      37.2442     924.2227     506.5642
2004.323100      35.8676     926.3226     454.3637
2004.325800      37.6838     924.6010     456.8420
2004.328500      35.7102     926.8906     460.6932
2004.331300      36.5470     928.3031     428.8945
2004.334000      36.4491     928.5036     451.7795
2004.336800      37.0477     926.5449     428.3342
2004.339500      36.4638     927.1366     449.4930
2004.342200      36.1261     926.9074     450.7801
2004.345000      35.7281     926.8580     438.5048
2004.347700      36.0976     927.3904     452.5517
2004.350400      36.7965     926.9854     463.2068
2004.353200      36.2892     926.7039     477.5819
2004.355900      36.7174     926.5676     475.7194
2004.358700      35.8521     926.4204     466.8309
2004.361400      37.2516     928.0660     474.6241
2004.364100      35.5618     928.1628     466.5078
2004.366900      35.6882     927.0062     453.8489
2004.369600      36.6677     926.9232     429.3538
2004.372300      36.0209     927.1622     474.5837
2004.375100      35.0439     926.5054     512.3384
2004.377800      36.3847     928.6034     485.8697
2004.380600      36.4736     929.4736     486.0212
2004.383300      33.9282     929.6425     525.6989
2004.386000      36.4116     928.5935     522.8371
2004.388800      36.1098     928.8296     479.3535
2004.391500      35.0945     928.8414     466.0839
2004.394300      35.6074     930.1226     465.1349
2004.397000      34.4053     929.3551     493.8699
2004.399700      35.5871     929.6445     457.9272
2004.402500      36.0519     929.0647     485.7032
2004.405200      35.1238     929.7018     489.2162
2004.407900      34.9167     930.1986     522.8724
2004.410700      35.2975     930.3784     468.4410
2004.413400      35.0570     928.7298     483.1845
2004.416200      35.9532     929.6909     493.0118
2004.418900      37.5721     930.2638     474.4071
2004.421600      36.3259     930.7597     495.5457
2004.424400      36.8406     931.6487     473.6752
2004.427100      35.1826     929.4785     474.5030
2004.429800      35.5659     930.1808     497.0195
2004.432600      35.7069     929.3887     501.7237
2004.435300      34.8417     929.6267     472.5143
2004.438100      36.7631     928.7071     468.7590
2004.440800      36.8014     929.3877     505.3276
2004.443500      36.1873     929.7690     506.9528
2004.446300      35.9687     930.1858     498.5287
2004.449000      37.3788     929.9942     507.0740
2004.451700      38.1674     930.6698     493.8951
2004.454500      37.6838     929.7097     499.7754
2004.457200      36.9278     930.4782     496.8075
2004.460000      37.2516     929.7324     503.3389
2004.462700      37.3886     929.8272     515.4931
2004.465400      36.9784     929.4973     502.4101
2004.468200      37.0836     931.1489     494.5967
2004.470900      39.8091     933.3259     509.3100
2004.473600      36.8161     929.4568     561.9445
2004.476400      37.8812     930.4080     491.4976
2004.479100      37.1986     930.2688     500.7243
2004.481900      38.6299     930.9533     472.1408
2004.484600      37.0485     929.6139     484.9309
2004.487300      35.9076     931.7958     501.9306
2004.490100      37.1513     932.6167     492.8857
2004.492800      36.7101     930.7310     477.6122
2004.495600      36.2697     931.8650     450.4621
2004.498300      37.5281     934.5527     465.9173
2004.501000      37.0167     932.5574     498.3066
2004.503800      35.1679     931.2506     506.4632
2004.506500      36.9050     932.4912     467.0782
2004.509200      35.5495     931.4975     508.7093
2004.512000      35.8015     931.2447     481.7511
2004.514700      35.4753     930.2974     472.0903
2004.517500      36.4899     931.4462     478.9548
2004.520200      37.0681     932.0724     465.1905
2004.522900      36.6155     932.1030     483.8760
2004.525700      35.6751     931.2585     474.5131
2004.528400      35.1711     931.3089     444.6727
2004.531100      36.0030     930.6145     470.2429
2004.533900      36.8071     929.6682     449.8261
2004.536600      37.3649     929.1743     502.5868
2004.539400      36.4287     929.6336     514.4432
2004.542100      35.8855     931.4363     445.8942
2004.544800      36.1057     930.5532     514.5896
2004.547600      35.7665     932.5060     514.9580
2004.550300      36.0177     933.5956     532.0082
2004.553000      36.2689     931.4314     461.7077
2004.555800      36.3569     932.3510     487.6010
2004.558500      37.0640     932.1435     486.5865
2004.561300      35.9312     929.5121     564.4530
2004.564000      38.0688     933.3921     534.4158
2004.566700      35.6221     933.3634     493.3904
2004.569500      35.7021     933.4049     492.0276
2004.572200      34.8881     933.3437     480.9788
2004.574900      34.8286     933.1244     490.0793
2004.577700      34.1737     933.3200     479.1870
2004.580400      36.4964     933.1234     481.7914
2004.583200      35.1271     933.8869     478.5409
2004.585900      37.2785     932.4310     472.7010
2004.588600      37.8029     933.4622     468.1684
2004.591400      36.8789     930.8851     471.4796
2004.594100      37.0436     934.9409     522.9935
2004.596900      38.0826     932.4715     488.8780
2004.599600      37.5957     934.5458     499.7199
2004.602300      38.2963     931.8778     488.0452
2004.605100      37.0991     933.9166     502.9300
2004.607800      37.5093     934.8154     469.0972
2004.610500      38.4765     932.5821     463.8832
2004.613300      36.8030     934.0628     489.2616
2004.616000      37.4636     932.6592     470.5256
2004.618800      37.7099     933.6291     511.9548
2004.621500      36.2158     931.3622     465.7204
2004.624200      36.4678     932.3184     486.6672
2004.627000      37.2867     929.6771     487.3385
2004.629700      36.7965     931.4136     494.5564
2004.632400      40.3507     932.8676     511.1270
2004.635200      37.0004     931.2378     480.0147
2004.637900      37.4783     931.3306     465.4327
2004.640700      37.5028     933.9176     447.9586
2004.643400      36.7386     931.7307     490.8011
2004.646100      37.8282     932.6552     477.9402
2004.648900      37.2997     932.5564     484.0981
2004.651600      37.0779     930.5947     487.7121
2004.654300      37.2206     932.9584     479.7422
2004.657100      38.4961     933.0819     471.5654
2004.659800      38.5010     930.9711     454.7120
2004.662600      39.2741     930.8387     514.9984
2004.665300      37.0624     927.0131     491.3664
2004.668000      38.1944     928.7269     488.6913
2004.670800      37.6675     930.5443     447.7567
2004.673500      37.5705     929.1002     452.2994
2004.676200      37.2508     932.7155     462.4245
2004.679000      37.7287     931.6842     452.2842
2004.681700      37.6561     928.1441     497.9583
2004.684500      36.9963     931.0777     506.1604
2004.687200      36.3871     929.7038     484.2192
2004.689900      38.7163     929.2346     480.2166
2004.692700      38.3363     930.4614     455.1209
2004.695400      36.8145     930.2223     493.4914
2004.698200      38.5067     931.1449     463.6258
2004.700900      37.9350     929.8104     510.7232
2004.703600      35.4525     932.0695     459.6131
2004.706400      38.5874     931.7761     438.9994
2004.709100      39.2024     929.9892     462.3841
2004.711800      38.5768     928.7891     487.9594
2004.714600      39.7382     928.9382     487.3486
2004.717300      37.2500     930.6530     484.1839
2004.720100      37.4498     929.9754     454.3537
2004.722800      37.9334     928.7842     495.7375
2004.725500      37.8102     929.7897     431.6604
2004.728300      38.1870     929.5141     484.4514
2004.731000      37.9962     929.1812     484.6987
2004.733700      38.5940     931.3444     450.9668
2004.736500      39.3214     930.8140     455.5398
2004.739200      38.5980     928.8424     478.8791
2004.742000      38.6592     929.0084     456.4332
2004.744700      39.1388     930.0653     473.7357
2004.747400      38.4969     929.0321     465.7457
2004.750200      37.8486     928.1737     506.5743
2004.752900      38.3077     928.2142     508.3711
2004.755600      38.8541     927.8270     495.3135
2004.758400      39.9429     930.0515     482.2104
2004.761100      40.2846     926.7760     473.2108
2004.763900      38.8876     928.3100     483.8154
2004.766600      39.7349     928.2429     469.1325
2004.769300      40.0562     927.5652     477.8393
2004.772100      40.8799     925.0267     500.9312
2004.774800      38.8639     925.9493     495.3589
2004.777500      40.5333     925.6045     483.7397
2004.780300      40.1199     927.2482     475.3913
2004.783000      40.7405     928.1599     447.5144
2004.785800      40.4542     928.0018     471.9641
2004.788500      39.0091     926.9933     488.6054
2004.791200      39.8238     926.0263     442.1995
2004.794000      40.1231     926.1952     448.0747
2004.796700      40.3213     927.1790     452.3397
2004.799500      40.4159     926.9153     468.5167
2004.802200      41.1988     926.4491     523.0490
2004.804900      40.0049     927.8833     473.6701
2004.807700      38.7424     925.9621     507.1295
2004.810400      38.8501     927.0210     464.8371
2004.813100      39.9608     927.5791     460.0219
2004.815900      40.8734     926.6180     442.5679
2004.818600      41.3880     927.0516     450.3056
2004.821400      39.9527     924.8598     447.2216
2004.824100      41.5568     924.5378     444.5061
2004.826800      41.2159     927.0803     440.2057
2004.829600      40.0938     926.4135     429.6667
2004.832300      41.6131     925.0583     445.8942
2004.835000      41.6694     927.8191     453.9549
2004.837800      42.4287     923.9974     461.7229
2004.840500      40.1859     925.4969     441.5332
2004.843300      41.6376     926.7049     443.0575
2004.846000      41.6115     924.6276     473.0392
2004.848700      42.0152     924.3560     454.1972
2004.851500      41.7028     927.7766     428.1020
2004.854200      42.7671     927.0279     426.4767
2004.856900      41.1344     926.3819     415.2715
2004.859700      42.0429     927.5949     453.8540
2004.862400      41.3929     922.4842     485.6981
2004.865200      40.7927     925.3951     446.9895
2004.867900      41.7501     924.5328     467.4769
2004.870600      42.1652     922.0674     485.9000
2004.873400      40.8555     923.3781     480.7466
2004.876100      41.6433     922.7953     440.4632
2004.878900      42.4906     923.4413     463.4239
2004.881600      43.2254     924.1713     458.0332
2004.884300      42.1179     923.9915     481.6501
2004.887100      41.3644     926.0955     468.8549
2004.889800      43.0501     927.4576     453.9953
2004.892500      42.2060     924.6178     462.0510
2004.895300      41.7281     924.4242     493.6731
2004.898000      42.7345     925.6105     491.9216
2004.900800      41.6090     925.1857     464.2870
2004.903500      42.3063     923.5846     518.5064
2004.906200      42.3300     923.9945     505.3276
2004.909000      42.0731     925.2252     489.5342
2004.911700      42.2582     925.7567     447.1914
2004.914400      41.9247     926.1271     446.4141
2004.917200      41.8358     923.3406     471.8379
2004.919900      42.7426     924.0192     449.7857
2004.922700      43.9007     926.0619     503.4802
2004.925400      43.3861     924.8874     499.9167
2004.928100      42.0804     925.8041     499.4120
2004.930900      42.5828     924.1515     435.7539
2004.933600      42.7679     923.7377     469.7786
2004.936300      42.1506     924.4686     475.3863
2004.939100      43.6773     926.2160     464.4434
2004.941800      41.7012     925.1373     472.1206
2004.944600      44.1413     925.6984     475.8708
2004.947300      42.1236     923.9500     478.1876
2004.950000      41.3888     926.2189     473.8417
2004.952800      42.7630     924.3007     445.0614
2004.955500      42.2615     924.0883     476.2393
2004.958200      42.0250     923.9915     465.6447
2004.961000      42.4972     923.8799     447.2015
2004.963700      42.1775     923.8394     449.3618
2004.966500      43.9317     923.9569     453.3088
2004.969200      42.1701     922.2550     473.6348
2004.971900      43.8975     924.5101     468.4763
2004.974700      42.6643     924.4785     465.1047
2004.977400      42.6546     923.4937     442.6033
2004.980200      42.7753     924.5279     446.5705
2004.982900      43.7931     924.2335     434.0984
2004.985600      43.0240     923.4048     454.9038
2004.988400      42.2060     924.6267     436.1123
2004.991100      41.4459     922.7104     422.3934
2004.993800      41.6612     922.6837     456.9278
2004.996600      42.5224     922.1809     479.4696
2004.999300      42.8405     921.6495     472.0751
2005.002100      43.3673     922.9554     481.9782
2005.004800      43.4326     919.6780     467.1236
2005.007500      44.1927     921.1319     466.9571
2005.010300      42.9751     921.8698     431.9835
2005.013000      43.2882     923.2062     442.7900
2005.015700      43.4677     923.0502     481.1504
2005.018500      42.2525     921.5251     482.6646
2005.021200      42.0029     921.7641     496.9589
2005.024000      41.3701     922.2274     473.2916
2005.026700      43.9048     921.9597     473.7357
2005.029400      41.9426     922.4980     463.8781
2005.032200      42.1612     920.4938     480.1308
2005.034900      42.7214     922.3785     443.3402
2005.037600      44.0597     920.7339     449.5889
2005.040400      43.3135     927.3815     476.3755
2005.043100      42.5412     923.7406     486.3896
2005.045900      41.2902     919.2483     465.5741
2005.048600      41.4410     922.0822     460.3046
2005.051300      41.8602     918.9707     477.1932
2005.054100      40.4868     920.1550     444.7434
2005.056800      40.6320     918.6694     476.5926
2005.059500      41.3945     918.6635     449.1649
2005.062300      42.2770     923.4275     461.9450
2005.065000      41.9826     920.3259     478.9598
2005.067800      40.7894     923.1697     472.6707
2005.070500      42.4523     922.3360     479.4999
2005.073200      42.9946     921.3976     464.9179
2005.076000      43.2189     921.3769     442.2449
2005.078700      42.8152     921.5201     459.2850
2005.081500      43.8909     921.1369     488.8376
2005.084200      42.8976     921.6772     492.7898
2005.086900      42.0046     922.2866     473.3925
2005.089700      43.5052     921.8500     449.1296
2005.092400      42.0315     922.0594     453.2634
2005.095100      41.8790     923.0294     451.5624
2005.097900      41.3521     922.0624     430.4491
2005.100600      41.4745     922.0545     426.4465
2005.103400      42.1432     922.2116     415.7257
2005.106100      42.1261     921.9459     387.6419
2005.108800      42.2941     921.8817     420.5763
2005.111600      42.3308     923.0561     419.3044
2005.114300      41.7909     920.7842     452.9908
2005.117000      41.2722     919.0418     444.1326
2005.119800      41.9866     923.7021     431.2617
2005.122500      42.6293     922.9939     415.1554
2005.125300      42.4866     922.7410     422.7063
2005.128000      41.8415     923.2912     413.3736
2005.130700      40.9501     922.1444     416.1093
2005.133500      40.9493     920.5116     420.3997
2005.136200      42.7704     919.2206     427.0067
2005.138900      41.3032     920.1382     400.3463
2005.141700      43.1480     920.4336     438.7016
2005.144400      44.0752     920.0671     424.7707
2005.147200      42.4164     920.8939     450.9365
2005.149900      42.5118     920.4049     444.0973
2005.152600      42.7402     920.3338     452.1732
2005.155400      42.1856     918.6556     439.9483
2005.158100      43.1635     918.5252     458.0383
2005.160800      41.7991     920.3921     456.3878
2005.163600      41.9932     920.4820     428.0414
2005.166300      41.6319     920.8554     436.8694
2005.169100      41.5870     919.6493     430.0655
2005.171800      41.3065     919.3619     429.6061
2005.174500      39.9070     919.9437     463.0251
2005.177300      41.0667     922.6165     449.6343
2005.180000      41.4973     920.2983     486.3291
2005.182800      41.7697     923.5026     442.8506
2005.185500      40.5358     922.0269     429.9948
2005.188200      41.3008     919.1031     453.6622
2005.191000      41.1336     920.3714     450.0633
2005.193700      40.3050     918.6596     432.6043
2005.196400      41.3424     920.8939     452.1631
2005.199200      41.2339     919.3915     426.3405
2005.201900      41.1140     918.6931     450.1138
2005.204700      42.2272     918.2477     449.9674
2005.207400      41.6441     919.1663     464.1860
2005.210100      39.9535     916.9488     455.0250
2005.212900      41.5307     919.5723     453.4552
2005.215600      41.6963     920.0691     460.4509
2005.218300      40.6695     920.3556     480.0450
2005.221100      40.8938     918.5292     438.6814
2005.223800      41.7379     918.4245     424.3417
2005.226600      41.9230     919.0863     426.7897
2005.229300      41.2600     918.2635     441.6140
2005.232000      41.1148     918.6230     459.6080
2005.234800      41.9336     918.5233     440.6903
2005.237500      39.9282     919.3885     450.8104
2005.240200      40.7258     917.3488     485.6880
2005.243000      40.7364     918.4551     459.8251
2005.245700      41.0977     919.8676     425.6591
2005.248500      40.9468     918.4186     438.2978
2005.251200      40.6752     918.0946     462.7929
2005.253900      41.5479     917.5987     452.4912
2005.256700      42.0837     915.8346     476.6229
2005.259400      42.8454     917.8170     467.0025
2005.262100      42.1938     916.1793     473.1502
2005.264900      41.1841     919.4300     465.7154
2005.267600      38.8696     920.1402     461.2686
2005.270400      40.4510     917.8417     446.6059
2005.273100      39.4258     919.2226     445.3087
2005.275800      40.4828     918.3563     441.0638
2005.278600      40.6989     917.2273     479.3939
2005.281300      40.6761     917.5701     471.4442
2005.284100      40.8171     917.6777     456.7360
2005.286800      39.0654     916.3788     444.6273
2005.289500      39.7969     918.8334     445.4601
2005.292300      38.9691     919.5495     435.2391
2005.295000      39.1665     918.2121     412.7932
2005.297700      39.6958     919.3164     435.2189
2005.300500      38.3305     916.3383     505.1307
2005.303200      38.5018     917.8447     454.7171
2005.306000      38.6315     919.8281     461.0213
2005.308700      38.2392     918.2813     428.3039
2005.311400      39.6403     920.0187     442.6285
2005.314200      37.6015     917.1987     499.7905
2005.316900      39.5743     919.3085     498.5590
2005.319600      39.7847     917.7518     494.9955
2005.322400      38.1324     916.6208     526.7639
2005.325100      39.7072     919.2819     475.3509
2005.327900      38.3542     920.0740     479.9441
2005.330600      38.6853     921.6169     486.7884
2005.333300      38.2441     918.6497     518.6729
2005.336100      39.7537     918.4482     493.3753
2005.338800      38.4888     920.2588     501.1079
2005.341500      39.2554     922.0624     489.6755
2005.344300      39.2790     922.6679     479.2778
2005.347000      38.5295     920.5472     457.0439
2005.349800      38.8941     917.9563     480.6255
2005.352500      37.3388     919.7649     509.6532
2005.355200      36.2754     920.0879     532.5533
2005.358000      40.3735     917.1888     464.2415
2005.360700      37.7548     918.6536     494.4806
2005.363400      37.5452     918.1341     479.0305
2005.366200      38.2221     918.8176     479.1012
2005.368900      39.2741     919.8844     488.3935
2005.371700      39.9527     918.2190     462.1923
2005.374400      39.0817     918.3652     497.5192
2005.377100      36.9678     918.4126     485.9051
2005.379900      40.6442     917.8911     539.8368
2005.382600      39.7447     919.0873     534.9711
2005.385400      39.9176     919.9743     504.8682
2005.388100      40.6451     920.2558     495.8889
2005.390800      39.3361     919.4764     484.2697
2005.393600      38.9993     918.9470     469.1729
2005.396300      39.3622     920.2212     489.4231
2005.399000      39.7235     921.7799     504.4241
2005.401800      39.1803     918.8156     493.7033
2005.404500      39.3883     920.7467     462.7324
2005.407300      40.2813     919.8281     501.0574
2005.410000      40.1174     920.3921     499.8158
2005.412700      40.3955     918.9510     520.1973
2005.415500      39.4503     919.8755     472.5143
2005.418200      38.2302     921.2524     516.2148
2005.420900      39.0311     922.1128     509.4362
2005.423700      38.8264     920.1965     506.4885
2005.426400      40.9729     919.9703     505.8727
2005.429200      39.2562     919.7313     501.2896
2005.431900      39.7879     920.3338     515.9524
2005.434600      38.9324     919.0952     519.3089
2005.437400      40.7185     920.5215     505.7112
2005.440100      39.8646     920.1274     511.6671
2005.442800      40.1394     920.1037     481.7864
2005.445600      39.3753     920.2271     509.6179
2005.448300      39.7496     919.3293     504.0102
2005.451100      39.7039     918.9006     487.2174
2005.453800      39.2456     918.1390     514.6653
2005.456500      39.4968     920.5413     563.4032
2005.459300      39.1135     920.0039     498.9123
2005.462000      39.8956     920.3556     523.0087
2005.464800      39.1706     919.7985     498.5085
2005.467500      40.4216     919.5584     488.3228
2005.470200      39.3679     921.0490     474.5231
2005.473000      38.0761     922.1088     501.8650
2005.475700      40.2210     919.7056     505.2973
2005.478400      38.2514     921.4619     540.0538
2005.481200      40.4167     918.5766     498.1955
2005.483900      39.9845     919.7105     517.7190
2005.486700      40.0864     918.9638     493.0977
2005.489400      37.6569     919.5110     468.4713
2005.492100      38.7571     921.2673     499.3716
2005.494900      39.8222     921.9301     481.0495
2005.497600      37.6414     919.0784     559.5167
2005.500300      36.3463     921.3087     551.7033
2005.503100      37.1627     922.9554     571.9838
2005.505800      36.4148     923.5826     579.2369
2005.508600      37.0151     920.9917     544.2381
2005.511300      36.2264     920.6094     555.8371
2005.514000      37.0762     921.0401     546.9032
2005.516800      37.3886     921.6663     552.6976
2005.519500      37.8453     921.9330     582.6540
2005.522200      37.8583     920.1778     585.6673
2005.525000      38.1870     920.0661     552.7228
2005.527700      37.7613     921.1191     543.6728
2005.530500      37.8967     921.0677     587.4996
2005.533200      38.3909     919.0547     592.9407
2005.535900      37.6626     921.9162     563.0953
2005.538700      38.9381     920.3348     585.3796
2005.541400      38.9977     919.3816     629.3225
2005.544100      36.7133     922.6185     576.2539
2005.546900      39.0662     921.3443     599.7042
2005.549600      37.7915     920.5818     588.2213
2005.552400      37.0705     921.2307     596.0802
2005.555100      37.3617     922.1098     595.6764
2005.557800      37.7099     921.9883     548.3063
2005.560600      38.4300     921.4263     580.3776
2005.563300      37.9774     921.7928     567.0272
2005.566100      37.7442     921.6071     577.4956
2005.568800      37.6430     923.1312     564.8114
2005.571500      38.9292     920.7991     568.2033
2005.574300      37.3853     921.1873     560.1981
2005.577000      40.2479     918.2654     613.6149
2005.579700      36.5567     920.8969     546.2874
2005.582500      38.3420     920.4474     585.1878
2005.585200      38.8737     919.1851     592.5924
2005.588000      38.1365     920.8089     541.8355
2005.590700      38.0011     920.9403     564.8518
2005.593400      38.2865     921.3226     589.9324
2005.596200      37.1211     922.3459     558.8958
2005.598900      38.1446     921.5359     562.1262
2005.601600      38.0891     920.2459     579.4843
2005.604400      37.8143     922.7252     559.2239
2005.607100      37.3682     922.1118     552.2231
2005.609900      38.2743     922.2027     565.0739
2005.612600      36.7419     919.6276     602.8134
2005.615300      38.1218     921.5893     558.5576
2005.618100      37.9032     923.7466     540.2759
2005.620800      36.4083     921.8698     566.3004
2005.623500      37.6267     921.0243     534.5572
2005.626300      39.1273     921.3236     529.0605
2005.629000      38.1030     919.9367     548.5839
2005.631800      38.4415     922.6462     546.9738
2005.634500      39.4169     920.6430     542.0576
2005.637200      40.5684     918.6941     523.1349
2005.640000      38.2025     922.0190     556.4680
2005.642700      38.9096     924.5812     530.5899
2005.645400      39.1396     922.6798     558.9463
2005.648200      39.1290     919.6533     564.0190
2005.650900      39.3174     918.5430     570.9945
2005.653700      37.7972     921.0984     577.2230
2005.656400      40.5529     922.1128     549.6035
2005.659100      39.3418     919.7273     521.7064
2005.661900      38.9022     919.8706     557.3463
2005.664600      39.8458     920.2597     540.2961
2005.667400      40.9900     918.9618     558.6132
2005.670100      40.8596     921.4856     569.8689
2005.672800      40.7128     919.9180     558.7696
2005.675600      40.4974     920.2884     551.6275
2005.678300      40.7690     921.3107     527.6119
2005.681000      42.4066     917.0851     572.3472
2005.683800      39.8466     918.4778     658.8499
2005.686500      39.2856     921.1655     535.3294
2005.689300      39.3581     922.0298     545.4142
2005.692000      41.0300     919.5693     533.8253
2005.694700      41.3285     921.5616     547.6098
2005.697500      42.3389     919.9802     567.3856
2005.700200      41.2168     919.5574     500.5779
2005.702900      39.3508     920.6548     557.5229
2005.705700      42.2011     922.3864     501.4663
2005.708400      40.0073     920.0128     573.7403
2005.711200      40.8155     919.3638     507.3516
2005.713900      41.4924     918.4729     540.6898
2005.716600      41.0088     919.1683     554.6459
2005.719400      40.3278     921.0974     545.4192
2005.722100      41.9075     921.8234     551.5922
2005.724800      42.1661     919.6019     523.3317
2005.727600      41.9793     920.2647     496.2321
2005.730300      41.9581     922.5780     534.2190
2005.733100      41.7876     920.7378     532.8511
2005.735800      41.8162     918.8443     540.5485
2005.738500      42.8723     920.3793     535.5162
2005.741300      42.4458     919.6780     508.9617
2005.744000      42.1962     918.1272     526.7488
2005.746700      43.1757     916.0716     548.7051
2005.749500      41.2844     917.6590     563.4032
2005.752200      40.1459     918.3455     572.6248
2005.755000      42.8560     918.6704     560.6978
2005.757700      43.7205     916.6919     543.6980
2005.760400      42.8209     919.0092     529.5249
2005.763200      43.0795     919.3233     525.9463
2005.765900      43.0428     917.1601     553.3840
2005.768700      43.1015     915.8839     535.8644
2005.771400      42.6709     917.1917     535.4657
2005.774100      42.3218     916.2929     515.8262
2005.776900      42.6986     917.6678     534.7086
2005.779600      43.6503     916.3956     542.5826
2005.782300      43.1105     917.0930     564.3622
2005.785100      43.1545     916.6643     542.3150
2005.787800      43.7278     915.1115     572.5945
2005.790600      42.7842     917.6274     545.0659
2005.793300      42.7492     916.0943     511.5561
2005.796000      43.2475     916.1902     507.3667
2005.798800      43.4130     915.6459     515.7202
2005.801500      44.0557     915.8010     461.8440
2005.804200      43.7988     914.0279     548.7757
2005.807000      42.7647     912.8239     566.4771
2005.809700      43.6169     912.8732     500.7950
2005.812500      43.8265     912.3448     547.6148
2005.815200      43.1920     912.8199     519.1423
2005.817900      43.8420     914.6384     506.5541
2005.820700      44.4316     915.0908     522.8976
2005.823400      44.6282     913.6941     536.7730
2005.826100      43.8811     912.0741     552.4705
2005.828900      43.1578     912.6609     550.8704
2005.831600      45.4666     915.3308     527.0617
2005.834400      45.5669     914.1722     564.3269
2005.837100      44.8973     917.0604     515.3568
2005.839800      43.7865     914.9485     539.7711
2005.842600      43.9554     912.1344     486.2433
2005.845300      44.2897     917.3320     493.9860
2005.848000      44.7163     915.4434     555.0951
2005.850800      42.6350     914.9979     540.5989
2005.853500      44.9960     915.1352     572.2362
2005.856300      45.4992     913.9519     536.4954
2005.859000      45.0759     914.0447     550.5878
2005.861700      45.5065     914.7372     501.6328
2005.864500      43.5215     914.7984     507.8664
2005.867200      44.5311     914.4695     506.0544
2005.870000      43.1186     915.2725     519.1121
2005.872700      43.8298     914.1356     520.2679
2005.875400      42.6643     913.8748     502.2941
2005.878200      43.4709     915.3081     514.7460
2005.880900      42.4213     914.6176     524.7551
2005.883600      43.7947     914.2571     494.6169
2005.886400      44.7856     913.9143     509.0021
2005.889100      44.7725     914.5880     538.7768
2005.891900      44.6665     912.8930     528.9949
2005.894600      43.2148     912.6283     542.7946
2005.897300      43.8559     913.8096     545.1567
2005.900100      44.5556     914.1573     531.9476
2005.902800      46.2862     913.5015     534.2947
2005.905500      44.9854     911.3313     504.2676
2005.908300      45.1093     912.5246     507.5383
2005.911000      43.9692     914.4981     543.0974
2005.913800      45.5685     914.2472     531.2763
2005.916500      44.6086     915.3002     533.6941
2005.919200      44.9413     914.2739     531.6297
2005.922000      45.1175     914.7717     558.3103
2005.924700      45.6566     915.1797     538.0954
2005.927400      44.5442     914.8043     536.9648
2005.930200      44.4912     915.0117     503.8487
2005.932900      46.2601     913.6121     530.7363
2005.935700      45.0669     914.8083     520.3234
2005.938400      46.2642     914.6334     516.5581
2005.941100      46.7127     914.0092     500.8000
2005.943900      44.7986     914.0605     502.2587
2005.946600      45.9436     913.5400     548.4578
2005.949300      44.7905     914.3045     549.2653
2005.952100      46.9288     913.7257     532.6240
2005.954800      47.9898     912.8663     520.0862
2005.957600      48.0461     911.0696     503.1874
2005.960300      46.5635     912.4278     522.5998
2005.963000      46.4207     912.9384     517.9310
2005.965800      46.0831     911.5654     497.7817
2005.968500      45.0987     911.5931     518.2288
2005.971300      45.5041     912.7251     542.0072
2005.974000      47.2412     915.5728     516.2653
2005.976700      45.8132     912.3073     543.5769
2005.979500      46.5284     913.8027     525.9008
2005.982200      46.9867     910.8463     509.1535
2005.984900      45.2007     910.0413     529.6410
2005.987700      45.6884     911.1377     525.5122
2005.990400      46.9427     915.2844     487.5152
2005.993200      44.7611     910.2754     500.9666
2005.995900      45.7447     914.3144     458.9821
2005.998600      45.8882     910.4463     479.8633
2006.001400      45.5897     911.8479     506.4329
2006.004100      46.6581     909.3973     488.5600
2006.006800      44.8060     915.6498     494.3444
2006.009600      44.3639     911.3481     510.6930
2006.012300      44.3297     910.5125     532.6442
2006.015100      46.5202     911.1348     525.6434
2006.017800      46.0480     911.5289     519.1373
2006.020500      44.0744     909.1444     543.3195
2006.023300      46.2136     908.1586     497.2416
2006.026000      46.6271     910.9708     479.8482
2006.028700      45.7952     910.5135     468.6631
2006.031500      47.1849     911.6889     477.0469
2006.034200      46.8473     912.7725     483.6792
2006.037000      46.6075     914.7747     475.5377
2006.039700      47.1091     913.1370     463.3229
2006.042400      46.1696     911.9635     494.9702
2006.045200      45.5661     909.0901     523.0188
2006.047900      46.4762     913.4580     479.1062
2006.050700      45.9583     911.9645     490.2761
2006.053400      43.9790     913.5508     495.1469
2006.056100      44.0540     913.4303     520.4547
2006.058900      44.6478     911.5822     494.1122
2006.061600      44.9087     912.8071     488.9083
2006.064300      45.1314     912.9315     497.3678
2006.067100      46.6238     912.7982     486.2029
2006.069800      45.5489     910.9777     503.4196
2006.072600      44.8068     911.5664     482.4779
2006.075300      45.9127     911.1121     461.0667
2006.078000      45.5767     909.8072     478.7327
2006.080800      44.0671     910.8167     470.9698
2006.083500      45.9412     911.1328     448.3270
2006.086200      46.2495     912.2519     450.9365
2006.089000      45.3238     912.4930     458.8055
2006.091700      44.5915     909.6808     487.6313
2006.094500      44.4047     909.3153     485.0319
2006.097200      45.8605     907.8021     485.0773
2006.099900      45.7797     910.9224     461.9500
2006.102700      45.6174     908.8916     504.4089
2006.105400      46.0643     907.9947     474.2657
2006.108100      46.9305     909.0012     507.1345
2006.110900      46.2315     910.5945     496.7469
2006.113600      46.2454     909.1020     497.8473
2006.116400      46.6246     907.3595     510.8595
2006.119100      46.9843     907.0010     529.2372
2006.121800      46.7869     906.6316     496.9842
2006.124600      45.4543     909.4230     460.7235
2006.127300      45.2194     908.3315     502.6221
2006.130000      45.4600     909.1276     525.9614
2006.132800      45.7194     909.3519     502.8038
2006.135500      46.2870     910.3683     470.0814
2006.138300      46.7388     911.6938     479.7169
2006.141000      46.2389     909.6057     460.0471
2006.143700      44.5907     910.3317     493.7992
2006.146500      45.0930     908.0085     471.2019
2006.149200      44.9324     908.8718     476.6885
2006.152000      45.6264     910.6350     485.1379
2006.154700      45.3524     907.1620     497.9886
2006.157400      44.6787     909.1958     512.0558
2006.160200      46.3808     908.1083     472.3124
2006.162900      45.6753     909.6403     510.4608
2006.165600      45.2121     907.5077     505.3326
2006.168400      45.2121     909.3588     485.2842
2006.171100      44.0826     907.3269     493.5418
2006.173900      45.9053     908.0243     505.3326
2006.176600      45.1713     907.7507     483.9366
2006.179300      45.6297     908.9084     473.7963
2006.182100      44.1601     907.4870     475.1844
2006.184800      46.0431     907.6233     462.1973
2006.187500      45.7235     910.0403     483.3915
2006.190300      44.5988     908.1251     506.0291
2006.193000      45.0963     907.5126     500.3357
2006.195800      44.9234     908.3098     511.2734
2006.198500      45.4193     908.2100     525.3961
2006.201200      46.0105     908.8323     563.7918
2006.204000      44.4969     908.6367     533.0429
2006.206700      44.8932     910.7229     513.6205
2006.209400      44.4243     909.3647     512.5756
2006.212200      44.3150     910.0690     515.6142
2006.214900      45.4486     908.7641     511.1371
2006.217700      44.6951     910.3722     500.2852
2006.220400      44.4316     908.8600     527.5665
2006.223100      44.4683     908.0065     518.6426
2006.225900      43.8485     908.5063     517.2647
2006.228600      44.7505     906.9625     511.5712
2006.231300      42.7516     907.1531     524.3412
2006.234100      43.6446     908.1577     521.0705
2006.236800      44.2261     907.8831     502.5868
2006.239600      44.7978     906.2611     538.0752
2006.242300      44.6331     905.8947     509.8046
2006.245000      44.1364     907.4208     482.7101
2006.247800      44.3778     906.8133     517.8653
2006.250500      43.9317     907.3111     507.7554
2006.253300      43.3771     907.1215     498.2258
2006.256000      43.5737     907.0948     504.5200
2006.258700      43.4334     906.7886     496.6763
2006.261500      43.9317     908.0796     511.0766
2006.264200      44.4577     907.2035     493.2390
2006.266900      44.0328     905.2467     477.5516
2006.269700      44.1022     906.9249     486.0615
2006.272400      43.2858     904.8210     486.3593
2006.275200      43.8453     905.4838     535.3950
2006.277900      43.9945     906.5367     523.3367
2006.280600      43.5802     905.0600     512.4192
2006.283400      43.1635     906.9842     498.8265
2006.286100      42.8234     905.5381     526.4106
2006.288800      44.1788     905.8986     532.8713
2006.291600      43.4179     905.1627     505.4083
2006.294300      44.2432     907.2153     496.9387
2006.297100      43.5663     905.9006     533.5224
2006.299800      44.1380     904.6491     511.5662
2006.302500      44.5605     906.9081     508.4519
2006.305300      43.1276     905.6596     529.8479
2006.308000      44.4830     907.6578     523.0692
2006.310700      44.0353     904.5819     561.5003
2006.313500      44.1160     906.0824     544.2533
2006.316200      45.0099     905.3346     530.3375
2006.319000      44.7994     905.7633     526.8195
2006.321700      45.0784     905.4630     567.3957
2006.324400      45.4233     906.5269     535.8392
2006.327200      43.8501     906.5999     530.9785
2006.329900      43.8379     907.6914     522.8522
2006.332600      44.3803     907.0909     501.2997
2006.335400      43.9627     907.0425     514.4230
2006.338100      45.4698     905.5687     527.5211
2006.340900      43.5394     907.6993     574.2349
2006.343600      44.0638     907.4484     513.7366
2006.346300      43.0770     907.4010     521.8730
2006.349100      43.0379     908.7770     538.1610
2006.351800      45.5114     908.1053     547.9984
2006.354600      44.0402     908.8412     540.0538
2006.357300      44.3607     908.0707     505.8828
2006.360000      44.5841     907.2301     542.4614
2006.362800      43.9268     908.2851     549.9972
2006.365500      43.9048     908.5202     555.9229
2006.368200      43.7254     907.9226     527.5766
2006.371000      43.9929     908.2782     516.6590
2006.373700      43.4807     908.2070     522.8522
2006.376500      43.2434     909.2817     537.9389
2006.379200      43.8542     909.3963     564.0644
2006.381900      43.9244     907.6815     535.2789
2006.384700      44.5784     907.9048     534.3603
2006.387400      44.0655     908.8708     575.4564
2006.390100      44.0385     908.8372     528.3186
2006.392900      43.4367     909.9593     489.2667
2006.395600      44.7595     908.4392     510.8494
2006.398400      43.4040     907.1610     561.0309
2006.401100      43.6210     908.8679     559.7135
2006.403800      44.3256     908.5449     575.0324
2006.406600      46.7143     907.1245     528.1469
2006.409300      44.9895     908.1043     525.4869
2006.412000      43.3820     908.9973     516.3410
2006.414800      43.1594     908.5616     528.5457
2006.417500      43.0680     908.2940     504.6007
2006.420300      44.6918     909.5484     531.0795
2006.423000      43.3437     907.6648     565.0638
2006.425700      41.1988     910.7752     519.7329
2006.428500      41.9940     911.0972     598.4323
2006.431200      43.2727     911.4143     521.2572
2006.433900      43.5370     909.0792     548.0237
2006.436700      41.6686     909.6729     604.3680
2006.439400      42.8054     908.0846     555.3677
2006.442200      42.0657     908.0026     566.7849
2006.444900      42.8797     906.7185     559.0018
2006.447600      42.5151     908.7987     526.4157
2006.450400      44.9161     907.8574     549.6893
2006.453100      42.8960     907.7556     579.5145
2006.455900      41.4500     907.2173     554.8125
2006.458600      42.9539     907.5512     558.3961
2006.461300      44.3020     910.0660     529.3836
2006.464100      43.4285     910.4552     554.7519
2006.466800      43.9081     907.8880     568.5919
2006.469500      45.4747     910.2181     538.4285
2006.472300      44.4602     910.5797     581.6799
2006.475000      44.6624     910.3238     570.8582
2006.477800      44.5417     908.2791     556.2510
2006.480500      43.9700     909.3815     554.6207
2006.483200      44.8810     909.4279     567.1181
2006.486000      44.2848     909.6877     578.9088
2006.488700      41.8863     908.3848     595.8127
2006.491400      43.0069     910.1569     536.1925
2006.494200      42.7410     909.8714     554.2118
2006.496900      44.8435     910.7634     578.8685
2006.499700      43.3837     907.7487     581.1852
2006.502400      43.8249     910.5964     583.9058
2006.505100      43.7025     909.9238     583.2799
2006.507900      44.3036     910.0532     586.5961
2006.510600      44.9169     908.2436     588.1709
2006.513300      42.9555     908.2011     545.9997
2006.516100      43.7156     909.6324     559.8498
2006.518800      43.7816     910.9540     561.9344
2006.521600      44.1609     908.9163     567.5622
2006.524300      44.7913     909.7401     565.4474
2006.527000      45.3043     910.1510     582.3159
2006.529800      45.5563     909.1968     578.0356
2006.532500      44.1291     909.3983     582.4774
2006.535200      44.2718     912.0880     552.1626
2006.538000      45.3067     908.4085     579.6104
2006.540700      43.5190     909.8250     574.4823
2006.543500      43.4179     910.4019     572.2917
2006.546200      43.9325     913.3632     558.1135
2006.548900      44.5124     911.7383     539.5289
2006.551700      43.6830     909.9050     557.5835
2006.554400      43.2679     911.0291     574.1643
2006.557200      44.3517     909.1158     573.9775
2006.559900      43.2891     910.2083     565.4272
2006.562600      43.4954     910.4206     557.7753
2006.565400      42.4409     909.2491     579.7972
2006.568100      45.6819     910.0433     571.1409
2006.570800      43.7131     908.4886     573.7151
2006.573600      44.0084     907.9344     546.0703
2006.576300      44.5401     909.7983     597.1351
2006.579100      42.8340     913.0589     547.8117
2006.581800      43.5460     910.1658     558.9766
2006.584500      43.6226     910.3535     529.3280
2006.587300      44.2514     909.8092     590.5280
2006.590000      43.6870     909.1365     584.4711
2006.592700      43.8762     910.0482     522.7260
2006.595500      43.4823     910.7189     543.7738
2006.598200      42.6211     910.9283     577.6672
2006.601000      42.8054     911.9872     558.8302
2006.603700      43.4807     910.6735     557.1191
2006.606400      43.0093     911.1644     540.4576
2006.609200      43.7107     910.4937     551.4307
2006.611900      44.5393     910.1786     580.1505
2006.614600      44.5319     908.6031     591.7394
2006.617400      44.3264     910.8651     557.0586
2006.620100      41.7232     912.3794     534.4966
2006.622900      43.7890     911.7768     542.4564
2006.625600      44.8557     909.5109     557.1191
2006.628300      44.3509     909.1790     567.7238
2006.631100      43.6756     910.8325     596.8726
2006.633800      44.5058     911.7492     570.4140
2006.636600      44.8989     909.4101     559.7741
2006.639300      44.4414     910.7120     540.4273
2006.642000      45.4788     912.1433     582.8711
2006.644800      44.2628     911.9299     550.8553
2006.647500      43.8485     912.8653     544.0514
2006.650200      44.9307     912.8120     570.7068
2006.653000      44.6649     911.2217     580.8773
2006.655700      45.4315     907.7053     523.8364
2006.658500      45.3834     909.9030     571.0652
2006.661200      42.9147     909.8754     550.7291
2006.663900      44.6486     912.1838     547.5088
2006.666700      44.1902     911.9368     543.7637
2006.669400      46.3115     911.7778     521.7216
2006.672100      45.4608     911.4025     567.0474
2006.674900      44.7244     909.9909     592.3148
2006.677600      44.1878     911.3896     565.8966
2006.680400      44.3957     909.3588     534.6783
2006.683100      42.9840     909.9554     558.1084
2006.685800      45.9624     911.7047     522.9279
2006.688600      43.7482     911.0222     577.3139
2006.691300      43.9855     909.9821     580.0395
2006.694000      44.9169     908.9982     519.3493
2006.696800      46.1842     909.3588     546.0754
2006.699500      45.6052     909.5544     544.9296
2006.702300      46.2845     909.6976     565.7401
2006.705000      45.5962     909.5790     544.9347
2006.707700      46.1997     907.0049     568.3295
2006.710500      46.3106     908.9409     564.5742
2006.713200      47.5291     910.9155     629.4689
2006.715900      44.4414     907.6490     614.0036
2006.718700      44.7660     910.1085     518.3751
2006.721400      44.7603     908.4629     547.7562
2006.724200      44.8435     908.9597     527.3040
2006.726900      45.9110     909.1671     557.1444
2006.729600      46.4444     909.2610     516.3865
2006.732400      46.9305     909.7440     528.4145
2006.735100      47.1091     908.8718     555.7109
2006.737900      45.7487     907.8603     547.7461
2006.740600      45.4519     908.9963     515.3315
2006.743300      46.3816     907.2035     506.1755
2006.746100      46.6744     907.0020     511.4551
2006.748800      46.2079     908.2070     499.4725
2006.751500      43.7719     906.5506     559.0018
2006.754300      46.6752     908.2614     516.4016
2006.757000      45.9282     907.8623     502.4859
2006.759800      41.6832     903.7730     596.7262
2006.762500      47.3105     905.2171     528.6365
2006.765200      46.7714     907.4524     502.4000
2006.768000      45.2757     908.2653     523.3216
2006.770700      46.7910     906.6770     508.3106
2006.773400      46.0431     905.9352     532.2253
2006.776200      46.5186     904.4585     532.4423
2006.778900      48.2378     906.9279     502.2587
2006.781700      45.7895     908.2179     472.3275
2006.784400      47.6253     908.9568     504.6562
2006.787100      46.9802     908.1201     488.6105
2006.789900      47.2828     908.3839     531.6599
2006.792600      47.5788     905.4413     511.0362
2006.795300      47.9058     908.0105     481.0848
2006.798100      47.0650     909.2738     496.4189
2006.800800      47.8121     909.3104     468.3501
2006.803600      47.6628     907.1590     518.7234
2006.806300      47.5992     906.8765     496.4239
2006.809000      47.9923     906.7955     522.5191
2006.811800      48.6651     906.9308     501.1786
2006.814500      47.9140     907.9394     507.3869
2006.817200      47.3578     906.3362     495.1873
2006.820000      47.9719     908.7869     541.9415
2006.822700      48.0225     904.8546     567.1685
2006.825500      48.6627     906.5338     512.5756
2006.828200      48.7116     907.0958     528.2529
2006.830900      48.8535     905.4729     528.5911
2006.833700      49.0460     905.3968     520.5657
2006.836400      49.0240     907.9552     514.3221
2006.839200      48.1212     905.9451     546.0804
2006.841900      47.5976     906.9694     538.3781
2006.844600      49.2890     904.8625     548.2407
2006.847400      49.4480     905.1302     541.7851
2006.850100      48.5183     905.5124     512.5151
2006.852800      48.4514     902.8958     554.3077
2006.855600      50.5401     902.8059     515.2407
2006.858300      51.9045     904.0258     536.7881
2006.861100      49.9733     903.4934     530.5596
2006.863800      50.2187     904.9049     527.3091
2006.866500      48.4547     905.4759     565.7603
2006.869300      50.6355     905.6408     522.0194
2006.872000      49.4839     904.7173     561.6770
2006.874700      48.8307     905.2961     537.9945
2006.877500      50.5751     905.3336     511.5763
2006.880200      49.9887     904.8239     505.6354
2006.883000      52.1556     907.6341     524.5027
2006.885700      50.9992     906.7600     517.6281
2006.888400      50.5645     905.3356     527.4151
2006.891200      50.3541     905.3702     521.2017
2006.893900      48.8657     904.5849     517.1335
2006.896600      51.0930     903.7423     512.5605
2006.899400      50.9405     904.8832     539.6752
2006.902100      51.1272     904.8862     529.5855
2006.904900      51.4673     904.5098     543.6678
2006.907600      51.1305     903.5685     529.8075
2006.910300      51.1003     904.9059     525.6333
2006.913100      49.9667     903.5744     541.6387
2006.915800      48.9628     904.9375     543.9100
2006.918500      51.5334     907.9838     516.5227
2006.921300      51.6060     905.0492     516.3713
2006.924000      51.2186     903.8273     519.0313
2006.926800      51.7446     903.7186     510.2690
2006.929500      51.5766     904.3261     500.0883
2006.932200      51.1052     903.1013     512.9593
2006.935000      51.2137     903.6742     482.6293
2006.937700      51.6508     900.7791     513.5296
2006.940500      51.8205     900.4481     505.0752
2006.943200      51.2724     903.9330     508.5327
2006.945900      51.5994     904.7657     525.9412
2006.948700      51.6720     903.0193     525.3254
2006.951400      52.8138     904.2985     490.8415
2006.954100      51.7185     903.3048     521.0351
2006.956900      52.5846     901.5663     524.0434
2006.959600      51.5032     904.1651     491.9367
2006.962400      51.2708     902.4938     524.3513
2006.965100      51.7112     904.6886     520.0206
2006.967800      51.0620     904.6343     514.0243
2006.970600      53.0209     903.0726     537.3585
2006.973300      51.5652     903.3838     519.2181
2006.976000      51.3091     905.6072     508.9566
2006.978800      51.1207     905.7900     530.8675
2006.981500      51.6052     904.6303     478.0059
2006.984300      50.1200     904.9494     519.4401
2006.987000      49.3339     902.8573     523.9323
2006.989700      49.4032     903.1220     527.3091
2006.992500      49.0631     905.9490     486.5663
2006.995200      49.6120     901.9081     511.7983
2006.997900      50.1608     903.2188     507.2203
2007.000700      50.7129     903.5843     509.6481
2007.003400      50.1168     903.8283     482.3012
2007.006200      50.7651     903.5132     496.0706
2007.008900      50.8084     903.6386     464.4334
2007.011600      52.6066     905.7584     462.4699
2007.014400      51.3107     904.4535     501.9609
2007.017100      50.7276     902.8445     507.4172
2007.019800      50.2416     903.6090     504.2979
2007.022600      49.7596     903.5043     503.1723
2007.025300      48.1513     904.7222     507.2557
2007.028100      49.3657     903.3146     510.7990
2007.030800      49.2425     901.7392     529.7470
2007.033500      49.5092     904.1868     520.4698
2007.036300      50.5180     903.9606     495.0914
2007.039000      51.5277     901.7046     507.7352
2007.041800      49.9357     904.1592     498.0845
2007.044500      50.6616     903.8451     508.2500
2007.047200      50.8247     904.1088     489.7563
2007.050000      50.2611     902.6163     499.9268
2007.052700      50.8320     902.8079     473.2058
2007.055400      50.7823     903.9478     496.8025
2007.058200      50.5303     904.1552     481.1403
2007.060900      50.0768     904.1049     527.4403
2007.063700      51.1224     902.5452     539.5743
2007.066400      50.6379     902.2617     513.1056
2007.069100      49.8933     902.0187     510.9857
2007.071900      50.8842     902.7249     502.9654
2007.074600      50.8443     902.8790     516.5076
2007.077300      50.5686     905.2418     514.1757
2007.080100      50.5547     903.2504     538.9080
2007.082800      49.8248     900.7395     547.9126
2007.085600      49.7253     899.4367     540.8715
2007.088300      51.6149     902.6054     549.4521
2007.091000      51.7854     901.8765     572.3018
2007.093800      50.9870     900.8699     562.1514
2007.096500      52.7355     900.8037     553.0812
2007.099200      51.8147     902.1491     505.1761
2007.102000      51.5937     904.9948     508.2652
2007.104700      50.5947     901.6730     564.2915
2007.107500      50.7464     901.9021     541.6387
2007.110200      50.0173     901.8162     531.8921
2007.112900      51.1297     902.0009     537.6109
2007.115700      51.3042     901.3194     500.7092
2007.118400      50.8467     902.3456     505.9383
2007.121100      49.6275     900.6042     563.3073
2007.123900      49.6527     899.7597     549.6288
2007.126600      49.3624     901.1742     515.6697
2007.129400      51.9591     900.4867     533.8354
2007.132100      51.0954     900.8363     513.7265
2007.134800      51.2904     902.5965     510.9958
2007.137600      51.0889     902.4662     527.4857
2007.140300      51.2406     902.4869     519.8338
2007.143100      50.6232     901.3065     544.4249
2007.145800      49.8901     900.6872     517.7341
2007.148500      50.2081     902.6558     489.0092
2007.151300      49.9186     901.7006     492.5828
2007.154000      49.6193     902.6440     517.4666
2007.156700      50.4936     903.4747     500.9969
2007.159500      49.8534     903.7651     500.1994
2007.162200      48.8641     903.1606     498.6751
2007.165000      49.5410     903.1655     497.0296
2007.167700      49.0403     903.1892     473.4531
2007.170400      49.0370     902.6143     506.6904
2007.173200      47.8496     901.5594     559.9356
2007.175900      49.4831     902.1916     545.7725
2007.178600      48.9824     901.4399     544.7731
2007.181400      50.2579     902.2982     501.0171
2007.184100      50.1078     902.2340     501.1735
2007.186900      49.3763     901.2403     518.7285
2007.189600      50.9389     900.7672     534.3351
2007.192300      49.2588     901.4201     524.9519
2007.195100      48.6896     902.0730     512.1668
2007.197800      48.1187     900.9865     491.0282
2007.200500      48.3332     901.9091     491.8055
2007.203300      48.6252     901.1208     487.8938
2007.206000      48.2590     900.9094     490.9929
2007.208800      46.8807     901.2097     494.4100
2007.211500      48.4767     900.9687     481.8772
2007.214200      48.9375     900.9312     483.4470
2007.217000      48.5934     901.7490     476.2998
2007.219700      49.3910     897.9155     460.1027
2007.222500      48.6676     899.9049     496.9034
2007.225200      49.2572     899.4871     534.2190
2007.227900      49.8126     900.3770     520.3032
2007.230700      49.2172     899.9454     508.4368
2007.233400      48.6700     899.5098     490.1045
2007.236100      49.9904     899.8239     516.0786
2007.238900      49.3803     898.4380     521.0755
2007.241600      48.8592     900.9944     506.4834
2007.244400      48.6749     900.0600     508.4115
2007.247100      48.6831     899.5503     528.3993
2007.249800      49.4309     901.9140     538.4386
2007.252600      48.6863     902.1896     536.1521
2007.255300      49.2670     901.0714     521.8478
2007.258000      48.4384     900.8887     507.3919
2007.260800      49.0631     901.1119     514.5038
2007.263500      49.2303     900.8097     511.3946
2007.266300      49.6087     899.4288     497.3476
2007.269000      49.7033     900.0046     508.3510
2007.271700      48.3430     899.1532     503.3288
2007.274500      49.5231     899.5256     476.2645
2007.277200      49.9317     899.6895     491.2806
2007.279900      49.6511     899.6579     524.7147
2007.282700      50.4936     899.4515     524.4472
2007.285400      50.7007     899.4703     510.4507
2007.288200      50.7692     900.2476     529.4744
2007.290900      50.6510     900.8116     516.2249
2007.293600      50.1608     901.3124     506.2916
2007.296400      50.7374     899.8387     536.9345
2007.299100      49.3836     899.1818     540.3667
2007.301800      49.9920     900.3128     518.2843
2007.304600      48.4906     899.5197     518.2540
2007.307300      50.2155     899.8723     503.1874
2007.310100      50.1364     899.2283     512.5555
2007.312800      49.0680     900.2229     526.8498
2007.315500      48.9864     900.3336     504.0001
2007.318300      50.4870     899.0248     541.9062
2007.321000      51.8580     898.9744     530.2719
2007.323800      50.4658     898.0232     537.0052
2007.326500      49.9700     899.5779     515.9726
2007.329200      49.6111     900.8897     537.3888
2007.332000      51.9273     900.8008     562.1413
2007.334700      50.6118     897.8681     589.3974
2007.337400      49.8240     896.7322     579.5398
2007.340200      50.7709     900.9114     516.5732
2007.342900      50.2073     901.0853     541.5327
2007.345700      48.6105     900.2140     543.0621
2007.348400      50.2138     900.1113     520.4244
2007.351100      50.0874     900.6635     521.2269
2007.353900      49.6691     902.0266     536.8285
2007.356600      50.7651     903.7809     509.0879
2007.359300      49.6283     901.5949     522.2869
2007.362100      48.5232     901.3174     560.6372
2007.364800      49.2768     902.0513     539.1200
2007.367600      50.2367     901.7698     505.2720
2007.370300      50.4748     901.2552     550.8856
2007.373000      49.7335     900.5766     511.1826
2007.375800      48.8127     900.8986     487.0609
2007.378500      48.8527     901.3826     510.1882
2007.381200      49.5557     901.9387     487.7524
2007.384000      49.5443     902.2074     523.7103
2007.386700      48.9546     902.8247     544.6823
2007.389500      50.7121     902.3881     522.9986
2007.392200      50.8646     902.9265     561.4448
2007.394900      48.2949     899.0060     604.4387
2007.397700      48.8519     901.0793     530.9331
2007.400400      47.6490     903.0173     499.0637
2007.403100      48.9497     902.2577     525.7545
2007.405900      49.9879     901.8271     519.4250
2007.408600      49.3983     903.0924     547.6906
2007.411400      49.0231     902.6459     529.3129
2007.414100      48.1733     903.3374     527.5665
2007.416800      48.9416     903.0153     540.2355
2007.419600      48.5191     901.9051     531.3319
2007.422300      48.4890     902.3377     560.4050
2007.425100      48.4514     901.8705     541.4318
2007.427800      48.4841     899.6323     559.1028
2007.430500      50.1755     903.4203     535.1830
2007.433300      50.2326     904.7538     540.7453
2007.436000      47.5853     902.9571     568.3547
2007.438700      48.3732     904.7350     566.2953
2007.441500      50.4177     904.6116     545.9795
2007.444200      48.3993     904.2422     550.9512
2007.447000      48.9114     904.4170     564.3168
2007.449700      47.5862     903.5389     539.0544
2007.452400      48.3691     905.7752     497.5697
2007.455200      48.7508     904.3054     551.7033
2007.457900      48.9587     901.9950     535.2285
2007.460600      48.9848     902.5649     530.7918
2007.463400      48.7108     902.8000     549.9367
2007.466100      47.4157     903.5517     566.3155
2007.468900      48.7206     901.4932     598.3465
2007.471600      49.8640     903.4045     564.5641
2007.474300      49.2760     901.7698     563.8928
2007.477100      47.6318     903.0796     558.7242
2007.479800      49.1977     903.2820     541.9113
2007.482500      49.4130     902.4928     565.5231
2007.485300      50.9397     903.0766     576.5769
2007.488000      48.3732     903.1072     555.7715
2007.490800      47.6718     902.9304     546.4741
2007.493500      48.7263     904.0831     529.8025
2007.496200      48.1326     903.2830     576.7536
2007.499000      48.2459     903.1724     533.0026
2007.501700      49.3330     902.5274     575.9258
2007.504400      48.2614     903.7364     555.9431
2007.507200      49.0313     905.4966     534.3654
2007.509900      47.7191     902.2587     559.9962
2007.512700      49.0419     906.2671     559.5621
2007.515400      49.2915     903.7433     542.3251
2007.518100      48.2378     904.2155     555.4131
2007.520900      49.2605     903.7344     567.0575
2007.523600      50.4520     903.2544     547.1757
2007.526400      49.7653     903.0084     562.0101
2007.529100      49.5353     901.5693     556.2863
2007.531800      48.8763     902.6272     577.2684
2007.534600      48.8666     902.6825     649.0983
2007.537300      47.6310     902.6775     585.3645
2007.540000      47.4353     902.8227     561.3489
2007.542800      48.7206     903.2188     565.8663
2007.545500      48.4302     901.6779     612.7064
2007.548300      48.6105     902.8840     589.1147
2007.551000      48.5950     903.2988     601.6727
2007.553700      48.8878     904.0732     557.3210
2007.556500      47.5707     902.5481     580.1909
2007.559200      47.2436     903.0618     559.9861
2007.561900      46.1435     903.0400     544.0615
2007.564700      48.8217     903.5428     565.2303
2007.567400      50.0874     901.4488     600.3200
2007.570200      47.6636     902.4987     579.9638
2007.572900      48.3234     902.9097     559.7438
2007.575600      48.3365     902.1333     574.9971
2007.578400      47.7990     903.6110     574.1744
2007.581100      48.7679     903.5606     568.7383
2007.583800      48.6553     906.1782     570.5756
2007.586600      49.4880     904.4387     566.1237
2007.589300      49.0541     903.9122     611.1366
2007.592100      48.5909     904.4604     579.6256
2007.594800      47.6922     900.9391     588.5797
2007.597500      48.5575     904.8625     558.3860
2007.600300      49.0859     904.7588     548.2962
2007.603000      49.0174     903.2682     563.0347
2007.605700      49.5100     904.5286     599.2247
2007.608500      48.9954     907.2410     552.1676
2007.611200      50.3443     904.6975     565.1092
2007.614000      48.7230     905.9856     535.5868
2007.616700      47.8365     907.0602     559.0775
2007.619400      50.2889     905.1855     537.1515
2007.622200      48.6586     902.5906     558.8605
2007.624900      50.0393     903.2218     553.4497
2007.627700      49.4464     903.8540     563.1861
2007.630400      50.5474     905.5016     558.3356
2007.633100      49.9463     903.6544     577.2634
2007.635900      48.0062     901.1544     607.2047
2007.638600      49.5736     902.5551     565.7502
2007.641300      49.9520     902.9837     518.9051
2007.644100      50.5262     900.9489     545.2678
2007.646800      47.9858     904.6699     559.3652
2007.649600      49.3021     905.8216     511.3289
2007.652300      47.6808     904.4624     570.1263
2007.655000      49.8917     904.1503     534.5925
2007.657800      48.3503     905.6606     534.2493
2007.660500      50.0124     905.2349     572.2664
2007.663200      49.4415     902.2182     545.0255
2007.666000      49.3616     906.1140     584.2692
2007.668700      48.7679     903.2939     547.3726
2007.671500      49.9920     902.1777     570.7068
2007.674200      49.9455     903.1586     569.1370
2007.676900      50.2065     901.9466     589.7406
2007.679700      45.4005     900.5795     601.5819
2007.682400      52.2975     904.0742     528.6365
2007.685100      48.1888     902.2824     604.3125
2007.687900      50.5515     901.7411     583.9613
2007.690600      50.8614     902.6430     540.5081
2007.693400      49.9080     902.6756     566.1742
2007.696100      49.8811     901.2542     534.5975
2007.698800      50.5278     902.8198     541.6084
2007.701600      49.1112     903.9547     535.2083
2007.704300      51.1933     900.0442     566.9616
2007.707000      50.1233     901.6157     548.2407
2007.709800      49.1520     901.2384     527.4756
2007.712500      49.6576     899.0100     550.7140
2007.715300      51.0522     900.5025     578.5202
2007.718000      51.7805     899.8960     582.0685
2007.720700      49.3983     900.2437     564.8871
2007.723500      50.0948     900.3276     501.4410
2007.726200      50.9927     902.0315     518.8344
2007.729000      51.3442     901.3816     552.6320
2007.731700      48.9114     902.9946     527.1980
2007.734400      50.7496     902.9660     516.6489
2007.737200      52.3465     900.3049     602.2027
2007.739900      50.0727     900.8818     529.1463
2007.742600      51.4502     901.5218     531.7104
2007.745400      51.0098     902.6193     524.5532
2007.748100      51.1811     901.6068     549.0433
2007.750900      51.7397     900.9608     497.4485
2007.753600      51.3287     902.6765     543.8141
2007.756300      51.7642     900.4748     554.8226
2007.759100      51.9020     904.3399     517.3404
2007.761800      51.4029     901.3470     529.7672
2007.764500      52.5006     901.6908     574.6135
2007.767300      52.1548     903.9280     561.3489
2007.770000      50.7660     902.9156     564.3319
2007.772800      53.5355     900.9104     542.3050
2007.775500      52.2535     900.5558     543.3548
2007.778200      51.1224     901.8932     559.6378
2007.781000      51.9689     902.7003     555.1708
2007.783700      51.4926     901.6009     554.9386
2007.786400      52.4134     900.7573     517.8906
2007.789200      52.3669     899.2283     544.8085
2007.791900      51.8433     900.6832     494.0516
2007.794700      51.9860     901.4962     533.1691
2007.797400      52.6490     899.0860     590.8410
2007.800100      51.4796     901.3006     574.8709
2007.802900      52.5251     898.6672     613.2010
2007.805600      52.6083     899.4189     558.2397
2007.808400      52.9443     901.6068     506.6853
2007.811100      52.7510     899.3132     523.4427
2007.813800      54.0526     901.7243     518.9556
2007.816600      52.8586     901.4359     544.2886
2007.819300      53.7133     899.6490     538.1005
2007.822000      54.5623     899.9355     540.9977
2007.824800      53.8683     899.0505     539.2159
2007.827500      53.2917     899.7765     502.1628
2007.830300      54.5387     899.2549     525.9210
2007.833000      53.3781     899.1137     546.4842
2007.835700      54.2655     898.4242     531.2259
2007.838500      54.4008     900.2931     510.7687
2007.841200      54.0991     900.2545     515.8464
2007.843900      54.5517     900.2723     520.5506
2007.846700      54.4759     898.8371     520.7272
2007.849400      54.4384     898.4124     507.4525
2007.852200      53.3993     897.6044     494.9046
2007.854900      54.5436     899.0831     517.6634
2007.857600      55.0378     899.8812     539.5238
2007.860400      54.6545     898.2000     505.6960
2007.863100      55.4716     898.2583     500.1792
2007.865800      54.2385     897.7693     505.6405
2007.868600      54.5851     897.8533     522.4787
2007.871300      54.2695     897.3248     506.4481
2007.874100      52.8146     899.1660     512.7119
2007.876800      54.8796     897.2577     530.8675
2007.879500      55.7065     898.0311     488.8427
2007.882300      55.4195     895.4757     513.5044
2007.885000      56.7684     895.8817     506.2916
2007.887700      56.0572     897.7051     520.2124
2007.890500      55.5051     897.5975     533.3912
2007.893200      56.5457     897.1707     501.4410
2007.896000      55.6543     897.5747     499.6088
2007.898700      54.1268     893.9052     556.7002
2007.901400      53.5698     896.4260     533.5073
2007.904200      53.5372     896.5534     537.8834
2007.906900      54.1578     897.5145     486.7530
2007.909700      55.2621     897.7081     498.8164
2007.912400      55.0019     896.8537     503.2430
2007.915100      55.3363     897.5214     509.6380
2007.917900      54.6594     898.2790     507.4525
2007.920600      54.8200     898.0716     489.0294
2007.923300      54.0820     897.2853     500.4316
2007.926100      54.4408     897.9629     519.9701
2007.928800      54.6325     897.0473     514.4381
2007.931600      54.0942     896.0091     523.5134
2007.934300      54.4384     897.8770     495.6113
2007.937000      53.8324     897.2814     514.9530
2007.939800      54.1496     898.6968     521.9639
2007.942500      55.6910     897.3495     509.2141
2007.945200      54.4734     896.3894     533.3811
2007.948000      54.5843     895.4935     533.9717
2007.950700      52.7771     901.6157     513.8880
2007.953500      53.9694     901.0606     534.8297
2007.956200      53.3553     896.9999     526.8750
2007.958900      54.9627     897.2251     529.1211
2007.961700      54.6431     897.7032     551.8193
2007.964400      53.8283     897.6143     510.9201
2007.967100      54.1961     897.4523     534.0726
2007.969900      53.6726     898.7551     509.2242
2007.972600      54.2467     900.1469     489.4181
2007.975400      54.4098     897.3436     516.5025
2007.978100      53.6236     897.9175     510.5365
2007.980800      53.6432     898.7423     484.0577
2007.983600      54.2842     899.2302     489.2313
2007.986300      54.6259     897.0690     494.8390
2007.989000      54.7058     897.9728     514.1807
2007.991800      54.0999     896.5860     525.6283
2007.994500      55.1935     896.5070     518.3499
2007.997300      54.7776     897.4582     530.8675
2008.000000      53.5037     897.0305     548.0388
2008.002700      53.3798     897.0176     519.4149
2008.005500      53.1376     896.9870     530.3274
2008.008200      53.5298     897.4888     511.5813
2008.011000      53.7174     896.8013     502.8644
2008.013700      54.1260     896.5939     527.4504
2008.016400      53.4075     897.2508     516.8306
2008.019200      54.2288     897.4068     520.2881
2008.021900      55.7864     895.8373     508.8910
2008.024600      54.9081     897.0344     499.4322
2008.027400      53.7615     896.6551     505.8071
2008.030100      54.0966     897.4137     525.9866
2008.032900      53.4948     899.3656     521.6307
2008.035600      53.0405     896.1642     514.1403
2008.038300      53.3374     899.6797     493.3500
2008.041100      53.8561     896.6166     512.5504
2008.043800      53.6954     897.2033     505.2670
2008.046500      53.8813     897.8000     503.1824
2008.049300      53.9343     897.9027     500.5628
2008.052000      53.5869     897.0967     511.5207
2008.054800      55.0337     895.9469     511.4602
2008.057500      53.4173     896.1593     486.2433
2008.060200      53.8634     896.0486     517.5423
2008.063000      53.5241     896.1543     522.1153
2008.065700      53.5934     899.4248     505.7616
2008.068400      53.1359     896.3993     514.5997
2008.071200      54.4555     896.8211     522.6604
2008.073900      54.7425     898.2247     509.0273
2008.076700      53.8903     896.0704     534.7035
2008.079400      52.6882     895.2891     525.9109
2008.082100      52.7885     894.7902     516.6691
2008.084900      54.2443     894.2213     525.1235
2008.087600      54.1904     898.3403     492.1134
2008.090300      53.6660     896.4971     519.3846
2008.093100      53.6636     893.8983     514.5492
2008.095800      53.7549     897.1737     518.8597
2008.098600      53.6147     898.1170     527.8592
2008.101300      52.8358     895.4185     509.0626
2008.104000      52.9867     897.4325     512.4949
2008.106800      53.1702     896.4161     506.0039
2008.109500      52.9125     896.8784     512.8785
2008.112300      54.5109     894.4504     535.9805
2008.115000      53.0307     894.8870     520.9039
2008.117700      54.7613     894.8021     532.2858
2008.120500      53.9751     893.8272     526.3349
2008.123200      53.5527     894.9177     501.4158
2008.125900      53.1376     892.7061     512.4747
2008.128700      52.7216     893.9378     498.0593
2008.131400      52.3416     894.6964     497.9280
2008.134200      53.1531     894.2391     501.0171
2008.136900      53.7998     893.9220     484.1031
2008.139600      54.1692     892.7920     506.7105
2008.142400      54.5941     892.7149     513.6255
2008.145100      52.4925     896.2403     491.2604
2008.147800      52.6099     894.8860     507.4273
2008.150600      53.9482     894.8179     503.6670
2008.153300      51.6264     904.7104     577.9095
2008.156100      50.8736     902.0068     560.4504
2008.158800      53.1017     894.3230     576.6577
2008.161500      53.7810     893.7620     524.7096
2008.164300      52.6784     894.0593     528.3337
2008.167000      54.4424     894.2351     513.9485
2008.169700      53.0054     894.6668     504.4594
2008.172500      52.4403     893.9042     522.2364
2008.175200      51.9461     893.2967     492.6636
2008.178000      52.4378     893.4242     479.2475
2008.180700      52.5936     893.7383     523.4730
2008.183400      52.5544     892.0976     518.2742
2008.186200      54.5892     891.7519     544.3189
2008.188900      54.4938     893.4479     525.1387
2008.191600      52.8913     893.7037     491.3311
2008.194400      53.7427     895.5755     494.0869
2008.197100      54.6178     893.0053     516.5429
2008.199900      54.2247     893.1535     530.1053
2008.202600      53.9768     892.3663     538.6557
2008.205300      52.9402     891.8645     536.2884
2008.208100      53.1686     893.7393     507.2860
2008.210800      54.1178     893.2286     505.1307
2008.213600      53.9874     892.8671     535.9250
2008.216300      52.5593     893.9220     537.6008
2008.219000      52.8586     891.3824     526.4460
2008.221800      54.4742     894.4297     506.1200
2008.224500      53.4336     892.2122     510.4103
2008.227200      53.3928     891.8753     513.6356
2008.230000      53.3806     891.4931     512.6463
2008.232700      53.7451     891.2451     511.0816
2008.235500      53.2044     892.2438     509.6179
2008.238200      52.9590     891.5138     476.6178
2008.240900      53.4442     891.2975     497.9432
2008.243700      53.3692     891.4407     531.5338
2008.246400      52.6515     892.1203     525.5728
2008.249100      51.6255     890.9992     524.9368
2008.251900      54.0665     890.8214     536.2935
2008.254600      53.9278     889.8425     529.0050
2008.257400      54.3046     891.2600     516.4773
2008.260100      53.8536     892.8345     505.6708
2008.262800      54.2818     891.8279     510.8646
2008.265600      54.4971     891.9316     524.3361
2008.268300      52.7591     891.2046     532.7199
2008.271000      53.8055     891.6363     528.7981
2008.273800      52.9361     892.3495     529.4795
2008.276500      53.5494     892.3959     514.2564
2008.279300      52.9997     891.0753     526.6428
2008.282000      53.9466     892.5925     513.3479
2008.284700      55.0541     891.4516     513.1006
2008.287500      53.1857     891.2679     502.5111
2008.290200      53.7680     893.9398     508.1844
2008.293000      52.4990     893.1338     548.3316
2008.295700      57.5586     892.2556     572.1201
2008.298400      53.8577     894.0642     473.0342
2008.301200      53.6212     895.0006     519.9146
2008.303900      52.9883     893.1259     517.9158
2008.306600      52.5969     893.9240     542.1031
2008.309400      53.6693     892.2092     545.3031
2008.312100      54.1097     893.0794     500.3760
2008.314900      54.1619     892.5539     508.1036
2008.317600      53.4018     892.6883     544.2583
2008.320300      52.6075     891.2511     565.8461
2008.323100      54.1203     890.8036     534.2695
2008.325800      53.1416     891.2017     543.1933
2008.328500      55.4064     890.4095     543.3346
2008.331300      54.5639     894.9670     562.1464
2008.334000      52.5708     894.5295     555.0749
2008.336800      53.5959     893.7185     545.0104
2008.339500      53.3692     891.6817     551.3449
2008.342200      54.1839     891.7183     558.4113
2008.345000      54.1170     892.2171     526.0725
2008.347700      52.0961     893.2276     565.8764
2008.350400      53.0038     894.6144     530.4233
2008.353200      52.4256     895.2821     497.3779
2008.355900      51.6582     894.7823     506.8872
2008.358700      51.5040     893.9753     514.0899
2008.361400      50.7978     893.1663     536.8487
2008.364100      52.1671     892.3050     563.1710
2008.366900      52.9002     893.8202     543.7738
2008.369600      51.9697     893.3333     550.1991
2008.372300      52.1622     894.5818     525.8100
2008.375100      51.5334     894.1423     519.2433
2008.377800      51.2879     893.8193     532.8209
2008.380600      49.9765     891.8832     561.1874
2008.383300      49.4823     892.5233     589.5135
2008.386000      52.2763     893.0142     555.1153
2008.388800      50.6852     891.5365     580.2717
2008.391500      51.7128     892.8552     547.5442
2008.394300      52.2119     894.4040     567.4007
2008.397000      51.3792     894.1462     550.8654
2008.399700      50.8940     893.3254     546.3631
2008.402500      50.6697     895.6970     536.5812
2008.405200      52.2723     894.9611     544.7328
2008.407900      51.3841     894.7211     556.6800
2008.410700      51.9787     895.3009     577.8640
2008.413400      50.9470     894.3497     538.8020
2008.416200      51.2904     893.6355     532.3111
2008.418900      51.6663     894.2055     516.2956
2008.421600      51.2594     894.6727     535.2234
2008.424400      49.8118     895.1547     566.0783
2008.427100      51.5407     892.6211     569.6165
2008.429800      53.1319     892.7890     541.3207
2008.432600      52.7004     891.9751     538.3730
2008.435300      52.2299     895.1923     515.9726
2008.438100      53.1025     894.5739     552.6976
2008.440800      52.6107     893.9901     545.6363
2008.443500      52.2975     896.6097     568.8998
2008.446300      52.1401     894.9295     578.8836
2008.449000      52.6384     894.5581     536.1168
2008.451700      52.4998     895.1211     516.6388
2008.454500      53.5951     892.7288     534.6278
2008.457200      51.0057     893.5160     559.7640
2008.460000      52.5675     893.6899     542.2292
2008.462700      53.3341     893.5121     561.2126
2008.465400      52.5487     893.5239     542.9712
2008.468200      52.5528     894.1867     547.5442
2008.470900      51.7878     896.8754     590.5633
2008.473600      51.5065     896.2413     639.6344
2008.476400      51.7805     896.3707     572.0898
2008.479100      51.4323     894.9651     555.5645
2008.481900      52.4052     895.1765     554.7721
2008.484600      53.2004     895.5567     536.4146
2008.487300      52.3351     894.3398     533.1035
2008.490100      53.4222     894.4169     541.8860
2008.492800      51.9094     894.2075     559.5116
2008.495600      52.5985     895.2663     557.7248
2008.498300      51.9012     894.3882     552.8591
2008.501000      52.1508     895.8511     579.7164
2008.503800      54.2263     893.3224     578.1921
2008.506500      53.9107     894.0603     545.4798
2008.509200      53.7680     894.3517     558.3103
2008.512000      53.0780     893.6523     570.3080
2008.514700      53.3659     894.6737     541.8860
2008.517500      52.4109     894.8732     559.6277
2008.520200      51.5195     894.4435     537.8481
2008.522900      52.1018     893.5555     576.4810
2008.525700      52.7673     894.7428     595.6764
2008.528400      52.1671     893.3580     559.9205
2008.531100      53.6081     894.3793     587.1967
2008.533900      52.7110     892.8029     550.2597
2008.536600      52.2372     894.0504     546.6760
2008.539400      52.3840     894.9858     574.6943
2008.542100      53.6089     893.5605     547.9126
2008.544800      52.5471     894.2440     551.0673
2008.547600      53.4801     894.1304     556.9728
2008.550300      53.3961     894.7310     564.3369
2008.553000      53.4344     891.7578     595.9237
2008.555800      54.6227     891.9672     573.4526
2008.558500      54.8363     893.9980     534.3805
2008.561300      54.7605     893.2256     558.4062
2008.564000      54.0379     894.1610     560.9451
2008.566700      54.6594     894.6727     545.0255
2008.569500      50.2065     894.0415     591.7242
2008.572200      55.0329     891.8694     541.6740
2008.574900      54.7018     891.3864     569.2430
2008.577700      55.2563     891.9504     543.6324
2008.580400      54.6643     891.6067     524.9418
2008.583200      55.8378     891.5020     568.6474
2008.585900      54.6235     889.5857     582.6238
2008.588600      54.3217     890.6327     573.8110
2008.591400      54.3201     892.5045     544.0665
2008.594100      54.6390     893.1150     544.2381
2008.596900      54.5876     893.2454     583.9411
2008.599600      55.3689     890.1329     574.0381
2008.602300      53.9914     891.1849     641.0880
2008.605100      54.7784     894.0682     529.9691
2008.607800      54.8331     891.6244     550.0023
2008.610500      53.5665     892.5194     552.1626
2008.613300      54.9880     893.9506     543.6829
2008.616000      53.4491     890.8925     558.0479
2008.618800      53.7109     890.8362     567.5824
2008.621500      52.4990     892.4818     567.9913
2008.624200      53.3178     893.4113     560.4807
2008.627000      55.5687     890.4767     599.4115
2008.629700      56.0972     893.1535     542.4261
2008.632400      54.6267     894.1423     599.5377
2008.635200      54.5493     892.5480     511.5914
2008.637900      54.5020     891.8348     589.5942
2008.640700      55.7824     891.0624     588.7412
2008.643400      55.7905     889.5897     544.9044
2008.646100      55.7204     891.1641     553.4244
2008.648900      54.3666     892.3811     567.0323
2008.651600      55.1666     890.9182     555.9885
2008.654300      55.8240     892.5292     571.9081
2008.657100      55.0769     890.8688     578.5707
2008.659800      57.7079     889.2183     555.3727
2008.662600      54.8828     889.3002     584.1582
2008.665300      55.7522     891.2382     565.4373
2008.668000      55.2914     890.9389     581.1146
2008.670800      54.5224     891.8605     588.1507
2008.673500      55.6617     890.3759     558.0024
2008.676200      55.5866     892.2349     556.0087
2008.679000      54.9212     892.2270     564.6499
2008.681700      55.5263     891.4229     564.3773
2008.684500      56.0140     891.2017     534.3098
2008.687200      55.8060     890.0302     552.7632
2008.689900      57.0978     890.7552     576.7233
2008.692700      54.6414     891.4200     562.6057
2008.695400      55.6690     890.4283     537.4493
2008.698200      55.4749     891.0753     547.7360
2008.700900      56.1510     891.0209     530.2265
2008.703600      57.5399     891.6146     522.5292
2008.706400      57.2724     891.7232     559.4309
2008.709100      57.7079     891.6798     543.2640
2008.711800      56.9771     890.7760     542.1990
2008.714600      56.0474     894.4376     574.5782
2008.717300      57.4983     890.9666     549.4571
2008.720100      57.9452     891.6462     550.7190
2008.722800      57.4852     891.0871     539.0746
2008.725500      56.9576     891.6857     593.8896
2008.728300      56.4886     891.2965     549.6338
2008.731000      56.4854     892.5223     591.6839
2008.733700      56.4218     889.6272     557.0131
2008.736500      56.5946     891.7242     520.1518
2008.739200      56.4283     889.1145     543.4103
2008.742000      57.1827     890.6950     513.8123
2008.744700      58.0740     890.0559     553.4648
2008.747400      59.2411     890.8698     525.7696
2008.750200      57.4534     891.7538     537.6815
2008.752900      58.1882     891.4378     525.9765
2008.755600      58.2339     891.0990     526.2390
2008.758400      58.4247     891.4644     511.3491
2008.761100      57.9852     890.2238     535.3244
2008.763900      57.6247     891.4229     524.0081
2008.766600      58.6759     891.4121     500.9363
2008.769300      59.5396     890.7384     549.8862
2008.772100      60.0468     888.1475     531.0896
2008.774800      58.3016     888.7550     570.5402
2008.777500      57.3963     888.9674     586.0560
2008.780300      58.9866     889.8583     543.3801
2008.783000      59.3218     890.2831     535.0367
2008.785800      59.5127     891.3894     495.2479
2008.788500      59.5094     891.7203     504.8430
2008.791200      59.1318     890.0095     520.5506
2008.794000      59.1832     892.9303     509.6229
2008.796700      60.5876     891.3568     514.2312
2008.799500      59.2574     890.8560     519.3543
2008.802200      59.2019     892.1687     466.7148
2008.804900      59.0356     890.4016     543.2034
2008.807700      59.4972     890.4273     519.0565
2008.810400      59.8430     887.6477     546.1612
2008.813100      59.7965     887.3435     559.5823
2008.815900      59.8797     889.3230     538.2721
2008.818600      59.4336     890.4688     563.4587
2008.821400      58.9377     889.0642     578.0256
2008.824100      59.6317     891.0466     573.5132
2008.826800      59.4442     889.1313     553.3588
2008.829600      59.8299     889.1600     544.8993
2008.832300      60.3584     889.3328     537.6613
2008.835000      60.7311     888.1327     547.9429
2008.837800      59.9066     887.6003     567.0323
2008.840500      60.8673     890.0825     545.5101
2008.843300      60.2515     890.1339     562.2927
2008.846000      61.8125     887.7376     583.1285
2008.848700      60.2181     890.3917     517.8805
2008.851500      60.5517     887.7050     563.0448
2008.854200      60.6079     888.4646     535.7534
2008.856900      60.1227     887.8413     507.0740
2008.859700      59.8299     888.5288     522.4181
2008.862400      61.3207     891.5711     520.0559
2008.865200      60.6732     890.7740     492.1538
2008.867900      61.8802     889.9087     511.9851
2008.870600      61.7929     890.4984     520.0963
2008.873400      61.7538     889.4751     522.7563
2008.876100      60.3886     888.4784     503.5811
2008.878900      59.9710     893.0340     481.6451
2008.881600      59.8283     889.0088     521.1916
2008.884300      61.0426     891.5188     529.5501
2008.887100      61.1633     889.7862     517.3202
2008.889800      60.4293     888.5999     527.7633
2008.892500      60.4212     890.6495     524.8762
2008.895300      60.0738     888.3411     525.3305
2008.898000      59.1489     892.2161     509.7794
2008.900800      60.0770     888.6592     488.5398
2008.903500      58.8806     891.1177     510.3396
2008.906200      59.0462     890.8313     505.3831
2008.909000      61.2261     889.2765     484.4868
2008.911700      61.3811     887.2793     536.5963
2008.914400      59.5820     886.4229     551.8395
2008.917200      59.7916     889.8761     530.4031
2008.919900      59.0266     888.2167     539.5693
2008.922700      60.1145     888.6612     473.0392
2008.925400      60.3633     887.7741     535.2537
2008.928100      59.7671     888.5802     533.5073
2008.930900      60.3372     887.6447     530.4587
2008.933600      60.7091     885.2257     547.6906
2008.936300      60.6732     885.6653     525.8403
2008.939100      60.7474     884.6943     535.5111
2008.941800      59.4580     887.4679     537.3938
2008.944600      60.3029     887.5410     534.6581
2008.947300      59.1122     888.9506     523.1853
2008.950000      59.9294     888.8607     491.0989
2008.952800      60.0159     886.8289     519.6420
2008.955500      60.0297     886.8437     523.4579
2008.958200      60.0640     887.8828     513.2520
2008.961000      61.0638     886.8249     524.2756
2008.963700      59.3129     888.6987     554.3178
2008.966500      60.4383     887.1519     532.6492
2008.969200      60.0297     889.3151     493.0977
2008.971900      58.8651     888.1139     497.0195
2008.974700      60.4530     886.9938     511.4450
2008.977400      60.9390     887.5450     504.8531
2008.980200      61.3150     884.8978     515.1397
2008.982900      60.0876     888.2947     508.3964
2008.985600      60.4212     887.6072     520.3234
2008.988400      61.0157     888.1692     502.6272
2008.991100      60.0860     887.7396     511.8993
2008.993800      59.7084     886.3745     529.2321
2008.996600      59.3471     887.4946     542.4766
2008.999300      59.2248     887.8423     533.8960
2009.002100      58.8496     886.6590     502.0669
2009.004800      60.2850     889.4790     466.3413
2009.007500      59.8805     888.4083     506.5894
2009.010300      60.7980     886.8773     508.1945
2009.013000      60.9097     889.4099     490.8112
2009.015700      60.7131     888.9703     472.3628
2009.018500      61.1413     889.1669     462.7778
2009.021200      60.2646     888.4932     490.1146
2009.024000      60.6202     889.9788     511.8791
2009.026700      59.7541     888.3974     508.6891
2009.029400      59.7957     892.9984     503.8739
2009.032200      58.9353     891.2560     516.7701
2009.034900      60.8126     889.9601     490.8263
2009.037600      59.1864     888.7787     507.3465
2009.040400      60.0517     886.9000     562.0707
2009.043100      60.0477     887.9569     528.9091
2009.045900      59.4001     890.2515     521.3834
2009.048600      59.7720     887.0807     531.8417
2009.051300      59.0437     888.2078     517.3152
2009.054100      58.9116     887.6270     507.1244
2009.056800      59.7002     888.6987     510.2639
2009.059500      60.3396     886.8358     536.0411
2009.062300      59.7704     886.0347     564.5439
2009.065000      60.1847     884.7516     527.2535
2009.067800      60.7686     887.8304     516.7246
2009.070500      59.6146     887.4324     493.6781
2009.073200      59.1954     891.0565     514.4937
2009.076000      59.0698     887.0096     511.4400
2009.078700      58.7509     886.0218     524.0131
2009.081500      59.2982     887.6438     531.1148
2009.084200      57.8922     887.8008     519.3644
2009.086900      57.6581     886.5503     524.4825
2009.089700      60.3788     884.8800     529.1665
2009.092400      59.1693     885.2731     540.5989
2009.095100      58.4525     885.5714     519.9752
2009.097900      58.8195     887.0728     492.8857
2009.100600      59.2215     885.0173     501.0019
2009.103400      57.8302     885.3284     532.3161
2009.106100      58.3505     885.1516     539.1907
2009.108800      59.2036     885.3996     529.6561
2009.111600      58.9589     886.2550     514.8975
2009.114300      60.1667     886.0159     535.3395
2009.117000      59.1701     885.9043     524.8005
2009.119800      58.9483     885.5665     561.9798
2009.122500      59.3805     883.2976     515.8211
2009.125300      58.5324     884.0295     538.6153
2009.128000      57.4379     885.3304     536.5812
2009.130700      57.8245     885.0291     510.4557
2009.133500      58.5381     883.5465     505.9484
2009.136200      59.5877     883.0744     521.0806
2009.138900      58.6506     882.6447     568.9200
2009.141700      58.8023     884.9501     540.9724
2009.144400      59.7247     883.9061     546.2016
2009.147200      59.4784     883.3173     518.6527
2009.149900      59.8381     883.0615     515.6041
2009.152600      59.8952     882.6417     518.6982
2009.155400      58.2730     883.7144     516.7398
2009.158100      59.1628     883.2640     531.9022
2009.160800      59.2093     885.4519     493.4964
2009.163600      58.0153     885.2820     529.1564
2009.166300      58.7216     883.5653     531.5539
2009.169100      59.4376     882.7020     542.9460
2009.171800      59.3177     885.0815     524.8510
2009.174500      60.1781     885.2376     528.5305
2009.177300      59.2753     881.4732     556.4832
2009.180000      60.0607     883.1781     524.5279
2009.182800      59.8030     885.1368     529.6511
2009.185500      59.7076     884.9047     545.7725
2009.188200      58.3326     882.9598     575.4867
2009.191000      59.2574     882.6970     519.3947
2009.193700      58.9418     881.2332     516.0836
2009.196400      59.0250     882.6802     534.5067
2009.199200      58.0104     881.4248     587.7923
2009.201900      59.3471     881.6461     570.6563
2009.204700      59.5779     879.9530     554.2724
2009.207400      61.2008     881.9789     529.1060
2009.210100      60.1039     881.6105     592.3047
2009.212900      59.2819     880.3116     573.9977
2009.215600      58.9532     883.6137     542.7390
2009.218300      59.8144     883.8004     536.7881
2009.221100      59.1767     880.7432     576.4255
2009.223800      58.6050     882.1063     559.2138
2009.226600      60.0697     882.3790     546.7669
2009.229300      60.1056     881.9779     529.0050
2009.232000      60.7466     881.3774     540.6595
2009.234800      59.6244     883.3411     541.6286
2009.237500      59.5184     883.5001     511.0917
2009.240200      58.2355     882.9222     508.0027
2009.243000      60.1284     882.7672     521.5045
2009.245700      60.9847     881.7794     516.7398
2009.248500      60.0452     883.7816     533.3004
2009.251200      59.1791     883.5771     506.4027
2009.253900      58.8708     880.7176     519.8288
2009.256700      59.3104     881.5888     538.4285
2009.259400      60.1406     881.9236     547.2969
2009.262100      60.2116     882.0876     550.3909
2009.264900      59.6350     883.1435     533.9616
2009.267600      61.5254     881.9029     538.2620
2009.270400      60.5370     880.3649     556.8011
2009.273100      59.8756     881.4366     548.5587
2009.275800      60.0362     883.3588     539.9630
2009.278600      59.1343     882.2832     560.5615
2009.281300      60.8534     882.7356     552.8389
2009.284100      58.9940     884.1026     554.8781
2009.286800      59.1024     882.6150     560.8189
2009.289500      60.3013     884.3051     537.4998
2009.292300      60.4881     883.1307     554.2068
2009.295000      59.5657     882.4876     536.3036
2009.297700      59.6945     883.1386     545.3990
2009.300500      60.4277     884.1006     549.7348
2009.303200      60.3788     882.0876     541.0683
2009.306000      59.9335     882.2456     526.4157
2009.308700      58.1050     881.8643     514.7208
2009.311400      59.7639     883.5455     515.7808
2009.314200      57.7992     882.9361     587.3128
2009.316900      58.5299     883.0111     544.8186
2009.319600      58.1262     881.7152     541.7548
2009.322400      59.3414     882.6002     507.8614
2009.325100      57.5187     882.0145     558.0024
2009.327900      58.9622     882.6111     523.2964
2009.330600      57.5203     882.7849     559.7186
2009.333300      58.7191     882.1034     528.0510
2009.336100      58.6213     881.5651     548.2559
2009.338800      57.5170     881.5858     539.0595
2009.341500      58.2812     883.2838     561.8486
2009.344300      57.2487     883.2512     574.0583
2009.347000      58.6572     883.9169     569.1875
2009.349800      57.4771     884.3071     543.0368
2009.352500      57.8693     882.7593     567.7641
2009.355200      57.7307     883.4191     566.3610
2009.358000      57.6516     883.1899     547.3776
2009.360700      56.4169     883.3825     565.1900
2009.363400      57.2357     883.1939     535.8392
2009.366200      56.0124     884.5916     532.9723
2009.368900      58.0528     885.1615     532.7451
2009.371700      57.6549     884.1836     570.2222
2009.374400      56.5335     881.7349     613.1808
2009.377100      57.3702     882.5074     609.2186
2009.379900      57.6296     882.3325     573.3415
2009.382600      57.3645     883.3865     552.0717
2009.385400      58.3318     886.5898     569.1673
2009.388100      58.7795     885.1279     528.8132
2009.390800      59.1375     884.9333     505.3175
2009.393600      56.5465     884.4651     537.7623
2009.396300      57.6222     884.1105     519.2181
2009.399000      57.9370     885.6040     496.3936
2009.401800      57.3327     884.8760     534.9206
2009.404500      56.9918     885.5675     551.7689
2009.407300      57.9827     884.8267     569.3238
2009.410000      57.1696     883.6552     551.1178
2009.412700      56.7382     882.5489     548.6142
2009.415500      56.5343     883.6117     559.4359
2009.418200      57.7258     883.3608     558.6031
2009.420900      57.7201     883.5100     584.9102
2009.423700      55.9218     884.5669     565.8259
2009.426400      56.0425     884.7585     572.7409
2009.429200      56.2684     884.3802     574.1441
2009.431900      57.5651     884.7032     559.9962
2009.434600      58.5870     883.9308     551.1884
2009.437400      56.7961     884.7901     546.4237
2009.440100      58.0210     884.6894     583.6888
2009.442800      57.4412     884.3061     569.8942
2009.445600      55.9275     886.2056     546.4741
2009.448300      56.5196     886.3221     546.8527
2009.451100      55.7579     886.2945     556.5286
2009.453800      57.1109     883.8883     547.3625
2009.456500      57.9444     883.8053     538.5345
2009.459300      55.9618     884.9511     543.4053
2009.462000      56.7716     886.0367     564.5035
2009.464800      58.0594     885.6297     536.0562
2009.467500      58.1173     884.9274     576.9404
2009.470200      57.2169     886.8298     576.4760
2009.473000      57.4045     883.8241     607.3410
2009.475700      56.9143     885.9557     618.9551
2009.478400      57.6361     883.3983     579.6054
2009.481200      58.7403     882.2565     557.7652
2009.483900      57.5464     884.3357     559.8145
2009.486700      58.3016     884.6706     546.1359
2009.489400      56.7374     885.3956     538.6860
2009.492100      56.2554     885.6258     535.4304
2009.494900      57.6801     884.6656     597.0947
2009.497600      56.2130     885.8174     565.3212
2009.500300      57.1484     885.8727     574.4823
2009.503100      56.7276     885.9468     567.3553
2009.505800      57.1468     885.1625     562.5249
2009.508600      57.3017     885.0963     553.8888
2009.511300      57.8481     885.3739     560.6927
2009.514000      58.9646     885.0331     567.8399
2009.516800      57.4183     884.1846     523.3115
2009.519500      58.0708     885.5714     594.7022
2009.522200      56.4299     886.5641     550.2849
2009.525000      56.8034     885.6287     552.2181
2009.527700      57.9378     883.9446     566.2651
2009.530500      56.7488     885.8233     600.8651
2009.533200      57.9118     884.8612     574.3914
2009.535900      58.5221     884.2467     573.6928
2009.538700      58.8080     883.9396     573.1144
2009.541400      57.3808     884.5234     570.1869
2009.544100      59.4597     883.1405     600.1938
2009.546900      58.3970     886.8358     581.0187
2009.549600      56.6313     884.4819     573.6444
2009.552400      57.7046     884.5037     633.1535
2009.555100      59.1351     884.3288     571.8425
2009.557800      58.9883     884.7447     567.7944
2009.560600      58.2298     884.2528     573.6393
2009.563300      58.3220     882.6368     585.5664
2009.566100      58.1328     884.4148     583.6332
2009.568800      58.7028     883.6759     574.1239
2009.571500      59.6203     884.5007     561.9091
2009.574300      57.9672     884.9965     554.0150
2009.577000      58.7705     884.7516     561.8940
2009.579700      58.5781     885.9132     579.9839
2009.582500      58.0202     885.7848     581.7657
2009.585200      58.3897     883.1702     615.1089
2009.588000      58.8692     884.8454     549.6540
2009.590700      57.9566     885.0904     587.0352
2009.593400      58.0373     883.5021     557.3059
2009.596200      57.7323     884.4790     584.0269
2009.598900      58.7020     883.8863     564.1855
2009.601600      58.4419     884.6172     547.2110
2009.604400      59.1391     885.6208     583.6484
2009.607100      58.1018     883.9416     542.2343
2009.609900      58.5356     886.2263     577.2482
2009.612600      57.5178     884.8454     555.8270
2009.615300      60.0053     883.0339     559.7993
2009.618100      57.9028     884.8257     565.6442
2009.620800      57.7421     882.8916     558.3709
2009.623500      59.4955     885.3314     533.4518
2009.626300      57.6198     886.3745     567.6985
2009.629000      59.1041     886.2431     536.2531
2009.631800      57.8229     884.7713     576.9504
2009.634500      59.9881     883.4428     573.3466
2009.637200      57.9860     885.1457     552.7430
2009.640000      57.6549     884.2725     583.8351
2009.642700      57.6606     885.1309     522.0194
2009.645400      59.0005     886.0367     558.7949
2009.648200      59.5200     885.1329     549.4824
2009.650900      59.2957     883.4616     550.4363
2009.653700      58.1678     884.3535     544.6621
2009.656400      59.2207     884.8158     574.6842
2009.659100      58.8806     884.2913     546.9435
2009.661900      59.2191     883.6087     571.5548
2009.664600      59.7011     883.7164     520.5001
2009.667400      58.5471     883.8320     540.3667
2009.670100      59.1302     884.5432     578.6716
2009.672800      60.0917     883.6907     542.7087
2009.675600      59.6292     884.3254     526.9088
2009.678300      59.1913     884.9264     520.5910
2009.681000      59.8136     883.1445     572.4431
2009.683800      59.8666     881.8722     537.6462
2009.686500      59.6154     882.1301     529.1817
2009.689300      58.2787     884.2508     588.1204
2009.692000      58.7159     883.9604     575.8350
2009.694700      59.2729     882.7286     550.3253
2009.697500      59.9702     880.7245     538.5598
2009.700200      59.8275     882.6812     502.5616
2009.702900      61.3468     882.8679     548.8414
2009.705700      59.8894     882.4382     566.7294
2009.708400      59.2925     886.7479     505.8979
2009.711200      61.0320     882.9934     511.0665
2009.713900      60.9578     885.5112     526.0926
2009.716600      61.2734     885.7334     534.4512
2009.719400      60.6960     883.8280     522.8068
2009.722100      61.6257     881.8841     553.0358
2009.724800      60.6683     882.9222     521.7821
2009.727600      59.1718     883.5208     497.7463
2009.730300      61.4194     885.9399     517.1234
2009.733100      59.9604     887.0649     519.4048
2009.735800      61.6690     884.1668     491.4976
2009.738500      62.5277     884.0384     517.5928
2009.741300      61.6730     883.0161     524.8661
2009.744000      61.6902     885.1200     492.9866
2009.746700      61.2514     885.1595     480.9485
2009.749500      61.4390     883.7470     524.6289
2009.752200      60.4750     882.1538     475.2449
2009.755000      61.6681     884.0829     514.7662
2009.757700      60.9815     882.3434     514.6098
2009.760400      61.3966     883.0299     532.5735
2009.763200      62.5652     882.3958     510.1933
2009.765900      62.3026     885.6969     516.5682
2009.768700      62.0572     883.9367     527.8996
2009.771400      60.0999     884.4256     506.4228
2009.774100      61.7954     886.1690     502.4556
2009.776900      61.0549     884.1688     495.3488
2009.779600      62.4176     882.0095     531.3167
2009.782300      62.7463     882.9064     517.5474
2009.785100      61.5866     883.3509     510.3649
2009.787800      60.5647     882.8175     509.9510
2009.790600      63.7086     882.0520     536.1925
2009.793300      61.1348     882.8936     539.7409
2009.796000      62.8278     880.4380     549.7196
2009.798800      62.2602     879.0196     518.0319
2009.801500      60.7482     882.7346     599.1894
2009.804200      62.1501     883.7757     560.5665
2009.807000      62.1376     882.3333     540.1022
2009.809700      62.1257     880.9675     527.5564
2009.812500      63.0554     882.8827     520.1114
2009.815200      63.7127     882.5015     525.5677
2009.817900      64.1107     882.9845     543.2084
2009.820700      62.0637     882.1143     529.0858
2009.823400      64.4443     879.2695     533.3811
2009.826100      62.0800     878.8122     555.2112
2009.828900      62.0871     879.2398     551.7212
2009.831600      62.1113     880.0005     543.4358
2009.834400      62.1607     880.4281     532.3868
2009.837100      63.5113     878.2491     515.6748
2009.839800      63.7886     880.6790     545.3788
2009.842600      63.1043     877.1537     563.2972
2009.845300      63.4850     877.7087     549.5859
2009.848000      64.1107     878.8062     532.1092
2009.850800      64.6082     880.3136     526.6024
2009.853500      62.5008     879.1095     531.5338
2009.856300      63.0480     881.7191     505.2670
2009.859000      64.1686     881.9394     547.7915
2009.861700      65.5575     879.1628     528.3236
2009.864500      62.5269     883.3282     503.3641
2009.867200      62.7365     883.4448     528.3741
2009.870000      63.4077     879.3880     523.8112
2009.872700      61.7840     878.9386     543.6476
2009.875400      61.4789     879.9906     572.0494
2009.878200      63.6369     877.9321     539.1604
2009.880900      63.1059     879.6448     530.0801
2009.883600      62.8784     881.0376     511.5308
2009.886400      63.8310     878.1770     556.7961
2009.889100      62.5277     882.3365     543.0015
2009.891900      65.2361     879.5461     527.1324
2009.894600      62.2398     881.3191     493.3652
2009.897300      64.3317     881.7922     518.3549
2009.900100      64.5177     880.6287     513.0703
2009.902800      63.8171     880.5417     517.3858
2009.905500      62.9812     879.0709     513.8577
2009.908300      63.6744     879.5984     503.5105
2009.911000      63.1924     879.3446     497.1659
2009.913800      63.1386     880.4726     491.6339
2009.916500      63.3775     880.0755     496.9085
2009.919200      63.9761     880.6010     520.6111
2009.922000      63.1076     879.8503     512.0961
2009.924700      62.9681     879.0285     513.4287
2009.927400      62.7398     878.3983     565.6392
2009.930200      62.3198     878.6541     566.8808
2009.932900      63.0750     880.4933     539.3270
2009.935700      62.7577     880.0538     540.3163
2009.938400      63.2658     879.7416     521.8175
2009.941100      63.5243     879.9886     502.7483
2009.943900      63.4281     881.0791     531.7054
2009.946600      61.4039     880.0597     550.4666
2009.949300      63.3873     879.6992     525.8655
2009.952100      64.7232     880.0686     539.4380
2009.954800      63.1810     879.1480     564.6095
2009.957600      62.7422     879.9155     537.9036
2009.960300      63.0040     878.4921     536.8992
2009.963000      62.9975     879.1895     538.7364
2009.965800      63.4134     879.6597     555.7210
2009.968500      63.3792     879.8207     547.6502
2009.971300      64.0349     879.2804     558.1690
2009.974000      63.4460     878.4032     545.4142
2009.976700      63.1785     880.3076     533.8960
2009.979500      63.4819     882.1992     543.0217
2009.982200      64.5062     879.0482     528.2580
2009.984900      62.8360     882.1933     543.6829
2009.987700      63.7062     881.1166     518.3802
2009.990400      63.9403     880.6652     563.3830
2009.993200      63.8032     881.2934     540.9522
2009.995900      63.6287     877.4520     536.3440
2009.998600      63.5178     878.4625     557.0989
2010.001400      64.6710     878.8043     568.4052
2010.004100      63.5472     877.9518     548.9524
2010.006800      63.1769     880.8983     520.5152
2010.009600      62.7773     878.6116     530.1205
2010.012300      63.5928     882.8086     510.6829
2010.015100      62.8727     881.0406     524.8964
2010.017800      62.3304     879.8049     512.2274
2010.020500      62.2186     876.6618     529.2069
2010.023300      62.6003     877.3028     520.6111
2010.026000      61.9446     877.4648     540.3516
2010.028700      62.0710     878.8122     544.4097
2010.031500      63.9150     879.8256     536.7679
2010.034200      62.8409     879.2646     533.9818
2010.037000      62.4674     880.5704     516.1139
2010.039700      63.4738     880.2602     535.5919
2010.042400      62.8988     879.5145     523.1803
2010.045200      62.4584     878.8833     501.3300
2010.047900      63.0350     879.2191     531.4379
2010.050700      63.1076     877.0895     536.2935
2010.053400      61.6469     878.3825     543.3296
2010.056100      61.0924     878.4961     567.4058
2010.058900      63.1345     876.5067     546.2722
2010.061600      63.0440     875.6938     549.8155
2010.064300      62.7528     877.6584     543.8343
2010.067100      62.8034     876.1304     583.9714
2010.069800      62.7463     878.0605     582.6389
2010.072600      63.1157     875.8024     592.3047
2010.075300      62.1444     876.2588     531.8568
2010.078000      62.9787     875.9407     548.3265
2010.080800      61.3338     876.8366     526.5116
2010.083500      62.0686     876.5719     548.3820
2010.086200      62.6631     877.1339     532.3262
2010.089000      63.5602     878.1049     519.0363
2010.091700      62.9298     876.5699     550.2698
2010.094500      63.2209     876.4108     549.9707
2010.097200      63.4966     876.2538     549.0180
2010.099900      63.2495     874.6556     531.9931
2010.102700      62.3287     876.3388     530.5546
2010.105400      62.6688     874.2447     555.5494
2010.108100      61.9838     875.5940     540.4475
2010.110900      61.8590     876.3892     523.5084
2010.113600      62.4861     873.7864     529.6965
2010.116400      60.8208     875.2068     497.9179
2010.119100      62.1191     874.4314     506.8519
2010.121800      61.4561     875.2542     529.8933
2010.124600      63.8024     876.8910     517.4262
2010.127300      62.3875     876.3329     506.9377
2010.130000      62.8091     876.1274     526.9810
2010.132800      62.9787     876.7250     513.3883
2010.135500      63.7706     876.4702     570.8683
2010.138300      61.8101     874.0541     551.5115
2010.141000      62.7357     875.1268     537.7269
2010.143700      62.9942     873.7015     524.7854
2010.146500      63.9109     875.6829     519.6774
2010.149200      62.8466     876.4514     526.7690
2010.152000      62.6550     874.3247     557.7854
2010.154700      61.8924     875.2187     529.6662
2010.157400      64.1450     875.2997     526.8447
2010.160200      62.9844     874.9213     524.9014
2010.162900      62.7243     872.2623     525.2649
2010.165600      62.0172     874.7920     543.4154
2010.168400      62.4380     872.7710     508.3863
2010.171100      62.4217     874.6418     524.3311
2010.173900      63.4599     874.8986     519.6572
2010.176600      62.3312     874.4531     506.2260
2010.179300      62.6786     874.0630     527.0113
2010.182100      62.3035     873.2846     510.6778
2010.184800      63.4640     871.9284     526.0169
2010.187500      61.9201     871.5560     522.3273
2010.190300      63.5822     873.1631     525.7343
2010.193000      63.8677     870.9426     538.6607
2010.195800      63.7527     872.5270     538.5951
2010.198500      63.1394     872.5201     522.8270
2010.201200      62.1542     871.1155     565.9521
2010.204000      62.4299     871.7210     532.5836
2010.206700      62.7577     872.9221     541.9819
2010.209400      63.1867     873.9415     550.9966
2010.212200      64.2029     872.6416     546.0754
2010.214900      64.1058     870.4626     559.3602
2010.217700      62.9257     872.6742     556.9273
2010.220400      63.8954     871.2676     530.2012
2010.223100      62.7626     872.0351     521.7367
2010.225900      62.3736     874.5480     524.8106
2010.228600      62.2252     872.4124     523.4528
2010.231300      62.1770     872.3946     533.5123
2010.234100      63.2764     873.1266     512.3738
2010.236800      62.9233     872.8441     525.0933
2010.239600      61.2799     872.6949     506.6399
2010.242300      63.0489     871.4790     515.9069
2010.245000      63.3294     871.5373     533.2751
2010.247800      62.6745     872.3462     528.0308
2010.250500      62.1632     872.3591     540.3567
2010.253300      61.2147     871.3130     512.6362
2010.256000      62.8319     872.6169     549.4975
2010.258700      62.9534     873.1394     512.0356
2010.261500      62.9347     872.9853     513.0148
2010.264200      62.7944     873.6876     485.3196
2010.266900      63.5431     873.2451     533.1086
2010.269700      64.0357     870.6957     561.2833
2010.272400      62.8841     871.6094     554.9134
2010.275200      61.2865     874.7673     525.1892
2010.277900      62.8083     874.0561     554.1058
2010.280600      62.4454     872.5379     550.7947
2010.283400      62.6109     873.0199     545.0154
2010.286100      61.8500     872.4440     535.0114
2010.288800      62.6427     873.8575     527.3444
2010.291600      62.1118     872.0134     531.4883
2010.294300      63.1206     872.6890     521.1563
2010.297100      61.7497     872.7275     520.3133
2010.299800      61.2612     874.0274     541.8860
2010.302500      61.1927     873.5138     529.8933
2010.305300      61.9177     872.4974     570.3636
2010.308000      61.7089     871.8899     537.7572
2010.310700      62.6574     874.2803     551.2995
2010.313500      61.2326     873.7568     527.9249
2010.316200      61.6323     876.5610     513.7567
2010.319000      60.6585     874.9856     593.5363
2010.321700      61.4594     873.2115     521.2067
2010.324400      60.6340     871.4010     561.0006
2010.327200      62.4682     872.8816     521.6913
2010.329900      62.9143     871.8425     549.9316
2010.332600      62.5661     873.1888     547.8218
2010.335400      60.7262     873.0732     590.6138
2010.338100      61.9495     874.3109     571.9485
2010.340900      61.9316     875.2453     537.1667
2010.343600      61.4390     875.3886     580.9228
2010.346300      62.0661     874.2526     542.5674
2010.349100      62.8287     876.2598     573.2255
2010.351800      60.8330     877.3582     566.1591
2010.354600      60.6104     875.6049     563.0145
2010.357300      61.9544     874.6369     523.4831
2010.360000      61.8712     874.2684     535.1780
2010.362800      61.5018     874.7781     530.4183
2010.365500      61.0312     874.4640     537.3030
2010.368200      61.4349     875.1762     521.8982
2010.371000      61.7285     875.0014     511.6368
2010.373700      61.6763     875.8113     546.4590
2010.376500      61.3281     875.4913     564.0190
2010.379200      61.1095     874.9905     539.3219
2010.381900      61.5695     874.0946     608.3050
2010.384700      60.1920     875.9200     550.7241
2010.387400      62.1020     876.7220     533.9616
2010.390100      59.2036     877.5567     585.9096
2010.392900      60.8102     875.9842     592.2189
2010.395600      62.6289     875.9141     548.3568
2010.398400      62.3663     875.3165     523.6396
2010.401100      60.7156     873.9326     554.4743
2010.403800      61.5132     874.1311     555.8371
2010.406600      60.8306     873.1187     552.0313
2010.409300      60.2450     875.6908     533.2701
2010.412000      61.5907     875.9269     539.7964
2010.414800      60.8029     876.2252     530.6151
2010.417500      60.9586     874.3257     537.8430
2010.420300      60.6593     874.8818     525.0680
2010.423000      60.4783     873.8763     561.3135
2010.425700      62.4176     875.9792     546.5498
2010.428500      59.6782     876.2420     541.9314
2010.431200      60.8975     874.7969     510.1377
2010.433900      62.4184     875.3935     524.6945
2010.436700      61.7497     875.8449     553.1569
2010.439400      60.3894     874.9984     564.2309
2010.442200      60.0762     875.0300     550.7140
2010.444900      60.5313     874.8315     537.9288
2010.447600      61.2237     874.9460     533.5477
2010.450400      60.7131     875.7442     572.5087
2010.453100      61.1805     875.9950     578.8634
2010.455900      60.6128     872.5695     585.2686
2010.458600      61.7203     873.2352     562.6511
2010.461300      60.9554     875.4528     568.1528
2010.464100      60.8314     875.7086     588.8573
2010.466800      61.0222     878.1168     537.9389
2010.469500      60.1333     875.2463     589.1753
2010.472300      61.8834     876.3487     570.6260
2010.475000      61.2245     875.3530     585.6774
2010.477800      60.6707     873.8447     571.4134
2010.480500      60.8412     873.7568     558.1791
2010.483200      60.9537     877.3256     570.2626
2010.486000      59.5901     874.9134     568.8443
2010.488700      60.7450     874.6023     586.6062
2010.491400      59.8169     875.3481     571.2620
2010.494200      59.3088     878.2995     546.0501
2010.496900      61.8859     875.4449     567.4663
2010.499700      59.5518     876.9463     590.8309
2010.502400      59.2892     876.1659     626.2335
2010.505100      59.5094     875.6790     602.6872
2010.507900      61.2824     873.6550     569.3642
2010.510600      60.6797     874.7821     574.7094
2010.513300      60.5296     876.6410     542.7996
2010.516100      59.5404     874.0976     577.9852
2010.518800      62.0001     875.4725     536.4600
2010.521600      60.8901     874.9895     588.9229
2010.524300      59.2745     873.3498     549.8357
2010.527000      59.1685     874.7999     570.7573
2010.529800      60.9121     875.0586     550.4363
2010.532500      61.1160     875.7580     560.8088
2010.535200      61.8288     877.0154     570.8077
2010.538000      61.9593     874.5579     552.2635
2010.540700      60.9219     874.9352     578.7271
2010.543500      59.5738     875.3263     600.8803
2010.546200      61.3468     875.2503     615.7045
2010.548900      61.1356     875.3629     602.8185
2010.551700      61.8932     874.6132     574.1491
2010.554400      62.4910     873.3844     579.6256
2010.557200      60.4970     874.7692     577.0665
2010.559900      60.5672     873.9000     586.2831
2010.562600      61.2857     874.6803     585.7330
2010.565400      62.2178     874.3771     570.4544
2010.568100      63.8864     873.2510     579.1360
2010.570800      62.4600     874.8680     642.7739
2010.573600      63.1035     868.7824     584.7992
2010.576300      61.7538     873.2175     624.8858
2010.579100      60.5818     872.5221     636.9996
2010.581800      62.5905     875.9032     624.5325
2010.584500      60.8714     873.4871     585.9248
2010.587300      61.6314     879.3623     552.3443
2010.590000      63.2095     875.2621     601.8544
2010.592700      61.9617     875.7007     589.3469
2010.595500      62.6566     875.7639     586.0409
2010.598200      63.2633     875.1920     577.2331
2010.601000      62.4111     874.9984     573.7403
2010.603700      61.2547     873.8812     527.6523
2010.606400      63.2389     876.0998     549.5329
2010.609200      60.1879     874.6260     597.0796
2010.611900      62.4119     875.6523     558.5728
2010.614600      63.6630     876.5887     596.2064
2010.617400      62.0661     872.9083     595.6764
2010.620100      62.1982     876.0504     633.3958
2010.622900      63.3416     874.5302     551.9203
2010.625600      62.5563     873.8111     544.2432
2010.628300      60.5957     876.3842     558.6283
2010.631100      62.0164     876.1748     541.4418
2010.633800      62.5864     875.3649     587.3431
2010.636600      61.7212     874.8700     578.9846
2010.639300      61.8843     874.9431     575.4312
2010.642000      64.4924     874.2586     583.0881
2010.644800      63.1753     874.0205     561.5811
2010.647500      61.5173     875.2848     554.4642
2010.650200      60.6976     873.8585     574.0583
2010.653000      62.3858     874.8581     525.1033
2010.655700      62.8694     874.3445     545.4142
2010.658500      62.3769     875.2246     564.5086
2010.661200      63.9133     874.9401     587.0201
2010.663900      64.3904     872.6041     582.9266
2010.666700      61.7358     873.8417     558.8706
2010.669400      64.5079     874.6784     551.8294
2010.672100      61.1177     875.9753     539.7711
2010.674900      63.0684     872.5665     556.9021
2010.677600      63.0113     874.1055     589.5942
2010.680400      62.1868     875.0132     589.6548
2010.683100      62.0996     875.5120     551.6730
2010.685800      63.3416     874.8769     535.0316
2010.688600      63.7796     876.6687     550.1688
2010.691300      63.4615     874.0887     593.7685
2010.694000      63.7347     876.1007     568.6626
2010.696800      63.6499     876.5818     580.4079
2010.699500      62.4290     874.5588     571.2872
2010.702300      64.1865     872.7315     581.9676
2010.705000      64.8659     875.1801     585.7733
2010.707700      64.0854     874.9263     585.9046
2010.710500      63.9802     876.5235     576.1832
2010.713200      64.3284     872.0687     567.0121
2010.715900      64.6963     873.4081     528.0914
2010.718700      63.7674     874.1568     562.9540
2010.721400      64.1874     873.6610     536.4348
2010.724200      63.8424     874.2674     559.0422
2010.726900      64.9213     872.4895     555.6806
2010.729600      65.4294     875.1801     550.5575
2010.732400      62.5979     873.1394     560.4908
2010.735100      63.0497     873.6353     534.8600
2010.737900      63.4574     872.7078     537.9490
2010.740600      65.4001     870.9614     576.9202
2010.743300      64.8683     873.4950     570.3737
2010.746100      65.5705     873.6669     548.0641
2010.748800      63.8620     874.6418     552.8187
2010.751500      65.9179     873.6708     561.2984
2010.754300      66.4937     871.4385     566.3963
2010.757000      66.8566     870.6167     569.8134
2010.759800      65.2826     872.1675     563.8070
2010.762500      66.0933     871.5857     540.5333
2010.765200      67.0891     871.1343     538.0348
2010.768000      65.4596     872.9251     540.1901
2010.770700      66.8591     873.0821     557.4725
2010.773400      66.4056     871.2587     515.9978
2010.776200      66.6283     870.5179     531.8366
2010.778900      65.3226     868.4070     531.1249
2010.781700      65.5795     873.9385     560.5817
2010.784400      67.0866     872.7473     546.6609
2010.787100      66.8558     872.1576     546.7164
2010.789900      66.9545     869.6872     539.9226
2010.792600      65.1905     871.6825     515.2609
2010.795300      66.1398     872.3848     508.3459
2010.798100      66.8933     872.2830     528.7123
2010.800800      65.7826     873.9020     577.1170
2010.803600      66.8297     873.4713     539.0897
2010.806300      66.2743     875.3461     529.5047
2010.809000      67.2497     873.2491     520.7171
2010.811800      64.8757     875.9160     555.6100
2010.814500      64.8765     875.7758     518.0269
2010.817200      64.7909     873.0644     524.3866
2010.820000      65.7100     873.7578     550.7039
2010.822700      67.6901     871.3713     521.8427
2010.825500      64.9711     875.8528     508.7850
2010.828200      63.6483     876.0523     520.3184
2010.830900      64.3064     875.2374     547.3978
2010.833700      66.6136     871.5748     540.4425
2010.836400      65.0918     874.0017     517.6584
2010.839200      64.8610     871.5412     537.0859
2010.841900      66.3208     871.3763     550.7745
2010.844600      66.6250     871.5313     559.7640
2010.847400      67.3533     871.8277     547.7259
2010.850100      67.2228     872.3117     497.9129
2010.852800      67.0034     870.3549     581.0843
2010.855600      66.1838     871.8622     587.1513
2010.858300      66.2327     872.9142     545.2930
2010.861100      67.3109     873.2076     513.4337
2010.863800      66.7710     873.0021     518.1833
2010.866500      67.4544     871.9531     517.9915
2010.869300      66.5842     871.4928     549.8761
2010.872000      68.1297     871.7467     544.7277
2010.874700      67.6290     871.6795     528.4902
2010.877500      67.6012     871.3852     523.5286
2010.880200      68.3320     872.2880     529.6359
2010.883000      68.8539     872.8777     545.0407
2010.885700      68.4160     871.9837     550.2092
2010.888400      69.6303     872.8115     540.9977
2010.891200      67.3900     870.1643     549.8357
2010.893900      68.5350     871.3526     532.5029
2010.896600      68.4078     870.9377     514.3826
2010.899400      66.7751     869.5795     539.2765
2010.902100      68.5473     871.5264     522.2213
2010.904900      67.8377     873.2906     527.0517
2010.907600      67.5017     871.7486     557.5532
2010.910300      67.9299     871.6617     539.7661
2010.913100      68.0530     870.7480     546.4943
2010.915800      69.4101     871.6400     531.5287
2010.918500      70.5095     870.8656     566.1994
2010.921300      68.3727     871.2380     570.8683
2010.924000      67.3965     870.0704     563.7817
2010.926800      67.6983     871.0523     546.0552
2010.929500      67.8035     870.3737     537.3282
2010.932200      67.8141     871.6874     543.3801
2010.935000      67.8671     869.4659     548.1347
2010.937700      65.9661     869.7158     542.8955
2010.940500      68.0335     869.1647     548.2407
2010.943200      67.2098     871.1590     550.9865
2010.945900      67.4512     871.0463     552.7279
2010.948700      67.1249     870.5594     546.1915
2010.951400      68.6329     871.1096     563.1104
2010.954100      67.5025     868.1868     555.1052
2010.956900      67.5384     869.4886     550.1890
2010.959600      67.7709     869.9035     559.3602
2010.962400      68.1069     868.7863     534.2997
2010.965100      68.2879     869.4886     544.8993
2010.967800      67.6926     871.6133     553.8484
2010.970600      66.1300     871.3743     546.4640
2010.973300      65.9677     870.2621     516.6237
2010.976000      66.5647     871.7724     527.1677
2010.978800      66.1765     872.7809     558.8807
2010.981500      67.4740     870.4053     588.7614
2010.984300      66.2955     871.0177     562.2574
2010.987000      67.1714     870.0122     545.0104
2010.989700      67.2342     869.9628     524.4674
2010.992500      66.5051     869.9015     520.6515
2010.995200      65.8657     871.0947     554.4793
2010.997900      69.2976     870.9367     528.4094
2011.000700      66.6837     870.8320     520.5354
2011.003400      65.8861     868.3251     532.2404
2011.006200      66.3004     869.8225     535.9048
2011.008900      65.6235     869.7721     511.9144
2011.011600      65.0102     868.7952     543.6021
2011.014400      65.9261     869.9796     536.8033
2011.017100      67.2147     869.4896     538.1560
2011.019800      66.1039     869.9973     546.1763
2011.022600      65.5966     869.9746     549.7650
2011.025300      66.2809     869.6210     548.0742
2011.028100      65.0274     869.4363     546.0855
2011.030800      65.4792     871.2202     545.9391
2011.033500      64.8577     870.3075     566.6991
2011.036300      66.3820     869.2723     548.1499
2011.039000      65.8062     869.7672     556.8314
2011.041800      65.9212     869.9608     558.9160
2011.044500      66.4138     870.5920     520.2982
2011.047200      65.0135     869.0323     561.9495
2011.050000      64.7860     868.3626     585.8945
2011.052700      66.6258     867.5240     569.8841
2011.055400      66.0908     868.9513     552.5714
2011.058200      66.6462     866.7674     555.3677
2011.060900      66.6609     868.0189     541.7649
2011.063700      66.9333     866.8997     535.9654
2011.066400      65.9481     868.3310     499.0385
2011.069100      65.0527     870.2532     514.0243
2011.071900      64.4173     869.8926     543.9252
2011.074600      64.3651     866.0305     552.8440
2011.077300      66.3967     867.9616     541.0835
2011.080100      65.1163     865.6294     543.1479
2011.082800      66.1071     865.8142     577.6520
2011.085600      66.3355     866.3051     541.3157
2011.088300      66.9512     866.1836     543.1630
2011.091000      66.8909     865.5040     547.8117
2011.093800      66.7286     868.5355     519.5259
2011.096500      66.4016     867.4825     487.1871
2011.099200      66.6560     867.5457     539.9781
2011.102000      67.3900     867.0212     523.1248
2011.104700      67.0866     867.5250     524.4118
2011.107500      66.8036     866.5747     541.1642
2011.110200      64.6791     865.4023     525.0832
2011.112900      65.1758     866.0976     517.2899
2011.115700      65.6635     868.6856     527.7987
2011.118400      65.9636     867.6366     497.8372
2011.121100      65.7703     866.8108     507.7554
2011.123900      66.6209     868.1137     550.1486
2011.126600      67.6216     865.5870     510.6627
2011.129400      67.3354     866.5382     540.8765
2011.132100      65.8119     866.1441     540.9573
2011.134800      66.9594     869.9549     515.1145
2011.137600      66.0289     866.6459     514.0243
2011.140300      66.8338     868.0406     516.1088
2011.143100      66.5549     866.7832     522.2465
2011.145800      66.7310     866.4779     541.4116
2011.148500      65.1791     865.3766     564.7306
2011.151300      66.4513     865.5366     513.5145
2011.154000      66.8159     865.8468     497.5949
2011.156700      64.9589     866.1836     514.7359
2011.159500      66.8248     867.7907     531.4480
2011.162200      67.1201     866.0157     517.3556
2011.165000      66.1332     866.2478     512.8835
2011.167700      65.6741     865.8240     547.0748
2011.170400      66.5687     866.2498     509.1838
2011.173200      66.5459     866.1204     531.7760
2011.175900      66.1479     866.6054     530.8524
2011.178600      65.2125     867.3067     519.1878
2011.181400      65.1750     866.4957     529.1160
2011.184100      66.9953     865.9663     527.1021
2011.186900      68.0294     864.1537     527.8290
2011.189600     336.5055     607.6352     726.5156
2011.192300     345.2424     598.5853     687.3022
2011.195100     350.3168     592.8988     680.9071
2011.197800     352.1615     589.0939     655.3924
2011.200500     356.3477     584.7132     678.8276
2011.203300     357.5229     582.2754     676.1575
2011.206000     360.3626     579.9877     662.5345
2011.208800     364.4289     577.3178     676.3039
2011.211500     365.8178     575.5358     689.3161
2011.214200     365.7150     575.4331     686.3482
2011.217000     368.2970     574.2330     695.1408
2011.219700     370.4591     572.9657     684.1425
2011.222500     370.8733     570.9605     665.2450
2011.225200     372.2108     567.6130     661.6159
2011.227900     374.2473     566.4761     663.8418
2011.230700     373.5867     565.5239     642.8799
2011.233400     375.1199     563.4002     664.7503
2011.236100     376.8831     562.6080     688.7861
2011.238900     378.6740     561.3910     674.3253
2011.241600     379.7106     559.8541     678.2572
2011.244400     380.5490     561.6815     662.0298
2011.247100     381.6769     559.3651     674.0023
2011.249800     382.1172     556.4315     702.6817
2011.252600     382.9687     555.6758     674.0174
2011.255300     384.7131     556.3752     678.1866
2011.258000     385.6551     553.0790     710.4345
2011.260800     387.6621     555.9198     682.1942
2011.263500     388.1498     552.4854     718.8738
2011.266300     388.5853     551.3425     655.1350
2011.269000     389.6113     551.1272     661.7269
2011.271700     389.2989     551.1479     684.6321
2011.274500     391.0907     550.8812     670.9385
2011.277200     391.1869     549.9764     715.5375
2011.279900     391.7839     548.8889     701.6672
2011.282700     393.5430     547.9426     705.7808
2011.285400     393.1760     548.1234     717.0265
2011.288200     392.3556     548.8188     699.2091
2011.290900     394.7639     548.9432     676.0364
2011.293600     395.3967     547.7204     674.1234
2011.296400     396.0288     546.1330     682.2043
2011.299100     397.0800     546.7632     668.6621
2011.301800     397.1004     544.7512     655.5135
2011.304600     398.8359     544.1506     623.2555
2011.307300     398.8171     543.1332     670.3631
2011.310100     397.7871     540.6253     714.1343
2011.312800     399.5462     540.7823     696.5339
2011.315500     400.7174     541.2169     692.1528
2011.318300     400.9555     540.2697     721.8770
2011.321000     400.9286     540.0148     748.8656
2011.323800     402.6893     540.0711     705.1398
2011.326500     402.4985     540.2835     697.3264
2011.329200     400.9963     538.4621     748.3407
2011.332000     402.6502     540.1107     711.3734
2011.334700     404.3212     539.4271     710.8787
2011.337400     405.0055     538.0729     686.7520
2011.340200     405.4491     539.3432     668.6368
2011.342900     405.8406     536.6159     701.6924
2011.345700     405.9181     536.5122     695.9888
2011.348400     406.9448     534.8686     730.7554
2011.351100     406.8201     535.1244     748.2902
2011.353900     407.2678     534.5397     723.1137
2011.356600     407.4945     535.5067     697.3668
2011.359300     408.8907     535.9848     743.5759
2011.362100     410.0284     533.2141     724.8903
2011.364800     409.6451     532.7785     714.3210
2011.367600     410.5063     533.0007     684.5766
2011.370300     410.1516     532.7775     730.0387
2011.373000     410.4574     530.7042     731.1037
2011.375800     412.8168     530.3160     721.0291
2011.378500     414.0221     530.4681     739.8660
2011.381200     413.7277     530.7901     707.4212
2011.384000     413.6763     529.5475     727.1718
2011.386700     413.2025     529.8616     713.0844
2011.389500     414.4976     529.6423     696.1705
2011.392200     413.6364     531.0242     713.6346
2011.394900     413.9096     529.2393     713.8516
2011.397700     415.1256     529.3035     698.8356
2011.400400     416.2004     528.6802     699.2545
2011.403100     415.6288     528.8778     716.8851
2011.405900     412.7091     528.1745     791.2993
2011.408600     414.2138     524.9099     750.1274
2011.411400     416.8871     527.0356     719.0151
2011.414100     417.1775     526.8341     705.1297
2011.416800     417.6529     526.2839     732.1940
2011.419600     418.4701     523.8866     726.6468
2011.422300     417.5339     523.8896     733.6072
2011.425100     418.6087     525.3475     737.5897
2011.427800     419.4920     525.5283     728.1257
2011.430500     419.7456     524.1770     752.6461
2011.433300     419.3354     523.5172     752.0858
2011.436000     420.1314     522.9324     754.9427
2011.438700     421.3726     521.9042     760.3232
2011.441500     421.0219     521.6306     759.5762
2011.444200     421.9093     521.8202     748.0075
2011.447000     420.4421     521.5377     723.1439
2011.449700     421.5651     521.6355     712.4838
2011.452400     422.4377     520.2388     700.8949
2011.455200     422.7281     521.7481     752.2524
2011.457900     424.4505     521.2216     737.0243
2011.460600     423.8119     520.0600     751.6972
2011.463400     425.0320     520.0185     752.2373
2011.466100     423.9709     520.3563     751.7073
2011.468900     424.9235     519.1621     748.1236
2011.471600     426.3319     516.0704     770.6553
2011.474300     426.2088     518.2178     751.0007
2011.477100     426.9827     517.5313     743.5658
2011.479800     425.9070     517.9630     734.7833
2011.482500     428.3259     518.3008     777.5753
2011.485300     428.9262     514.7666     775.7128
2011.488000     429.8331     513.7255     774.4005
2011.490800     428.9009     515.4284     752.4594
2011.493500     430.0304     514.3409     751.5862
2011.496200     429.8657     515.5973     761.0551
2011.499000     431.9323     514.4624     750.5010
2011.501700     430.6527     512.8740     761.5397
2011.504400     431.8148     513.9961     795.8722
2011.507200     431.0792     514.4357     769.7821
2011.509900     431.6436     514.1848     762.5693
2011.512700     433.1784     512.4908     767.7379
2011.515400     432.5342     512.5846     807.3501
2011.518100     431.6379     511.3371     782.5874
2011.520900     431.2692     512.4552     764.1593
2011.523600     432.3123     513.4726     765.1940
2011.526400     433.7134     512.9284     756.0985
2011.529100     434.7549     511.2739     737.6805
2011.531800     434.3300     512.1530     745.9482
2011.534600     435.2320     511.9406     741.5165
2011.537300     434.6701     512.0611     727.7623
2011.540000     435.7882     510.0757     761.5043
2011.542800     435.2646     511.2284     765.4968
2011.545500     436.2963     511.5672     804.7860
2011.548300     433.2486     508.4409     809.6921
2011.551000     436.7016     509.5966     779.5741
2011.553700     437.2284     510.5271     779.5489
2011.556500     438.0007     509.5225     749.7489
2011.559200     438.8742     508.2760     750.9906
2011.561900     438.5137     507.5233     727.2626
2011.564700     439.4426     505.3897     740.2648
2011.567400     438.0407     504.2765     773.9917
2011.570200     439.8626     506.0822     743.7324
2011.572900     439.9580     505.4411     740.1739
2011.575600     440.6570     505.9824     702.1063
2011.578400     441.3477     509.3833     713.7053
2011.581100     441.2115     507.5371     743.1267
2011.583800     440.4865     506.1977     730.4425
2011.586600     442.3810     505.5675     740.2042
2011.589300     442.1445     504.3605     723.7597
2011.592100     442.6502     504.7744     727.8178
2011.594800     443.8474     505.4974     730.0841
2011.597500     443.4013     506.7420     753.5193
2011.600300     442.8606     505.4036     747.6138
2011.603000     445.0201     503.0072     736.3530
2011.605700     444.6034     504.4998     795.8470
2011.608500     445.2338     502.7247     814.9414
2011.611200     444.2503     503.7649     751.6164
2011.614000     444.6319     502.0096     729.3270
2011.616700     446.2141     498.7688     790.2343
2011.619400     446.6847     501.3201     727.1112
2011.622200     446.9032     500.9991     749.6530
2011.624900     447.5769     502.7613     734.2533
2011.627700     446.9619     501.4090     743.2125
2011.630400     447.7155     503.6710     738.8212
2011.633100     448.1730     503.7896     751.2581
2011.635900     446.7189     501.4614     729.7005
2011.638600     449.3735     499.6795     764.5580
2011.641300     449.2047     498.4685     776.9242
2011.644100     449.4200     501.5325     738.9575
2011.646800     449.8800     498.7174     719.2877
2011.649600     450.3040     501.9266     683.6479
2011.652300     451.1546     500.5260     688.5338
2011.655000     450.3848     499.1678     715.2043
2011.657800     452.3861     498.3282     729.9428
2011.660500     454.4821     496.8811     737.0546
2011.663200     451.7231     497.9914     710.9494
2011.666000     453.4480     497.2150     756.1187
2011.668700     451.1946     496.3300     753.6909
2011.671500     450.6237     495.7185     740.5172
2011.674200     452.7564     498.5386     788.1194
2011.676900     452.0811     495.4301     789.6639
2011.679700     454.9339     493.5682     760.3182
2011.682400     453.8459     496.1166     762.3775
2011.685100     455.1369     493.9899     721.1553
2011.687900     456.1621     497.0767     723.7496
2011.690600     454.7732     496.5275     746.2106
2011.693400     457.0722     492.1636     754.0342
2011.696100     456.8300     493.7746     741.3752
2011.698800     455.5912     494.2863     714.7248
2011.701600     457.0241     493.5247     725.3749
2011.704300     456.9271     495.9912     756.5730
2011.707000     457.2133     494.3742     750.9098
2011.709800     457.8454     492.9044     745.0447
2011.712500     457.3210     493.5296     740.9310
2011.715300     459.5776     491.5225     747.0182
2011.718000     458.9602     492.7740     774.3551
2011.720700     458.9659     489.9530     774.6579
2011.723500     457.3063     491.9680     682.7191
2011.726200     459.5515     493.0802     676.2433
2011.729000     460.4249     491.2529     657.5022
2011.731700     459.6078     490.9506     674.1284
2011.734400     460.5416     490.3273     669.7624
2011.737200     461.4860     491.6440     680.6699
2011.739900     462.3953     490.8973     685.6113
2011.742600     462.2093     488.7113     693.8134
2011.745400     460.5016     488.5889     743.4396
2011.748100     461.2266     486.7862     708.0875
2011.750900     462.3186     489.7771     721.7105
2011.753600     463.0069     487.7463     725.1932
2011.756300     463.7899     488.7884     716.3552
2011.759100     464.4023     486.2311     718.4196
2011.761800     463.7874     485.0052     725.5717
2011.764500     463.2891     489.9549     675.1783
2011.767300     465.0328     486.8731     680.4125
2011.770000     465.2448     485.8201     702.4041
2011.772800     464.4668     485.2749     696.0443
2011.775500     466.1280     489.1509     721.1199
2011.778200     466.4412     486.8672     714.5128
2011.781000     466.8449     485.2660     707.9562
2011.783700     467.0765     486.3101     746.0542
2011.786400     467.5479     485.0615     724.4058
2011.789200     466.5252     482.9961     770.5998
2011.791900     466.6908     483.0139     763.0287
2011.794700     467.7917     484.8195     750.3243
2011.797400     468.3700     486.6568     691.6480
2011.800100     469.5174     488.0426     696.9024
2011.802900     470.0345     486.0167     715.2851
2011.805600     469.7221     483.2648     735.1265
2011.808400     469.1659     483.6253     719.1868
2011.811100     469.0248     484.0886     707.7443
2011.813800     469.6406     481.7486     722.4928
2011.816600     469.5541     482.4222     720.9988
2011.819300     470.8696     482.9408     693.7175
2011.822000     470.9838     483.5601     694.4241
2011.824800     471.6909     481.2290     693.3086
2011.827500     471.3018     481.8483     720.9281
2011.830300     472.0505     483.3922     644.0155
2011.833000     472.5969     481.4700     685.0965
2011.835700     471.8605     479.4994     698.0179
2011.838500     472.1402     482.2276     666.0374
2011.841200     473.4671     481.3673     692.2689
2011.843900     472.4273     480.2610     691.9862
2011.846700     472.4681     481.4730     718.8032
2011.849400     473.3937     479.2742     680.9980
2011.852200     472.9003     481.2735     712.5343
2011.854900     475.5427     481.7081     709.7077
2011.857600     474.6015     480.3667     702.1618
2011.860400     475.3632     478.6697     704.8925
2011.863100     474.7524     479.1300     716.3804
2011.865800     473.5438     477.4162     711.1210
2011.868600     474.4009     477.7165     706.6994
2011.871300     476.2008     476.0946     681.0585
2011.874100     475.1210     477.3115     685.7072
2011.876800     477.7683     477.4261     681.3160
2011.879500     478.2853     475.4378     715.1741
2011.882300     476.3582     477.2918     696.6803
2011.885000     476.0116     475.8348     700.4507
2011.887700     476.8027     473.7358     705.7909
2011.890500     476.9935     475.1177     712.3879
2011.893200     476.9193     475.0861     703.6811
2011.896000     477.5864     475.6916     711.5702
2011.898700     477.0873     474.3463     738.6446
2011.901400     478.8138     474.6920     711.2825
2011.904200     478.2804     473.7892     694.3888
2011.906900     478.6931     473.1135     723.4872
2011.909700     478.0056     474.5547     687.3729
2011.912400     478.3408     475.5148     682.4920
2011.915100     480.1676     473.9966     699.0021
2011.917900     479.9857     473.6953     708.2036
2011.920600     479.5796     472.7372     720.0145
2011.923300     480.1586     472.4142     702.8987
2011.926100     480.2908     471.7712     693.7023
2011.928800     481.3338     472.6592     666.4614
2011.931600     479.9132     473.4938     695.2519
2011.934300     480.5240     472.4903     689.9622
2011.937000     479.7443     471.9628     680.3872
2011.939800     481.4374     470.2115     684.7886
2011.942500     481.0150     469.9833     707.1537
2011.945200     482.4365     470.6264     690.1691
2011.948000     480.9978     470.4377     703.0653
2011.950700     483.3686     471.8956     721.5439
2011.953500     483.3963     471.3049     686.6864
2011.956200     482.5726     470.6668     702.0710
2011.958900     483.4926     470.3764     722.2808
2011.961700     483.4885     471.1015     707.9411
2011.964400     483.6239     469.8510     686.2776
2011.967100     483.6785     470.4584     685.0359
2011.969900     484.2910     469.6988     677.9645
2011.972600     484.1833     468.8434     730.3365
2011.975400     483.7324     468.1866     734.9044
2011.978100     484.7330     468.0147     730.5081
2011.980800     484.0235     467.1949     720.1357
2011.983600     485.5363     466.1854     705.8212
2011.986300     486.4734     464.9319     710.5304
2011.989000     485.7867     467.3075     702.1164
2011.991800     485.4686     466.1320     699.7290
2011.994500     485.1123     466.2782     685.9747
2011.997300     486.3959     467.4991     677.2528
2012.000000     486.4082     467.0477     712.7109
2012.002700     484.9222     466.5419     677.3285
2012.005500     486.1765     464.1377     709.1373
2012.008200     487.6404     465.6441     718.9546
2012.011000     487.1038     464.9220     711.9639
2012.013700     486.8844     465.1936     684.7533
2012.016400     488.6460     464.0113     683.2946
2012.019200     488.5139     463.2063     713.9980
2012.021900     488.6166     463.3841     695.8576
2012.024600     487.9764     463.2705     703.8678
2012.027400     488.6436     463.8730     705.0136
2012.030100     490.2461     463.3742     713.8516
2012.032900     489.6116     463.5194     722.0436
2012.035600     490.2714     461.9034     709.9904
2012.038300     490.2502     462.4151     700.6627
2012.041100     490.0911     462.6709     686.5299
2012.043800     490.9483     463.2250     697.6847
2012.046500     489.4885     465.0692     688.1754
2012.049300     489.8546     464.6119     685.8637
2012.052000     490.1352     463.8295     683.5469
2012.054800     491.3642     461.0440     662.2720
2012.057500     491.0853     461.4204     695.9232
2012.060200     491.3601     461.4105     671.0344
2012.063000     491.1864     460.4721     718.5962
2012.065700     491.3944     459.5239     715.6939
2012.068400     492.1610     460.4455     698.3460
2012.071200     492.3796     462.5188     661.3484
2012.073900     492.3649     460.1728     693.0108
2012.076700     492.3787     458.9628     684.4050
2012.079400     492.8493     457.2372     721.9578
2012.082100     492.8126     460.1314     702.8987
2012.084900     492.2564     459.4498     673.5783
2012.087600     493.2318     462.5425     710.6061
2012.090300     494.3181     457.4199     729.1049
2012.093100     493.0344     456.7176     728.0450
2012.095800     495.1271     456.0904     705.6950
2012.098600     494.8148     457.1730     715.4769
2012.101300     495.6458     455.8988     746.9476
2012.104000     495.4998     456.7502     766.4508
2012.106800     496.6807     456.1289     734.8842
2012.109500     496.8585     455.5550     702.0255
2012.112300     496.2069     454.1257     714.5684
2012.115000     497.0290     454.1574     710.9948
2012.117700     497.2051     455.5047     700.4305
2012.120500     496.3007     455.2390     703.5953
2012.123200     496.7566     456.1833     691.5471
2012.125900     496.4760     455.3782     675.3095
2012.128700     497.2304     454.0596     696.0645
2012.131400     497.2516     453.5351     687.5394
2012.134200     496.3455     454.5386     695.6002
2012.136900     498.3330     454.6453     683.7488
2012.139600     498.3249     452.9197     684.2435
2012.142400     498.5728     452.7399     685.6063
2012.145100     497.8070     452.4377     695.2166
2012.147800     498.4358     453.3089     666.9056
2012.150600     497.7915     453.0106     652.3640
2012.153300     498.0019     451.9783     691.7944
2012.156100     499.2448     451.1141     662.4638
2012.158800     500.0889     450.7427     679.3778
2012.161500     499.5311     453.7741     666.0627
2012.164300     499.2717     453.2950     637.1611
2012.167000     499.7211     451.6455     652.0561
2012.169700     500.1656     451.8282     667.2993
2012.172500     500.8164     451.4380     674.0628
2012.175200     501.5650     451.8499     676.4149
2012.178000     500.8098     450.4542     698.5125
2012.180700     499.7480     449.5801     673.6035
2012.183400     500.4779     452.3537     666.2090
2012.186200     499.4014     451.8608     681.9620
2012.188900     500.4208     449.7974     679.7412
2012.191600     501.6278     450.8246     680.7658
2012.194400     502.2232     449.3647     670.7870
2012.197100     500.9444     450.3979     650.5620
2012.199900     501.1736     453.7326     676.5562
2012.202600     501.2119     449.8635     641.6230
2012.205300     502.9792     449.4753     657.1035
2012.208100     502.9515     449.9534     684.0618
2012.210800     503.2981     449.5238     676.7127
2012.213600     503.5068     449.3292     687.4284
2012.216300     503.5492     448.2910     686.6763
2012.219000     504.0174     448.6051     713.0037
2012.221800     504.2147     449.5020     678.5197
2012.224500     504.6592     449.0783     702.2678
2012.227200     504.2832     447.3477     687.0852
2012.230000     504.1079     447.2499     697.4526
2012.232700     504.2873     447.1215     704.9227
2012.235500     504.6152     447.3378     699.0375
2012.238200     505.1086     447.5838     671.7814
2012.240900     506.2919     444.7212     718.5104
2012.243700     505.0433     445.0867     701.6318
2012.246400     504.1258     444.8556     670.3277
2012.249100     504.9479     444.1957     664.3970
2012.251900     506.3188     446.6701     682.6132
2012.254600     505.0458     446.1239     722.3061
2012.257400     506.3229     446.2740     709.4755
2012.260100     506.9068     446.7195     694.1717
2012.262800     506.2781     444.8358     709.4402
2012.265600     506.7242     445.9806     696.5642
2012.268300     507.3586     445.9154     697.9371
2012.271000     507.8406     445.6280     686.7571
2012.273800     509.2279     444.9711     727.9794
2012.276500     507.7371     443.8273     713.7103
2012.279300     508.8013     446.5209     699.0930
2012.282000     508.6138     446.2651     696.9933
2012.284700     508.2297     447.4593     699.1031
2012.287500     508.4229     447.0494     697.3415
2012.290200     508.6717     443.4510     732.6331
2012.293000     509.4000     443.5458     706.7802
2012.295700     508.8837     445.5786     680.0995
2012.298400     508.5950     445.2872     684.7280
2012.301200     508.9816     445.1736     701.9852
2012.303900     509.1887     445.3801     702.1315
2012.306600     510.1535     442.7576     709.6623
2012.309400     508.9889     443.2268     688.5994
2012.312100     509.8257     442.5887     710.4042
2012.314900     510.0434     445.2981     709.5159
2012.317600     511.0433     442.4879     709.8288
2012.320300     509.6218     442.7674     716.4157
2012.323100     509.8819     444.1088     721.7307
2012.325800     509.8713     444.1839     698.2198
2012.328500     510.3933     443.2179     725.1629
2012.331300     511.3149     441.7817     712.4182
2012.334000     511.6973     443.8115     704.7007
2012.336800     511.6321     443.3720     742.6724
2012.339500     510.7301     441.3944     733.5820
2012.342200     510.3900     441.4369     729.3169
2012.345000     511.8213     441.8459     723.1641
2012.347700     512.2299     441.2710     729.5592
2012.350400     511.7300     441.6829     711.6510
2012.353200     511.7520     441.2907     711.7317
2012.355900     510.8924     442.1659     702.3738
2012.358700     510.6624     444.0318     704.0041
2012.361400     509.9423     442.8277     710.1519
2012.364100     510.7521     440.7741     708.6831
2012.366900     512.0089     441.7431     713.7507
2012.369600     510.6534     440.0215     773.9917
2012.372300     510.5572     439.7508     789.8052
2012.375100     511.3075     440.0175     746.4277
2012.377800     512.2527     440.6210     733.6022
2012.380600     511.3915     439.8535     704.5543
2012.383300     512.6311     440.3929     722.9673
2012.386000     511.8776     440.9687     731.1845
2012.388800     512.5088     440.4136     740.5727
2012.391500     513.2306     439.5809     737.6250
2012.394300     512.5055     438.9576     764.9921
2012.397000     512.7959     437.3802     726.3390
2012.399700     512.8799     438.0380     746.0289
2012.402500     512.7453     441.2186     735.6868
2012.405200     515.0916     437.3268     717.5161
2012.407900     514.5142     439.0525     717.1678
2012.410700     515.0411     438.0133     715.4668
2012.413400     514.5615     439.0594     743.5103
2012.416200     515.6413     439.8703     715.4416
2012.418900     514.7206     438.1170     718.1823
2012.421600     515.3624     437.9313     719.4442
2012.424400     515.3958     438.4292     740.8907
2012.427100     515.2083     439.0870     746.2864
2012.429800     513.1588     437.1313     767.1070
2012.432600     516.1633     438.9942     735.8079
2012.435300     516.1217     437.4068     755.6493
2012.438100     516.1828     436.4724     787.7358
2012.440800     514.4873     436.5781     767.3543
2012.443500     516.7162     438.1585     732.6735
2012.446300     516.3867     438.3235     752.2322
2012.449000     516.0939     437.3515     735.3234
2012.451700     516.2016     437.0868     732.2848
2012.454500     517.1590     437.4187     758.1781
2012.457200     517.1093     435.8788     750.3142
2012.460000     518.0553     435.6891     749.3249
2012.462700     517.2161     434.7833     737.4534
2012.465400     516.6045     435.5874     777.5198
2012.468200     519.6016     437.7200     767.2382
2012.470900     519.5486     436.6660     746.5892
2012.473600     517.1419     435.5775     755.5231
2012.476400     518.7453     435.9766     744.5702
2012.479100     519.1677     434.7606     767.9045
2012.481900     518.2551     438.7907     786.1812
2012.484600     518.2315     436.0743     743.0812
2012.487300     519.1645     436.7273     771.8515
2012.490100     519.2485     435.5044     763.3063
2012.492800     519.5331     434.5058     749.0927
2012.495600     518.3220     432.9046     805.9570
2012.498300     517.9526     434.3329     790.5926
2012.501000     519.9588     433.4775     780.0334
2012.503800     520.9334     435.1656     777.4390
2012.506500     521.7432     433.9358     752.6360
2012.509200     521.2221     432.6883     801.4143
2012.512000     520.3079     432.5530     729.9630
2012.514700     520.7107     433.1367     775.0365
2012.517500     521.3093     435.0777     784.8638
2012.520200     521.5768     432.9500     782.4814
2012.522900     522.7847     432.6300     764.7296
2012.525700     521.9324     433.4133     782.8246
2012.528400     524.4647     432.6814     784.2732
2012.531100     522.9029     433.3037     749.9457
2012.533900     522.2578     435.6941     793.6766
2012.536600     522.2970     432.9896     772.4068
2012.539400     521.8109     433.8252     773.6282
2012.542100     522.9828     432.2171     745.2971
2012.544800     523.2699     432.3090     745.3677
2012.547600     523.8579     432.8493     729.6299
2012.550300     523.1720     433.0044     749.7085
2012.553000     523.6703     433.3145     753.4941
2012.555800     525.2696     430.8026     802.9538
2012.558500     524.3277     433.1170     769.9285
2012.561300     524.6620     432.4947     789.3711
2012.564000     524.1458     432.0887     782.4966
2012.566700     525.5265     432.0206     767.7429
2012.569500     526.2727     429.1086     775.6775
2012.572200     525.6497     430.8352     763.7959
2012.574900     527.4169     432.4196     754.3572
2012.577700     526.9782     430.1379     770.9834
2012.580400     525.6382     431.9277     782.0322
2012.583200     526.1741     429.9621     773.2043
2012.585900     526.8224     431.3726     721.0038
2012.588600     527.3378     429.7556     747.4170
2012.591400     526.5386     429.4860     756.1187
2012.594100     527.1600     429.9354     780.0082
2012.596900     526.7490     430.8224     744.5198
2012.599600     527.5262     430.4836     741.8749
2012.602300     527.2277     430.3157     772.8610
2012.605100     525.6407     430.8698     773.9210
2012.607800     528.2048     428.4439     754.9427
2012.610500     528.2431     429.7280     751.6770
2012.613300     528.0294     429.2766     754.6651
2012.616000     528.3149     429.5067     771.3317
2012.618800     528.9404     429.0662     756.4266
2012.621500     529.7119     428.9190     778.8977
2012.624200     526.9839     430.5942     751.9748
2012.627000     529.7029     428.9585     773.2244
2012.629700     530.0446     430.0836     748.8000
2012.632400     529.9190     430.2860     774.0926
2012.635200     530.0381     430.0638     762.6602
2012.637900     530.0781     429.0474     766.8294
2012.640700     531.0738     427.6566     775.1122
2012.643400     532.4252     427.1509     755.2405
2012.646100     531.8282     428.3698     745.4687
2012.648900     531.4066     426.9158     748.9363
2012.651600     531.3152     427.3593     746.1551
2012.654300     530.3146     429.1422     770.4433
2012.657100     531.1562     428.3955     742.8491
2012.659800     531.4963     425.9142     749.2946
2012.662600     532.0810     427.2388     743.5052
2012.665300     530.4622     427.7159     734.5006
2012.668000     531.5403     430.3285     771.2156
2012.670800     532.3265     428.6325     773.7443
2012.673500     533.2171     427.4551     721.4329
2012.676200     532.4513     428.9674     743.0812
2012.679000     532.9716     423.1870     768.0105
2012.681700     532.2009     425.1279     739.0736
2012.684500     534.1011     425.9942     705.0994
2012.687200     534.1256     426.2639     752.8076
2012.689900     532.8061     424.3802     765.2243
2012.692700     535.0953     422.8215     738.5739
2012.695400     535.9222     424.8998     734.2432
2012.698200     534.4787     426.6066     718.5861
2012.700900     536.3993     424.4316     742.1273
2012.703600     536.0584     423.9782     719.8025
2012.706400     536.7672     424.6874     711.6409
2012.709100     536.1808     425.8243     733.8041
2012.711800     534.4665     427.5825     773.7342
2012.714600     536.6815     423.5841     733.3852
2012.717300     537.5990     423.3510     739.6288
2012.720100     536.0144     428.2246     806.2800
2012.722800     536.2493     429.4978     780.5886
2012.725500     536.1115     425.4993     809.8990
2012.728300     536.0911     428.5812     789.4771
2012.731000     537.0159     425.5329     763.1902
2012.733700     535.4704     426.3261     741.6579
2012.736500     536.1914     429.2736     712.9582
2012.739200     536.1539     427.9589     782.6631
2012.742000     538.1780     426.5721     746.3015
2012.744700     538.5883     425.3857     771.2156
2012.747400     537.4644     425.4658     769.3228
2012.750200     537.9048     426.5849     704.4735
2012.752900     540.1468     426.8792     739.3916
2012.755600     538.1397     426.4733     773.5222
2012.758400     537.6121     426.5246     768.8584
2012.761100     539.0963     427.3198     730.3718
2012.763900     538.0785     425.6040     733.1429
2012.766600     538.5287     424.4335     730.3769
2012.769300     540.0970     426.9721     743.7374
2012.772100     538.1960     425.8767     764.0331
2012.774800     538.4007     424.2241     741.8800
2012.777500     539.5376     425.7769     751.6568
2012.780300     538.0149     422.8748     797.9366
2012.783000     539.4772     426.2086     694.3635
2012.785800     540.2936     424.6864     728.2065
2012.788500     538.3705     426.6224     771.3418
2012.791200     541.1613     424.2093     738.6547
2012.794000     541.0936     422.8195     742.2434
2012.796700     541.3676     424.2864     759.3945
2012.799500     540.9411     423.5485     797.2552
2012.802200     541.2510     421.7518     775.3242
2012.804900     542.1693     422.8926     749.1937
2012.807700     543.8249     422.2051     768.7827
2012.810400     542.4972     423.0605     765.6331
2012.813100     541.9442     423.1396     731.0785
2012.815900     542.4107     421.0959     741.4459
2012.818600     543.1969     421.5888     730.1195
2012.821400     543.6324     420.7739     752.1868
2012.824100     543.8347     420.6860     758.0620
2012.826800     543.1463     421.8278     753.4688
2012.829600     544.5091     420.8371     719.8076
2012.832300     544.0614     420.1585     734.0009
2012.835000     543.9627     418.9643     763.8514
2012.837800     544.2212     420.2158     765.4009
2012.840500     543.6079     418.7203     743.7627
2012.843300     544.3468     417.8995     711.6257
2012.846000     545.3695     417.5330     722.8916
2012.848700     544.9503     419.6824     731.1239
2012.851500     546.5056     417.7602     745.7110
2012.854200     543.7140     418.0388     798.7543
2012.856900     545.1681     418.2116     743.4901
2012.859700     545.7993     418.3983     693.5004
2012.862400     546.5529     419.5737     772.6743
2012.865200     545.9820     415.9941     783.8997
2012.867900     546.9590     418.2521     754.4026
2012.870600     546.3204     418.4862     746.6801
2012.873400     547.8545     416.9226     730.4677
2012.876100     546.2788     416.5275     733.7385
2012.878900     546.6458     416.6677     755.5635
2012.881600     546.5520     415.8479     761.0400
2012.884300     545.9004     417.7839     751.0309
2012.887100     547.9140     414.9876     763.1851
2012.889800     547.9213     416.3655     762.1908
2012.892500     547.7069     416.0385     777.7772
2012.895300     548.0200     414.2912     778.1154
2012.898000     547.9613     414.5055     767.7884
2012.900800     546.6548     416.3003     759.7680
2012.903500     547.9344     414.8295     785.9894
2012.906200     548.9188     415.9773     767.6016
2012.909000     547.9589     415.0784     762.3220
2012.911700     547.4663     414.8038     781.0580
2012.914400     548.8543     415.1703     742.5816
2012.917200     548.0893     414.6033     754.3572
2012.919900     549.1210     412.9834     758.1024
2012.922700     549.4081     412.4490     780.8259
2012.925400     548.0486     414.2448     782.8398
2012.928100     549.5614     413.5336     775.5463
2012.930900     549.8561     413.2001     774.6921
2012.933600     550.0879     412.9712     774.2313
2012.936300     550.2726     412.8034     774.0045
2012.939100     550.4190     412.6624     773.8877
2012.941800     550.5209     412.5277     773.7647
2012.944600     550.5906     412.3575     773.4959
2012.947300     550.6274     412.1335     772.9762
2012.950000     550.6387     411.8208     772.0787
2012.952800     549.2727     411.1471     738.5436
2012.955500     550.8883     412.4925     769.5853
2012.958200     552.1295     410.3372     767.4603
2012.961000     551.3540     411.6173     772.4724
2012.963700     551.3540     410.2236     780.7804
2012.966500     551.1468     411.5551     775.7835
2012.969200     551.6019     409.6813     795.1050
2012.971900     553.5111     410.1920     805.8257
2012.974700     552.1214     410.9387     788.8563
2012.977400     551.7993     408.7953     748.4113
2012.980200     553.4858     410.8735     760.4393
2012.982900     553.4124     409.3909     796.8464
2012.985600     555.8240     408.7982     805.7652
2012.988400     555.3151     407.1645     784.0310
2012.991100     553.4703     408.7883     750.1224
2012.993800     554.2948     409.5124     770.0345
2012.996600     553.5755     408.0791     773.9361
2012.999300     554.0216     407.5240     771.2660
2013.002100     553.0960     407.0212     774.0017
2013.004800     553.2044     408.6392     736.9436
2013.007500     554.6137     409.2309     756.3913
2013.010300     554.1048     407.0291     758.0065
2013.013000     554.4620     407.3008     747.4675
2013.015700     554.0526     405.9910     730.1094
2013.018500     554.7523     406.8089     741.2692
2013.021200     555.8134     408.4090     742.1020
2013.024000     555.9006     407.5971     744.7418
2013.026700     555.1797     405.6176     746.8062
2013.029400     555.9161     405.4971     737.0546
2013.032200     557.9109     406.3614     721.3269
2013.034900     555.8859     406.1787     734.9599
2013.037600     556.5865     405.5188     743.4699
2013.040400     555.8639     408.7439     733.9050
2013.043100     555.4994     404.5647     717.6675
2013.045900     556.6297     408.5236     698.4621
2013.048600     555.6103     404.6812     711.5904
2013.051300     556.0458     409.2328     723.1591
2013.054100     555.7628     406.9244     738.7152
2013.056800     556.8785     406.1569     735.7221
2013.059500     557.0978     403.8851     739.5581
2013.062300     558.0292     408.0396     727.4645
2013.065000     556.5229     403.2569     743.5809
2013.067800     557.7209     403.1739     747.6088
2013.070500     557.8245     403.9918     733.2943
2013.073200     557.4673     403.8861     723.3357
2013.076000     557.4347     405.2482     720.6152
2013.078700     557.5929     405.0497     722.1950
2013.081500     556.9747     403.2499     697.6090
2013.084200     558.3831     402.5743     718.5811
2013.086900     558.3554     404.2031     733.7789
2013.089700     558.8178     403.3833     735.0558
2013.092400     559.5127     402.7847     770.5039
2013.095100     558.8676     402.8390     741.5115
2013.097900     559.3120     402.7906     748.1236
2013.100600     558.4443     403.5285     736.2824
2013.103400     559.7198     404.0006     723.2096
2013.106100     559.2990     401.2013     741.4509
2013.108800     558.3872     402.2385     735.3082
2013.111600     559.4213     400.6729     768.3941
2013.114300     559.3805     399.1547     757.1333
2013.117000     560.3837     398.7734     746.5286
2013.119800     559.5763     398.3111     750.6372
2013.122500     560.8828     398.8218     754.0644
2013.125300     561.3648     400.0051     767.3442
2013.128000     561.6763     398.8959     758.2185
2013.130700     561.9275     398.4464     749.1533
2013.133500     560.2907     398.7833     760.4191
2013.136200     562.1461     398.6845     765.3858
2013.138900     561.7994     398.8900     740.5626
2013.141700     562.9135     397.2394     782.5571
2013.144400     562.5677     397.9624     750.4959
2013.147200     561.8859     397.1574     745.6352
2013.149900     562.9926     395.8565     739.5531
2013.152600     563.7527     395.6086     738.1499
2013.155400     564.4916     397.8913     747.0889
2013.158100     562.8311     399.4243     753.4941
2013.160800     563.1679     398.9818     741.8598
2013.163600     562.9893     396.5569     762.9075
2013.166300     562.6884     397.4656     767.0514
2013.169100     563.3376     397.3016     713.0289
2013.171800     564.4842     396.2823     738.8061
2013.174500     564.2648     396.5035     771.2307
2013.177300     564.0463     398.2370     730.4274
2013.180000     564.1335     396.1410     763.4022
2013.182800     565.3568     396.3346     729.9479
2013.185500     564.2934     397.3945     754.8417
2013.188200     564.1670     396.9934     729.5542
2013.191000     563.9737     396.4146     743.6213
2013.193700     565.1603     395.4140     748.7899
2013.196400     562.7846     397.4113     734.2886
2013.199200     564.7476     396.7139     740.4414
2013.201900     564.6172     395.8002     762.4532
2013.204700     563.8522     396.6053     738.8313
2013.207400     565.3935     396.1321     773.2800
2013.210100     565.0820     396.2635     785.0203
2013.212900     565.3112     396.6418     746.3621
2013.215600     564.4410     396.2941     743.1923
2013.218300     564.9613     396.2072     767.4552
2013.221100     565.7483     395.6985     754.5540
2013.223800     564.8373     396.8680     756.9566
2013.226600     565.5876     397.2364     748.2094
2013.229300     564.4475     396.5924     746.3217
2013.232000     565.4343     395.0564     750.4505
2013.234800     566.0142     397.7827     739.0282
2013.237500     565.0592     396.1815     768.5404
2013.240200     566.1023     396.3958     769.7872
2013.243000     565.5493     396.9944     732.3555
2013.245700     566.4285     395.5236     751.2076
2013.248500     567.0972     397.0823     758.1024
2013.251200     565.5999     396.3148     784.8083
2013.253900     566.3657     395.6412     784.6922
2013.256700     566.5084     396.2921     748.9464
2013.259400     566.4880     395.3429     754.4783
2013.262100     566.2743     395.5997     810.1867
2013.264900     568.2186     394.9004     781.0631
2013.267600     567.0450     392.8498     775.0819
2013.270400     566.2295     392.9120     733.0419
2013.273100     567.0630     394.5596     737.8370
2013.275800     567.4063     393.3901     752.5098
2013.278600     567.7350     394.4559     768.5556
2013.281300     568.1003     393.0207     776.2478
2013.284100     566.4032     392.0823     797.1896
2013.286800     566.3453     393.2241     766.9152
2013.289500     567.8279     393.0819     773.7140
2013.292300     567.5645     392.6433     745.6554
2013.295000     566.3885     392.4003     738.0692
2013.297700     566.5761     392.6907     770.3272
2013.300500     567.1935     392.9703     752.0455
2013.303200     567.5800     391.9440     738.7909
2013.306000     569.1981     392.1850     744.1109
2013.308700     569.9802     391.2486     745.2365
2013.311400     567.3036     390.7616     772.9973
2013.314200     568.2308     391.9400     789.1793
2013.316900     568.6476     391.1972     737.1303
2013.319600     567.0361     390.2085     749.3956
2013.322400     569.0317     390.8703     735.5707
2013.325100     569.9794     390.8772     763.2507
2013.327900     568.2414     390.8594     751.7729
2013.330600     568.5611     391.4225     755.9774
2013.333300     568.1338     391.3365     739.9367
2013.336100     569.4370     390.2855     759.7832
2013.338800     569.5014     391.0451     759.1623
2013.341500     569.7551     390.6816     795.8520
2013.344300     567.8761     390.1393     744.6510
2013.347000     568.8718     391.6240     718.3287
2013.349800     568.5252     392.1188     751.3287
2013.352500     569.3799     389.8440     780.4776
2013.355200     570.8952     391.1469     777.8731
2013.358000     569.7665     390.9315     764.9113
2013.360700     569.8415     389.5082     765.4867
2013.363400     568.4910     388.5826     758.3396
2013.366200     569.2535     389.2326     750.6877
2013.368900     569.5186     389.7986     725.2840
2013.371700     570.3235     389.1891     763.7858
2013.374400     569.1206     389.8381     781.4517
2013.377100     570.3308     389.9932     784.4802
2013.379900     571.3568     390.7498     777.4542
2013.382600     569.7559     389.7986     798.4817
2013.385400     570.5592     389.6682     789.2399
2013.388100     570.7084     388.9837     809.1267
2013.390800     569.6817     388.1599     803.0446
2013.393600     569.7551     387.9653     762.4532
2013.396300     569.8203     387.5465     815.6228
2013.399000     570.9800     388.4187     763.4123
2013.401800     570.2477     388.6330     775.9400
2013.404500     570.4377     388.6982     790.3503
2013.407300     571.0722     386.6101     780.0284
2013.410000     572.4162     385.1106     811.5394
2013.412700     570.7549     388.8533     814.5426
2013.415500     571.8828     387.1810     768.3083
2013.418200     571.9872     387.6986     796.0337
2013.420900     571.7850     389.0281     799.5821
2013.423700     571.7556     387.2788     778.5444
2013.426400     572.2074     387.0753     780.0587
2013.429200     572.2474     385.9028     775.0365
2013.431900     572.8019     387.7114     798.7089
2013.434600     572.8370     386.9202     791.0166
2013.437400     571.6700     386.1666     787.4733
2013.440100     572.0631     386.4323     782.2290
2013.442800     572.8297     386.5202     803.8068
2013.445600     572.3779     387.3825     799.3802
2013.448300     573.7716     385.8860     789.4721
2013.451100     573.3663     385.9779     771.7254
2013.453800     573.7798     386.2071     819.9282
2013.456500     573.9910     386.7869     814.4972
2013.459300     573.8434     387.8092     775.3847
2013.462000     574.2446     388.0482     814.9060
2013.464800     573.2888     387.0496     804.9273
2013.467500     573.3590     386.1201     816.9402
2013.470200     573.5767     385.1462     823.5119
2013.473000     574.4616     385.3181     811.8069
2013.475700     575.0267     385.8347     805.7803
2013.478400     574.4404     385.5986     797.9215
2013.481200     574.4526     385.3240     804.7860
2013.483900     573.4030     386.0056     808.2889
2013.486700     575.0488     384.6009     803.5342
2013.489400     575.8725     385.7616     807.6529
2013.492100     575.0121     387.0881     780.3110
2013.494900     576.1938     384.3086     808.6220
2013.497600     576.9898     384.1891     792.3895
2013.500300     577.6022     383.9401     795.7763
2013.503100     575.7249     381.2811     818.4544
2013.505800     577.1292     384.8163     799.0067
2013.508600     575.0300     384.6296     809.5356
2013.511300     576.9686     384.2286     802.5701
2013.514000     576.6807     384.6533     825.8539
2013.516800     578.3460     383.8157     856.8148
2013.519500     577.2393     383.9441     821.6544
2013.522200     577.2964     384.4696     826.0154
2013.525000     576.3243     383.5421     812.9628
2013.527700     577.0811     385.7349     793.3334
2013.530500     578.6396     384.8341     788.9371
2013.533200     576.7932     383.4058     794.5195
2013.535900     578.3525     386.7809     799.4004
2013.538700     577.6928     384.9230     787.2159
2013.541400     576.4572     382.7153     855.7094
2013.544100     575.2983     384.0794     776.7778
2013.546900     578.6086     386.0075     799.4609
2013.549600     579.0678     384.9328     795.5845
2013.552400     579.3442     384.5219     802.9386
2013.555100     580.0472     383.9391     834.2124
2013.557800     579.0490     383.8117     790.7642
2013.560600     577.5933     384.0537     819.2923
2013.563300     579.2064     385.3635     788.4273
2013.566100     579.4967     383.7258     765.3101
2013.568800     579.7773     382.4694     808.8643
2013.571500     578.9454     382.8279     800.0414
2013.574300     580.7690     381.1744     825.7630
2013.577000     580.5105     383.4788     787.8418
2013.579700     582.2696     382.6600     788.1497
2013.582500     579.9959     382.8625     795.2211
2013.585200     580.8130     383.0630     778.2264
2013.588000     580.0823     380.5462     813.8208
2013.590700     580.4615     381.6139     801.4900
2013.593400     580.5113     381.9765     799.3095
2013.596200     581.0243     383.1647     795.4482
2013.598900     581.1727     382.3637     795.7763
2013.601600     582.6129     382.9978     826.8180
2013.604400     581.6041     380.9867     814.3306
2013.607100     581.7754     381.4342     812.0795
2013.609900     582.3789     381.2732     797.4672
2013.612600     582.3732     381.8520     821.8210
2013.615300     582.7899     381.2663     803.1304
2013.618100     582.5534     380.7951     803.9330
2013.620800     584.7668     381.0648     832.9051
2013.623500     582.7084     382.4861     829.6647
2013.626300     583.6617     381.1635     806.9715
2013.629000     585.4616     379.5554     780.8662
2013.631800     586.0553     379.9298     790.2797
2013.634500     584.6453     379.7046     768.1265
2013.637200     584.3109     383.9777     759.3743
2013.640000     584.2283     382.2938     771.1905
2013.642700     584.1274     380.6993     784.8638
2013.645400     582.2884     381.4016     788.1850
2013.648200     583.0362     379.8587     782.4612
2013.650900     585.3116     381.9360     782.2442
2013.653700     585.0196     380.7437     818.4090
2013.656400     584.5384     382.0091     806.8504
2013.659100     584.5702     379.3441     815.7893
2013.661900     584.3655     380.2676     844.3022
2013.664600     585.9877     379.6048     786.7869
2013.667400     586.1369     379.2650     778.9179
2013.670100     586.2503     379.0487     783.7382
2013.672800     584.6281     378.7465     786.6052
2013.675600     588.7850     380.9324     784.0108
2013.678300     587.1465     378.7949     792.7226
2013.681000     587.1074     377.3567     802.7115
2013.683800     587.0674     378.4946     835.4339
2013.686500     587.1800     379.4122     765.5120
2013.689300     586.5806     378.1775     808.3999
2013.692000     588.4147     376.6712     831.3001
2013.694700     588.1285     378.9845     784.4751
2013.697500     589.2931     377.1818     763.1094
2013.700200     588.8551     377.7587     801.5657
2013.702900     589.2498     377.4703     825.7731
2013.705700     589.1038     376.9438     826.8482
2013.708400     587.2672     380.7724     751.4802
2013.711200     588.2695     378.4600     807.5570
2013.713900     588.6765     378.5035     763.0387
2013.716600     589.0019     376.1565     790.0626
2013.719400     589.6356     375.6064     802.6761
2013.722100     589.0362     379.3648     769.0250
2013.724800     589.8476     378.0274     788.9118
2013.727600     590.1722     377.0199     812.0744
2013.730300     591.7544     373.2426     799.7133
2013.733100     590.7896     375.8089     779.7760
2013.735800     590.8760     374.1909     794.1914
2013.738500     590.6273     375.8405     766.9959
2013.741300     591.3083     377.0900     784.3136
2013.744000     591.1925     375.3130     774.3197
2013.746700     590.7145     371.7640     814.8909
2013.749500     591.1680     376.3887     752.0354
2013.752200     591.1884     377.1789     777.6712
2013.755000     591.1052     376.7828     773.4465
2013.757700     592.0773     375.1362     779.1804
2013.760400     592.4590     376.2741     770.6402
2013.763200     591.0742     375.2893     770.8723
2013.765900     591.7446     373.5844     806.0630
2013.768700     591.4738     374.9525     789.1491
2013.771400     592.1344     374.0714     781.1691
2013.774100     592.6213     374.1830     781.5678
2013.776900     590.4234     371.4390     804.2257
2013.779600     590.8850     376.5724     805.0030
2013.782300     592.3717     373.0293     772.4421
2013.785100     594.0477     372.7241     786.4941
2013.787800     593.3716     372.5868     780.5987
2013.790600     592.3897     375.1757     747.2302
2013.793300     593.0511     372.8791     745.9280
2013.796000     593.2060     374.0091     726.1724
2013.798800     593.5763     374.5732     744.0504
2013.801500     594.6707     372.5087     779.7053
2013.804200     593.3202     372.4989     767.3896
2013.807000     592.7265     372.2450     762.1605
2013.809700     593.4735     372.5680     783.9502
2013.812500     594.3225     370.9599     773.2345
2013.815200     593.1938     372.8870     775.9501
2013.817900     591.8588     373.2100     796.0186
2013.820700     592.8350     371.3145     774.3702
2013.823400     594.5125     371.7185     754.0039
2013.826100     594.0509     371.8262     782.9256
2013.828900     595.0989     371.2049     755.9673
2013.831600     592.9826     371.9101     754.9225
2013.834400     595.1601     370.4502     742.2131
2013.837100     594.5949     370.5510     795.0545
2013.839800     594.3453     371.3649     753.8323
2013.842600     595.2335     373.1083     751.5559
2013.845300     595.1617     371.7432     776.7980
2013.848000     597.1035     369.7114     799.4609
2013.850800     594.6316     369.4802     787.8418
2013.853500     594.4204     371.2414     763.5738
2013.856300     595.7921     368.9745     802.3228
2013.859000     595.5670     370.2211     799.4912
2013.861700     596.4201     369.5948     814.3306
2013.864500     596.8393     367.8267     776.6971
2013.867200     596.3108     367.7931     778.4334
2013.870000     596.8956     367.8564     805.1645
2013.872700     597.3017     370.0215     770.6099
2013.875400     596.9486     370.0472     743.2831
2013.878200     598.0324     369.1335     774.5671
2013.880900     597.4151     367.4662     784.5408
2013.883600     596.2301     368.0213     797.4924
2013.886400     596.5424     368.0608     785.5603
2013.889100     596.5750     368.7187     811.8019
2013.891900     597.2389     367.2479     814.7445
2013.894600     597.7804     367.3743     796.8565
2013.897300     599.3136     368.3009     756.2500
2013.900100     598.4043     367.1274     823.0324
2013.902800     597.6410     366.9881     826.1769
2013.905500     599.3985     367.1807     795.3776
2013.908300     599.3471     366.4755     811.9735
2013.911000     598.3701     364.8822     784.2682
2013.913000     599.0119     365.8333     798.6619
2013.913800     599.2737     366.0685     806.8655
2013.916500     599.6733     365.1617     835.1412
2013.919200     599.0494     365.8897     813.1041
2013.922000     599.8690     367.7734     792.6267
2013.924700     599.1693     367.7329     783.6524
2013.927400     599.8176     365.4423     812.4025
2013.930200     599.0396     365.3346     812.7710
2013.932900     596.5759     364.6580     810.4239
2013.935700     599.2166     365.5638     795.9883
2013.938400     602.2431     365.8897     814.4164
2013.941100     600.6405     364.7597     819.6658
2013.943900     602.0930     364.6708     806.2043
2013.946600     601.9405     365.2368     811.7312
2013.949300     600.6984     364.0762     803.7260
2013.952100     600.6136     364.9207     792.8236
2013.954800     600.6568     362.9491     817.8840
2013.957600     599.9204     365.2951     754.6853
2013.960300     601.3607     363.1566     772.5027
2013.963000     600.0191     364.4071     790.0828
2013.965800     599.8185     364.2105     804.8667
2013.968500     600.1496     361.8448     786.5244
2013.971300     600.2825     363.7107     755.6746
2013.974000     599.6733     364.7587     770.9985
2013.976700     600.9920     363.4223     775.0365
2013.979500     600.5500     363.0568     755.5332
2013.982200     601.5572     363.6821     772.4270
2013.984900     602.2121     362.9136     790.4866
2013.987700     602.5840     362.4009     796.4527
2013.990400     602.1786     362.8494     816.1780
2013.993200     601.6697     360.7968     834.5304
2013.995900     602.3866     362.2804     827.9940
2013.998600     604.1441     362.3061     795.9883
2014.001400     603.9043     362.6429     809.9798
2014.004100     604.5731     363.3531     809.6820
2014.006800     602.7585     361.9525     759.9245
2014.009600     602.6060     362.8444     785.3332
2014.012300     604.1661     359.1789     796.7505
2014.015100     603.8929     361.6927     771.0793
2014.017800     604.3920     363.4282     789.2147
2014.020500     603.9761     361.0684     797.5177
2014.023300     604.6554     360.1301     798.4161
2014.026000     604.4744     361.2176     789.2803
2014.028700     605.3617     359.6480     803.1960
2014.031500     604.6302     360.9055     768.2325
2014.034200     605.6365     360.8274     777.1463
2014.037000     604.6416     359.2697     768.1518
2014.039700     604.0438     359.9552     787.6045
2014.042400     605.3038     359.9039     788.2304
2014.045200     606.0060     360.5538     765.0072
2014.047900     603.9679     361.0112     765.7845
2014.050700     604.1694     359.8258     745.8573
2014.053400     603.9834     358.5763     759.3491
2014.056100     605.6953     359.2431     765.1486
2014.058900     606.1781     356.3232     765.6533
2014.061600     606.2776     356.9919     768.7575
2014.064300     605.7124     357.8177     772.6036
2014.067100     606.9039     358.6346     751.5962
2014.069800     606.6062     355.9647     784.4953
2014.072600     606.6674     357.0147     746.2056
2014.075300     607.1698     357.6251     769.7922
2014.078000     607.4234     356.4951     780.1394
2014.080800     606.6095     358.0400     762.3674
2014.083500     607.7464     357.1381     756.0127
2014.086200     608.2544     356.8438     774.9153
2014.089000     606.0247     356.7085     805.1191
2014.091700     606.6291     356.7282     786.4386
2014.094500     608.1411     356.5455     774.9910
2014.097200     607.6012     355.1053     766.6224
2014.099900     608.4021     355.4905     773.9462
2014.102700     608.1052     353.9220     762.4633
2014.105400     608.2349     356.4200     773.8806
2014.108100     608.3662     356.9593     752.5855
2014.110900     608.7691     356.2748     759.2229
2014.113600     609.3000     356.0931     728.1813
2014.116400     608.8759     355.4244     735.1669
2014.119100     608.2822     354.4771     751.6265
2014.121800     608.9811     353.9348     756.5478
2014.124600     607.0450     353.7471     765.3908
2014.127300     609.3571     355.0964     725.5970
2014.130000     608.1933     354.5532     743.1973
2014.132800     608.1370     355.3730     743.3891
2014.135500     607.2016     353.1318     740.7594
2014.138300     608.1117     354.0741     752.8278
2014.141000     608.8889     352.3613     726.0210
2014.143700     609.6042     354.5255     736.2874
2014.146500     610.3920     352.4907     758.5465
2014.149200     610.7052     352.5411     755.2203
2014.152000     609.9956     354.3329     747.7400
2014.154700     609.6751     355.4678     769.6862
2014.157400     608.4901     354.2193     792.6873
2014.160200     610.7973     355.3513     767.9650
2014.162900     611.3902     355.6308     739.3159
2014.165600     611.4832     352.4008     767.4149
2014.168400     612.6894     351.2846     766.6779
2014.171100     610.1253     352.4621     766.3044
2014.173900     609.2877     352.0235     765.8047
2014.176600     610.4931     350.9330     781.5931
2014.179300     612.4733     349.4128     794.3025
2014.182100     612.2482     351.2649     775.6523
2014.184800     611.3511     351.2036     767.2332
2014.187500     611.1292     350.5112     746.5488
2014.190300     611.9317     351.1513     752.6310
2014.193000     611.4563     351.1819     752.6108
2014.195800     612.0679     351.1355     779.1400
2014.198500     611.3535     350.7157     746.4428
2014.201200     611.8983     350.4934     730.5687
2014.204000     612.8549     350.6653     740.5777
2014.206700     611.7898     351.9040     751.4196
2014.209400     610.0560     351.0308     774.7134
2014.212200     611.4563     352.5618     747.8914
2014.214900     611.5174     351.0802     752.1363
2014.217700     611.9358     350.5389     731.5378
2014.220400     611.1545     350.2919     768.7171
2014.223100     611.3013     350.7562     783.0922
2014.225900     612.6845     349.2824     792.1422
2014.228600     611.9692     349.4820     786.7818
2014.231300     611.5672     349.8326     800.3695
2014.234100     612.1095     350.1102     788.7200
2014.236800     612.8973     349.4118     805.1191
2014.239600     613.7373     350.2692     766.2792
2014.242300     612.3656     349.4049     769.5752
2014.245000     611.7009     351.4733     762.7258
2014.247800     613.1224     349.2982     755.3970
2014.250500     613.4592     349.1609     760.6867
2014.253300     613.1534     348.8557     773.0326
2014.256000     613.1999     349.2518     745.4687
2014.258700     612.4961     346.9908     765.9360
2014.261500     613.2162     347.6447     757.6784
2014.264200     611.8355     347.7188     755.5282
2014.266900     612.6519     349.0325     757.8954
2014.269700     613.6705     348.0487     785.9843
2014.272400     613.2660     347.5064     747.8612
2014.275200     615.2078     348.5653     767.7682
2014.277900     614.0627     349.0523     764.0381
2014.280600     612.9985     348.4083     778.6353
2014.283400     613.7781     350.4144     767.8338
2014.286100     612.5099     347.8294     744.8075
2014.288800     613.4283     347.9895     790.0576
2014.291600     612.8174     349.7131     755.6089
2014.294300     613.3850     348.3154     760.5302
2014.297100     612.9601     348.7718     787.7105
2014.299800     614.8767     348.7115     783.4505
2014.302500     613.8833     345.9280     813.6139
2014.305300     614.2944     346.6807     789.3005
2014.308000     614.1043     347.4254     772.6692
2014.310700     612.9185     347.3563     770.4635
2014.313500     613.3149     345.6810     762.0343
2014.316200     614.0848     347.5371     760.5100
2014.319000     614.2895     347.6329     808.6927
2014.321700     614.1206     347.3395     772.4320
2014.324400     615.8610     347.8462     796.3214
2014.327200     614.6320     345.7976     811.2416
2014.329900     615.0691     345.7453     784.7830
2014.332600     614.1467     344.6399     804.5790
2014.335400     612.1731     345.4756     837.0743
2014.338100     614.0032     347.9608     778.7615
2014.340900     613.5685     345.3413     824.4204
2014.343600     614.9313     345.9794     791.3901
2014.346300     614.1639     346.0110     827.0501
2014.349100     615.4793     345.5823     789.7497
2014.351800     614.4461     344.7407     788.0588
2014.354600     615.6245     343.9860     797.0937
2014.357300     616.3520     345.5892     811.1810
2014.360000     614.6923     345.8203     848.3856
2014.362800     617.6055     345.3492     853.0444
2014.365500     615.8431     343.2324     834.8686
2014.368200     617.5981     345.4025     823.9308
2014.371000     615.7256     344.6083     805.9469
2014.373700     615.0235     344.9185     808.6725
2014.376500     614.7804     343.6077     803.3626
2014.379200     615.6873     346.1660     788.2203
2014.381900     617.0109     345.0380     830.7196
2014.384700     617.2352     344.5797     814.2499
2014.387400     616.6423     342.7257     810.5299
2014.390100     617.1757     343.0012     815.1382
2014.392900     618.3949     342.7494     808.0769
2014.395600     616.9905     343.2995     832.1682
2014.398400     618.1274     343.8063     823.2444
2014.401100     618.5833     342.7345     826.9441
2014.403800     618.0459     343.4112     846.7149
2014.406600     617.6438     343.1455     822.2198
2014.409300     618.2465     345.0301     814.0884
2014.412000     618.2065     344.8069     827.1814
2014.414800     616.9759     343.1376     817.2329
2014.417500     616.3446     343.5702     826.6262
2014.420300     615.2078     345.6346     807.9810
2014.423000     616.5404     344.5244     795.6451
2014.425700     615.0928     344.1441     804.0087
2014.428500     616.2859     343.0813     840.5772
2014.431200     616.8772     344.3090     844.4234
2014.433900     616.4555     345.8174     783.7635
2014.436700     616.0323     343.8655     852.0954
2014.439400     618.5776     344.4602     850.7478
2014.442200     618.0834     344.3337     850.4197
2014.444900     617.3159     345.2603     853.0090
2014.447600     618.7896     341.8979     835.4238
2014.450400     618.6983     341.6865     815.6531
2014.453100     618.4985     340.9546     825.5410
2014.455900     618.1755     342.7178     818.6462
2014.458600     618.5148     342.4461     818.5049
2014.461300     620.4444     342.9607     819.7364
2014.464100     619.5244     342.4036     825.9347
2014.466800     619.2088     342.7187     813.3716
2014.469500     619.3997     344.6291     806.1235
2014.472300     621.5437     344.7308     808.5968
2014.475000     620.2959     340.7610     846.3666
2014.477800     619.9404     341.7952     801.4395
2014.480500     621.3765     342.6052     779.2006
2014.483200     621.5062     343.5090     781.1035
2014.486000     619.6965     343.4912     809.5204
2014.488700     619.5660     343.4793     870.4277
2014.491400     621.2917     341.0563     796.6596
2014.494200     622.7801     342.5083     810.7318
2014.496900     620.8905     342.4451     796.0741
2014.499700     619.7055     342.7662     797.5732
2014.502400     623.5394     345.5615     850.2784
2014.505100     621.9768     342.6190     832.8547
2014.507900     621.9719     342.5706     818.7774
2014.510600     622.6056     343.4062     823.3908
2014.513300     621.8969     341.4860     823.8854
2014.516100     621.0764     341.9809     758.4153
2014.518800     622.5387     341.1502     829.8313
2014.521600     621.4263     342.6091     842.6921
2014.524300     622.0526     341.3764     829.6142
2014.527000     622.7108     339.6586     837.8920
2014.529800     622.3201     341.6045     833.3796
2014.532500     624.1225     342.0095     800.9802
2014.535200     623.7571     341.2746     800.6925
2014.538000     622.4367     341.7468     816.9856
2014.540700     623.0663     343.4003     816.6272
2014.543500     623.9675     341.8535     823.3100
2014.546200     622.5933     340.4815     834.6869
2014.548900     623.7808     338.0555     851.9491
2014.551700     623.9080     340.3244     809.0359
2014.554400     624.2154     338.9307     866.7128
2014.557200     624.0238     340.5921     826.7624
2014.559900     624.0401     339.3386     851.7421
2014.562600     624.2146     339.3238     844.9836
2014.565400     625.4273     339.8562     876.8429
2014.568100     620.0170     341.1976     863.6692
2014.570800     624.9348     340.8064     849.8645
2014.573600     625.2104     341.2638     823.6229
2014.576300     626.3905     342.0589     827.4186
2014.579100     626.0504     340.9872     872.1892
2014.581800     625.0057     341.5087     823.9157
2014.584500     625.6435     342.5360     851.3636
2014.587300     625.5113     340.4014     857.5265
2014.590000     625.4379     340.6039     847.6032
2014.592700     624.3680     341.2065     882.7686
2014.595500     624.2946     338.9563     888.5176
2014.598200     627.3667     339.3653     824.7990
2014.601000     625.2202     339.6745     813.6442
2014.603700     624.9821     339.1302     851.1566
2014.606400     628.3543     337.5073     868.1866
2014.609200     625.3955     339.8374     853.0090
2014.611900     625.7144     337.3078     841.9754
2014.614600     625.4844     341.2845     810.0555
2014.617400     626.6686     340.2612     839.1690
2014.620100     625.9672     339.2596     844.2063
2014.622900     627.2411     338.6837     819.3377
2014.625600     626.1108     340.8924     818.1616
2014.628300     627.7533     339.8927     851.4847
2014.631100     628.9391     339.4117     837.0945
2014.633800     626.2576     338.4062     842.9596
2014.636600     627.8218     338.8971     835.6156
2014.639300     628.6039     337.1349     848.2140
2014.642000     629.9536     339.4344     819.1762
2014.644800     627.5249     338.1464     840.4813
2014.647500     629.4839     339.2230     769.9234
2014.650200     627.9792     338.9070     824.5819
2014.653000     628.9546     338.1898     814.9515
2014.655700     629.4569     338.6758     789.2752
2014.658500     628.2654     339.4680     778.4637
2014.661200     629.3208     340.2829     783.5262
2014.663900     629.8753     337.5211     778.6353
2014.666700     629.1046     337.5794     788.3011
2014.669400     628.9913     338.3795     795.2413
2014.672100     628.4351     339.0571     808.6371
2014.674900     630.3296     336.5561     862.0237
2014.677600     628.8371     337.6357     811.7766
2014.680400     628.8534     339.1756     804.8011
2014.683100     629.4578     338.7776     795.2009
2014.685800     630.3997     339.4552     759.4399
2014.688600     630.8744     340.0607     771.7859
2014.691300     630.7096     334.0699     859.4394
2014.694000     631.8383     337.1833     803.3727
2014.696800     630.6452     339.2685     785.5856
2014.699500     629.4569     339.3910     782.7439
2014.702300     630.5596     338.9079     797.3915
2014.705000     632.1230     336.5946     833.5966
2014.707700     632.0218     337.1942     796.0236
2014.710500     630.7096     336.9443     815.9660
2014.713200     629.3681     338.1424     779.4277
2014.715900     630.5726     338.6452     778.8170
2014.718700     630.4323     336.4504     777.5349
2014.721400     632.5430     339.2675     807.1482
2014.724200     631.9786     333.9049     799.3398
2014.726900     630.8148     333.9543     783.8190
2014.729600     631.8106     334.6507     812.8669
2014.732400     630.9135     336.0158     744.8176
2014.735100     632.7085     336.7892     781.7697
2014.737900     633.3389     335.9980     801.3487
2014.740600     633.4196     335.6963     803.2458
2014.743300     633.4733     335.4334     804.6752
2014.746100     633.5088     335.2019     805.7565
2014.748800     633.5312     335.0187     806.5021
2014.751500     633.5496     334.8751     807.0440
2014.754300     633.5727     334.7683     807.4837
2014.757000     633.6066     334.7061     807.8794
2014.759800     633.6619     334.6843     808.3545
2014.762500     633.7849     334.6905     808.8942
2014.765200     633.9705     334.7135     809.4061
2014.768000     634.1463     334.7618     809.8014
2014.770700     634.2197     334.8384     809.9495
2014.773400     633.2908     337.4322     783.0063
2014.776200     633.6594     335.6483     778.1608
2014.778900     635.6290     335.8498     812.2511
2014.781700     635.2188     335.7511     833.0515
2014.784400     635.1388     333.0950     812.3874
2014.787100     634.0101     334.4986     800.2736
2014.789900     636.1314     331.9847     811.5546
2014.792600     634.5329     331.7121     851.5150
2014.795300     636.3858     331.6686     826.4041
2014.798100     637.5186     331.5728     806.0327
2014.800800     636.1150     331.5244     808.5261
2014.803600     635.4308     330.9041     786.5597
2014.806300     636.4258     331.2864     806.3052
2014.809000     637.1793     332.7255     807.0775
2014.811800     635.3378     332.2070     793.0255
2014.814500     636.9298     330.7500     825.3340
2014.817200     636.0261     331.7911     811.9937
2014.820000     636.0001     332.2040     814.2751
2014.822700     635.9919     333.3903     827.8426
2014.825500     636.9828     331.1540     813.7855
2014.828200     636.9705     330.6502     793.6413
2014.830900     638.4491     331.2933     819.7061
2014.833700     638.8748     330.9801     834.1670
2014.836400     639.2435     328.6441     852.7718
2014.839200     638.1115     329.1814     887.4879
2014.841900     637.4835     329.7790     825.7126
2014.844600     638.5772     331.5392     819.0247
2014.847400     637.8603     331.1066     823.6128
2014.850100     637.5683     329.7721     841.6725
2014.852800     639.1839     327.6682     823.2444
2014.855600     637.5993     327.3076     856.0274
2014.858300     638.0675     330.6641     813.2202
2014.861100     639.2084     330.2532     827.4741
2014.863800     638.9181     327.9606     829.4426
2014.866500     639.9367     327.9477     844.7565
2014.869300     639.5020     328.0662     851.9137
2014.872000     639.5852     329.5074     833.5159
2014.874700     639.6773     329.3691     829.8918
2014.877500     639.4074     330.1060     812.5792
2014.880200     638.8561     330.5831     798.6735
2014.883000     641.0320     327.9309     829.0489
2014.885700     641.5833     329.0234     823.7945
2014.888400     640.9398     328.4841     850.0209
2014.891200     640.9406     327.4370     808.6018
2014.893900     641.2203     327.2583     787.6247
2014.896600     641.6681     327.1595     808.8592
2014.899400     641.1298     327.5941     824.1580
2014.902100     640.8395     327.6445     818.9894
2014.904900     641.4927     327.1802     794.3933
2014.907600     641.2293     327.1555     836.4282
2014.910300     641.9136     325.6749     813.8360
2014.913100     641.3541     327.4193     824.9504
2014.915800     642.2455     326.3485     861.1455
2014.918500     643.0830     327.5408     827.9132
2014.921300     643.5365     325.4516     817.1168
2014.924000     641.7097     325.3746     805.2099
2014.926800     642.2267     326.7426     854.7251
2014.929500     643.4093     324.5133     824.5920
2014.932200     642.0922     327.2908     816.3496
2014.935000     642.8726     326.7752     815.2543
2014.937700     642.7870     327.0884     826.7321
2014.940500     643.0985     324.5923     822.6942
2014.943200     643.0113     324.2871     829.1448
2014.945900     643.8350     323.5403     802.2522
2014.948700     643.9149     322.1535     813.2505
2014.951400     643.9622     322.8232     821.9876
2014.954100     643.5014     322.5367     786.7061
2014.956900     643.2771     322.6128     845.8669
2014.959600     643.5944     323.3447     834.7979
2014.962400     643.3114     321.0324     767.0716
2014.965100     644.7027     322.8331     823.6734
2014.967800     644.4670     322.5723     820.5491
2014.970600     645.0395     323.1966     827.3530
2014.973300     646.2596     322.0745     854.9119
2014.976000     644.8528     321.9846     836.9986
2014.978800     645.4245     321.3929     819.5446
2014.981500     645.8021     320.9642     808.7129
2014.984300     642.5195     321.0077     799.1732
2014.987000     645.0167     322.5367     800.6673
2014.989700     645.1284     321.4077     822.7699
2014.992500     645.5778     322.2463     824.6223
2014.995200     645.2597     323.2074     832.8092
2014.997900     645.6667     323.6816     810.6814
2015.000700     645.2230     321.9312     822.0280
2015.003400     645.8771     320.9366     817.0310
2015.006200     645.6455     321.1351     834.9140
2015.008900     645.8518     321.7564     802.1361
2015.011600     646.8191     319.6406     859.1770
2015.014400     645.4750     320.2036     850.2380
2015.017100     645.9448     321.8680     818.9793
2015.019800     644.8226     323.7151     773.5778
2015.022600     645.5248     320.2511     816.4354
2015.025300     644.9523     318.3575     842.6416
2015.028100     645.9277     319.9903     787.4733
2015.030800     645.9334     320.3883     785.9793
2015.033500     646.6160     320.3449     798.2899
2015.036300     646.6095     321.2912     773.0579
2015.039000     646.5059     320.9109     797.4975
2015.041800     646.7041     319.7098     807.2087
2015.044500     646.4814     319.5902     823.3150
2015.047200     646.0973     318.7566     819.8071
2015.050000     646.7342     318.7763     820.4279
2015.052700     647.3108     318.5185     803.1607
2015.055400     646.4431     318.4355     805.3765
2015.058200     646.5874     319.3502     819.9989
2015.060900     646.5907     318.2044     811.0700
2015.063700     647.1795     318.5491     795.0646
2015.066400     647.0123     319.3877     814.0833
2015.069100     646.9422     318.0227     823.4160
2015.071900     647.9796     318.7427     807.4359
2015.074600     648.5774     317.5752     775.3292
2015.077300     647.5294     317.3895     818.1465
2015.080100     648.3661     318.8771     801.8938
2015.082800     647.5808     317.8784     784.1824
2015.085600     648.3604     319.4816     792.1523
2015.088300     647.2660     317.4804     805.3967
2015.091000     647.4209     316.5469     792.6217
2015.093800     647.9991     317.3253     791.7232
2015.096500     648.3825     318.6627     809.2580
2015.099200     648.8930     317.1297     802.3077
2015.102000     649.1164     317.3065     803.3323
2015.104700     648.8163     315.2233     816.7130
2015.107500     650.7638     315.0189     823.5220
2015.110200     650.5029     316.4047     826.3990
2015.112900     649.8349     316.6052     795.4735
2015.115700     651.6740     316.8038     805.2857
2015.118400     649.3146     313.6676     846.9117
2015.121100     649.7248     315.0475     826.4495
2015.123900     649.8211     317.8883     813.5634
2015.126600     648.6002     316.9657     804.3266
2015.129400     650.2672     316.4324     821.5182
2015.132100     649.6359     314.2652     810.6359
2015.134800     649.7411     316.4314     765.6937
2015.137600     650.8984     317.1969     763.8261
2015.140300     651.6030     316.4403     788.3566
2015.143100     652.0695     314.7798     806.6838
2015.145800     650.2770     314.5309     834.3386
2015.148500     651.3135     316.0985     789.1995
2015.151300     650.5249     315.2619     770.4080
2015.154000     651.4660     314.9566     816.6575
2015.156700     651.1031     314.2247     806.5475
2015.159500     652.6274     314.2622     793.5151
2015.162200     652.4414     314.4618     808.2939
2015.165000     651.3135     314.3096     797.7246
2015.167700     651.7360     312.9653     805.0838
2015.170400     650.1864     313.8197     831.1789
2015.173200     652.4055     313.0720     765.4363
2015.175900     653.4258     313.0532     787.6803
2015.178600     652.2367     315.0218     786.7465
2015.181400     653.0824     314.3235     778.8473
2015.184100     652.6168     313.6291     797.4874
2015.186900     651.8656     312.5554     824.2286
2015.189600     653.5775     312.9031     824.4760
2015.192300     653.8776     313.2192     811.3527
2015.195100     653.9591     312.9663     810.5905
2015.197800     653.7014     311.6289     809.6618
2015.200500     653.0131     313.1115     801.0711
2015.203300     653.2988     312.6427     804.8739
2015.206000     653.9290     312.1988     810.1564
2015.208800     655.3268     314.3422     813.0284
2015.211500     654.7502     313.6548     812.1148
2015.214200     654.0350     312.5643     775.3343
2015.217000     654.7380     312.8606     802.5550
2015.219700     653.7006     310.9354     799.7133
2015.222500     655.1963     313.0206     793.2627
2015.225200     653.9803     309.9576     798.3556
2015.227900     652.7317     310.0642     767.4855
2015.230700     653.9404     309.2720     834.5557
2015.233400     654.9973     308.7248     809.7577
2015.236100     655.5845     309.7116     823.0526
2015.238900     654.6621     308.8651     823.3251
2015.241600     654.3938     308.6754     816.0417
2015.244400     653.4519     309.5002     807.6024
2015.247100     653.9730     310.0978     797.1593
2015.249800     653.5563     311.7948     836.8068
2015.252600     652.2180     310.4514     825.1977
2015.255300     653.8466     312.9189     808.5211
2015.258000     654.1051     310.2243     809.0006
2015.260800     653.7153     309.8450     800.2080
2015.263500     654.0113     310.1413     802.9689
2015.266300     653.6778     309.1594     814.5679
2015.269000     652.7652     309.9625     816.2032
2015.271700     652.9658     309.6553     820.8771
2015.274500     654.0154     308.5401     803.8724
2015.277200     654.9394     309.5901     787.9225
2015.279900     655.0454     306.9666     831.5474
2015.282700     653.4641     307.8279     829.7959
2015.285400     654.4640     307.9475     820.5440
2015.288200     655.0365     308.1006     818.2727
2015.290900     654.5781     308.4868     787.2512
2015.293600     655.2966     308.1707     834.0963
2015.296400     655.1784     308.5036     828.0293
2015.299100     654.8261     308.6991     837.1904
2015.301800     655.5046     308.2971     851.4140
2015.304600     654.1965     308.6912     839.6838
2015.307300     656.6341     307.0713     811.1003
2015.310100     654.8921     306.4727     826.7877
2015.312800     656.1105     306.8510     842.7779
2015.315500     655.4597     308.9125     860.9082
2015.318300     655.3945     306.9350     871.8056
2015.321000     655.7868     307.4793     843.7016
2015.323800     655.3244     307.9929     845.7912
2015.326500     656.2157     307.1968     854.5535
2015.329200     656.2092     306.8175     821.2557
2015.332000     655.0487     309.0804     846.8209
2015.334700     655.5984     306.8807     833.9045
2015.337400     656.0249     307.7706     848.5118
2015.340200     656.7320     305.4306     854.3617
2015.342900     655.8145     306.3275     863.3259
2015.345700     655.6750     306.8728     853.3674
2015.348400     654.2103     307.1780     851.8683
2015.351100     656.0477     306.7048     874.6574
2015.353900     656.1432     306.6229     836.2667
2015.356600     658.0564     307.3844     871.8107
2015.359300     658.4821     305.0494     893.1612
2015.362100     657.0541     304.1258     904.5079
2015.364800     657.7873     306.9577     836.0194
2015.367600     657.2882     304.8775     874.6372
2015.370300     658.3427     304.5910     887.9220
2015.373000     659.1664     305.2696     860.0300
2015.375800     657.5337     306.4737     863.5228
2015.378500     658.2766     304.4774     861.7865
2015.381200     658.0956     305.0237     866.2181
2015.384000     659.0905     305.5946     861.7814
2015.386700     657.9944     305.0365     891.6571
2015.389500     658.6493     305.6677     898.0068
2015.392200     658.6134     305.0138     854.3769
2015.394900     657.6617     307.4881     840.4763
2015.397700     658.7301     306.7671     870.1955
2015.400400     657.9210     306.3720     854.1750
2015.403100     658.5409     305.9156     857.1630
2015.405900     659.2096     306.8826     881.8247
2015.408600     658.5816     306.7147     894.7865
2015.411400     659.2267     306.0747     873.4208
2015.414100     659.1729     304.6631     850.9497
2015.416800     659.4771     305.6015     863.8004
2015.419600     658.5482     305.5847     933.0712
2015.422300     658.4512     306.6318     890.5164
2015.425100     658.4862     306.0865     888.1189
2015.427800     659.0000     306.0519     838.9520
2015.430500     659.0277     305.2647     837.2712
2015.433300     659.7479     304.9397     857.2085
2015.436000     659.3417     305.8238     875.9899
2015.438700     659.1150     306.2999     858.9397
2015.441500     660.1385     306.3720     870.5993
2015.444200     661.6807     305.4613     881.8853
2015.447000     660.8937     305.0750     847.8808
2015.449700     660.4027     304.0804     867.5052
2015.452400     660.0415     303.6210     862.0086
2015.455200     659.3662     305.7368     886.1908
2015.457900     660.0814     306.2337     878.8468
2015.460600     656.8837     302.4387     891.1726
2015.463400     658.9225     306.1349     868.9185
2015.466100     661.5421     305.2894     888.4268
2015.468900     661.5706     304.6681     887.1245
2015.471600     661.1938     304.7096     862.6143
2015.474300     661.3007     304.2740     899.3544
2015.477100     659.9363     304.4439     864.2193
2015.479800     660.5039     304.6226     869.5040
2015.482500     659.5513     305.8870     927.8067
2015.485300     659.1550     306.5063     878.8720
2015.488000     661.7720     304.8706     872.2296
2015.490800     662.3968     304.6651     872.2548
2015.493500     662.7156     303.1143     901.5753
2015.496200     661.2044     304.9506     915.9504
2015.499000     660.9891     306.7691     902.6201
2015.501700     662.2263     305.8070     868.0402
2015.504400     661.9360     304.7856     846.6038
2015.507200     663.0777     304.5051     836.7664
2015.509900     663.0035     303.7504     856.6533
2015.512700     661.7859     303.7099     891.5965
2015.515400     662.1896     304.2236     857.6930
2015.518100     662.6863     304.2720     846.0385
2015.520900     663.9031     305.7457     851.2979
2015.523600     662.5778     303.9470     872.9463
2015.526400     662.7417     305.7694     868.5702
2015.529100     665.8122     305.7161     871.6340
2015.531800     663.6674     304.7906     897.6232
2015.534600     663.5304     304.3174     894.8168
2015.537300     663.1984     304.1821     903.6044
2015.540000     663.3713     304.2858     901.8630
2015.542800     664.4984     304.9881     871.1949
2015.545500     662.3307     303.3553     888.0735
2015.548300     663.5100     301.9181     911.6853
2015.551000     666.2885     305.5897     881.2241
2015.553700     664.1803     300.8958     898.4106
2015.556500     664.1706     303.2427     913.2651
2015.559200     666.1042     303.9302     866.1273
2015.561900     665.1199     303.8216     886.4734
2015.564700     665.4616     303.7159     918.8274
2015.567400     665.7584     303.2990     877.4941
2015.570200     664.7284     300.5076     865.7336
2015.572900     665.2430     304.5100     889.2293
2015.575600     665.1378     301.2820     896.6187
2015.578400     667.2378     303.4986     914.9661
2015.581100     666.5120     301.7196     896.6793
2015.583800     666.0300     302.2678     887.1245
2015.586600     666.7779     302.2164     910.5950
2015.589300     665.0938     302.2639     920.5687
2015.592100     666.3179     301.6781     900.0156
2015.594800     666.8513     303.0689     862.3417
2015.597500     665.2936     301.7107     865.4055
2015.600300     666.4386     302.7558     859.5252
2015.603000     666.3962     303.9727     868.6914
2015.605700     666.8349     303.9826     876.6562
2015.608500     665.5423     303.4541     857.6224
2015.611200     667.2615     304.7639     862.5789
2015.614000     669.1315     303.1548     899.3342
2015.616700     669.2987     302.0268     889.6583
2015.619400     667.7141     297.6125     876.6007
2015.622200     668.8714     303.8206     869.6150
2015.624900     668.3771     300.4918     879.2556
2015.627700     666.8880     301.6702     863.5329
2015.630400     668.7547     302.0574     828.9833
2015.633100     668.7596     302.0061     859.0508
2015.635900     667.7076     301.9122     862.7404
2015.638600     668.8754     303.7682     835.2976
2015.641300     668.4766     302.2174     870.8517
2015.644100     668.5704     302.2342     870.9223
2015.646800     670.0245     302.8753     868.8579
2015.649600     671.4069     299.4803     885.9586
2015.652300     670.4992     300.3753     856.4665
2015.655000     670.4209     300.3950     876.8934
2015.657800     671.0366     299.0161     846.9572
2015.660500     670.2782     300.5234     850.3036
2015.663200     671.1630     300.2814     846.8057
2015.666000     670.5155     301.3522     855.4015
2015.668700     670.8066     300.7318     901.9993
2015.671500     671.6752     299.0714     857.8646
2015.674200     669.1217     301.3324     821.6393
2015.676900     670.4617     299.4053     877.8120
2015.679700     670.4984     299.4013     880.9263
2015.682400     672.8634     302.1473     799.8344
2015.685100     673.2875     301.6584     859.5101
2015.687900     670.5383     303.4107     893.0553
2015.690600     673.0005     300.9363     873.4258
2015.693400     672.1417     299.9880     870.2712
2015.696100     673.7785     298.1192     865.3601
2015.698800     672.4394     298.7958     834.3588
2015.701600     671.0758     300.0305     773.1285
2015.704300     671.6116     300.0127     827.0855
2015.707000     672.6832     298.9677     823.1232
2015.709800     672.9409     299.1643     831.1385
2015.712500     674.3983     297.2727     861.1455
2015.715300     672.2289     296.5575     823.4210
2015.718000     672.6269     298.1083     829.4275
2015.720700     673.6031     295.9461     823.2090
2015.723500     672.8243     299.6779     793.5655
2015.726200     673.9122     297.9582     867.6314
2015.729000     674.4415     297.4841     876.4139
2015.731700     675.0948     297.2984     861.2969
2015.734400     673.9179     298.3652     828.2262
2015.737200     674.0223     296.8697     790.4412
2015.739900     673.5542     297.3685     837.4226
2015.742600     674.9390     298.2427     857.0772
2015.745400     674.1047     295.0502     842.5154
2015.748100     674.4423     295.7466     862.4426
2015.750900     673.5656     293.1725     882.4809
2015.753600     673.7516     293.9419     903.3621
2015.756300     676.1533     294.5494     853.9529
2015.759100     675.2391     294.3785     831.3859
2015.761800     676.4102     292.9463     823.5573
2015.764500     673.5795     295.8760     816.3446
2015.767300     674.0713     296.6217     850.8184
2015.770000     674.3526     296.0597     855.0633
2015.772800     675.0369     297.4426     844.6959
2015.775500     675.0010     294.4101     865.3903
2015.778200     674.8534     294.4388     858.5965
2015.781000     676.3613     294.0121     852.1510
2015.783700     676.3083     294.2491     862.1146
2015.786400     675.4715     296.6277     846.0335
2015.789200     675.8508     294.2264     841.3293
2015.791900     675.6714     294.3647     841.2132
2015.794700     675.9894     295.0858     854.5636
2015.797400     675.5710     293.7938     853.2261
2015.800100     677.0309     294.4230     825.2179
2015.802900     677.0945     294.3825     846.8411
2015.805600     677.9002     292.9463     840.0775
2015.808400     678.6106     293.1083     882.4456
2015.811100     677.8024     295.0650     848.7742
2015.813800     678.8609     293.7266     858.3290
2015.816600     678.4776     293.3493     872.6536
2015.819300     676.8767     292.1195     862.5285
2015.822000     677.7681     295.5945     845.4278
2015.824800     678.9140     292.0682     874.7382
2015.827500     678.3724     291.8755     850.5863
2015.830300     678.7068     291.0320     862.7758
2015.833000     679.7621     290.7712     843.5754
2015.835700     679.3486     291.0952     826.8886
2015.838500     679.4375     290.8858     822.4620
2015.841200     679.9725     291.4785     869.3627
2015.843900     679.4612     291.7995     847.8051
2015.846700     681.4144     293.6160     810.7672
2015.849400     680.8713     291.9220     825.2734
2015.852200     680.6078     291.6158     840.3501
2015.854900     680.1780     292.0711     845.5944
2015.857600     680.5679     290.9994     821.1396
2015.860400     680.2873     289.7588     816.6928
2015.863100     681.0058     289.8714     799.3095
2015.865800     681.5555     291.0982     842.7981
2015.868600     681.6371     289.3360     840.3148
2015.871300     680.0239     290.6764     830.4168
2015.874100     681.6224     289.8042     810.2271
2015.876800     681.5465     289.5731     849.8948
2015.879500     681.5588     290.1628     822.1138
2015.882300     681.8189     289.7647     825.5107
2015.885000     681.3125     289.4624     841.0719
2015.887700     681.8042     290.2793     817.7124
2015.890500     682.6752     290.0916     805.3109
2015.893200     681.6909     290.5391     841.5514
2015.896000     681.5620     289.5108     845.2108
2015.898700     682.2536     288.1941     844.9281
2015.901400     682.8033     288.0578     868.0857
2015.904200     682.4624     286.6908     862.2004
2015.906900     683.6702     285.9736     838.7450
2015.909700     683.6881     287.2666     836.8825
2015.912400     681.4470     287.8474     842.3034
2015.915100     683.4019     286.6592     846.9723
2015.917900     683.6865     286.8083     868.0200
2015.920600     683.8439     287.4879     869.6100
2015.923300     684.2868     286.3075     892.7676
2015.926100     684.5347     285.3879     870.7154
2015.928800     683.3236     285.6111     880.1641
2015.931600     682.7128     285.1745     875.6013
2015.934300     683.8374     284.9187     855.3561
2015.937000     684.2427     284.9078     850.3137
2015.939800     685.6218     285.7208     856.2848
2015.942500     685.1749     286.2226     829.1095
2015.945200     683.8105     284.7409     837.2409
2015.948000     683.6335     284.3695     839.6233
2015.950700     684.5689     287.4118     827.8628
2015.953500     684.7565     284.8476     846.5079
2015.956200     682.8384     285.8472     885.9182
2015.958900     684.7663     285.0451     832.5518
2015.961700     684.4531     285.5242     881.4209
2015.964400     684.9686     285.8778     853.7762
2015.967100     685.1855     284.8851     845.6297
2015.969900     685.5182     285.9272     797.7398
2015.972600     685.0265     284.8664     815.5471
2015.975400     684.5371     284.9987     813.1697
2015.978100     684.1253     285.9193     850.2683
2015.980800     685.4147     284.7784     860.4035
2015.983600     685.5949     285.3938     828.8521
2015.986300     685.1569     284.4100     851.8229
2015.989000     684.8087     284.1315     865.6478
2015.991800     683.8643     285.3553     852.6809
2015.994500     684.5983     283.5852     835.6964
2015.997300     684.6171     283.5477     834.6717
2016.000000     684.4703     283.5240     868.4390
2016.002700     685.8518     284.2707     865.9052
2016.005500     685.0265     283.3867     877.2316
2016.008200     685.3943     285.8907     829.4426
2016.011000     684.8046     283.7383     879.5786
2016.013700     687.2668     284.3083     898.9860
2016.016400     685.4000     282.5738     898.5822
2016.019200     686.0883     284.8535     857.7334
2016.021900     686.4830     283.1190     851.2727
2016.024600     686.2783     283.1457     848.2089
2016.027400     686.2269     282.5026     876.1918
2016.030100     686.9503     282.3752     871.9671
2016.032900     686.9332     282.4918     868.6914
2016.035600     686.6412     283.3027     840.1684
2016.038300     686.6608     282.4335     880.8203
2016.041100     686.3868     284.3656     862.6092
2016.043800     688.2519     281.9544     851.2273
2016.046500     688.9672     282.7358     867.0711
2016.049300     686.6086     282.5135     827.2167
2016.052000     687.3092     282.8523     794.4741
2016.054800     686.2848     284.0208     824.9100
2016.057500     686.8582     281.0842     844.6606
2016.060200     687.0930     279.8297     882.2891
2016.063000     687.3728     282.8740     870.0542
2016.065700     687.2089     280.8876     858.4804
2016.068400     688.1451     280.5646     872.2902
2016.071200     687.0050     280.2071     879.5181
2016.073900     689.1531     280.5686     851.2929
2016.076700     688.7013     280.1310     837.1702
2016.079400     687.9632     280.5044     856.7441
2016.082100     687.5057     281.7865     837.1551
2016.084900     688.7152     280.9489     843.5047
2016.087600     688.5871     280.6516     856.7441
2016.090300     689.7623     280.9864     857.7132
2016.093100     688.6018     278.7965     848.5875
2016.095800     689.7126     280.1547     856.1788
2016.098600     690.3993     280.0737     840.6883
2016.101300     690.1929     278.7551     839.5122
2016.104000     690.7703     279.3586     854.9775
2016.106800     688.8089     279.9019     802.1361
2016.109500     690.0942     280.0115     834.3033
2016.112300     690.2353     280.9104     815.3603
2016.115000     691.2703     279.8762     853.1453
2016.117700     689.9548     280.4975     870.3419
2016.120500     689.2404     276.4506     900.4699
2016.123200     691.1251     278.3570     849.4859
2016.125900     690.5004     276.7153     860.5448
2016.128700     689.5739     277.7298     879.1446
2016.131400     689.5389     277.5362     856.6936
2016.134200     690.8388     276.8605     838.4724
2016.136900     691.1178     278.4261     845.4379
2016.139600     690.0690     279.1245     825.7580
2016.142400     691.0786     278.7541     801.3285
2016.145100     689.5625     277.3870     846.1698
2016.147800     690.1530     278.6770     829.2609
2016.150600     690.7923     278.3758     855.0330
2016.153300     690.1660     277.9431     828.2211
2016.156100     690.6317     277.7604     823.8905
2016.158800     692.3737     277.4759     809.1520
2016.161500     691.1381     276.3647     858.6470
2016.164300     691.7881     276.9721     848.4613
2016.167000     692.2791     276.5721     855.6690
2016.169700     690.7516     277.2576     811.4637
2016.172500     691.9398     279.2163     811.9533
2016.175200     692.6363     278.1910     814.4871
2016.178000     689.2281     275.3078     839.3709
2016.180700     691.2906     278.0261     822.1844
2016.183400     691.6381     275.9241     868.4592
2016.186200     691.5166     275.3147     829.1852
2016.188900     692.3916     275.4786     851.6513
2016.191600     692.9136     276.6294     833.4351
2016.194400     693.1909     275.9044     839.8655
2016.197100     692.0679     274.6519     837.4932
2016.199900     693.6614     275.9389     828.0899
2016.202600     692.4536     276.2372     856.3151
2016.205300     692.8100     273.8755     862.7102
2016.208100     693.3972     275.3305     848.2947
2016.210800     693.6826     277.2181     817.1976
2016.213600     693.3605     276.4881     821.7806
2016.216300     692.3239     276.0950     822.8355
2016.219000     693.2855     275.5083     830.1745
2016.221800     690.6904     274.6450     794.1813
2016.224500     691.4048     276.2797     818.2676
2016.227200     691.5378     276.0535     759.0008
2016.230000     692.3337     276.6887     801.0155
2016.232700     693.3409     276.6472     836.1304
2016.235500     693.9126     274.4701     837.2308
2016.238200     694.0243     274.2943     792.4652
2016.240900     693.5383     273.4942     828.9984
2016.243700     692.9951     274.0326     819.0954
2016.246400     693.1925     276.3499     808.6573
2016.249100     692.8565     276.3261     823.7945
2016.251900     693.0008     275.2663     850.0613
2016.254600     693.7650     273.7520     831.2496
2016.257400     693.7601     273.7886     815.3199
2016.260100     693.4045     275.4154     832.8143
2016.262800     693.8490     275.1161     827.1309
2016.265600     693.3850     273.6592     843.2170
2016.268300     693.7878     273.7738     832.6376
2016.271000     693.9575     274.6499     844.5697
2016.273800     693.2129     274.9492     843.8530
2016.276500     693.3947     274.0454     825.6722
2016.279300     694.2054     274.5788     844.0902
2016.282000     693.0392     272.1321     865.1481
2016.284700     692.5441     273.8409     852.0399
2016.287500     692.3590     272.7702     844.4789
2016.290200     693.3719     271.8348     852.6607
2016.293000     694.4215     272.4897     853.6803
2016.295700     693.3458     271.4377     865.0219
2016.298400     694.5561     272.3445     865.7386
2016.301200     695.0862     273.5683     865.2642
2016.303900     695.2362     272.5884     884.0305
2016.306600     694.8619     272.7455     866.6825
2016.309400     692.9397     271.8575     862.2508
2016.312100     694.3440     272.9292     843.2877
2016.314900     694.3579     273.8241     837.3115
2016.317600     694.3612     273.1337     859.1871
2016.320300     695.3325     274.5472     853.3724
2016.323100     694.8179     272.8868     849.5414
2016.325800     694.9794     272.3721     836.6150
2016.328500     695.0307     272.9549     854.4930
2016.331300     695.4238     271.4980     834.9645
2016.334000     694.9647     272.6665     873.7539
2016.336800     696.0991     273.2137     853.3421
2016.339500     695.3039     271.3508     885.6456
2016.342200     695.7867     271.4752     850.7579
2016.345000     695.4312     272.6043     824.2034
2016.347700     696.3911     272.2062     886.0242
2016.350400     695.1009     273.9160     825.7731
2016.353200     695.4189     273.7629     839.4617
2016.355900     695.7647     270.5823     873.5318
2016.358700     696.6007     273.6967     882.4052
2016.361400     695.9409     272.9510     840.3198
2016.364100     694.3432     274.7971     817.0865
2016.366900     694.9859     273.5989     861.6199
2016.369600     696.2182     272.6892     861.9127
2016.372300     695.6799     273.9842     815.1786
2016.375100     696.4547     272.9717     857.6476
2016.377800     696.9619     273.4083     831.0830
2016.380600     695.2248     272.6971     848.9509
2016.383300     695.5910     274.6381     847.8607
2016.386000     696.1521     273.8775     838.0384
2016.388800     696.4563     273.5515     867.7071
2016.391500     697.0696     272.6507     845.2713
2016.394300     695.7745     272.7228     897.2244
2016.397000     695.5535     271.2105     915.9251
2016.399700     696.5533     271.5790     874.0265
2016.402500     696.5191     272.2230     855.3964
2016.405200     696.9048     275.5389     843.1565
2016.407900     696.6374     272.6161     876.9237
2016.410700     696.0591     272.4837     871.5532
2016.413400     695.8463     271.7004     890.5063
2016.416200     695.6620     273.6118     877.8120
2016.418900     695.6514     272.8196     840.5722
2016.421600     696.4335     270.7561     864.4061
2016.424400     695.5241     271.9849     841.6776
2016.427100     697.1723     272.6487     826.0407
2016.429800     696.8804     271.1750     868.1210
2016.432600     698.1013     272.5647     866.5412
2016.435300     697.1895     271.8773     845.1552
2016.438100     696.6863     271.8012     865.4862
2016.440800     696.8665     270.5586     856.0476
2016.443500     697.5532     271.3537     883.7579
2016.446300     698.6469     273.7846     871.3413
2016.449000     698.0572     270.1427     890.3599
2016.451700     697.9243     272.6971     832.3196
2016.454500     699.0147     271.6511     873.3956
2016.457200     698.2896     271.6619     866.9399
2016.460000     698.0768     269.2735     843.3785
2016.462700     698.3524     269.2399     859.0760
2016.465400     698.3198     270.5299     852.2115
2016.468200     697.9235     267.7573     843.8782
2016.470900     698.1094     270.7058     844.0398
2016.473600     698.3671     271.1345     873.8195
2016.476400     698.5588     271.7439     878.9427
2016.479100     698.9983     269.9709     903.4277
2016.481900     698.6232     270.5872     951.8577
2016.484600     699.7519     270.5299     904.5179
2016.487300     700.0308     270.8767     889.7795
2016.490100     699.9640     271.5464     870.9476
2016.492800     699.0930     270.2030     919.2160
2016.495600     699.3963     269.6489     905.1993
2016.498300     700.4671     270.8065     886.9933
2016.501000     701.6326     269.8988     953.3669
2016.503800     699.6834     270.6307     906.8044
2016.506500     699.6671     271.1641     863.6641
2016.509200     699.5684     271.4051     864.6383
2016.512000     699.3854     270.8673     867.7694
2016.514700     699.2683     270.3581     873.5924
2016.517500     700.8733     270.3650     888.1542
2016.520200     700.3081     267.8324     875.8839
2016.522900     701.0372     268.9041     906.6732
2016.525700     700.8708     267.9993     898.4913
2016.528400     700.0202     270.6919     867.0055
2016.531100     701.8169     271.9721     902.2264
2016.533900     700.3791     268.9100     899.2888
2016.536600     700.7273     269.0809     884.6917
2016.539400     701.5461     270.1585     883.6620
2016.542100     700.7151     269.8415     857.4356
2016.544800     701.0584     269.6400     858.3694
2016.547600     702.6822     269.1728     871.8510
2016.550300     702.3135     268.8270     864.1335
2016.553000     701.5967     267.3632     870.9021
2016.555800     700.4745     269.7546     906.7792
2016.558500     702.0411     269.4444     885.0248
2016.561300     702.1243     270.0331     856.7441
2016.564000     701.9041     269.7417     920.2407
2016.566700     703.6102     270.3186     878.9629
2016.569500     704.4609     267.2358     900.0661
2016.572200     701.5632     268.6295     928.0692
2016.574900     703.6926     269.6568     875.1975
2016.577700     702.1162     269.7170     838.1999
2016.580400     703.6657     267.7138     855.3409
2016.583200     702.8942     269.1856     909.4240
2016.585900     705.5529     269.0295     885.5800
2016.588600     704.1893     267.5647     838.4371
2016.591400     704.1395     269.4671     875.7275
2016.594100     703.6045     268.0645     868.8478
2016.596900     704.1917     267.3306     865.8396
2016.599600     702.9578     267.5479     879.8714
2016.602300     704.5595     270.7858     895.0237
2016.605100     704.4976     268.7204     890.4659
2016.607800     704.5025     267.6723     877.7313
2016.610500     704.2464     268.9268     838.8460
2016.613300     704.7439     268.9722     878.1098
2016.616000     706.0822     270.1961     859.3032
2016.618800     704.9657     267.8333     859.5858
2016.621500     707.6276     267.3385     897.6232
2016.624200     706.9581     268.5850     872.0984
2016.627000     705.4648     268.9061     879.1092
2016.629700     705.4477     267.8778     856.3756
2016.632400     706.1327     268.7609     876.2171
2016.635200     707.3006     267.7652     862.9070
2016.637900     706.5617     268.1968     873.6782
2016.640700     706.1776     266.7567     884.7926
2016.643400     706.4271     266.3527     850.3995
2016.646100     706.9336     268.4813     876.6562
2016.648900     706.1931     265.9131     891.9095
2016.651600     704.9526     268.6166     817.3692
2016.654300     705.8497     268.1939     873.9760
2016.657100     707.7214     266.3290     871.2504
2016.659800     703.1193     264.7703     924.0262
2016.662600     714.5842     265.8351     826.7422
2016.665300     708.3632     266.8752     826.7523
2016.668000     709.6469     266.2519     826.3183
2016.670800     707.0021     268.7688     824.7182
2016.673500     708.0558     268.2018     844.8928
2016.676200     706.9238     267.2259     859.1921
2016.679000     709.8426     267.4126     865.4862
2016.681700     708.3078     266.0356     883.8538
2016.684500     707.9538     266.6243     844.2921
2016.687200     708.0647     264.9619     859.1618
2016.689900     709.1984     266.1028     847.6688
2016.692700     708.9121     266.4436     833.4250
2016.695400     708.4750     265.0103     835.1311
2016.698200     708.5777     265.2484     860.3783
2016.700900     707.7850     264.6192     847.8758
2016.703600     708.0101     264.6330     835.3986
2016.706400     709.5515     264.8375     836.3677
2016.709100     709.7554     264.9619     844.5394
2016.711800     706.8561     264.9708     840.5267
2016.714600     709.2921     264.8454     849.2992
2016.717300     711.0350     264.0631     848.3553
2016.720100     709.5694     264.3712     874.3949
2016.722800     709.3851     263.7173     859.0003
2016.725500     709.3386     264.6261     872.6536
2016.728300     708.6886     263.3845     869.3728
2016.731000     709.6542     264.0512     822.2601
2016.733700     711.2446     263.5642     845.6953
2016.736500     709.1886     263.6996     843.3836
2016.739200     708.1341     261.7537     853.0292
2016.742000     710.1338     263.9633     869.7866
2016.744700     710.0041     263.4585     866.4049
2016.747400     711.1573     262.5182     845.5186
2016.750200     710.6109     262.7750     853.6500
2016.752900     711.3522     262.6644     871.5684
2016.755600     710.2977     260.5071     893.1713
2016.758400     710.0808     261.7438     845.8821
2016.761100     709.7586     262.1665     887.9876
2016.763900     709.4716     263.2610     871.4725
2016.766600     710.3042     261.5452     856.2999
2016.769300     710.9265     261.3309     901.3280
2016.772100     711.7526     261.4247     864.9462
2016.774800     711.8701     261.2489     887.9725
2016.777500     711.9516     262.3285     880.2348
2016.780300     712.6424     261.2864     854.1952
2016.783000     711.8220     261.2479     832.4105
2016.785800     712.0316     261.0938     847.2499
2016.788500     712.5405     259.9293     837.6093
2016.791200     713.1684     260.3431     844.0297
2016.794000     712.3170     260.1841     851.3585
2016.796700     712.8014     261.8258     809.2529
2016.799500     713.8070     261.7191     822.6639
2016.802200     713.0445     260.9071     863.8963
2016.804900     713.8176     260.2424     827.0905
2016.807700     713.0559     259.4502     842.6265
2016.810400     714.0027     259.9678     878.5843
2016.813100     715.9168     259.8295     897.5576
2016.815900     715.9266     258.9326     832.0521
2016.818600     712.6995     258.3666     849.1730
2016.821400     713.4367     260.1219     844.5596
2016.824100     714.6494     258.9859     861.1152
2016.826800     715.2407     260.1614     874.3848
2016.829600     715.7594     259.0363     833.8490
2016.832300     715.5514     258.4654     870.3974
2016.835000     716.5366     256.3101     846.9471
2016.837800     716.8726     256.7990     838.1595
2016.840500     715.7667     258.6787     864.5727
2016.843300     715.5172     257.8036     880.5578
2016.846000     714.8223     257.9942     887.5182
2016.848700     715.8524     256.5995     814.9060
2016.851500     716.9191     257.6979     825.7580
2016.854200     714.9504     256.8543     826.4646
2016.856900     717.4101     256.4810     830.2906
2016.859700     717.6245     257.5320     836.6655
2016.862400     715.5702     256.8800     842.1621
2016.865200     717.3146     257.0440     831.1789
2016.867900     717.0414     256.1945     798.9108
2016.870600     716.3254     256.6647     850.0664
2016.873400     716.8636     255.8607     845.0038
2016.876100     716.7332     255.2878     866.4856
2016.878900     717.5177     254.7820     864.4515
2016.881600     718.7011     255.4181     870.6144
2016.884300     718.3846     255.4794     843.4643
2016.887100     716.5676     256.5956     845.0240
2016.889800     717.9606     257.0213     804.8970
2016.892500     716.3074     255.8369     851.3787
2016.895300     718.7182     254.8492     843.8984
2016.898000     718.6831     253.9730     859.7423
2016.900800     718.5698     256.0799     823.1434
2016.903500     718.4376     256.9284     846.8512
2016.906200     717.1483     254.0056     826.8331
2016.909000     717.8235     254.5331     857.8495
2016.911700     718.5225     255.6473     820.4784
2016.914400     719.5973     254.5331     832.3398
2016.917200     717.7811     253.8999     869.1759
2016.919900     719.8053     253.3873     852.3932
2016.922700     720.4137     255.0882     827.1864
2016.925400     719.3160     254.1538     849.2941
2016.928100     719.1912     254.6378     840.1532
2016.930900     718.9865     255.1277     853.7863
2016.933600     719.2181     253.8871     852.7264
2016.936300     720.0541     254.0037     865.1380
2016.939100     718.5290     254.5953     861.1959
2016.941800     719.6357     254.5193     848.9055
2016.944600     718.1122     254.5450     835.0503
2016.947300     720.0614     254.1894     820.3118
2016.950000     719.0061     254.0412     825.4451
2016.952800     718.9025     254.6526     822.7598
2016.955500     718.8356     253.4604     861.5543
2016.958200     720.2082     252.9092     851.3737
2016.961000     719.8502     250.9110     862.6546
2016.963700     720.1560     253.5404     853.7358
2016.966500     720.3493     252.4598     848.6531
2016.969200     718.7402     253.9395     799.3953
2016.971900     720.8019     253.5127     812.6650
2016.974700     720.1951     249.7395     861.7310
2016.977400     719.1692     252.4371     816.4001
2016.980200     719.9994     251.8533     803.7613
2016.982900     720.7970     251.2784     824.5163
2016.985600     721.0123     251.7101     844.3981
2016.988400     717.1939     250.2956     797.5429
2016.991100     721.6729     250.7776     853.1907
2016.993800     721.3426     251.4157     852.5043
2016.996600     721.4144     251.4789     863.2755
2016.999300     721.3940     251.8592     835.3279
2017.002100     720.8875     251.5303     872.0580
2017.004800     723.0553     251.2122     835.9336
2017.007500     721.8580     251.1382     853.2917
2017.010300     720.3664     251.2024     825.9296
2017.013000     720.7546     253.3537     824.4608
2017.015700     722.1696     251.2764     872.3406
2017.018500     721.8270     251.7288     868.6409
2017.021200     722.8236     251.9906     871.1192
2017.024000     722.4656     249.9558     874.4807
2017.026700     722.5839     249.2199     863.7954
2017.029400     723.5250     248.3457     882.2386
2017.032200     722.7413     247.8598     886.1908
2017.034900     723.0430     248.7053     877.7919
2017.037600     722.3914     249.5202     852.7566
2017.040400     721.8026     251.3604     845.4127
2017.043100     722.6613     251.2853     818.0758
2017.045900     722.2715     249.6387     806.4567
2017.048600     723.3268     249.4738     826.7271
2017.051300     722.3523     247.8884     837.6194
2017.054100     723.1637     247.3283     849.6272
2017.056800     722.9085     248.4475     830.3108
2017.059500     723.2714     246.8226     854.9826
2017.062300     723.8088     244.5073     842.7476
2017.065000     723.1890     246.1351     828.2060
2017.067800     722.1590     244.8076     836.1860
2017.070500     723.2412     246.7989     838.2352
2017.073200     724.9294     248.7073     831.4767
2017.076000     723.8953     247.6187     847.1136
2017.078700     724.3471     246.9026     835.0049
2017.081500     723.5152     249.5370     831.1032
2017.084200     723.8847     246.7021     876.1716
2017.086900     725.0501     246.4561     860.6609
2017.089700     724.2557     245.5474     874.1274
2017.092400     725.0207     244.1863     865.7689
2017.095100     723.3807     248.1442     865.4358
2017.097900     724.7793     247.1496     874.1274
2017.100600     722.5488     246.8127     816.0922
2017.103400     724.0763     247.0320     828.8874
2017.106100     724.3585     246.5144     846.7856
2017.108800     724.0233     247.6326     863.6894
2017.111600     724.7907     248.1551     823.6633
2017.114300     723.9817     249.8501     822.9870
2017.117000     723.4875     247.4350     784.5761
2017.119800     724.1954     246.9431     791.6425
2017.122500     723.9931     246.2813     818.8027
2017.125300     726.1209     245.4516     842.9949
2017.128000     725.7033     244.0193     867.8030
2017.130700     725.1504     243.8573     836.5746
2017.133500     726.2122     243.6064     864.3657
2017.136200     724.9595     244.1448     863.3108
2017.138900     724.2566     244.5320     810.8631
2017.141700     725.9088     243.2726     828.0091
2017.144400     726.8492     243.2558     830.1190
2017.147200     725.2376     243.8771     865.3702
2017.149900     725.4538     243.6924     849.9503
2017.152600     726.0581     243.8218     848.7339
2017.155400     725.9725     244.7849     827.5751
2017.158100     727.2170     244.3641     822.6690
2017.160800     726.0752     245.8131     820.0948
2017.163600     725.8183     244.2317     838.5027
2017.166300     725.4766     247.7975     845.3369
2017.169100     727.0775     245.1325     856.0425
2017.171800     726.6575     244.3552     845.7306
2017.174500     725.8069     245.9998     833.1878
2017.177300     725.5109     242.8291     844.8070
2017.180000     724.8038     245.1187     856.5523
2017.182800     726.5539     244.0984     859.0508
2017.185500     726.2383     242.5160     879.9976
2017.188200     725.2727     244.5231     823.6179
2017.191000     727.0057     244.6061     808.9501
2017.193700     726.6233     245.5593     811.1457
2017.196400     726.9731     244.6584     837.4983
2017.199200     726.6991     242.9881     859.8483
2017.201900     726.5295     245.3706     812.3874
2017.204700     726.3672     245.0199     823.8400
2017.207400     726.1502     243.6716     803.0244
2017.210100     726.2359     242.1920     811.5445
2017.212900     725.3494     244.7760     817.1219
2017.215600     726.7448     243.1017     834.0711
2017.218300     725.9080     243.8791     836.1355
2017.221100     727.0734     242.9160     843.1766
2017.223800     726.2742     242.9851     819.4639
2017.226600     724.8046     243.5827     801.7928
2017.229300     726.0246     242.4567     812.6700
2017.232000     726.2995     242.6552     833.1828
2017.234800     728.1761     240.9602     827.0451
2017.237500     727.7854     242.2473     849.6121
2017.240200     727.6321     242.0636     850.0815
2017.243000     726.6526     241.6329     816.6676
2017.245700     727.0180     242.9446     826.4899
2017.248500     727.4070     244.8362     819.8020
2017.251200     727.2227     241.5272     848.6480
2017.253900     727.0588     241.8749     825.0211
2017.256700     728.2968     241.8077     839.0579
2017.259400     727.8352     241.7751     857.9757
2017.262100     727.6158     242.5327     856.5523
2017.264900     728.1508     240.7824     812.2360
2017.267600     727.3548     240.4110     857.8848
2017.270400     727.1444     242.6878     840.4258
2017.273100     728.3269     241.8759     856.5473
2017.275800     728.4264     241.8848     863.1039
2017.278600     729.5331     242.6128     857.8747
2017.281300     730.7801     241.2911     869.5292
2017.284100     730.0575     242.1910     870.4933
2017.286800     731.0060     240.1404     885.7062
2017.289500     729.4809     242.1534     846.8966
2017.292300     729.5095     241.5479     858.2381
2017.295000     730.2141     240.0989     905.3255
2017.297700     728.3522     242.2848     850.6771
2017.300500     728.8587     242.9140     862.2357
2017.303200     728.9696     242.4784     861.2414
2017.306000     729.0593     242.4241     835.8579
2017.308700     728.9378     242.9822     811.6959
2017.311400     729.5649     242.7343     831.1991
2017.314200     727.4934     241.2022     876.1918
2017.316900     729.3570     241.7169     864.9310
2017.319600     729.1808     241.4758     878.4884
2017.322400     729.7574     239.2810     856.6331
2017.325100     730.6675     240.5226     852.0399
2017.327900     728.5512     240.6214     884.0910
2017.330600     728.5895     242.7777     845.5186
2017.333300     730.6153     242.2157     867.5355
2017.336100     729.3415     243.4217     856.4312
2017.338800     730.2084     243.2281     871.2756
2017.341500     730.9774     242.2186     910.3275
2017.344300     730.4971     239.6287     867.3942
2017.347000     730.6520     241.3079     907.8240
2017.349800     729.2599     241.7267     867.5506
2017.352500     731.3485     242.3263     859.0811
2017.355200     731.5239     240.6757     886.5441
2017.358000     730.5509     241.0827     863.2553
2017.360700     731.0101     241.4008     846.0183
2017.363400     729.5062     240.5503     874.6524
2017.366200     730.1766     241.6191     886.5491
2017.368900     730.0706     241.2921     868.0100
2017.371700     730.4229     239.6228     896.4017
2017.374400     730.9726     240.5138     875.1066
2017.377100     729.8602     241.6487     877.8827
2017.379900     729.4018     240.1305     885.9081
2017.382600     729.2216     239.8065     876.4846
2017.385400     730.1285     241.2368     888.6186
2017.388100     730.4384     240.9099     876.8732
2017.390800     730.8021     240.8051     877.0246
2017.393600     730.8241     239.4322     878.0745
2017.396300     730.7548     240.2619     868.3279
2017.399000     732.6640     241.3188     876.6108
2017.401800     729.8871     240.5503     858.4602
2017.404500     732.4544     239.0084     915.5970
2017.407300     731.7881     239.8697     920.4728
2017.410000     731.6389     239.9122     896.4572
2017.412700     732.5743     240.1730     915.2942
2017.415500     732.1763     239.9725     896.8408
2017.418200     731.6356     238.7190     911.1704
2017.420900     732.8491     238.8691     862.4073
2017.423700     730.2418     239.1852     858.9095
2017.426400     731.2825     238.8938     870.6296
2017.429200     732.5873     239.0716     880.6083
2017.431900     731.3485     238.6380     894.9682
2017.434600     731.3404     237.2838     958.5708
2017.437400     732.7716     237.8488     886.7611
2017.440100     731.1830     238.9956     909.0404
2017.442800     731.2857     239.4608     887.9422
2017.445600     731.8998     238.1214     890.5164
2017.448300     731.8664     239.9320     897.0427
2017.451100     731.6185     238.6538     879.1799
2017.453800     731.6070     235.3260     921.9063
2017.456500     730.5558     236.8225     911.7358
2017.459300     730.9481     239.1585     887.3466
2017.462000     732.5033     241.2615     899.9955
2017.464800     731.9145     240.2540     874.2637
2017.467500     733.4061     240.3439     860.0047
2017.470200     733.6598     240.2609     912.9269
2017.473000     733.8751     238.5056     884.2223
2017.475700     732.6624     239.1595     907.9704
2017.478400     733.8734     238.7555     893.0401
2017.481200     732.6452     240.4733     887.5031
2017.483900     733.6867     238.7466     889.6987
2017.486700     732.8556     239.2820     886.7106
2017.489400     732.4560     238.7180     893.6660
2017.492100     733.1346     239.6663     871.5179
2017.494900     735.4352     238.6815     917.7371
2017.497600     736.3307     237.7994     933.0106
2017.500300     734.5047     237.6927     922.0022
2017.503100     733.5962     239.3867     878.1856
2017.505800     733.5464     237.8863     896.8206
2017.508600     733.6859     238.0147     879.3364
2017.511300     735.3920     236.5568     943.4386
2017.514000     734.8480     237.2275     901.0756
2017.516800     735.0821     237.5021     913.6386
2017.519500     733.3556     239.9764     887.9220
2017.522200     734.6800     239.6979     888.9366
2017.525000     734.6580     235.4584     930.3103
2017.527700     733.9110     237.4102     899.9904
2017.530500     735.5135     238.3980     934.1312
2017.533200     735.8732     238.6943     888.8911
2017.535900     736.8697     238.7200     904.3766
2017.538700     736.9489     238.3061     857.1782
2017.541400     735.5102     236.6160     890.9555
2017.544100     735.2998     237.5465     890.8697
2017.546900     736.9766     239.2386     874.1173
2017.549600     736.4016     237.2848     884.8734
2017.552400     737.0475     237.3183     902.6554
2017.555100     736.0257     238.8918     876.9338
2017.557800     737.4007     238.9847     869.3223
2017.560600     736.2385     239.8954     874.2435
2017.563300     736.1431     237.4833     886.4835
2017.566100     736.8518     236.9815     884.6866
2017.568800     737.9715     237.6937     903.2662
2017.571500     739.5594     239.6584     863.4723
2017.574300     738.1004     239.4193     869.7109
2017.577000     739.4395     238.7022     891.9953
2017.579700     738.7512     238.0977     859.7726
2017.582500     735.4678     237.1020     902.8170
2017.585200     737.5687     238.0552     903.6447
2017.588000     738.1061     236.8274     896.6036
2017.590700     737.9634     236.6970     892.0861
2017.593400     734.9932     237.2443     884.8532
2017.596200     736.3869     236.4985     917.6009
2017.598900     738.9159     236.4886     913.5124
2017.601600     739.2878     239.5428     906.7186
2017.604400     737.4211     237.9693     916.6671
2017.607100     736.9252     238.0542     895.7556
2017.609900     737.3591     237.4309     878.6348
2017.612600     738.6077     236.5271     885.6255
2017.615300     738.0825     237.0190     868.8630
2017.618100     737.5507     236.7484     864.1133
2017.620800     737.0182     236.7632     895.0237
2017.623500     737.4602     236.1518     900.2024
2017.626300     739.1394     235.0682     862.3417
2017.629000     739.1149     238.0522     860.8527
2017.631800     738.5351     236.8857     885.5447
2017.634500     739.2642     237.3717     889.6987
2017.637200     739.5186     238.6577     898.9658
2017.640000     740.1972     237.9535     894.3272
2017.642700     740.8113     237.4161     893.3531
2017.645400     740.4223     235.2934     903.4328
2017.648200     738.0865     237.8764     862.2408
2017.650900     738.7104     237.7727     876.5199
2017.653700     740.2184     238.4809     868.0100
2017.656400     739.3531     234.7877     887.2961
2017.659100     739.8889     236.6812     857.2791
2017.661900     739.9215     236.5953     887.7504
2017.664600     740.1303     235.9414     863.4118
2017.667400     740.2567     236.1864     897.7241
2017.670100     739.0105     234.3244     908.1521
2017.672800     737.5116     237.4240     883.3693
2017.675600     739.2381     234.8163     868.8781
2017.678300     740.6816     237.1040     919.6249
2017.681000     740.7134     234.5803     930.0629
2017.683800     738.9543     235.4278     904.8763
2017.686500     739.8709     236.4995     868.0352
2017.689300     741.0062     236.5815     878.4581
2017.692000     741.1913     236.5291     854.5132
2017.694700     741.2019     235.3833     874.4000
2017.697500     738.8018     235.0890     872.1943
2017.700200     739.1043     235.2184     879.7048
2017.702900     740.0740     235.2184     901.5652
2017.705700     742.4872     233.9254     863.4067
2017.708400     740.9899     233.9590     877.7212
2017.711200     741.1815     233.4661     918.7517
2017.713900     740.9499     233.5322     902.1658
2017.716600     741.4719     232.2442     911.2613
2017.719400     743.2938     232.9623     866.3897
2017.722100     742.2833     234.2968     852.7163
2017.724800     742.4383     233.2280     859.1366
2017.727600     742.8966     232.5593     840.6428
2017.730300     743.3574     233.7920     872.0782
2017.733100     741.8397     233.1174     871.7602
2017.735800     742.8950     233.1944     895.8566
2017.738500     742.7237     232.8704     897.4162
2017.741300     743.6192     230.9413     874.3293
2017.744000     743.9821     229.8528     886.4128
2017.746700     743.2024     231.6743     900.0257
2017.749500     745.4998     229.9071     856.6482
2017.752200     744.3940     232.1168     883.5156
2017.755000     743.6208     231.7019     878.7256
2017.757700     743.6453     232.2353     856.8602
2017.760400     745.0863     231.9884     830.5480
2017.763200     745.4615     230.2242     836.5191
2017.765900     744.6468     230.4633     840.4157
2017.768700     744.0204     231.3108     816.3143
2017.771400     745.3473     231.2732     830.8609
2017.774100     745.7029     230.6539     849.3446
2017.776900     745.1687     230.7517     862.1852
2017.779600     745.0472     231.2791     842.8334
2017.782300     746.1881     230.7201     847.5477
2017.785100     745.5700     231.1981     854.6999
2017.787800     745.5553     229.5733     846.5584
2017.790600     746.6750     229.6572     859.9290
2017.793300     746.6457     229.7264     855.4772
2017.796000     747.0983     229.6246     831.7947
2017.798800     747.9970     229.3896     843.7117
2017.801500     747.6121     230.7685     843.3987
2017.804200     746.8651     227.9691     843.9590
2017.807000     746.4654     228.7366     879.4928
2017.809700     746.1629     227.2333     834.1165
2017.812500     746.6318     227.0426     835.1664
2017.815200     748.3771     227.6738     811.1962
2017.817900     747.5044     229.5990     844.7464
2017.820700     747.7679     227.3133     841.5362
2017.823400     747.3226     227.5247     846.6139
2017.826100     747.8168     227.3893     874.3899
2017.828900     747.9334     227.3666     869.5343
2017.831600     748.4301     225.4780     864.7847
2017.834400     749.1298     226.7236     879.4676
2017.837100     748.9390     228.0383     818.5351
2017.839800     747.5574     227.7844     863.6237
2017.842600     748.4497     226.6544     832.6528
2017.845300     748.9251     226.5329     879.1849
2017.848000     750.1077     225.3871     850.0462
2017.850800     749.1991     227.3478     865.2843
2017.853500     749.0067     226.2811     875.9849
2017.856300     749.2350     228.1321     838.5179
2017.859000     749.8540     223.7939     872.1539
2017.861700     748.7547     224.4814     883.0210
2017.864500     750.7846     226.7819     853.4027
2017.867200     751.1801     224.8508     899.8238
2017.870000     751.8578     225.1313     893.2067
2017.872700     750.9697     224.5841     876.8177
2017.875400     749.4666     226.0489     864.2850
2017.878200     750.5529     226.0944     863.5884
2017.880900     750.2112     224.1376     884.6261
2017.883600     752.2493     223.4195     871.3160
2017.886400     750.5007     223.9697     824.6021
2017.889100     751.2494     222.8189     875.4751
2017.891900     750.9778     223.1163     872.1236
2017.894600     751.1206     223.8077     850.6569
2017.897300     752.1914     223.5351     866.7330
2017.900100     752.0813     223.1429     859.6010
2017.902800     751.8798     222.5177     889.3656
2017.905500     752.4287     221.6702     887.0842
2017.908300     752.6220     223.4916     905.7091
2017.911000     751.2478     222.2895     897.1033
2017.913800     751.8521     223.8867     885.4589
2017.916500     751.9638     223.4867     905.5072
2017.919200     752.2811     221.2642     904.1899
2017.922000     752.8267     222.0149     880.2348
2017.924700     752.3912     222.2618     870.5539
2017.927400     753.0860     224.3470     884.0052
2017.930200     751.2478     222.0949     890.2237
2017.932900     752.0348     222.4683     846.9067
2017.935700     752.6562     221.7413     873.3905
2017.938400     752.7663     223.0738     886.6854
2017.941100     752.5062     222.2332     885.5346
2017.943900     753.0624     222.8150     870.5337
2017.946600     752.7843     222.5858     873.9659
2017.949300     753.3609     221.9576     845.3420
2017.952100     751.9116     223.4462     816.9755
2017.954800     752.6676     221.8075     858.8287
2017.957600     751.7526     221.1476     862.8414
2017.960300     753.2875     218.8541     879.9824
2017.963000     753.0787     221.4084     864.3152
2017.965800     753.0770     220.5412     872.2245
2017.968500     754.0239     221.1170     876.8177
2017.971300     753.0828     220.4740     893.2521
2017.974000     753.8078     221.7976     874.6877
2017.976700     753.1545     222.6500     870.2662
2017.979500     754.7041     221.1397     892.9442
2017.982200     755.2864     220.5333     909.5452
2017.984900     754.6796     220.2606     913.0329
2017.987700     755.6770     220.8968     903.1249
2017.990400     753.9790     219.8043     910.3982
2017.993200     754.1519     220.6686     868.4541
2017.995900     754.2490     220.1856     849.8746
2017.998600     753.9937     219.8132     883.4399
2018.001400     753.0485     220.4562     884.9239
2018.004100     754.4985     220.1935     871.5230
2018.006800     754.2955     220.1559     861.7814
2018.009600     753.6006     219.4971     859.5707
2018.012300     754.2498     219.3865     897.7796
2018.015100     754.4472     218.6911     896.8156
2018.017800     755.0335     219.3539     861.0950
2018.020500     755.9494     218.8145     921.8407
2018.023300     754.2425     218.8817     938.0126
2018.026000     754.6086     220.0463     890.6426
2018.028700     755.4805     219.5712     883.5106
2018.031500     757.0822     219.6008     878.7912
2018.034200     755.1575     220.0078     863.4269
2018.037000     756.3547     218.2041     875.6669
2018.039700     757.6661     218.9943     882.8948
2018.042400     756.6728     218.8224     883.7377
2018.045200     756.0652     219.1988     861.3877
2018.047900     756.8954     217.7981     864.7140
2018.050700     756.1794     218.8511     852.7466
2018.053400     755.6126     219.4586     884.6109
2018.056100     756.3245     218.8916     875.7022
2018.058900     756.5823     218.9025     874.6271
2018.061600     755.5359     220.3604     876.0505
2018.064300     755.5025     220.7417     855.1087
2018.067100     755.9657     218.2772     884.1869
2018.069800     756.5146     218.1923     877.7010
2018.072600     756.9639     217.5067     890.9808
2018.075300     758.2655     216.9506     872.4012
2018.078000     757.3595     216.3115     870.1501
2018.080800     757.2143     214.6007     868.7721
2018.083500     756.8098     216.7462     849.4102
2018.086200     757.9907     217.6944     817.4449
2018.089000     757.2510     219.6176     852.2872
2018.091700     757.8586     216.3471     871.3312
2018.094500     757.9442     216.8904     871.3917
2018.097200     756.4306     216.3264     853.9579
2018.099900     758.9261     215.1578     879.7149
2018.102700     758.1554     216.4953     872.4164
2018.105400     757.7379     216.5832     894.6755
2018.108100     758.2794     216.3738     861.9379
2018.110900     758.0249     215.2764     864.7342
2018.113600     758.9049     215.4848     881.8046
2018.116400     759.1936     213.4105     889.7038
2018.119100     759.4856     214.4634     892.2123
2018.121800     760.0605     213.3384     853.2866
2018.124600     759.6055     214.3736     892.1972
2018.127300     760.4985     214.8546     884.9289
2018.130000     759.3649     213.5182     892.7171
2018.132800     759.8746     213.5764     876.1212
2018.135500     759.7294     214.3607     906.8801
2018.138300     759.3054     214.2125     875.9546
2018.141000     759.3347     214.5415     865.2995
2018.143700     760.5580     212.8435     874.6625
2018.146500     760.7326     214.1276     860.4237
2018.149200     759.8102     213.0737     868.3178
2018.152000     759.0028     213.1922     840.1431
2018.154700     758.8527     214.9198     835.4137
2018.157400     759.1007     212.8188     845.4783
2018.160200     761.1925     212.5067     881.3099
2018.162900     760.6143     213.0855     900.4396
2018.165600     760.7587     212.6973     903.4378
2018.168400     761.1958     212.9067     879.3566
2018.171100     759.8648     212.6687     869.9482
2018.173900     759.7213     214.8358     867.0762
2018.176600     759.5101     214.1681     858.7833
2018.179300     760.3811     214.0130     841.1880
2018.182100     760.1617     211.4537     889.9713
2018.184800     759.1724     211.3144     850.9901
2018.187500     760.1658     210.5697     869.9986
2018.190300     758.6896     210.2141     900.0560
2018.193000     760.1592     211.4359     886.8015
2018.195800     759.2695     210.3316     892.7221
2018.198500     760.3313     211.8814     858.6924
2018.201200     757.5919     211.0803     878.1755
2018.204000     759.0746     212.0424     853.2967
2018.206700     760.3550     211.3194     862.7505
2018.209400     759.7409     211.0270     879.1698
2018.212200     759.9896     212.8544     860.1208
2018.214900     759.1887     212.2044     869.2920
2018.217700     760.0516     212.5600     904.5937
2018.220400     760.5760     209.5217     890.0066
2018.223100     760.7089     209.6995     862.6546
2018.225900     760.7684     209.4604     880.9414
2018.228600     760.5605     209.5592     902.0346
2018.231300     760.8736     211.6878     870.9930
2018.234100     761.4910     209.2698     895.3922
2018.236800     761.2382     210.3375     855.5378
2018.239600     758.9587     211.5634     842.4397
2018.242300     760.8940     211.9930     844.9180
2018.245000     761.5514     211.5950     880.0985
2018.247800     760.6021     211.6315     870.4024
2018.250500     758.4971     213.7305     838.5986
2018.253300     760.3802     211.1544     865.7941
2018.256000     759.9839     212.0602     864.0174
2018.258700     760.9136     213.0964     863.5733
2018.261500     760.2522     210.9806     879.5080
2018.264200     759.5867     209.8773     876.1565
2018.266900     760.0043     209.9642     857.6678
2018.269700     759.9994     210.7909     862.4527
2018.272400     761.8817     211.6740     860.7467
2018.275200     760.4773     207.7832     881.4815
2018.277900     760.5703     210.5904     820.3118
2018.280600     759.5818     211.2532     833.6320
2018.283400     761.6451     210.7475     872.7646
2018.286100     760.3101     211.4033     877.8120
2018.288800     761.5644     210.6635     850.3187
2018.291600     762.3237     211.5555     854.4980
2018.294300     760.6657     209.6688     896.0938
2018.297100     761.3083     210.9519     856.2242
2018.299800     762.0138     209.7261     878.6398
2018.302500     761.2659     210.4976     882.5819
2018.305300     760.3003     212.1402     856.9813
2018.308000     761.2260     212.3565     839.4516
2018.310700     761.8229     210.6566     890.1883
2018.313500     760.9797     210.4008     869.9986
2018.316200     762.7453     209.1088     895.7051
2018.319000     761.4225     210.0462     856.1586
2018.321700     762.3098     212.5689     863.1796
2018.324400     762.8220     210.2901     874.9350
2018.327200     760.3158     211.3984     864.6383
2018.329900     760.5906     210.3524     838.7097
2018.332600     761.4877     209.6333     869.2365
2018.335400     763.1800     208.0183     884.5756
2018.338100     761.0694     209.2866     862.5184
2018.340900     761.6386     209.7617     892.2325
2018.343600     761.8768     208.3907     871.0031
2018.346300     760.4797     210.7287     875.6669
2018.349100     762.2805     210.6655     855.4015
2018.351800     762.9582     210.8630     865.2036
2018.354600     761.8768     209.2678     886.8368
2018.357300     764.0959     209.3498     904.9520
2018.360000     763.3341     209.7370     858.5511
2018.362800     763.1327     210.1499     878.9023
2018.365500     763.0063     208.2000     900.2832
2018.368200     763.3235     211.3490     897.7443
2018.371000     763.3480     208.8006     893.3026
2018.373700     763.2673     209.6125     878.3168
2018.376500     761.6419     208.2672     863.0584
2018.379200     760.8745     208.8164     869.3677
2018.381900     762.7135     210.4650     900.6062
2018.384700     762.0603     209.2243     872.2447
2018.387400     763.6473     210.0462     895.6900
2018.390100     763.0144     208.4193     898.1380
2018.392900     762.3392     209.4802     891.7732
2018.395600     762.6915     209.5770     887.4577
2018.398400     762.2454     211.3065     862.2761
2018.401100     763.5568     211.1939     887.6495
2018.403800     763.3382     209.4061     907.4858
2018.406600     763.5796     208.7591     877.8120
2018.409300     764.2353     208.3324     876.5300
2018.412000     764.6912     209.0278     901.3128
2018.414800     763.9703     208.7700     882.3648
2018.417500     764.0991     208.2830     919.4230
2018.420300     762.6026     208.8352     909.8733
2018.423000     763.5690     209.8111     891.9297
2018.425700     762.3057     209.9484     906.3855
2018.428500     762.4525     209.9543     906.4663
2018.431200     764.0543     211.1762     900.0712
2018.433900     764.0086     210.4610     905.9464
2018.436700     764.5599     209.2263     889.7744
2018.439400     764.1162     211.4458     917.0507
2018.442200     764.1668     210.9500     924.8742
2018.444900     763.6514     209.6145     883.8589
2018.447600     763.2664     209.9405     863.9973
2018.450400     763.6652     209.5009     897.9714
2018.453100     764.7320     210.2832     903.9123
2018.455900     765.2327     209.2125     901.1008
2018.458600     765.2972     209.0811     913.4519
2018.461300     764.6211     208.5220     951.1713
2018.464100     765.0802     209.8535     904.9016
2018.466800     764.4596     208.0519     931.6175
2018.469500     764.3503     208.7206     941.2834
2018.472300     765.4668     207.2044     943.0600
2018.475000     764.9465     207.2518     934.1917
2018.477800     764.8690     210.7159     910.5244
2018.480500     765.7090     209.4970     936.3318
2018.483200     764.3723     208.8184     932.5917
2018.486000     764.0119     210.1331     978.7958
2018.488700     765.4081     208.1003     895.1651
2018.491400     766.4634     210.1765     872.1741
2018.494200     765.6103     208.4855     911.1301
2018.496900     764.8462     206.5248     908.9142
2018.499700     765.7375     207.3180     908.2480
2018.502400     765.9871     209.3399     920.0690
2018.505100     767.7797     209.5829     923.2489
2018.507900     765.9732     209.4407     882.6222
2018.510600     765.6144     209.3083     895.5487
2018.513300     766.0670     210.3514     881.0626
2018.516100     768.1295     209.0327     892.8180
2018.518800     767.9436     209.5266     913.3964
2018.521600     767.0775     208.6040     931.5065
2018.524300     768.1173     209.1009     878.3925
2018.527000     767.7560     208.1684     936.5287
2018.529800     767.9167     207.5481     925.5354
2018.532500     766.9079     207.5738     916.2179
2018.535200     768.1923     207.3318     890.8748
2018.538000     767.3246     207.0572     925.5859
2018.540700     767.1297     206.3134     919.2867
2018.543500     767.2014     207.9531     910.6253
2018.546200     768.3636     207.4078     907.3697
2018.548900     767.2667     208.8292     885.5497
2018.551700     768.6613     209.0297     913.1995
2018.554400     766.7684     208.7028     895.7051
2018.557200     767.3980     207.7634     912.5585
2018.559900     767.9118     208.9873     880.7093
2018.562600     767.5554     208.3719     894.3878
2018.565400     767.8351     209.2579     892.0660
2018.568100     767.0897     207.6380     880.6891
2018.570800     767.1452     207.8346     934.5148
2018.573600     769.8609     208.2998     916.8690
2018.576300     769.3553     207.9995     898.4863
2018.579100     769.4760     206.4359     910.7061
2018.581800     766.0018     208.3521     913.9667
2018.584500     767.9803     209.2984     881.8046
2018.587300     768.7086     209.2164     906.0524
2018.590000     769.6407     207.1728     891.3896
2018.592700     767.8987     207.4641     884.7018
2018.595500     769.3162     206.8833     888.0835
2018.598200     767.3597     207.6627     889.7542
2018.601000     768.4142     207.6370     905.6688
2018.603700     767.6973     206.6423     939.6884
2018.606400     766.8924     207.0967     905.4214
2018.609200     768.3644     206.8280     896.0029
2018.611900     767.8857     208.3640     886.5845
2018.614600     768.1361     206.7806     886.6703
2018.617400     770.3462     206.7668     887.8413
2018.620100     768.4125     206.2087     881.3755
2018.622900     767.2708     206.3539     838.6996
2018.625600     768.1410     208.0528     854.6545
2018.628300     769.8756     206.8626     863.6338
2018.631100     769.0079     207.3318     890.1580
2018.633800     769.2436     207.4108     838.8813
2018.636600     770.4856     207.4296     933.0056
2018.639300     769.6766     206.9693     914.2998
2018.642000     768.5944     207.4286     871.5734
2018.644800     770.4326     205.9766     918.2368
2018.647500     769.3162     207.7871     913.2853
2018.650200     768.9483     205.7563     906.1079
2018.653000     769.9506     206.1405     883.3945
2018.655700     768.6172     206.6591     907.5918
2018.658500     770.5101     206.9189     921.8003
2018.661200     770.8689     204.8564     891.9145
2018.663900     769.6285     203.2326     923.8041
2018.666700     769.9694     206.0586     892.4092
2018.669400     770.3919     206.0289     882.7181
2018.672100     770.5085     205.7188     886.8368
2018.674900     772.1126     203.4983     905.3255
2018.677600     770.4228     202.1480     963.0226
2018.680400     771.3289     205.4856     937.0940
2018.683100     772.6109     203.1782     898.9759
2018.685800     772.6803     206.4023     903.4277
2018.688600     772.6941     204.2628     901.2977
2018.691300     772.8067     204.2658     899.8238
2018.694000     773.1190     204.4643     877.0297
2018.696800     772.4381     204.7340     887.3618
2018.699500     773.0203     204.7804     904.1949
2018.702300     772.1445     204.8248     879.1244
2018.705000     773.1256     203.8647     914.2645
2018.707700     773.4420     204.0573     903.4025
2018.710500     772.6460     205.9667     887.8211
2018.713200     771.9104     203.7334     884.2828
2018.715900     773.9843     203.9210     899.7683
2018.718700     775.3177     204.9019     850.9295
2018.721400     774.1295     204.8969     886.0242
2018.724200     772.7488     204.0149     903.6649
2018.726900     775.0820     203.8203     884.0002
2018.729600     774.5161     204.3517     859.5151
2018.732400     774.0235     202.8286     840.0573
2018.735100     774.8708     207.2113     875.7981
2018.737900     774.6286     202.8681     875.7779
2018.740600     774.2249     201.5573     891.2281
2018.743300     775.2802     202.7565     902.2365
2018.746100     775.6505     202.0225     906.9710
2018.748800     775.5559     200.3424     936.3369
2018.751500     775.8038     202.2606     922.7088
2018.754300     775.0511     201.9524     854.3819
2018.757000     776.5435     201.9504     867.1317
2018.759800     778.2912     201.6492     884.3182
2018.762500     776.7792     201.3291     894.6351
2018.765200     774.5699     202.8226     882.8342
2018.768000     777.0059     202.9066     882.9352
2018.770700     776.7515     201.2155     876.2372
2018.773400     777.5474     201.2926     887.8110
2018.776200     777.0067     198.0369     877.6101
2018.778900     776.7931     199.4712     899.6219
2018.781700     777.0434     200.5537     869.6201
2018.784400     777.3623     200.2307     878.3067
2018.787100     777.3020     199.4544     912.1749
2018.789900     778.3157     200.6209     880.1641
2018.792600     778.2235     201.4388     853.2462
2018.795300     777.5213     200.6031     864.6282
2018.798100     777.7309     201.1276     869.6655
2018.800800     779.1108     201.0921     854.9018
2018.803600     778.2194     200.1221     847.3458
2018.806300     777.9389     200.5073     852.7062
2018.809000     778.4804     198.6098     868.4794
2018.811800     778.8841     200.2041     873.7792
2018.814500     779.3522     201.5939     863.6338
2018.817200     779.9720     197.5983     882.5768
2018.820000     777.5091     198.4409     941.5408
2018.822700     778.9999     195.0904     923.8395
2018.825500     779.8766     197.7248     897.0881
2018.828200     778.7422     197.7574     932.1879
2018.830900     779.2014     198.8390     902.4889
2018.833700     778.4307     199.0948     882.7181
2018.836400     780.7868     199.0326     871.5179
2018.839200     779.6091     198.5377     880.0329
2018.841900     779.4411     198.5752     858.7429
2018.844600     778.9673     198.3609     848.6228
2018.847400     779.4990     197.8937     884.1617
2018.850100     780.3260     196.8536     867.5103
2018.852800     781.3854     197.6872     888.0785
2018.855600     779.1883     197.6161     864.5272
2018.858300     779.7934     197.4946     871.3160
2018.861100     779.5773     197.2240     899.7027
2018.863800     779.9639     197.7060     884.1062
2018.866500     780.3301     195.7147     892.9089
2018.869300     780.0764     198.1663     854.5031
2018.872000     780.7150     194.4444     887.4627
2018.874700     780.6457     195.5853     892.3133
2018.877500     780.2811     195.1922     877.0448
2018.880200     781.3454     195.9952     900.2074
2018.883000     781.8674     195.7196     866.6774
2018.885700     781.5371     199.1975     864.4010
2018.888400     781.6741     194.4069     871.7198
2018.891200     781.4319     194.5136     896.8711
2018.893900     782.7824     194.8158     871.6491
2018.896600     781.9538     194.0355     897.5979
2018.899400     780.3203     195.3206     896.5127
2018.902100     782.2768     194.5126     885.4336
2018.904900     781.1546     194.6212     910.5395
2018.907600     781.3731     194.5471     869.9179
2018.910300     782.5687     194.5916     888.7649
2018.913100     782.7751     194.1264     884.6311
2018.915800     782.5149     194.0760     862.5083
2018.918500     783.8116     195.3729     880.9869
2018.921300     783.6681     194.5906     895.3417
2018.924000     781.3381     195.3838     907.4606
2018.926800     781.6333     193.9229     855.5479
2018.929500     782.9341     194.6933     875.8637
2018.932200     782.2866     194.0384     896.0787
2018.935000     782.9317     192.3266     886.4128
2018.937700     783.1266     193.4369     882.6374
2018.940500     782.0957     192.3978     862.7253
2018.943200     782.7115     192.9302     869.6605
2018.945900     781.8747     192.5064     834.6869
2018.948700     782.6014     192.6220     865.7689
2018.951400     782.7424     191.4070     861.8622
2018.954100     781.9873     193.0299     875.5003
2018.956900     783.5670     192.7909     916.1623
2018.959600     783.9968     193.7885     888.1037
2018.962400     784.1533     191.3142     911.8872
2018.965100     785.0725     191.4278     902.6252
2018.967800     783.4960     192.9875     894.4282
2018.970600     783.6795     192.2111     876.9187
2018.973300     784.3629     192.3988     869.7008
2018.976000     783.9959     192.4975     854.7958
2018.978800     783.4707     192.6398     901.2523
2018.981500     783.1739     193.0783     878.1199
2018.984300     783.3525     192.4225     915.3800
2018.987000     783.7178     194.4908     892.8735
2018.989700     783.2293     193.7816     867.5002
2018.992500     784.4021     192.8423     853.7712
2018.995200     782.9268     192.3444     820.3926
2018.997900     783.4699     191.6569     871.0990
2019.000700     783.9437     191.0485     861.2212
2019.003400     784.6484     189.9254     853.0898
2019.006200     785.4957     189.6044     832.6124
2019.008900     785.3351     191.3853     858.7631
2019.011600     783.6045     191.0416     849.9503
2019.014400     783.2644     191.9928     866.5916
2019.017100     784.9852     190.6020     906.9760
2019.019800     785.1092     191.0564     872.3760
2019.022600     785.6988     190.8381     902.6454
2019.025300     785.4476     191.4080     906.8650
2019.028100     785.0635     190.5506     873.2138
2019.030800     785.7053     191.0485     853.0948
2019.033500     785.8913     190.9625     862.0792
2019.036300     785.8913     191.4959     845.3824
2019.039000     785.6849     190.4133     877.2114
2019.041800     786.6269     189.0374     900.3185
2019.044500     786.0927     188.8873     901.1513
2019.047200     785.4337     189.5333     866.9449
2019.050000     785.4313     189.8563     883.0967
2019.052700     786.6310     188.5396     844.5748
2019.055400     786.3765     187.9163     886.3220
2019.058200     785.7836     189.1777     880.2298
2019.060900     786.2827     189.2310     870.6750
2019.063700     786.2101     189.4779     870.7457
2019.066400     786.3561     190.5615     860.9789
2019.069100     786.2550     189.0423     856.0728
2019.071900     787.5020     188.1188     865.1935
2019.074600     785.5357     189.0413     875.4902
2019.077300     787.1048     189.1174     859.4899
2019.080100     786.5168     188.8724     860.1208
2019.082800     785.3571     187.9558     885.7365
2019.085600     788.2792     186.3991     899.3544
2019.088300     787.4196     188.8922     876.3079
2019.091000     786.8569     188.0763     884.6967
2019.093800     788.0875     186.1304     878.4834
2019.096500     788.2987     187.2120     849.1023
2019.099200     787.9269     187.6832     863.6439
2019.102000     786.6848     187.7464     836.5898
2019.104700     788.3387     187.2466     872.1943
2019.107500     788.3526     187.9183     848.1736
2019.110200     787.1741     187.1814     850.5105
2019.112900     786.3104     186.2203     851.5705
2019.115700     788.3460     186.9216     849.7131
2019.118400     787.2206     185.4597     855.6993
2019.121100     788.0117     185.4992     881.9408
2019.123900     786.9898     186.7695     856.0728
2019.126600     788.2751     186.2292     865.1683
2019.129400     788.0900     185.2888     902.9936
2019.132100     789.0955     186.8890     855.4318
2019.134800     788.5556     185.0468     859.8331
2019.137600     789.0605     186.1383     848.0121
2019.140300     787.3103     186.0050     859.9543
2019.143100     787.5517     186.4811     861.9682
2019.145800     787.2377     186.9147     859.4293
2019.148500     787.6096     183.1414     908.8183
2019.151300     787.8429     185.9753     881.1888
2019.154000     787.8388     186.2321     879.2657
2019.156700     789.0719     184.9066     872.1791
2019.159500     788.8394     185.0044     865.2743
2019.162200     788.4455     185.2464     862.6849
2019.165000     788.6241     186.8129     870.6094
2019.167700     789.3818     186.9374     853.2210
2019.170400     788.5442     186.7487     871.7097
2019.173200     788.2433     187.8511     866.6118
2019.175900     788.2376     184.8730     893.3228
2019.178600     788.3697     186.2904     866.0818
2019.181400     789.1159     184.4848     861.0395
2019.184100     790.3074     183.9593     902.8271
2019.186900     789.9877     186.1986     883.9951
2019.189600     789.4348     184.1173     880.4216
2019.192300     789.0319     183.0110     866.8541
2019.195100     789.0670     183.7529     855.3359
2019.197800     789.3483     183.9455     867.9544
2019.200500     789.3614     184.6912     856.4766
2019.203300     789.4177     184.5233     846.8764
2019.206000     789.8409     184.2112     853.8469
2019.208800     790.6703     182.9834     884.8078
2019.211500     790.7405     183.6047     868.5096
2019.214200     791.0292     184.2912     882.8140
2019.217000     789.9918     183.1197     887.5738
2019.219700     788.7049     182.9528     869.0245
2019.222500     790.5847     182.8431     876.4089
2019.225200     791.2143     182.7503     880.7547
2019.227900     790.5831     182.8728     908.5004
2019.230700     791.1907     183.3686     870.8365
2019.233400     790.7535     184.5055     876.1767
2019.236100     789.8165     184.1025     877.7919
2019.238900     790.0342     185.6513     846.4120
2019.241600     790.6834     185.0923     856.6280
2019.244400     789.8711     183.9741     862.5285
2019.247100     790.9484     185.2543     876.2120
2019.249800     790.8954     182.9557     876.4896
2019.252600     791.9165     183.6254     878.4076
2019.255300     791.9173     180.8103     886.5390
2019.258000     791.4435     183.9020     881.6027
2019.260800     790.2446     183.2481     899.2989
2019.263500     790.5986     185.7007     851.9592
2019.266300     790.1590     185.0844     858.4703
2019.269000     790.4069     183.6600     848.1029
2019.271700     790.6247     184.5184     886.9378
2019.274500     790.2226     185.3392     865.9809
2019.277200     790.9688     183.3676     862.1449
2019.279900     792.4344     183.7331     865.6881
2019.282700     793.3877     181.7714     873.7691
2019.285400     789.9119     183.1958     872.0227
2019.288200     791.7550     183.5938     884.2677
2019.290900     791.7640     183.5958     885.9333
2019.293600     792.4515     184.7110     885.1560
2019.296400     791.2543     184.7870     874.2990
2019.299100     790.6826     182.5922     879.6241
2019.301800     791.7314     184.0294     893.3228
2019.304600     791.6433     183.9929     879.7603
2019.307300     792.6342     181.9383     886.9681
2019.310100     792.3699     182.5646     888.9618
2019.312800     792.4776     182.5241     901.8176
2019.315500     791.6718     181.5195     892.8130
2019.318300     790.6581     182.3295     877.7010
2019.321000     791.8684     181.7763     904.8814
2019.323800     792.7492     182.6545     891.0464
2019.326500     793.0313     181.5600     916.3844
2019.329200     792.8193     181.9670     901.6914
2019.332000     790.5594     181.9709     906.9104
2019.334700     791.8863     182.1329     876.3079
2019.337400     792.1669     182.8086     885.5144
2019.340200     792.2558     182.8846     892.0205
2019.342900     792.1171     181.5442     889.0728
2019.345700     792.7785     181.9156     912.0083
2019.348400     791.2779     179.7771     955.9057
2019.351100     791.5666     179.9203     901.3179
2019.353900     790.6720     182.0875     899.8895
2019.356600     791.8798     182.2919     884.1314
2019.359300     792.6790     183.2718     900.0106
2019.362100     792.8038     182.3957     932.1728
2019.364800     791.4247     181.7102     897.4516
2019.367600     791.0977     181.0908     903.1905
2019.370300     791.9768     182.4174     918.4741
2019.373000     792.8177     183.6412     895.3468
2019.375800     791.1450     181.7773     891.0565
2019.378500     792.7002     182.9943     930.2446
2019.381200     792.5665     182.2070     977.9478
2019.384000     793.0950     181.6450     895.0288
2019.386700     792.9343     181.7852     878.0947
2019.389500     793.5631     182.1685     897.5525
2019.392200     792.0984     179.4264     914.9156
2019.394900     792.8911     181.1619     930.4314
2019.397700     791.7550     181.5067     934.2826
2019.400400     792.7100     182.9054     911.4228
2019.403100     792.2452     184.4492     907.5565
2019.405900     792.4409     181.3299     902.6302
2019.408600     793.6324     180.3095     935.8271
2019.411400     793.0158     182.6140     917.7018
2019.414100     792.2028     182.2031     922.6483
2019.416800     791.7428     182.4312     927.3070
2019.419600     793.1651     183.7973     949.6974
2019.422300     791.8488     182.9814     919.3725
2019.425100     793.0061     183.3765     890.8596
2019.427800     792.3887     181.9294     931.0119
2019.430500     791.6107     182.3670     913.2046
2019.433300     793.0395     182.6841     922.8300
2019.436000     793.2426     181.7991     918.4842
2019.438700     794.7505     183.4387     919.8116
2019.441500     793.6177     182.3334     922.0628
2019.444200     794.6608     182.1912     922.5877
2019.447000     794.7114     181.3121     921.2249
2019.449700     794.6233     181.5995     921.3662
2019.452400     792.5420     179.1963     948.7939
2019.455200     792.6970     182.1467     910.3528
2019.457900     793.3535     182.8283     889.4867
2019.460600     794.2604     183.0515     871.2050
2019.463400     794.6494     180.6009     909.8228
2019.466100     793.4734     182.0638     908.1773
2019.468900     793.9113     181.5442     873.9609
2019.471600     795.5767     182.8728     910.8424
2019.474300     793.4954     181.1955     905.4315
2019.477100     793.9276     181.5896     926.1058
2019.479800     796.1247     181.6193     909.5603
2019.482500     797.3643     181.7131     930.6838
2019.485300     795.6713     181.8652     940.3950
2019.488000     797.6930     182.5725     918.9990
2019.490800     795.3744     181.5926     942.3686
2019.493500     794.6559     181.6351     898.6125
2019.496200     795.7014     181.1926     907.6625
2019.499000     796.2177     181.5254     883.7074
2019.501700     795.9086     182.2189     898.4913
2019.504400     796.3628     181.7635     932.0213
2019.507200     795.6770     182.2179     922.2798
2019.509900     794.6217     181.8534     931.9204
2019.512700     795.8287     181.0167     915.4305
2019.515400     797.0854     181.5837     908.7729
2019.518100     796.2413     182.4233     931.9153
2019.520900     795.6085     181.2084     910.2013
2019.523600     796.0007     180.8577     916.0664
2019.526400     797.7142     180.3056     905.6990
2019.529100     795.7887     181.1728     906.8347
2019.531800     796.7853     180.7629     919.1151
2019.534600     796.4542     181.9650     916.6620
2019.537300     797.2192     181.8445     905.8908
2019.540000     797.9768     180.0310     928.4629
2019.542800     797.7281     181.2380     926.5146
2019.545500     796.5626     182.2416     907.7533
2019.548300     795.9176     180.1485     888.1744
2019.551000     797.8520     181.6835     911.9023
2019.553700     798.2786     181.7892     919.8823
2019.556500     797.5217     179.6013     997.3955
2019.559200     796.9150     181.1610     936.9729
2019.561900     798.5836     181.3743     923.9808
2019.564700     797.8373     181.1540     934.1261
2019.567400     797.4336     183.0970     945.3011
2019.570200     797.9328     181.8336     965.8744
2019.572900     798.0005     178.9671     974.3389
2019.575600     799.0443     177.6524     955.8502
2019.578400     797.7378     180.3540     954.2098
2019.581100     798.2288     181.0474     906.3451
2019.583800     797.2730     182.1240     897.9210
2019.586600     797.6669     180.1287     911.0039
2019.589300     796.9321     180.1376     947.3554
2019.592100     796.6727     181.8968     928.0187
2019.594800     796.5268     182.4747     917.1062
2019.597500     798.1342     181.0434     902.8826
2019.600300     798.7165     181.0711     939.5622
2019.603000     797.7656     179.2121     950.6514
2019.605700     799.3910     180.0043     881.5825
2019.608500     798.6513     178.6856     922.1183
2019.611200     798.1309     178.4209     958.3134
2019.614000     796.5594     178.9089     939.8650
2019.616700     797.9564     179.3869     970.5584
2019.619400     797.7794     181.0760     953.5082
2019.622200     797.4924     181.7497     929.0282
2019.624900     798.3642     179.8166     935.4384
2019.627700     798.7638     180.2700     920.4476
2019.630400     798.8396     180.3875     924.5764
2019.633100     799.2735     177.0716     976.1055
2019.635900     798.4229     182.4411     914.3907
2019.638600     798.6871     181.1254     896.7348
2019.641300     799.1504     179.3010     924.0262
2019.644100     800.2791     179.6734     895.7152
2019.646800     800.2668     178.7044     896.2503
2019.649600     799.1659     178.1641     908.6316
2019.652300     799.3624     179.0215     936.6650
2019.655000     799.9162     180.1564     959.5045
2019.657800     801.2039     179.1568     909.8278
2019.660500     801.7095     180.2828     909.2625
2019.663200     800.9209     177.0272     876.5906
2019.666000     800.3411     178.1670     953.6748
2019.668700     801.9615     175.8211     913.9667
2019.671500     801.2088     176.6321     923.0016
2019.674200     802.5952     178.3873     900.8989
2019.676900     803.3806     177.6277     920.3921
2019.679700     802.8937     177.5161     929.3412
2019.682400     802.1768     177.7818     924.6622
2019.685100     802.0398     179.0343     901.8731
2019.687900     801.2553     179.1538     905.4719
2019.690600     802.6743     177.5645     875.7577
2019.693400     801.3001     177.5744     887.8867
2019.696100     802.9451     176.9985     911.5086
2019.698800     804.1007     177.6396     910.0095
2019.701600     802.5585     176.2281     949.2684
2019.704300     803.6098     176.3249     915.4456
2019.707000     802.9320     178.9602     897.4869
2019.709800     804.8673     176.3417     918.6962
2019.712500     802.8228     176.6360     902.8422
2019.715300     802.5667     176.7022     937.0990
2019.718000     803.2428     176.3654     873.6933
2019.720700     803.6073     175.6236     905.4770
2019.723500     804.3022     175.2363     897.0023
2019.726200     801.7919     175.1721     930.8049
2019.729000     801.8792     177.0627     877.3780
2019.731700     802.8350     175.0171     880.6184
2019.734400     804.4351     175.8280     888.8003
2019.737200     804.6064     175.6700     902.5595
2019.739900     804.8094     174.9608     909.1515
2019.742600     805.7693     174.7840     900.1570
2019.745400     805.6250     174.8017     884.8683
2019.748100     805.2384     175.0171     886.6248
2019.750900     803.5519     175.2373     872.2902
2019.753600     804.6961     173.9957     881.9863
2019.756300     804.0077     175.3875     915.5920
2019.759100     805.0459     174.8916     878.1199
2019.761800     805.6878     174.3958     873.7943
2019.764500     806.7920     172.9437     923.9909
2019.767300     805.3338     173.1857     952.3221
2019.770000     805.6739     173.0000     925.7222
2019.772800     805.9765     174.5518     915.7888
2019.775500     807.5627     174.7899     911.5490
2019.778200     806.3002     173.6707     900.6415
2019.781000     805.8403     173.9671     869.4333
2019.783700     804.8502     172.5575     901.4996
2019.786400     807.3678     172.0271     891.7177
2019.789200     804.8037     172.0567     914.6784
2019.791900     806.0694     172.6770     874.3697
2019.794700     806.6150     172.1081     882.0468
2019.797400     807.4037     170.2659     896.9468
2019.800100     806.0825     172.4054     880.6638
2019.802900     807.0220     171.9244     880.8708
2019.805600     807.5293     170.4724     887.2558
2019.808400     806.7871     172.9546     864.4364
2019.811100     806.4266     172.8815     881.7995
2019.813800     808.0112     170.3311     890.2640
2019.816600     806.8100     171.3129     880.3004
2019.819300     808.1703     170.9336     866.2686
2019.822000     810.4766     171.2804     899.2989
2019.824800     809.7818     169.8441     921.2855
2019.827500     808.4296     168.6252     915.5112
2019.830300     809.9539     167.8449     937.1142
2019.833000     808.5617     170.6067     878.8367
2019.835700     808.6775     169.4303     899.4251
2019.838500     807.6597     170.7341     904.0283
2019.841200     808.5299     169.7345     877.0802
2019.843900     807.9664     169.6258     933.1772
2019.846700     807.9615     169.2712     925.7979
2019.849400     808.0675     167.0557     899.7986
2019.852200     808.2836     168.7072     912.3515
2019.854900     809.0609     170.1484     885.3327
2019.857600     810.5835     169.2722     903.4075
2019.860400     809.0127     169.0628     918.6962
2019.863100     808.7934     169.1418     860.1814
2019.865800     807.6491     169.2870     935.4687
2019.868600     810.3290     170.3489     916.6772
2019.871300     809.9416     167.5051     949.7428
2019.874100     811.5311     168.4593     894.9077
2019.876800     810.5802     169.3068     878.3471
2019.879500     810.3625     167.4310     921.7953
2019.882300     810.7865     169.2821     922.2041
2019.885000     809.9270     167.4103     888.9012
2019.887700     811.6306     165.9059     880.1944
2019.890500     811.4422     167.3856     866.2232
2019.893200     811.5181     167.8706     908.7477
2019.896000     811.8769     167.3006     917.8280
2019.898700     811.1372     167.4696     883.2532
2019.901400     811.5059     167.5091     889.6684
2019.904200     809.8242     165.7983     905.2498
2019.906900     810.3437     165.7508     896.9064
2019.909700     811.3476     165.8071     883.0159
2019.912400     811.6739     165.5444     887.2053
2019.915100     811.6527     165.2016     895.0995
2019.917900     810.5052     165.4041     923.3347
2019.920600     812.1925     165.6975     924.2382
2019.923300     812.1069     165.6392     923.3802
2019.926100     811.8777     164.6455     923.7537
2019.928800     811.4586     165.7538     906.2694
2019.931600     812.3043     165.6866     921.2956
2019.934300     811.5205     164.7917     899.5361
2019.937000     812.4755     165.6837     927.0799
2019.939800     813.1361     165.4180     927.1455
2019.942500     812.0947     163.4563     962.8914
2019.945200     813.9647     163.9225     915.7232
2019.948000     813.0309     163.4494     889.8047
2019.950700     813.2446     164.5586     897.2900
2019.953500     813.4901     164.6633     893.4792
2019.956200     812.8874     164.3433     892.5000
2019.958900     810.9219     164.8915     930.9008
2019.961700     813.0260     165.1789     885.5144
2019.964400     812.1208     165.1582     902.8422
2019.967100     813.4322     162.8824     945.9522
2019.969900     813.5855     163.7042     910.9080
2019.972600     812.3915     164.5408     908.9294
2019.975400     812.3752     165.3735     902.5444
2019.978100     813.3522     165.3854     904.2504
2019.980800     813.5651     162.2868     893.2370
2019.983600     813.3865     165.1997     898.4610
2019.986300     812.2831     166.4640     862.6244
2019.989000     813.3376     166.8127     886.0393
2019.991800     814.0365     166.9688     880.2802
2019.994500     814.1009     165.9504     877.2265
2019.997300     814.3497     164.6633     898.2238
2020.000000     816.3526     163.8603     874.6019
2020.002700     813.9386     164.2702     904.7299
2020.005500     814.4279     163.9235     911.7913
2020.008200     814.1735     163.5076     874.1527
2020.011000     815.1831     163.6272     884.1213
2020.013700     814.2485     163.4098     880.8708
2020.016400     814.1066     163.7812     891.1019
2020.019200     813.7935     162.9565     900.0863
2020.021900     814.0952     163.8553     878.8972
2020.024600     814.2412     163.2804     894.6553
2020.027400     815.0086     162.9723     851.8834
2020.030100     816.7498     163.0236     864.3506
2020.032900     815.8723     162.1524     873.3552
2020.035600     814.8431     163.2923     875.5558
2020.038300     814.6865     164.8233     866.5058
2020.041100     816.0615     163.7911     919.5593
2020.043800     816.7196     162.1485     920.0539
2020.046500     816.0142     163.6835     919.0495
2020.049300     815.8152     161.6003     917.9895
2020.052000     815.3487     161.6724     938.2700
2020.054800     815.3691     161.9163     922.9562
2020.057500     815.0274     161.2052     902.8775
2020.060200     815.3136     161.8916     894.3222
2020.063000     814.8920     161.1923     903.8466
2020.065700     815.2035     161.1824     878.7004
2020.068400     816.0378     161.9559     881.6582
2020.071200     816.9733     161.1449     888.3612
2020.073900     815.5045     161.1192     878.8215
2020.076700     815.0102     161.2358     886.8823
2020.079400     813.4827     161.9825     882.4456
2020.082100     813.5374     160.8446     854.9876
2020.084900     814.5283     159.7709     846.3464
2020.087600     814.4051     160.3349     874.7684
2020.090300     815.4857     160.5858     873.4612
2020.093100     814.6661     160.3636     864.4717
2020.095800     815.2402     161.1617     867.7424
2020.098600     814.0096     159.1555     868.8832
2020.101300     815.2867     158.4819     903.4984
2020.104000     814.8634     159.3580     867.7223
2020.106800     816.4162     158.6133     856.0779
2020.109500     814.6587     158.7950     861.4937
2020.112300     815.9318     159.9596     862.4982
2020.115000     816.9651     160.2223     879.8462
2020.117700     815.1391     160.6441     857.3750
2020.120500     815.2663     159.5042     860.2824
2020.123200     817.3778     161.5993     861.8874
2020.125900     815.2574     159.1358     893.4590
2020.128700     815.3520     160.0307     905.6889
2020.131400     817.8532     159.2316     858.2533
2020.134200     815.3332     159.2701     877.2467
2020.136900     816.5451     160.6579     873.8902
2020.139600     817.9707     160.7162     867.1267
2020.142400     818.0914     157.7065     884.4494
2020.145100     817.4414     159.4805     913.2096
2020.147800     817.7888     158.0838     871.0081
2020.150600     817.7611     159.1911     865.4055
2020.153300     817.6542     157.1533     880.8455
2020.156100     817.2138     160.3497     844.3325
2020.158800     817.4014     159.8638     894.9278
2020.161500     816.5182     156.7227     903.1148
2020.164300     815.7801     158.1737     875.2177
2020.167000     816.5524     158.3011     844.3981
2020.169700     817.3835     158.4206     843.4744
2020.172500     818.3613     158.1935     884.6412
2020.175200     817.9356     159.5368     883.9043
2020.178000     817.9633     158.4019     837.9071
2020.180700     818.5285     158.7348     880.9515
2020.183400     818.5840     159.1881     889.3202
2020.186200     818.0400     159.2523     876.7975
2020.188900     818.3841     157.8359     897.0377
2020.191600     818.3727     157.3588     899.5311
2020.194400     818.7373     157.0763     909.8480
2020.197100     819.8309     159.2276     882.1024
2020.199900     819.3449     156.6802     919.5694
2020.202600     817.7399     159.7531     908.7679
2020.205300     818.1305     156.9736     914.3049
2020.208100     817.9739     156.7177     913.5175
2020.210800     820.1955     157.4062     920.9523
2020.213600     819.3008     154.5950     984.3833
2020.216300     819.7885     154.6286     941.1774
2020.219000     818.1248     155.8228     892.2729
2020.221800     818.3409     156.2061     894.1253
2020.224500     818.4421     157.4270     904.3968
2020.227200     817.6811     158.0571     860.5701
2020.230000     819.0855     157.7954     888.0482
2020.232700     819.1964     155.5739     879.3061
2020.235500     817.6551     156.6269     893.2874
2020.238200     818.7764     157.8161     887.0791
2020.240900     818.5048     155.7122     889.9561
2020.243700     819.9524     157.8487     882.2942
2020.246400     820.2664     156.4135     885.1560
2020.249100     818.0816     157.1040     852.3074
2020.251900     818.6500     156.1093     877.3679
2020.254600     817.7611     155.0701     904.9116
2020.257400     818.0465     157.1968     891.9145
2020.260100     817.6918     155.2875     886.8116
2020.262800     818.1623     155.7240     914.6481
2020.265600     818.8164     155.2400     900.9898
2020.268300     818.0865     158.2507     877.8120
2020.271000     818.4412     154.7511     888.4974
2020.273800     817.6159     155.2954     872.0227
2020.276500     818.5481     155.4840     907.3899
2020.279300     818.4894     156.4352     896.1342
2020.282000     819.1067     156.4826     925.3032
2020.284700     817.9911     157.0595     914.2393
2020.287500     817.9821     156.8402     873.8296
2020.290200     818.7144     157.7460     873.4561
2020.293000     818.7936     157.0753     896.2099
2020.295700     817.3362     156.0451     908.1874
2020.298400     819.3383     155.4346     914.0879
2020.301200     818.7984     154.7521     951.3126
2020.303900     818.4690     155.9986     912.7200
2020.306600     820.2909     154.7126     941.8991
2020.309400     819.4827     154.1891     901.1109
2020.312100     820.1955     154.9536     915.7182
2020.314900     820.0438     154.1298     899.6825
2020.317600     819.7143     154.0162     900.5961
2020.320300     819.8301     155.0445     908.7679
2020.323100     820.7770     153.0334     906.4259
2020.325800     820.8030     153.4828     885.6103
2020.328500     820.1139     152.5543     911.7156
2020.331300     821.6055     154.5565     922.7846
2020.334000     822.0508     152.9850     946.0986
2020.336800     821.0485     154.9872     944.8166
2020.339500     819.0863     155.8692     928.7658
2020.342200     819.7371     155.5107     914.5068
2020.345000     820.0201     153.7475     913.6336
2020.347700     821.1635     156.5419     907.7988
2020.350400     821.2956     154.9111     921.6741
2020.353200     820.3113     154.4706     934.1059
2020.355900     819.3522     154.1170     991.1771
2020.358700     820.2754     152.7756     962.2049
2020.361400     820.1425     153.1588     933.7324
2020.364100     821.3951     153.1025     922.9410
2020.366900     821.1570     155.2084     918.1308
2020.369600     819.7649     155.0445     919.3422
2020.372300     820.5005     154.1268     914.2544
2020.375100     820.4899     154.9338     920.3416
2020.377800     820.2933     156.1626     909.3433
2020.380600     820.4499     153.4245     915.4910
2020.383300     820.2958     152.8556     911.2462
2020.386000     820.7998     153.7979     900.1216
2020.388800     821.3087     155.2173     893.4439
2020.391500     820.9197     153.2892     925.2881
2020.394300     820.0438     154.0903     936.7811
2020.397000     820.3936     153.4769     903.3268
2020.399700     820.5192     155.7221     919.8520
2020.402500     820.4165     155.3359     940.0114
2020.405200     821.1260     153.9638     922.7290
2020.407900     822.1495     155.6747     916.8034
2020.410700     820.8455     155.5334     910.5092
2020.413400     821.8649     154.9289     908.2429
2020.416200     821.5778     153.8898     965.9602
2020.418900     821.0159     154.9121     930.7242
2020.421600     821.5566     154.1713     908.7426
2020.424400     821.2353     155.9532     957.6269
2020.427100     820.9711     155.1097     938.6234
2020.429800     820.2199     155.1511     930.1538
2020.432600     822.6658     153.4334     918.5498
2020.435300     821.6276     154.2849     907.8139
2020.438100     822.3151     154.3017     909.6108
2020.440800     820.9564     153.9273     934.2876
2020.443500     822.0769     153.6201     979.9617
2020.446300     823.2007     154.7155     917.2879
2020.449000     823.3125     155.1353     925.9493
2020.451700     823.0433     153.1292     915.4153
2020.454500     823.4968     153.2112     947.1030
2020.457200     823.2644     153.1055     925.8786
2020.460000     822.8974     154.1140     928.4074
2020.462700     822.9031     154.6908     959.0907
2020.465400     822.7057     152.7469     905.4517
2020.468200     822.6119     153.5500     914.5068
2020.470900     822.4358     153.8275     889.8703
2020.473600     821.6064     152.2244     924.0313
2020.476400     821.9440     155.6500     893.4843
2020.479100     822.5092     155.1778     919.1353
2020.481900     823.7300     153.1183     942.0657
2020.484600     823.7357     155.3042     914.0980
2020.487300     824.2414     153.7653     904.3968
2020.490100     823.8670     153.0482     933.0005
2020.492800     823.6362     152.9632     913.5629
2020.495600     823.5979     154.6810     939.6682
2020.498300     824.2357     155.2875     913.4923
2020.501000     822.9292     154.5298     883.0967
2020.503800     824.5521     153.7693     917.5352
2020.506500     823.6729     154.2454     966.4700
2020.509200     823.1559     155.1976     914.5775
2020.512000     824.8596     155.6707     922.4312
2020.514700     822.8501     155.2460     956.8950
2020.517500     823.2942     155.5194     919.1581
2020.520200     823.8279     155.7784     883.4248
2020.522900     823.9853     153.5608     937.9268
2020.525700     824.4175     153.2655     930.1588
2020.528400     824.0448     152.6264     928.4629
2020.531100     824.7177     154.0676     895.0389
2020.533900     823.3182     151.7671     933.7577
2020.536600     824.4347     153.8157     948.9807
2020.539400     823.8899     153.5273     913.8910
2020.542100     823.7488     152.1592     879.6089
2020.544800     823.3051     153.2714     919.3826
2020.547600     823.9086     152.8852     908.9142
2020.550300     824.3205     153.4137     898.6074
2020.553000     824.8000     152.4852     909.8278
2020.555800     823.4161     154.1989     927.9380
2020.558500     824.1786     153.1065     893.2975
2020.561300     824.3490     154.1733     898.8951
2020.564000     822.9006     154.4380     938.9212
2020.566700     824.3751     153.5263     910.9029
2020.569500     824.9949     152.7509     888.0583
2020.572200     824.7405     152.7104     926.1764
2020.574900     825.0871     152.7825     939.3855
2020.577700     825.2820     150.6469     939.4663
2020.580400     824.9974     152.8477     942.8077
2020.583200     823.9723     153.4166     945.5737
2020.585900     825.7297     153.3830     909.9994
2020.588600     827.1692     151.6288     915.5466
2020.591400     826.4792     150.5284     952.4281
2020.594100     826.9629     151.8747     950.5050
2020.596900     825.4949     151.5241     956.9808
2020.599600     825.0920     152.2935     973.1780
2020.602300     825.0724     153.8848     893.5549
2020.605100     827.1545     150.2716     977.6803
2020.607800     828.0549     150.4415     925.7070
2020.610500     828.8949     150.5995     954.3007
2020.613300     827.1374     151.1319     937.4019
2020.616000     827.7229     150.2054     967.4744
2020.618800     828.2889     150.0484     990.7430
2020.621500     826.8715     148.9480    1000.0000
2020.624200     827.4228     151.1892     917.3283
2020.627000     826.3014     151.4510     930.5424
2020.629700     828.2294     150.3644     915.5112
2020.632400     826.5388     151.2623     923.1328
2020.635200     827.3209     152.3242     918.5245
2020.637900     826.9979     152.0466     937.3514
2020.640700     828.1511     153.6399     907.5817
2020.643400     828.2416     153.3445     955.2344
2020.646100     829.4478     152.1632     889.3858
2020.648900     828.5907     150.8079     930.9513
2020.651600     827.8852     152.3172     931.9305
2020.654300     826.9465     152.7341     907.1022
2020.657100     827.7507     151.8342     902.8624
2020.659800     829.2121     148.1044     898.2844
2020.662600     828.7049     148.0541     933.5961
2020.665300     828.9503     148.3553     907.5313
2020.668000     829.8409     150.6539     892.7474
2020.670800     828.7587     149.1623     894.8875
2020.673500     826.6970     151.5162     915.6122
2020.676200     830.0374     149.4567     885.6456
2020.679000     829.8613     151.3532     915.8292
2020.681700     828.7097     149.4587     934.0605
2020.684500     829.0735     150.5274     932.8744
2020.687200     829.7023     148.4176     935.5444
2020.689900     829.8311     149.9772     950.8684
2020.692700     830.9957     148.2457     905.7445
2020.695400     830.4428     149.6414     922.7189
2020.698200     829.7471     147.7676     911.2108
2020.700900     830.9264     148.0057     856.1738
2020.703600     829.0164     148.7791     908.1622
2020.706400     831.5226     144.6838     944.7610
2020.709100     830.5667     148.5677     921.5732
2020.711800     831.3138     146.5043     924.7985
2020.714600     830.5643     145.6943     920.0741
2020.717300     830.6442     148.4492     931.6327
2020.720100     831.6645     147.6017     939.1634
2020.722800     831.4785     147.7923     872.0227
2020.725500     831.8235     146.0370     903.7507
2020.728300     831.9181     148.7830     931.8497
2020.731000     832.9677     149.1337     945.8311
2020.733700     832.1089     146.8598     933.2226
2020.736500     831.4516     146.6801     899.0011
2020.739200     830.1174     148.5292     895.7506
2020.742000     830.9337     146.6761     901.1160
2020.744700     831.6751     147.2461     908.8284
2020.747400     832.7785     146.5428     941.6922
2020.750200     833.2907     147.7390     914.5623
2020.752900     832.5085     147.6343     934.8883
2020.755600     832.6219     145.8049     917.7775
2020.758400     833.5908     144.5337     942.1111
2020.761100     830.0807     144.0101     946.5932
2020.763900     832.0616     144.6384     898.4358
2020.766600     833.2507     146.7729     907.5868
2020.769300     832.7369     146.1062     912.7251
2020.772100     834.5808     143.6239     904.9773
2020.774800     833.5451     145.4908     901.1967
2020.777500     832.4213     143.1784     899.0314
2020.780300     833.1773     146.1091     879.6140
2020.783000     833.8167     146.1783     867.0560
2020.785800     834.5376     145.3555     860.2167
2020.788500     835.3899     142.2572     824.6253
2020.791200     835.8979     139.7430     779.0845
2020.794000     835.2814     140.6932     752.8177
2020.796700     835.6810     140.3070     776.4094
2020.799500     833.5875     138.6377     730.2759
2020.802200     836.4346     140.6241     752.2726
2020.804900     836.2462     140.6685     781.1842
2020.807700     836.0570     140.5875     757.3402
2020.810400     834.4952     140.1974     825.8388
2020.813100     836.6164     137.5877     832.9506
2020.815900     834.9038     139.9060     756.9213
2020.818600     835.8164     138.2001     746.6447
2020.821400     835.5913     140.4848     716.8902
2020.824100     836.7437     140.1440     744.7015
2020.826800     835.6875     139.8398     774.9456
2020.829600     833.9814     141.8460     749.8599
2020.832300     835.6729     139.3044     751.6619
2020.835000     836.3367     138.2653     781.5577
2020.837800     835.7903     139.3518     760.3081
2020.840500     836.2486     138.8807     770.1203
2020.843300     836.7486     138.6535     810.8227
2020.846000     836.9100     139.0555     779.0744
2020.848700     837.3879     136.3372     813.8410
2020.851500     834.8312     137.6796     798.8048
2020.854200     838.0216     136.2473     781.9413
2020.856900     837.3251     137.6726     775.2636
2020.859700     837.9319     137.1156     770.1455
2020.862400     837.5323     137.3417     764.0432
2020.865200     838.3421     135.3109     768.4597
2020.867900     837.4002     137.6203     770.8976
2020.870600     838.5640     137.0118     731.5126
2020.873400     839.0647     135.9292     784.5458
2020.876100     836.7159     137.2864     750.7584
2020.878900     839.2523     136.3105     769.4136
2020.881600     839.6755     136.6958     776.5961
2020.884300     839.7253     138.1685     797.3562
2020.887100     837.6383     135.7998     832.7133
2020.889800     837.9091     138.2189     785.0304
2020.892500     838.6781     136.3500     795.1101
2020.895300     837.8993     135.3642     835.0503
2020.898000     838.6121     135.0580     811.8120
2020.900800     837.1523     134.7163     806.3658
2020.903500     838.2247     134.1503     794.5750
2020.906200     837.4703     133.6890     793.2778
2020.909000     838.3943     134.9652     771.9273
2020.911700     837.4002     135.2151     802.1361
2020.914400     837.9074     134.5543     810.0100
2020.917200     838.4221     132.4355     806.9967
2020.919900     837.9996     133.8401     816.5111
2020.922700     837.6098     132.8267     796.7808
2020.925400     837.8202     134.9593     796.4678
2020.928100     838.9383     132.8583     773.8049
2020.930900     840.5751     133.0963     810.2119
2020.933600     839.9700     134.5029     803.7058
2020.936300     839.1357     134.5612     788.7856
2020.939100     840.0646     133.3285     802.5550
2020.941800     840.6110     133.0499     806.4264
2020.944600     839.5377     132.6973     814.7546
2020.947300     839.0321     132.9245     816.5061
2020.950000     840.3753     134.2510     826.7473
2020.952800     840.9755     132.7783     831.0578
2020.955500     841.3719     134.9928     818.3484
2020.958200     839.8941     133.6841     805.5683
2020.961000     840.7325     133.5596     822.5276
2020.963700     841.3189     134.5207     779.7609
2020.966500     842.5161     133.3117     776.7526
2020.969200     842.0398     133.3897     792.6419
2020.971900     842.5071     133.4421     813.6290
2020.974700     841.5611     131.8695     795.6956
2020.977400     841.6687     133.2208     778.0801
2020.980200     842.5960     133.0865     779.3924
2020.982900     841.9631     131.7796     810.9236
2020.985600     841.0612     132.1550     793.4394
2020.988400     841.4909     131.4952     804.7456
2020.991100     841.3319     132.7891     769.5953
2020.993800     841.5244     130.6635     783.7988
2020.996600     842.3856     132.6923     814.7445
2020.999300     841.8449     132.4148     812.5792
2021.002100     842.7306     130.3257     815.0575
2021.004800     841.6744     129.8229     810.6208
2021.007500     843.1701     130.9302     817.1622
2021.010300     843.8169     132.8514     770.2061
2021.013000     842.8961     130.6813     815.7490
2021.015700     842.9924     130.7237     804.9273
2021.018500     842.9336     130.2881     818.6815
2021.021200     841.8351     130.1074     833.2787
2021.024000     842.6017     129.0050     837.3519
2021.026700     843.2623     130.8818     803.5090
2021.029400     842.6368     128.6919     816.5212
2021.032200     843.4026     128.5220     835.5046
2021.034900     843.6954     127.8572     796.3164
2021.037600     842.9018     129.2026     808.2434
2021.040400     843.2191     128.7314     804.8465
2021.043100     843.0160     128.4212     802.5096
2021.045900     843.0780     130.7682     745.4081
2021.048600     843.7011     128.7314     783.1477
2021.051300     846.2994     126.5949     837.7658
2021.054100     843.6815     129.0910     832.7941
2021.056800     843.5429     130.5321     787.1806
2021.059500     842.6588     127.5313     784.0613
2021.062300     844.3568     128.5190     786.2417
2021.065000     842.4614     128.3254     789.6134
2021.067800     843.0331     130.5380     752.1363
2021.070500     842.8896     128.2958     820.0796
2021.073200     841.4909     129.2757     797.7145
2021.076000     843.3691     128.2247     796.5839
2021.078700     843.3324     129.8091     774.4661
2021.081500     842.1711     130.3237     774.1532
2021.084200     842.9891     128.7334     779.4732
2021.086900     843.8185     129.4722     772.2957
2021.089700     843.9759     128.5457     811.0044
2021.092400     844.4791     127.7436     786.9030
2021.095100     844.5460     128.7028     775.7582
2021.097900     844.4212     129.1631     781.4921
2021.100600     844.0991     129.2421     746.2561
2021.103400     844.9872     130.7425     748.7495
2021.106100     845.9128     129.1561     783.6474
2021.108800     843.5689     126.9761     817.8638
2021.111600     844.4481     128.0736     784.5963
2021.114300     844.0053     128.3156     780.6290
2021.117000     845.4643     129.4772     762.9984
2021.119800     845.4822     128.6771     742.6270
2021.122500     846.4282     127.6538     776.4346
2021.125300     845.7807     128.3422     787.8115
2021.128000     846.3581     128.0963     779.8921
2021.130700     846.1926     128.7383     783.0114
2021.133500     845.7742     128.3175     774.6529
2021.136200     846.6362     126.4714     812.9022
2021.138900     848.0455     128.3788     766.6577
2021.141700     845.9666     125.6397     764.2249
2021.144400     845.5254     127.7377     745.8775
2021.147200     847.6010     127.0986     770.6856
2021.149900     849.9335     125.8392     765.1486
2021.152600     845.5687     124.7724     788.9371
2021.155400     846.3842     125.0006     776.1318
2021.158100     846.1232     126.9376     738.7657
2021.160800     847.0252     123.8825     788.1093
2021.163600     846.2415     124.8475     754.5742
2021.166300     845.4741     127.3031     735.5959
2021.169100     847.0146     125.9015     734.1726
2021.171800     847.2446     124.8712     781.8505
2021.174500     846.5767     125.8718     761.6356
2021.177300     846.5824     125.6644     755.8260
2021.180000     845.5939     125.1567     753.8878
2021.182800     846.9885     124.6589     761.0652
2021.185500     847.4762     124.6707     772.7651
2021.188200     846.6737     124.4880     761.7920
2021.191000     846.9975     124.8120     744.7772
2021.193700     846.8442     122.7860     725.4607
2021.196400     846.3222     122.5154     789.1894
2021.199200     847.8522     125.4086     758.8595
2021.201900     846.6060     122.4166     775.5816
2021.204700     846.5783     123.9338     795.8369
2021.207400     846.4437     124.3833     760.1415
2021.210100     846.5106     123.9970     752.0959
2021.212900     846.9371     124.0385     747.1697
2021.215600     847.6002     122.5845     771.1348
2021.218300     846.9681     122.3139     782.0070
2021.221100     847.1631     121.3726     792.2633
2021.223800     847.9819     119.9541     777.0807
2021.226600     848.4019     120.1813     775.0466
2021.229300     847.9256     122.9362     754.3319
2021.232000     846.6688     124.5354     734.8388
2021.234800     848.5209     120.7177     791.5971
2021.237500     847.6524     121.9771     796.0640
2021.240200     846.9991     121.9415     797.5076
2021.243000     848.3472     123.5693     771.9777
2021.245700     848.1009     123.2375     773.0326
2021.248500     848.4908     122.9036     731.1340
2021.251200     848.6987     122.0946     805.5178
2021.253900     848.5682     123.2661     773.5374
2021.256700     847.7519     124.1482     780.4523
2021.259400     848.4076     121.6106     756.4973
2021.262100     848.3652     122.7525     768.0862
2021.264900     846.9779     123.3767     722.9673
2021.267600     848.2877     122.6369     748.6132
2021.270400     847.7201     123.1288     753.7767
2021.273100     848.3317     121.6985     756.0077
2021.275800     848.4630     121.9069     753.9786
2021.278600     849.9750     121.5533     764.0533
2021.281300     849.3609     121.1454     817.9547
2021.284100     849.3764     121.0713     772.8509
2021.286800     848.0968     120.6811     792.1119
2021.289500     849.5485     119.5156     791.7990
2021.292300     848.7110     120.9458     790.7895
2021.295000     848.2314     122.5697     827.2874
2021.297700     850.5606     121.4674     807.8397
2021.300500     849.1040     121.5612     776.7829
2021.303200     849.3658     121.0822     780.2858
2021.306000     848.2257     122.8354     714.1343
2021.308700     849.1538     121.7173     762.3624
2021.311400     848.9972     120.5646     784.0108
2021.314200     848.4214     120.0519     775.2686
2021.316900     849.5428     120.3275     782.7742
2021.319600     849.6921     121.6610     768.6515
2021.322400     848.5478     120.0025     806.4970
2021.325100     847.8253     120.7187     808.8289
2021.327900     848.0634     121.7588     774.4863
2021.330600     848.1580     120.0608     772.2755
2021.333300     848.2420     121.3261     784.7174
2021.336100     848.5234     119.4326     791.1933
2021.338800     850.2825     118.3915     778.5646
2021.341500     847.9248     120.0816     817.5812
2021.344300     849.9962     120.9330     788.2405
2021.347000     851.0956     120.2179     820.0645
2021.349800     850.4725     121.0091     816.0114
2021.352500     848.3048     120.3670     841.5110
2021.355200     849.0298     120.7582     816.9502
2021.358000     849.7467     121.2560     797.9265
2021.360700     850.6625     121.2590     783.5717
2021.363400     850.0264     121.8042     792.8539
2021.366200     849.5232     121.0268     766.8142
2021.368900     850.2874     121.3548     797.5177
2021.371700     850.9594     120.9399     796.3366
2021.374400     850.2923     119.5245     800.2584
2021.377100     850.3535     119.7506     781.5931
2021.379900     849.4115     120.6120     763.3063
2021.382600     849.5966     120.6624     806.9765
2021.385400     850.9284     120.1744     799.6881
2021.388100     850.1447     119.3091     810.3836
2021.390800     851.2057     119.8366     790.5977
2021.393600     849.5673     119.4010     820.7964
2021.396300     849.9049     119.2281     813.2707
2021.399000     851.2016     117.8245     829.1145
2021.401800     850.6813     118.9199     815.5975
2021.404500     849.9783     118.5564     774.0825
2021.407300     851.4740     121.1908     813.8007
2021.410000     850.4864     121.1454     774.5822
2021.412700     851.1396     120.3048     766.1631
2021.415500     850.9390     121.0792     786.7566
2021.418200     851.6526     119.9107     792.2986
2021.420900     852.1297     119.1511     817.7679
2021.423700     851.4112     119.6479     820.5743
2021.426400     851.2016     119.2983     822.2500
2021.429200     850.9635     118.8587     806.9564
2021.431900     852.0938     120.4846     808.9400
2021.434600     850.9162     118.9990     813.2909
2021.437400     851.0711     120.2090     802.6004
2021.440100     851.1486     121.5375     809.5356
2021.442800     852.1118     122.0314     787.7560
2021.445600     851.1413     121.4911     806.0983
2021.448300     851.5915     121.6837     797.7297
2021.451100     852.0482     121.8487     789.8506
2021.453800     851.1405     119.9452     804.1803
2021.456500     851.3843     120.8708     800.9651
2021.459300     852.0726     121.5918     793.7473
2021.462000     851.6127     120.8392     820.4784
2021.464800     851.7064     120.5369     809.0107
2021.467500     851.7325     120.5498     793.6917
2021.470200     852.0865     120.0598     777.3835
2021.473000     852.6443     121.1276     785.4291
2021.475700     852.3833     120.1537     784.2581
2021.478400     852.4412     121.7647     756.7042
2021.481200     851.6502     119.8326     791.8090
2021.483900     852.6712     119.4306     780.9167
2021.486700     851.9022     123.0290     812.2511
2021.489400     851.7097     121.2165     796.2962
2021.492100     851.4585     122.0610     794.1763
2021.494900     852.5677     121.4150     797.2855
2021.497600     852.9469     119.6242     817.5711
2021.500300     852.2202     121.6541     836.8724
2021.503100     853.1777     120.2929     802.4389
2021.505800     851.9837     122.5806     785.3887
2021.508600     852.4633     122.1183     808.7684
2021.511300     851.2905     119.9541     803.9128
2021.514000     854.1841     120.5547     827.5953
2021.516800     852.5236     120.1151     828.5139
2021.519500     851.9650     120.1724     835.2926
2021.522200     853.7045     118.9101     838.0232
2021.525000     854.1726     120.0262     788.9522
2021.527700     853.1728     121.5533     814.2145
2021.530500     855.3462     118.4241     810.3432
2021.533200     853.7029     120.2663     809.6769
2021.535900     853.2641     120.7750     794.2470
2021.538700     853.7706     119.3358     793.4949
2021.541400     854.8438     119.6380     840.6176
2021.544100     854.8332     120.3966     833.3291
2021.546900     854.0112     120.0045     825.7681
2021.549600     855.4359     118.8715     800.1827
2021.552400     855.1823     120.7522     830.1997
2021.555100     855.7181     119.8741     807.7034
2021.557800     856.5687     118.4191     786.7313
2021.560600     854.9760     120.2880     814.8657
2021.563300     855.3111     118.8152     830.9215
2021.566100     852.2496     117.6842     803.1506
2021.568800     853.3065     118.4557     866.0314
2021.571500     853.4329     117.7959     853.1806
2021.574300     857.5849     118.6187     799.5266
2021.577000     856.3632     118.3846     790.9056
2021.579700     857.0972     122.8384     809.8334
2021.582500     855.1366     120.1892     794.6558
2021.585200     855.9195     119.1689     796.2861
2021.588000     858.1696     118.8755     808.0163
2021.590700     856.0239     118.9901     826.6110
2021.593400     855.9750     118.0319     829.0388
2021.596200     857.0711     118.9357     793.1315
2021.598900     856.5981     119.9620     792.1775
2021.601600     855.6871     119.6647     776.9343
2021.604400     855.6512     119.8267     855.4772
2021.607100     855.4286     120.0677     769.2269
2021.609900     857.2587     116.8249     783.5918
2021.612600     857.6232     119.0276     786.4134
2021.615300     857.7814     118.2651     793.3889
2021.618100     858.6076     118.1989     807.9759
2021.620800     857.7831     117.2635     807.9658
2021.623500     858.7511     116.4614     794.8123
2021.626300     856.5899     117.3593     810.4744
2021.629000     858.3955     116.0169     819.4437
2021.631800     856.9757     117.6042     790.3958
2021.634500     857.7333     117.0086     809.2529
2021.637200     857.3932     117.0827     814.1489
2021.640000     856.1650     119.1155     728.0399
2021.642700     859.0113     118.5663     785.5603
2021.645400     859.3016     117.5766     817.6367
2021.648200     859.6955     118.1702     802.6459
2021.650900     856.1291     119.1155     818.5402
2021.653700     858.1835     117.0106     813.7098
2021.656400     856.7538     115.5042     834.9796
2021.659100     859.7020     115.9922     835.7620
2021.661900     858.8898     118.0705     789.2904
2021.664600     858.4388     117.5726     810.2372
2021.667400     857.9486     115.4598     798.4817
2021.670100     858.6133     119.0592     805.6794
2021.672800     858.8612     116.9059     804.9172
2021.675600     859.6034     118.6611     776.0157
2021.678300     858.6076     116.5631     811.0851
2021.681000     858.6891     114.8968     815.5622
2021.683800     859.6262     115.7176     811.9937
2021.686500     858.7943     116.8802     789.5175
2021.689300     859.3293     115.8717     815.3956
2021.692000     859.1882     116.1088     808.7633
2021.694700     859.1173     115.8618     825.5864
2021.697500     859.1336     118.7441     796.2457
2021.700200     858.3075     116.6263     762.8671
2021.702900     861.0615     114.9709     793.4040
2021.705700     860.5747     114.1905     787.3471
2021.708400     859.9491     114.1945     821.5838
2021.711200     861.0754     118.0092     799.5770
2021.713900     860.5086     115.3521     799.8698
2021.716600     861.0126     114.5629     804.7052
2021.719400     860.4947     114.4533     816.7484
2021.722100     861.7482     115.8391     815.1685
2021.724800     862.5573     114.8099     819.2923
2021.727600     859.9981     116.4160     770.3121
2021.730300     859.3513     113.1346     766.6224
2021.733100     860.7916     111.4327     797.3915
2021.735800     861.4522     112.3572     833.9550
2021.738500     861.4228     113.2739     793.1920
2021.741300     860.5845     113.0437     784.3237
2021.744000     863.1347     114.6617     833.8238
2021.746700     860.7606     114.3733     775.8188
2021.749500     860.8495     113.4072     788.1295
2021.752200     859.5357     113.5850     778.7110
2021.755000     861.3649     110.7126     806.6434
2021.757700     863.5049     111.5562     796.3517
2021.760400     861.3348     110.3284     799.3499
2021.763200     860.9710     112.1794     775.4806
2021.765900     862.1797     113.8112     790.7895
2021.768700     862.1189     112.4272     799.3813
2021.771400     862.0614     111.1166     803.0850
2021.774100     862.2955     111.6411     784.2228
2021.776900     860.7663     111.6806     742.4503
2021.779600     861.5925     111.0554     758.2891
2021.782300     862.7799     110.3501     801.8130
2021.785100     864.5831     112.7010     786.3074
2021.787800     862.0606     110.8311     743.2781
2021.790600     863.1379     108.7410     796.9473
2021.793300     863.1135     108.7282     796.8918
2021.796000     863.6591     108.7015     739.9418
2021.798800     863.2782     109.0433     785.0960
2021.801500     862.1030     108.7519     802.6004
2021.804200     862.8476     109.5540     779.8214
2021.807000     863.4853     109.8789     769.3884
2021.809700     864.0815     107.7493     794.8425
2021.812500     864.2250     106.7230     809.8435
2021.815200     864.6499     106.3536     796.5385
2021.817900     865.8520     106.9443     794.7668
2021.820700     865.8374     108.2284     795.4230
2021.823400     865.7599     109.6715     801.2578
2021.826100     865.3464     108.4704     788.4475
2021.828900     864.9598     107.4154     765.2596
2021.831600     864.1973     108.3756     766.3246
2021.834400     865.7860     107.0628     801.1114
2021.837100     865.0324     107.2940     781.1590
2021.839800     863.9584     107.8728     772.5733
2021.842600     864.7078     107.5073     781.4770
2021.845300     866.4841     108.1790     755.2960
2021.848000     864.9182     105.9131     743.7172
2021.850800     865.5805     106.0750     768.0862
2021.853500     864.2046     104.1805     807.0624
2021.856300     865.3684     108.1039     792.3087
2021.859000     864.4053     105.8923     821.1699
2021.861700     865.7256     104.6062     847.4720
2021.864500     867.9513     105.8498     817.7932
2021.867200     867.2116     106.3536     838.8813
2021.870000     866.9449     107.4352     808.3696
2021.872700     866.6195     105.9871     791.4456
2021.875400     867.2303     107.0895     787.7560
2021.878200     867.0762     105.9605     802.7266
2021.880900     867.5174     105.5081     834.9695
2021.883600     867.8306     107.7691     806.1033
2021.886400     868.7953     107.1231     781.3256
2021.889100     868.7766     106.6035     792.1068
2021.891900     867.6919     106.2627     829.6294
2021.894600     867.8648     108.4516     805.2251
2021.897300     868.9585     104.8710     815.2190
2021.900100     867.4554     105.6365     820.8368
2021.902800     868.5556     106.1363     786.1610
2021.905500     866.9359     107.8115     762.2968
2021.908300     868.3696     105.3046     785.0657
2021.911000     869.6068     108.1069     767.4351
2021.913800     868.8834     104.6112     798.5171
2021.916500     869.0522     104.7297     849.3850
2021.919200     869.6280     101.5610     820.3724
2021.922000     868.3362     102.9241     818.1515
2021.924700     870.1671     104.8117     774.5115
2021.927400     868.9372     103.5839     800.6471
2021.930200     868.6698     104.7939     767.6420
2021.932900     869.5041     104.9134     767.7581
2021.935700     869.1819     102.2524     791.0216
2021.938400     869.0995     103.1928     771.9575
2021.941100     869.0865     103.1888     779.8820
2021.943900     869.0743     104.7505     810.3936
2021.946600     869.9820     103.5642     828.3069
2021.949300     870.3963     104.2022     811.4334
2021.952100     870.1222     102.1971     823.0526
2021.954800     869.3711     102.2583     814.2903
2021.957600     869.9771     102.2445     827.5953
2021.960300     870.4289     101.9116     816.5465
2021.963000     870.3237     102.3887     822.1037
2021.965800     871.2118     103.3202     807.0371
2021.968500     871.6987     104.1667     799.7587
2021.971300     871.1531     104.4719     813.2656
2021.974000     870.1108     103.2560     812.8164
2021.976700     871.6000     103.6550     803.5948
2021.979500     871.6130     105.8172     799.0168
2021.982200     872.4506     103.2451     862.4527
2021.984900     871.9817      97.9625     805.9014
2021.987700     872.2426     100.4418     776.3034
2021.990400     872.1766     100.9209     806.9412
2021.993200     871.7117     102.4183     815.7490
2021.995900     872.5371     101.6765     811.6656
2021.998600     874.1869     102.8411     801.7777
2022.001400     873.7473     102.3808     810.1160
2022.004100     872.6194     103.2244     803.8421
2022.006800     872.8804     102.5398     803.7563
2022.009600     871.4907     103.3933     789.5125
2022.012300     872.3837     102.1181     781.7899
2022.015100     870.7502     102.1349     821.8412
2022.017800     870.7845     101.9768     795.5542
2022.020500     871.9572     101.4997     817.6165
2022.023300     871.2730     103.9375     792.3340
2022.026000     872.7907     102.7404     777.1110
2022.028700     871.1988     102.3038     791.4860
2022.031500     871.6742     101.9827     821.3970
2022.034200     871.0348     102.0835     786.7162
2022.037000     871.1041     103.9612     787.0897
2022.039700     871.6179     102.7404     773.1942
2022.042400     873.0549     102.3087     772.6591
2022.045200     872.5803     103.4160     761.7163
2022.047900     874.0156     104.0956     733.0823
2022.050700     871.1971     106.4069     731.3309
2022.053400     871.1563     102.7404     741.0926
2022.056100     870.6580     104.1450     750.6423
2022.058900     872.3242     104.6132     725.1780
2022.061600     872.4441     104.4739     736.8982
2022.064300     871.9906     103.4753     755.9320
2022.067100     871.7289     103.0416     759.5056
2022.069800     872.5583     102.8055     751.6164
2022.072600     872.8005     103.4644     738.4376
2022.075300     873.7636     102.9221     743.9444
2022.078000     873.1365     102.4766     769.8982
2022.080800     873.2670     100.1307     775.4453
2022.083500     874.3998     102.2080     781.0429
2022.086200     872.9236     102.5981     760.9895
2022.089000     872.1758     102.0568     789.4469
2022.091700     872.7059     100.7609     797.2704
2022.094500     873.6095     101.1678     781.0429
2022.097200     874.6673     100.9140     799.1127
2022.099900     875.9281     100.7569     796.5334
2022.102700     875.0742      99.9420     770.3070
2022.105400     873.3469     100.9100     738.8969
2022.108100     874.2456     100.2917     755.1900
2022.110900     873.7930      99.9805     750.8290
2022.113600     873.3550     100.5702     742.3746
2022.116400     874.2619     101.5363     727.7472
2022.119100     873.5165     101.6104     746.6346
2022.121800     873.4684     101.0236     766.8950
2022.124600     873.7954     100.3855     766.6174
2022.127300     874.0915     100.3480     768.1013
2022.130000     872.8046     100.9298     767.1877
2022.132800     874.9633      99.1716     712.4232
2022.135500     874.8646     100.0951     757.3806
2022.138300     875.1843     101.3407     742.3191
2022.141000     874.3019      99.6457     771.8162
2022.143700     873.9773      97.5971     765.2849
2022.146500     874.1535      97.9457     792.5964
2022.149200     873.9243      96.7920     806.4415
2022.152000     873.0623      97.1457     806.6434
2022.154700     874.4911      96.7910     796.5334
2022.157400     874.4658      97.3106     775.4756
2022.160200     874.6281      97.7897     798.1991
2022.162900     874.0695      96.7387     791.8242
2022.165600     874.6167      97.0449     810.3078
2022.168400     875.5228      98.2233     774.2794
2022.171100     875.1452      96.1490     779.4025
2022.173900     874.7186      98.1719     796.7707
2022.176600     874.8654      97.1941     773.8958
2022.179300     875.1395      96.4710     769.4843
2022.182100     875.4665      95.5563     764.7448
2022.184800     875.6875      97.2099     745.1810
2022.187500     876.2625      96.9995     758.3446
2022.190300     874.1959      99.7820     773.0276
2022.193000     874.0466      95.3934     790.0525
2022.195800     874.8459      95.9386     754.4884
2022.198500     875.3964      95.3825     764.6186
2022.201200     874.3614      95.8803     781.0328
2022.204000     874.8124      96.3673     752.3836
2022.206700     874.5148      95.5257     774.6932
2022.209400     876.2258      94.1992     804.2156
2022.212200     876.1654      95.3706     783.2385
2022.214900     876.7869      95.6403     769.9234
2022.217700     876.0047      94.2713     770.6149
2022.220400     875.7030      94.2179     765.3858
2022.223100     876.4933      95.0506     760.7018
2022.225900     876.0749      95.4210     773.7494
2022.228600     875.8669      93.7705     780.0940
2022.231300     874.2260      94.7780     798.7341
2022.234100     874.8858      94.3493     766.0167
2022.236800     876.5552      94.2485     736.1310
2022.239600     876.7444      92.3827     771.5537
2022.242300     875.7209      94.2476     736.7972
2022.245000     876.2404      95.0249     742.6623
2022.247800     875.0285      95.3183     736.3328
2022.250500     876.0716      93.3694     744.4945
2022.253300     876.4786      94.3453     737.5846
2022.256000     876.5822      93.2736     753.2417
2022.258700     877.7639      92.4419     772.6339
2022.261500     876.5251      93.0958     746.3621
2022.264200     876.2478      93.9591     751.5609
2022.266900     877.2158      92.9328     782.6177
2022.269700     876.9606      94.1587     798.9865
2022.272400     877.8870      93.6509     785.4745
2022.275200     875.4738      94.9064     767.4250
2022.277900     876.0194      96.5807     785.2020
2022.280600     875.5717      94.8234     761.0046
2022.283400     877.0911      94.6002     782.2795
2022.286100     876.1891      95.4447     812.3773
2022.288800     878.0355      94.5330     777.0151
2022.291600     877.0103      95.1405     788.2910
2022.294300     875.8017      94.0125     783.2739
2022.297100     877.7321      92.8963     781.2498
2022.299800     876.8970      93.1126     797.5429
2022.302500     876.7151      92.4795     831.0477
2022.305300     877.1384      93.2104     826.2123
2022.308000     876.4174      93.0089     792.4299
2022.310700     876.8056      93.6618     785.3181
2022.313500     876.6286      92.4330     805.9418
2022.316200     875.3050      93.6648     860.2268
2022.319000     875.2903      91.9895     796.7303
2022.321700     876.7192      93.8139     803.8673
2022.324400     875.5823      95.3736     788.7755
2022.327200     876.9100      92.6405     832.3954
2022.329900     876.9206      92.6869     804.4781
2022.332600     875.6149      92.9417     813.1445
2022.335400     875.7797      90.2017     799.8042
2022.338100     876.9752      89.9498     802.7720
2022.340900     876.6417      91.0472     788.6241
2022.343600     877.4328      93.5462     791.5163
2022.346300     876.1426      92.4459     785.0859
2022.349100     875.8759      91.6458     809.2529
2022.351800     877.9058      91.0225     807.4510
2022.354600     878.0934      93.4109     801.0054
2022.357300     877.5600      93.7231     784.9950
2022.360000     877.3349      92.6029     827.9082
2022.362800     878.4000      93.5028     832.6023
2022.365500     877.3773      93.0543     883.4652
2022.368200     877.7802      92.4399     814.7243
2022.371000     878.2083      92.9546     772.7348
2022.373700     878.3935      93.9186     789.1592
2022.376500     878.5615      93.3112     818.1616
2022.379200     877.5478      92.9931     781.1136
2022.381900     877.5168      91.9115     808.4554
2022.384700     877.4931      93.6401     776.1671
2022.387400     876.8855      92.0448     825.3189
2022.390100     878.1716      93.7764     793.4343
2022.392900     877.3830      91.9362     779.5842
2022.395600     877.3496      93.7112     820.1251
2022.398400     877.4809      91.9066     815.7237
2022.401100     878.3299      92.7313     782.5268
2022.403800     877.2599      93.0484     822.8860
2022.406600     878.9513      93.3378     802.5348
2022.409300     876.6335      91.8196     829.9373
2022.412000     876.6319      94.2406     834.2074
2022.414800     877.6693      93.5808     794.4690
2022.417500     877.6734      92.8736     777.9337
2022.420300     877.3667      93.9186     765.0880
2022.423000     878.5223      92.3757     794.4741
2022.425700     877.4132      92.0330     784.6114
2022.428500     877.4744      92.1466     786.6506
2022.431200     876.1230      91.6537     808.7028
2022.433900     877.9033      92.5328     792.7327
2022.436700     877.8805      92.7649     793.4040
2022.439400     878.0069      92.9309     767.2937
2022.442200     877.6481      93.5907     782.0928
2022.444900     878.4416      92.4360     771.9474
2022.447600     878.1594      94.9420     782.2290
2022.450400     877.9515      93.7053     795.4129
2022.453100     879.8998      94.3216     822.4267
2022.455900     880.4902      91.8196     810.8429
2022.458600     878.8102      91.2240     828.0041
2022.461300     878.5965      91.6586     821.5484
2022.464100     879.5165      92.0755     803.3222
2022.466800     880.5457      93.4959     801.4698
2022.469500     879.6625      92.7215     791.6930
2022.472300     879.1014      92.5042     844.2063
2022.475000     880.3924      95.2887     766.3145
2022.477800     877.6195      92.9862     837.5185
2022.480500     879.3632      91.4996     820.7560
2022.483200     881.2104      94.6565     849.5616
2022.486000     880.9363      92.4804     840.7135
2022.488700     880.7724      91.2329     850.3743
2022.491400     881.1215      94.1458     867.4345
2022.494200     880.0727      92.0626     840.7791
2022.496900     881.2324      91.5440     834.3941
2022.499700     881.0171      92.3777     826.7776
2022.502400     879.7962      94.9597     811.2568
2022.505100     880.3010      92.8469     818.2929
2022.507900     881.3254      94.8817     817.3389
2022.510600     880.8556      93.0968     821.3264
2022.513300     880.6460      92.7007     842.4801
2022.516100     881.5553      92.5456     811.0801
2022.518800     880.6330      93.7556     846.7603
2022.521600     880.7879      93.8120     840.2340
2022.524300     880.0164      93.8376     790.5421
2022.527000     881.0122      92.3669     806.6030
2022.529800     880.2725      93.5532     842.2227
2022.532500     880.8393      95.8309     793.9290
2022.535200     880.9592      92.9803     816.3748
2022.538000     879.8794      92.6484     820.7106
2022.540700     879.9324      93.9305     814.6688
2022.543500     880.2178      92.0656     810.2170
2022.546200     884.7759      90.4377     803.6452
2022.548900     880.7724      94.1754     826.8886
2022.551700     881.3890      92.4676     816.7786
2022.554400     882.4223      94.2841     770.8269
2022.557200     882.2437      90.6165     829.4174
2022.559900     881.5317      90.8546     826.5807
2022.562600     881.9093      92.8153     791.6223
2022.565400     882.4826      91.1647     818.2777
2022.568100     882.7575      91.1618     803.5443
2022.570800     883.4009      90.4476     759.6974
2022.573600     882.2102      91.4058     787.3219
2022.576300     883.0453      91.3643     796.2053
2022.579100     882.3268      92.3659     790.5825
2022.581800     884.0917      90.0298     824.5769
2022.584500     882.5079      90.9553     777.2170
2022.587300     882.6580      92.2888     795.2009
2022.590000     881.9574      93.9028     778.8826
2022.592700     884.1300      92.5526     822.3258
2022.595500     883.7051      91.8987     799.1682
2022.598200     884.8705      89.4480     839.2346
2022.601000     882.8308      88.8129     870.6094
2022.603700     884.5198      89.4599     776.7526
2022.606400     884.2107      93.3526     771.6951
2022.609200     884.5875      88.6696     810.9438
2022.611900     884.0289      88.1945     856.2242
2022.614600     882.8121      92.1940     785.1767
2022.617400     883.6130      91.6478     831.9714
2022.620100     885.7065      90.5997     767.8187
2022.622900     882.5609      90.6017     829.4578
2022.625600     883.6700      89.9360     821.1800
2022.628300     883.2345      89.6485     787.4329
2022.631100     884.3771      89.8135     859.2729
2022.633800     883.8201      89.1833     816.9654
2022.636600     884.4228      89.7917     804.3620
2022.639300     884.7882      91.6675     824.6980
2022.642000     885.5499      91.3959     768.5001
2022.644800     884.3633      90.2511     778.4536
2022.647500     884.1724      91.4789     790.4513
2022.650200     885.1780      88.5383     823.3706
2022.653000     886.4690      89.4322     749.8852
2022.655700     884.5435      89.2001     790.0273
2022.658500     884.8656      90.4032     799.9001
2022.661200     885.1690      88.4928     820.4885
2022.663900     883.4278      89.6791     796.7656
2022.666700     886.0686      87.4340     801.0559
2022.669400     884.5582      90.1276     801.9291
2022.672100     884.2964      87.1920     812.7558
2022.674900     885.6779      88.4849     819.2973
2022.677600     885.3484      90.7835     796.6495
2022.680400     883.6513      86.2832     853.7308
2022.683100     884.8061      89.6070     787.5743
2022.685800     886.7267      87.3243     810.5602
2022.688600     885.8957      90.3607     793.2072
2022.691300     886.4608      87.6315     831.2900
2022.694000     887.1891      88.5274     823.7592
2022.696800     886.6753      87.2779     815.1937
2022.699500     888.5633      87.7214     816.5919
2022.702300     887.8970      88.3111     810.4895
2022.705000     887.6956      88.3871     807.9356
2022.707700     887.4305      88.3052     777.6510
2022.710500     888.9735      86.8048     818.1970
2022.713200     887.7266      87.3273     772.6238
2022.715900     886.9151      86.5618     874.7281
2022.718700     887.2992      88.7151     778.6201
2022.721400     886.6378      86.5084     781.4416
2022.724200     886.3801      87.9427     800.0262
2022.726900     888.1033      85.4456     798.7442
2022.729600     888.2126      84.7887     799.2489
2022.732400     887.3791      87.7797     784.9849
2022.735100     887.1157      84.7137     802.3481
2022.737900     887.3604      85.8259     756.5377
2022.740600     888.7346      86.1943     807.1027
2022.743300     888.2444      86.9974     770.0345
2022.746100     887.0007      84.6969     793.6362
2022.748800     887.0333      86.1983     777.4643
2022.751500     888.3333      86.6388     768.2376
2022.754300     889.4131      86.0116     778.8170
2022.757000     887.3335      84.6159     781.5678
2022.759800     887.5455      86.2743     763.0135
2022.762500     890.4660      88.7724     747.3716
2022.765200     889.3862      86.7050     801.5203
2022.768000     889.5118      85.3221     763.8161
2022.770700     887.8579      84.6089     788.3213
2022.773400     889.8021      85.3043     859.4243
2022.776200     888.8651      86.5469     798.0779
2022.778900     890.0060      84.7561     758.0620
2022.781700     890.2474      84.0696     784.5912
2022.784400     890.4162      85.2401     756.1591
2022.787100     890.0036      82.9544     788.2759
2022.789900     888.7264      81.4688     794.9233
2022.792600     888.9287      83.9155     805.6541
2022.795300     889.7573      85.3527     828.3927
2022.798100     889.4490      85.3182     797.9215
2022.800800     890.4668      84.9863     800.0616
2022.803600     890.5687      84.5359     772.0282
2022.806300     890.5663      85.5938     788.0941
2022.809000     891.3451      84.9211     769.5146
2022.811800     890.5214      84.8579     751.4398
2022.814500     891.9902      83.6617     762.0848
2022.817200     892.8376      82.0092     770.4029
2022.820000     891.0964      81.9924     789.2752
2022.822700     890.3869      84.6732     797.6943
2022.825500     890.0174      82.9930     766.7335
2022.828200     891.2807      82.7095     739.5380
2022.830900     892.0457      81.6743     749.7489
2022.833700     892.3425      82.8646     808.4807
2022.836400     892.7234      83.5432     784.9496
2022.839200     892.3898      83.8879     778.9028
2022.841900     891.9299      83.0967     783.0114
2022.844600     891.9136      82.9110     797.4773
2022.847400     892.7699      82.7836     805.5229
2022.850100     892.5179      82.7687     801.1165
2022.852800     892.1574      83.6459     763.8413
2022.855600     892.2716      82.1336     830.6994
2022.858300     893.1458      83.8168     760.6059
2022.861100     893.4745      81.3958     793.1466
2022.863800     893.5177      82.5208     777.4138
2022.866500     891.4683      83.4503     783.1881
2022.869300     892.5334      82.2828     800.1625
2022.872000     892.4828      82.1425     828.0647
2022.874700     893.5650      81.8620     813.2454
2022.877500     893.8937      82.8260     770.6301
2022.880200     893.2869      82.4961     801.8080
2022.883000     893.8790      80.8821     779.8265
2022.885700     895.8404      81.0471     800.4856
2022.888400     893.7583      83.0058     777.2775
2022.891200     895.8616      81.6407     780.3312
2022.893900     896.2653      79.6899     814.5931
2022.896600     895.3217      80.0682     779.4075
2022.899400     894.0519      79.9516     793.3384
2022.902100     893.3563      81.2476     807.5570
2022.904900     895.1333      80.8248     784.0915
2022.907600     896.9047      80.4406     795.7208
2022.910300     893.7379      81.1646     805.6289
2022.913100     895.3013      80.1650     821.3314
2022.915800     895.9929      79.8262     816.2588
2022.918500     897.4250      80.3003     804.7860
2022.921300     897.0278      80.3240     799.0269
2022.924000     896.8174      79.2079     805.4219
2022.926800     895.9472      79.6030     827.7618
2022.929500     896.3550      77.7865     821.8160
2022.932200     896.3379      77.7756     838.1141
2022.935000     896.7783      80.6905     807.8245
2022.937700     896.8509      79.0627     806.4567
2022.940500     896.2213      80.0139     783.2638
2022.943200     896.8288      78.8137     792.1674
2022.945900     897.8075      77.5504     802.1865
2022.948700     896.0198      78.7960     837.4630
2022.951400     897.8287      79.4716     804.1904
2022.954100     898.9786      83.1293     794.5347
2022.956900     898.0522      80.1087     834.7121
2022.959600     896.5997      81.0589     820.8317
2022.962400     897.3182      79.8904     845.8114
2022.965100     897.2774      80.1334     843.9287
2022.967800     896.7563      79.6741     868.7671
2022.970600     897.2937      80.5374     844.1962
2022.973300     896.1789      80.6490     845.6499
2022.976000     895.4938      80.1709     832.7537
2022.978800     895.3861      81.2594     817.2935
2022.981500     894.6399      80.6915     775.6119
2022.984300     896.0573      80.8851     778.7817
2022.987000     895.8763      78.3327     790.3049
2022.989700     896.5630      78.6488     797.6893
2022.992500     896.2971      78.2744     781.5476
2022.995200     897.1233      77.4417     765.1839
2022.997900     896.1952      80.0968     765.1031
2023.000700     897.4870      79.4400     791.4406
2023.003400     896.9349      77.7450     781.6536
2023.006200     898.9052      79.7521     830.1190
2023.008900     898.6760      77.7153     837.3822
2023.011600     897.7700      78.8760     821.4122
2023.014400     897.5620      78.8453     806.6687
2023.017100     898.3735      76.6011     707.2698
2023.019800     896.1112      78.5895     770.2969
2023.022600     897.8287      77.5524     802.0654
2023.025300     898.2936      79.0044     788.9068
2023.028100     896.7310      78.1292     785.7824
2023.030800     898.1052      76.6011     803.4534
2023.033500     896.8590      78.2043     816.8947
2023.036300     896.9797      76.6495     788.2456
2023.039000     897.7308      79.2306     779.4883
2023.041800     898.1076      77.5810     770.0092
2023.044500     897.4805      77.4309     765.2293
2023.047200     897.3655      76.6318     762.6551
2023.050000     897.3369      76.6495     782.4360
2023.052700     896.8093      77.8299     778.7665
2023.055400     897.3932      79.4350     713.9425
2023.058200     897.7716      76.2455     783.0568
2023.060900     898.3025      78.2724     768.8736
2023.063700     897.7031      79.7274     822.2955
2023.066400     899.4957      80.2173     765.3555
2023.069100     898.5064      80.4435     815.4764
2023.071900     900.0103      79.4449     827.1006
2023.074600     902.4797      77.8270     845.3117
2023.077300     902.1919      75.5768     856.8501
2023.080100     899.7787      75.9463     822.7548
2023.082800     898.7250      74.9447     782.2290
2023.085600     899.7615      75.2805     768.5001
2023.088300     899.4378      76.5616     774.1279
2023.091000     899.4688      75.9887     767.8489
2023.093800     899.0414      74.0389     742.1929
2023.096500     899.9450      74.0171     751.9243
2023.099200     898.9166      74.1752     756.9162
2023.102000     899.0569      73.6951     751.0259
2023.104700     897.4943      75.8850     753.0045
2023.107500     898.2968      74.1080     761.3731
2023.110200     899.2314      74.5555     776.5759
2023.112900     899.8716      73.6695     777.0605
2023.115700     898.8204      74.7125     733.5315
2023.118400     898.3694      72.8111     754.5793
2023.121100     900.5094      73.0610     785.9086
2023.123900     899.4492      74.0922     744.2573
2023.126600     899.4394      73.7900     757.1989
2023.129400     899.1670      72.9227     769.5550
2023.132100     898.6907      70.1471     775.3393
2023.134800     900.2973      71.7868     773.7039
2023.137600     899.0479      74.4972     748.0681
2023.140300     899.0023      75.2538     740.4314
2023.143100     899.0561      72.5948     768.3587
2023.145800     900.0176      72.6945     771.6042
2023.148500     898.3580      71.4737     732.3353
2023.151300     898.5276      71.7038     734.5360
2023.154000     899.5087      70.2212     763.4779
2023.156700     899.9507      69.5169     798.5070
2023.159500     899.1564      69.4833     813.3262
2023.162200     899.7819      71.6653     779.5539
2023.165000     898.7397      70.3338     769.5196
2023.167700     899.9304      69.7283     756.7900
2023.170400     898.2699      69.9732     766.1429
2023.173200     900.5363      70.4395     807.2592
2023.175900     900.5102      69.6512     792.1220
2023.178600     900.4760      69.1475     811.6908
2023.181400     899.0390      70.4118     814.4164
2023.184100     898.1981      73.7682     757.4815
2023.186900     899.3546      71.5359     771.0187
2023.189600     899.5177      71.1961     775.5917
2023.192300     899.8260      72.2629     797.5984
2023.195100     900.0951      71.3433     784.6720
2023.197800     899.3693      69.6018     777.5400
2023.200500     900.2933      71.4085     764.1038
2023.203300     898.6287      72.9741     801.7070
2023.206000     899.4794      70.1412     791.4002
2023.208800     899.6857      70.1342     826.0659
2023.211500     900.9490      70.4454     795.2968
2023.214200     900.8120      70.9699     768.1669
2023.217000     900.2761      70.8938     784.0259
2023.219700     902.0345      73.3425     773.1336
2023.222500     899.8667      70.4247     802.4440
2023.225200     898.8489      68.8571     773.8251
2023.227900     900.7695      70.4632     774.7589
2023.230700     899.8692      70.6992     783.4657
2023.233400     900.0135      70.0098     782.5470
2023.236100     900.1636      70.9077     766.8899
2023.238900     901.0419      69.1040     775.2434
2023.241600     900.8299      69.5930     804.2509
2023.244400     900.2280      70.7753     788.3415
2023.247100     899.7844      69.8438     776.3337
2023.249800     900.2655      69.9011     760.3535
2023.252600     899.8578      70.0118     752.2120
2023.255300     900.7165      69.8606     801.4749
2023.258000     900.3561      69.7303     787.3168
2023.260800     898.3229      67.4702     847.0833
2023.263500     900.0926      70.1036     802.8427
2023.266300     900.6815      69.5416     800.8490
2023.269000     900.7434      68.4916     822.5226
2023.271700     901.5973      67.8604     813.0385
2023.274500     900.5298      67.6500     812.0442
2023.277200     900.4115      67.9296     798.1991
2023.279900     900.5526      69.3203     781.7748
2023.282700     900.6823      67.7024     815.0322
2023.285400     900.4180      69.6255     841.4353
2023.288200     899.8741      69.6028     803.9582
2023.290900     901.4310      69.0428     790.1081
2023.293600     901.6169      69.9120     810.3280
2023.296400     902.2710      69.9979     800.0313
2023.299100     901.8183      70.1194     816.9351
2023.301800     900.8960      71.0578     802.2370
2023.304600     900.5339      71.2810     820.7510
2023.307300     900.3373      71.1507     809.8637
2023.310100     901.6096      70.2212     804.7708
2023.312800     901.3494      68.6319     818.4443
2023.315500     901.1178      69.1494     799.5922
2023.318300     900.9800      68.6990     790.3201
2023.321000     900.8772      71.4964     786.9332
2023.323800     901.3135      70.3091     805.8863
2023.326500     901.2010      67.2628     853.6601
2023.329200     900.4091      70.6489     782.6934
2023.332000     902.7489      69.7263     769.4742
2023.334700     902.3281      69.6433     804.2812
2023.337400     902.1225      70.2113     802.0957
2023.340200     902.4112      71.8006     795.1807
2023.342900     901.9276      71.0548     822.6084
2023.345700     902.6926      69.9693     787.2563
2023.348400     901.3804      69.0902     802.1916
2023.351100     902.6265      69.5001     785.6865
2023.353900     900.6056      70.2953     745.0800
2023.356600     902.4169      69.9150     780.8107
2023.359300     902.7081      69.2937     806.6333
2023.362100     902.1682      69.9416     769.0603
2023.364800     902.3109      68.7385     815.0373
2023.367600     902.2188      70.3358     760.6715
2023.370300     902.0548      69.0941     794.3227
2023.373000     903.2186      67.1828     804.4225
2023.375800     901.9513      70.4810     798.5423
2023.378500     901.0623      70.4167     795.7460
2023.381200     902.2212      68.3968     844.1306
2023.384000     902.5482      69.3984     856.8703
2023.386700     902.6869      68.3968     825.4047
2023.389500     902.8981      67.5325     810.1615
2023.392200     902.6208      68.2901     814.4568
2023.394900     902.1788      67.2766     802.7619
2023.397700     903.1085      67.9454     785.4140
2023.400400     901.5990      69.8853     795.2514
2023.403100     901.2662      69.9881     797.3612
2023.405900     901.7653      69.7569     805.8863
2023.408600     900.8699      70.8237     786.1862
2023.411400     902.0557      69.5347     806.6888
2023.414100     902.6641      69.0072     828.6754
2023.416800     901.3323      70.3180     875.4953
2023.419600     900.7239      69.1593     854.6141
2023.422300     901.3959      67.6737     851.6412
2023.425100     902.3656      67.9552     815.7288
2023.427800     901.0395      67.9325     810.3634
2023.430500     902.8851      68.2476     826.9795
2023.433300     902.1242      67.7942     790.8450
2023.436000     902.1633      69.4359     833.2585
2023.438700     902.5026      68.7593     784.8587
2023.441500     902.9552      68.6447     828.8924
2023.444200     903.4625      66.7284     827.1965
2023.447000     902.6738      66.9122     813.1344
2023.449700     902.3876      65.7525     841.3848
2023.452400     903.2561      69.9140     843.7521
2023.455200     902.6893      68.9213     824.1681
2023.457900     904.0994      70.4543     832.9102
2023.460600     900.2500      69.7866     772.1746
2023.463400     903.2276      70.2953     792.4551
2023.466100     903.2162      68.2595     822.4065
2023.468900     903.0066      69.7589     808.0920
2023.471600     902.4259      69.2848     822.0885
2023.474300     904.5953      67.1058     791.7182
2023.477100     903.5489      67.7893     796.5587
2023.479800     902.9332      68.2585     816.3244
2023.482500     901.4416      68.5400     785.6411
2023.485300     904.8424      68.9805     775.3444
2023.488000     905.2281      68.1558     836.2011
2023.490800     906.1399      69.3016     837.0238
2023.493500     902.9495      69.0171     861.9076
2023.496200     903.5187      69.6779     823.0122
2023.499000     903.6068      66.4657     781.3356
2023.501700     904.5072      68.8916     810.0807
2023.504400     904.7682      70.1461     791.1731
2023.507200     904.3057      68.2753     806.0579
2023.509900     906.4604      67.1364     901.8125
2023.512700     906.2802      65.6676     836.2112
2023.515400     903.1583      70.7368     835.4238
2023.518100     905.3472      69.2117     849.4455
2023.520900     906.5322      68.3177     821.8513
2023.523600     905.2216      68.8551     828.4887
2023.526400     903.2896      69.8350     796.2356
2023.529100     906.2745      67.5996     846.3060
2023.531800     905.4924      66.7126     801.1670
2023.534600     907.0394      68.2565     830.2603
2023.537300     904.1573      68.0955     825.5511
2023.540000     905.9311      67.9622     808.4554
2023.542800     906.0950      68.1716     793.8583
2023.545500     905.6343      66.9615     862.2559
2023.548300     906.4449      67.4841     789.5377
2023.551000     905.7974      69.6878     776.9949
2023.553700     905.5576      68.9321     799.0975
2023.556500     906.4351      68.9114     825.1069
2023.559200     906.3544      67.1542     841.2082
2023.561900     908.9976      66.2691     824.7334
2023.564700     906.2361      67.0949     851.0860
2023.567400     906.6252      71.4480     794.4337
2023.570200     906.2427      69.5683     794.6861
2023.572900     906.1326      69.9357     831.8149
2023.575600     906.2508      68.9825     804.1702
2023.578400     905.9205      69.1840     883.3188
2023.581100     903.7096      67.9493     810.0353
2023.583800     906.7785      67.1937     830.0937
2023.586600     906.3650      68.8827     838.6693
2023.589300     908.8133      69.2295     825.4804
2023.592100     906.6749      68.7632     815.3300
2023.594800     908.1445      68.8561     785.3635
2023.597500     907.9202      68.3158     796.0893
2023.600300     908.1779      66.1239     849.5566
2023.603000     909.3091      68.6170     864.3607
2023.605700     908.5555      67.2924     812.4328
2023.608500     908.4887      68.0866     838.7400
2023.611200     907.0427      73.9944     845.9325
2023.614000     907.4586      66.7907     821.9472
2023.616700     907.8501      68.5756     822.9567
2023.619400     907.5010      64.1049     857.2892
2023.622200     908.4185      67.0080     856.1536
2023.624900     911.2705      69.2314     764.6337
2023.627700     908.6754      68.3326     842.8486
2023.630400     910.2674      66.8796     841.1779
2023.633100     909.6606      66.8410     829.8464
2023.635900     908.9560      67.0099     843.4240
2023.638600     908.3239      66.3472     821.5434
2023.641300     908.6681      65.5382     844.6303
2023.644100     910.0211      65.7288     844.2063
2023.646800     907.8297      66.7057     803.2415
2023.649600     909.7283      67.0524     786.8878
2023.652300     910.0162      66.5901     793.6110
2023.655000     908.4397      68.7198     822.8557
2023.657800     910.3473      66.2820     806.3406
2023.660500     909.8751      65.8918     767.2281
2023.663200     908.2285      65.6923     815.7439
2023.666000     909.8881      67.5019     730.2103
2023.668700     908.6314      64.0220     798.7543
2023.671500     909.7364      65.7110     814.1085
2023.674200     909.4314      64.5810     787.8418
2023.676900     910.4076      65.3871     822.1188
2023.679700     909.1346      67.1334     841.9148
2023.682400     910.0839      66.0489     797.6641
2023.685100     910.2674      67.4821     779.2763
2023.687900     910.6107      65.0878     800.4401
2023.690600     909.5530      66.1061     815.1534
2023.693400     910.1092      65.8128     810.1867
2023.696100     910.6825      65.1806     806.2346
2023.698800     909.2398      65.1846     788.5232
2023.701600     909.6451      65.6883     818.5755
2023.704300     912.7434      65.3999     828.2817
2023.707000     909.4698      68.1686     757.5724
2023.709800     910.1907      64.8705     792.6923
2023.712500     913.6886      62.2321     830.8963
2023.715300     912.8477      67.4268     789.8557
2023.718000     911.1824      66.5111     763.9220
2023.720700     911.4964      66.6109     773.2446
2023.723500     911.3398      64.8408     784.6972
2023.726200     911.7623      64.2452     750.5767
2023.729000     911.4874      62.6114     768.3840
2023.731700     909.3597      63.3523     817.1269
2023.734400     912.3176      66.0005     756.9415
2023.737200     913.3893      64.5504     773.7494
2023.739900     911.7288      63.2950     741.5216
2023.742600     911.0633      65.0937     759.7630
2023.745400     913.3787      62.6529     799.8092
2023.748100     910.2038      60.8167     793.1315
2023.750900     910.4598      62.9127     761.5851
2023.753600     913.9447      60.7446     783.8846
2023.756300     913.7767      61.0211     802.3228
2023.759100     911.2607      60.9727     825.2230
2023.761800     910.5854      61.7965     826.5757
2023.764500     911.6571      63.0431     767.8136
2023.767300     912.7964      60.3198     759.2380
2023.770000     913.3159      61.3096     751.3136
2023.772800     912.4775      62.1768     769.5095
2023.775500     913.4039      60.7831     763.5839
2023.778200     914.3027      61.2039     804.2863
2023.781000     913.9642      60.8858     788.6696
2023.783700     913.4317      59.5227     782.5672
2023.786400     913.0973      61.3955     792.1573
2023.789200     913.5034      60.3011     794.6356
2023.791900     913.0737      59.7035     795.3019
2023.794700     914.7390      59.4773     759.2330
2023.797400     914.6362      59.2343     789.8305
2023.800100     914.1037      59.3982     785.1465
2023.802900     915.1435      59.0584     799.1631
2023.805600     913.9577      57.8899     784.7427
2023.808400     915.4852      59.1701     749.6833
2023.811100     914.4038      59.3696     799.1379
2023.813800     915.6491      60.5421     807.1532
2023.816600     915.3613      58.8066     797.6136
2023.819300     914.1901      58.9518     783.7483
2023.822000     915.4338      60.2309     791.7485
2023.824800     915.4624      57.9265     774.1582
2023.827500     915.6230      59.0940     760.3636
2023.830300     916.5438      57.2844     784.4297
2023.833000     916.3326      58.7187     825.5914
2023.835700     914.8230      57.1975     783.3647
2023.838500     912.8690      59.4595     787.7963
2023.841200     916.1613      58.6584     738.8767
2023.843900     916.9263      57.3753     775.4655
2023.846700     914.8287      58.9290     790.4715
2023.849400     914.7015      58.7275     797.3158
2023.852200     915.7462      61.0508     764.6842
2023.854900     917.3479      54.5177     835.4894
2023.857600     916.0716      58.5873     802.7115
2023.860400     915.8310      58.6643     765.3908
2023.863100     917.4083      57.4494     775.5311
2023.865800     917.6643      58.8135     788.3768
2023.868600     916.3097      57.4385     747.4220
2023.871300     918.1292      55.6062     763.8564
2023.874100     917.6774      56.0319     790.2494
2023.876800     916.4916      57.1372     794.6911
2023.879500     916.3856      53.9823     868.5955
2023.882300     917.8992      57.2054     800.6117
2023.885000     917.5412      57.7161     808.5160
2023.887700     918.6308      55.9628     839.1740
2023.890500     918.2303      53.9724     811.8271
2023.893200     918.4212      57.3694     788.6544
2023.896000     917.9702      57.1876     778.8675
2023.898700     917.6847      55.5716     779.0340
2023.901400     918.2646      54.9266     797.0886
2023.904200     917.2664      54.8565     802.3531
2023.906900     918.4571      57.3773     778.1760
2023.909700     919.4537      55.1983     796.8767
2023.912400     920.2040      55.9045     812.9779
2023.915100     918.9056      55.0126     782.5117
2023.917900     919.6143      56.3292     786.9989
2023.920600     919.4732      55.3603     791.0267
2023.923300     919.2587      54.2559     817.3944
2023.926100     920.0555      54.5700     792.0362
2023.928800     918.8338      54.8881     800.1777
2023.931600     920.3181      54.5809     835.2724
2023.934300     918.7392      55.5608     782.6379
2023.937000     918.0713      55.4768     797.1088
2023.939800     918.4008      57.7694     786.9635
2023.942500     918.6365      54.8269     790.9157
2023.945200     917.2876      55.6546     790.4261
2023.948000     918.7914      53.7314     769.7468
2023.950700     919.2742      54.2144     785.9742
2023.953500     918.0689      53.9764     800.7581
2023.956200     918.2727      54.3053     775.4806
2023.958900     917.9620      54.1809     778.2416
2023.961700     919.1568      55.6487     785.4392
2023.964400     918.9945      54.9059     794.4438
2023.967100     919.4683      54.5928     793.1517
2023.969900     919.6518      56.0458     772.9872
2023.972600     919.2220      53.8105     771.8465
2023.975400     920.8490      53.3106     815.0322
2023.978100     918.4905      55.5035     733.3347
2023.980800     919.5801      54.1512     754.5238
2023.983600     920.2472      55.0531     749.6328
2023.986300     920.4013      52.2725     791.8646
2023.989000     920.6011      54.1265     783.2133
2023.991800     920.5130      54.7152     800.6976
2023.994500     921.3987      52.6429     800.4048
2023.997300     920.6590      55.3425     791.1075
2024.000000     921.4493      55.0560     771.6547
2024.002700     920.4723      53.6080     797.7801
2024.005500     921.6010      53.4519     815.0423
2024.008200     921.5920      54.9177     794.6053
2024.011000     920.2439      53.8460     811.1558
2024.013700     921.2527      54.0169     799.9556
2024.016400     922.3602      55.0817     818.7269
2024.019200     922.6286      55.8403     760.8381
2024.021900     921.9419      54.9029     796.2861
2024.024600     922.5910      54.6836     774.9557
2024.027400     923.2867      54.0011     804.5437
2024.030100     921.6825      54.6500     801.4294
2024.032900     921.4485      53.5813     805.7046
2024.035600     921.7078      54.0663     795.0192
2024.038300     921.4632      54.2154     793.8179
2024.041100     923.3462      54.4041     784.4297
2024.043800     921.6140      53.9922     784.4146
2024.046500     922.1197      52.8474     790.1535
2024.049300     921.4729      53.0074     750.5010
2024.052000     922.1735      52.4681     773.7797
2024.054800     920.9673      51.7816     776.4649
2024.057500     922.2608      51.6947     784.5307
2024.060200     923.2728      51.4477     805.2049
2024.063000     921.5993      51.6631     776.1267
2024.065700     922.0512      53.3294     764.5378
2024.068400     921.9305      53.4065     721.7761
2024.071200     922.5291      52.6558     741.0320
2024.073900     922.1123      51.7144     751.1571
2024.076700     922.0259      51.7490     743.9746
2024.079400     923.0437      51.0022     774.8194
2024.082100     923.5868      52.6182     779.2056
2024.084900     922.9996      53.6228     780.9924
2024.087600     923.0624      53.2198     760.8785
2024.090300     924.8974      51.6058     815.1382
2024.093100     921.6140      53.6030     785.7572
2024.095800     922.8577      50.9272     786.5446
2024.098600     921.8016      50.6229     786.4739
2024.101300     921.9451      51.1257     792.1068
2024.104000     922.0789      49.6036     765.1637
2024.106800     920.8686      53.1299     773.5828
2024.109500     922.1384      48.6316     745.5999
2024.112300     921.8146      47.1460     765.4767
2024.115000     923.6692      49.1838     785.4543
2024.117700     923.9457      49.2707     785.5200
2024.120500     921.9672      49.7112     795.0142
2024.123200     923.4784      49.2322     768.6717
2024.125900     922.7786      49.9522     771.3165
2024.128700     922.6791      50.9351     777.4845
2024.131400     922.9915      49.3072     790.1333
2024.134200     922.5601      49.4514     795.7662
2024.136900     923.2916      49.4228     786.9130
2024.139600     922.9907      49.0672     779.7760
2024.142400     922.1531      49.4455     769.7569
2024.145100     921.5504      50.5508     747.3312
2024.147800     922.7256      51.1257     772.3664
2024.150600     922.2697      50.3562     768.2224
2024.153300     923.4735      51.2166     750.4404
2024.156100     922.2363      50.7494     741.7235
2024.158800     921.8978      51.5692     748.6940
2024.161500     923.2076      50.3513     787.6853
2024.164300     923.6121      50.5963     821.6595
2024.167000     923.2565      49.7004     800.1726
2024.169700     923.3528      48.8459     778.0801
2024.172500     923.5811      51.3312     780.0889
2024.175200     924.1708      49.4860     783.5818
2024.178000     924.4872      51.2956     773.6131
2024.180700     925.3231      49.2114     783.2183
2024.183400     923.1742      49.3784     776.7021
2024.186200     924.0142      49.8900     776.1822
2024.188900     923.9987      47.9500     764.2754
2024.191600     924.8052      49.3458     785.9187
2024.194400     923.6839      49.3517     777.9842
2024.197100     923.1579      49.1759     794.8476
2024.199900     924.0965      49.7260     768.9442
2024.202600     923.7401      46.7568     790.3352
2024.205300     923.6154      48.2770     787.3118
2024.208100     923.9979      50.1192     799.2187
2024.210800     924.3469      48.7412     784.9647
2024.213600     923.5232      47.4809     799.2388
2024.216300     925.1461      48.9793     774.9456
2024.219000     924.6438      46.4170     744.7519
2024.221800     924.5426      47.8928     762.2917
2024.224500     923.6790      44.3398     787.2512
2024.227200     924.2703      46.7351     792.8286
2024.230000     924.1928      47.5905     807.7589
2024.232700     924.1814      45.3572     797.9467
2024.235500     924.5826      46.8042     784.8587
2024.238200     925.0540      44.8949     801.8484
2024.240900     925.1241      46.8961     769.6054
2024.243700     925.5197      46.0565     782.6682
2024.246400     924.5965      46.7766     784.2329
2024.249100     923.8307      48.0478     783.6524
2024.251900     924.7237      47.1381     812.8921
2024.254600     924.3371      47.4749     805.9317
2024.257400     924.2841      48.4242     798.0123
2024.260100     925.1217      46.6916     782.5420
2024.262800     924.7522      47.5915     746.5943
2024.265600     925.5931      48.2375     768.5505
2024.268300     925.1429      47.9174     765.6634
2024.271000     925.2326      47.7219     757.6279
2024.273800     925.2962      47.3021     759.4601
2024.276500     925.3574      45.7049     783.6171
2024.279300     923.9595      47.5836     767.7278
2024.282000     924.8387      47.7179     777.8580
2024.284700     924.8012      47.9293     766.4306
2024.287500     925.7015      48.0804     765.1334
2024.290200     924.4179      47.4473     795.0495
2024.293000     924.1341      47.8009     791.9049
2024.295700     924.7261      47.9471     810.6662
2024.298400     923.3471      50.5884     776.4296
2024.301200     923.7010      50.1824     762.7561
2024.303900     924.9953      48.6336     772.8408
2024.306600     925.2897      48.4350     794.5498
2024.309400     926.0653      48.2967     776.9747
2024.312100     926.4592      47.9095     797.9820
2024.314900     925.1160      46.2748     813.9470
2024.317600     925.9495      47.6646     772.1847
2024.320300     924.2963      47.5599     779.6397
2024.323100     925.9030      46.9297     784.1319
2024.325800     925.6575      47.7298     811.0195
2024.328500     926.1419      48.4607     823.6179
2024.331300     926.7976      46.7924     788.1244
2024.334000     925.8198      45.8422     775.3393
2024.336800     927.3962      45.7977     803.2717
2024.339500     926.5415      46.1484     808.0163
2024.342200     925.7562      48.0775     802.9285
2024.345000     924.4831      48.1753     778.0144
2024.347700     924.6087      46.9159     786.5799
2024.350400     926.0816      45.6130     791.5971
2024.353200     927.2282      45.6120     798.0880
2024.355900     926.4951      44.2449     812.5287
2024.358700     924.7759      48.4469     781.9464
2024.361400     927.7151      47.9342     769.4035
2024.364100     925.4381      45.9528     788.4121
2024.366900     926.7960      46.6877     784.6972
2024.369600     926.0791      47.2892     807.1734
2024.372300     926.8115      45.6742     834.2629
2024.375100     924.9219      47.5372     783.1679
2024.377800     926.6247      46.9277     828.9480
2024.380600     926.5024      47.5125     811.7060
2024.383300     924.1512      47.5865     820.1604
2024.386000     924.3706      47.9382     791.3800
2024.388800     927.5047      46.5543     802.8124
2024.391500     926.0343      46.3825     820.7308
2024.394300     924.4317      48.4479     781.4416
2024.397000     926.0098      46.7183     820.5945
2024.399700     926.1550      48.4123     806.2598
2024.402500     925.4650      47.3515     897.4213
2024.405200     926.1705      47.0749     826.8987
2024.407900     926.3026      46.9899     791.0772
2024.410700     926.5334      46.9722     809.0207
2024.413400     926.2700      47.3791     799.3852
2024.416200     926.2072      47.5619     794.4287
2024.418900     925.0589      45.9943     795.8117
2024.421600     926.7536      46.5267     787.8822
2024.424400     925.4324      47.0245     786.7414
2024.427100     925.6493      45.9488     799.3701
2024.429800     925.4169      45.4382     773.6535
2024.432600     927.0186      45.3769     806.5526
2024.435300     926.7161      45.1478     790.5371
2024.438100     927.9516      44.6203     824.0419
2024.440800     927.4974      45.9597     810.2776
2024.443500     926.8922      45.6150     809.5003
2024.446300     926.6639      45.0668     816.6726
2024.449000     927.1687      45.6604     831.7341
2024.451700     926.1868      46.3795     782.6480
2024.454500     928.4377      46.7134     827.0703
2024.457200     927.1279      47.9579     809.1267
2024.460000     929.8869      43.2424     845.4127
2024.462700     928.2999      42.7821     858.8691
2024.465400     927.1777      44.8169     816.6979
2024.468200     928.5323      45.9152     813.1142
2024.470900     927.7575      46.1424     812.8921
2024.473600     927.9948      44.3872     819.6456
2024.476400     928.1865      44.8564     815.8146
2024.479100     928.6089      45.0579     829.1953
2024.481900     927.2225      44.7773     817.9951
2024.484600     929.5444      44.6400     848.1332
2024.487300     928.8919      44.2064     797.0987
2024.490100     928.5331      45.1596     819.7213
2024.492800     929.5272      47.3386     848.5017
2024.495600     928.0682      45.9656     842.8738
2024.498300     927.1051      44.8890     807.1280
2024.501000     928.4075      43.1515     852.3680
2024.503800     927.4028      43.0833     839.3911
2024.506500     927.9883      45.2732     811.2063
2024.509200     931.6012      45.4342     804.5841
2024.512000     929.4555      44.0790     817.8689
2024.514700     928.3716      45.1863     815.8550
2024.517500     929.5484      47.3910     846.3161
2024.520200     930.8109      47.6517     800.3240
2024.522900     930.0264      46.4022     837.0188
2024.525700     928.5918      46.5059     827.2318
2024.528400     928.1987      43.7995     804.5134
2024.531100     928.5877      43.6385     797.4470
2024.533900     929.7890      43.7599     841.7937
2024.536600     930.2824      45.2959     804.1046
2024.539400     930.6087      45.0243     787.1351
2024.542100     931.0376      45.7957     843.5602
2024.544800     932.8074      44.8248     837.3973
2024.547600     926.6019      45.8372     791.4153
2024.550300     931.2586      43.3876     865.5064
2024.553000     930.4072      47.4838     815.1231
2024.555800     929.3796      46.2936     845.5086
2024.558500     927.9549      46.3884     843.0656
2024.561300     929.0869      44.6183     831.5020
2024.564000     929.0265      43.1791     760.4343
2024.566700     929.2222      44.8524     776.2125
2024.569500     927.4101      40.9379     817.1875
2024.572200     928.1115      40.3294     865.8093
2024.574900     926.8800      40.8856     842.8082
2024.577700     928.2207      43.2898     787.2411
2024.580400     930.3909      43.1337     850.2834
2024.583200     930.7098      44.6608     814.1237
2024.585900     929.8518      45.9429     806.0125
2024.588600     930.1601      46.7144     832.7537
2024.591400     930.0117      43.3095     886.1151
2024.594100     930.8908      43.6493     849.5061
2024.596900     930.5736      45.6683     807.7236
2024.599600     931.3671      47.7683     832.7436
2024.602300     932.5880      43.9407     832.4004
2024.605100     930.3958      44.5610     826.5151
2024.607800     928.9613      47.4334     828.9883
2024.610500     932.6206      48.3521     911.5641
2024.613300     929.3503      47.6537     855.4570
2024.616000     932.2658      46.3479     858.2684
2024.618800     931.2464      46.0367     816.2789
2024.621500     931.4846      47.2912     790.5119
2024.624200     934.4205      45.3572     837.8365
2024.627000     933.7713      45.7355     832.2944
2024.629700     933.4680      46.6600     839.6233
2024.632400     931.9812      44.9413     831.6988
2024.635200     932.3874      45.6930     829.4830
2024.637900     932.0473      44.7240     748.3709
2024.640700     933.7208      46.2303     787.8569
2024.643400     934.7948      48.1101     790.8450
2024.646100     933.2469      46.6630     814.1944
2024.648900     933.8325      44.0948     853.4582
2024.651600     933.3929      45.6713     826.0810
2024.654300     932.3303      41.4367     851.3434
2024.657100     933.4940      42.3435     828.2363
2024.659800     932.7878      44.4850     856.7693
2024.662600     934.6831      44.5452     846.6038
2024.665300     935.1300      41.3972     825.6823
2024.668000     933.8798      40.9715     837.0491
2024.670800     934.3960      43.7659     833.3342
2024.673500     934.1946      43.2335     845.1098
2024.676200     935.0672      42.7821     856.3656
2024.679000     935.0265      43.5831     835.2068
2024.681700     934.0437      42.6359     803.0497
2024.684500     934.3390      42.2664     841.5312
2024.687200     934.5355      42.7830     827.8173
2024.689900     935.8061      41.8852     831.0830
2024.692700     936.1560      43.4676     825.4804
2024.695400     935.9888      43.0764     787.2967
2024.698200     933.0512      45.2426     846.8259
2024.700900     935.8208      42.1400     857.5315
2024.703600     933.4908      42.8621     862.6647
2024.706400     934.0747      43.9071     767.4048
2024.709100     934.4727      42.6438     773.9563
2024.711800     934.8797      40.2484     834.6364
2024.714600     935.7547      39.4128     832.5518
2024.717300     936.7897      40.7127     819.0247
2024.720100     934.4425      41.8101     815.0171
2024.722800     934.8487      42.0393     815.0524
2024.725500     934.3544      40.1437     780.3262
2024.728300     936.0426      40.5171     817.5105
2024.731000     934.9775      39.7951     796.4931
2024.733700     937.5253      40.6554     832.7133
2024.736500     937.8026      39.6153     865.8093
2024.739200     934.3300      40.5537     832.3045
2024.742000     935.8860      40.4450     801.9140
2024.744700     936.7505      38.5910     796.4476
2024.747400     938.2487      39.0029     831.0931
2024.750200     937.3092      37.5153     841.5261
2024.752900     935.9211      40.4154     766.7688
2024.755600     936.6836      37.8600     850.0109
2024.758400     935.3616      37.4788     809.4851
2024.761100     936.5662      37.1222     832.1480
2024.763900     937.7618      39.0414     790.7491
2024.766600     936.1837      38.4063     814.5578
2024.769300     936.9389      37.3987     782.7641
2024.772100     934.4866      38.0052     823.7441
2024.774800     936.7497      38.4902     779.6246
2024.777500     937.1240      36.2549     773.8655
2024.780300     937.0254      38.6700     775.2081
2024.783000     937.1098      38.4419     777.2808
2024.788500     937.6546      37.2141     783.6904
2024.791200     938.0072      36.6599     787.9023
2024.794000     938.3637      36.4159     793.0053
2024.796700     938.7388      37.2279     800.7783
2024.799500     938.9403      36.2436     805.1541
2024.802200     939.0259      35.3116     807.0422
2024.804900     938.4827      36.6984     773.3860
2024.807700     937.8768      36.9641     766.8950
2024.810400     937.7194      35.6109     843.3129
2024.813100     939.0340      34.3831     788.7554
2024.815900     938.6817      35.1180     777.3835
2024.818600     938.9557      34.9323     794.1056
2024.821400     939.2795      34.7219     816.2537
2024.824100     940.0225      35.3244     769.0351
2024.826800     940.3870      34.6992     803.5948
2024.829600     939.5446      36.9938     790.6128
2024.832300     939.7003      33.1316     775.4352
2024.835000     940.2370      34.2567     778.8826
2024.837800     939.4826      37.2486     777.2170
2024.840500     940.4335      33.9534     777.1412
2024.843300     938.8701      33.9416     805.2806
2024.846000     940.3723      35.7403     778.3021
2024.848700     940.3365      35.7205     799.2035
2024.851500     939.4508      36.3705     764.6640
2024.854200     940.5281      36.5305     749.3956
2024.856900     940.7524      34.9698     754.3622
2024.859700     940.9612      35.0874     793.4646
2024.862400     942.1437      34.4918     801.5354
2024.865200     940.3275      36.0909     773.7948
2024.867900     943.3205      34.9214     802.9941
2024.870600     943.5089      33.6591     824.8697
2024.873400     942.7513      34.6814     762.5290
2024.876100     942.5702      33.2215     819.6405
2024.878900     941.0378      34.1243     767.1070
2024.881600     941.8493      35.8608     763.3265
2024.884300     941.6421      33.3983     774.2238
2024.887100     941.3934      34.0996     804.8465
2024.889800     942.9038      33.6097     786.6304
2024.892500     941.8281      35.5575     812.5237
2024.895300     940.8951      36.7478     752.9237
2024.898000     942.0654      34.5826     755.0840
2024.900800     941.6536      34.7752     747.0889
2024.903500     942.7749      34.9402     824.8545
2024.906200     941.5533      32.1241     859.0104
2024.909000     942.9568      34.4582     850.1825
2024.911700     944.2201      35.0933     836.7917
2024.914400     942.5352      34.6676     805.6642
2024.917200     943.0008      34.0720     797.2603
2024.919900     942.6290      33.4902     815.2745
2024.922700     942.2587      34.1609     800.2736
2024.925400     942.6338      34.0482     807.2945
2024.928100     941.0998      33.0081     797.9770
2024.930900     941.4603      31.3230     791.8444
2024.933600     942.6950      33.2620     813.5786
2024.936300     942.1755      34.7881     795.0545
2024.939100     940.7100      33.7855     806.0276
2024.941800     941.5533      33.8349     807.5570
2024.944600     942.4887      33.7351     786.5345
2024.947300     944.1565      33.2709     794.7769
2024.950000     942.1551      33.3301     808.3949
2024.952800     942.9853      33.8744     812.5287
2024.955500     944.1907      32.5350     793.4242
2024.958200     943.9469      32.6150     792.7983
2024.961000     943.8580      30.9743     808.7936
2024.963700     944.6678      32.3671     785.3181
2024.966500     944.1157      32.4362     808.0214
2024.969200     943.7210      29.9717     788.8058
2024.971900     943.7079      33.9435     795.0243
2024.974700     945.8112      33.5899     793.8583
2024.977400     948.2587      30.6918     827.5700
2024.980200     944.3652      32.3690     786.5951
2024.982900     943.6949      30.8380     782.5521
2024.985600     944.1287      31.4356     817.2682
2024.988400     944.2641      29.6112     834.9746
2024.991100     946.3519      30.5199     792.0766
2024.993800     947.6731      32.3671     807.1734
2024.996600     946.1627      31.0691     783.1628
2024.999300     947.4904      31.7942     760.1718
2025.002100     945.1213      31.7428     739.0988
2025.004800     945.6522      32.9805     755.4828
2025.007500     945.2485      31.8110     784.8991
2025.010300     944.4925      31.4702     802.3430
2025.013000     945.4369      31.5028     780.9975
2025.015700     944.7967      32.0233     780.0334
2025.018500     945.1881      32.5933     763.9523
2025.021200     945.6628      32.9261     761.7315
2025.024000     945.0797      32.4184     771.7052
2025.026700     944.0129      31.8357     723.9970
2025.029400     945.6432      30.2938     749.1281
2025.032200     946.2655      30.8686     779.3873
2025.034900     945.8308      31.7942     769.9133
2025.037600     945.5078      31.8831     759.3037
2025.040400     947.4186      31.1600     790.1081
2025.043100     949.3009      31.5413     789.9920
2025.045900     945.7305      30.5446     772.9973
2025.048600     945.2982      30.7521     776.1065
2025.051300     946.0477      32.0954     766.7637
2025.054100     945.1767      31.0958     769.6912
2025.056800     945.7019      30.9783     740.3809
2025.059500     946.1815      30.8222     759.0513
2025.062300     944.5006      31.3023     745.3930
2025.065000     944.1516      31.1353     732.6432
2025.067800     944.4280      31.7507     747.2353
2025.070500     945.2738      30.9052     754.2966
2025.073200     945.5111      31.8317     732.7542
2025.076000     945.2950      30.8390     753.2468
2025.078700     944.5879      32.2041     719.7167
2025.081500     945.3243      31.4247     745.4434
2025.084200     944.5871      30.9141     772.5935
2025.086900     946.0420      29.9332     748.3962
2025.089700     947.0125      30.3906     763.0943
2025.092400     947.1340      30.5921     737.0294
2025.095100     946.7091      29.2418     800.7480
2025.097900     946.4066      29.6191     797.4874
2025.100600     945.7566      30.7392     807.2743
2025.103400     946.1684      29.9105     798.5322
2025.106100     945.7011      29.7080     779.0492
2025.108800     946.1790      30.3402     787.7307
2025.111600     946.1439      30.2947     747.3160
2025.114300     946.5207      29.6468     792.8337
2025.117000     947.3558      27.9162     800.6723
2025.119800     948.8564      28.1256     794.7113
2025.122500     948.0376      28.3745     810.6662
2025.125300     948.0197      27.9834     817.0764
2025.128000     946.5346      28.7084     827.8274
2025.130700     947.6405      29.8305     766.0218
2025.133500     947.0043      28.8022     765.4918
2025.136200     947.7114      28.4447     756.2752
2025.138900     947.8166      26.3229     783.0063
2025.141700     946.6920      27.4697     794.8880
2025.144400     948.7178      27.6673     776.5860
2025.147200     946.3193      27.0568     773.4667
2025.149900     946.7605      27.4796     760.7573
2025.152600     947.5353      27.1507     798.0325
2025.155400     946.8845      29.7011     784.3641
2025.158100     948.2073      26.6953     789.7295
2025.160800     948.3369      27.4638     778.0750
2025.163600     948.5155      29.3406     775.8693
2025.166300     946.7572      29.1963     745.9078
2025.169100     948.0678      27.7078     779.6549
2025.171800     948.2807      26.5689     766.9656
2025.174500     946.9831      26.7319     758.5415
2025.177300     946.2141      24.9746     745.2718
2025.180000     948.0058      26.1659     739.1846
2025.182800     947.7620      25.5288     739.6288
2025.185500     948.0433      27.3591     720.4183
2025.188200     947.5344      25.8784     741.3500
2025.191000     948.6281      26.2192     754.8518
2025.193700     947.1144      26.3555     769.5398
2025.196400     946.9456      26.9413     797.8407
2025.199200     947.0321      27.8826     714.0232
2025.201900     947.4619      26.0098     743.5507
2025.204700     947.4823      26.6272     751.8537
2025.207400     945.5796      27.1616     737.5291
2025.210100     947.5720      26.0118     735.6313
2025.212900     947.6364      26.2459     769.8477
2025.215600     947.6282      26.0948     767.5057
2025.218300     948.1102      24.5143     775.2232
2025.221100     948.5588      25.8617     770.9935
2025.223800     948.9665      26.1817     754.9477
2025.226600     947.7726      25.5278     769.0300
2025.229300     947.7432      26.3378     778.8574
2025.232000     948.6697      27.4707     741.3904
2025.234800     947.1993      26.7418     747.0939
2025.237500     947.5915      25.1534     785.8935
2025.240200     947.9863      26.3427     768.7524
2025.243000     947.5067      24.8571     788.8311
2025.245700     947.9161      26.0088     717.7331
2025.248500     947.5410      26.3743     726.7125
2025.251200     949.0889      25.4873     775.6977
2025.253900     947.8297      26.6232     752.8631
2025.256700     948.1469      27.6831     758.0569
2025.259400     948.5253      26.8435     749.4158
2025.262100     948.6713      24.9213     763.3921
2025.264900     948.5343      26.7852     768.3335
2025.267600     947.6592      25.4695     745.8876
2025.270400     949.2512      24.7850     804.7254
2025.273100     948.7610      25.0418     750.6170
2025.275800     948.7496      26.4948     741.9153
2025.278600     948.7235      27.4421     741.7942
2025.281300     946.1529      26.8830     801.6515
2025.284100     948.9967      26.8030     771.4528
2025.286800     947.8256      24.9944     800.9550
2025.289500     948.9184      24.3879     794.9435
2025.292300     948.6199      25.4211     795.7763
2025.295000     947.8737      23.7854     808.5463
2025.297700     948.9665      25.5317     803.4585
2025.300500     948.2187      25.0428     815.6228
2025.303200     949.9485      23.8861     778.7362
2025.306000     949.8066      26.5452     783.7332
2025.308700     948.4601      24.5440     806.5021
2025.311400     949.1011      23.5562     810.9842
2025.314200     948.0115      23.5661     827.2672
2025.316900     947.8028      21.6686     808.2081
2025.319600     947.8115      21.6785     809.1701
2025.322400     947.8413      21.7116     811.8292
2025.325100     947.8928      21.7686     815.4626
2025.327900     947.9732      21.8567     819.7798
2025.330600     948.0796      21.9727     823.9396
2025.333300     948.2173      22.1219     827.5729
2025.336100     948.3963      22.3149     830.2321
2025.338800     948.6069      22.5408     831.1941
2025.341500     949.6337      23.5602     810.7369
2025.344300     948.7521      23.8397     810.5148
2025.347000     948.7268      23.6224     766.5215
2025.349800     949.1745      23.3320     778.7615
2025.352500     948.1657      24.1123     779.1451
2025.355200     946.7744      23.4041     831.1739
2025.358000     949.7584      23.2777     822.3863
2025.360700     949.0726      23.5048     817.1471
2025.363400     948.0181      22.6573     794.6255
2025.366200     949.0130      22.7057     798.8452
2025.368900     949.4828      23.4871     807.2390
2025.371700     949.5024      22.6307     810.3886
2025.374400     949.4991      23.7617     818.3635
2025.377100     949.4102      22.7067     824.8697
2025.379900     950.5764      22.6208     824.1630
2025.382600     950.2567      23.9158     822.1996
2025.385400     949.2593      24.0155     830.9467
2025.388100     950.0773      23.7212     819.4437
2025.390800     950.1621      22.6050     798.7543
2025.393600     950.1271      23.2984     824.5416
2025.396300     949.0334      23.4821     863.2250
2025.399000     949.1345      23.1473     790.1636
2025.401800     948.4658      22.1407     794.8072
2025.404500     950.4125      24.0817     820.4986
2025.407300     950.3693      22.2415     805.8106
2025.410000     949.2283      22.7848     827.6861
2025.412700     947.4602      24.0086     860.6559
2025.415500     949.8571      24.1538     819.0904
2025.418200     950.2298      22.3630     831.1436
2025.420900     951.1644      25.8982     829.1044
2025.423700     950.5087      21.5975     862.8212
2025.426400     952.0012      23.5740     816.0417
2025.429200     952.3054      24.6279     798.3707
2025.431900     950.6311      24.9173     837.8365
2025.434600     949.5831      23.3241     810.1615
2025.437400     949.8587      23.2441     825.0816
2025.440100     951.0201      24.6753     806.5021
2025.442800     949.4909      23.6421     836.9633
2025.445600     950.6694      22.7986     820.9730
2025.448300     952.2108      22.2889     821.1749
2025.451100     952.0501      23.1680     856.9208
2025.453800     951.2354      23.5058     833.9298
2025.456500     952.2646      23.0208     856.1889
2025.459300     950.9010      21.9570     876.1868
2025.462000     950.7493      22.2435     813.2051
2025.464800     951.2631      23.3172     808.1223
2025.467500     951.2876      24.6437     813.4423
2025.470200     949.7389      24.7336     809.6820
2025.473000     951.4507      25.1238     801.2376
2025.475700     949.8596      23.7933     796.3921
2025.478400     950.6645      25.4784     781.4467
2025.481200     950.7966      23.6935     820.8368
2025.483900     950.5324      27.2979     790.4917
2025.486700     951.8356      22.5852     830.0887
2025.489400     951.2843      22.6396     841.2536
2025.492100     948.9250      22.1398     814.4265
2025.494900     951.2484      22.8381     809.6214
2025.497600     949.8057      22.7966     778.8372
2025.500300     950.4345      24.5608     823.7845
2025.503100     952.1121      25.6542     837.5387
2025.505800     951.0478      24.7633     836.6857
2025.508600     953.9617      24.5973     836.7513
2025.511300     953.2433      22.1398     814.6486
2025.514000     951.3153      26.1659     818.7724
2025.516800     950.8203      22.4005     853.6046
2025.519500     950.5022      26.4296     802.3279
2025.522200     951.6268      25.6858     809.3589
2025.525000     952.7474      23.2144     798.7694
2025.527700     953.1258      23.7518     817.2884
2025.530500     953.7538      22.7749     810.9640
2025.533200     953.1870      24.7781     793.3536
2025.535900     951.8903      22.0005     818.7421
2025.538700     952.9350      22.9902     911.9477
2025.541400     953.5442      24.7119     804.9071
2025.544100     955.6719      22.7117     848.9156
2025.546900     953.8019      23.9325     809.3690
2025.549600     956.2673      23.3399     827.7871
2025.552400     956.4434      23.2549     839.6939
2025.555100     953.6135      21.9511     845.0947
2025.557800     953.1780      22.9112     802.0452
2025.560600     954.6933      24.4235     747.5230
2025.563300     954.3108      23.4584     795.0444
2025.566100     953.1650      24.1222     841.8845
2025.568800     953.7081      24.2723     832.2490
2025.571500     953.0997      24.4877     801.3739
2025.574300     954.0645      23.2777     857.0974
2025.577000     955.4420      23.6283     851.7522
2025.579700     955.3955      24.4827     889.3555
2025.582500     956.5535      25.0369     834.6061
2025.585200     957.4441      25.5732     843.6107
2025.588000     956.5666      24.4600     865.1784
2025.590700     955.8391      24.2348     799.6124
2025.593400     954.9967      22.6672     852.0551
2025.596200     955.4705      24.1291     829.4628
2025.598900     956.7289      21.7140     827.3732
2025.601600     956.1164      24.4264     792.4904
2025.604400     957.1872      24.1894     805.5229
2025.607100     956.2852      24.6092     841.1526
2025.609900     957.0665      24.5855     849.5717
2025.612600     956.1474      25.2117     753.2821
2025.615300     957.1065      23.9869     844.6606
2025.618100     955.8065      22.4104     858.0463
2025.620800     957.2614      23.4555     840.1078
2025.623500     957.8804      21.9728     819.5194
2025.626300     955.9965      24.9223     747.6593
2025.629000     957.1032      23.5572     819.1812
2025.631800     957.1212      22.9813     824.7182
2025.634500     955.6018      22.3995     801.7727
2025.637200     956.6253      23.3814     789.9617
2025.640000     957.8992      21.5491     870.2611
2025.642700     958.3934      24.1676     817.8134
2025.645400     956.5014      22.6465     787.3118
2025.648200     958.0346      22.5220     810.3129
2025.650900     959.0458      24.5341     818.7572
2025.653700     955.4216      23.0702     763.6495
2025.656400     958.2662      21.9303     836.0244
2025.659100     957.8788      19.9756     829.0641
2025.661900     957.1937      22.1249     827.3277
2025.664600     957.3903      22.5803     803.2314
2025.667400     958.4334      22.1388     828.4836
2025.670100     956.4785      23.2954     792.3037
2025.672800     958.8925      21.9422     819.4386
2025.675600     958.0525      24.1913     790.8298
2025.678300     959.2726      22.2247     792.4753
2025.681000     958.3877      22.3432     823.7239
2025.683800     956.9483      22.4065     785.7370
2025.686500     959.1625      23.0436     820.0796
2025.689300     958.4277      21.4157     813.2253
2025.692000     957.3283      23.8239     808.5211
2025.694700     959.4952      20.9367     759.5106
2025.697500     959.8793      23.1275     788.4071
2025.700200     959.1119      22.3926     833.0717
2025.702900     958.7898      22.4697     814.4669
2025.705700     960.6557      21.1105     807.8800
2025.708400     960.8409      20.6611     764.9871
2025.711200     959.0197      20.9228     825.7025
2025.713900     959.1788      19.0224     772.0181
2025.716600     959.9340      20.3193     798.4615
2025.719400     957.7100      20.2284     776.9848
2025.722100     957.5917      20.7470     735.1265
2025.724800     959.3313      19.1824     769.6761
2025.727600     958.7563      20.0032     767.7329
2025.730300     960.9289      20.5939     774.0674
2025.733100     958.2605      22.0973     741.3046
2025.735800     959.6608      20.9100     804.3923
2025.738500     959.1649      19.3049     802.3884
2025.741300     960.0057      20.2897     775.6321
2025.744000     959.9136      19.4106     785.4392
2025.746700     960.9689      21.7772     774.6074
2025.749500     960.5750      18.0198     787.2310
2025.752200     960.0375      22.8559     714.1848
2025.755000     959.9177      19.2150     760.6059
2025.757700     960.0449      21.0305     770.7916
2025.760400     959.8932      22.0173     749.0019
2025.763200     960.4062      20.2828     743.9948
2025.765900     960.1444      18.9690     762.3119
2025.768700     959.2921      21.6123     754.9225
2025.771400     959.0972      19.9301     756.6487
2025.774100     960.8596      20.7312     759.5661
2025.776900     961.0717      18.4910     791.6526
2025.779600     961.0170      21.3081     792.7125
2025.782300     959.9902      19.9499     765.3353
2025.785100     962.3488      17.1881     749.5823
2025.787800     961.6319      19.5844     748.1690
2025.790600     961.1679      20.1958     714.3110
2025.793300     961.0651      18.5315     732.9612
2025.796000     959.2310      19.9835     743.3235
2025.798800     961.0700      18.9848     727.0658
2025.801500     961.8709      18.1630     773.8958
2025.804200     960.7781      19.0441     769.9184
2025.807000     961.9394      18.8791     717.0567
2025.809700     962.8895      16.8088     747.8107
2025.812500     964.1748      16.8878     749.4006
2025.815200     963.5118      16.4631     765.2849
2025.817900     963.6398      15.7786     790.3503
2025.820700     962.2672      17.2118     770.1909
2025.823400     963.6635      16.4937     759.7478
2025.826100     963.9489      17.2780     738.6900
2025.828900     964.6698      15.2580     792.6368
2025.831600     963.5101      16.0314     771.5537
2025.834400     962.9482      15.4447     783.3344
2025.837100     962.4548      14.3206     719.4189
2025.839800     963.2883      14.0174     739.6995
2025.842600     963.6789      13.8317     793.1315
2025.845300     963.4482      16.5125     736.7619
2025.848000     964.0092      14.7878     756.7699
2025.850800     963.2679      16.9728     736.2975
2025.853500     962.8308      15.4625     755.2607
2025.856300     964.9773      14.9765     799.7789
2025.859000     964.1544      15.0328     797.2603
2025.861700     963.7890      14.3275     751.9041
2025.864500     965.1983      13.6776     753.9938
2025.867200     964.3746      14.0835     807.9204
2025.870000     965.9380      14.4056     744.7519
2025.872700     964.8117      13.4000     763.5839
2025.875400     965.2652      12.0201     769.3884
2025.878200     965.8051      11.7287     801.3234
2025.880900     964.2033      13.7665     722.7856
2025.883600     966.1093      11.6793     775.4504
2025.886400     965.8206      11.5361     768.6818
2025.889100     965.6061      10.9899     798.0729
2025.891900     966.2740      10.8881     784.3338
2025.894600     966.5130      12.1100     834.4900
2025.897300     965.9731      11.0649     812.5438
2025.900100     967.1736      11.8048     785.2726
2025.902800     966.0196      13.0602     766.5871
2025.905500     965.3957      11.0511     790.6027
2025.908300     966.0318      12.2532     813.0940
2025.911000     966.7014      10.8348     795.1403
2025.913800     967.7086       9.3581     808.9905
2025.916500     966.4754      11.6961     797.7953
2025.919200     966.6312      11.8581     797.6943
2025.922000     968.2566      11.6151     776.6718
2025.924700     966.0375      12.7925     788.7957
2025.927400     965.7521      13.9117     784.6720
2025.930200     966.7201      11.6793     807.6983
2025.932900     965.9258      11.5796     757.6481
2025.935700     970.6934      12.8814     744.0302
2025.938400     978.0439      15.4239     748.7243
2025.941100     979.6832      14.3838     747.0031
2025.943900     979.7174      14.7404     748.1388
2025.946600     981.0965      15.9386     760.6867
2025.949300     980.5354      14.1803     768.7726
2025.952100     979.0095      13.4939     774.6024
2025.954800     979.6840      15.5079     776.2529
2025.957600     980.8217      13.9966     787.6651
2025.960300     980.8861      13.2943     766.8193
2025.963000     980.4278      13.7339     748.2649
2025.965800     982.6550      12.8429     782.9458
2025.968500     978.9370      11.9559     781.7243
2025.971300     980.2174      14.8471     750.2032
2025.974000     982.2831      13.4000     756.2500
2025.976700     982.9486      13.9591     778.1507
2025.979500     982.5286      14.0332     784.3742
2025.982200     983.3181      13.8524     768.1972
2025.984900     983.1280      13.4247     778.7564
2025.987700     986.4033      11.0906     819.2519
2025.990400     983.0473      10.9741     816.4909
2025.993200     982.2668      13.0750     776.4296
2025.995900     983.2985      13.5304     787.9478
2025.998600     983.7160      15.0308     768.0306
2026.001400     984.6539      13.6726     808.9400
2026.004100     982.6876      13.2439     804.8920
2026.006800     982.5767      12.8044     778.8675
2026.009600     983.9044      13.2074     773.9866
2026.012300     982.6779      10.0772     765.1738
2026.015100     982.8108       8.5284     786.5143
2026.017800     983.1346      11.4936     751.8890
2026.020500     985.3276      10.7696     835.1008
2026.023300     986.5729      10.6876     796.8615
2026.026000     986.3127       9.9656     786.8828
2026.028700     986.2556      13.5383     784.8789
2026.031500     986.1782      12.4271     774.0825
2026.034200     986.4245      14.0855     788.6090
2026.037000     988.2113      13.9571     776.4447
2026.039700     984.1964      12.1821     719.2120
2026.042400     985.6326      13.6934     781.2448
2026.045200     985.3496      13.1886     744.1715
2026.047900     985.3561      12.7501     771.8616
2026.050700     986.4995      12.0902     783.4101
2026.053400     986.3698      11.7109     783.3899
2026.056100     987.9993      11.0205     796.1195
2026.058900     986.8591      10.4999     785.8480
2026.061600     985.4523      12.8992     774.4409
2026.064300     985.5102      13.4652     779.3217
2026.067100     988.0343      13.3309     793.9189
2026.069800     987.3795      13.2756     809.8586
2026.072600     985.0560      12.8627     784.6266
2026.075300     985.4564      13.7299     762.9580
2026.078000     986.7482      12.2582     777.5703
2026.080800     987.8941      12.3559     734.9953
2026.083500     986.9953      13.1965     759.0664
2026.086200     986.7857      11.1766     787.6298
2026.089000     987.1764      11.0679     765.3353
2026.091700     987.8843      11.3603     763.3517
2026.094500     987.6168      11.6211     749.2492
2026.097200     988.8091      10.8397     776.1923
2026.099900     987.4382      11.1420     792.3390
2026.102700     987.2824      11.1657     780.1192
2026.105400     989.2283      10.6066     816.3849
2026.108100     987.9242      10.6866     808.6927
2026.110900     987.9618       9.1102     789.2399
2026.113600     988.5326      12.5733     765.0729
2026.116400     989.5602      10.0871     784.1975
2026.119100     988.4535      10.2411     812.3621
2026.121800     989.5031      10.1967     769.9991
2026.124600     987.9642      10.2658     764.2148
2026.127300     988.3320       9.5734     750.6423
2026.130000     989.1361      10.6451     780.8511
2026.132800     988.2048       9.1398     795.0293
2026.135500     988.4959       8.5945     776.3639
2026.138300     989.3898       9.0292     819.1963
2026.141000     990.9140       8.4800     812.9275
2026.143700     988.9184       9.7976     822.0784
2026.146500     987.9618       8.4493     797.2552
2026.149200     988.3010      10.5513     726.9194
2026.152000     988.5261       8.8593     747.8914
2026.154700     988.9355       9.9873     746.3015
2026.157400     989.6508       9.4934     766.3499
2026.160200     987.0386      10.9059     748.1690
2026.162900     988.4804      10.6432     739.2856
2026.165600     988.5065      10.7242     756.6336
2026.168400     987.9047      10.2974     768.1871
2026.171100     987.0916      10.7479     740.7645
2026.173900     987.9781       8.6943     755.3869
2026.176600     988.2668       9.3423     754.9477
2026.179300     986.7442       9.4164     748.5829
2026.182100     987.7187       9.9922     713.4024
2026.184800     987.7946       9.4154     737.1101
2026.187500     988.2154       9.3828     706.1038
2026.190300     988.8850       9.7769     713.5034
2026.193000     989.1149      10.1483     728.7365
2026.195800     989.2568       8.3743     762.9832
2026.198500     989.1810       9.5230     762.7309
2026.201200     988.8466       7.5238     761.4690
2026.204000     988.6770       7.5475     758.1528
2026.206700     989.9549       7.1613     757.7036
2026.209400     990.1009       8.2123     771.2408
2026.212200     988.9053       7.2423     767.0010
2026.214900     989.4036       6.3612     743.5860
2026.217700     991.3063       7.6818     745.4485
2026.220400     991.0127       7.9535     754.3723
2026.223100     989.7046      10.2323     728.6406
2026.225900     990.3619       7.3974     757.2796
2026.228600     989.8603       7.5860     745.4636
2026.231300     989.8718       7.4122     769.9689
2026.234100     991.1538       7.0368     749.8902
2026.236800     991.7630       7.5169     759.9144
2026.239600     991.7573       7.8448     758.0216
2026.242300     991.6113       7.9199     771.0692
2026.245000     992.5753       7.7451     755.4373
2026.247800     992.1863       6.6269     765.2647
2026.250500     990.6702       6.9697     767.0918
2026.253300     991.8201       6.1498     791.5264
2026.256000     991.6545       8.0937     767.2735
2026.258700     992.3274       8.8425     783.2436
2026.261500     992.6283       6.7198     800.9752
2026.264200     991.6178       7.7214     813.1092
2026.266900     992.7547       4.9260     804.3519
2026.269700     992.6984       6.9568     760.7321
2026.272400     991.7369       5.8861     862.2458
2026.275200     992.5598       8.0098     778.7261
2026.277900     990.5315       6.5360     790.5522
2026.280600     991.5510       7.9031     762.2463
2026.283400     992.7482       7.6996     782.1432
2026.286100     992.0264       8.1046     767.3795
2026.288800     993.1821       5.5759     788.6696
2026.291600     993.1437       4.9329     820.8216
2026.294300     991.7459       6.8205     784.7578
2026.297100     993.0801       7.2670     788.3213
2026.299800     996.6726       4.4943     795.6905
2026.302500     998.4937       2.8230     808.7684
2026.305300     998.4757       2.9011     789.8809
2026.308000     997.5110       5.5433     779.3268
2026.310700     998.0655       4.3481     773.6888
2026.313500     997.5844       4.5911     792.5409
2026.316200     998.9586       3.9649     774.2642
2026.319000     998.3754       5.4959     785.8581
2026.321700     998.1928       4.5556     761.2217
2026.324400     998.0003       3.1460     804.5285
2026.327200     999.7619       1.9963     816.5162
2026.329900     998.3094       2.4042     796.8312
2026.332600     999.8842       1.5044     796.1902
2026.335400     999.3060       1.7612     833.2988
2026.338100     998.1658       0.4692     821.4021
2026.340900    1000.0000       0.0000     809.6365
2026.343600     999.1657       0.9374     825.2179
2026.346300     999.1665       2.0032     774.1481
2026.349100     999.5906       2.3963     828.4382
2026.351800     999.7056       1.2614     814.9717
