# Time series stasiun J028
# DecimalYear East(mm) North(mm) Up(mm)
1994.743300          nan          nan          nan
1994.746100          nan          nan          nan
1994.748800          nan          nan          nan
1994.751500          nan          nan          nan
1994.754300          nan          nan          nan
1994.757000          nan          nan          nan
1994.759800          nan          nan          nan
1994.762500     523.2831     881.1039     776.4592
1994.765200     401.0011     903.5708     807.4109
1994.768000     521.6500     906.2295     819.9635
1994.770700     463.1464     922.5984     835.5364
1994.773400     475.7779     919.6814     846.7983
1994.776200     578.2022     922.9329     864.3452
1994.778900     565.5053     926.7067     825.0607
1994.781700     572.1518     910.3202     878.5264
1994.784400     536.9108     905.9712     818.7911
1994.787100     556.0745     919.9221     835.6548
1994.789900     501.2125     899.0692     811.2192
1994.792600     554.5558     940.8102     812.4342
1994.795300     591.2502     916.4945     816.3571
1994.798100     534.1183     949.9660     822.7062
1994.800800     531.1870     936.9013     781.7058
1994.803600     540.0625     953.3759     800.4154
1994.806300     650.1621     914.2642     807.3235
1994.809000     636.0853     933.4855     831.1011
1994.811800     579.1330     915.2737     800.0194
1994.814500     636.3956     899.9554     814.3986
1994.817200     532.5832     869.9702     795.4444
1994.820000     541.9405     907.3915     777.2841
1994.822700     537.0496     917.5333     785.7761
1994.825500     638.9104     923.1383     810.8931
1994.828200     553.5515     903.4416     813.9483
1994.830900     539.0664     910.2380     803.7423
1994.833700     601.9711     895.7590     805.4077
1994.836400     553.1922     912.1455     792.2339
1994.839200     601.5547     887.5129     826.7804
1994.841900     551.7388     912.5329     801.4907
1994.844600     563.7743     864.0072     825.9128
1994.847400     604.2083     883.8036     822.0113
1994.850100     518.2778     896.7157     858.0892
1994.852800     615.4028     919.6932     833.6730
1994.855600     572.2253     879.3079     816.5279
1994.858300     629.0632     886.7147     817.1238
1994.861100     580.3986     851.2595     798.3559
1994.863800     622.6617     878.8149     802.4069
1994.866500     521.0948     928.1916     807.2459
1994.869300     586.1469     904.7211     830.2296
1994.872000     548.7993     914.6868     813.1699
1994.874700     625.0051     891.8971     799.2779
1994.880200     557.3110     906.9025     702.3683
1994.883000     532.9507     924.1185     649.0809
1994.885700     584.0975     969.8152     613.9133
1994.888400     631.4229     964.8030     629.1524
1994.891200     512.1049     935.6395     795.4172
1994.893900     583.7545     936.4905     813.3640
1994.896600     523.8465     933.0630     801.4791
1994.899400     616.7011     959.2919     804.6255
1994.902100     665.9617     932.3528     802.8727
1994.904900     618.2606     929.3009     770.2925
1994.907600     586.0979     913.1256     779.4969
1994.910300     569.5471     913.4074     814.0783
1994.913100     642.2173     925.8498     811.0852
1994.915800     660.9156     921.6065     790.6384
1994.918500     603.4571     924.6115     773.6486
1994.921300     576.0139     942.1601     823.2341
1994.924000     528.7293     934.4892     802.0439
1994.926800     550.1629     896.2285     820.1712
1994.929500     593.1200     899.9730     809.4451
1994.932200     537.9804     928.5438     822.2500
1994.935000     579.7729     927.7801     838.7870
1994.937700     619.3466     925.4860     848.2269
1994.940500     575.8914     901.7513     828.1605
1994.943200     632.4763     939.6598     780.7566
1994.945900     558.3036     895.8235     798.3676
1994.948700     561.2267     965.2843     785.4151
1994.951400     559.3406     924.1361     788.6236
1994.954100     463.2525     938.4801     800.5280
1994.956900     565.1950    1000.0000     821.4756
1994.959600     547.6562     915.8489     795.0620
1994.962400     479.1420     990.5390     774.8559
1994.965100     584.9630     950.8639     796.8342
1994.967800     573.5072     907.5324     784.5203
1994.970600     560.5164     940.5167     811.0095
1994.973300     604.3227     954.8373     812.2887
1994.976000     530.4031     931.3140     822.1413
1994.978800     617.3380     907.4678     806.5723
1994.981500     584.1465     952.3605     791.6807
1994.984300     586.9553     926.4133     789.4447
1994.987000     616.8807     949.5493     765.7408
1994.989700     616.5215     937.3709     769.9625
1994.992500     710.5192     973.3895     773.9960
1994.995200     774.6160     956.9560     775.3353
1994.997900     795.1678     934.2016     772.7576
1995.000700     760.7189     948.7452     781.1681
1995.003400     741.4245     950.7759     787.0883
1995.006200     838.4434     927.6810     772.7343
1995.008900     798.7442     936.8251     773.3458
1995.011600     737.4317     935.2580     819.3404
1995.014400     782.0954     956.3691     789.2079
1995.017100     732.3285     919.2530     769.4113
1995.019800     853.3204     927.6340     780.9895
1995.022600     729.7646     920.1568     779.1553
1995.025300     687.3137     904.0285     802.3448
1995.028100     787.1904     884.6312     782.6161
1995.030800     757.8447     915.7080     773.5884
1995.033500     801.9205     931.7307     798.5151
1995.036300     820.2023     928.1916     780.4266
1995.039000     815.2216     933.9257     773.6175
1995.041800     746.7155     930.4571     777.7111
1995.044500     745.7521     961.5985     784.6930
1995.047200     864.0739     950.7348     806.8713
1995.050000     717.1575     924.8990     800.8657
1995.052700     739.5220     938.0634     792.7774
1995.055400     770.6477     874.9589     788.8798
1995.058200     752.3005     886.1395     794.7942
1995.060900     855.8843     912.3509     796.9662
1995.063700     814.8296     917.6390     799.2469
1995.066400     821.6802     933.8670     777.8722
1995.069100     802.4022     882.6298     780.3606
1995.071900     798.7279     874.5422     773.7708
1995.074600     766.4835     905.6308     777.9324
1995.077300     732.7531     903.2010     786.8961
1995.080100     815.0256     891.5508     793.1152
1995.082800     852.1609     938.2571     778.5011
1995.085600     791.6731     934.6652     788.3033
1995.088300     807.5871     900.7360     760.1273
1995.091000     798.1808     915.9193     799.9185
1995.093800     830.8987     910.1089     780.7197
1995.096500     808.0117     902.7139     806.1162
1995.099200     854.0879     912.1631     778.6098
1995.102000     770.7947     946.4386     804.7808
1995.104700     791.6241     963.5470     768.8193
1995.107500     843.6691     940.7397     806.3239
1995.110200     847.6864     916.6764     771.1660
1995.112900     851.8261     928.4264     765.2885
1995.115700     794.9719     936.9542     770.4517
1995.118400     857.3377     919.7577     770.4497
1995.121100     822.1783     930.9677     789.0196
1995.123900     820.6514     885.9635     781.9872
1995.126600     784.6592     905.5428     758.9258
1995.129400     832.5399     906.0182     784.8250
1995.132100     826.7916     931.9126     833.6497
1995.134800     808.1750     927.1645     812.9273
1995.137600     784.3816     900.4367     807.9796
1995.140300     889.4269     933.6675     819.5598
1995.143100     846.9189     896.9915     790.9626
1995.145800     889.0513     866.0848     796.4110
1995.148500     845.3430     889.5906     799.9767
1995.151300     865.4375     871.6840     807.6923
1995.154000     821.3781     890.4651     799.0198
1995.156700     895.8937     907.9843     793.2219
1995.159500     848.7642     888.5870     811.6772
1995.162200     810.9757     897.5843     792.5600
1995.165000     859.8689     882.3129     792.1641
1995.167700     828.9146     864.3945     794.3031
1995.170400     841.5217     910.2204     766.6414
1995.173200     842.1830     879.1905     780.9332
1995.175900     852.8305     884.4375     793.5383
1995.178600     875.2194     877.9522     791.8845
1995.181400     770.4763     854.6753     811.9762
1995.184100     809.1875     879.9829     805.3592
1995.186900     816.7158     851.7701     790.2599
1995.189600     796.9070     844.0405     778.3789
1995.192300     855.5005     867.3174     797.3427
1995.195100     913.8408     868.0393     827.8402
1995.197800     794.5310     838.9755     801.8595
1995.200500     800.8508     836.0175     814.7421
1995.203300     923.0675     871.6664     799.4022
1995.206000     849.1071     840.2726     808.9501
1995.208800     892.5215     825.4061     800.1650
1995.211500     832.4011     841.8396     803.5734
1995.214200     917.3845     849.2699     799.1382
1995.217000     910.7054     857.2577     809.0471
1995.219700     801.8225     881.7788     798.9945
1995.222500     790.9709     838.2947     796.1762
1995.225200     825.1749     850.7372     811.4870
1995.227900     823.3949     809.4187     798.4122
1995.230700     844.9674     860.4446     785.7354
1995.233400     891.3865     888.1468     792.7794
1995.236100     918.5277     837.2441     807.1197
1995.238900     827.5184     861.8004     793.8469
1995.241600     833.6586     840.7597     797.1020
1995.244400     836.4592     862.4049     809.6722
1995.247100     848.5846     858.3318     816.8520
1995.249800     854.1206     828.8983     780.7818
1995.252600     788.9786     814.8946     796.3800
1995.255300     863.5350     841.9629     824.9306
1995.258000     808.7139     820.6756     813.0845
1995.260800     815.4828     850.2148     806.0696
1995.263500     898.1963     824.8427     792.4164
1995.266300     842.2892     857.5981     794.6525
1995.269000     889.5330     883.2226     812.0189
1995.271700     777.0901     885.2533     789.8892
1995.274500     836.9492     849.1408     827.6597
1995.277200     793.7879     862.4988     793.3869
1995.279900     850.8871     888.7572     796.4285
1995.282700     844.4938     835.1547     810.5650
1995.285400     826.6365     861.0726     796.5488
1995.288200     889.0186     822.5420     799.7224
1995.290900     851.1566     873.9553     778.7651
1995.293600     910.9259     876.8312     755.7678
1995.296400     851.1648     866.0496     796.5974
1995.299100     873.0067     842.3678     794.3671
1995.301800     851.3526     827.9181     788.8410
1995.304600     785.4186     820.6111     781.9853
1995.307300     829.7719     844.4924     790.6889
1995.310100     887.4264     863.3909     786.4302
1995.312800     857.0355     827.0436     793.3520
1995.315500     898.6291     823.3226     830.4858
1995.318300     865.6335     813.8910     775.3178
1995.321000     843.5711     826.8382     773.6253
1995.323800     814.4459     836.4283     787.9229
1995.326500     833.5769     834.4445     798.5384
1995.329200     820.7984     838.4531     785.1103
1995.332000     806.9339     871.8894     628.6438
1995.334700     853.9164     872.9341     660.5330
1995.337400     839.2028     892.8068     666.9171
1995.340200     813.7682     864.7173     677.6374
1995.342900     870.5898     816.9722     714.0880
1995.348400     807.1217     862.1408     655.2942
1995.351100     874.1090     887.0903     630.9808
1995.353900     910.7299     861.5304     658.9511
1995.356600     819.9084     842.1683     666.2862
1995.359300     890.5863     820.0359     637.8618
1995.362100     834.0505     845.4550     675.1548
1995.364800     839.7988     827.5425     688.3460
1995.367600     855.3698     830.1660     664.2035
1995.370300     778.4863     844.8798     759.9779
1995.373000     719.5254     822.6535     804.1557
1995.375800     865.4457     815.9921     797.9192
1995.378500     884.8380     817.2833     816.4813
1995.381200     813.4905     771.4692     822.6926
1995.384000     839.7008     817.0133     783.2897
1995.386700     875.9543     824.8368     817.6576
1995.389500     885.2790     841.6753     796.3276
1995.392200     874.7050     835.3073     789.9532
1995.394900     811.6697     856.6415     752.8776
1995.397700     762.0090     838.9227     798.2628
1995.400400     760.8087     830.2071     781.0536
1995.403100     780.7481     813.0282     809.2587
1995.405900     817.3527     804.7528     794.2740
1995.408600     795.3148     822.9529     778.9670
1995.411400     814.7643     806.0029     800.2640
1995.414100     775.9143     831.9854     779.3416
1995.416800     801.8551     819.7835     799.1828
1995.419600     790.1707     844.5100     790.5355
1995.422300     812.6005     831.2928     793.7965
1995.425100     818.6428     817.3596     780.0675
1995.427800     799.8628     809.2896     788.3053
1995.430500     845.5879     835.7944     772.0744
1995.433300     830.1965     798.4963     801.3432
1995.436000     782.2260     793.4313     805.7474
1995.438700     779.1722     822.0197     807.2051
1995.441500     765.2097     800.6679     803.6453
1995.444200     836.5246     830.2716     818.1118
1995.447000     808.6894     836.3051     792.5833
1995.449700     764.7933     824.6079     805.8270
1995.452400     819.4266     822.0431     800.8288
1995.455200     838.5577     825.3827     813.4863
1995.457900     799.3729     842.6319     824.7210
1995.460600     809.0813     824.4847     802.8242
1995.463400     758.5061     803.6083     819.4647
1995.466100     847.3679     818.4043     803.4706
1995.468900     852.1936     814.9709     797.0128
1995.471600     908.7457     841.6635     821.4911
1995.474300     859.6239     843.4008     802.2943
1995.479800     845.8411     819.7777     791.4692
1995.482500     833.0462     835.6712     789.4447
1995.485300     851.8588     812.7817     800.2834
1995.488000     829.3963     815.8923     788.6197
1995.490800     853.9246     806.6192     803.2396
1995.493500     869.9692     825.9109     809.1578
1995.496200     822.6111     841.3525     763.0292
1995.499000     820.4881     826.0459     785.8576
1995.501700     862.2613     850.8721     798.7053
1995.504400     889.4595     828.6752     793.7169
1995.507200     843.4813     815.3289     779.6153
1995.509900     848.8050     831.5980     792.2456
1995.512700     860.3669     838.4825     787.9695
1995.515400     850.5197     830.6531     790.9276
1995.518100     853.7368     822.7533     801.9663
1995.520900     839.5130     815.4111     765.3021
1995.523600     828.5962     806.4959     778.2119
1995.526400     829.6495     844.1638     795.1338
1995.529100     843.3017     824.5786     812.3061
1995.531800     889.8106     800.9614     831.7786
1995.534600     819.6961     837.2617     810.9727
1995.537300     837.8473     847.9435     788.8080
1995.540000     841.5053     814.6598     808.4241
1995.542800     842.4117     832.3786     818.3447
1995.545500     854.2757     823.2874     813.0418
1995.548300     810.8205     817.4653     832.2037
1995.551000     788.1948     818.8856     806.3666
1995.553700     871.9534     813.9321     795.7220
1995.556500     848.7969     825.4942     816.9219
1995.559200     841.1787     806.8128     814.2316
1995.561900     861.4774     830.4183     841.8021
1995.564700     833.1932     828.1529     787.2164
1995.567400     827.8041     818.7036     801.9197
1995.570200     840.9093     823.8450     809.1656
1995.572900     875.4644     822.6711     828.9796
1995.575600     854.1042     822.1253     797.0360
1995.578400     884.6747     802.5049     827.5025
1995.581100     900.0825     819.3727     811.5181
1995.583800     868.5893     821.6382     826.0719
1995.586600     825.3301     834.9434     827.5316
1995.589300     838.9496     820.6287     797.1933
1995.592100     844.3877     820.1474     811.1299
1995.594800     848.7642     840.8888     810.9979
1995.597500     821.4761     841.8044     793.3034
1995.600300     934.9969     828.5050     815.3574
1995.603000     897.0613     825.3298     824.9054
1995.605700     931.2980     856.7471     797.7232
1995.608500     869.0629     861.5304     820.2915
1995.611200     869.2670     837.7488     798.1657
1995.614000     902.9648     853.4780     799.4740
1995.616700     860.7017     849.5281     836.4099
1995.619400     836.0020     839.2748     814.1579
1995.622200     878.4447     829.3971     801.5819
1995.624900     897.7146     862.7805     793.1132
1995.633100     822.6764     861.0374     819.9790
1995.635900     875.4481     841.1236     787.6842
1995.638600     864.5394     844.7800     805.3514
1995.641300     917.2294     846.6992     778.6719
1995.644100     909.3826     851.8582     793.7984
1995.646800     896.9470     846.7227     803.0649
1995.649600     907.4720     813.9379     772.8120
1995.652300     903.2016     834.2743     802.5719
1995.655000     840.1499     840.3782     782.9636
1995.657800     913.0161     852.8852     787.8666
1995.660500     873.8885     860.9670     761.7753
1995.663200     878.4202     807.8810     800.0505
1995.666000     863.2574     833.1768     774.8928
1995.668700     838.1903     820.8224     782.3405
1995.671500     830.4986     829.8138     771.1097
1995.674200     913.6204     838.5705     799.0120
1995.676900     874.9908     842.2387     801.4965
1995.679700     905.1122     833.4233     803.1755
1995.682400     828.2940     827.7831     794.6971
1995.685100     840.3132     841.3936     792.9366
1995.687900     806.9502     818.7917     774.0465
1995.690600     875.1296     812.3944     795.3454
1995.693400     889.0186     840.1845     778.0547
1995.696100     877.7343     787.9848     803.0979
1995.698800     860.4241     846.0008     774.7646
1995.701600     890.6680     805.3104     797.8882
1995.704300     853.1162     819.5723     787.5153
1995.707000     879.1877     798.8426     810.2351
1995.709800     836.1408     816.9370     775.8516
1995.712500     835.6999     801.5072     799.7108
1995.715300     899.1271     814.1023     793.8780
1995.718000     889.6228     856.6473     795.1629
1995.720700     850.3238     840.8536     771.6396
1995.723500     850.4626     837.0974     765.6651
1995.726200     815.8258     805.1871     761.7947
1995.729000     855.1331     824.1091     789.7611
1995.731700     883.8664     814.0670     772.2122
1995.734400     880.8126     823.4987     794.4816
1995.737200     909.5868     800.3099     795.9510
1995.739900     912.6079     835.5421     816.0368
1995.742600     864.7108     840.3195     768.6659
1995.745400     860.0975     827.1199     776.2631
1995.748100     858.7774     828.4349     792.2168
1995.750900     857.0600     831.7389     810.0507
1995.753600     837.0226     839.3805     819.9266
1995.756300     954.8056     824.6842     791.6225
1995.759100     933.8292     840.4897     796.1024
1995.761800     881.3678     833.1299     774.3046
1995.764500     878.2569     831.4044     779.1164
1995.767300     883.4168     828.9006     783.1367
1995.770000     895.7171     825.9386     786.9908
1995.772800     912.2363     822.5515     790.6462
1995.775500     928.1432     819.2220     793.5383
1995.778200     940.4435     816.0665     795.5117
1995.781000     945.6034     813.2278     796.2732
1995.783700     906.6228     811.0269     791.6147
1995.786400     899.8049     814.6422     803.9888
1995.789200     958.5208     807.9515     773.6117
1995.791900     907.9782     818.4513     762.7982
1995.794700     907.3250     806.9889     778.5303
1995.797400     907.7904     825.3651     776.3738
1995.800100     924.6516     827.4662     772.0200
1995.802900     913.4652     806.8011     790.6287
1995.805600     916.5027     812.7348     790.0619
1995.808400     927.9911     809.7591     793.3209
1995.811100     921.8509     815.1880     799.8913
1995.813800     900.3846     791.6823     795.1183
1995.816600     914.6900     793.8304     758.7046
1995.819300     891.4029     805.0639     785.0463
1995.822000     898.5229     790.4381     804.2877
1995.824800     914.6329     777.5378     777.6646
1995.827500     906.1655     811.1032     784.2641
1995.830300     905.6511     803.2855     812.1489
1995.833000     930.5795     791.5884     822.3859
1995.835700     941.5372     804.9230     792.8143
1995.838500     918.8134     788.8828     819.0027
1995.841200     868.7036     786.4706     805.6795
1995.843900     918.9359     776.0060     809.1714
1995.846700     828.0981     810.2580     788.2102
1995.849400     857.1090     785.5902     786.8437
1995.852200     899.7314     764.0037     809.0627
1995.854900     912.1343     747.6406     820.2255
1995.857600     894.3995     793.5604     798.7325
1995.860400     870.0917     784.7920     819.3560
1995.863100     883.4091     769.6439     794.9223
1995.865800     857.6561     762.8768     809.4354
1995.868600     888.5124     766.8502     817.6847
1995.871300     926.0151     799.6878     784.7318
1995.874100     903.6670     816.3501     763.1165
1995.876800     890.5210     806.0205     790.6772
1995.879500     909.2602     806.5135     787.8142
1995.882300     897.2246     798.3085     796.9545
1995.885000     884.8707     790.7550     793.4451
1995.887700     899.4048     804.8174     771.0961
1995.890500     904.5426     781.4906     777.8861
1995.893200     906.4758     759.4023     790.7296
1995.896000     891.5662     782.4209     808.4590
1995.898700     898.7597     815.0648     802.7776
1995.901400     921.8835     798.1148     780.6033
1995.904200     942.9089     825.1068     776.7406
1995.906900     881.1392     845.4139     802.3816
1995.909700     918.7318     800.2923     777.5830
1995.912400     936.5482     838.6351     799.7845
1995.915100     926.4316     817.9172     781.9290
1995.917900     872.9087     829.0509     790.4909
1995.920600     862.0898     822.4833     778.6234
1995.923300     833.3810     805.9853     778.8796
1995.926100     888.9941     790.3559     770.5798
1995.928800     899.4456     799.2945     768.5126
1995.931600     891.9581     809.4129     785.1317
1995.934300     923.6227     781.3468     779.0330
1995.937000     872.0513     804.3126     792.2359
1995.939800     890.3577     771.1170     807.3332
1995.942500     935.1520     770.8412     792.5503
1995.945200     912.1098     797.8918     797.5912
1995.948000     909.7174     776.9744     767.8449
1995.950700     905.2755     779.7915     778.3264
1995.953500     914.6084     782.3798     778.1556
1995.956200     871.4145     764.4732     802.7504
1995.958900     877.3097     773.1360     788.3946
1995.961700     862.6205     775.5893     783.5828
1995.964400     889.7943     753.4510     785.8809
1995.967100     935.6746     786.7171     791.4789
1995.969900     932.9882     768.7048     778.4526
1995.972600     911.0728     786.8051     785.1142
1995.975400     947.9632     751.7725     785.0269
1995.978100     878.3630     742.6284     769.1531
1995.980800     885.0258     786.7347     770.8826
1995.983600     885.5239     771.6452     803.9170
1995.986300     902.2054     774.0339     792.1951
1995.989000     930.5632     797.9094     790.8752
1995.991800     880.7146     784.7392     793.7848
1995.994500     915.5963     785.1441     793.5829
1995.997300     916.0209     780.5134     770.5973
1996.000000     912.3629     803.8372     788.3985
1996.002700     896.8572     825.1244     775.0422
1996.005500     884.5768     806.0851     804.1169
1996.008200     838.8761     809.6711     781.6844
1996.011000     868.7363     809.3776     771.0980
1996.013700     877.6282     811.1090     775.4246
1996.016400     907.1209     823.9800     779.9297
1996.019200     897.0532     778.8349     779.7337
1996.021900     884.0868     799.9049     772.2219
1996.024600     877.7343     801.6187     767.9070
1996.027400     868.5240     808.8729     761.5326
1996.030100     857.5500     794.4114     776.0787
1996.032900     877.1138     810.1230     777.3307
1996.035600     915.2126     804.5767     780.7818
1996.038300     903.5282     797.3695     768.1729
1996.041100     910.3216     848.8121     768.9920
1996.043800     915.7596     825.1538     777.2278
1996.046500     888.6675     815.1000     778.3575
1996.049300     897.3308     832.5547     755.0942
1996.052000     916.4210     810.5632     776.5077
1996.054800     945.3258     816.6553     756.6665
1996.057500     909.2357     799.3826     779.6619
1996.060200     934.3518     834.5913     769.6093
1996.063000     881.9966     837.2558     767.8720
1996.065700     897.5921     800.8264     770.5720
1996.068400     938.1323     838.0482     776.0826
1996.071200     893.3625     800.3040     769.8830
1996.073900     926.7173     802.3875     789.1360
1996.076700     896.3591     820.2942     768.0429
1996.079400     922.3490     798.6665     791.6633
1996.082100     932.7759     784.2579     792.1679
1996.084900     895.1833     801.0846     778.6836
1996.087600     929.2731     796.4774     790.4346
1996.090300     933.5924     827.0260     782.4278
1996.093100     913.4734     791.9347     766.4745
1996.095800     937.7894     791.2363     779.9239
1996.098600     889.2717     761.9201     755.1932
1996.101300     897.7962     776.5577     768.3360
1996.104000     912.5916     789.0119     806.6092
1996.106800     973.2998     753.3689     787.4532
1996.109500     920.4791     781.2999     793.5325
1996.112300     948.5674     778.9346     808.8259
1996.115000     890.0638     761.8614     828.4186
1996.117700     922.2918     788.6891     806.9256
1996.120500     880.9841     767.5486     766.2377
1996.123200     953.6870     790.0683     799.7884
1996.125900     909.4316     793.7013     765.5525
1996.128700     892.2520     790.9604     778.2022
1996.131400     899.3721     787.6679     762.3731
1996.134200     880.7881     795.8611     763.6212
1996.136900     877.1138     787.8674     771.0223
1996.139600     883.4990     776.5635     786.8573
1996.142400     855.3127     773.6407     768.6116
1996.145100     901.1194     776.7631     785.5063
1996.147800     905.9941     773.0010     785.6014
1996.150600     924.1943     766.1107     782.7714
1996.153300     909.1132     766.7387     791.0518
1996.156100     891.8764     742.0709     799.5963
1996.158800     909.2193     762.6596     796.9933
1996.161500     885.1810     769.9256     805.6076
1996.164300     894.5383     748.6032     820.7943
1996.167000     875.8318     748.8086     802.6747
1996.169700     901.8217     768.9572     775.9040
1996.172500     883.3846     780.2611     795.4347
1996.175200     867.7891     767.3843     796.6381
1996.178000     868.9404     767.2962     793.2646
1996.180700     811.4901     758.5806     782.2027
1996.183400     894.6281     756.0100     795.6404
1996.186200     881.3025     766.5685     794.5321
1996.188900     890.8395     785.3554     796.4790
1996.191600     881.2862     760.8402     789.1419
1996.194400     810.5511     776.5987     777.5617
1996.197100     857.2315     765.9170     791.8457
1996.199900     851.6465     798.2264     800.4484
1996.202600     886.6181     769.6380     790.7685
1996.205300     910.1093     818.3750     793.1850
1996.208100     918.7318     803.1271     805.3281
1996.210800     907.9537     783.9175     842.7163
1996.213600     876.1503     778.4651     813.1699
1996.216300     911.1790     788.5306     781.5621
1996.219000     868.3117     761.5973     783.6759
1996.221800     869.5120     790.2092     790.3667
1996.224500     875.8727     773.7640     801.9371
1996.227200     896.4081     756.4971     796.2577
1996.230000     907.9374     782.1040     800.8987
1996.232700     876.6892     779.6213     776.0613
1996.235500     874.8438     753.0285     783.0820
1996.238200     885.9893     744.5359     790.2366
1996.240900     913.2203     778.4592     782.1095
1996.243700     877.6690     778.0836     803.4201
1996.246400     901.5849     802.0824     772.0491
1996.249100     874.7132     769.0570     790.4055
1996.251900     873.1536     783.4949     785.8499
1996.254600     875.1786     782.5148     810.8931
1996.257400     867.2584     781.8516     801.1763
1996.260100     898.8087     784.6218     788.4586
1996.262800     867.7483     761.5210     787.6356
1996.265600     879.9798     762.2195     788.2587
1996.268300     861.2488     753.7562     783.8623
1996.271000     854.5533     775.1021     798.4841
1996.273800     846.4616     776.8687     791.8321
1996.276500     889.3371     767.0849     784.9162
1996.279300     886.0057     759.2262     768.8639
1996.282000     859.6321     769.9256     785.7062
1996.284700     873.1455     760.3355     794.3128
1996.287500     895.1262     771.3518     771.9249
1996.290200     892.3582     779.0579     779.9161
1996.293000     837.3982     751.2853     771.9269
1996.295700     886.6507     768.2705     776.7037
1996.298400     872.1657     759.6018     776.5950
1996.301200     890.1781     742.9630     785.5781
1996.303900     872.3371     766.0109     775.8439
1996.306600     856.5211     756.6790     769.8500
1996.309400     886.0710     751.6316     797.0030
1996.312100     866.3112     759.9305     788.9652
1996.314900     890.8150     753.1693     769.4268
1996.317600     852.1201     772.4962     781.6689
1996.320300     956.9041     761.9260     783.9748
1996.323100     875.0480     759.0971     782.8141
1996.325800     874.5091     749.9589     772.2782
1996.328500     881.7026     769.8786     762.9651
1996.331300     882.6089     755.8750     800.6095
1996.334000     885.3198     752.9991     746.4664
1996.336800     854.3329     762.5364     792.6745
1996.339500     885.5403     774.7382     778.7865
1996.342200     874.0110     756.7201     772.8120
1996.345000     891.1661     771.4574     770.2770
1996.347700     853.2877     767.1730     791.5526
1996.350400     871.0960     745.4104     790.4443
1996.353200     853.9818     753.7914     760.8707
1996.355900     839.6016     761.1323     773.5531
1996.358700     831.6010     769.9608     786.9466
1996.361400     910.5584     783.7942     766.4687
1996.364100     888.8308     773.5527     775.1548
1996.366900     868.7771     772.3260     762.1771
1996.369600     865.2007     775.0904     754.5799
1996.372300     849.8747     748.7910     772.8566
1996.375100     874.7622     756.7788     766.5560
1996.377800     923.1328     772.3319     772.3403
1996.380600     927.3787     770.5947     778.6758
1996.383300     902.4177     757.4890     798.4511
1996.386000     885.1157     739.4122     756.7558
1996.388800     875.1378     763.6926     796.2596
1996.391500     875.1215     763.9626     784.4388
1996.394300     889.4269     758.3341     786.0401
1996.397000     861.4121     760.4822     785.0890
1996.399700     875.6440     739.4884     786.1566
1996.402500     858.0317     753.1458     791.4187
1996.405200     863.7718     761.4741     771.9773
1996.407900     828.1144     756.2036     778.2391
1996.410700     855.9087     731.2306     773.3904
1996.413400     878.3630     760.2122     776.6300
1996.416200     868.6465     748.8027     801.0287
1996.418900     879.9553     766.2398     782.3735
1996.421600     825.3301     727.9439     806.1667
1996.424400     881.3515     750.7630     800.9395
1996.427100     871.9779     757.8587     773.1439
1996.429800     846.6984     735.4975     787.0727
1996.432600     887.9408     767.5779     762.2431
1996.435300     873.4476     765.6235     771.3038
1996.438100     874.3131     763.1233     769.8927
1996.440800     881.9557     745.3575     764.2540
1996.443500     861.9510     730.8433     784.4271
1996.446300     868.5240     758.7449     790.0872
1996.449000     876.7055     739.2243     785.9799
1996.451700     867.8871     763.9684     804.6197
1996.454500     874.1171     750.1233     770.3469
1996.457200     890.1699     773.0538     807.5021
1996.460000     856.5130     750.7160     776.7950
1996.462700     885.6056     731.7882     768.1147
1996.465400     863.3146     778.6705     786.4632
1996.468200     902.1319     774.1865     763.9725
1996.470900     896.4000     774.5269     761.0648
1996.473600     904.3937     771.9974     775.0752
1996.476400     882.5191     763.4989     771.3911
1996.479100     867.6666     757.5711     785.0249
1996.481900     867.2910     764.7960     784.8774
1996.484600     896.7592     755.4524     779.2193
1996.487300     866.7031     753.3982     763.0098
1996.490100     866.7490     752.9931     763.8789
1996.492800     866.9127     752.6938     766.1850
1996.495600     867.2572     752.4687     769.8204
1996.498300     867.8063     752.3251     774.2598
1996.501000     868.6161     752.2446     779.3556
1996.503800     869.7814     752.2185     785.0579
1996.506500     912.8773     764.1210     793.5752
1996.509200     917.6119     763.4244     794.4159
1996.512000     920.7580     761.7363     794.9708
1996.514700     922.3728     759.9046     795.2532
1996.517500     922.8715     758.5571     795.3396
1996.520200     919.6993     757.7826     794.4465
1996.522900     911.7469     757.0479     792.1940
1996.525700     900.9602     756.3745     789.1071
1996.528400     890.5293     755.8553     786.0663
1996.531100     882.4449     755.5081     783.6110
1996.533900     879.0489     755.3761     782.3677
1996.536600     879.0523     755.5213     782.0416
1996.539400     879.0648     755.9645     781.7196
1996.542100     879.0875     756.6541     781.4244
1996.544800     879.1232     757.5812     781.1439
1996.547600     879.1762     758.7727     780.8681
1996.550300     879.2449     760.1234     780.6165
1996.553000     879.3333     761.6523     780.3786
1996.555800     879.4481     763.4053     780.1462
1996.558500     879.5834     765.2369     779.9354
1996.561300     879.7516     767.2619     779.7304
1996.564000     879.9430     769.3153     779.5454
1996.566700     880.1652     771.4479     779.3726
1996.569500     880.4308     773.7222     779.2060
1996.572200     880.7229     775.9557     779.0572
1996.574900     881.0528     778.2091     778.9197
1996.577700     881.4370     780.5461     778.7886
1996.580400     881.8504     782.7796     778.6731
1996.583200     882.3261     785.0539     778.5643
1996.585900     882.8324     787.1865     778.4696
1996.588600     883.3876     789.2399     778.3846
1996.591400     884.0175     791.2648     778.3065
1996.594100     884.6794     793.0965     778.2405
1996.596900     885.4246     794.8495     778.1813
1996.599600     886.2023     796.3784     778.1329
1996.602300     887.0402     797.7291     778.0927
1996.605100     887.9752     798.9206     778.0594
1996.607800     888.9427     799.8477     778.0350
1996.610500     889.9772     800.5372     778.0179
1996.613300     891.1232     800.9805     778.0075
1996.616000     892.3010     801.1257     778.0042
1996.618800     912.6569     768.0827     799.2527
1996.621500     927.1338     736.6009     805.6348
1996.624200     917.3355     764.0095     780.6964
1996.627000     889.4840     759.5608     812.1741
1996.629700     906.9004     773.3414     814.1870
1996.632400     901.0786     785.5139     799.3284
1996.635200     891.3212     759.2732     792.7619
1996.637900     880.9024     755.8163     795.7802
1996.640700     924.3168     753.8501     787.4105
1996.643400     881.1555     767.1612     787.9617
1996.646100     919.5483     733.4726     801.6906
1996.648900     885.7689     751.6844     781.1720
1996.651600     887.3856     747.2415     787.5425
1996.654300     864.5965     741.7774     784.0331
1996.657100     876.2319     763.9978     768.6485
1996.659800     876.1090     755.0910     774.8424
1996.662600     875.6604     738.1796     781.3836
1996.665300     858.6523     721.5584     778.7903
1996.668000     906.2962     763.5928     738.0636
1996.670800     935.9440     767.8597     806.8577
1996.673500     880.9269     749.3427     785.7722
1996.676200     903.2506     753.6036     791.1178
1996.679000     901.4542     752.1129     789.7416
1996.681700     892.9461     754.9242     801.4422
1996.684500     865.4457     747.4411     780.8013
1996.687200     901.3644     755.3878     779.1941
1996.689900     878.4365     746.1616     741.6099
1996.692700     935.8134     749.3779     777.1405
1996.695400     906.4921     760.5409     757.1789
1996.698200     881.7843     765.3536     773.6175
1996.700900     886.1363     772.8132     778.2954
1996.703600     876.4116     750.0880     782.6976
1996.706400     853.1162     745.0171     780.4208
1996.709100     912.4038     763.8041     782.6608
1996.711800     848.2416     735.7674     776.7620
1996.714600     881.9312     764.9662     771.2436
1996.717300     918.6256     753.7562     786.3157
1996.720100     919.8504     729.6871     778.1673
1996.722800     937.5771     754.9418     794.6563
1996.725500     892.7338     736.1372     791.9273
1996.728300     864.1229     744.7530     781.5505
1996.731000     927.7135     753.6506     763.4426
1996.733700     930.4407     763.9450     759.7372
1996.736500     936.3196     740.1047     753.8675
1996.739200     887.5571     757.3540     743.5859
1996.742000     910.7462     727.7679     773.2176
1996.744700     903.2914     736.5598     778.7981
1996.747400     916.9599     745.0993     772.2646
1996.750200     944.2725     748.8262     790.6345
1996.752900     905.4715     740.8442     782.3269
1996.755600     938.7447     743.7964     775.7662
1996.758400     862.0326     737.5986     755.7231
1996.761100     930.6040     753.3923     774.1416
1996.763900     925.7774     760.6696     772.7823
1996.766600     917.2738     765.4992     770.3876
1996.769300     912.7385     767.3021     769.1104
1996.772100     918.7644     764.2736     797.4650
1996.774800     907.1127     748.3097     761.7015
1996.777500     909.7827     754.0673     761.9694
1996.780300     922.8062     740.6975     810.8232
1996.783000     916.5435     770.1486     782.7656
1996.785800     925.3864     728.3430     782.8393
1996.788500     924.0800     744.0311     794.1750
1996.791200     880.3472     770.5947     779.2193
1996.794000     936.3441     759.1851     760.8707
1996.796700     923.5411     739.6176     778.0760
1996.799500     943.8888     746.5666     788.2606
1996.802200     899.7885     750.1819     766.5502
1996.804900     899.3313     748.9260     778.2779
1996.807700     914.6084     762.6831     764.1103
1996.810400     921.4263     743.9255     771.2281
1996.813100     922.1040     750.2172     759.0404
1996.815900     922.1857     746.2320     798.7286
1996.818600     971.6504     741.7657     792.1757
1996.821400     934.0660     730.2329     790.9956
1996.824100     919.2870     733.6546     769.4307
1996.826800     926.3254     744.8000     767.7109
1996.829600     935.6664     764.3206     748.4714
1996.832300     945.3013     754.5838     783.8021
1996.835000     930.8979     740.4040     783.7827
1996.837800     901.9605     724.3051     781.8475
1996.840500     906.1492     720.8247     772.3888
1996.843300     947.4814     723.6302     762.6584
1996.846000     917.3682     719.9033     764.4170
1996.848700     901.6910     760.5996     774.9840
1996.851500     911.9465     729.8103     770.4400
1996.854200     911.2525     740.0636     790.9548
1996.856900     951.1884     748.9964     799.2799
1996.859700     935.6582     752.9991     768.5786
1996.862400     930.1549     723.5715     779.4484
1996.865200     924.4148     735.8203     770.6225
1996.867900     921.9979     760.3179     778.1479
1996.870600     927.5992     740.2397     799.6953
1996.873400     919.7688     729.4229     779.3455
1996.876100     972.6629     739.3065     771.3989
1996.878900     962.1543     755.9160     796.5391
1996.881600     957.3695     740.9733     769.4986
1996.884300     959.3536     719.3809     760.2884
1996.887100     953.9728     726.0482     779.9724
1996.889800     957.0674     770.5184     788.8954
1996.892500     972.5241     742.6225     790.2541
1996.895300     939.7898     741.1318     767.8895
1996.898000     986.3315     743.1977     744.1701
1996.900800     947.0079     755.0592     777.4394
1996.903500     939.1203     750.1409     785.8324
1996.906200     938.6385     747.1652     789.5417
1996.909000     940.4022     722.1687     765.4166
1996.911700     981.5875     724.7570     797.4495
1996.914400     959.7619     779.6507     765.7369
1996.917200     974.3041     746.9070     778.5865
1996.919900     920.1607     736.8650     780.6382
1996.922700     941.7250     737.0821     775.8458
1996.925400     939.4306     742.4465     748.4113
1996.928100     913.9061     701.0693     803.9714
1996.930900     954.8138     716.5579     814.2588
1996.933600     971.6504     754.1788     773.7243
1996.936300     928.4320     725.1913     782.3172
1996.939100     916.6170     713.0012     770.1974
1996.941800     956.2264     737.4049     787.9520
1996.944600     983.0735     736.3602     777.5733
1996.947300     986.6172     745.9327     752.0429
1996.950000     955.3445     741.2609     766.8045
1996.952800    1000.0000     734.1887     770.1566
1996.955500     954.6342     760.2416     782.3638
1996.958200     973.2671     748.0515     770.2964
1996.961000     915.1228     759.9422     775.8264
1996.963700     948.0775     751.1386     802.9659
1996.966500     892.2684     738.1503     786.3817
1996.969200     945.1135     754.9711     770.6303
1996.971900     944.5011     759.2086     784.8619
1996.974700     971.2912     733.1792     805.9046
1996.977400     921.3120     731.9525     785.7819
1996.980200     955.3854     735.8496     778.7690
1996.982900     911.5137     775.7947     799.9612
1996.985600     918.0132     763.0705     766.0261
1996.988400     945.4320     779.6859     770.2828
1996.991100     921.3038     747.5878     773.1614
1996.993800     909.5296     765.8231     771.3950
1996.996600     927.7135     748.9670     794.0430
1996.999300     899.1598     772.1206     773.4952
1997.002100     917.0661     757.6533     748.8946
1997.004800     942.9906     743.8961     753.7122
1997.007500     906.4023     734.1534     767.2936
1997.010300     923.7126     756.9549     774.4036
1997.013000     935.1765     728.5308     758.6793
1997.015700     942.1904     746.1616     726.1321
1997.018500     917.8581     741.5015     777.7461
1997.021200     954.0626     769.2506     778.1498
1997.024000     936.7279     748.7323     764.7373
1997.026700     947.9305     726.9462     773.2409
1997.029400     925.5497     760.8520     772.2937
1997.032200     942.8926     771.1053     771.4960
1997.034900     936.7850     764.3852     774.8559
1997.037600     989.7363     793.4137     776.5271
1997.040400     942.4272     714.4039     782.0668
1997.043100     906.2472     749.5539     778.0877
1997.045900     938.6794     750.8275     790.3841
1997.048600     971.3728     751.1327     781.7019
1997.051300     938.6549     735.6501     794.3497
1997.054100     915.4330     733.6370     774.5900
1997.056800     907.3168     720.5841     783.3984
1997.059500     915.6453     771.4515     785.6441
1997.062300     926.8888     744.3950     784.7202
1997.065000     914.8451     740.3571     769.2444
1997.067800     898.2780     720.3435     778.6952
1997.070500     924.0310     730.4853     808.2785
1997.073200     927.7870     751.5553     781.7660
1997.076000     894.9057     753.2926     787.6046
1997.078700     915.7270     747.5115     781.6281
1997.081500     913.6694     729.3290     786.9543
1997.084200     907.6189     729.1530     793.7479
1997.086900     925.9008     718.8938     786.6282
1997.089700     942.5252     739.8054     790.7723
1997.092400     912.5752     717.1155     804.5071
1997.095100     958.4718     721.6347     779.0543
1997.097900     906.6473     720.9245     784.0389
1997.100600     914.7717     734.1710     784.6173
1997.103400     908.0435     725.4320     788.9808
1997.106100     891.5498     734.4058     786.0673
1997.108800     898.6127     728.3724     784.7493
1997.111600     901.8543     731.1661     772.8236
1997.114300     847.7191     703.3348     754.2654
1997.117000     888.3246     736.5832     781.7776
1997.119800     879.8246     723.1782     785.6538
1997.122500     867.8871     736.3133     769.1376
1997.125300     882.1517     720.2613     764.2753
1997.128000     881.9394     722.6441     771.9521
1997.130700     874.9908     713.9990     771.5367
1997.133500     870.8592     705.6355     786.8126
1997.136200     850.3401     712.8897     771.6804
1997.138900     879.0408     735.9435     772.5558
1997.141700     839.3252     723.5715     798.9538
1997.144400     889.6310     704.6319     788.1888
1997.147200     892.4153     712.4554     802.9795
1997.149900     880.6575     702.2490     783.1053
1997.152600     854.9534     706.9267     765.8087
1997.155400     883.4990     704.6436     767.8992
1997.158100     904.6142     719.7331     787.2435
1997.160800     920.2587     708.2825     790.0580
1997.163600     845.0164     684.2133     795.3105
1997.166300     924.5291     710.1899     791.3779
1997.169100     869.8794     704.8021     788.6061
1997.171800     885.0585     737.1643     791.4963
1997.174500     908.8192     747.5056     766.5560
1997.177300     888.0061     739.6939     774.0426
1997.180000     906.2390     731.4067     778.1498
1997.182800     917.1722     736.7417     774.7317
1997.185500     907.3168     739.9110     763.5435
1997.188200     881.2372     707.1967     786.4477
1997.191000     855.9496     715.7421     786.1604
1997.193700     873.5946     727.1575     782.7442
1997.196400     884.6094     717.9900     783.0082
1997.199200     904.5733     716.0297     777.3229
1997.201900     851.2546     699.0739     779.5046
1997.204700     881.9639     693.7741     767.2121
1997.207400     875.9380     726.3593     772.8042
1997.210100     907.4230     736.1548     785.4520
1997.212900     873.8885     703.9335     780.4460
1997.215600     896.8082     708.2766     779.1456
1997.218300     890.3169     721.2532     771.6629
1997.221100     898.8985     734.0948     757.4274
1997.223800     898.9965     710.7240     784.2582
1997.226600     857.0110     678.9839     774.9219
1997.229300     896.7347     716.0179     770.6341
1997.232000     870.3938     700.0188     767.9245
1997.234800     893.8198     684.0724     763.1806
1997.237500     865.6008     708.1299     753.0892
1997.240200     926.0723     683.4210     780.3412
1997.243000     893.9667     705.6296     793.4335
1997.245700     897.9677     712.8897     770.4167
1997.248500     937.3729     693.0463     782.0649
1997.251200     890.0229     692.7822     773.5593
1997.253900     889.8270     681.5077     778.2507
1997.256700     909.4153     707.1439     780.5742
1997.259400     911.8975     696.9434     788.2742
1997.262100     901.5032     699.4084     784.6523
1997.264900     874.5907     698.5280     770.4769
1997.267600     862.7593     707.1497     788.0161
1997.270400     886.2914     704.8138     807.2168
1997.273100     862.4981     714.6035     775.0189
1997.275800     904.1569     711.5868     790.1745
1997.278600     877.8241     680.7740     774.2580
1997.281300     904.0263     692.5005     787.2552
1997.284100     857.7133     695.7754     760.4224
1997.286800     867.4135     683.3975     772.0589
1997.289500     868.3280     694.1438     773.4001
1997.292300     890.4230     687.9989     775.4925
1997.295000     906.7371     683.4973     767.8895
1997.297700     862.7349     690.3289     756.7635
1997.300500     883.3928     709.8847     771.5911
1997.303200     859.7546     697.4422     778.0780
1997.306000     855.9251     691.1858     753.3512
1997.308700     894.2199     688.5388     787.2804
1997.311400     871.1042     667.6155     786.9815
1997.314200     891.2477     688.6621     781.2128
1997.316900     849.6950     677.7984     794.7670
1997.319600     930.4570     718.7236     774.4191
1997.322400     895.4936     673.7839     755.7678
1997.325100     921.4671     688.4801     752.7786
1997.327900     901.3644     686.7546     760.9018
1997.330600     860.4731     684.2309     772.8003
1997.333300     935.8869     681.9126     793.7169
1997.336100     884.7482     679.4417     788.9128
1997.338800     903.1934     678.1505     776.3524
1997.341500     926.8235     680.0932     780.0520
1997.344300     897.8289     703.7280     761.0319
1997.347000     869.3078     691.6553     776.9075
1997.349800     889.7698     696.3623     785.2870
1997.352500     891.4029     687.1889     795.6269
1997.355200     848.4049     693.7036     811.8248
1997.358000     884.6829     688.9321     789.2758
1997.360700     895.2487     700.9344     785.0948
1997.363400     879.6531     706.9971     782.4434
1997.366200     883.5234     698.8039     792.8978
1997.368900     852.9693     713.0012     787.8200
1997.371700     896.6123     717.8608     790.9199
1997.374400     882.5926     725.9132     775.8866
1997.377100     835.0957     722.5444     762.1441
1997.379900     866.7195     725.3322     769.7743
1997.382600     868.7363     721.2708     786.6787
1997.385400     879.8328     708.1299     772.3947
1997.388100     877.1628     696.0395     800.1223
1997.390800     862.5471     720.2026     770.1858
1997.393600     895.4365     731.3656     799.2197
1997.396300     873.3251     742.9101     769.8441
1997.399000     855.0759     751.1210     799.6953
1997.401800     860.5629     716.1940     796.7585
1997.404500     861.5101     726.1187     784.8716
1997.407300     859.3463     714.8324     796.9565
1997.410000     869.0139     727.4099     789.8795
1997.412700     845.6124     743.4031     798.7461
1997.415500     881.8169     731.2130     785.4345
1997.418200     900.7928     738.8722     775.0364
1997.420900     844.1917     732.4807     802.6592
1997.423700     874.1743     713.7701     800.4911
1997.426400     865.9764     711.9389     785.5645
1997.429200     873.7415     720.5841     781.2535
1997.431900     852.6345     713.4942     763.9919
1997.434600     861.5264     698.3872     788.3693
1997.437400     834.8997     683.4562     822.9333
1997.440100     835.1365     685.4693     785.2501
1997.442800     869.9366     728.3372     790.3783
1997.445600     858.9952     693.0287     790.9004
1997.448300     858.7094     706.0229     781.6126
1997.451100     856.8722     726.9286     777.0143
1997.453800     852.4794     681.7542     774.6132
1997.456500     862.1388     704.2328     794.3710
1997.459300     877.5955     699.5434     775.4906
1997.462000     852.5692     699.2499     802.2749
1997.464800     858.3175     699.1267     793.8741
1997.467500     840.3867     690.2996     789.4932
1997.470200     866.6623     707.3728     777.7985
1997.473000     889.0023     729.2410     786.4497
1997.475700     862.4817     701.1926     810.3127
1997.478400     881.7434     683.8612     788.0180
1997.481200     859.1667     688.0341     775.0655
1997.483900     867.5115     687.7406     797.2263
1997.486700     886.3568     690.6458     787.2455
1997.489400     904.5897     701.1398     801.7683
1997.492100     857.8602     716.1060     794.3477
1997.494900     862.1715     705.8116     789.7067
1997.497600     866.2704     700.9344     789.2700
1997.500300     874.2559     666.2891     822.7469
1997.503100     877.8650     706.4630     794.4448
1997.505800     870.9654     719.7272     801.3005
1997.508600     863.2983     709.5502     788.4664
1997.511300     778.9191     704.4910     770.8205
1997.514000     836.9900     738.7607     784.0855
1997.516800     853.6470     712.6021     793.7887
1997.519500     845.4246     730.2916     799.3187
1997.522200     863.9433     715.0613     794.4157
1997.525000     883.3112     735.9083     795.9627
1997.527700     892.2929     734.9927     780.6731
1997.530500     878.5100     726.6410     782.3366
1997.533200     854.8064     731.3598     774.3551
1997.535900     821.4434     732.1932     820.4837
1997.538700     858.5216     725.3850     770.8224
1997.541400     860.1057     688.2865     799.2663
1997.544100     872.3126     720.5371     800.8211
1997.546900     878.3467     721.6112     799.4682
1997.549600     887.6877     718.5945     786.7078
1997.552400     874.9908     722.2627     796.5236
1997.555100     895.4038     718.3128     782.5055
1997.557800     852.8713     736.0609     804.3848
1997.560600     853.2959     722.9552     774.9025
1997.563300     915.3351     723.8884     771.9443
1997.566100     881.3842     716.6929     790.2250
1997.568800     883.3520     708.4057     794.0760
1997.571500     880.3717     705.1308     795.7996
1997.574300     883.9807     714.5389     783.1363
1997.577000     883.8990     727.5977     770.2653
1997.579700     889.0513     735.8144     785.8014
1997.582500     901.5277     733.9774     775.0345
1997.585200     873.8069     732.6627     784.9667
1997.588000     882.4783     701.1104     766.0649
1997.590700     897.2083     713.6409     794.7515
1997.593400     898.6454     731.5006     781.5020
1997.596200     890.3006     730.7846     793.8411
1997.598900     895.0037     724.7042     790.8150
1997.601600     827.6572     742.5639     808.5425
1997.604400     857.9745     746.6605     789.5689
1997.607100     885.9485     723.0550     809.3694
1997.609900     842.4280     740.1399     769.0289
1997.612600     859.0523     726.2008     818.3893
1997.615300     858.5951     710.1606     783.1596
1997.618100     840.0846     713.0071     782.8025
1997.620800     851.2301     715.0847     791.1528
1997.623500     866.8501     725.6785     803.3832
1997.626300     882.2660     735.7498     788.1849
1997.629000     865.7723     700.2301     790.1959
1997.631800     867.4543     706.6919     801.6965
1997.634500     862.1715     716.1999     791.7429
1997.637200     862.8083     730.2270     803.0513
1997.640000     877.6935     681.3727     791.6380
1997.642700     875.9298     726.6410     807.1294
1997.645400     845.6451     721.0712     789.4874
1997.648200     859.9179     720.2613     809.6566
1997.650900     877.2036     714.4391     788.7304
1997.653700     861.4448     720.0031     768.5126
1997.656400     866.9889     722.6089     778.4720
1997.659100     874.6642     717.0098     781.3797
1997.661900     868.7689     716.6635     788.7090
1997.664600     880.5676     714.1868     792.0612
1997.667400     849.7604     713.8053     782.5851
1997.670100     862.0898     717.2270     810.4272
1997.672800     896.9225     694.1790     785.9003
1997.675600     860.6282     716.3349     797.3951
1997.678300     863.1758     687.0422     821.1087
1997.681000     865.3722     708.7520     783.5808
1997.683800     855.5821     697.2720     791.9913
1997.686500     880.8371     699.3086     804.2023
1997.689300     898.5964     681.5018     782.3191
1997.692000     903.4302     704.6378     779.6929
1997.694700     892.1622     706.1520     778.6234
1997.697500     914.0613     716.4229     791.5895
1997.700200     867.9606     724.9683     780.5082
1997.702900     864.5149     735.9318     785.7839
1997.705700     889.7290     721.4997     764.1297
1997.708400     888.8308     703.6048     763.5610
1997.711200     844.8776     698.9976     773.8854
1997.713900     834.2628     732.4044     756.9576
1997.716600     872.7046     700.3181     789.7436
1997.719400     887.4182     700.8757     776.7445
1997.722100     915.4657     697.4657     777.8121
1997.724800     875.4807     706.3868     790.0658
1997.727600     899.2823     699.9073     768.7882
1997.730300     858.3746     701.5624     775.3450
1997.733100     889.9413     706.6978     785.2637
1997.735800     860.6772     688.2219     765.5777
1997.738500     885.9730     686.9483     769.8461
1997.741300     889.6637     723.9706     780.8459
1997.744000     876.1911     712.1619     781.9135
1997.746700     889.1656     687.5293     780.5528
1997.749500     879.4490     688.3628     773.9824
1997.752200     878.3059     696.0924     764.3180
1997.755000     872.4188     687.6115     770.1236
1997.757700     908.8029     694.6133     778.4895
1997.760400     861.5591     702.6012     798.8897
1997.763200     896.3265     697.6418     794.9067
1997.765900     912.3874     702.8125     778.0916
1997.768700     900.1886     687.3181     793.2472
1997.771400     907.4067     705.8351     785.4248
1997.774100     938.4589     721.3236     766.9733
1997.776900     884.8544     701.3804     792.8318
1997.779600     891.8928     707.4373     797.3583
1997.782300     915.8821     683.3271     811.0716
1997.785100     915.6862     691.3971     807.6884
1997.787800     899.4619     688.1280     805.4116
1997.790600     936.2298     692.8409     805.0564
1997.793300     924.1535     681.7718     807.1391
1997.796000     965.3387     700.1479     782.1619
1997.798800     915.8903     703.8924     795.7064
1997.801500     915.1799     736.6243     797.6688
1997.804200     939.2918     716.1529     777.9130
1997.807000     950.5189     695.4526     797.0263
1997.809700     943.9622     704.9723     771.0806
1997.812500     944.8604     717.3209     787.2513
1997.815200     921.6876     684.3307     773.2992
1997.817900     904.6876     705.9407     767.8410
1997.820700     902.4422     676.7126     776.5096
1997.823400     914.1919     708.3881     789.9765
1997.826100     904.2386     687.1302     770.2343
1997.828900     904.0508     701.9849     782.6627
1997.831600     885.5158     685.8567     765.5331
1997.834400     929.6160     712.8134     778.6195
1997.837100     945.0645     710.6008     788.3072
1997.839800     965.5674     711.2053     770.2110
1997.842600     911.4403     700.8991     785.4869
1997.845300     942.7865     692.6941     779.4348
1997.848000     900.1233     708.5231     810.8601
1997.850800     924.6842     702.1669     762.4391
1997.853500     933.4373     698.8039     801.4732
1997.856300     914.7717     691.6964     774.0989
1997.859000     895.6733     693.2165     764.3762
1997.861700     945.6198     691.0273     797.0069
1997.864500     905.7083     697.0490     787.4279
1997.867200     936.2870     678.0449     783.5012
1997.870000     929.0118     682.3998     787.5114
1997.872700     923.7207     699.2910     801.3801
1997.875400     947.1793     704.6554     787.0436
1997.878200     927.0031     658.8588     809.2781
1997.880900     923.7860     713.0482     803.6220
1997.883600     946.0444     709.0924     767.1150
1997.886400     937.7730     682.4291     778.5244
1997.889100     903.7160     680.3162     798.0143
1997.891900     946.6078     682.0828     766.1639
1997.894600     926.6684     699.1325     781.8145
1997.897300     898.2943     708.3001     785.8868
1997.900100     926.6357     707.9127     767.8623
1997.902800     920.3648     687.4530     773.3069
1997.905500     902.4096     722.6618     806.7354
1997.908300     929.9263     707.8716     768.5281
1997.911000     884.4951     668.2552     789.5786
1997.913800     933.1107     681.8715     767.4431
1997.916500     936.6299     702.2373     761.2590
1997.919200     915.1391     703.3055     789.2564
1997.922000     911.5301     721.5114     737.0931
1997.924700     902.0584     687.3709     761.3152
1997.927400     885.6546     719.1814     761.5928
1997.930200     897.1512     701.6093     770.4653
1997.932900     907.8231     695.8869     773.4409
1997.935700     919.0421     684.5068     774.8675
1997.938400     914.1429     702.0319     762.0198
1997.941100     970.0827     679.1189     783.3032
1997.943900     902.7362     682.5054     782.8646
1997.946600     903.1771     693.5510     749.7098
1997.949300     894.3913     693.7154     776.9522
1997.952100     934.9805     690.0765     774.6404
1997.954800     923.3941     691.9605     775.1548
1997.957600     944.9829     694.5957     768.1050
1997.960300     931.6900     681.5077     786.7428
1997.963000     936.9238     673.5433     777.5384
1997.965800     935.7317     676.2548     765.5642
1997.968500     917.6948     689.6950     765.7272
1997.971300     902.0666     702.9533     748.3259
1997.974000     897.0940     707.3845     760.8280
1997.976700     919.9076     702.9357     750.2921
1997.979500     927.1338     701.5095     769.3841
1997.982200     910.8197     703.8748     776.2360
1997.984900     892.8073     716.6107     762.9360
1997.987700     890.5863     697.2720     762.5420
1997.990400     911.1300     689.7713     755.7697
1997.993200     909.8644     698.7804     768.1671
1997.995900     934.1477     711.6865     782.1910
1997.998600     884.0134     703.6928     771.5930
1998.001400     912.7875     670.1627     794.6195
1998.004100     909.2030     700.4179     761.4395
1998.006800     893.7789     703.4229     778.4895
1998.009600     921.0752     700.6350     758.0407
1998.012300     936.4421     700.5529     790.8247
1998.015100     907.5210     689.7244     807.7777
1998.017800     894.7751     688.3804     793.0511
1998.020500     866.8175     715.7245     774.6113
1998.023300     858.8482     705.9876     781.3117
1998.026000     873.7007     714.7502     769.9819
1998.028700     886.1200     690.8806     794.1905
1998.031500     868.0177     708.3059     772.7149
1998.034200     894.6689     714.5272     769.7374
1998.037000     861.4039     712.8956     770.2983
1998.039700     872.7535     688.4684     774.4774
1998.042400     889.3289     668.2670     793.3617
1998.045200     873.8640     686.0914     784.3980
1998.047900     852.1691     710.9881     761.5889
1998.050700     879.2612     712.4437     754.6264
1998.053400     877.4485     702.0554     754.6711
1998.056100     864.9231     689.4192     774.2580
1998.058900     815.1236     693.7623     776.7969
1998.061600     885.8750     691.9018     775.8691
1998.064300     887.2876     699.7488     773.0857
1998.067100     866.2622     672.5045     778.3342
1998.069800     846.3310     696.5736     778.2585
1998.072600     863.2248     688.2102     760.0749
1998.075300     888.8553     697.4070     777.1269
1998.078000     873.5701     697.8942     774.3764
1998.080800     903.3077     707.3258     766.8297
1998.083500     872.0840     687.7582     746.6682
1998.086200     855.8924     682.4350     773.9591
1998.089000     877.1873     685.9212     793.9285
1998.091700     878.0119     678.8020     776.3660
1998.094500     855.7618     685.0702     757.8951
1998.097200     862.4981     687.5176     767.9982
1998.099900     851.7282     686.9835     767.9982
1998.102700     893.7218     697.1899     771.8201
1998.105400     859.5014     669.2706     780.0675
1998.108100     874.7377     687.2711     787.5658
1998.110900     879.3102     688.6621     794.7806
1998.113600     863.0125     680.1636     798.6044
1998.116400     856.2109     668.2200     797.5757
1998.119100     868.1892     687.7172     779.8560
1998.121800     872.7862     660.9658     780.8556
1998.124600     879.5797     697.2544     784.7008
1998.127300     845.8656     691.0684     763.3533
1998.130000     876.1829     691.8020     768.3379
1998.132800     861.7632     709.9552     792.0146
1998.135500     892.4562     690.0883     778.3361
1998.138300     856.8477     670.7320     767.2005
1998.141000     874.1171     682.7695     738.9565
1998.143700     879.8164     670.5735     765.8883
1998.146500     898.0738     668.6015     770.5371
1998.149200     875.9543     667.3397     786.1818
1998.152000     883.8990     668.4137     779.3105
1998.154700     874.1416     676.3076     774.1455
1998.157400     888.9533     665.8548     764.2501
1998.160200     872.4351     678.5027     774.5123
1998.162900     897.4369     673.6959     781.6223
1998.165600     886.4058     679.9289     772.6218
1998.168400     906.1329     685.6512     775.8672
1998.171100     862.1959     669.6990     753.1396
1998.173900     878.3304     676.2020     768.5184
1998.176600     881.3597     685.3519     766.7346
1998.179300     879.5062     669.1121     789.1225
1998.182100     871.9452     665.9956     780.6440
1998.184800     867.8381     676.4602     749.4225
1998.187500     888.2511     689.0494     767.9070
1998.190300     881.3188     671.8236     753.4715
1998.193000     858.4481     673.7018     755.9463
1998.195800     856.9621     665.1035     763.9376
1998.198500     880.0859     675.8616     763.9453
1998.201200     880.5840     672.2990     759.0734
1998.204000     865.5682     662.5446     757.0702
1998.206700     853.8593     671.5654     757.9029
1998.209400     856.6110     683.7790     765.7971
1998.212200     866.2051     685.8977     772.4820
1998.214900     896.6204     675.6209     744.3157
1998.217700     885.0013     680.6097     767.6993
1998.220400     824.9871     690.1000     765.5370
1998.223100     817.6221     668.5193     765.3701
1998.225900     847.7109     650.3251     767.8138
1998.228600     866.3684     651.3875     769.8985
1998.231300     862.8737     664.7573     756.3190
1998.234100     861.6652     633.4398     770.3391
1998.236800     854.5615     666.9229     768.1613
1998.239600     844.6408     681.6896     728.8107
1998.242300     851.9486     674.4295     747.5475
1998.245000     831.3397     661.9460     769.9043
1998.247800     884.3645     648.7992     758.0524
1998.250500     862.6205     663.2313     762.9088
1998.253300     876.3952     659.2873     766.8161
1998.256000     865.0293     638.1292     751.9614
1998.258700     865.8621     643.1766     768.7533
1998.261500     864.8088     649.8380     769.1007
1998.264200     868.0504     649.7793     755.0263
1998.266900     893.4687     651.2055     781.3797
1998.269700     854.9126     633.2989     783.1635
1998.272400     871.4798     662.8674     792.5037
1998.275200     837.3574     658.6710     762.6157
1998.277900     839.9621     659.4399     768.0040
1998.280600     912.8447     644.2272     764.0210
1998.283400     841.6196     656.6814     759.9216
1998.286100     866.5072     656.5170     772.9731
1998.288800     853.0019     648.1184     773.3128
1998.291600     860.6772     634.8953     780.0035
1998.294300     868.5403     661.0773     773.8038
1998.297100     885.4096     641.0813     784.8347
1998.299800     814.2581     640.7292     804.0412
1998.302500     866.2296     662.6209     779.3358
1998.305300     859.8362     653.6588     784.9124
1998.308000     840.5010     649.7793     749.4672
1998.310700     867.9606     635.9693     778.4371
1998.313500     869.7161     657.3270     765.2536
1998.316200     878.9183     648.1242     769.9878
1998.319000     857.9990     637.8592     780.6596
1998.321700     870.4591     673.4435     779.5668
1998.324400     856.3660     663.2372     757.6855
1998.327200     847.9967     676.0729     759.3451
1998.329900     855.0432     636.1043     774.0406
1998.332600     857.0437     653.6412     783.5362
1998.335400     832.1235     659.7098     774.5570
1998.338100     860.1465     636.9084     767.4722
1998.340900     841.9054     658.2426     765.4865
1998.343600     864.6945     665.9839     753.1027
1998.346300     871.5288     672.0643     795.5997
1998.349100     868.1076     668.9008     801.5703
1998.351800     892.9461     659.0173     789.4951
1998.354600     852.9121     666.6530     761.1988
1998.357300     874.9418     664.1175     772.5169
1998.360000     861.9102     645.3129     793.6354
1998.362800     907.1944     647.9188     793.2588
1998.365500     844.1019     653.8349     795.4832
1998.368200     853.7613     649.2687     783.4042
1998.371000     847.9722     652.3206     768.1244
1998.373700     879.3755     650.6656     772.7460
1998.376500     860.7017     667.0638     773.9203
1998.379200     846.9842     660.3320     777.5636
1998.381900     864.3842     668.9595     756.3151
1998.384700     842.4035     678.5555     755.6901
1998.387400     837.0635     668.9302     790.1629
1998.390100     850.1523     660.0796     775.2518
1998.392900     882.7151     661.0715     765.6884
1998.395600     868.8098     654.1401     794.9727
1998.398400     870.2387     648.8813     782.7889
1998.401100     860.4894     640.4005     776.4378
1998.403800     835.1773     654.4218     771.0864
1998.406600     859.0034     659.3753     787.8977
1998.409300     824.8075     656.0886     766.4726
1998.412000     842.0442     646.8976     751.1734
1998.414800     844.8041     661.7112     764.3122
1998.417500     858.8237     648.0362     781.5194
1998.420300     814.3397     650.4543     762.0470
1998.423000     842.9016     665.0038     790.3065
1998.425700     832.7931     660.0796     781.5544
1998.428500     845.4818     662.1925     761.3579
1998.431200     829.3963     644.8023     782.9306
1998.433900     831.2009     645.1251     788.6916
1998.436700     867.4788     620.8329     778.5691
1998.439400     844.8041     629.7951     774.9238
1998.442200     836.4103     633.9738     776.5795
1998.444900     830.5885     647.3084     775.5158
1998.447600     837.6105     634.9012     756.9285
1998.450400     857.1172     639.6082     784.2252
1998.453100     850.8300     651.4931     772.3248
1998.455900     836.8512     676.8769     802.6359
1998.458600     841.6605     658.6417     791.6109
1998.461300     854.3084     659.0173     776.8396
1998.464100     827.3714     663.2430     787.5289
1998.466800     835.5856     656.5346     776.8027
1998.469500     830.6130     655.4254     799.6797
1998.472300     815.5563     667.2575     796.4809
1998.475000     844.2652     655.3550     790.6171
1998.477800     822.8887     657.7789     785.5645
1998.480500     827.1183     687.5763     821.0583
1998.483200     854.7983     660.9365     786.3973
1998.486000     872.0595     667.2927     775.1800
1998.488700     861.4448     673.8133     810.1011
1998.491400     840.3459     658.1486     805.8173
1998.494200     828.5880     657.5735     798.8917
1998.496900     857.3295     661.7523     784.7843
1998.499700     873.1210     639.2208     804.4702
1998.502400     846.7719     669.7519     827.1317
1998.505100     884.1358     679.2657     807.3410
1998.507900     869.8304     660.9365     772.2219
1998.510600     874.7295     659.9622     792.5814
1998.513300     884.8707     659.1464     809.5111
1998.516100     802.7860     635.9224     791.6031
1998.518800     873.5456     641.1341     825.2742
1998.521600     848.7642     666.6354     783.5032
1998.524300     867.3808     663.1667     783.9069
1998.527000     833.5034     669.3234     784.9687
1998.529800     876.1993     655.2728     775.6129
1998.532500     859.4279     680.2927     769.2871
1998.535200     895.4528     645.1427     786.8320
1998.538000     831.6010     660.4611     794.5962
1998.540700     853.2877     655.5017     785.1472
1998.543500     858.6931     661.9812     796.5721
1998.546200     885.7525     661.8110     756.0123
1998.548900     843.5303     667.1284     771.8997
1998.551700     839.5294     669.4760     773.0061
1998.554400     830.5721     653.0132     768.6504
1998.557200     810.0775     653.8877     777.3812
1998.559900     852.1201     652.0624     778.2255
1998.562600     839.5049     632.8000     782.6161
1998.565400     829.1269     660.2439     786.6884
1998.568100     827.1101     657.7554     765.5331
1998.570800     858.5543     668.9008     747.5669
1998.573600     839.2028     657.4854     792.0825
1998.576300     840.4520     641.3572     791.0460
1998.579100     833.3238     649.4389     778.4973
1998.581800     849.5807     654.3807     788.1151
1998.584500     836.2143     655.7423     759.9953
1998.587300     841.6196     655.5134     772.7848
1998.590000     816.2667     656.2236     765.7641
1998.592700     862.2531     660.0385     788.2703
1998.595500     861.0936     653.0660     780.2849
1998.598200     843.8814     668.3433     786.6962
1998.601000     817.9732     658.3658     774.3163
1998.603700     829.4045     662.4155     778.8272
1998.606400     812.1106     659.8624     769.9567
1998.609200     843.2853     679.4593     784.1515
1998.611900     848.5927     667.3749     776.0147
1998.614600     841.9789     666.3889     773.9261
1998.617400     834.1648     684.6007     780.3917
1998.620100     843.3017     673.1970     780.9391
1998.622900     803.4392     660.1383     772.6645
1998.625600     856.3823     661.3238     772.2083
1998.628300     854.3574     653.1423     774.4075
1998.631100     858.4889     633.9856     781.8708
1998.633800     923.8677     662.5622     795.5512
1998.636600     865.6498     668.0087     790.0173
1998.639300     837.6759     669.7519     798.7461
1998.642000     856.5293     669.8868     783.2392
1998.644800     790.4892     645.1310     773.9339
1998.647500     845.3511     673.6372     781.3816
1998.650200     830.3925     663.2489     772.4354
1998.653000     889.2228     646.5161     782.2997
1998.655700     875.4807     665.0801     794.9747
1998.658500     883.9154     653.2480     801.0598
1998.661200     870.7286     656.2353     779.2543
1998.663900     866.4092     669.2471     777.1405
1998.666700     872.5576     666.1717     762.2489
1998.669400     862.9716     675.9790     775.9545
1998.672100     867.2257     685.4810     782.2609
1998.674900     826.9713     680.2341     789.4408
1998.677600     852.8631     674.5880     777.0725
1998.680400     836.6552     645.5888     787.0339
1998.683100     855.4270     632.9761     788.5751
1998.685800     856.5701     650.1080     777.2259
1998.688600     836.1000     658.4128     772.6276
1998.691300     813.3272     656.4584     772.4665
1998.694000     850.9851     654.0344     778.2333
1998.696800     838.7210     655.6543     776.8221
1998.699500     866.5153     668.6895     773.6563
1998.702300     874.7377     635.1711     757.3691
1998.705000     864.3679     654.4629     776.8221
1998.707700     844.8204     666.5473     768.8639
1998.710500     853.1897     666.0661     775.0442
1998.713200     885.5158     628.1106     794.6758
1998.715900     878.9673     653.6471     821.4270
1998.718700     837.0063     612.5340     795.8171
1998.721400     879.4000     654.3866     805.9434
1998.724200     835.7325     640.7820     832.7471
1998.726900     870.2632     646.3166     759.6867
1998.729600     847.0087     671.2954     774.1144
1998.732400     847.3108     637.7066     778.1906
1998.735100     859.2891     624.2546     787.3289
1998.737900     864.1474     615.6505     785.4345
1998.740600     843.0975     618.5499     791.0654
1998.743300     850.5360     642.5779     803.3269
1998.746100     835.5937     619.1016     779.7085
1998.748800     846.8045     632.0018     778.9670
1998.751500     891.1008     612.9449     789.1089
1998.754300     882.0864     599.0234     790.0017
1998.757000     883.3030     638.4402     788.0957
1998.759800     883.0989     624.2135     782.6957
1998.762500     898.2616     624.6479     795.1882
1998.765200     838.3454     628.2808     794.4351
1998.768000     868.0422     643.3351     767.7905
1998.770700     878.8938     641.9793     784.8483
1998.773400     863.1676     642.4723     747.2874
1998.776200     879.2694     650.7536     773.8310
1998.778900     853.4674     628.0578     788.7187
1998.781700     875.8563     651.3816     762.8157
1998.784400     864.6292     632.5477     769.7568
1998.787100     940.8513     630.2587     806.7509
1998.789900     909.4888     624.9883     761.5598
1998.792600     864.9313     612.7571     778.2546
1998.795300     848.4621     614.4767     777.1366
1998.798100     873.7742     670.8552     804.8021
1998.800800     868.4750     627.6939     770.1411
1998.803600     858.3093     641.8150     773.4777
1998.806300     893.1502     632.3305     767.8061
1998.809000     883.3030     649.3685     775.9914
1998.811800     913.0325     660.9776     779.7880
1998.814500     901.3562     622.3178     782.0202
1998.817200     899.3231     662.4272     760.7718
1998.820000     931.5593     661.1360     771.9599
1998.822700     898.5801     637.8709     780.6848
1998.825500     898.0330     625.1937     770.4497
1998.828200     906.9412     637.3544     781.0846
1998.830900     886.3078     637.1432     771.9560
1998.833700     907.8149     680.3338     803.0164
1998.836400     868.4015     667.7446     810.3593
1998.839200     945.8157     648.3825     790.3162
1998.841900     913.7102     661.3943     776.4068
1998.844600     876.4524     680.6214     755.6377
1998.847400     878.0201     669.5347     784.4912
1998.850100     918.6665     662.0575     789.8154
1998.852800     933.6904     659.5924     792.3523
1998.855600     887.4346     663.7947     779.8307
1998.858300     889.8025     666.5943     784.1418
1998.861100     887.3529     653.5766     781.4864
1998.863800     918.7563     665.8020     777.9052
1998.866500     943.6356     635.9165     767.0646
1998.869300     904.4427     643.9572     770.8418
1998.872000     908.4518     671.3600     760.2108
1998.874700     902.1074     642.9536     783.4042
1998.877500     888.0715     656.8457     751.7052
1998.880200     906.6146     657.8493     781.8300
1998.883000     912.9753     673.0385     778.3672
1998.885700     875.4317     657.4268     770.6574
1998.888400     899.2659     678.8607     772.2335
1998.891200     897.2818     683.5266     776.4786
1998.893900     884.3481     645.5594     748.7975
1998.896600     866.8746     650.5071     772.6606
1998.899400     898.3514     647.8073     777.7150
1998.902100     901.3807     667.5040     772.5558
1998.904900     903.2261     660.2615     759.2131
1998.907600     875.5379     648.7698     771.1310
1998.910300     913.0651     651.1527     774.2386
1998.913100     923.0185     667.2692     775.0577
1998.915800     866.5153     673.7428     761.6161
1998.918500     903.3159     672.8273     773.3128
1998.921300     906.0512     658.7532     760.0477
1998.924000     874.5989     652.6552     762.2858
1998.926800     870.0264     649.5974     753.7394
1998.929500     868.2219     659.4340     765.2303
1998.932200     882.7233     662.1162     769.6947
1998.935000     869.5038     649.2218     772.8372
1998.937700     873.9048     667.7446     781.2652
1998.940500     913.5061     631.0217     768.3379
1998.943200     865.7478     642.8773     739.5582
1998.945900     892.4643     646.1463     764.9236
1998.948700     876.9178     634.9188     785.6849
1998.951400     884.1440     649.8087     766.0785
1998.954100     912.7385     632.2307     777.2395
1998.956900     837.9126     640.3183     770.8069
1998.959600     861.9592     672.2286     771.4998
1998.962400     906.6065     671.1487     764.4519
1998.965100     880.3472     640.6587     774.9083
1998.967800     877.7425     657.3387     753.4715
1998.970600     902.4749     647.6488     766.1096
1998.973300     892.2684     630.8808     776.3932
1998.976000     905.4470     646.1405     778.2352
1998.978800     886.3976     645.3423     800.0543
1998.981500     885.3769     665.1740     778.8428
1998.984300     879.9716     645.6827     817.4033
1998.987000     856.8232     631.7260     766.5832
1998.989700     882.9845     649.7617     790.1609
1998.992500     914.1266     638.1057     765.0770
1998.995200     883.8174     649.3509     785.4927
1998.997900     871.2838     643.8163     781.1623
1999.000700     874.8357     643.6813     770.6768
1999.003400     906.6555     637.7770     804.1266
1999.006200     867.1359     650.7242     753.2347
1999.008900     855.3698     655.5897     766.5696
1999.011600     879.0489     640.5824     774.5453
1999.014400     872.9577     655.0732     759.1995
1999.017100     868.4913     630.5287     754.9952
1999.019800     838.4107     651.2055     762.9826
1999.022600     858.0807     647.6019     725.1577
1999.025300     845.4001     658.9292     743.2365
1999.028100     859.6157     625.3639     784.8755
1999.030800     849.7195     633.0817     747.9920
1999.033500     861.1426     630.0005     757.2061
1999.036300     863.3309     635.8343     772.5790
1999.039000     870.3775     635.5233     744.7544
1999.041800     846.4045     650.4719     761.4142
1999.044500     825.9425     639.2032     761.3521
1999.047200     836.6960     634.5842     759.6557
1999.050000     851.2219     650.7301     772.8178
1999.052700     829.3963     653.2656     763.8677
1999.055400     850.8545     658.3306     776.2961
1999.058200     876.6157     637.3486     777.7674
1999.060900     857.5581     662.9672     759.2539
1999.063700     866.8093     655.0850     766.8297
1999.066400     885.2953     647.6899     773.5923
1999.069100     906.3697     656.9690     760.6262
1999.071900     885.2871     657.5324     787.7851
1999.074600     885.5647     648.3473     798.9907
1999.077300     879.2939     640.8759     792.3271
1999.080100     868.2545     648.3179     771.2883
1999.082800     841.8646     661.8755     786.4031
1999.085600     885.7199     636.5739     752.0526
1999.088300     881.6944     630.5463     773.1788
1999.091000     849.0418     639.5260     763.2970
1999.093800     870.4918     624.3720     777.9906
1999.096500     859.9995     627.2244     768.0584
1999.099200     859.5586     614.5354     764.6926
1999.102000     880.3880     625.8041     761.0687
1999.104700     884.5441     621.1968     767.8488
1999.107500     860.9875     632.3598     783.9108
1999.110200     881.8741     624.1959     775.8924
1999.112900     876.2483     628.1517     781.7757
1999.115700     854.3819     631.0100     791.4401
1999.118400     867.7646     658.9879     768.0720
1999.121100     850.8300     628.1282     804.6798
1999.123900     894.3015     625.5693     772.1287
1999.126600     878.8448     621.4785     754.2441
1999.129400     857.6643     632.6592     766.1601
1999.132100     811.5880     625.9684     809.5868
1999.134800     904.3692     621.5196     766.1096
1999.137600     896.6449     626.7549     789.7048
1999.140300     903.3894     639.8077     772.2258
1999.143100     857.5500     659.5807     768.9183
1999.145800     864.0250     633.3635     764.9566
1999.148500     859.3790     614.3182     759.5101
1999.151300     854.2757     633.5513     767.5712
1999.154000     853.7695     626.6433     775.1315
1999.156700     855.3045     636.7030     762.9011
1999.159500     871.7329     637.6362     790.4230
1999.162200     876.4197     630.8280     791.6691
1999.165000     846.7392     625.4460     780.7391
1999.167700     892.4480     644.3504     774.3667
1999.170400     860.9957     616.6952     770.7060
1999.173200     847.7680     623.6560     786.0090
1999.175900     856.9376     652.3617     780.8110
1999.178600     855.1657     595.7895     776.6649
1999.181400     867.9851     607.8270     775.0073
1999.184100     842.1667     633.8917     765.1973
1999.186900     853.9981     624.0257     754.1004
1999.189600     830.6130     638.9039     765.1352
1999.192300     864.3761     627.3300     782.3230
1999.195100     863.1431     607.4455     758.4677
1999.197800     879.7185     617.0767     770.4983
1999.200500     803.8066     579.8960     743.6150
1999.203300     885.6709     585.5303     784.2699
1999.206000     849.6542     616.6307     782.2046
1999.208800     887.0916     626.7959     768.2797
1999.211500     822.2763     544.6814     782.6219
1999.214200     898.9965     582.4608     766.9947
1999.217000     891.7131     595.8247     775.0888
1999.219700     864.3679     585.7005     762.0800
1999.222500     878.1507     572.1253     740.3210
1999.225200     880.0206     566.0273     732.6617
1999.227900     877.8486     572.9763     754.5178
1999.230700     889.5167     587.0739     766.1504
1999.233400     865.0783     597.4446     755.2961
1999.236100     850.9525     601.2654     767.1713
1999.238900     839.3661     593.6942     777.2356
1999.241600     876.6402     601.2184     770.0460
1999.244400     822.5539     581.6802     765.4807
1999.247100     806.0194     590.3547     777.0298
1999.249800     864.4904     590.3254     739.0963
1999.252600     850.0380     589.0224     758.6094
1999.255300     867.0216     606.3832     766.0979
1999.258000     865.6335     600.3204     777.9790
1999.260800     871.9125     597.3213     754.4382
1999.263500     864.0903     551.6422     730.4664
1999.266300     862.8492     597.9552     770.3566
1999.269000     864.4822     588.2595     762.9709
1999.271700     856.7334     581.9619     785.2676
1999.274500     896.3101     587.9132     759.9391
1999.277200     833.9770     569.2964     786.3313
1999.279900     884.7156     564.6481     816.3163
1999.282700     859.2157     586.0233     792.6745
1999.285400     868.5811     589.8441     764.9450
1999.288200     902.6300     590.6540     768.1768
1999.290900     841.6768     598.5656     773.1148
1999.293600     884.2420     569.6720     769.0813
1999.296400     870.2142     585.0725     766.3697
1999.299100     863.4779     595.5606     779.3203
1999.301800     869.3732     603.1376     776.5290
1999.304600     869.5038     596.9985     771.5154
1999.307300     878.8203     589.1985     769.7180
1999.310100     878.7550     591.7750     773.2235
1999.312800     849.3929     586.7981     770.7855
1999.315500     850.5932     598.4365     774.9355
1999.318300     849.5399     601.0189     778.1090
1999.321000     869.1609     581.3867     780.1277
1999.323800     861.3304     596.3647     776.4766
1999.326500     855.7209     590.9886     778.3536
1999.329200     903.4629     592.9489     777.0298
1999.332000     849.9482     615.5801     774.0698
1999.334700     869.7406     590.9358     801.3975
1999.337400     877.1954     589.7737     797.2301
1999.340200     875.7828     594.4103     794.0294
1999.342900     893.6646     588.9520     800.6638
1999.345700     881.6781     597.5678     794.3535
1999.348400     890.0638     593.5416     781.8979
1999.351100     899.2333     626.8840     786.4341
1999.353900     865.1191     601.8347     792.3659
1999.356600     866.6950     601.7995     779.8967
1999.359300     880.2982     609.7873     793.3345
1999.362100     874.2804     623.1923     779.9472
1999.364800     889.5902     585.2721     799.5613
1999.367600     842.8853     604.1471     774.4716
1999.370300     858.9952     597.0748     788.0141
1999.373000     856.6763     594.9268     766.9539
1999.375800     861.6979     576.9497     768.6523
1999.378500     860.9058     594.9737     783.1421
1999.381200     858.4971     606.0370     780.2597
1999.384000     861.9918     589.9204     760.6417
1999.386700     867.4870     588.7525     784.5319
1999.389500     866.5153     605.2153     795.6055
1999.392200     850.6095     590.0554     777.9441
1999.394900     827.1836     603.7539     781.7931
1999.397700     845.7431     590.2432     781.6650
1999.400400     842.6321     575.4061     801.3044
1999.403100     863.8780     587.0328     822.8285
1999.405900     818.2427     605.2857     776.0380
1999.408600     866.9154     599.0821     796.7954
1999.411400     844.7714     620.9914     781.7873
1999.414100     833.9117     612.9860     773.9475
1999.416800     849.1806     600.3028     775.5663
1999.419600     853.5408     599.3403     795.8714
1999.422300     829.3147     596.8929     786.1410
1999.425100     832.4175     623.6266     791.8244
1999.427800     821.1168     588.1421     789.2215
1999.430500     836.9328     590.5073     805.6736
1999.433300     841.1379     604.8103     805.5339
1999.436000     842.8608     605.1507     796.2305
1999.438700     836.3694     628.7914     805.3572
1999.441500     834.2465     599.1525     810.3360
1999.444200     833.8464     611.7945     794.9980
1999.447000     858.0807     570.3587     791.5352
1999.449700     865.7396     599.3051     804.9283
1999.452400     857.4193     589.8617     780.7100
1999.455200     874.5336     598.6419     785.9760
1999.457900     857.9664     601.6234     767.2296
1999.460600     862.9227     589.7913     806.9295
1999.463400     841.6196     604.1706     774.8772
1999.466100     833.8627     601.9168     793.9226
1999.468900     834.5241     610.8496     776.1117
1999.471600     825.0851     586.1525     790.1163
1999.474300     877.3914     602.2279     780.7760
1999.477100     842.8608     631.9842     790.7587
1999.479800     869.1690     582.5723     772.5946
1999.482500     854.9697     576.3452     775.0131
1999.485300     844.6244     582.9245     787.4241
1999.488000     835.3406     576.0224     787.9035
1999.490800     846.1840     583.4351     806.6655
1999.493500     807.4483     594.4455     756.6645
1999.496200     805.2519     599.3697     767.6896
1999.499000     832.9727     616.4546     762.0004
1999.501700     810.2326     596.3060     806.8907
1999.504400     801.4714     605.7670     774.8306
1999.507200     822.7090     610.6383     760.2943
1999.509900     825.0443     606.8528     781.9562
1999.512700     809.7345     629.2140     780.7857
1999.515400     802.9901     586.7570     772.2103
1999.518100     823.7460     613.0681     780.9197
1999.520900     817.8344     582.4021     769.6384
1999.523600     811.1553     623.0456     770.8282
1999.526400     866.9889     606.5358     788.6294
1999.529100     806.6318     572.9705     737.1416
1999.531800     819.5981     573.4752     779.7492
1999.534600     830.0087     592.6554     773.5748
1999.537300     804.7048     602.2925     787.4396
1999.540000     823.3214     594.1872     778.0722
1999.542800     822.1946     606.2893     776.6067
1999.545500     791.7303     630.4817     781.0905
1999.548300     821.3700     596.4351     775.6168
1999.551000     789.6890     632.1662     796.4188
1999.553700     799.4137     607.7801     776.1428
1999.556500     819.5328     608.6546     775.1684
1999.559200     762.1641     598.3308     792.5620
1999.561900     806.4766     621.5490     781.5641
1999.564700     806.8686     623.0280     808.7579
1999.567400     834.5404     608.0324     790.4210
1999.570200     836.0673     609.8929     796.5663
1999.572900     830.2210     595.6780     791.8593
1999.575600     789.8850     626.3968     783.9748
1999.578400     800.8916     600.5376     786.6554
1999.581100     808.4934     624.9178     771.5503
1999.583800     839.3497     613.0505     808.8239
1999.586600     822.2436     606.8117     779.1844
1999.589300     837.5860     624.7007     757.7923
1999.592100     855.9496     626.9309     790.9994
1999.594800     815.3114     590.1610     781.5738
1999.597500     844.0937     602.8207     775.3683
1999.600300     815.3930     611.9530     791.6788
1999.603000     796.6702     602.1692     798.3249
1999.605700     817.8263     616.1905     788.4198
1999.608500     823.9257     611.0316     781.1138
1999.611200     823.2480     599.4342     820.6138
1999.614000     804.2884     597.7498     782.0765
1999.616700     869.0221     605.2329     792.9871
1999.619400     820.4718     604.6577     792.9871
1999.622200     825.8445     583.8576     778.6487
1999.624900     834.2710     612.0939     789.7552
1999.627700     819.7043     603.3313     799.9845
1999.630400     821.5578     610.6090     780.0404
1999.633100     826.2609     605.7846     790.1143
1999.635900     808.9589     603.8654     771.3620
1999.638600     802.6390     600.6374     778.0799
1999.641300     787.1251     610.6501     804.0063
1999.644100     813.9968     616.3020     798.8451
1999.646800     792.9387     613.6198     784.8716
1999.649600     792.7836     623.8203     783.9283
1999.652300     840.7296     586.3990     791.2304
1999.655000     845.2042     601.4414     791.7234
1999.657800     807.2768     616.0438     794.3070
1999.660500     753.4600     594.7976     800.8443
1999.663200     884.9197     644.2682     859.0326
1999.666000     776.8288     598.5421     780.7624
1999.668700     789.2562     612.9097     784.3786
1999.671500     800.3609     604.6108     771.8609
1999.674200     802.9084     603.8360     791.6963
1999.676900     835.0793     619.0546     779.4076
1999.679700     826.1793     605.6379     765.9097
1999.682400     825.5995     592.5380     782.1716
1999.685100     824.5952     602.2044     766.1989
1999.687900     819.1654     606.6415     785.6073
1999.690600     824.9300     582.1732     797.8785
1999.693400     809.7590     590.7362     807.7214
1999.696100     806.1010     608.1322     786.4225
1999.698800     832.8747     588.8288     782.1872
1999.701600     818.4305     596.9751     778.1906
1999.704300     771.5867     581.0992     786.7272
1999.707000     798.9483     581.6919     780.5645
1999.709800     801.0468     592.8197     785.7800
1999.712500     804.8926     582.2965     779.5299
1999.715300     803.8719     571.5854     789.8406
1999.718000     794.3840     608.1909     777.6646
1999.720700     825.4281     572.7768     787.6143
1999.723500     819.8676     574.9190     771.5212
1999.726200     819.7941     585.4423     776.2573
1999.729000     866.4092     585.2897     772.7343
1999.731700     856.8967     566.1212     777.4646
1999.734400     811.7432     607.7742     756.8509
1999.737200     820.8719     608.7720     793.8489
1999.739900     844.8612     574.9249     765.3409
1999.742600     787.6150     579.7610     767.4411
1999.745400     844.7469     609.9223     766.9733
1999.748100     850.2094     596.5408     797.6358
1999.750900     827.2571     590.4838     790.0852
1999.753600     806.0520     594.1403     783.7477
1999.756300     853.6470     601.7349     775.4634
1999.759100     850.0543     577.6423     777.1696
1999.761800     835.2508     581.0170     781.7582
1999.764500     862.6042     592.6319     782.7481
1999.767300     863.3881     577.1551     773.2157
1999.770000     861.1345     607.2108     772.1811
1999.772800     847.6782     602.9615     782.2027
1999.775500     868.1974     591.8924     820.9068
1999.778200     830.3435     598.6478     771.2844
1999.781000     850.6993     611.3074     769.0697
1999.783700     834.2873     583.5818     761.8277
1999.786400     840.6317     587.4437     766.5056
1999.789200     874.6070     592.9841     797.6785
1999.791900     865.3804     596.1123     783.7167
1999.794700     848.1845     616.4781     772.5092
1999.797400     840.5827     622.0596     768.3088
1999.800100     843.9059     594.2283     767.1150
1999.802900     863.0941     606.2776     744.9271
1999.805600     844.5836     591.8807     760.4340
1999.808400     880.8943     598.4717     788.3926
1999.811100     848.2825     601.2243     770.8806
1999.813800     840.0438     606.9349     767.7769
1999.816600     830.4333     606.9760     759.0442
1999.819300     866.0907     580.3303     734.5795
1999.822000     819.2470     595.2789     789.2991
1999.824800     855.4678     620.4456     741.0606
1999.827500     854.3900     593.0252     760.6126
1999.830300     809.3018     602.8911     751.0278
1999.833000     822.8397     593.5534     749.3565
1999.835700     818.8877     611.2076     771.0903
1999.838500     787.4354     604.9981     749.8515
1999.841200     807.3340     615.7327     759.2015
1999.843900     830.4170     597.9493     741.4333
1999.846700     813.6293     598.3484     750.3969
1999.849400     823.7950     603.3196     764.4617
1999.852200     811.2941     582.9303     773.1225
1999.854900     820.3901     613.5670     769.1337
1999.857600     804.9497     629.7833     785.0676
1999.860400     802.6880     594.1872     784.5086
1999.863100     809.3508     605.8198     777.1036
1999.865800     805.9541     609.6934     758.6871
1999.868600     847.4578     600.6491     755.0729
1999.871300     853.1489     605.6731     794.9203
1999.874100     814.2091     613.8546     787.3387
1999.876800     826.8080     602.8266     768.3107
1999.879500     797.6256     605.9020     769.3919
1999.882300     817.7446     617.3467     786.1993
1999.885000     805.5295     591.5755     756.6742
1999.887700     820.9209     618.0510     767.5033
1999.890500     827.9593     608.0500     754.7720
1999.893200     813.8906     586.8626     762.8739
1999.896000     839.4804     610.3507     775.2383
1999.898700     828.5063     601.5530     784.8192
1999.901400     806.0112     607.0464     788.6760
1999.904200     819.8757     590.6540     787.5580
1999.906900     800.2956     594.4807     789.5398
1999.909700     833.1687     614.0659     777.2996
1999.912400     843.7834     595.2554     756.1210
1999.915100     819.0020     606.3245     784.9842
1999.917900     833.8300     596.9751     790.4579
1999.920600     820.8555     587.1913     807.5118
1999.923300     807.4728     568.9325     796.6226
1999.926100     855.8353     602.6329     765.6884
1999.928800     839.0313     608.4550     765.7253
1999.931600     828.7921     608.7602     770.0965
1999.934300     818.0467     593.5240     802.2632
1999.937000     826.1548     606.5006     785.4190
1999.939800     834.3281     586.4987     787.8647
1999.942500     806.1827     609.6347     764.6305
1999.945200     801.9694     597.3155     806.7994
1999.948000     809.5876     587.7195     810.3496
1999.950700     839.9295     586.3696     776.8823
1999.953500     820.6514     586.2170     784.8600
1999.956200     838.9170     585.0843     783.4508
1999.958900     844.2978     590.2315     785.9139
1999.961700     796.7927     599.2112     787.3891
1999.964400     816.9118     584.6030     785.5316
1999.967100     813.5804     593.2717     769.6461
1999.969900     768.8024     546.8002     793.3597
1999.972600     795.6741     604.4171     771.2747
1999.975400     822.8152     564.8300     807.7040
1999.978100     817.6058     583.2414     780.5916
1999.980800     807.2197     587.0563     805.1864
1999.983600     799.4546     595.3904     766.2105
1999.986300     798.2624     571.8319     780.1491
1999.989000     807.5381     568.6215     787.2649
1999.991800     823.5582     593.9642     793.8935
1999.994500     820.7086     595.7719     790.7859
1999.997300     811.0818     593.0252     767.4062
2000.000000     814.2744     604.3525     789.8193
2000.002700     797.9685     605.9548     791.3605
2000.005500     807.8729     587.8134     791.3061
2000.008200     820.7984     587.8956     764.4849
2000.011000     810.4204     596.1299     770.5837
2000.013700     810.8042     568.7095     770.6807
2000.016400     837.9861     577.0612     793.9576
2000.019200     814.9195     579.5028     773.6194
2000.021900     808.6567     579.9253     767.5362
2000.024600     794.1635     580.3773     754.2033
2000.027400     812.8945     581.2283     748.2870
2000.030100     819.7614     578.3818     762.2528
2000.032900     809.4161     580.6472     760.8707
2000.035600     817.6466     592.6378     782.6569
2000.038300     808.1995     607.2812     776.0069
2000.041100     812.3556     590.9006     782.5831
2000.043800     825.6485     581.2576     793.5810
2000.046500     803.8556     592.6319     785.8363
2000.049300     817.5405     578.4698     783.0994
2000.052000     805.7336     572.8413     778.6351
2000.054800     811.3104     557.5641     775.3567
2000.057500     834.0505     570.8693     762.8312
2000.060200     802.1491     585.4364     770.5876
2000.063000     783.9407     568.3984     765.8476
2000.065700     827.0774     569.0851     787.0417
2000.068400     830.4415     585.8003     775.6517
2000.071200     830.7926     586.6396     761.5676
2000.073900     794.0002     610.6618     774.5453
2000.076700     825.2239     579.5849     773.1847
2000.079400     792.9469     586.8626     769.0017
2000.082100     816.2667     575.4942     781.2438
2000.084900     868.9567     565.9862     793.4413
2000.087600     818.1202     571.1276     778.6603
2000.090300     826.8080     568.6273     779.8327
2000.093100     812.7393     557.5289     771.9967
2000.095800     819.9166     578.5755     774.3978
2000.098600     813.6620     555.0815     790.9315
2000.101300     829.1351     561.9307     788.1791
2000.104000     812.0780     574.0328     778.1149
2000.106800     840.1091     564.9650     784.3766
2000.109500     827.7143     552.3641     791.1256
2000.112300     812.5026     561.1501     769.5083
2000.115000     796.2701     553.2327     790.5414
2000.117700     825.9016     556.8598     784.1476
2000.120500     797.2010     552.9451     782.3774
2000.123200     817.9406     572.9881     782.3502
2000.125900     813.8580     576.3980     777.3520
2000.128700     805.7826     566.4675     773.6699
2000.131400     812.7475     568.8504     772.2413
2000.134200     835.3733     552.7397     770.2090
2000.136900     834.8425     555.2399     785.1103
2000.139600     827.5755     579.6025     793.7344
2000.142400     804.8599     552.1821     770.7487
2000.145100     817.7364     577.2960     777.2783
2000.147800     827.9674     560.7627     771.5639
2000.150600     815.9564     569.6075     749.5759
2000.153300     821.3373     546.8354     765.2827
2000.156100     817.5160     560.8801     768.7979
2000.158800     817.9896     560.6101     767.8410
2000.161500     838.0760     546.2778     760.7834
2000.164300     792.0732     535.8660     750.7949
2000.167000     803.4473     565.6400     767.9594
2000.169700     850.0216     526.1762     770.5740
2000.172500     812.9843     548.6489     759.1083
2000.175200     837.4064     549.8462     764.8615
2000.178000     816.8301     541.9582     772.0123
2000.180700     824.1053     559.6887     765.8281
2000.183400     847.2945     550.9496     776.2224
2000.186200     813.3926     559.0901     803.3541
2000.188900     782.4546     583.5701     726.4679
2000.191600     856.9947     588.9051     748.2890
2000.194400     835.6019     557.7402     769.4831
2000.197100     783.4263     592.6848     747.8561
2000.199900     830.0414     541.1893     746.1733
2000.202600     843.8977     570.8752     770.3372
2000.205300     747.8995     523.2592     718.2146
2000.208100     848.7315     556.3551     791.3644
2000.210800     806.4766     529.9852     748.9470
2000.213600     806.6073     543.6602     757.5535
2000.216300     801.0223     546.1722     768.9066
2000.219000     808.9834     526.8218     751.2685
2000.221800     787.9661     546.8236     749.6380
2000.224500     832.8257     544.2354     756.7713
2000.227200     765.2505     518.8281     765.9388
2000.230000     793.7553     551.7772     786.7874
2000.232700     804.7538     533.3071     777.4122
2000.235500     803.4555     552.8982     764.8421
2000.238200     801.8960     519.4913     764.6616
2000.240900     817.1404     556.1027     771.0786
2000.243700     787.5742     557.1826     753.1493
2000.246400     847.2945     537.1162     762.9904
2000.249100     839.2354     536.7229     758.8676
2000.251900     821.8435     559.0196     731.6621
2000.254600     827.0693     566.6084     755.8066
2000.257400     808.6078     556.7776     766.0630
2000.260100     831.2335     535.9776     782.9170
2000.262800     790.1381     559.2896     792.1311
2000.265600     784.8797     544.4232     735.6800
2000.268300     736.8275     573.5339     764.8072
2000.271000     823.0683     557.8223     769.3336
2000.273800     827.0529     541.4182     748.7704
2000.276500     774.3139     548.4611     774.5783
2000.279300     782.1280     552.9040     765.1604
2000.282000     783.7447     557.4526     774.7025
2000.284700     795.2250     543.4665     775.7352
2000.287500     809.5386     557.3704     777.3229
2000.290200     794.7596     540.2150     776.4922
2000.293000     782.3158     557.1533     772.1035
2000.295700     791.3465     564.7479     755.8901
2000.298400     767.3245     541.1717     763.5164
2000.301200     780.1684     547.7510     769.5316
2000.303900     798.8830     521.6628     758.4522
2000.306600     798.1808     559.6770     775.6789
2000.309400     762.1314     555.3456     782.1580
2000.312100     761.2006     541.5239     788.3577
2000.314900     778.8701     553.3912     770.2226
2000.317600     795.7966     540.7785     772.5616
2000.320300     793.2082     546.9938     751.9556
2000.323100     775.4734     538.1902     766.8588
2000.325800     767.3817     520.3188     770.0906
2000.328500     777.3187     540.9898     756.6335
2000.331300     781.6218     538.6656     760.2768
2000.334000     785.5982     533.2073     767.5809
2000.336800     754.1622     545.5501     771.7735
2000.339500     753.9091     557.6521     757.3672
2000.342200     765.1934     542.0462     774.5298
2000.345000     776.3552     532.6733     774.6851
2000.347700     781.8504     530.6191     763.3824
2000.350400     775.5224     539.1234     770.5720
2000.353200     769.2352     549.7523     775.6206
2000.355900     771.7337     539.6986     779.8385
2000.358700     770.8274     531.2412     775.2111
2000.361400     782.3566     530.5545     773.4234
2000.364100     769.5699     539.2642     773.7417
2000.366900     769.8721     547.4868     787.3231
2000.369600     782.6996     539.7573     778.5691
2000.372300     776.6492     558.7790     774.3260
2000.375100     779.8907     550.2571     783.1965
2000.377800     765.2016     544.4291     791.8981
2000.380600     785.6880     534.2462     772.8294
2000.383300     780.4541     532.2096     773.7961
2000.386000     768.9086     533.9879     779.1960
2000.388800     775.6122     561.0738     769.2851
2000.391500     766.1651     533.2073     787.8453
2000.394300     755.7544     535.6548     787.6725
2000.397000     768.2227     546.8060     779.6172
2000.399700     752.4475     554.2774     790.2424
2000.402500     751.5983     545.2801     810.1108
2000.405200     776.8941     523.9576     815.6816
2000.407900     768.4431     545.9668     802.8999
2000.410700     774.6487     551.7889     787.4493
2000.413400     768.0512     543.4724     793.1462
2000.416200     766.4018     554.6237     763.0777
2000.418900     778.9762     537.1103     785.8926
2000.421600     775.5224     548.5492     803.9092
2000.424400     775.1059     530.2024     799.6312
2000.427100     782.0627     545.0688     793.0783
2000.429800     776.5512     546.3600     778.2624
2000.432600     792.8489     557.1885     795.1300
2000.435300     772.9340     536.7464     786.6088
2000.438100     758.7592     542.2810     786.3254
2000.440800     792.4325     536.0186     796.7546
2000.443500     784.4796     547.0819     781.2690
2000.446300     791.9344     548.7135     784.9143
2000.449000     782.4954     556.4020     779.2077
2000.451700     759.0042     546.4422     785.4888
2000.454500     784.2346     556.0616     773.2856
2000.457200     765.5118     539.0177     761.7578
2000.460000     776.9676     543.4783     776.4184
2000.462700     752.5618     537.1103     747.0060
2000.465400     761.4456     543.3785     759.6382
2000.468200     785.2063     549.8051     777.6024
2000.470900     756.8322     530.8304     787.1950
2000.473600     775.2039     539.6634     793.6761
2000.476400     780.6583     541.0308     789.1069
2000.479100     786.6760     554.4828     771.7386
2000.481900     756.5546     541.5884     776.9988
2000.484600     800.1323     542.4160     789.7358
2000.487300     777.8903     531.0299     804.7769
2000.490100     770.7866     539.2408     765.1662
2000.492800     756.8159     558.9961     779.7861
2000.495600     754.4725     567.6413     781.4729
2000.498300     763.2664     543.9361     798.1250
2000.501000     787.2476     574.4906     743.6286
2000.503800     773.5791     538.4484     764.8673
2000.506500     762.6703     549.1948     779.9161
2000.509200     749.0671     553.8079     769.7102
2000.512000     773.0810     569.5429     779.8094
2000.514700     787.6069     554.4828     788.8313
2000.517500     795.9435     557.1709     793.8450
2000.520200     761.9110     546.0372     779.5182
2000.522900     760.4902     559.7885     758.3241
2000.525700     753.3865     562.0481     774.8928
2000.528400     761.3884     562.1772     777.2608
2000.531100     744.6906     563.6856     763.0913
2000.533900     778.2985     548.9307     790.2288
2000.536600     759.1022     567.8174     763.6852
2000.539400     746.4134     571.8025     767.4159
2000.542100     720.5624     563.5623     787.1989
2000.544800     760.4004     549.5528     788.8177
2000.547600     758.7837     561.4553     775.7410
2000.550300     756.1790     553.0273     804.0335
2000.553000     770.1252     546.7180     784.7920
2000.555800     756.4730     563.8499     815.0838
2000.558500     760.3433     528.4299     777.2589
2000.561300     764.5728     552.8864     788.0394
2000.564000     799.5444     550.2277     799.6215
2000.566700     765.9773     556.5370     805.8561
2000.569500     772.2155     562.2007     759.9992
2000.572200     779.9724     571.0982     783.9845
2000.574900     765.0791     548.1501     810.6407
2000.577700     758.2121     565.3582     776.1467
2000.580400     754.4888     550.2982     815.7534
2000.583200     756.0157     545.5090     795.2154
2000.585900     778.2495     546.8941     810.6349
2000.588600     779.3192     547.8507     796.5294
2000.591400     771.1703     551.3839     801.3548
2000.594100     791.8446     546.6182     785.0715
2000.596900     773.9057     576.6739     804.3304
2000.599600     751.5657     581.3222     764.0482
2000.602300     796.9397     567.4359     786.7117
2000.605100     786.6352     558.4503     795.5376
2000.607800     802.9411     550.4977     796.9079
2000.610500     816.2667     573.1465     765.9834
2000.613300     762.8092     561.4318     782.0144
2000.616000     759.8452     552.0002     790.5860
2000.618800     780.5276     565.5637     786.4516
2000.621500     798.1726     555.9031     809.9730
2000.624200     784.7245     586.9330     809.4586
2000.627000     745.2213     580.3538     792.5387
2000.629700     751.2309     553.1564     796.6498
2000.632400     773.5709     576.8206     777.6917
2000.635200     765.3975     570.0242     785.8149
2000.637900     757.9264     562.8815     792.7114
2000.640700     775.3101     574.5082     799.1712
2000.643400     788.6438     558.6147     792.0379
2000.646100     784.2020     555.5686     765.6632
2000.648900     770.0354     544.9925     814.6761
2000.651600     765.5282     592.0392     775.9603
2000.654300     739.0648     553.3383     813.6260
2000.657100     780.7808     580.5886     799.1615
2000.659800     758.5959     554.6530     811.9354
2000.662600     772.1746     543.2435     795.9704
2000.665300     780.9196     559.2896     788.6411
2000.668000     813.3926     567.1425     833.1722
2000.670800     811.2778     534.3225     783.7730
2000.673500     757.9754     565.6047     780.2811
2000.676200     774.8610     562.9402     777.2375
2000.679000     763.1113     563.7149     784.0816
2000.681700     765.9691     563.4156     759.7877
2000.684500     768.9167     569.2671     780.1957
2000.687200     777.4902     551.7067     783.9418
2000.689900     771.6031     565.3582     765.1100
2000.692700     772.6319     541.1658     792.9851
2000.695400     790.8240     550.6151     766.7521
2000.698200     757.2487     569.8540     778.9612
2000.700900     767.9532     541.1482     756.5092
2000.703600     794.2615     549.7641     792.9909
2000.706400     816.8873     548.9248     768.9687
2000.709100     808.9344     568.3750     761.9267
2000.711800     727.8458     576.2396     806.1259
2000.714600     802.1491     590.7714     781.3389
2000.717300     790.9546     544.7695     765.1430
2000.720100     784.4061     573.9213     785.2307
2000.722800     803.8066     568.3926     795.9238
2000.725500     778.4128     570.8576     790.3977
2000.728300     811.7922     551.9004     774.1765
2000.731000     802.8676     564.6950     790.0347
2000.733700     779.1151     528.4006     796.4557
2000.736500     807.7422     592.0450     774.8248
2000.739200     783.2956     583.5818     768.8814
2000.742000     796.5559     564.2431     776.1564
2000.744700     800.3201     571.0806     760.6592
2000.747400     811.5554     539.5929     774.4483
2000.750200     806.4113     558.8494     765.8941
2000.752900     787.7212     556.5839     764.0540
2000.755600     798.8177     589.2103     766.6007
2000.758400     765.0138     587.7136     736.2158
2000.761100     785.4676     568.7565     773.7825
2000.763900     780.0459     562.2418     772.7945
2000.766600     766.1324     565.8865     767.7925
2000.769300     772.7135     539.9333     761.0629
2000.772100     789.1827     537.6326     771.1990
2000.774800     803.7821     557.4115     751.1869
2000.777500     771.7990     532.8611     761.8781
2000.780300     720.5543     565.2996     771.9482
2000.783000     786.2596     556.3785     748.7839
2000.785800     788.6438     549.8756     755.9988
2000.788500     751.3860     556.0029     749.8981
2000.791200     782.6016     544.1591     751.6877
2000.794000     782.2750     542.6272     778.5458
2000.796700     759.2083     560.0643     784.4970
2000.799500     762.1314     550.3451     761.4763
2000.802200     785.6717     545.6616     767.2296
2000.804900     792.2774     551.5717     760.8882
2000.807700     769.6189     567.4770     761.1735
2000.810400     784.9287     534.3459     779.8036
2000.813100     784.6102     544.2119     765.7175
2000.815900     789.2807     528.9757     755.1214
2000.818600     769.7741     566.9018     773.0468
2000.821400     815.9483     572.3777     766.6511
2000.824100     790.2524     562.6819     781.3040
2000.826800     794.9555     547.4927     766.8297
2000.829600     773.1708     550.2571     758.8540
2000.832300     777.4330     559.0666     765.9427
2000.835000     797.7317     551.5541     757.2546
2000.837800     781.4340     553.1447     732.4113
2000.840500     772.6972     541.0132     757.4565
2000.843300     770.7376     537.4918     748.5840
2000.846000     775.6693     547.2932     789.2117
2000.848700     782.1525     571.8260     758.6774
2000.851500     765.2669     553.4675     777.0221
2000.854200     779.1151     555.8855     761.7597
2000.856900     771.6766     535.7897     764.7761
2000.859700     776.9023     549.9871     779.9841
2000.862400     769.7087     554.5356     788.0432
2000.865200     764.7525     543.2846     769.5025
2000.867900     779.7519     554.5298     787.4590
2000.870600     743.0984     540.0742     762.2042
2000.873400     773.3668     551.7126     779.4833
2000.876100     776.5104     548.8954     781.3816
2000.878900     786.2188     542.5333     774.1066
2000.881600     745.6786     561.2499     793.6179
2000.884300     756.2688     553.6846     790.1260
2000.887100     729.3972     496.7016     788.1306
2000.889800     794.4330     544.3645     742.1806
2000.892500     772.3379     561.7664     789.2972
2000.895300     794.5636     560.5632     785.3161
2000.898000     787.4681     552.1880     773.0527
2000.900800     770.3211     555.4923     769.0250
2000.903500     796.7274     529.7915     779.0582
2000.906200     754.4888     566.4734     759.8168
2000.909000     761.1843     575.8287     779.6172
2000.911700     757.9427     542.7974     803.7248
2000.914400     734.1166     547.8860     772.6353
2000.917200     741.2204     565.9804     797.8959
2000.919900     746.2910     536.0891     784.9143
2000.922700     770.5824     537.0223     780.7974
2000.925400     759.8942     573.2404     797.4514
2000.928100     747.1156     542.6272     781.1739
2000.930900     736.7377     561.2205     775.3295
2000.933600     791.0199     563.3334     777.9906
2000.936300     714.5528     568.9560     755.6338
2000.939100     760.6454     571.8906     777.8664
2000.941800     719.8684     549.2535     808.1193
2000.944600     744.2660     549.0832     827.8771
2000.947300     739.8405     536.2123     812.0441
2000.950000     775.1468     536.0891     792.0049
2000.952800     768.3043     536.5234     778.7496
2000.955500     769.8639     549.8110     775.9526
2000.958200     735.2353     544.8575     803.5793
2000.961000     793.5185     555.4219     768.0933
2000.963700     778.0536     557.6932     777.4142
2000.966500     758.2530     545.9257     761.8316
2000.969200     782.2505     544.9573     787.6492
2000.971900     775.0243     581.6626     777.0415
2000.974700     769.5128     552.3699     787.6395
2000.977400     754.7909     567.7176     769.0871
2000.980200     758.2530     557.0183     779.2038
2000.982900     767.8961     506.3386     771.3892
2000.985600     771.3581     519.4326     770.0208
2000.988400     802.7043     564.6246     758.6308
2000.991100     772.5339     563.1104     754.6575
2000.993800     770.2313     557.5230     793.1249
2000.996600     792.4652     552.1293     774.3299
2000.999300     792.8081     540.4381     790.2463
2001.002100     774.8038     540.9076     803.9092
2001.004800     757.2323     547.3166     796.9836
2001.007500     746.7155     547.3284     805.8444
2001.010300     777.3595     557.2882     771.9055
2001.013000     781.3442     556.2611     809.2257
2001.015700     762.5724     556.7718     816.4541
2001.018500     769.7741     562.9284     790.6403
2001.021200     754.0806     570.8752     780.9662
2001.024000     757.8365     546.9175     795.5589
2001.026700     776.8778     552.2173     801.7469
2001.029400     735.2026     554.9113     778.6622
2001.032200     755.3135     557.3528     790.3240
2001.034900     748.7405     569.5136     780.5431
2001.037600     744.4538     568.2811     797.9425
2001.040400     763.6583     569.5194     790.4482
2001.043100     779.4580     563.1280     796.6362
2001.045900     760.6862     557.2706     787.9151
2001.048600     762.7683     551.9708     789.2855
2001.051300     759.5186     564.0494     779.3979
2001.054100     769.1453     551.2255     788.4179
2001.056800     731.3976     556.7072     782.6821
2001.059500     756.0892     567.1307     798.6859
2001.062300     767.2837     567.1014     754.1024
2001.065000     752.0393     548.8426     775.4071
2001.067800     746.2175     555.9031     785.2579
2001.070500     754.5378     547.2462     771.5154
2001.073200     767.9614     529.4981     760.3001
2001.076000     773.0891     531.6931     768.6232
2001.078700     750.7737     545.9961     773.0158
2001.081500     752.7741     546.6593     781.1759
2001.084200     735.7334     557.6463     792.0340
2001.086900     769.0229     538.8182     810.9532
2001.089700     763.0296     561.0738     791.6128
2001.092400     755.6973     535.0972     789.4505
2001.095100     696.7364     528.0660     805.3087
2001.097900     739.8649     536.1008     777.7014
2001.100600     744.8457     543.0616     772.1928
2001.103400     758.3999     538.7360     783.0567
2001.106100     768.9739     548.5081     778.2158
2001.108800     759.5267     541.3243     763.6018
2001.111600     752.6190     546.1135     757.2313
2001.114300     737.0316     544.2412     764.3219
2001.117000     741.7919     532.9784     796.4848
2001.119800     756.3342     548.8837     771.6299
2001.122500     752.9946     523.1125     783.6643
2001.125300     757.3058     524.4976     784.2330
2001.128000     742.4125     507.8470     784.7144
2001.130700     751.2881     522.8777     762.8855
2001.133500     751.8351     526.0060     751.6606
2001.136200     738.1911     522.2850     785.5917
2001.138900     735.3251     512.4190     784.2214
2001.141700     761.5109     523.5703     770.7914
2001.144400     753.6478     519.5500     769.7976
2001.147200     752.1944     541.9229     760.4825
2001.149900     741.8899     530.0674     764.7179
2001.152600     717.7454     540.1974     755.7387
2001.155400     745.9072     543.0792     769.9392
2001.158100     741.0734     526.2349     782.8296
2001.160800     732.4836     539.5577     765.4031
2001.163600     729.9116     517.8244     751.1714
2001.166300     731.5936     533.5771     767.3169
2001.169100     714.3814     513.9274     734.6688
2001.171800     757.5916     516.9852     764.6266
2001.174500     716.5615     549.3532     736.9398
2001.177300     738.0114     539.9509     736.8155
2001.180000     738.0604     520.6181     737.2814
2001.182800     745.0825     504.7540     761.7850
2001.185500     736.4274     532.4209     769.8325
2001.188200     726.5312     523.7992     770.7312
2001.191000     737.3827     501.6727     754.4692
2001.193700     738.3299     508.2109     769.5355
2001.196400     730.8832     507.8822     744.9232
2001.199200     737.4317     512.1608     747.0933
2001.201900     754.3745     509.8894     756.0706
2001.204700     740.2814     518.8750     765.6826
2001.207400     727.6253     512.5716     763.7221
2001.210100     726.3597     495.9621     789.0895
2001.212900     725.6657     507.8705     787.5444
2001.215600     745.6214     518.2118     781.6592
2001.218300     755.7708     514.8899     780.9430
2001.221100     777.9066     503.7562     774.6443
2001.223800     741.2530     519.8258     765.4283
2001.226600     744.9927     501.1621     764.4985
2001.229300     750.7328     507.6474     789.5378
2001.232000     746.2501     512.4601     784.3242
2001.234800     726.1801     516.3220     794.5768
2001.237500     737.4317     504.2786     776.8202
2001.240200     718.9212     454.7551     757.8136
2001.243000     731.6671     516.3865     771.5018
2001.245700     728.7439     515.0484     755.5601
2001.248500     723.8203     526.1644     766.0533
2001.251200     747.9403     511.5797     773.8989
2001.253900     750.7900     498.8790     758.4037
2001.256700     756.9384     492.9864     769.1609
2001.259400     759.8534     503.3982     782.3968
2001.262100     747.9156     514.5792     771.8489
2001.264900     724.4899     521.2637     760.7096
2001.267600     699.1451     512.8592     763.7163
2001.270400     730.7118     526.3170     750.6570
2001.273100     734.5331     510.2474     770.2498
2001.275800     733.1205     520.7590     747.9590
2001.278600     752.9211     530.7130     782.9228
2001.281300     705.5140     530.3608     761.0687
2001.284100     731.8794     505.4465     776.3854
2001.286800     755.2074     510.1946     767.8371
2001.289500     743.4495     502.9991     771.9890
2001.292300     740.0772     508.1815     774.4191
2001.295000     744.9519     494.7589     753.5181
2001.297700     715.0182     504.7598     759.6091
2001.300500     745.9072     512.8474     769.3453
2001.303200     716.6839     505.3585     761.0086
2001.306000     741.0734     506.7729     780.5392
2001.308700     710.3478     504.9770     771.4513
2001.311400     724.4980     503.4217     779.4367
2001.314200     714.3895     506.5675     788.8255
2001.316900     741.8246     495.2578     774.1241
2001.319600     740.7171     503.3532     778.0608
2001.322400     738.4687     511.9025     782.2182
2001.325100     735.7823     510.3766     779.0932
2001.327900     734.7209     510.8226     769.7548
2001.330600     743.1555     499.6361     773.4020
2001.333300     733.4389     506.6908     768.1147
2001.336100     719.9745     502.8113     787.4571
2001.338800     726.3107     516.9676     777.6471
2001.341500     706.1835     512.8416     777.3152
2001.344300     715.1326     488.1503     776.1622
2001.347000     741.1632     513.7454     776.1001
2001.349800     738.3707     507.3540     770.1683
2001.352500     735.1618     517.6542     776.2670
2001.355200     692.8497     489.8875     788.9225
2001.358000     737.3011     500.2172     784.3611
2001.360700     733.2348     531.0182     787.6919
2001.363400     735.0720     505.8456     779.2193
2001.366200     725.2901     518.7870     790.4365
2001.368900     718.4885     520.4245     775.9933
2001.371700     727.5682     511.5973     775.6109
2001.374400     729.3073     527.0507     780.1316
2001.377100     733.6512     522.8484     786.8883
2001.379900     723.6325     522.6782     784.8134
2001.382600     718.9294     518.6755     790.6986
2001.385400     716.1695     512.0845     805.3417
2001.388100     725.6412     522.4610     797.0283
2001.390800     709.8823     521.9152     804.5148
2001.393600     727.4865     514.6610     791.6031
2001.396300     728.5153     516.7034     772.1210
2001.399000     739.7588     517.0028     800.3707
2001.401800     713.9813     523.2534     775.6886
2001.404500     731.4303     520.0254     782.3851
2001.407300     732.7776     502.8465     796.5935
2001.410000     746.9932     502.8524     766.3716
2001.412700     697.4059     506.2330     785.4054
2001.415500     696.4914     485.2451     780.2112
2001.418200     730.1484     501.2384     771.5717
2001.420900     738.1829     524.7911     763.2776
2001.423700     713.3852     516.7152     776.9250
2001.426400     737.8563     500.8569     793.0938
2001.429200     718.8559     505.2294     764.3200
2001.431900     707.6859     532.4385     750.3465
2001.434600     698.2143     498.8144     767.1403
2001.437400     705.8569     513.5459     791.9001
2001.440100     694.8910     504.8009     777.5403
2001.442800     725.0859     506.1332     784.8367
2001.445600     716.1287     510.0890     762.2896
2001.448300     696.0423     498.4916     792.6493
2001.451100     717.9006     493.9724     789.2719
2001.453800     688.2037     493.8433     781.6107
2001.456500     709.4822     506.4971     797.7911
2001.459300     717.9822     516.0050     790.5685
2001.462000     710.2906     511.6619     776.9386
2001.464800     696.6792     527.1739     769.0561
2001.467500     699.0063     525.9414     743.7392
2001.470200     706.8775     504.9183     779.9957
2001.473000     724.3021     525.3486     798.0706
2001.475700     703.5461     512.7007     782.8160
2001.478400     706.7469     521.7978     788.5207
2001.481200     724.3102     515.4768     798.1405
2001.483900     710.4784     512.9707     773.0177
2001.486700     735.2271     537.5094     805.0370
2001.489400     709.6047     525.3956     781.4360
2001.492100     698.5735     514.5201     786.3138
2001.494900     734.8515     528.0660     794.9630
2001.497600     671.4732     530.1671     759.5062
2001.500300     719.6642     509.9716     795.1047
2001.503100     739.7996     494.9584     792.9211
2001.505800     738.0849     521.2109     805.4407
2001.508600     740.9999     545.8200     790.3065
2001.511300     700.8925     516.7797     803.3638
2001.514000     683.6149     533.6240     787.2707
2001.516800     708.3391     511.4858     805.0040
2001.519500     714.8304     511.6502     813.8357
2001.522200     740.6896     518.6050     787.9151
2001.525000     710.4702     523.2299     796.4906
2001.527700     704.7383     527.3089     832.5297
2001.530500     681.6634     530.5076     786.6399
2001.533200     692.1802     521.9035     772.2801
2001.535900     745.6622     537.8498     793.3054
2001.538700     705.3507     543.4372     784.0777
2001.541400     737.4154     508.5630     781.9174
2001.544100     668.6644     491.9300     790.4889
2001.546900     698.5327     528.9816     781.1468
2001.549600     693.2008     528.0719     805.0874
2001.552400     722.7425     526.5811     765.3157
2001.555100     682.7657     534.9681     796.6440
2001.557800     695.5524     509.9070     782.4123
2001.560600     746.7972     522.0032     794.1653
2001.563300     732.5653     532.5911     790.8966
2001.566100     726.6618     519.8728     789.4466
2001.568800     703.8728     530.2669     796.0112
2001.571500     704.1177     534.7040     785.2559
2001.574300     708.2493     548.6607     759.3509
2001.577000     740.4202     514.1563     834.6261
2001.579700     721.6484     544.1649     773.7010
2001.582500     725.3227     525.1432     774.6831
2001.585200     712.4870     535.5843     797.7348
2001.588000     756.5546     523.9753     788.4217
2001.590700     709.2863     527.7843     780.5276
2001.593400     725.5677     543.2963     769.2851
2001.596200     731.5854     530.2669     789.6465
2001.598900     720.6032     514.8019     783.7206
2001.601600     719.4520     517.0497     766.1639
2001.604400     726.4985     534.6277     771.2980
2001.607100     652.8403     517.5193     774.3493
2001.609900     718.0720     515.3007     783.5129
2001.612600     736.2233     498.1982     804.4042
2001.615300     733.8145     521.1698     784.5882
2001.618100     727.1109     514.9955     781.2768
2001.620800     743.8414     531.0416     760.9833
2001.623500     750.3654     531.0827     767.8313
2001.626300     708.5269     549.9167     762.8797
2001.629000     739.5383     541.9229     780.0093
2001.631800     722.1791     528.2069     786.8107
2001.634500     734.6392     531.2236     792.8725
2001.637200     747.7035     527.1856     761.2376
2001.640000     767.0714     546.3365     727.2016
2001.642700     740.6243     536.6760     773.9358
2001.645400     727.6906     531.8809     790.8830
2001.648200     712.3646     532.8376     772.7790
2001.650900     711.0091     549.1654     772.6082
2001.653700     716.5370     534.9798     777.9945
2001.656400     736.1335     511.0515     780.0268
2001.659100     733.7247     521.3459     779.8036
2001.661900     732.8755     528.4006     801.2326
2001.664600     736.9091     529.6507     788.2878
2001.667400     714.9039     533.8647     791.5080
2001.670100     706.4040     512.5892     768.2040
2001.672800     725.2003     541.3947     774.4405
2001.675600     755.4197     518.4407     771.3251
2001.678300     716.6268     537.5798     763.8891
2001.681000     735.2434     524.7500     772.4801
2001.683800     722.0240     538.8593     774.2270
2001.686500     730.0912     537.7735     766.8161
2001.689300     736.2396     510.7111     776.7329
2001.692000     747.3116     513.6867     742.1243
2001.694700     741.2285     513.7689     715.0372
2001.697500     717.9414     540.1153     800.0699
2001.700200     719.9255     519.1098     789.2098
2001.702900     714.1364     526.1351     755.8629
2001.705700     733.7410     524.8556     803.1930
2001.708400     753.0844     522.3026     764.0210
2001.711200     691.3637     559.5185     789.5087
2001.713900     752.6843     535.8250     770.0557
2001.716600     735.0312     515.2068     743.9702
2001.719400     716.0307     535.5785     777.1774
2001.722100     710.3478     524.9495     786.4128
2001.724800     724.3102     533.3775     779.1029
2001.727600     732.0753     525.2371     780.5373
2001.730300     731.7406     534.1933     787.1581
2001.733100     737.1868     524.9730     768.0584
2001.735800     762.3846     520.5829     757.8913
2001.738500     733.5369     520.3012     735.0977
2001.741300     727.1354     512.8064     773.5845
2001.744000     748.3078     540.6024     773.5437
2001.746700     748.4792     520.2895     791.1605
2001.749500     737.4889     517.0908     760.0089
2001.752200     788.3254     504.0966     755.8474
2001.755000     704.0850     527.2678     750.1854
2001.757700     720.5869     521.2989     752.0274
2001.760400     737.7093     511.9612     734.8182
2001.763200     731.4385     513.9332     752.5185
2001.765900     718.9294     519.2154     749.9486
2001.768700     713.6955     519.0687     751.8877
2001.771400     715.1652     522.4141     754.9487
2001.774100     727.7396     508.6041     753.9549
2001.776900     744.1190     513.7689     712.4013
2001.779600     667.4070     504.6718     746.3596
2001.782300     798.9891     511.5856     745.9656
2001.785100     721.1911     511.1043     784.1088
2001.787800     717.4107     504.9476     769.4850
2001.790600     738.5912     530.6132     750.6512
2001.793300     752.7986     519.9373     733.1392
2001.796000     750.0878     505.4289     752.8329
2001.798800     735.7823     522.1382     757.1071
2001.801500     747.2871     520.0899     744.8553
2001.804200     756.5056     512.9355     732.3745
2001.807000     743.8822     517.5721     741.4430
2001.809700     741.9389     533.6182     761.7481
2001.812500     729.0297     506.5206     756.8489
2001.815200     741.5960     517.5662     712.8535
2001.817900     752.5210     512.4190     761.6122
2001.820700     731.2670     520.4303     745.3871
2001.823400     744.0700     519.9843     760.4088
2001.826100     736.2151     502.8406     761.6277
2001.828900     731.1527     513.7043     762.4993
2001.831600     742.4696     512.5481     755.3155
2001.834400     768.7861     477.8324     758.3998
2001.837100     721.4688     498.2745     775.9584
2001.839800     734.4188     515.3653     779.9511
2001.842600     724.7348     499.5011     766.2105
2001.845300     736.8847     496.1792     781.4651
2001.848000     756.3342     486.7124     796.7061
2001.850800     711.7522     514.1973     772.2374
2001.853500     727.2334     500.6984     787.7133
2001.856300     733.5777     508.5102     796.2693
2001.859000     739.2036     498.6032     792.2339
2001.861700     741.8736     488.8194     783.2392
2001.864500     731.9610     498.1101     780.0132
2001.867200     730.1565     500.1878     802.1041
2001.870000     715.9654     489.2009     790.5705
2001.872700     729.5196     498.3038     782.8762
2001.875400     722.9875     490.8560     788.0258
2001.878200     707.7349     511.0632     775.1121
2001.880900     732.3693     501.9427     799.6021
2001.883600     733.3246     515.3712     774.8656
2001.886400     717.8026     502.5472     772.9983
2001.889100     731.7487     492.5110     808.0669
2001.891900     717.0840     510.4822     779.3649
2001.894600     722.3914     487.2993     782.6200
2001.897300     742.8616     513.3463     801.1336
2001.900100     740.3304     484.7462     798.8470
2001.902800     734.8760     514.2326     780.5897
2001.905500     728.7603     516.3806     773.9552
2001.908300     709.1311     521.1933     774.3706
2001.911000     721.5586     509.2145     780.4402
2001.913800     713.3607     534.0701     781.7989
2001.916500     711.0990     506.9960     772.4121
2001.919200     730.1974     511.6854     793.9401
2001.922000     711.5317     515.3829     779.5590
2001.924700     712.8300     513.5283     785.4947
2001.927400     714.2834     507.8998     778.5167
2001.930200     688.2037     498.0632     756.3249
2001.932900     675.7518     521.5455     753.7821
2001.935700     725.5922     494.7061     789.6000
2001.938400     717.1984     500.7512     768.8193
2001.941100     716.1940     517.0380     782.8917
2001.943900     722.4976     516.2222     783.6099
2001.946600     742.3390     531.4114     774.7996
2001.949300     702.1826     521.7861     757.2041
2001.952100     740.2650     516.3983     790.6015
2001.954800     708.5922     513.0998     763.5979
2001.957600     690.1797     506.8199     771.3116
2001.960300     695.1687     503.8677     766.4764
2001.963000     729.0951     519.4971     747.0137
2001.965800     695.9607     512.3075     774.1183
2001.968500     731.1608     493.3210     782.2318
2001.971300     732.6061     455.4770     803.2260
2001.974000     662.6467     451.2982     753.6229
2001.976700     731.7079     509.9775     781.8203
2001.979500     736.2069     519.0746     784.3456
2001.982200     743.7597     507.1486     785.1123
2001.984900     717.1657     508.1404     776.4087
2001.987700     704.6321     499.0668     786.5215
2001.990400     733.1450     521.9211     762.8894
2001.993200     737.6767     511.7030     802.3564
2001.995900     723.9510     493.9255     795.6424
2001.998600     696.5077     511.0985     780.2189
2002.001400     743.5230     491.1025     814.9304
2002.004100     738.3136     517.5662     804.8700
2002.006800     719.5336     507.2072     790.2269
2002.009600     723.1018     500.5047     818.9425
2002.012300     707.6859     488.5259     791.7739
2002.015100     726.5230     507.6768     811.1435
2002.017800     723.4121     494.5946     787.4803
2002.020500     707.3430     483.5489     787.8880
2002.023300     719.3703     499.6244     786.0207
2002.026000     742.2982     529.5626     794.9553
2002.028700     734.4269     484.7638     800.7337
2002.031500     722.9630     506.3445     797.0186
2002.034200     709.4496     512.0316     804.4353
2002.037000     721.2810     494.9526     794.1090
2002.039700     695.9933     491.3020     782.0183
2002.042400     713.4179     474.6338     776.9231
2002.045200     715.6796     502.6470     788.1112
2002.047900     694.6542     510.4411     802.3564
2002.050700     710.5192     500.5869     783.9574
2002.053400     715.9083     485.5033     772.7732
2002.056100     714.8060     478.4545     771.0534
2002.058900     710.9193     493.2740     790.3007
2002.061600     733.5941     475.7254     784.9007
2002.064300     722.6200     475.9719     779.5978
2002.067100     703.2359     490.0460     778.6079
2002.069800     704.2565     476.9579     787.7948
2002.072600     713.1892     480.7200     739.5233
2002.075300     736.0110     475.6843     781.6922
2002.078000     722.7834     463.9285     778.1731
2002.080800     720.8237     463.4590     759.4014
2002.083500     712.1441     470.3787     773.8427
2002.086200     723.6080     476.9345     770.0771
2002.089000     735.3333     486.4952     767.6741
2002.091700     710.6335     481.3539     792.2805
2002.094500     719.8520     483.3259     780.1374
2002.097200     717.9087     479.0415     771.3717
2002.099900     729.9769     487.5458     773.0992
2002.102700     726.4169     469.3105     783.8448
2002.105400     728.7929     469.6157     768.3379
2002.108100     670.9915     473.7123     796.7546
2002.110900     724.3511     476.8699     789.0079
2002.113600     708.1921     464.6152     764.6189
2002.116400     731.0874     466.9687     762.3382
2002.119100     719.2315     474.3227     752.7068
2002.121800     721.9995     493.1860     796.3761
2002.124600     711.5562     481.6649     781.7077
2002.127300     697.1201     456.3926     760.2089
2002.130000     704.6811     471.3471     767.3363
2002.132800     736.2478     473.1900     776.7484
2002.135500     700.6557     463.0306     762.8525
2002.138300     691.2167     453.6752     772.4801
2002.141000     692.5558     480.7670     758.3765
2002.143700     703.3420     464.4861     762.4818
2002.146500     701.0803     482.3340     742.9104
2002.149200     706.7632     459.9082     782.1328
2002.152000     699.4309     448.4811     781.4612
2002.154700     704.8118     463.3710     771.4765
2002.157400     714.4467     450.3592     762.1421
2002.160200     716.1940     457.8188     769.6500
2002.162900     689.2326     475.3263     774.1707
2002.165600     696.8833     480.0040     744.8728
2002.168400     695.9117     476.8523     780.7217
2002.171100     697.3896     466.5403     743.5529
2002.173900     731.3976     446.2802     768.5029
2002.176600     694.6297     457.2378     781.1409
2002.179300     711.9155     453.1998     772.4762
2002.182100     709.3924     465.2843     798.2667
2002.184800     723.4284     435.2463     761.6297
2002.187500     696.0750     455.9876     776.4281
2002.190300     688.9958     452.7127     767.3033
2002.193000     694.5808     470.9010     759.2170
2002.195800     682.6677     455.6590     779.2834
2002.198500     662.7528     449.9777     764.0773
2002.201200     711.9971     458.5877     760.0943
2002.204000     687.9751     459.2743     782.0901
2002.206700     689.0937     453.1587     760.9193
2002.209400     699.8065     459.1570     769.9198
2002.212200     713.5077     466.1999     786.4302
2002.214900     701.5538     458.7520     777.4103
2002.217700     659.8133     431.5957     812.1179
2002.220400     717.9006     458.3236     786.4574
2002.223100     680.1039     443.5980     800.8541
2002.225900     679.0016     469.4572     788.3616
2002.228600     695.1768     438.4332     784.9492
2002.231300     692.7436     461.2933     779.5726
2002.234100     692.1394     451.6387     783.6585
2002.236800     701.1782     444.4314     774.8636
2002.239600     706.6897     456.4161     770.6400
2002.242300     692.3190     462.8897     785.8615
2002.245000     680.0712     466.4875     771.8201
2002.247800     694.0908     457.3434     780.5625
2002.250500     691.5596     455.6003     762.5342
2002.253300     683.2720     468.5475     775.8652
2002.256000     678.7158     472.7850     788.7284
2002.258700     700.0188     459.4739     777.8237
2002.261500     688.9876     464.1809     759.9604
2002.264200     683.7945     453.5285     773.0391
2002.266900     672.9430     467.1096     770.4148
2002.269700     686.1216     475.6256     748.5782
2002.272400     662.7202     467.4324     753.1086
2002.275200     684.1783     453.3055     768.4097
2002.277900     678.6913     452.3253     767.8274
2002.280600     691.9597     443.9795     754.6750
2002.283400     680.2835     439.6833     771.6260
2002.286100     671.3998     451.8734     774.6676
2002.288800     687.8363     456.3633     743.1278
2002.291600     691.0534     468.3891     768.2117
2002.294300     697.7080     476.8758     783.8642
2002.297100     679.4670     467.4383     777.4045
2002.299800     664.4104     483.7661     758.3319
2002.302500     654.6121     438.2043     788.8391
2002.305300     666.0026     469.0464     779.8812
2002.308000     685.2724     460.6771     785.7431
2002.310700     677.3359     476.1832     773.2118
2002.313500     683.1005     468.4419     776.3893
2002.316200     669.5136     471.0536     774.9355
2002.319000     669.0645     462.9425     779.8715
2002.321700     663.7326     471.5760     772.9129
2002.324400     665.5208     476.0247     762.9088
2002.327200     657.7884     456.9208     796.0694
2002.329900     661.5444     475.7019     780.8731
2002.332600     654.8979     464.1985     779.4076
2002.335400     670.0443     444.1438     779.2368
2002.338100     634.8850     459.9669     771.4261
2002.340900     667.5050     491.4722     780.0598
2002.343600     676.1846     465.8184     792.5736
2002.346300     667.5948     464.1809     787.2571
2002.349100     658.5069     462.4613     787.1950
2002.351800     667.1049     471.6640     777.8703
2002.354600     676.2907     475.1913     792.5484
2002.357300     655.8777     464.1105     783.5711
2002.360000     662.4670     475.3263     773.7184
2002.362800     655.7961     469.5394     787.4706
2002.365500     666.6966     478.2433     775.7119
2002.368200     671.7019     474.1877     790.2541
2002.371000     658.2701     483.5196     788.0918
2002.373700     648.9046     464.8852     780.8556
2002.376500     658.6702     479.4934     778.6564
2002.379200     664.6145     462.6667     799.2546
2002.381900     678.7403     469.0581     785.0541
2002.384700     673.6207     468.0662     774.7433
2002.387400     682.3493     476.4121     786.4497
2002.390100     673.2288     461.3872     794.6641
2002.392900     679.4017     477.2279     786.4788
2002.395600     667.1212     460.5479     768.2777
2002.398400     641.8009     470.4080     777.7732
2002.401100     669.5544     460.7416     783.3828
2002.403800     685.7950     460.3601     805.4504
2002.406600     650.7091     449.1091     788.0452
2002.409300     654.0242     443.6508     796.9041
2002.412000     682.7167     467.2739     764.7489
2002.414800     675.4334     470.7660     771.6726
2002.417500     698.9655     464.1398     763.3708
2002.420300     685.2153     453.5696     783.3537
2002.423000     672.5266     478.8771     791.8904
2002.425700     671.8652     468.9760     798.8664
2002.428500     655.9512     469.7683     801.6635
2002.431200     671.5304     489.0483     787.4629
2002.433900     661.2586     470.2261     769.5375
2002.436700     685.2479     477.9263     792.3737
2002.439400     644.3648     474.1466     764.8867
2002.442200     679.7201     481.8762     765.5389
2002.444900     651.8278     480.8198     776.5601
2002.447600     666.4680     476.2478     787.6376
2002.450400     657.1515     485.5620     792.8454
2002.453100     644.9853     486.8180     796.4887
2002.455900     666.7129     481.1367     771.7231
2002.458600     666.9497     481.0428     788.5557
2002.461300     649.8518     484.2884     785.5878
2002.464100     641.7356     477.6153     791.8147
2002.466800     657.0780     467.1741     794.8718
2002.469500     668.2235     477.3922     770.4886
2002.472300     656.9637     481.9877     797.0050
2002.475000     664.9656     479.3467     783.4663
2002.477800     646.8797     478.2198     782.3056
2002.480500     645.3854     471.0536     796.7138
2002.483200     653.0199     479.8983     782.3230
2002.486000     654.4243     476.3886     782.6103
2002.488700     656.4656     464.0459     789.6252
2002.491400     675.2374     478.6600     753.1241
2002.494200     654.6611     477.3453     779.2892
2002.496900     661.2994     487.9977     777.2084
2002.499700     653.9344     478.7421     777.5132
2002.502400     650.9378     508.1404     778.2313
2002.505100     673.6207     485.0690     793.0123
2002.507900     679.4261     483.8835     792.0903
2002.510600     648.5372     467.7317     781.2458
2002.513300     621.5757     470.0383     773.9242
2002.516100     693.9684     529.4511     783.7516
2002.518800     689.9266     486.9295     787.4357
2002.521600     679.0914     490.1751     780.5217
2002.524300     660.3359     474.5633     791.9932
2002.527000     694.4991     509.9716     815.3225
2002.529800     690.7676     506.5675     772.0123
2002.532500     656.8820     480.1977     777.8800
2002.535200     650.6928     491.3490     810.4272
2002.538000     649.1823     487.7864     782.5618
2002.540700     679.7773     494.6063     780.0346
2002.543500     665.1615     468.4712     813.0321
2002.546200     640.9762     481.0193     777.2822
2002.548900     625.1929     479.2410     788.6120
2002.551700     653.5180     479.3173     767.0898
2002.554400     660.4584     476.3475     779.0194
2002.557200     660.8993     468.8821     808.9035
2002.559900     656.4085     490.3043     780.5334
2002.562600     652.6933     445.7872     780.0928
2002.565400     669.9219     478.7715     800.8191
2002.568100     665.1615     475.5728     808.2397
2002.570800     660.3278     490.9264     805.6212
2002.573600     677.6135     508.3400     787.5910
2002.576300     647.3288     507.4714     790.0173
2002.579100     646.4632     519.0980     786.0945
2002.581800     654.0650     476.8816     781.3447
2002.584500     646.5122     506.0745     795.2057
2002.587300     675.0496     484.4586     808.9792
2002.590000     645.4834     496.1499     801.6809
2002.592700     640.2414     465.2315     800.6464
2002.595500     657.1841     463.2771     781.9290
2002.598200     634.2726     487.3345     793.3403
2002.601000     615.3375     489.1539     761.6200
2002.603700     658.2946     485.3449     781.0148
2002.606400     626.8259     479.8103     753.7627
2002.609200     654.5631     498.1160     753.0775
2002.611900     665.9944     513.2466     748.2249
2002.614600     665.0962     491.8185     762.3964
2002.617400     640.6496     493.3679     790.4055
2002.620100     649.7375     498.3508     784.6717
2002.622900     662.8345     502.5765     789.8212
2002.625600     665.3085     506.1449     778.1809
2002.628300     646.1203     493.6379     798.6762
2002.631100     690.4655     500.9214     784.6387
2002.633800     675.0986     495.3869     783.3227
2002.636600     667.0395     476.3241     789.7999
2002.639300     671.3916     484.1358     788.5887
2002.642000     676.6500     473.9530     767.7536
2002.644800     652.6035     484.9106     776.8862
2002.647500     692.3517     485.9846     791.6458
2002.650200     657.7884     479.7751     789.0778
2002.653000     687.9914     505.2176     799.3090
2002.655700     659.9440     487.5458     798.6917
2002.658500     656.4330     479.4112     822.3840
2002.661200     682.8310     470.5254     821.0408
2002.663900     677.0991     462.3908     786.6341
2002.666700     669.7667     500.7806     761.7520
2002.669400     697.9530     485.1571     763.4756
2002.672100     662.8508     512.8416     800.1533
2002.674900     674.6822     483.0090     779.1786
2002.677600     681.6879     473.6771     806.6946
2002.680400     665.8474     489.5061     773.4409
2002.683100     663.8470     478.1435     774.5705
2002.685800     660.1073     494.9702     794.8213
2002.688600     678.7893     512.1432     746.6275
2002.691300     650.6928     487.4049     772.7557
2002.694000     678.6423     498.5034     779.4192
2002.696800     663.9531     489.2185     813.0224
2002.699500     665.0391     490.7092     777.4103
2002.702300     637.4815     485.1512     782.7539
2002.705000     656.9719     474.9918     780.5120
2002.707700     687.3137     476.5471     785.4190
2002.710500     673.9146     472.3390     797.9192
2002.713200     679.4180     452.8829     757.4157
2002.715900     660.5564     486.5832     775.3470
2002.718700     670.2648     483.3494     785.9780
2002.721400     690.5227     475.2911     804.7186
2002.724200     667.6846     460.4482     797.5795
2002.726900     671.5467     464.6798     786.0964
2002.729600     669.7912     470.0970     817.8750
2002.732400     666.2720     477.8970     791.1043
2002.735100     680.5693     466.4464     768.9571
2002.737900     671.9958     430.1695     799.5497
2002.740600     665.8719     443.9677     765.3099
2002.743300     670.0607     459.4387     765.5020
2002.746100     653.4771     450.3416     765.6224
2002.748800     617.9422     454.9312     792.8881
2002.751500     704.6729     490.5449     786.5622
2002.754300     665.7168     462.6549     776.4922
2002.757000     705.8079     463.2419     806.5762
2002.759800     658.7110     460.2545     766.9093
2002.762500     678.2095     458.7109     770.4051
2002.765200     684.3253     471.5994     846.9244
2002.768000     659.3561     462.8486     767.6974
2002.770700     665.2105     462.6315     754.5643
2002.773400     657.0943     485.1277     732.3648
2002.776200     661.7812     500.2054     735.8606
2002.778900     683.7129     464.3570     781.5505
2002.781700     676.0866     470.8599     774.5026
2002.784400     659.0458     470.8541     771.5251
2002.787100     674.9108     469.4572     764.4170
2002.789900     656.1145     472.1805     790.9761
2002.792600     651.4277     469.6685     768.4893
2002.795300     674.6658     458.2942     793.2957
2002.798100     673.0083     448.7745     769.5937
2002.800800     678.4872     450.5705     756.2356
2002.803600     668.0765     451.0400     754.4964
2002.806300     703.9217     470.2554     757.7224
2002.809000     672.8858     447.0431     750.9676
2002.811800     686.2931     446.3447     774.0872
2002.814500     643.6463     458.2296     756.3540
2002.817200     685.1173     431.5077     753.5201
2002.820000     685.9338     452.2256     794.7010
2002.822700     649.9090     462.2382     772.0453
2002.825500     673.6615     466.1999     767.2626
2002.828200     628.6060     465.3136     786.7195
2002.830900     658.7764     471.9751     774.4929
2002.833700     693.8214     451.4802     792.0651
2002.836400     674.9271     457.4197     777.0978
2002.839200     676.6337     447.3542     766.5405
2002.841900     681.6063     445.1885     761.5559
2002.844600     666.5333     442.8115     773.9766
2002.847400     679.1240     446.4034     772.5014
2002.850100     670.0443     432.1356     778.1673
2002.852800     661.1606     414.1880     782.3250
2002.855600     677.6380     439.2490     761.0862
2002.858300     694.0337     426.5189     772.8139
2002.861100     697.0140     421.7943     784.6620
2002.863800     691.8291     410.9482     772.6023
2002.866500     686.0236     444.9772     790.9490
2002.869300     662.1404     437.8404     784.4698
2002.872000     662.5079     439.6481     768.4447
2002.874700     661.7567     429.5239     767.3926
2002.877500     665.2432     408.0841     776.9386
2002.880200     678.9036     433.5970     779.0136
2002.883000     691.4780     432.1239     762.5459
2002.885700     673.9065     425.2571     761.0610
2002.888400     666.9906     424.5293     773.8000
2002.891200     675.7355     426.0846     777.3055
2002.893900     669.9709     443.4278     777.3656
2002.896600     675.0496     445.2179     781.5253
2002.899400     679.3853     422.7686     774.1493
2002.902100     689.7470     413.0846     774.3260
2002.904900     664.9574     415.4674     781.3079
2002.907600     671.3263     421.0783     765.0673
2002.910300     665.6923     427.7456     768.6174
2002.913100     689.5673     428.0801     772.7149
2002.915800     670.6077     434.0314     760.5738
2002.918500     688.3017     440.8102     772.7285
2002.921300     669.0400     435.5867     775.4304
2002.924000     666.2475     421.3189     779.7861
2002.926800     659.9685     443.6508     771.8609
2002.929500     677.1317     444.6896     757.6370
2002.932200     662.9080     430.1519     778.0003
2002.935000     662.4425     440.4932     766.5696
2002.937700     667.4723     426.3252     768.9474
2002.940500     697.2753     441.5731     781.3350
2002.943200     697.4712     435.9388     779.3203
2002.945900     676.8051     439.0260     767.5848
2002.948700     661.1933     440.0296     761.2201
2002.951400     657.4373     433.8259     779.2873
2002.954100     651.9094     429.5122     763.0738
2002.956900     665.8801     410.0796     769.4967
2002.959600     682.3330     415.1974     758.6269
2002.962400     685.8685     449.9484     783.9554
2002.965100     656.9637     442.8878     781.8708
2002.967800     651.7380     500.6280     895.2581
2002.970600     648.1534     512.2547     902.3059
2002.973300     680.3407     522.8601     899.0256
2002.976000     668.5909     507.4127     910.6834
2002.978800     659.7235     514.3323     891.8457
2002.981500     673.2206     491.8948     868.4349
2002.984300     679.3608     509.8718     888.7692
2002.987000     694.9074     520.2601     923.1701
2002.989700     690.4737     504.2962     904.8002
2002.992500     637.2039     497.4528     952.4137
2002.995200     678.1769     520.2777     900.9298
2002.997900     688.7100     539.2760     911.5647
2003.000700     666.7619     508.5806     894.9397
2003.003400     662.2057     515.2949     903.1018
2003.006200     675.4987     510.4059     900.4057
2003.008900     666.5905     512.0845     915.2255
2003.011600     646.0060     500.4108     908.8336
2003.014400     663.1692     502.7585     893.3112
2003.017100     653.1750     505.4054     906.5782
2003.019800     662.6957     500.2817     906.7781
2003.022600     675.4007     507.8822     911.7704
2003.025300     666.8926     495.0934     910.5767
2003.028100     664.1817     505.7869     915.8970
2003.030800     655.9839     501.4555     915.4273
2003.033500     655.3225     484.0243     915.9941
2003.036300     656.3268     486.0374     915.0372
2003.039000     639.4820     503.6330     909.5615
2003.041800     660.0910     499.9941     908.5483
2003.044500     668.6399     511.6208     910.0274
2003.047200     671.9142     506.6790     906.7858
2003.050000     678.6994     494.1074     912.5895
2003.052700     661.0789     488.7548     916.2348
2003.055400     657.6577     484.8812     926.2738
2003.058200     656.7514     495.0700     930.3325
2003.060900     680.7163     466.0473     903.7442
2003.063700     664.0184     486.4835     916.5221
2003.066400     646.0387     472.4798     921.9744
2003.069100     653.4037     489.5354     915.7126
2003.071900     666.5251     490.5684     917.2228
2003.074600     694.0174     489.5061     939.1001
2003.077300     649.7130     478.7715     913.6047
2003.080100     626.7443     504.7481     904.9186
2003.082800     656.8902     481.1015     903.6161
2003.085600     652.7260     481.5828     887.6220
2003.088300     641.8009     487.0000     898.7014
2003.091000     654.9306     477.5272     901.2597
2003.093800     639.1962     487.3110     896.6556
2003.096500     658.3844     488.9544     912.9680
2003.099200     647.0838     500.3639     905.3883
2003.102000     642.2745     482.0934     901.7100
2003.104700     647.0348     502.8230     909.8449
2003.107500     640.6904     467.2798     903.2900
2003.110200     638.7635     479.4406     904.6177
2003.112900     630.1247     480.4559     906.0832
2003.115700     652.0156     505.4230     907.8709
2003.118400     635.3096     475.4730     922.4907
2003.121100     637.6040     488.2442     928.5235
2003.123900     637.0814     461.4929     906.9644
2003.126600     646.3489     484.4762     921.5668
2003.129400     664.0021     483.0148     910.7436
2003.132100     645.3609     484.6230     915.5845
2003.134800     648.4719     478.5543     903.2027
2003.137600     658.8335     452.6071     841.1382
2003.140300     648.6923     479.5286     909.5111
2003.143100     666.4761     481.9701     911.1765
2003.145800     643.7116     490.7033     910.8271
2003.148500     633.9215     486.0902     907.2109
2003.151300     647.3696     476.3241     906.3084
2003.154000     626.1401     468.1249     895.4599
2003.156700     639.7025     479.8279     902.5389
2003.159500     648.8556     479.0415     917.3237
2003.162200     659.3643     469.5159     925.0412
2003.165000     648.7332     473.3543     919.0726
2003.167700     645.9815     474.9507     924.7443
2003.170400     638.5757     480.3855     904.5284
2003.173200     645.8754     490.3747     908.5386
2003.175900     646.8062     483.4022     910.1419
2003.178600     642.5195     446.8260     896.1199
2003.181400     631.3576     475.1326     899.0275
2003.184100     621.3553     486.1020     898.5326
2003.186900     631.4719     489.3887     896.9409
2003.189600     624.6785     484.9810     902.0788
2003.192300     621.0123     477.7327     911.1376
2003.195100     636.0036     484.5525     912.8205
2003.197800     646.6674     476.2889     919.8956
2003.200500     637.8735     476.6117     911.6462
2003.203300     635.6280     481.2306     917.8167
2003.206000     623.2578     477.5448     908.7793
2003.208800     635.9873     476.1597     915.5884
2003.211500     633.6276     479.3995     908.3212
2003.214200     645.4753     458.4938     897.2379
2003.217000     633.6357     465.9182     891.5099
2003.219700     626.6626     466.9335     899.6001
2003.222500     633.0478     479.8162     905.2175
2003.225200     631.6271     474.7394     908.4396
2003.227900     630.4268     473.2252     898.2919
2003.230700     624.7112     467.3444     891.7564
2003.233400     621.1185     471.9516     907.4225
2003.236100     643.5401     494.6180     903.2182
2003.238900     631.7332     469.7800     897.7756
2003.241600     642.2663     473.7006     903.6084
2003.244400     613.8025     480.2857     894.4700
2003.247100     611.2304     479.0591     906.5782
2003.249800     609.7607     474.3403     893.9246
2003.252600     625.0704     471.8166     910.1477
2003.255300     617.1665     480.6202     901.4150
2003.258000     631.9619     472.5972     905.1631
2003.260800     604.2410     474.1114     916.1106
2003.263500     617.4196     489.7467     908.3212
2003.266300     638.7063     495.6569     903.9655
2003.269000     606.6661     486.6595     898.7539
2003.271700     612.6430     495.0347     896.6304
2003.274500     615.9172     480.7494     908.7172
2003.277200     644.9282     489.4943     930.0278
2003.279900     640.2250     499.5774     928.0343
2003.282700     617.6319     471.9985     892.4533
2003.285400     641.1559     471.7344     901.3937
2003.288200     630.3696     492.1002     901.8556
2003.290900     617.9014     468.0134     938.5062
2003.293600     623.6415     474.3990     917.0520
2003.296400     632.8845     487.4812     923.3817
2003.299100     629.9859     475.6433     918.2865
2003.301800     612.1694     475.8076     919.8102
2003.304600     605.6944     478.0085     897.0555
2003.307300     605.3678     480.9900     913.7541
2003.310100     627.2669     477.9322     901.4131
2003.312800     607.3030     473.3954     915.0333
2003.315500     624.3927     497.1183     918.1933
2003.318300     628.4835     477.9146     897.6106
2003.321000     623.6905     473.0198     898.9499
2003.323800     614.3250     479.7105     904.7284
2003.326500     574.1931     468.8586     903.9267
2003.329200     607.4744     489.5119     917.1199
2003.332000     616.5623     487.9566     907.4710
2003.334700     619.2976     495.9797     926.5125
2003.337400     616.5133     483.3787     909.1248
2003.340200     606.8212     481.1250     913.4436
2003.342900     625.5767     469.2812     900.6638
2003.345700     605.3188     472.8730     919.6180
2003.348400     623.0944     483.4081     912.0383
2003.351100     620.4734     487.0234     912.6672
2003.353900     614.4393     475.4026     903.2066
2003.356600     622.0656     456.2928     904.1810
2003.359300     628.4590     466.0825     912.9040
2003.362100     610.2424     478.9358     904.1499
2003.364800     608.3154     483.1440     925.6527
2003.367600     619.2813     463.8229     923.6515
2003.370300     611.6142     474.6925     930.1384
2003.373000     635.6035     474.1701     927.3317
2003.375800     618.4158     468.7529     930.8721
2003.378500     606.3395     467.9195     932.9024
2003.381200     607.7439     486.7711     931.5883
2003.384000     608.1113     482.1462     923.5777
2003.386700     609.2953     473.9588     927.8033
2003.389500     617.4686     461.9683     919.2647
2003.392200     615.0926     461.2874     919.2123
2003.394900     602.9182     477.0753     905.5028
2003.397700     611.9653     475.9602     920.5109
2003.400400     613.9658     480.8257     916.4580
2003.403100     608.7727     477.4275     923.0944
2003.405900     644.9364     488.2794     919.9946
2003.408600     592.4096     484.7404     913.8706
2003.411400     616.5051     474.6396     948.9936
2003.414100     604.0614     499.8885     934.4494
2003.416800     616.7011     480.8550     937.6618
2003.419600     621.4941     503.8560     927.5510
2003.422300     609.8178     482.2519     958.5337
2003.425100     597.4884     496.5607     915.6952
2003.427800     630.1492     483.1616     934.9250
2003.430500     618.2443     488.3909     927.8266
2003.433300     611.0508     486.6302     922.8013
2003.436000     610.1689     494.0018     923.7738
2003.438700     600.0278     486.5422     905.3980
2003.441500     609.2626     494.4772     934.6435
2003.444200     599.4807     473.2604     912.9020
2003.447000     599.1214     500.9332     951.9498
2003.449700     590.0744     495.3869     946.0024
2003.452400     606.3395     489.3065     931.8368
2003.455200     615.5988     507.6357     945.1057
2003.457900     624.5070     505.6226     912.5604
2003.460600     635.0156     514.5084     929.0864
2003.463400     624.1804     500.0880     919.2201
2003.466100     700.6393     530.1671     967.5091
2003.468900     601.7261     503.6271     951.3034
2003.471600     605.2290     509.8073     905.7707
2003.474300     607.8908     505.7517     919.5112
2003.477100     633.8480     513.8217     953.4560
2003.479800     617.0440     493.5029     944.3623
2003.482500     624.9806     500.7102     939.6980
2003.485300     606.3313     501.2149     930.0743
2003.488000     622.5066     500.9625     934.2631
2003.490800     605.0330     493.7259     934.2553
2003.493500     620.3101     492.4700     936.0352
2003.496200     619.0282     493.7377     941.5924
2003.499000     600.1747     499.6185     937.0116
2003.501700     624.3845     494.6298     943.7761
2003.504400     616.0397     480.5674     933.3042
2003.507200     616.0479     499.7652     938.7993
2003.509900     612.5777     503.2515     931.0274
2003.512700     634.4114     510.2885     962.4643
2003.515400     615.2477     494.3187     925.2781
2003.518100     632.9743     481.1719     940.7617
2003.520900     610.4221     495.0054     951.0045
2003.523600     602.8774     505.9337     942.2601
2003.526400     615.3947     507.4714     944.2497
2003.529100     613.5330     498.0339     932.5162
2003.531800     615.9499     510.1301     926.4291
2003.534600     588.7843     499.6948     914.6198
2003.537300     609.5810     512.0434     941.7923
2003.540000     608.8135     509.5549     934.9716
2003.542800     601.4893     505.8750     916.0446
2003.545500     606.6987     494.5652     928.4924
2003.548300     588.2780     502.6000     911.0154
2003.551000     627.2424     503.2926     932.7161
2003.553700     615.2722     509.0912     919.7946
2003.556500     598.8438     502.2479     917.4072
2003.559200     618.2362     492.5873     918.7465
2003.561900     630.4758     513.8863     927.0522
2003.564700     616.2683     511.2217     927.9606
2003.567400     599.9298     509.0384     920.9554
2003.570200     602.6733     498.8790     921.1126
2003.572900     592.6628     518.9572     928.9078
2003.575600     605.5556     521.5631     931.6893
2003.578400     624.9561     499.9589     937.0135
2003.581100     608.9278     523.2710     945.0610
2003.583800     614.8476     489.1070     932.2386
2003.586600     596.0105     482.8270     958.5182
2003.589300     627.9282     520.0430     944.1643
2003.592100     598.0436     516.8326     928.2556
2003.594800     613.8678     505.6754     946.5226
2003.597500     608.7400     510.0244     928.1974
2003.600300     621.7962     496.6781     932.0853
2003.603000     600.8035     525.1960     912.1295
2003.605700     603.7021     528.9875     917.3237
2003.608500     599.0071     523.0714     939.2380
2003.611200     622.7270     525.2019     909.3267
2003.614000     618.4566     525.5012     931.3166
2003.616700     591.6993     502.6763     922.0598
2003.619400     611.0671     498.7968     927.4481
2003.622200     594.3856     520.8353     915.4584
2003.624900     594.6877     504.9007     926.7707
2003.627700     619.8284     506.1273     929.0572
2003.630400     602.1262     511.1278     930.3966
2003.633100     609.6790     507.6181     938.5237
2003.635900     596.5902     515.0542     933.5041
2003.638600     611.5815     504.4605     950.2048
2003.641300     652.8239     490.5918     959.3975
2003.644100     592.8750     508.9562     954.3702
2003.646800     590.7929     506.5088     940.9829
2003.649600     592.6954     513.7043     933.8865
2003.652300     607.3193     495.8505     918.3952
2003.655000     621.3226     500.1467     918.5233
2003.657800     614.3577     497.2591     932.7821
2003.660500     624.5805     495.4691     935.2627
2003.663200     626.4340     510.1535     931.4971
2003.666000     622.0983     497.7697     926.6193
2003.668700     620.5224     499.3485     926.6872
2003.671500     613.1329     509.0149     926.1166
2003.674200     622.2044     496.7896     937.9006
2003.676900     637.5795     508.2872     935.5170
2003.679700     603.1469     497.4587     920.9146
2003.682400     614.3332     488.2618     930.7945
2003.685100     623.4374     491.2785     940.6200
2003.687900     612.1041     508.5161     924.7831
2003.690600     632.2231     520.2073     954.2557
2003.693400     621.0042     487.3051     922.5606
2003.696100     634.0113     485.6911     928.7894
2003.698800     647.1573     527.2502     962.3226
2003.701600     623.6170     509.8190     927.2715
2003.704300     641.1640     508.3693     913.2048
2003.707000     636.3384     498.4271     912.3896
2003.709800     619.9100     495.7742     920.3750
2003.712500     629.9042     504.2081     930.5421
2003.715300     623.3721     483.9774     928.8573
2003.718000     617.5421     495.2636     930.5926
2003.720700     629.2183     486.7945     929.1756
2003.723500     610.6262     508.9386     924.4783
2003.726200     610.8222     504.7246     906.7179
2003.729000     609.1483     496.6194     920.3226
2003.731700     621.9268     496.3201     930.0549
2003.734400     585.3712     508.1991     928.7758
2003.737200     574.9034     498.6325     922.7120
2003.739900     576.7978     506.4853     923.5175
2003.742600     583.1666     508.2813     900.5338
2003.745400     593.7079     483.8248     936.8175
2003.748100     581.3703     499.7300     920.2993
2003.750900     561.6840     487.3756     938.6964
2003.753600     573.2459     493.7788     895.1824
2003.756300     590.9807     517.5721     910.8834
2003.759100     604.2002     490.1399     916.9044
2003.761800     596.0840     490.7914     903.7054
2003.764500     575.8098     504.3549     884.8308
2003.767300     583.7790     491.4546     904.1965
2003.770000     589.7233     499.9237     891.2362
2003.772800     584.2608     489.5824     901.1083
2003.775500     596.1248     493.2858     906.3569
2003.778200     579.5821     497.5878     913.3543
2003.781000     592.5403     483.7837     917.2325
2003.783700     601.1627     486.2018     918.8067
2003.786400     585.0038     489.0013     902.3875
2003.789200     589.3150     483.0031     902.3603
2003.791900     601.6853     478.6189     896.6051
2003.794700     610.9283     475.4378     898.2977
2003.797400     591.5196     489.0541     894.5981
2003.800100     598.6723     483.7719     891.9777
2003.802900     596.0595     458.2355     906.5762
2003.805600     602.4610     475.8193     918.9386
2003.808400     586.1959     489.8523     918.2205
2003.811100     625.5440     478.0320     906.2307
2003.813800     607.0988     488.0446     910.0371
2003.816600     590.6786     481.4067     896.1005
2003.819300     594.3514     479.6752     886.7031
2003.822000     600.0768     478.2374     882.0726
2003.824800     603.9389     475.1913     919.0784
2003.827500     598.1743     473.6302     893.5752
2003.830300     596.7045     478.7715     896.5547
2003.833000     588.8823     470.5019     893.5868
2003.835700     594.5734     466.0238     883.8312
2003.838500     598.5744     461.8333     927.3744
2003.841200     583.2646     469.5570     901.4422
2003.843900     575.5975     462.1150     900.2504
2003.846700     614.8721     466.2938     899.0411
2003.849400     595.8798     469.9209     898.2337
2003.852200     587.1676     479.3760     895.4502
2003.854900     604.8942     475.6785     878.0198
2003.857600     603.1469     463.6996     885.5141
2003.860400     597.6109     460.7123     883.4158
2003.863100     597.8721     462.7958     885.5743
2003.865800     594.0590     462.8310     879.4212
2003.868600     597.1618     458.8283     886.7389
2003.871300     582.4726     430.2986     891.3255
2003.874100     571.1475     471.3882     894.5146
2003.876800     579.9740     466.2879     885.7703
2003.879500     595.9125     470.0207     883.4372
2003.882300     596.8515     465.0143     882.0649
2003.885000     601.7180     456.1637     899.5516
2003.887700     582.2930     476.9286     900.9317
2003.890500     566.5668     480.1977     883.8487
2003.893200     592.6872     471.3001     891.5487
2003.896000     595.4716     461.7981     887.8491
2003.898700     578.1695     462.9601     885.4267
2003.901400     570.2901     463.8464     877.6180
2003.904200     594.1488     457.0265     895.1358
2003.906900     590.6459     442.9935     880.8032
2003.909700     610.2996     434.4657     888.7032
2003.912400     595.8064     453.9922     881.7058
2003.915100     590.2540     443.3456     891.9758
2003.917900     602.9264     438.9438     896.9099
2003.920600     608.1930     455.6883     900.0582
2003.923300     567.8487     467.2798     892.1155
2003.926100     601.2689     449.3321     901.4364
2003.928800     585.8775     441.9312     903.1949
2003.931600     609.3198     457.3258     901.1840
2003.934300     580.6354     453.4346     891.3644
2003.937000     568.1672     472.3918     894.0682
2003.939800     584.4649     445.7813     890.8383
2003.942500     590.6133     441.3560     891.6322
2003.945200     596.0431     450.9402     911.0192
2003.948000     601.0158     454.4323     910.3865
2003.950700     596.9005     454.3678     886.9815
2003.953500     603.4326     462.7019     902.8688
2003.956200     600.0523     442.8761     895.1571
2003.958900     620.3591     443.3456     905.0622
2003.961700     607.6214     454.5732     917.3548
2003.964400     604.2982     444.6016     935.1133
2003.967100     602.6325     442.8702     925.1558
2003.969900     617.2237     458.3822     905.0447
2003.972600     569.5144     436.3262     928.1935
2003.975400     602.4855     448.9682     928.6554
2003.978100     599.6032     446.7790     910.5379
2003.980800     568.9102     430.8092     927.2094
2003.983600     574.6585     440.3289     904.8662
2003.986300     603.8409     428.8020     892.0379
2003.989000     608.6257     440.2878     908.9307
2003.991800     573.2786     425.5564     922.9508
2003.994500     592.6138     446.1393     922.6907
2003.997300     624.2049     419.8692     916.4794
2004.000000     611.1651     439.9298     907.2284
2004.002700     610.1526     441.5262     898.3482
2004.005500     605.5719     439.9122     911.8267
2004.008200     576.4793     439.9944     900.6056
2004.011000     615.1334     441.5145     906.9528
2004.013700     597.4639     448.6219     906.5879
2004.016400     596.4024     439.5542     911.1745
2004.019200     588.9802     432.6639     926.5669
2004.021900     582.7992     438.5212     899.8855
2004.024600     572.3886     429.9113     924.9520
2004.027400     568.8040     432.2413     899.0101
2004.030100     591.9524     428.0273     901.4189
2004.032900     567.4323     430.2223     915.3633
2004.035600     583.2646     453.0707     927.3860
2004.038300     572.7723     443.1402     921.9065
2004.041100     574.3727     428.8666     900.8366
2004.043800     575.3525     429.5356     905.6562
2004.046500     579.4351     427.6341     911.8131
2004.049300     611.5897     436.7135     833.9195
2004.052000     648.6025     456.0170     728.1877
2004.054800     599.2847     423.5961     896.2363
2004.057500     579.9659     434.6770     903.4395
2004.060200     600.5095     428.2327     894.4797
2004.063000     587.7473     411.4823     907.1197
2004.065700     565.7748     429.5122     905.7144
2004.068400     589.0292     439.4368     903.4201
2004.071200     583.0523     441.7023     917.3800
2004.073900     574.1767     426.2783     895.5395
2004.076700     579.4433     441.5614     895.8384
2004.079400     561.2676     426.1609     913.4300
2004.082100     558.0750     429.4006     912.3721
2004.084900     572.7723     445.6346     913.0806
2004.087600     555.0620     424.0011     910.9125
2004.090300     580.0802     434.9293     914.0822
2004.093100     543.1327     436.5727     918.4243
2004.095800     583.7464     429.0192     910.7417
2004.098600     550.4487     422.6805     913.9055
2004.101300     587.4615     430.3514     883.3925
2004.104000     582.7665     425.6679     897.5271
2004.106800     583.0115     423.4376     907.0537
2004.109500     558.3036     423.6607     905.1399
2004.112300     570.1431     426.3428     907.0964
2004.115000     566.1259     424.9401     901.7896
2004.117700     586.0734     432.1767     905.2680
2004.120500     581.7540     423.0796     908.5056
2004.123200     543.8594     424.8286     906.8965
2004.125900     557.2340     423.8720     917.7313
2004.128700     562.1004     417.0521     921.2388
2004.131400     572.3722     420.1686     917.4596
2004.134200     562.1902     419.3293     893.8411
2004.136900     569.0000     438.9438     916.4697
2004.139600     582.1378     429.0896     894.9184
2004.142400     569.9635     417.9324     912.7642
2004.145100     562.0596     423.5374     899.2605
2004.147800     582.7257     412.8791     911.2735
2004.150600     567.6038     418.1202     909.1384
2004.153300     560.7613     426.9767     900.2523
2004.156100     557.5197     427.1293     901.6305
2004.158800     556.6542     417.5451     888.1054
2004.161500     553.5841     422.2345     906.3161
2004.164300     552.7431     412.8791     902.8261
2004.167000     567.4405     406.0123     894.1303
2004.169700     573.5807     437.3885     883.4527
2004.172500     560.5817     425.9907     896.4557
2004.175200     561.6840     420.2331     885.3433
2004.178000     577.5898     377.1540     838.4712
2004.180700     560.7695     413.3545     888.5712
2004.183400     557.2748     437.3533     906.0056
2004.186200     551.2815     443.1813     897.3156
2004.188900     535.8166     417.4570     905.4271
2004.191600     502.1434     417.8561     905.9570
2004.194400     535.8575     421.1546     917.5605
2004.197100     548.1461     417.9618     920.5497
2004.199900     554.3761     411.3708     904.8875
2004.202600     551.4938     414.3992     892.7134
2004.205300     539.1725     421.5713     913.8143
2004.208100     561.0308     427.3934     915.7398
2004.210800     533.3018     443.6508     926.2253
2004.213600     545.5006     425.7501     900.2213
2004.216300     559.0140     416.9640     901.0268
2004.219000     551.3224     422.6981     903.8083
2004.221800     545.9905     427.0941     898.7927
2004.224500     531.5952     429.2774     906.5859
2004.227200     539.4012     423.9835     897.9872
2004.230000     525.8551     407.3563     892.6299
2004.232700     536.0208     406.4877     903.5696
2004.235500     547.4929     429.7411     911.6287
2004.238200     545.3291     413.1961     895.8753
2004.240900     546.5375     410.0092     907.4594
2004.243700     548.2849     407.7202     917.0287
2004.246400     530.5664     427.4697     917.3024
2004.249100     528.4190     418.8069     904.7749
2004.251900     519.9843     409.1581     889.5320
2004.254600     547.3786     412.3157     906.2559
2004.257400     537.6538     415.8313     914.5034
2004.260100     526.2389     420.0160     923.3855
2004.262800     537.6048     411.2710     910.5087
2004.265600     552.8737     421.8530     912.9370
2004.268300     542.2100     426.7537     903.2260
2004.271000     527.4228     424.9343     924.1639
2004.273800     538.2744     420.2272     894.8834
2004.276500     525.2019     412.4037     917.8691
2004.279300     528.7293     429.7469     921.2329
2004.282000     525.6428     415.4087     910.2040
2004.284700     542.3570     416.1248     905.4951
2004.287500     556.5726     411.9636     910.2040
2004.290200     527.4228     426.9063     916.2426
2004.293000     537.4089     420.5383     899.0081
2004.295700     514.4810     396.9622     917.2422
2004.298400     522.4502     413.2665     897.3369
2004.301200     496.0521     413.7712     936.6661
2004.303900     541.0750     415.6024     919.7034
2004.306600     526.5083     419.0769     915.3749
2004.309400     545.2393     409.6864     917.5547
2004.312100     532.9752     411.1888     915.1886
2004.314900     536.0453     407.4502     917.1626
2004.317600     529.7172     405.4841     909.4101
2004.320300     533.9468     398.2475     912.8205
2004.323100     520.2701     405.7130     914.7363
2004.325800     533.2038     406.8516     891.9389
2004.328500     529.4396     409.4399     901.7042
2004.331300     533.4896     406.5053     903.6142
2004.334000     518.8167     414.2232     902.3719
2004.336800     557.2421     410.1031     901.4500
2004.339500     504.0785     420.4620     913.2786
2004.342200     515.5016     419.2354     906.9372
2004.345000     513.9992     412.2101     894.2429
2004.347700     506.5689     420.1803     914.2122
2004.350400     532.8527     415.6200     920.5264
2004.353200     522.1889     402.1211     919.8936
2004.355900     529.4151     400.8299     919.6510
2004.358700     536.0289     396.9445     925.6624
2004.361400     531.6116     401.1644     933.3663
2004.364100     521.4541     390.9052     963.2039
2004.366900     519.9762     416.8056     907.2168
2004.369600     523.2831     408.7121     914.9052
2004.372300     519.0535     408.0782     926.7202
2004.375100     557.7565     437.5704     921.5493
2004.377800     463.3668     419.4232     909.5130
2004.380600     513.5746     416.6295     925.4353
2004.383300     528.1414     425.6268     943.8576
2004.386000     525.4550     416.9934     935.0647
2004.388800     517.6327     422.9153     936.2526
2004.391500     523.8383     416.8877     927.8926
2004.394300     499.2284     426.7067     933.0694
2004.397000     512.8071     429.0602     924.4997
2004.399700     511.8355     419.8458     924.6957
2004.402500     503.7601     415.6846     915.0546
2004.405200     524.9161     431.1086     939.7096
2004.407900     452.0907     402.5143     948.5297
2004.410700     521.8133     429.1013     948.2618
2004.413400     534.7878     418.3550     976.8396
2004.416200     532.9017     434.9235     963.8386
2004.418900     530.6889     419.6286     934.3116
2004.421600     511.4844     423.1031     932.5259
2004.424400     520.1885     428.5027     930.4237
2004.427100     520.7029     432.1239     918.2554
2004.429800     521.2581     421.8589     955.1234
2004.432600     516.2202     429.2422     929.9152
2004.435300     524.7691     426.2196     936.6079
2004.438100     527.6188     430.3280     937.3008
2004.440800     539.7686     432.8106     957.2080
2004.443500     550.6446     420.8024     946.6546
2004.446300     536.0289     438.1221     935.6839
2004.449000     527.5453     427.9510     940.1425
2004.451700     528.2148     421.7180     935.8547
2004.454500     536.3882     428.8372     942.3358
2004.457200     518.1063     426.4250     933.6808
2004.460000     526.5491     441.5908     930.7149
2004.462700     545.4271     406.2353     957.7554
2004.465400     521.6092     433.3858     953.6365
2004.468200     543.5001     428.9135     941.8933
2004.470900     532.7465     456.8269     933.1800
2004.473600     492.1573     435.3813     946.9613
2004.476400     491.5776     443.1167     923.5428
2004.479100     536.4617     414.1527     970.0732
2004.481900     539.0337     432.6815     926.2660
2004.484600     530.6399     435.0995     935.1055
2004.487300     533.1548     434.0548     952.6990
2004.490100     518.0247     415.8196     950.3736
2004.492800     507.2874     436.3731     934.2941
2004.495600     488.8994     427.4815     966.7327
2004.498300     523.4382     429.4769     942.7803
2004.501000     511.3210     445.2824     921.8541
2004.503800     534.4286     429.1659     938.5314
2004.506500     517.5348     435.3167     940.2259
2004.509200     521.0295     419.2706     944.3137
2004.512000     465.6531     430.0580     928.5351
2004.514700     526.2960     443.7741     926.0292
2004.517500     531.8075     438.1397     940.0707
2004.520200     537.4905     450.2594     935.7887
2004.522900     501.3268     454.0802     919.9752
2004.525700     509.7942     424.7993     923.9562
2004.528400     509.0838     430.9031     923.5486
2004.531100     511.7620     428.5438     932.8908
2004.533900     539.6625     418.5956     942.0971
2004.536600     526.1980     430.3808     933.1179
2004.539400     502.1515     423.3437     934.2417
2004.542100     525.3162     435.1934     968.9804
2004.544800     499.3100     451.5506     933.8846
2004.547600     509.0675     452.7303     946.9303
2004.550300     476.7741     442.8644     927.6927
2004.553000     491.2020     453.9159     939.5776
2004.555800     510.3902     436.7370     928.4225
2004.558500     528.2148     428.9076     927.6286
2004.561300     520.0007     431.6661     949.6593
2004.564000     515.5996     434.0079     929.0165
2004.566700     504.6664     442.3303     938.8711
2004.569500     519.5842     437.5528     922.6829
2004.572200     513.5746     439.4309     935.0958
2004.574900     515.7221     435.1582     928.1954
2004.577700     482.6530     417.3397     921.9705
2004.580400     498.0199     443.7682     937.7084
2004.583200     500.1347     458.4996     925.2528
2004.585900     506.6669     430.2810     933.0325
2004.588600     502.9109     424.3239     927.0871
2004.591400     521.9930     419.9045     941.0528
2004.594100     510.1943     427.9627     934.6241
2004.596900     523.0953     438.0341     944.8301
2004.599600     522.8993     451.4978     956.8897
2004.602300     552.8084     455.1190     923.0245
2004.605100     540.8412     452.3204     922.2265
2004.607800     519.6690     447.3897     921.8432
2004.610500     508.1203     444.7601     921.7376
2004.613300     507.8427     463.3827     945.7171
2004.616000     506.4464     456.6743     894.1653
2004.618800     514.5218     455.6825     943.8207
2004.621500     511.5252     432.1767     934.7018
2004.624200     533.9713     439.1844     963.2097
2004.627000     531.1298     431.1848     946.5712
2004.629700     512.1784     441.9429     941.4954
2004.632400     495.7663     416.2128     939.5854
2004.635200     526.7043     416.1248     929.3833
2004.637900     503.6703     432.9691     910.0254
2004.640700     510.0309     437.5822     933.7584
2004.643400     517.2082     434.0196     905.3786
2004.646100     512.9133     452.0964     923.2749
2004.648900     505.9157     435.8684     924.6744
2004.651600     510.1698     441.3736     930.5382
2004.654300     522.2134     433.9844     942.6289
2004.657100     524.9569     420.2742     932.1920
2004.659800     514.5953     423.0562     930.7906
2004.662600     547.2071     440.9334     928.2847
2004.665300     465.1469     433.6910     938.9565
2004.668000     509.6472     411.5058     944.7136
2004.670800     532.4281     424.0832     963.3397
2004.673500     511.3047     426.5131     943.7120
2004.676200     499.5795     434.1605     916.7453
2004.679000     506.4628     426.0905     916.9627
2004.681700     511.0434     425.8440     927.6946
2004.684500     500.6736     439.0788     899.6584
2004.687200     492.3043     429.1952     931.2720
2004.689900     508.2183     432.7167     937.9394
2004.692700     512.9296     430.7681     946.1771
2004.695400     513.6563     418.8304     925.6876
2004.698200     515.0117     416.4299     926.8891
2004.700900     536.4617     434.1781     930.4820
2004.703600     539.1562     420.9139     928.0013
2004.706400     513.4522     430.7212     918.6766
2004.709100     519.7067     427.8923     913.0301
2004.711800     529.1865     433.3036     932.2367
2004.714600     547.0111     434.4833     966.8297
2004.717300     475.8269     418.4841     947.6019
2004.720100     505.8994     416.9523     951.1734
2004.722800     519.9108     415.1916     946.5848
2004.725500     520.9070     427.0589     938.4674
2004.728300     500.6083     423.2557     926.0603
2004.731000     517.5756     421.1663     938.8847
2004.733700     503.9397     436.7546     922.1588
2004.736500     520.4987     414.3934     928.5972
2004.739200     518.0982     413.8769     943.1802
2004.742000     522.9728     406.7753     932.7277
2004.744700     540.2748     431.2025     926.0622
2004.747400     508.3979     428.2444     929.4610
2004.750200     498.5507     389.8371     964.0307
2004.752900     509.5900     435.7041     936.3555
2004.755600     505.1482     427.9392     931.0720
2004.758400     511.0353     432.0593     914.8334
2004.761100     513.3052     424.2534     929.8317
2004.763900     517.9757     421.7591     928.2381
2004.766600     530.6399     417.9090     917.7682
2004.769300     517.7797     407.6556     923.9310
2004.772100     519.7557     413.8651     926.2680
2004.774800     490.5733     429.0015     931.3671
2004.777500     505.3605     414.0999     930.1520
2004.780300     509.5655     422.3988     928.5720
2004.783000     508.1611     425.4860     922.6577
2004.785800     537.4334     413.0141     926.1573
2004.788500     515.9834     398.2651     925.1946
2004.791200     519.8292     399.8204     902.6010
2004.794000     515.2240     403.2303     927.2773
2004.796700     512.6601     407.8200     923.3700
2004.799500     530.1663     403.0543     924.3580
2004.802200     521.2091     415.3031     923.5991
2004.804900     514.9709     405.2317     934.3679
2004.807700     510.5454     424.5528     944.2788
2004.810400     509.4920     395.9996     925.1402
2004.813100     521.9766     415.5437     920.7283
2004.815900     549.8526     401.1351     932.1357
2004.818600     530.5256     406.9983     914.0259
2004.821400     516.2365     402.1270     931.2953
2004.824100     527.1289     402.7139     904.8895
2004.826800     532.5914     406.0240     910.0332
2004.829600     515.5670     396.7098     903.1872
2004.832300     533.4406     391.0637     924.0746
2004.835000     535.8085     403.7703     929.7715
2004.837800     522.8258     402.6434     925.5944
2004.840500     522.6707     404.2046     921.9201
2004.843300     522.8666     409.4516     927.1453
2004.846000     534.0611     411.0010     919.5015
2004.848700     524.7528     407.0687     883.8331
2004.851500     525.7979     414.1117     906.4423
2004.854200     519.0943     400.9707     903.6705
2004.856900     519.7884     415.8078     913.1757
2004.859700     520.9478     406.4760     898.4414
2004.862400     531.9790     405.2552     945.8666
2004.865200     479.1910     396.6628     935.2084
2004.867900     528.3373     396.7333     917.1393
2004.870600     534.7552     394.9138     904.6294
2004.873400     499.1549     408.5947     933.8167
2004.876100     495.4479     394.3798     915.9533
2004.878900     524.0016     403.1540     903.4667
2004.881600     541.1159     387.5599     915.9165
2004.884300     532.0851     391.9147     909.3635
2004.887100     537.2619     401.9744     918.6553
2004.889800     531.2686     416.6178     911.1668
2004.892500     523.7077     403.3771     897.6261
2004.895300     532.3138     399.7148     902.5971
2004.898000     534.9103     389.2912     930.7615
2004.900800     502.4700     401.9744     918.6630
2004.903500     493.0800     402.8958     925.9555
2004.906200     496.9666     411.9460     932.2289
2004.909000     465.8572     418.1437     920.2566
2004.911700     531.1053     413.8299     914.4587
2004.914400     524.6793     401.2994     910.7261
2004.917200     493.3494     415.3911     938.8051
2004.919900     519.2086     399.6913     923.7388
2004.922700     530.7297     416.4652     905.8444
2004.925400     544.3329     400.2841     941.4274
2004.928100     535.2696     399.7324     940.0299
2004.930900     526.5165     397.3613     914.5500
2004.933600     514.3748     397.7369     911.8713
2004.936300     536.5107     407.5911     928.4186
2004.939100     525.9694     399.3861     913.3582
2004.941800     540.5361     389.2912     917.9410
2004.944600     534.4204     413.3487     934.3951
2004.947300     543.1898     393.6579     932.3881
2004.950000     516.6121     413.8065     931.8892
2004.952800     520.8253     405.4019     915.9960
2004.955500     521.1030     388.9332     914.9129
2004.958200     511.8763     388.5870     931.0526
2004.961000     516.7264     399.8674     932.2755
2004.963700     511.5578     396.7802     915.8291
2004.966500     520.1395     406.3410     912.9583
2004.969200     540.7729     384.6899     934.1000
2004.971900     501.1309     413.9180     938.3393
2004.974700     499.6775     405.7365     968.4117
2004.977400     536.9108     390.5531     925.7963
2004.980200     522.0175     399.7441     913.9638
2004.982900     525.6755     404.4570     914.4277
2004.985600     529.6029     392.4606     906.0890
2004.988400     498.7875     398.0479     895.5783
2004.991100     508.7490     397.2087     906.3103
2004.993800     492.2798     388.8158     899.4468
2004.996600     517.1020     374.2135     926.4601
2004.999300     505.8749     344.0699     890.7723
2005.002100     502.2577     374.2664     919.1580
2005.004800     503.7192     368.5968     926.8833
2005.007500     534.2979     379.4018     940.3676
2005.010300     519.5189     375.0293     917.8439
2005.013000     516.5223     390.0131     916.7822
2005.015700     496.4196     391.4863     919.5345
2005.018500     507.5732     390.3183     921.7046
2005.021200     499.2039     399.8263     916.9666
2005.024000     509.3859     384.5901     925.6022
2005.026700     507.3119     397.4376     916.4988
2005.029400     493.1453     388.8745     916.6094
2005.032200     476.2760     376.1503     917.6304
2005.034900     511.5007     383.6217     926.9299
2005.037600     504.9195     375.4167     914.9459
2005.040400     500.4287     392.6895     923.1177
2005.043100     525.5612     349.1232     907.9776
2005.045900     494.8029     364.6939     920.4119
2005.048600     498.9181     374.4776     917.8012
2005.051300     487.9196     373.4623     920.8273
2005.054100     497.7260     368.6672     938.9973
2005.056800     490.4671     365.8794     901.2500
2005.059500     498.6160     369.2365     920.0470
2005.062300     490.6549     388.1937     924.3774
2005.065000     505.3033     385.6583     926.6950
2005.067800     484.6127     395.5184     916.7298
2005.070500     506.5771     401.1938     916.6288
2005.073200     503.9234     385.3707     913.2670
2005.076000     503.6948     385.9106     910.9338
2005.078700     492.6962     373.2158     932.9063
2005.081500     511.3537     396.7567     926.2330
2005.084200     502.3312     384.6840     926.0506
2005.086900     498.9344     387.2488     921.1107
2005.089700     501.5963     377.3124     920.9690
2005.092400     519.5679     380.3526     917.2868
2005.095100     494.0108     398.3238     921.3746
2005.097900     490.3936     390.1599     913.8823
2005.100600     479.6646     388.9978     916.0601
2005.103400     485.7313     389.4556     900.3300
2005.106100     481.5262     385.4411     902.9853
2005.108800     494.7457     387.9003     903.2920
2005.111600     473.2549     389.9603     906.2715
2005.114300     430.9265     402.6728     902.3370
2005.117000     504.4949     380.5463     904.5944
2005.119800     489.6506     389.8077     903.7015
2005.122500     450.4168     402.1387     908.7948
2005.125300     490.0752     385.6113     907.2109
2005.128000     484.3351     383.9210     840.1794
2005.130700     486.0661     367.8514     901.4111
2005.133500     471.8668     370.8505     900.2387
2005.136200     495.4887     378.8208     882.9442
2005.138900     468.2415     357.8270     902.0167
2005.141700     486.2294     373.5914     910.2952
2005.144400     506.9690     379.2140     904.1480
2005.147200     461.9461     374.8474     919.3618
2005.149900     476.3087     374.5011     904.0276
2005.152600     481.8937     343.0134     893.9382
2005.155400     494.0517     371.4198     912.2440
2005.158100     493.9945     365.5097     899.5885
2005.160800     486.4988     384.5549     904.0859
2005.163600     479.7871     369.8000     897.0613
2005.166300     467.3760     369.3950     906.1453
2005.169100     454.7281     379.4312     907.5564
2005.171800     443.0273     366.3079     897.1486
2005.174500     462.0277     354.5462     906.7936
2005.177300     455.5364     383.7508     908.9462
2005.180000     443.0600     381.6790     925.9594
2005.182800     414.7349     391.5274     909.9070
2005.185500     435.0418     392.4019     917.9041
2005.188200     485.6742     374.2781     912.4867
2005.191000     482.9633     381.1626     915.2255
2005.193700     459.8640     368.2681     914.6451
2005.196400     457.8145     376.4731     916.3745
2005.199200     453.0624     368.2447     907.6011
2005.201900     447.8448     369.9819     909.6314
2005.204700     451.8621     369.0311     913.8201
2005.207400     473.2957     367.9864     926.1612
2005.210100     424.7454     373.2745     906.8829
2005.212900     449.6575     366.8889     911.8189
2005.215600     444.9462     360.0103     924.6239
2005.218300     451.8702     366.9124     930.4664
2005.221100     459.0311     365.5625     927.9703
2005.223800     464.1834     358.9304     912.0383
2005.226600     477.5335     365.2925     895.5065
2005.229300     432.4044     382.7061     891.5332
2005.232000     442.5537     393.7811     898.5171
2005.234800     463.7261     362.4049     909.3111
2005.237500     466.2165     353.7011     914.2181
2005.240200     458.9086     368.2975     926.4679
2005.243000     463.8159     378.8267     907.4555
2005.245700     424.9822     364.4532     894.6990
2005.248500     455.5854     359.6347     915.5826
2005.251200     456.0427     360.1923     913.6435
2005.253900     455.7079     342.7552     916.0096
2005.256700     454.5403     345.9773     926.3961
2005.259400     440.7901     355.8785     921.5027
2005.262100     442.6191     346.7814     939.3078
2005.264900     445.9096     372.8813     935.2433
2005.267600     475.5411     371.6077     934.4844
2005.270400     443.2315     359.9927     908.8919
2005.273100     440.0715     363.3088     921.2388
2005.275800     448.8001     368.1742     903.4803
2005.278600     458.3126     360.5855     918.2729
2005.281300     448.4572     359.0419     916.0077
2005.284100     439.2877     368.2153     897.4670
2005.286800     436.3564     344.8094     918.4980
2005.289500     433.2699     368.9490     907.4322
2005.292300     438.7896     361.1196     906.8868
2005.295000     435.1153     356.6826     917.0558
2005.297700     429.2200     363.9954     909.8915
2005.300500     427.3746     355.0040     909.1267
2005.303200     433.2128     348.5304     917.0248
2005.306000     410.5707     368.4442     922.3316
2005.308700     424.5413     361.6595     913.2456
2005.311400     431.7022     365.2808     905.6329
2005.314200     453.1767     362.9097     934.3038
2005.316900     443.6316     359.0948     923.8592
2005.319600     453.3400     382.3129     935.5655
2005.322400     385.3157     355.9020     949.8302
2005.325100     435.9236     371.0325     930.1442
2005.327900     432.6739     360.3449     928.5526
2005.330600     447.2079     363.2383     952.5922
2005.333300     444.3909     365.4392     907.6574
2005.336100     438.4630     359.1652     920.7322
2005.338800     450.1229     363.9896     931.4835
2005.341500     441.7944     356.4361     924.0707
2005.344300     443.4356     364.1891     926.6775
2005.347000     432.9678     362.8744     930.2257
2005.349800     428.8934     354.7516     930.0200
2005.352500     445.5095     369.4244     943.3956
2005.355200     431.8818     359.7462     926.5184
2005.358000     444.4889     354.9336     924.7171
2005.360700     433.5884     353.8947     927.1240
2005.363400     419.4707     354.9277     925.8448
2005.366200     410.4727     354.0415     922.7625
2005.368900     433.7353     353.9182     931.1710
2005.371700     449.8208     344.8328     922.2675
2005.374400     447.0038     355.1742     917.4111
2005.377100     412.0159     349.6279     935.7227
2005.379900     422.3939     369.3070     946.8740
2005.382600     447.6488     366.5837     931.6970
2005.385400     447.1344     351.3182     950.4998
2005.388100     441.5413     369.9174     945.4822
2005.390800     433.2209     373.8907     938.2713
2005.393600     434.4947     363.1151     945.9850
2005.396300     441.7454     349.4284     940.0512
2005.399000     443.7540     355.6731     957.4798
2005.401800     419.1768     350.2970     965.0148
2005.404500     429.4568     362.5282     941.2023
2005.407300     451.4212     359.1769     945.7326
2005.410000     457.9288     345.3317     934.6629
2005.412700     450.8904     355.1977     953.2697
2005.415500     427.9299     368.1390     911.7665
2005.418200     431.4327     376.2208     957.2740
2005.420900     423.3002     368.0393     932.5530
2005.423700     429.6854     364.6880     943.0385
2005.426400     441.7699     357.2753     954.4595
2005.429200     433.6292     364.5237     943.0734
2005.431900     446.9875     373.8907     952.1245
2005.434600     444.9462     356.8997     947.2039
2005.437400     443.3948     354.2469     951.2083
2005.440100     455.2425     368.5440     936.2119
2005.442800     447.0283     375.3521     927.5782
2005.445600     425.3987     375.8334     940.7636
2005.448300     445.3299     372.8754     927.5724
2005.451100     427.4971     367.2528     930.4858
2005.453800     426.0274     373.5092     926.2777
2005.456500     445.3462     360.7557     944.1953
2005.459300     425.5701     367.3115     932.0290
2005.462000     437.4750     379.1436     943.8887
2005.464800     414.2205     377.8700     916.8986
2005.467500     431.1061     365.1869     944.2749
2005.470200     418.1643     379.6894     920.1130
2005.473000     448.6695     362.5282     960.9756
2005.475700     439.2060     376.4321     940.6064
2005.478400     437.3688     388.8276     929.9288
2005.481200     425.3987     363.5083     947.8755
2005.483900     443.3294     369.5711     957.6389
2005.486700     434.9601     360.4564     949.4536
2005.489400     416.6864     382.4890     929.3503
2005.492100     420.1321     369.5887     937.9278
2005.494900     415.0125     372.9634     914.2297
2005.497600     400.9276     368.3562     949.4827
2005.500300     403.1322     372.1359     973.1594
2005.503100     411.5097     378.7680     984.6659
2005.505800     401.8584     362.1995     973.5360
2005.508600     414.6288     377.5413     956.3617
2005.511300     397.9718     389.5554     980.9138
2005.514000     401.8176     382.6768     958.1630
2005.516800     396.6163     384.5079     953.8908
2005.519500     412.9876     373.7968     963.1515
2005.522200     405.5409     384.5197     971.0049
2005.525000     410.7340     371.5607     967.9245
2005.527700     406.4064     366.7481     955.8512
2005.530500     398.1432     380.5698     961.7267
2005.533200     401.8666     372.2709     965.3099
2005.535900     395.0486     381.2330     960.3603
2005.538700     394.6649     392.0086     935.7616
2005.541400     436.7156     368.2799     996.3839
2005.544100     378.3018     386.4389     969.9839
2005.546900     411.0361     369.8587     972.7654
2005.549600     419.7483     362.4988     984.4815
2005.552400     413.3958     375.8334     987.6220
2005.555100     406.6840     380.4054     960.5233
2005.557800     406.1533     375.4578     957.5399
2005.560600     405.4348     380.4054     953.5841
2005.563300     407.3699     374.5011     983.8021
2005.566100     443.8683     370.0641     975.6012
2005.568800     403.9569     385.2533     969.7587
2005.571500     395.5712     393.6696     950.5580
2005.574300     394.7628     378.5449     962.0179
2005.577000     437.9159     357.4455     968.5456
2005.579700     431.5879     351.0541    1000.0000
2005.582500     413.7306     368.4912     964.6771
2005.585200     416.7925     359.2826     977.3909
2005.588000     391.5294     370.7038     962.5653
2005.590700     409.3622     386.3039     951.4917
2005.593400     405.5981     371.9070     973.1788
2005.596200     408.3906     370.1463     973.5146
2005.598900     421.2426     370.7919     984.7629
2005.601600     405.9655     374.3955     963.5183
2005.604400     398.4209     379.9829     972.1617
2005.607100     409.8848     367.6636     952.9455
2005.609900     424.8924     374.4894     972.4063
2005.612600     406.8473     373.1336     975.9526
2005.615300     428.2157     372.0948     966.1076
2005.618100     424.1984     384.8601     972.0841
2005.620800     397.1879     385.8696     961.6957
2005.623500     413.5265     363.9250     961.6860
2005.626300     413.8041     370.6686     962.2334
2005.629000     399.3190     363.7137     948.1104
2005.631800     412.9141     367.7693     969.5743
2005.634500     402.2177     376.2325     970.1450
2005.637200     428.4524     376.9016     965.8689
2005.640000     399.9232     358.3200     958.6793
2005.642700     415.6494     376.9544     946.9982
2005.645400     413.8041     365.1458     953.6792
2005.648200     414.4165     338.4062     975.0927
2005.650900     406.9616     355.4676     946.0917
2005.653700     412.0894     350.1150     946.5498
2005.656400     421.8795     376.1151     983.3324
2005.659100     413.7061     363.6316     973.5437
2005.661900     439.5490     338.7701     942.8056
2005.664600     425.7089     375.4167     954.8419
2005.667400     413.4530     355.0216     949.8496
2005.670100     438.9937     343.8116     956.2336
2005.672800     412.6610     354.4171     939.3117
2005.675600     426.2805     365.1810     957.6622
2005.678300     420.3444     363.7959     957.3458
2005.681000     452.2948     366.6835     948.5161
2005.683800     527.0554     350.1502     993.9712
2005.686500     421.8713     364.0307     948.8461
2005.689300     418.2949     351.1891     943.2578
2005.692000     423.0226     347.0983     960.9542
2005.694700     430.3059     364.7408     950.6609
2005.697500     452.0907     384.6018     972.4975
2005.700200     435.9481     357.1756     970.4187
2005.702900     463.8976     361.2781     940.2919
2005.705700     429.8569     367.6930     928.0071
2005.708400     421.3896     353.4017     932.9781
2005.711200     439.2468     351.7056     954.1917
2005.713900     391.7091     375.7806     966.3619
2005.716600     428.0442     352.3453     938.2655
2005.719400     438.7079     358.3024     961.8995
2005.722100     428.5096     362.7101     950.7386
2005.724800     425.5048     347.2861     966.0048
2005.727600     425.3578     372.3237     958.9724
2005.730300     422.9736     359.3236     958.7143
2005.733100     437.4587     347.9083     958.8074
2005.735800     420.2219     348.7299     946.9322
2005.738500     419.5687     359.2297     939.4612
2005.741300     418.1725     354.1178     929.3076
2005.744000     426.7867     347.5209     936.2682
2005.746700     429.5956     334.7145     925.7478
2005.749500     437.7118     345.5371     976.0321
2005.752200     413.4938     351.3769     961.8296
2005.755000     419.7810     340.2373     943.8479
2005.757700     444.0888     347.5209     952.3457
2005.760400     443.6234     359.6230     943.0036
2005.763200     446.4812     352.4275     928.4497
2005.765900     452.9154     325.0246     930.2063
2005.768700     427.6441     338.5001     965.8573
2005.771400     433.7108     334.9962     967.8643
2005.774100     425.0557     322.6359     944.3972
2005.776900     421.7978     335.9470     932.9801
2005.779600     453.1767     331.9267     939.3991
2005.782300     452.2540     309.8002     948.6520
2005.785100     450.5311     326.1985     963.5008
2005.787800     462.5177     333.0653     962.4605
2005.790600     431.9472     347.2685     947.5436
2005.793300     444.0398     325.1362     922.5567
2005.796000     431.9227     329.2973     941.8972
2005.798800     434.9356     334.9317     953.5705
2005.801500     444.4399     321.2508     939.9348
2005.804200     464.2323     316.6671     940.6025
2005.807000     455.8630     315.6693     955.7852
2005.809700     450.8741     306.4020     952.9999
2005.812500     456.2060     326.9438     939.0846
2005.815200     459.5619     333.7989     958.8249
2005.817900     449.4615     327.3429     930.8352
2005.820700     460.6887     326.9262     932.8345
2005.823400     448.1142     317.7646     938.1257
2005.826100     457.4389     325.0246     959.8789
2005.828900     445.1911     309.7767     947.8872
2005.831600     455.6997     342.5439     942.9841
2005.834400     450.2944     351.0717     947.0855
2005.837100     455.7814     341.7340     929.8919
2005.839800     444.1133     319.8951     918.5660
2005.842600     452.8256     337.7195     931.6505
2005.845300     450.1719     336.0468     933.1936
2005.848000     460.6560     330.9994     949.8399
2005.850800     482.7020     318.0815     968.2971
2005.853500     463.8404     314.0553     997.7639
2005.856300     422.2061     331.2224     973.5360
2005.859000     460.7703     323.1113     931.5204
2005.861700     482.5551     337.3263     962.3440
2005.864500     407.3291     353.0789     946.1713
2005.867200     443.3294     335.5303     936.0217
2005.870000     428.1912     334.7908     935.7189
2005.872700     444.7992     317.6648     924.3211
2005.875400     442.5374     327.2960     920.3672
2005.878200     431.4327     326.6563     912.0363
2005.880900     426.5091     336.2698     913.9269
2005.883600     458.5739     323.6454     891.8360
2005.886400     418.8338     313.6797     925.5343
2005.889100     435.8175     316.8079     943.6169
2005.891900     435.0418     314.3898     932.2813
2005.894600     415.1432     313.6210     933.5333
2005.897300     451.7396     311.8720     935.8897
2005.900100     443.6397     308.9903     939.0536
2005.902800     457.0796     312.0833     929.2688
2005.905500     465.9634     307.9162     940.7539
2005.908300     443.8194     310.9153     923.7738
2005.911000     449.9024     320.4937     952.8368
2005.913800     426.5908     314.3840     944.9232
2005.916500     444.4154     336.9565     929.8919
2005.919200     417.0538     333.3118     942.5183
2005.922000     429.6691     336.3872     935.7014
2005.924700     452.3112     323.8919     952.5495
2005.927400     444.7910     317.7763     946.3907
2005.930200     441.6066     314.0729     933.4867
2005.932900     445.2646     323.6337     937.8579
2005.935700     443.8357     313.3158     933.4207
2005.938400     447.0038     315.8865     939.0924
2005.941100     448.6613     325.7759     917.5372
2005.943900     437.7689     322.1781     922.8983
2005.946600     442.8150     315.5461     940.4181
2005.949300     453.6258     313.3393     939.0303
2005.952100     462.9831     327.7949     946.7226
2005.954800     460.8601     316.1917     932.6229
2005.957600     462.1502     312.4413     933.2596
2005.960300     453.1930     309.6594     936.3109
2005.963000     444.5950     308.0160     931.0254
2005.965800     440.6023     311.1912     922.3452
2005.968500     435.0418     305.4630     927.5025
2005.971300     446.2771     307.9104     941.6875
2005.974000     467.4413     291.1952     951.8100
2005.976700     437.1239     306.4079     935.7557
2005.979500     458.5249     307.8752     938.0811
2005.982200     427.7502     300.9907     927.7548
2005.984900     442.0557     303.7961     920.7787
2005.987700     456.7530     310.5691     927.3957
2005.990400     434.5763     346.0184     920.3575
2005.993200     402.3075     288.1609     938.9837
2005.995900     442.6926     299.1654     923.1876
2005.998600     437.1647     287.8615     945.3134
2006.001400     419.2829     290.7139     933.0383
2006.004100     434.7968     288.6597     939.1739
2006.006800     414.7023     325.1890     912.5352
2006.009600     424.3372     304.8760     916.8190
2006.012300     418.1970     290.5555     916.6851
2006.015100     430.5999     297.5866     933.3314
2006.017800     426.5826     300.6327     937.9530
2006.020500     402.4871     303.9370     921.8560
2006.023300     416.6374     295.9609     912.1761
2006.026000     428.8280     299.0715     911.7141
2006.028700     425.4966     315.9099     907.0265
2006.031500     442.0148     306.4842     921.1514
2006.034200     436.6911     303.5848     918.8435
2006.037000     435.9154     309.1311     944.1992
2006.039700     432.3881     298.1325     934.6008
2006.042400     422.4347     308.4679     934.0535
2006.045200     421.5855     301.2313     912.8225
2006.047900     416.1720     315.7808     909.9070
2006.050700     420.1893     319.8305     921.6095
2006.053400     397.3267     309.8178     933.0228
2006.056100     430.0610     308.8083     921.9744
2006.058900     423.7901     313.7208     908.0980
2006.061600     428.0034     303.8020     926.3087
2006.064300     408.9376     311.5081     924.1600
2006.067100     426.0845     303.2620     929.7482
2006.069800     418.2215     299.4589     947.1535
2006.072600     426.5173     307.7812     922.2733
2006.075300     431.2205     297.3988     922.6596
2006.078000     416.4986     302.1645     915.7088
2006.080800     411.7056     304.5415     916.7763
2006.083500     423.4472     297.8214     910.0837
2006.086200     432.0696     307.1415     868.8562
2006.089000     397.9718     279.6272     892.4280
2006.091700     402.4136     300.5564     903.3425
2006.094500     404.9612     295.9022     913.0961
2006.097200     422.6062     302.0824     912.1955
2006.099900     419.8953     291.8584     906.4695
2006.102700     373.5333     261.0809     895.7550
2006.105400     442.6926     260.0185     920.6235
2006.108100     432.2248     294.6873     929.1271
2006.110900     438.6671     299.8580     937.5027
2006.113600     429.3261     274.1161     929.6725
2006.116400     423.9126     275.0023     926.5727
2006.119100     427.4073     284.8213     950.0049
2006.121800     455.4874     285.2791     939.7349
2006.124600     409.4112     290.1798     922.3743
2006.127300     442.9702     272.7486     928.8573
2006.130000     402.1034     304.8702     919.1230
2006.132800     413.5836     296.8060     890.0444
2006.135500     410.2114     295.3094     899.1362
2006.138300     414.5145     282.3798     896.1995
2006.141000     407.9170     288.5130     894.6156
2006.143700     394.1913     300.8968     910.4505
2006.146500     402.7974     287.6796     909.0374
2006.149200     402.0054     294.1415     908.2164
2006.152000     405.8104     298.3027     896.2422
2006.154700     393.6524     273.9224     925.6546
2006.157400     405.3041     298.1559     912.9040
2006.160200     405.8675     288.7184     905.5358
2006.162900     361.3100     278.6412     889.5631
2006.165600     417.6254     289.0588     893.8935
2006.168400     405.3613     292.1577     905.2311
2006.171100     392.7869     294.8399     897.0166
2006.173900     436.8544     297.5866     903.1658
2006.176600     388.4511     288.9943     901.0229
2006.179300     398.7393     295.2859     889.3437
2006.182100     372.2759     296.5830     895.1979
2006.184800     401.7523     285.1500     897.3835
2006.187500     404.0058     291.9406     893.7285
2006.190300     392.8114     289.6164     910.1458
2006.193000     401.4011     277.8606     908.0708
2006.195800     402.2503     286.2123     924.2881
2006.198500     403.1240     291.9699     912.7700
2006.201200     417.3396     289.9392     936.4176
2006.204000     386.3445     284.4046     931.6485
2006.206700     385.8138     278.3184     920.3614
2006.209400     387.3243     289.5988     923.9174
2006.212200     362.2898     289.5577     909.7382
2006.214900     368.4546     280.9712     922.3976
2006.217700     383.3234     295.3798     917.8750
2006.220400     380.2533     287.3040     909.9303
2006.223100     399.8008     276.9568     911.0988
2006.225900     396.1264     274.4976     925.6527
2006.228600     388.3368     282.7965     903.7889
2006.231300     368.6587     285.6137     924.3192
2006.234100     366.7644     284.1640     903.7928
2006.236800     395.3017     278.3771     901.0443
2006.239600     403.2383     272.7780     937.4173
2006.242300     390.7782     268.8222     919.3055
2006.245000     379.6327     286.8931     916.5628
2006.247800     379.7552     278.8994     908.1620
2006.250500     382.4579     279.2340     919.9693
2006.253300     372.1942     262.1021     921.3572
2006.256000     381.3311     283.7414     916.5939
2006.258700     376.0727     274.7148     915.3730
2006.261500     377.8609     291.1717     922.8168
2006.264200     377.8609     271.4574     905.1496
2006.266900     302.9289     234.0654     859.4616
2006.269700     383.2744     281.8340     910.7223
2006.272400     364.5843     270.9644     909.7712
2006.275200     376.2278     259.4962     914.3073
2006.277900     379.4694     268.8750     913.2165
2006.280600     380.7677     266.6095     912.3372
2006.283400     374.8071     275.4601     915.0838
2006.286100     391.3171     274.1807     915.7476
2006.288800     383.7643     262.9824     928.3294
2006.291600     367.2135     264.9427     923.8087
2006.294300     384.7768     294.9338     912.7720
2006.297100     377.5588     272.0443     925.4159
2006.299800     400.6989     262.7066     922.4111
2006.302500     377.9834     279.8267     921.1708
2006.305300     374.0396     273.6114     903.8102
2006.308000     390.0842     277.0096     919.2104
2006.310700     366.4051     280.4723     910.2719
2006.313500     394.2974     275.4719     906.4035
2006.316200     397.1552     280.5369     918.1991
2006.319000     375.4358     270.7120     912.0674
2006.321700     415.1187     276.8276     942.6988
2006.324400     403.9242     261.5973     919.3928
2006.327200     378.8979     277.9252     929.4649
2006.329900     378.0650     283.5301     926.2952
2006.332600     376.6279     276.6340     916.0679
2006.335400     374.7499     276.2290     914.6703
2006.338100     390.0270     284.9681     905.4388
2006.340900     437.4178     281.1414     914.2336
2006.343600     376.6933     275.1902     924.3231
2006.346300     374.6356     281.3175     916.1669
2006.349100     374.8643     281.4114     910.8232
2006.351800     385.8873     288.0611     919.5520
2006.354600     411.9424     287.0457     934.1233
2006.357300     327.7102     287.7089     942.4154
2006.360000     384.9156     285.7369     919.4996
2006.362800     382.6130     290.5965     938.2209
2006.365500     389.2922     289.1293     924.5618
2006.368200     391.8315     293.4783     912.9079
2006.371000     366.1357     282.2096     905.1631
2006.373700     374.1620     276.9978     907.5817
2006.376500     376.8239     285.0268     919.2512
2006.379200     400.2744     294.3645     919.9344
2006.381900     394.6812     276.2935     924.5657
2006.384700     397.5063     275.3897     916.9355
2006.387400     383.8215     281.3292     934.8473
2006.390100     408.5947     306.4842     951.9769
2006.392900     374.4887     296.8823     912.3508
2006.395600     386.9161     288.1022     900.7027
2006.398400     379.7225     286.4647     913.3155
2006.401100     395.6365     278.1306     913.8745
2006.403800     399.2374     273.7464     930.0064
2006.406600     390.0923     285.3906     917.4460
2006.409300     384.4747     279.8502     932.1163
2006.412000     378.5468     294.1415     926.4718
2006.414800     372.3494     286.3414     919.9577
2006.417500     366.1602     288.1198     909.6799
2006.420300     387.5203     288.2489     913.7658
2006.423000     382.1231     271.3635     916.9103
2006.425700     365.2620     284.5866     917.3431
2006.428500     376.3422     283.1310     942.4174
2006.431200     377.5996     291.5591     922.6712
2006.433900     367.9075     278.6060     920.7322
2006.436700     376.6688     283.1252     934.0069
2006.439400     364.8047     282.2213     934.9793
2006.442200     367.7279     271.8448     936.8194
2006.444900     364.5679     274.2394     936.1245
2006.447600     367.1400     295.8259     926.6795
2006.450400     378.7182     273.2651     924.6627
2006.453100     370.1693     273.0890     908.6939
2006.455900     353.1857     270.1780     925.0432
2006.458600     358.5094     272.1734     932.5511
2006.461300     364.4863     286.7816     920.3110
2006.464100     361.2039     300.4977     934.7309
2006.466800     369.1160     284.0818     917.8672
2006.469500     390.8191     291.0250     923.1798
2006.472300     387.4305     286.0949     920.8913
2006.475000     373.9416     287.8733     945.5521
2006.477800     376.4973     288.6891     930.3771
2006.480500     350.5973     292.7505     919.2647
2006.483200     393.8157     272.6136     941.2993
2006.486000     342.0891     281.8927     936.1478
2006.488700     341.1338     277.8547     918.0128
2006.491400     347.4047     295.3446     948.1240
2006.494200     363.7433     296.8530     935.2705
2006.496900     362.0041     299.2182     938.1374
2006.499700     359.2932     286.7699     939.9542
2006.502400     374.9459     294.6521     939.6747
2006.505100     365.8417     298.3261     930.6722
2006.507900     381.3393     302.0237     949.6244
2006.510600     375.9421     285.1265     927.5219
2006.513300     356.0516     297.6923     935.7654
2006.516100     361.7836     293.5780     925.2781
2006.518800     370.9123     294.1826     923.7213
2006.521600     362.3307     286.2065     929.3853
2006.524300     383.9276     301.1785     933.9040
2006.527000     374.4805     291.6412     946.0257
2006.529800     395.2528     276.9920     938.3257
2006.532500     396.9756     297.8507     976.1603
2006.535200     365.7519     305.6273     926.1438
2006.538000     381.7720     301.2489     935.9207
2006.540700     357.2846     296.6300     940.9771
2006.543500     357.5704     294.1004     940.6083
2006.546200     364.1107     295.7320     922.1355
2006.548900     361.0732     299.4530     920.1751
2006.551700     363.4248     296.1722     937.9278
2006.554400     357.3744     308.0982     944.1798
2006.557200     364.7067     300.5036     918.6941
2006.559900     364.9680     300.7677     926.6756
2006.562600     385.7566     295.5324     938.0267
2006.565400     357.4805     292.8679     922.2636
2006.568100     379.4449     300.2336     915.9165
2006.570800     348.3355     285.3906     926.7047
2006.573600     361.0814     286.2182     928.0770
2006.576300     356.8927     295.6498     916.8734
2006.579100     358.5828     292.4453     917.9681
2006.581800     338.5863     295.6087     932.0134
2006.584500     342.7015     289.4345     911.6734
2006.587300     346.2697     302.0941     933.6264
2006.590000     359.2851     283.7356     919.8102
2006.592700     346.4820     295.4151     922.6596
2006.595500     348.6376     296.7943     917.9487
2006.598200     371.2879     301.0611     926.7164
2006.601000     352.2548     311.7135     928.7059
2006.603700     355.7659     287.8968     927.5937
2006.606400     356.3946     296.2191     930.7421
2006.609200     364.4700     297.6629     929.7385
2006.611900     367.4829     301.4896     927.6461
2006.614600     358.3542     303.7668     943.6674
2006.617400     365.3436     293.2846     916.5492
2006.620100     365.8417     285.4317     927.3453
2006.622900     356.5660     286.8227     926.0040
2006.625600     389.3330     278.1012     921.2097
2006.628300     369.3119     282.4326     937.3687
2006.631100     361.8408     283.9821     923.3855
2006.633800     356.1251     290.9311     931.0119
2006.636600     352.3120     294.5875     921.5668
2006.639300     355.1208     293.1848     923.8708
2006.642000     354.7779     294.1297     944.2594
2006.644800     332.0215     303.1799     927.2676
2006.647500     348.6458     301.4778     923.4845
2006.650200     377.2893     301.1726     928.1896
2006.653000     378.9550     291.5767     918.7892
2006.655700     363.2697     296.9176     923.2128
2006.658500     374.0967     299.6584     928.6768
2006.661200     355.6515     298.0738     931.7262
2006.663900     357.3826     303.0273     935.2627
2006.666700     354.4104     316.1975     923.1410
2006.669400     349.2990     291.4182     933.8768
2006.672100     359.2034     304.6295     926.9687
2006.674900     377.0199     303.7374     955.6804
2006.677600     356.3129     302.1117     917.5683
2006.680400     375.2725     302.5460     947.2602
2006.683100     335.7856     281.6227     931.0080
2006.685800     369.6059     282.9139     939.8921
2006.688600     350.1564     294.1767     925.6216
2006.691300     350.9729     296.5889     930.2626
2006.694000     359.3912     290.0566     929.7560
2006.696800     361.3100     284.3401     937.6754
2006.699500     349.4868     291.7058     936.9184
2006.702300     360.6486     287.3979     933.7662
2006.705000     361.9306     288.5893     911.8267
2006.707700     350.8994     267.9770     923.5039
2006.710500     369.5242     278.9112     926.4427
2006.713200     374.4397     285.8191     926.6465
2006.715900     363.1717     297.8683     922.3917
2006.718700     376.8239     286.2769     916.9782
2006.721400     371.1736     297.0467     922.5257
2006.724200     358.1338     285.3672     916.9898
2006.726900     374.2682     284.5103     911.6540
2006.729600     380.9392     281.8927     914.4452
2006.732400     365.9070     284.7979     922.8556
2006.735100     372.6270     273.6348     914.6839
2006.737900     370.8062     271.6628     937.6871
2006.740600     358.9503     266.4687     928.6962
2006.743300     377.9017     261.3978     922.6518
2006.746100     372.4392     273.7170     915.4642
2006.748800     367.0420     284.0231     923.0070
2006.751500     360.2485     268.5405     923.7718
2006.754300     353.6429     273.3297     910.8115
2006.757000     363.7269     270.8881     913.4203
2006.759800     366.0132     272.5843     915.1400
2006.762500     381.5516     274.7676     936.2526
2006.765200     353.8225     275.9414     931.3671
2006.768000     352.2548     281.6990     915.6991
2006.770700     358.1093     273.7698     910.7300
2006.773400     367.2380     269.5852     915.1070
2006.776200     383.2907     260.0596     896.7934
2006.778900     385.8546     267.0497     910.2040
2006.781700     351.7976     283.6827     910.7067
2006.784400     375.1990     273.9694     887.8860
2006.787100     361.2774     276.3346     902.9038
2006.789900     364.2495     277.4498     904.9380
2006.792600     375.2888     282.4033     936.5302
2006.795300     378.6366     269.5676     901.3956
2006.798100     345.1021     278.9581     901.7935
2006.800800     363.2778     283.4128     904.5556
2006.803600     388.4511     272.5197     912.2926
2006.806300     383.7725     283.5301     906.4500
2006.809000     376.2605     273.3707     911.3531
2006.811800     367.1400     267.9888     913.5212
2006.814500     369.2058     254.7892     914.4937
2006.817200     359.4974     268.3761     921.7454
2006.820000     385.6668     272.8777     905.3747
2006.822700     364.0045     252.4181     922.7159
2006.825500     361.5795     265.9757     911.1435
2006.828200     376.5218     276.6926     906.7354
2006.830900     388.8104     277.4615     922.0792
2006.833700     387.8143     270.8177     901.3859
2006.836400     380.5146     269.5089     902.0808
2006.839200     378.5386     272.8190     912.2654
2006.841900     378.4978     265.6177     904.8759
2006.844600     367.6544     247.8402     909.5538
2006.847400     395.1711     269.2096     909.9594
2006.850100     354.7534     262.5657     911.5860
2006.852800     370.6592     264.8958     909.6935
2006.855600     392.5337     265.9052     900.6425
2006.858300     384.8585     271.6276     921.7085
2006.861100     387.1855     253.4099     922.6150
2006.863800     377.5261     267.2199     926.5553
2006.866500     375.6889     274.6619     914.2355
2006.869300     387.2345     259.8542     923.6845
2006.872000     382.0496     280.8714     931.0274
2006.874700     405.6552     260.0009     921.1456
2006.877500     368.8873     269.1802     918.8552
2006.880200     366.6174     278.1717     912.0208
2006.883000     394.6159     271.1874     922.5101
2006.885700     404.9938     272.2028     914.0434
2006.888400     406.8147     265.5355     915.1381
2006.891200     389.2268     262.3075     931.0080
2006.893900     370.9776     264.4204     918.2612
2006.896600     371.8921     278.1482     908.4940
2006.899400     386.3200     262.1373     919.8723
2006.902100     384.3114     254.1084     924.5638
2006.904900     400.3805     257.7589     925.8429
2006.907600     392.5337     258.6687     933.0131
2006.910300     401.4011     270.3482     916.7511
2006.913100     379.4368     258.9328     920.5283
2006.915800     388.0266     267.6836     920.1071
2006.918500     409.2724     291.5825     918.8862
2006.921300     386.9161     267.1084     921.9744
2006.924000     384.6788     269.9843     902.0128
2006.926800     401.7686     268.2822     903.1154
2006.929500     403.4996     265.7820     897.3175
2006.932200     381.1351     250.2113     926.0913
2006.935000     382.7600     252.4650     901.4480
2006.937700     393.5789     238.8135     916.5803
2006.940500     385.5117     250.9214     923.7602
2006.943200     395.3997     263.8980     905.0156
2006.945900     417.4213     261.9730     910.4369
2006.948700     404.3814     256.2741     910.4350
2006.951400     395.9795     259.7662     903.0998
2006.954100     391.7499     253.8443     916.4580
2006.956900     391.4641     243.4090     912.4614
2006.959600     392.1173     256.2154     918.0264
2006.962400     366.5929     257.2014     915.3827
2006.965100     380.5391     272.0208     912.2518
2006.967800     375.1664     259.4258     906.6092
2006.970600     399.1965     253.1987     907.7156
2006.973300     384.4257     252.3887     919.2084
2006.976000     368.9771     270.5125     918.5252
2006.978800     375.7869     267.7540     921.0485
2006.981500     375.1419     258.5278     908.5308
2006.984300     401.6461     261.9553     916.4619
2006.987000     359.0319     236.7006     924.0183
2006.989700     370.0713     250.7512     916.2406
2006.992500     373.1577     258.3048     910.3593
2006.995200     360.0281     257.5183     916.5958
2006.997900     368.5199     253.7914     919.9441
2007.000700     397.8656     283.1310     882.6763
2007.003400     354.5819     267.6249     900.2329
2007.006200     373.3700     267.9888     903.5171
2007.008900     371.1491     262.8885     895.9782
2007.011600     386.3200     272.0854     889.7630
2007.014400     383.6582     259.2380     923.2439
2007.017100     353.2265     249.2781     915.6738
2007.019800     357.3989     254.4605     919.0163
2007.022600     363.5228     266.2633     928.4031
2007.025300     316.7280     277.0976     921.6173
2007.028100     321.6517     275.8710     931.3185
2007.030800     349.0377     259.3612     907.6496
2007.033500     377.4363     261.3743     900.3183
2007.036300     336.3082     247.6817     907.5856
2007.039000     363.7024     251.7138     895.4269
2007.041800     368.9771     255.4348     905.7163
2007.044500     362.7389     261.5915     914.6296
2007.047200     354.0348     272.8719     893.1909
2007.050000     369.7855     256.4091     904.8002
2007.052700     356.2558     257.4127     905.0001
2007.055400     364.2005     259.2556     898.3754
2007.058200     358.9911     253.8501     903.1289
2007.060900     377.3465     262.9766     920.5148
2007.063700     368.4137     254.9653     916.5162
2007.066400     361.3345     249.4483     916.1630
2007.069100     369.9651     249.6889     907.0071
2007.071900     420.8425     261.5680     820.7613
2007.074600     386.9814     252.2126     904.1053
2007.077300     363.0655     257.1779     901.9643
2007.080100     354.9983     255.5287     925.0199
2007.082800     366.6746     251.7138     930.5868
2007.085600     366.2010     233.7602     928.7292
2007.088300     355.6434     254.3431     926.2214
2007.091000     365.1722     247.2357     922.9740
2007.093800     366.1438     248.2393     929.2746
2007.096500     359.3504     236.3250     920.4332
2007.099200     335.4100     249.6126     899.1537
2007.102000     369.1894     260.4646     921.1844
2007.104700     354.9412     255.2822     911.8442
2007.107500     360.0526     246.7544     916.8909
2007.110200     361.7264     235.5796     916.6172
2007.112900     351.0137     249.7535     919.1735
2007.115700     352.4018     243.3621     917.0617
2007.118400     350.5565     250.3345     905.7920
2007.121100     414.7594     208.4468     890.3744
2007.123900     299.5730     217.4852     916.4464
2007.126600     332.1194     245.2930     914.4917
2007.129400     354.8514     241.3548     908.9190
2007.132100     359.2034     240.1458     913.6901
2007.134800     356.0190     246.5314     919.5229
2007.137600     354.3124     246.0853     912.5682
2007.140300     355.1616     251.7901     915.9689
2007.143100     358.2971     248.3038     905.0059
2007.145800     338.1535     230.6731     904.9438
2007.148500     338.3985     251.0388     913.0748
2007.151300     338.7822     248.9494     909.2645
2007.154000     333.8586     241.4135     911.0813
2007.156700     354.9657     250.7043     906.8713
2007.159500     337.2390     244.9291     914.2239
2007.162200     324.5421     237.3110     912.0286
2007.165000     322.5417     252.1011     903.2027
2007.167700     326.3793     247.3530     892.6183
2007.170400     325.2280     257.8000     903.5637
2007.173200     349.0296     239.2830     919.0687
2007.175900     345.6165     254.7422     919.4453
2007.178600     333.3197     249.2018     911.4133
2007.181400     340.5704     244.0487     908.3523
2007.184100     327.1877     250.2113     899.2430
2007.186900     327.2775     237.0058     907.7932
2007.189600     352.5814     238.9485     914.9362
2007.192300     324.3788     259.4845     892.5600
2007.195100     320.4350     253.8677     907.4400
2007.197800     314.4336     242.1237     900.7415
2007.200500     319.2348     250.1232     914.0181
2007.203300     310.8899     235.5914     896.9700
2007.206000     307.5830     246.0794     906.4636
2007.208800     319.5369     248.6971     896.4266
2007.211500     313.5436     240.9088     897.9794
2007.214200     316.4014     239.4884     908.2960
2007.217000     321.1291     237.4988     891.1411
2007.219700     315.6421     220.3317     898.8431
2007.222500     315.9279     231.5945     904.3576
2007.225200     344.4652     227.9615     905.4815
2007.227900     363.5718     226.8229     916.5201
2007.230700     318.1896     240.9088     913.5542
2007.233400     318.9980     238.2853     917.1975
2007.236100     335.5733     227.4216     897.9522
2007.238900     324.0686     212.0446     902.1681
2007.241600     326.5916     229.3408     897.7076
2007.244400     316.9648     225.2735     902.7893
2007.247100     317.9283     235.4740     917.0131
2007.249800     346.3677     254.3431     923.9853
2007.252600     320.6065     242.0298     914.2297
2007.255300     316.5729     228.2726     907.5933
2007.258000     309.9019     231.8234     910.1322
2007.260800     316.3116     231.4302     903.9170
2007.263500     327.7429     226.6645     904.4663
2007.266300     317.2996     220.0559     902.7776
2007.269000     319.2429     230.3503     900.3125
2007.271700     314.5643     244.3715     902.0206
2007.274500     317.7732     219.8857     898.3812
2007.277200     322.1416     227.2514     894.9358
2007.279900     333.9321     241.6718     916.7938
2007.282700     326.7712     232.0288     905.0176
2007.285400     343.1425     228.8184     906.3549
2007.288200     336.3980     230.6320     904.2897
2007.290900     332.5685     228.7656     904.3984
2007.293600     328.4451     231.8410     896.9681
2007.296400     330.1108     225.3850     907.0615
2007.299100     320.3861     234.7462     914.4122
2007.301800     311.4697     245.0876     935.8062
2007.304600     333.9811     218.6473     913.6920
2007.307300     323.9542     226.7349     901.3956
2007.310100     331.4744     221.7873     917.8187
2007.312800     318.3121     233.6428     916.6657
2007.315500     290.7709     233.5196     909.5848
2007.318300     342.7179     228.8536     917.8672
2007.321000     339.9009     228.4428     899.0314
2007.323800     328.0940     236.3309     896.3742
2007.326500     335.4427     228.5250     900.1999
2007.329200     326.3303     235.2862     916.0717
2007.332000     308.2036     233.5900     921.7493
2007.334700     350.1890     230.4324     933.3644
2007.337400     335.1406     238.5142     921.5299
2007.340200     351.7894     227.5859     925.6954
2007.342900     343.0036     231.2072     914.7460
2007.345700     315.2093     235.6325     931.9998
2007.348400     326.8202     228.8419     920.1091
2007.351100     333.7035     240.5860     909.5227
2007.353900     333.5728     229.0004     928.9524
2007.356600     329.0248     238.7431     921.5862
2007.359300     332.3481     238.3498     922.3141
2007.362100     325.6281     248.4858     939.1836
2007.364800     310.6531     250.0880     912.2848
2007.367600     333.5565     246.1440     912.8205
2007.370300     338.1780     235.5679     900.8735
2007.373000     322.0109     226.3299     920.5691
2007.375800     334.1934     232.5277     924.0183
2007.378500     313.9845     234.5643     898.2453
2007.381200     315.1440     240.9968     897.3563
2007.384000     316.3524     248.4095     917.0151
2007.386700     309.0528     255.5169     907.3876
2007.389500     330.9518     252.1246     905.6620
2007.392200     322.5907     243.1390     909.7479
2007.394900     317.1118     230.6789     926.8930
2007.397700     323.5133     237.5223     925.7866
2007.400400     309.5182     246.5490     911.9238
2007.403100     311.7963     250.8041     908.7929
2007.405900     316.0013     236.8591     913.5251
2007.408600     317.9120     236.2604     925.0645
2007.411400     312.3515     237.9742     923.7194
2007.414100     314.2785     244.1661     919.7539
2007.416800     315.6666     242.4582     924.5211
2007.419600     306.2113     239.6645     923.6981
2007.422300     305.7295     236.2311     933.9894
2007.425100     310.8491     239.0365     927.2249
2007.427800     273.5831     242.7634     916.2872
2007.430500     312.1882     235.4975     931.0177
2007.433300     314.3356     238.0564     916.2037
2007.436000     306.4481     246.2027     926.0622
2007.438700     315.0705     240.5684     931.3612
2007.441500     315.9279     247.0948     915.2332
2007.444200     319.5205     253.8971     924.5443
2007.447000     309.7060     254.4605     923.3642
2007.449700     303.4514     244.0840     920.5148
2007.452400     318.2468     225.7137     928.4633
2007.455200     317.9855     233.2496     929.5425
2007.457900     303.1167     242.4171     921.7920
2007.460600     296.3395     249.9589     921.2854
2007.463400     307.0033     258.2872     910.5262
2007.466100     301.7857     250.7747     923.9407
2007.468900     302.1205     249.5305     940.6743
2007.471600     305.7377     250.1409     925.4799
2007.474300     303.6556     244.9056     921.9317
2007.477100     303.3698     257.3012     917.2655
2007.479800     311.1839     248.5092     930.1908
2007.482500     302.2756     253.6095     933.4265
2007.485300     314.4010     246.0149     915.9669
2007.488000     297.2132     257.1603     925.6371
2007.490800     301.7939     251.9368     920.1188
2007.493500     304.1128     255.5287     916.0290
2007.496200     303.9903     246.9657     927.1104
2007.499000     306.7665     238.6316     932.0387
2007.501700     311.9922     248.3919     929.1815
2007.504400     292.8122     245.2167     930.7071
2007.507200     301.7694     255.1178     926.6737
2007.509900     295.9068     252.2361     915.2449
2007.512700     313.3232     261.1572     915.1168
2007.515400     309.2814     249.3368     915.1536
2007.518100     304.7824     249.0786     913.6027
2007.520900     300.2343     246.7955     926.0389
2007.523600     318.4917     250.7571     936.8388
2007.526400     298.2910     234.5878     937.0077
2007.529100     296.9111     245.3575     917.1490
2007.531800     308.7180     248.2334     892.1252
2007.534600     327.1305     261.7793     922.7780
2007.537300     306.6522     254.5075     927.2327
2007.540000     296.5927     255.8867     918.8008
2007.542800     289.6522     250.2817     928.3313
2007.545500     297.7685     239.3945     932.3143
2007.548300     291.9222     241.4487     928.2808
2007.551000     287.2762     256.6673     932.6074
2007.553700     292.5591     250.0411     926.6504
2007.556500     284.9328     255.9571     931.2137
2007.559200     283.7570     259.1910     913.8415
2007.561900     271.0438     246.8718     925.5498
2007.564700     283.7651     253.0050     910.8213
2007.567400     311.2982     252.6294     919.4530
2007.570200     287.2925     251.4086     968.3049
2007.572900     300.5773     252.1833     935.3850
2007.575600     297.7766     250.0235     923.8029
2007.578400     283.7651     269.4795     900.0738
2007.581100     301.1815     261.8145     922.9585
2007.583800     283.6998     255.8691     924.1076
2007.586600     300.0955     262.8122     933.2324
2007.589300     333.6382     264.8899     958.4949
2007.592100     289.6359     254.8655     936.0450
2007.594800     302.0960     250.5634     921.1767
2007.597500     294.3799     262.5070     913.4843
2007.600300     276.9145     256.5440     938.7391
2007.603000     295.7516     267.1788     923.2768
2007.605700     297.2622     237.3873     913.1796
2007.608500     300.6834     261.5269     935.2782
2007.611200     303.2391     262.8474     921.3436
2007.614000     306.9216     254.7364     927.5840
2007.616700     286.2147     273.0597     915.4312
2007.619400     290.7872     262.3662     919.6898
2007.622200     300.3568     252.4944     936.2332
2007.624900     306.5624     242.3467     924.4570
2007.627700     296.4620     243.8903     921.9007
2007.630400     301.3285     241.8654     924.0144
2007.633100     303.2391     260.3003     930.6372
2007.635900     278.1720     239.5706     968.4563
2007.638600     288.0600     247.4822     956.2511
2007.641300     298.1196     232.9327     913.5096
2007.644100     303.5821     244.0370     917.1102
2007.646800     293.3592     244.8058     926.9765
2007.649600     265.7364     253.1165     917.0539
2007.652300     292.0038     245.3517     933.1839
2007.655000     291.1955     249.6655     910.9183
2007.657800     271.6153     269.2858     921.6192
2007.660500     287.5864     257.7179     928.2517
2007.663200     318.7857     245.8975     927.2152
2007.666000     297.5072     250.9625     930.2607
2007.668700     293.2939     249.2781     918.1875
2007.671500     290.2973     254.9359     914.7091
2007.674200     299.6138     235.7850     928.1042
2007.676900     292.1426     244.1309     923.7582
2007.679700     286.1575     245.5630     898.8121
2007.682400     226.9517     228.6365     951.3597
2007.685100     293.0571     254.7716     935.3326
2007.687900     289.5788     251.9075     916.4638
2007.690600     287.8232     236.7358     946.4101
2007.693400     305.7785     246.9422     920.2158
2007.696100     296.2089     235.1160     909.4819
2007.698800     300.9692     247.2122     903.2842
2007.701600     290.7464     244.9232     915.9165
2007.704300     270.6273     208.1299     942.0990
2007.707000     278.2291     229.8631     958.7706
2007.709800     310.9226     229.3701     919.9519
2007.712500     294.0778     231.9525     903.1697
2007.715300     304.2598     230.9196     910.0351
2007.718000     320.0349     234.6875     933.6711
2007.720700     298.5115     238.7666     909.3888
2007.723500     299.7771     233.9011     905.9687
2007.726200     278.7272     238.5083     902.2205
2007.729000     288.4030     233.6017     916.9996
2007.731700     301.6224     237.1173     933.1373
2007.734400     299.0341     239.9052     897.5213
2007.737200     311.6575     235.5268     942.2058
2007.739900     290.5423     234.1828     909.7032
2007.742600     302.5533     237.4108     910.9552
2007.745400     290.4933     241.5720     910.1788
2007.748100     283.9529     228.2667     888.9963
2007.750900     287.9539     233.2203     908.7560
2007.753600     276.3756     232.2871     912.2169
2007.756300     292.4774     246.0853     915.8000
2007.759100     301.3775     236.7182     929.1892
2007.761800     295.6945     231.5065     906.0172
2007.764500     307.1421     239.2889     916.8132
2007.767300     310.6695     269.8082     905.2020
2007.770000     278.2291     251.6962     923.5137
2007.772800     325.6771     242.3995     925.1752
2007.775500     292.4856     218.2012     918.0128
2007.778200     309.9019     232.5042     924.4201
2007.781000     299.8506     233.7250     903.0300
2007.783700     311.6901     234.1241     923.2322
2007.786400     300.2997     226.0306     908.0941
2007.789200     294.8535     226.7936     904.7497
2007.791900     287.7334     234.7580     894.2351
2007.794700     295.9394     240.8677     900.6619
2007.797400     303.1575     238.0740     913.6260
2007.800100     308.3750     241.5074     943.9333
2007.802900     344.3101     225.2559     935.3112
2007.805600     361.0896     242.4582     906.8499
2007.808400     306.5215     240.6212     907.6380
2007.811100     309.4447     233.2203     901.9546
2007.813800     317.2833     242.5580     891.1858
2007.816600     309.3467     237.7923     922.6615
2007.819300     322.0681     225.3205     924.5016
2007.822000     323.9706     247.6113     900.8211
2007.824800     298.5278     242.4054     936.3186
2007.827500     307.7545     239.0600     899.5574
2007.830300     303.7535     231.3011     903.3444
2007.833000     325.5954     221.9164     927.5394
2007.835700     325.0565     229.7986     892.4416
2007.838500     315.5767     220.9480     909.8818
2007.841200     300.6834     233.1909     894.0876
2007.843900     321.6517     228.2139     902.6825
2007.846700     319.1041     227.3922     902.4748
2007.849400     324.9994     227.4568     903.4783
2007.852200     310.7919     221.5994     901.0346
2007.854900     315.4788     229.9629     905.5921
2007.857600     308.4159     219.0816     906.9625
2007.860400     324.7218     226.3593     919.0435
2007.863100     327.7021     217.7963     916.0834
2007.865800     319.9696     229.8631     903.6181
2007.868600     303.4433     230.5029     885.4131
2007.871300     320.6800     226.0893     907.6787
2007.874100     305.1906     230.7552     901.2267
2007.876800     337.3615     230.4207     920.9398
2007.879500     323.4317     220.5137     905.2253
2007.882300     309.1344     214.9028     910.2778
2007.885000     319.7982     222.0514     903.3056
2007.887700     297.4990     237.6514     903.9345
2007.890500     311.7963     214.7854     903.8005
2007.893200     320.6147     226.1539     904.9477
2007.896000     330.9681     210.2251     895.9180
2007.898700     311.6085     207.3962     910.7475
2007.901400     304.5619     211.5516     923.4748
2007.904200     361.5631     211.6161     922.1608
2007.906900     307.8035     220.7954     906.7373
2007.909700     306.4072     216.7985     902.1041
2007.912400     310.4245     220.9480     908.2824
2007.915100     313.5191     214.3570     903.2939
2007.917900     323.9869     232.3282     898.4530
2007.920600     303.7046     197.2720     873.1051
2007.923300     314.4744     219.4690     885.2152
2007.926100     251.0635     237.1056     917.6673
2007.928800     311.2574     202.1140     915.3070
2007.931600     297.2949     202.5601     906.5937
2007.934300     297.6950     218.0076     903.8568
2007.937000     298.2502     205.6414     908.7016
2007.939800     294.4371     225.9250     899.7050
2007.942500     311.7963     215.7421     921.1262
2007.945200     298.1277     216.5403     916.8792
2007.948000     307.2972     201.4919     917.1645
2007.950700     311.7228     242.8221     920.3964
2007.953500     300.4875     239.8641     916.2348
2007.956200     295.7027     214.2220     923.2089
2007.958900     295.9966     214.7796     927.8790
2007.961700     299.8587     221.2766     918.8047
2007.964400     286.4678     213.9227     911.5414
2007.967100     298.2420     216.4112     906.2443
2007.969900     318.9571     213.8992     903.3657
2007.972600     289.4236     226.1656     898.1871
2007.975400     302.3083     215.9651     911.5530
2007.978100     311.2084     225.8898     905.9066
2007.980800     289.9625     233.7719     897.9891
2007.983600     285.0961     225.3557     899.3129
2007.986300     289.8972     225.7900     904.2780
2007.989000     291.0893     224.3168     902.7912
2007.991800     301.1162     218.2130     903.3735
2007.994500     303.7699     216.2351     909.7556
2007.997300     289.6767     210.1664     909.6062
2008.000000     289.3093     228.1904     905.2621
2008.002700     279.4376     226.4708     908.6628
2008.005500     289.1460     209.4974     913.4203
2008.008200     290.9178     223.7006     900.9239
2008.011000     292.6244     219.1579     898.2201
2008.013700     286.1657     223.3954     910.7300
2008.016400     282.4995     219.7976     919.1949
2008.019200     292.1100     224.6749     911.8189
2008.021900     267.9981     227.8618     890.2308
2008.024600     287.9620     235.8203     904.1596
2008.027400     285.2920     216.1823     892.9638
2008.030100     276.6206     236.6185     910.7028
2008.032900     290.6321     237.4049     914.6179
2008.035600     279.7724     222.8378     888.1500
2008.038300     244.8335     243.3386     905.8891
2008.041100     270.0149     230.5146     905.1049
2008.043800     263.3766     223.8767     896.3412
2008.046500     278.4578     223.7769     908.3290
2008.049300     269.3781     231.9643     903.8102
2008.052000     257.6283     232.5688     912.7506
2008.054800     285.9452     218.2893     901.2597
2008.057500     274.3343     217.4911     904.1072
2008.060200     270.6927     213.5412     902.0012
2008.063000     260.3963     215.1317     899.9243
2008.065700     257.3262     238.3381     911.3376
2008.068400     273.3055     227.4392     894.8699
2008.071200     293.3592     212.0504     916.2231
2008.073900     277.6984     241.8830     902.7737
2008.076700     265.7445     207.1849     906.0754
2008.079400     282.9078     207.5664     916.0349
2008.082100     280.7685     218.0839     900.5513
2008.084900     286.7618     213.1245     907.7894
2008.087600     276.0898     218.7471     898.4239
2008.090300     272.3910     210.6653     903.9092
2008.093100     267.0673     204.6554     903.2143
2008.095800     281.4462     223.9471     904.4372
2008.098600     268.8555     223.2780     905.6290
2008.101300     255.6279     235.7498     898.9674
2008.104000     263.8012     221.7344     901.1219
2008.106800     265.7445     210.1078     895.7142
2008.109500     184.7458     193.3397     853.1163
2008.112300     277.0615     216.1177     900.5881
2008.115000     278.9640     196.2332     901.3296
2008.117700     294.0451     203.4405     898.0764
2008.120500     238.8892     185.4928     907.3099
2008.123200     243.8047     195.4057     899.6157
2008.125900     244.2537     201.7032     904.6177
2008.128700     247.9526     196.6617     905.2524
2008.131400     244.6865     208.9926     900.4290
2008.134200     258.9348     196.3741     913.1621
2008.136900     263.7441     198.4693     898.8082
2008.139600     263.8502     198.2815     914.6179
2008.142400     273.4198     204.2211     900.1883
2008.145100     259.1634     207.9597     905.4388
2008.147800     253.2600     202.1493     906.6422
2008.150600     254.0683     205.3890     899.5807
2008.153300     267.2714     196.1510     913.2378
2008.156100     273.3545     208.2296     922.5431
2008.158800     259.4247     208.6170     915.9533
2008.161500     304.8885     209.1511     916.7045
2008.164300     239.2811     207.0147     899.4798
2008.167000     257.0323     208.3353     914.9789
2008.169700     270.5293     194.8422     909.3092
2008.172500     253.8152     195.3176     905.5281
2008.175200     196.7894     154.9324     871.4668
2008.178000     240.7590     196.0571     899.7729
2008.180700     243.0208     197.7768     908.1155
2008.183400     240.4079     190.3465     908.1737
2008.186200     261.0251     198.5222     908.2222
2008.188900     260.0289     210.2721     906.9256
2008.191600     243.9598     198.3578     911.0561
2008.194400     252.1985     202.1493     899.2178
2008.197100     252.4026     185.7217     903.3075
2008.199900     258.9756     192.9113     910.6796
2008.202600     274.2200     196.8495     917.2558
2008.205300     261.0659     195.1298     917.3062
2008.208100     246.2379     194.5077     906.7451
2008.210800     255.3747     198.9565     897.3602
2008.213600     258.5837     193.2165     910.6893
2008.216300     257.9060     190.8395     910.0080
2008.219000     256.1913     184.4774     909.5615
2008.221800     258.2816     194.8598     900.1630
2008.224500     253.1293     186.2851     900.9220
2008.227200     256.9425     179.5356     905.0933
2008.230000     245.7316     175.7735     904.1965
2008.232700     259.9799     174.2417     907.5079
2008.235500     252.9987     188.9086     895.7880
2008.238200     249.1365     180.8855     898.9053
2008.240900     257.6528     190.3113     899.4060
2008.243700     258.3550     184.9822     906.1841
2008.246400     251.8637     170.7848     917.0753
2008.249100     249.7244     170.9609     927.4442
2008.251900     254.9093     185.8508     909.4315
2008.254600     252.0188     182.2354     902.3584
2008.257400     276.0327     201.0928     898.7597
2008.260100     272.3747     176.5835     912.2634
2008.262800     253.7254     197.5655     898.5772
2008.265600     271.2724     192.6941     898.1211
2008.268300     264.7157     184.3072     898.4472
2008.271000     262.3886     185.9623     907.4885
2008.273800     264.3156     182.0652     908.9482
2008.276500     252.0678     186.0797     910.5398
2008.279300     258.4367     186.2264     909.4684
2008.282000     266.5856     187.2359     899.6856
2008.284700     261.9804     185.0761     902.6786
2008.287500     248.1322     180.1871     890.0794
2008.290200     254.8032     190.4815     895.4250
2008.293000     248.9732     192.4418     911.8073
2008.295700     263.5563     188.1867     912.7662
2008.298400     254.8032     193.0346     912.3333
2008.301200     255.9871     190.8102     910.1827
2008.303900     245.7071     193.9677     898.7306
2008.306600     246.8258     201.5858     905.6154
2008.309400     258.9511     178.4616     914.8431
2008.312100     250.0755     186.1853     920.0489
2008.314900     257.3507     191.9194     905.7241
2008.317600     264.3156     194.9068     919.6335
2008.320300     260.0779     193.5569     921.0388
2008.323100     276.2287     175.3451     912.9234
2008.325800     238.0482     181.8598     925.2625
2008.328500     253.5866     197.5068     908.8065
2008.331300     265.4914     179.7997     920.1848
2008.334000     243.0535     182.1885     910.1729
2008.336800     259.3104     194.5429     910.9959
2008.339500     239.9833     187.3533     916.7200
2008.342200     233.5492     201.6328     921.5765
2008.345000     230.7403     193.3339     927.2928
2008.347700     241.0693     202.6070     919.3715
2008.350400     255.0155     200.8581     903.8898
2008.353200     244.4905     211.4576     898.4841
2008.355900     233.5002     200.6761     918.5174
2008.358700     236.3090     196.5208     911.5977
2008.361400     226.3556     198.7393     905.8386
2008.364100     245.6418     179.7939     909.0957
2008.366900     247.2177     187.8815     923.7815
2008.369600     227.6131     200.0657     906.9625
2008.372300     235.9661     209.0865     917.5333
2008.375100     221.0401     205.8820     908.8162
2008.377800     218.6640     192.4770     914.2996
2008.380600     245.1927     186.5903     904.0296
2008.383300     208.1064     203.6283     937.7472
2008.386000     227.5314     199.6960     912.7681
2008.388800     214.0098     201.0283     911.0755
2008.391500     225.7596     209.8789     922.5237
2008.394300     222.8854     195.0535     917.0306
2008.397000     210.5886     195.4115     927.5005
2008.399700     229.1563     201.7854     926.2175
2008.402500     243.5189     210.5186     913.8745
2008.405200     228.0866     208.9281     929.8472
2008.407900     226.8292     196.8025     923.9582
2008.410700     222.5506     197.2075     913.7464
2008.413400     220.0929     199.7195     918.3641
2008.416200     216.4349     197.9705     915.8058
2008.418900     216.1818     202.2666     911.6501
2008.421600     217.6679     191.0978     910.8931
2008.424400     211.6256     204.3560     910.7009
2008.427100     219.6275     185.1641     907.1760
2008.429800     202.0478     191.0215     900.6308
2008.432600     237.0684     201.3100     914.8256
2008.435300     223.3753     210.1019     916.2523
2008.438100     235.8926     209.5502     915.3419
2008.440800     228.3479     210.2134     918.1506
2008.443500     232.8306     209.1922     926.8115
2008.446300     220.4114     210.3601     919.8238
2008.449000     228.0377     207.3258     920.5342
2008.451700     196.0464     204.3208     915.3788
2008.454500     202.3418     203.9393     899.2741
2008.457200     191.9148     213.0306     911.7607
2008.460000     199.8596     211.1994     919.3657
2008.462700     196.5853     202.6892     908.3542
2008.465400     195.4014     214.6211     916.6521
2008.468200     195.0176     202.7420     908.8220
2008.470900     192.8701     211.4576     927.1317
2008.473600     217.4147     214.3218     920.1052
2008.476400     194.1766     203.0883     932.2114
2008.479100     190.2655     203.2761     913.7406
2008.481900     186.3462     205.3538     915.4021
2008.484600     180.1733     206.9032     922.1103
2008.487300     184.8029     214.3746     916.4522
2008.490100     197.1569     222.9846     913.1971
2008.492800     191.1800     212.3321     927.4539
2008.495600     187.8567     208.2120     910.4835
2008.498300     188.0037     217.4265     917.0170
2008.501000     194.6747     215.3841     916.5551
2008.503800     183.1944     190.2291     938.6653
2008.506500     203.7870     204.5262     942.6580
2008.509200     196.8629     215.6834     930.8818
2008.512000     196.9364     214.0107     934.9852
2008.514700     192.2823     203.5168     912.2149
2008.517500     183.9129     208.6816     908.9695
2008.520200     187.7914     214.4744     918.5679
2008.522900     184.9499     215.6893     926.2874
2008.525700     188.9264     203.9980     920.9010
2008.528400     183.3495     212.9836     910.9532
2008.531100     191.5800     207.4549     916.3202
2008.533900     182.2962     214.8382     916.2445
2008.536600     197.8999     219.9326     928.4866
2008.539400     186.7789     205.5064     920.2100
2008.542100     207.1674     202.7127     943.4733
2008.544800     182.5330     209.9082     928.5196
2008.547600     199.2553     205.9348     918.9154
2008.550300     192.3149     204.3091     918.8261
2008.553000     203.5012     197.0197     935.3792
2008.555800     215.1121     201.1104     940.9053
2008.558500     201.1905     212.8486     949.0906
2008.561300     205.0771     205.6825     950.0437
2008.564000     189.0325     213.1245     915.9417
2008.566700     189.8000     208.8107     928.3216
2008.569500     191.2698     215.3019     925.0412
2008.572200     216.7942     189.3370     940.0047
2008.574900     208.5147     197.5009     919.1890
2008.577700     190.7799     201.6093     912.0693
2008.580400     195.8831     188.2454     918.2360
2008.583200     195.1646     199.3908     904.1732
2008.585900     188.1915     189.8535     933.6575
2008.588600     185.9624     194.6251     935.0900
2008.591400     184.8274     211.4518     929.6298
2008.594100     187.5628     209.6206     919.6258
2008.596900     193.8990     208.8987     912.6031
2008.599600     196.9691     202.6775     915.5341
2008.602300     188.4120     212.5493     914.3908
2008.605100     206.9225     216.4112     903.9151
2008.607800     192.3721     190.8982     910.4719
2008.610500     186.6156     198.5632     925.3130
2008.613300     202.4969     203.9569     914.8217
2008.616000     173.9595     201.2572     926.2952
2008.618800     204.8812     195.2296     925.5323
2008.621500     182.3289     198.4576     924.2047
2008.624200     186.5748     197.4129     940.3502
2008.627000     180.9000     196.4738     931.2467
2008.629700     175.2415     197.0197     924.7482
2008.632400     188.5508     203.9511     931.2836
2008.635200     203.8197     192.6765     924.7035
2008.637900     193.2213     197.7181     932.0095
2008.640700     198.7573     196.2684     913.0612
2008.643400     197.6305     197.5890     914.0065
2008.646100     189.0978     180.8855     926.2000
2008.648900     185.2765     191.9957     916.5842
2008.651600     196.5527     195.5407     910.5573
2008.654300     208.4575     201.1163     918.2787
2008.657100     195.3279     205.8174     929.8938
2008.659800     196.1852     204.3384     907.8884
2008.662600     191.4657     186.8661     912.2848
2008.665300     216.7125     184.2485     937.2620
2008.668000     193.9153     196.0571     918.9794
2008.670800     191.9965     188.9203     913.6319
2008.673500     177.1276     183.0336     917.1393
2008.676200     181.5777     198.2581     913.3349
2008.679000     180.6060     190.7339     920.4546
2008.681700     192.0863     196.1393     920.8719
2008.684500     183.6761     187.7993     917.8555
2008.687200     188.2405     187.6585     940.5656
2008.689900     196.4792     192.5474     913.3562
2008.692700     172.5551     189.1786     900.2155
2008.695400     196.2179     181.8891     936.2643
2008.698200     187.3178     184.0490     917.2635
2008.700900     185.1377     195.0183     916.2853
2008.703600     186.2890     188.8205     899.4759
2008.706400     188.2078     194.0969     910.9979
2008.709100     194.1276     190.2643     910.7417
2008.711800     196.8466     193.8621     897.3427
2008.714600     203.5176     195.1005     902.6340
2008.717300     193.9561     191.0625     905.1185
2008.720100     202.8399     192.6472     902.9911
2008.722800     200.1698     184.2309     911.0154
2008.725500     198.4306     193.3280     920.8117
2008.728300     190.7227     206.3339     905.3437
2008.731000     190.8452     194.4255     920.1207
2008.733700     210.6948     190.6928     923.1390
2008.736500     171.9672     203.3055     907.7331
2008.739200     162.2915     196.5443     881.8358
2008.742000     191.7760     198.1524     884.2019
2008.744700     208.2207     190.8747     896.3897
2008.747400     199.8269     203.1881     889.8465
2008.750200     199.1492     186.9014     909.3402
2008.752900     198.8552     194.8422     895.2406
2008.755600     196.3975     177.5577     911.6734
2008.758400     209.5435     187.7700     902.8261
2008.761100     206.6448     183.6910     909.8643
2008.763900     210.5233     183.2860     907.1896
2008.766600     208.6616     187.9695     894.8796
2008.769300     204.2933     183.3153     889.5320
2008.772100     208.7515     192.2951     907.2905
2008.774800     210.9397     189.7244     914.3617
2008.777500     192.0536     212.5200     920.2954
2008.780300     193.6867     190.0531     895.6230
2008.783000     215.9777     187.9343     899.3090
2008.785800     203.5747     186.7546     885.0249
2008.788500     210.8009     191.8959     893.3578
2008.791200     210.7928     197.6477     891.4071
2008.794000     209.4292     189.7831     891.9738
2008.796700     222.7793     190.1704     886.5816
2008.799500     214.5732     183.7673     887.3367
2008.802200     202.0478     179.6471     898.0609
2008.804900     205.5262     192.4124     904.7652
2008.807700     207.0204     185.4576     899.4837
2008.810400     206.9878     184.3307     909.4858
2008.813100     231.7855     181.5253     915.5244
2008.815900     242.9718     191.9957     899.9767
2008.818600     241.1265     189.3194     915.7418
2008.821400     211.4786     192.5239     899.5749
2008.824100     222.2159     195.4996     905.6038
2008.826800     220.1664     187.8111     895.0115
2008.829600     211.2255     189.2255     896.1723
2008.832300     230.3484     182.4937     918.3699
2008.835000     205.4119     176.6304     902.7388
2008.837800     243.9271     170.8670     933.1819
2008.840500     143.2911     194.3492     939.4088
2008.843300     204.9057     195.2003     930.9226
2008.846000     229.8912     191.3325     909.9167
2008.848700     264.8872     179.8467     910.6233
2008.851500     212.6871     200.5059     930.0549
2008.854200     226.2005     169.5523     916.8753
2008.856900     208.6045     171.6065     903.5463
2008.859700     207.0858     173.3907     903.7792
2008.862400     211.3480     173.7135     905.2369
2008.865200     213.0872     179.8291     888.9885
2008.867900     223.1059     186.9366     889.0409
2008.870600     220.2317     189.2196     903.5307
2008.873400     203.7217     181.7776     905.4815
2008.876100     222.1587     182.1239     902.5699
2008.878900     202.4888     205.3773     891.6283
2008.881600     213.8629     186.3907     913.3097
2008.884300     203.4522     190.5519     908.0999
2008.887100     219.9868     177.5343     903.3735
2008.889800     195.0258     176.8065     904.6546
2008.892500     184.2640     196.3271     902.2594
2008.895300     202.1213     188.8029     890.9878
2008.898000     205.5997     195.8987     898.6257
2008.900800     198.3572     171.5243     895.9665
2008.903500     191.3188     198.6043     896.3567
2008.906200     207.6573     184.5361     904.3343
2008.909000     214.9325     163.5424     920.7263
2008.911700     182.2554     177.3993     893.6761
2008.914400     196.0382     172.8566     900.7958
2008.917200     183.8803     198.6924     889.2176
2008.919900     193.0090     178.3618     893.3306
2008.922700     188.5508     188.9321     886.4710
2008.925400     200.3005     163.7771     902.1895
2008.928100     179.5200     171.5830     916.1960
2008.930900     199.6391     177.8160     897.8610
2008.933600     200.6108     162.8498     905.2194
2008.936300     210.7193     190.7867     907.3255
2008.939100     219.3172     182.0124     902.6864
2008.941800     209.7231     165.5731     913.1602
2008.944600     190.2736     177.2349     905.5902
2008.947300     201.4028     178.2210     905.3650
2008.950000     197.0099     166.2480     890.2774
2008.952800     192.8048     168.7600     904.2159
2008.955500     198.7736     176.1726     895.1416
2008.958200     193.9969     176.1550     894.1090
2008.961000     210.5968     174.0774     902.4632
2008.963700     184.7213     185.0702     916.7123
2008.966500     188.1833     185.6982     889.3302
2008.969200     217.5209     194.7659     908.8957
2008.971900     175.2252     163.2900     889.3573
2008.974700      81.0967     130.0533     860.1564
2008.977400     197.6468     169.4173     888.0083
2008.980200     212.5401     158.9879     897.9522
2008.982900     195.5565     172.0115     917.1160
2008.985600     182.5412     176.6422     904.4372
2008.988400     191.7923     188.6503     897.1642
2008.991100     166.7578     160.6548     916.5376
2008.993800     179.2343     172.9270     908.0592
2008.996600     178.0993     172.7157     903.1775
2008.999300     188.4854     180.4512     920.8739
2009.002100     185.3010     166.6471     910.3030
2009.004800     192.5844     185.9153     913.3465
2009.007500     181.4144     174.5410     903.2706
2009.010300     222.7956     183.9140     887.3018
2009.013000     197.2957     192.0955     892.1505
2009.015700     187.3096     183.3740     888.6896
2009.018500     189.2040     193.5569     885.2404
2009.021200     191.5637     190.2878     881.8844
2009.024000     214.3773     179.8291     885.0599
2009.026700     155.9471     163.4074     893.6334
2009.029400     180.5080     204.6788     897.6533
2009.032200     171.5345     195.0711     892.5231
2009.034900     180.4509     168.8245     880.0792
2009.037600     183.1127     178.6846     905.7028
2009.040400     165.4432     175.5975     924.9714
2009.043100     165.8188     171.7767     910.6524
2009.045900     194.6257     193.4982     893.4005
2009.048600     186.2318     175.1749     904.6138
2009.051300     166.6272     182.7460     893.5092
2009.054100     166.6435     171.9352     909.3092
2009.056800     174.4250     179.3361     903.8161
2009.059500     175.7886     162.5035     903.6375
2009.062300     169.6810     179.6882     907.7583
2009.065000     173.7473     173.5550     895.0251
2009.067800     181.9369     184.2720     900.7434
2009.070500     182.3860     187.9695     896.2713
2009.073200     154.5672     188.2043     892.7075
2009.076000     159.0417     165.2620     903.3192
2009.078700     153.9140     174.8462     896.4401
2009.081500     158.7804     151.9685     874.2212
2009.084200     135.9506      71.8025     921.6464
2009.086900     150.2805     155.9419     901.9566
2009.089700     156.8208     168.3374     911.9412
2009.092400     155.9961     172.2580     904.2489
2009.095100     151.7339     174.5880     905.2854
2009.097900     157.6863     166.9347     899.4313
2009.100600     151.7747     169.6814     898.4821
2009.103400     142.9726     157.7613     896.2849
2009.106100     187.4485     161.3180     920.6429
2009.108800     169.6483     162.5505     907.5390
2009.111600     163.2713     159.6335     908.6221
2009.114300     162.7732     156.8927     905.6659
2009.117000     151.6522     170.4151     904.9011
2009.119800     156.5432     175.0927     906.3491
2009.122500     141.3477     161.6642     908.5328
2009.125300     120.7306     167.6683     907.7370
2009.128000     115.3824     173.0620     893.1365
2009.130700     132.0721     156.5229     906.5723
2009.133500     136.2363     170.7144     893.0880
2009.136200     159.7276     155.5017     893.2666
2009.138900     152.0523     155.5428     909.7712
2009.141700     142.2051     164.3582     905.5339
2009.144400     150.9745     154.6683     913.5542
2009.147200     149.2517     141.2750     891.2459
2009.149900     172.8164     146.3518     906.5529
2009.152600     157.7190     143.0240     913.5096
2009.155400     164.2430     151.7807     899.9689
2009.158100     153.0240     142.4019     894.9145
2009.160800     153.8487     152.6317     888.2548
2009.163600     153.0485     159.3577     896.7818
2009.166300     172.7674     147.3319     901.9449
2009.169100     147.6921     146.2989     903.6161
2009.171800     143.2992     144.5206     899.4953
2009.174500     160.5523     158.5595     898.2337
2009.177300     168.0153     132.5594     896.4207
2009.180000      99.9584     153.0073     898.0454
2009.182800     146.5898     146.7567     900.6308
2009.185500     142.3194     147.0913     897.7562
2009.188200     132.6518     143.3174     918.6572
2009.191000     140.4332     149.2628     906.0463
2009.193700     140.5639     147.2673     902.7136
2009.196400     156.2166     132.2425     899.7632
2009.199200     129.3449     154.3396     925.6352
2009.201900     154.3141     147.0208     897.8687
2009.204700     145.2507     140.6764     909.7692
2009.207400     151.7420     130.1589     906.5180
2009.210100     167.8683     133.7097     912.4110
2009.212900     130.1206     138.9861     935.3365
2009.215600     150.4193     143.6520     917.8847
2009.218300     151.0562     152.6493     913.1583
2009.221100     144.6710     138.1820     895.1901
2009.223800     141.2334     155.5252     893.2607
2009.226600     158.9846     151.8511     902.2710
2009.229300     140.3189     144.6556     887.3930
2009.232000     161.0422     143.0416     898.7791
2009.234800     144.7608     152.1856     898.8451
2009.237500     138.6859     150.6245     904.0238
2009.240200     130.5370     141.3102     898.1269
2009.243000     147.3247     150.1315     897.9212
2009.245700     153.2444     138.6222     904.4818
2009.248500     159.4500     136.8967     903.6841
2009.251200     147.7656     137.5423     897.5912
2009.253900     128.9448     144.0922     913.8357
2009.256700     143.7075     133.9210     914.7285
2009.259400     146.2224     154.9148     908.4920
2009.262100     142.4664     141.5508     917.7701
2009.264900     142.2133     144.9843     886.0459
2009.267600     155.4001     137.9414     890.3084
2009.270400     153.4731     134.9188     904.6973
2009.273100     140.0740     143.9865     898.7480
2009.275800     143.6585     141.9558     900.3533
2009.278600     157.2536     144.8199     906.3413
2009.281300     177.5767     144.8552     912.1082
2009.284100     142.8501     144.4795     910.7475
2009.286800     153.3832     138.8100     910.6834
2009.289500     149.9539     148.1418     903.4725
2009.292300     155.1224     136.6912     906.9877
2009.295000     152.6076     149.3626     924.9694
2009.297700     136.5629     144.4443     905.2699
2009.300500     167.2478     139.0154     908.7968
2009.303200     175.6742     132.8000     906.2229
2009.306000     193.8336     152.0859     922.9042
2009.308700     141.3722     138.6867     912.2867
2009.311400     127.2465     134.7603     902.4360
2009.314200     146.5653     137.7829     903.8568
2009.316900     137.1508     145.0371     907.4031
2009.319600     140.0413     137.8064     907.0984
2009.322400     131.9823     145.3775     900.5454
2009.325100     130.8555     145.5653     911.1124
2009.327900     124.8377     146.4339     914.7518
2009.330600     123.1312     143.1179     918.4883
2009.333300     127.7037     134.0091     897.6669
2009.336100     128.0548     140.0836     922.8188
2009.338800     108.9564     143.9161     906.6053
2009.341500     134.5380     141.4217     912.2964
2009.344300     118.9098     142.3138     912.4537
2009.347000     138.0408     145.4714     915.1789
2009.349800     126.8953     149.4037     896.4731
2009.352500     109.0136     166.1834     924.1542
2009.355200     125.3440     143.7870     915.2235
2009.358000     123.2782     139.6962     915.9980
2009.360700     125.8175     148.9987     923.0886
2009.363400     137.8285     162.1866     936.7534
2009.366200     106.7191     153.7879     905.4329
2009.368900     118.8363     158.6182     904.1771
2009.371700     124.8296     151.4051     919.0997
2009.374400      87.0818     144.1743     913.6357
2009.377100     160.8462     180.3045     919.0027
2009.379900     158.1027     179.7704     919.2007
2009.382600     125.6706     152.4850     908.9055
2009.385400     129.8756     163.9884     913.4319
2009.388100     115.7254     152.4321     933.3450
2009.390800     138.2123     151.0118     917.3625
2009.393600     117.1788     148.8344     906.2482
2009.396300     119.1221     155.9771     909.3771
2009.399000     120.0039     158.8999     901.3141
2009.401800     125.0500     154.7681     903.9946
2009.404500     128.5284     145.2777     916.6929
2009.407300     127.0342     152.8606     915.1459
2009.410000     122.7719     147.9540     911.3414
2009.412700     116.7215     154.2222     914.5112
2009.415500     118.2484     157.0042     921.7066
2009.418200     117.7340     160.9776     909.0083
2009.420900     113.7820     162.9496     907.5681
2009.423700     108.5726     163.3956     916.5007
2009.426400     142.5480     143.7635     897.7756
2009.429200     120.6653     149.6502     907.7816
2009.431900     114.3618     159.2990     908.3309
2009.434600     116.2398     162.5916     907.2769
2009.437400      95.8594     161.0245     910.8795
2009.440100     125.7604     158.3306     918.0613
2009.442800     120.0202     167.6977     922.0424
2009.445600     122.8291     169.0593     935.0356
2009.448300      94.2835     173.1207     906.1511
2009.451100     105.6740     169.3938     919.2084
2009.453800     113.1452     156.7401     920.3168
2009.456500     106.2047     157.5324     907.0013
2009.459300     101.3791     158.6358     911.8597
2009.462000     117.9055     155.2669     908.1329
2009.464800     112.5246     159.2344     911.5181
2009.467500     121.5961     161.2945     910.9882
2009.470200     119.1384     157.4033     900.8909
2009.473000      90.8052     151.6750     914.7208
2009.475700      67.1588     160.5139     918.5233
2009.478400     111.2672     159.6394     904.1247
2009.481200     115.6927     162.9789     923.8727
2009.483900      86.2245     166.1365     919.6083
2009.486700     124.4376     159.4340     929.7094
2009.489400     109.9607     164.6223     898.2220
2009.492100     104.8656     153.3595     917.5256
2009.494900     107.1682     158.2719     924.4939
2009.497600     105.7148     170.5559     928.5176
2009.500300     123.4496     156.6286     929.6240
2009.503100     113.6351     168.0087     916.8152
2009.505800     102.7998     159.4399     908.7793
2009.508600     107.5520     163.3839     929.6667
2009.511300     120.1264     161.9929     920.9224
2009.514000     123.7844     148.2534     922.4577
2009.516800     113.6841     168.0616     943.5723
2009.519500     121.0246     158.3658     925.6430
2009.522200     102.6120     160.2967     920.0489
2009.525000     106.8008     158.1604     908.0068
2009.527700     112.3940     151.6281     931.8523
2009.530500      64.7664     176.6950     915.5515
2009.533200     114.2801     151.3464     932.4016
2009.535900     110.9242     147.5549     943.7974
2009.538700     113.2186     170.9902     932.3686
2009.541400     122.7229     172.2638     926.4291
2009.544100     132.3007     155.3843     942.1165
2009.546900     132.6273     167.6742     951.4723
2009.549600     103.0856     149.5152     922.5781
2009.552400     118.4280     148.7581     929.2649
2009.555100     103.7878     161.2651     929.5619
2009.557800     114.0025     154.4981     936.2662
2009.560600      87.7514     147.6899     937.9724
2009.563300     114.0025     156.5170     920.3944
2009.566100     104.2451     150.8181     934.0282
2009.568800     133.1744     175.4449     922.4228
2009.571500     110.7283     157.1157     940.4045
2009.574300     117.8401     150.0963     924.9287
2009.577000     120.0284     163.1256     921.0117
2009.579700     115.3008     164.3640     920.2702
2009.582500     104.7268     157.5265     915.0973
2009.585200     107.2172     149.7441     922.0326
2009.588000     115.1620     148.8931     916.2853
2009.590700     120.2162     162.2512     919.2764
2009.593400     108.0827     146.2696     930.6217
2009.596200     100.9953     144.6321     914.9168
2009.598900     120.6408     155.9125     904.3363
2009.601600     106.3190     161.4530     906.5025
2009.604400     120.2244     160.1441     930.3694
2009.607100      97.2557     148.9342     932.3958
2009.609900     128.9040     150.5951     928.7894
2009.612600     122.5515     153.5473     933.4207
2009.615300     101.7465     163.7243     928.0925
2009.618100     106.2537     166.0426     916.2814
2009.620800      88.8292     165.7491     917.5819
2009.623500     106.4415     155.4782     910.2933
2009.626300     112.1327     164.7162     921.9395
2009.629000     100.7341     160.3730     907.2769
2009.631800     108.9891     161.0773     901.5198
2009.634500     133.1907     157.6967     912.2498
2009.637200      78.9575     160.0737     927.8984
2009.640000     116.3132     143.2822     915.0469
2009.642700      77.4632     144.9373     923.4030
2009.645400      99.7461     157.4091     903.8161
2009.648200     109.6668     152.5554     906.9140
2009.650900     126.9525     139.8019     898.3521
2009.653700     116.9746     146.3752     913.9521
2009.656400      98.6519     157.2213     925.5013
2009.659100     105.5597     152.5202     920.7244
2009.661900     114.3454     153.7996     913.4378
2009.664600     127.4179     135.4705     913.5115
2009.667400     103.1591     147.0443     908.1271
2009.670100     103.8940     145.3482     901.4519
2009.672800     111.4876     147.4141     920.4604
2009.675600     104.8085     153.0660     910.4350
2009.678300     113.3983     154.3103     915.3827
2009.681000     114.9415     157.1333     912.8438
2009.683800     117.0400     132.6416     901.8110
2009.686500     109.4218     141.8326     917.8555
2009.689300     104.5390     143.2529     916.8870
2009.692000     121.3593     149.6267     913.5969
2009.694700     125.1562     148.3942     902.4127
2009.697500     127.9732     136.6678     920.0606
2009.700200     118.1667     138.1468     912.8632
2009.702900     121.6043     128.9910     914.7014
2009.705700     114.0923     140.8231     905.4232
2009.708400     125.0663     157.1803     908.0941
2009.711200     125.4338     149.9378     900.7997
2009.713900     125.4828     148.6759     910.5534
2009.716600     134.4808     156.2060     916.6638
2009.719400     120.8449     148.7816     920.7127
2009.722100     123.3272     140.1305     896.2771
2009.724800     130.4472     152.5613     903.0552
2009.727600     111.3406     149.1220     900.7240
2009.730300     135.5586     147.9716     909.6159
2009.733100     132.4395     157.6146     900.0699
2009.735800     127.0750     144.2858     891.2789
2009.738500     137.1590     138.4813     886.9485
2009.741300     158.2497     132.2249     899.0237
2009.744000     122.9026     141.9617     892.9754
2009.746700     120.4938     148.7229     891.2615
2009.749500     130.0145     135.5585     890.6850
2009.752200     136.6446     130.1765     918.8785
2009.755000     141.7233     143.0475     915.1439
2009.757700     166.1700     173.6783     917.4285
2009.760400     137.8530     135.8989     897.4204
2009.763200     132.5865     140.2068     896.9817
2009.765900     141.4131     146.3224     903.6356
2009.768700     163.2468     143.8046     899.8680
2009.771400     115.9377     155.4782     890.0794
2009.774100     113.6677     164.8570     903.0300
2009.776900     118.3790     150.5423     892.2009
2009.779600     150.5091     139.6082     912.3818
2009.782300     142.7440     139.8782     899.4953
2009.785100     128.1038     149.9202     893.2724
2009.787800     127.9078     150.8592     905.3728
2009.790600     138.9880     147.4199     903.6802
2009.793300     145.3895     139.7021     894.5962
2009.796000     133.9256     131.2741     914.9945
2009.798800     111.6428     130.2352     896.2577
2009.801500     136.9671     139.6522     910.2050
2009.804200     162.2915     149.0692     924.1523
2009.807000     135.8689     140.4064     894.7592
2009.809700     142.6378     142.7834     895.1261
2009.812500     142.7359     134.2642     892.2458
2009.815200     142.8338     126.1973     889.5184
2009.817900     160.9034     143.1590     916.2600
2009.820700     121.8656     138.3170     901.0520
2009.823400     130.5207     127.5707     897.1642
2009.826100     127.1485     139.6786     907.8554
2009.828900     111.9612     144.2624     900.1999
2009.831600     151.8890     152.6728     879.0233
2009.834400     113.9290     130.2059     915.8932
2009.837100     121.7676     124.9883     902.5583
2009.839800     139.8209     134.6840     906.4209
2009.842600     105.8455     130.4465     899.1032
2009.845300     174.8496     137.0258     914.1074
2009.848000     159.7975     134.3768     909.2786
2009.850800     139.7964     131.5793     900.4173
2009.853500     134.1950     134.6018     892.5367
2009.856300     125.9890     138.4461     918.2865
2009.859000     135.0687     132.4420     916.9835
2009.861700     144.1484     126.4379     913.4145
2009.864500     118.0851     141.9206     897.9580
2009.867200     131.6475     145.4127     884.0932
2009.870000     118.6240     135.3120     914.3054
2009.872700      79.6760     128.1693     896.9972
2009.875400     116.8113     130.9395     919.3754
2009.878200     127.4701     129.9447     914.9055
2009.880900     133.9337     129.0027     907.4477
2009.883600     140.1801     151.1879     900.5532
2009.886400     117.8728     125.6691     904.6837
2009.889100     118.8771     142.1260     902.2671
2009.891900     133.9093     122.2239     909.1539
2009.894600     135.4851     150.7536     877.7732
2009.897300     129.7042     140.4533     896.4188
2009.900100     131.7128     139.5436     899.7865
2009.902800     128.7570     124.8474     890.1823
2009.905500     165.8107     129.7598     911.9276
2009.908300     131.1168     132.2307     903.5016
2009.911000     120.5020     129.7833     895.3784
2009.913800     115.2436     133.1698     894.2953
2009.916500     127.3036     137.7946     890.4889
2009.919200     137.2733     126.0506     899.2449
2009.922000     136.5221     126.5553     904.2140
2009.924700     129.9001     127.3124     895.9898
2009.927400     120.1836     119.4772     905.5882
2009.930200     164.4226     131.9901     942.6173
2009.932900     119.1711     142.2082     906.5277
2009.935700     131.6638     128.7856     914.3287
2009.938400     121.3675     135.7991     899.6099
2009.941100     124.9520     135.1124     902.3584
2009.943900     128.8877     132.3481     906.4287
2009.946600     138.6859     126.0447     916.9685
2009.949300     117.9136     130.9160     906.6752
2009.952100     112.8185     141.6858     916.6948
2009.954800     139.2085     127.4122     916.2096
2009.957600     126.0788     136.8145     901.2636
2009.960300     118.5423     131.7201     904.6565
2009.963000     100.7830     129.4077     902.3622
2009.965800     136.7507     126.8312     907.1779
2009.968500     129.4266     135.6407     908.8530
2009.971300     119.0731     135.8872     905.1496
2009.974000     119.1547     143.3644     909.5790
2009.976700     129.8593     140.5766     904.6856
2009.979500     107.7969     148.6877     905.3631
2009.982200     131.1821     131.5323     902.8164
2009.984900     117.4564     149.5035     914.9654
2009.987700     131.8598     151.6163     899.9903
2009.990400     130.0879     146.7685     911.2793
2009.993200     115.9621     145.0195     911.3628
2009.995900     117.4890     133.4280     905.2175
2009.998600     116.5010     137.0493     912.4517
2010.001400     106.4089     140.2127     896.9565
2010.004100      93.9814     135.0655     905.4232
2010.006800     107.6581     143.0123     911.5588
2010.009600     116.3296     132.1662     898.0958
2010.012300     137.8775     136.8732     903.7831
2010.015100     128.6182     133.0583     898.2201
2010.017800     110.0179     123.1043     906.0444
2010.020500     102.4569     124.5070     901.4829
2010.023300     109.7076     122.4117     902.1274
2010.026000     106.6538     116.2785     896.4499
2010.028700      99.6889     141.5919     904.8215
2010.031500     129.7940     128.3865     884.4407
2010.034200     119.1221     111.9823     872.4354
2010.037000      64.0233     115.7738     862.2314
2010.039700     101.8364     144.5382     898.5714
2010.042400      99.0520     132.7648     892.7988
2010.045200      93.1404     126.8898     900.3494
2010.047900     111.6754     130.6578     891.9214
2010.050700      86.4694     121.6898     901.5994
2010.053400      99.9502     137.7007     904.9923
2010.056100      75.9200     142.5779     902.7640
2010.058900      96.4718     123.7558     895.7511
2010.061600     107.6010     111.3954     914.2433
2010.064300     100.7096     118.6262     913.9871
2010.067100      78.3206     125.4519     910.0895
2010.069800      88.3148     125.5693     922.6693
2010.072600     106.7273     110.5033     922.6111
2010.075300      61.2635     122.4939     919.9965
2010.078000      79.4474     116.2609     910.9785
2010.080800      89.2375     111.1196     897.7115
2010.083500      92.2912     106.4889     919.3327
2010.086200      97.2230     114.0365     912.5158
2010.089000      90.0785     117.9453     883.5168
2010.091700     109.6504     116.4076     916.4464
2010.094500      94.8796     115.8442     915.6137
2010.097200      86.1428     117.4406     919.9752
2010.099900      87.5228     103.1552     910.2525
2010.102700      90.4867     111.7417     918.1700
2010.105400      86.2000      99.8685     914.0007
2010.108100      76.8019     116.4429     912.0499
2010.110900      96.7494     108.3905     901.1180
2010.113600      95.7778     101.4238     896.4751
2010.116400      86.5511     105.9489     890.6229
2010.119100      88.2740     101.8816     902.1526
2010.121800      75.8547     115.9968     898.9072
2010.124600      94.7898     110.6148     897.3524
2010.127300      81.4560     107.0699     892.8745
2010.130000      93.7936     106.6532     902.7427
2010.132800      93.0016      98.8708     909.0355
2010.135500      83.3503     114.4356     902.2943
2010.138300      79.8230     100.7548     901.5703
2010.141000      85.9632     108.9950     904.8312
2010.143700      99.2888     108.0853     891.6904
2010.146500     101.7710     102.7855     902.6262
2010.149200      87.3023     109.8577     900.4930
2010.152000      77.4469     106.1015     889.8484
2010.154700      74.3768     104.5169     914.1792
2010.157400      99.3623     101.7995     907.8321
2010.160200     108.5645     104.9394     903.2668
2010.162900      85.6121      90.4369     894.1303
2010.165600      87.7265      92.8652     892.2727
2010.168400      92.6056      98.4688     891.0835
2010.171100      97.3417     103.9080     890.3526
2010.173900      99.5991     106.5006     889.7164
2010.176600      67.7875     104.1354     889.1982
2010.179300      70.0737     102.0518     883.8060
2010.182100      69.4858      97.5796     878.8233
2010.184800      80.8273      84.0572     873.2836
2010.187500      92.3566      68.5921     893.0317
2010.190300      68.5550     101.5177     904.3382
2010.193000      69.3307      93.1015     895.2852
2010.195800      41.4792      88.7583     913.9502
2010.198500      64.5296      95.4256     890.8694
2010.201200      78.4022      97.9493     907.6263
2010.204000      72.4335     102.8442     926.5397
2010.206700      72.7764     103.6424     899.9748
2010.209400      78.7615      94.9913     896.6711
2010.212200      90.7317      90.4486     895.6793
2010.214900      74.5646      85.1841     907.9873
2010.217700      55.9398     107.6451     923.1817
2010.220400      73.8134      86.2757     912.2266
2010.223100      94.4387      88.6762     912.5313
2010.225900      62.7169     106.3069     888.2490
2010.228600      71.6659      89.0870     874.6288
2010.231300      58.7159     109.4704     882.8762
2010.234100      63.2313     100.5611     894.0061
2010.236800      58.9364      87.6784     884.6736
2010.239600      44.8106      89.8500     884.7998
2010.242300      57.1564      88.7701     885.1666
2010.245000      64.3009      94.5746     883.2644
2010.247800      74.7606      97.9552     893.3481
2010.250500      82.4930      96.3940     909.3732
2010.253300      62.8884      90.5836     895.1571
2010.256000      55.5642      85.5597     886.4089
2010.258700      67.0526     100.3615     883.2043
2010.261500      47.1785     106.1837     884.1631
2010.264200      69.7635      91.6635     888.6877
2010.266900      59.9897      96.5818     884.0040
2010.269700      61.0267      82.7190     891.4886
2010.272400      77.8633      93.8879     902.9135
2010.275200      62.2025     108.7837     888.9245
2010.277900      69.2899      96.3940     894.9514
2010.280600      34.5143      77.3077     914.8605
2010.283400      37.4293      93.1073     917.1005
2010.286100      70.7433      92.8197     890.5142
2010.288800      57.3932      91.1940     890.1570
2010.291600      64.2601      92.1507     886.9970
2010.294300      64.9623      97.1394     888.6683
2010.297100      39.9605     107.3105     886.5584
2010.299800      55.5478     104.0591     896.4906
2010.302500      35.8044     106.5534     891.4148
2010.305300      60.3490      93.2365     900.4309
2010.308000      53.1881      98.7886     891.6594
2010.310700      54.9355     103.6013     903.5346
2010.313500      36.0330     110.3742     896.7119
2010.316200      46.6886     107.5805     893.4471
2010.319000      48.5421      97.1453     885.1336
2010.321700      63.5742      95.4374     889.2409
2010.324400      31.9504     103.3020     932.5006
2010.327200      45.6026     116.5837     913.1194
2010.329900      55.9969      98.4776     913.6125
2010.332600      57.1972      98.2545     910.9241
2010.335400      69.5838     113.1151     910.5612
2010.338100      53.8740     117.9747     900.9084
2010.340900      53.3759     115.0225     903.8724
2010.343600      62.2923     104.8279     910.4699
2010.346300      63.2885     105.9724     911.2890
2010.349100      60.0142     110.0397     891.4206
2010.351800      50.0200     115.4862     885.3122
2010.354600      38.7030     115.1986     893.4587
2010.357300      52.9758     107.9738     893.1773
2010.360000      56.2664     101.2595     895.2076
2010.362800      49.9547     103.6130     895.0484
2010.365500      36.6862     102.9146     893.6101
2010.368200      38.8174     107.4162     883.8254
2010.371000      51.0488     112.5106     890.6772
2010.373700      40.6219     112.4577     895.1144
2010.376500      48.0277     111.3720     900.9123
2010.379200      45.7333     104.0708     889.9804
2010.381900      40.1075      97.8789     908.1485
2010.384700      39.3236     105.8844     893.1229
2010.387400      51.2693     117.8280     891.4439
2010.390100      62.5291     111.8943     895.0348
2010.392900      62.4229     106.6826     899.0198
2010.395600      62.4719     113.8135     908.4687
2010.398400      42.1651     102.9146     894.7126
2010.401100      36.8822     108.4609     898.0784
2010.403800      42.8836     106.5358     898.2162
2010.406600      34.3592     110.8966     892.8939
2010.409300      32.7833     113.4320     891.1275
2010.412000      46.3130     109.9047     882.1736
2010.414800      30.7991     114.5413     894.1847
2010.417500      43.4062     113.0388     895.0038
2010.420300      32.4240     104.7634     885.2346
2010.423000      27.7535     109.7814     910.1671
2010.425700      40.7933     107.5747     898.4996
2010.428500      35.8044     120.5688     898.3695
2010.431200      31.5177     108.4902     884.4950
2010.433900      37.8049     114.6880     889.4059
2010.436700      41.5690     110.8027     901.6363
2010.439400      30.0316     113.6961     905.9784
2010.442200      26.4797     109.1652     903.2202
2010.444900      35.3308     120.1815     893.0259
2010.447600      31.4687      98.9353     887.5716
2010.450400      45.3903      97.1394     916.7181
2010.453100      39.0460     106.1132     907.6574
2010.455900      22.8299     108.2379     935.8198
2010.458600      41.8140     111.6185     937.2406
2010.461300      31.1502     103.7245     905.0370
2010.464100      32.5955     105.5909     915.6020
2010.466800      23.5076     119.4478     905.2660
2010.469500      10.3453     119.8528     915.2856
2010.472300      38.0172     102.6857     918.3020
2010.475000      41.4057     112.8158     925.1247
2010.477800      32.7261     107.6451     902.8203
2010.480500      28.3332     101.3652     902.4962
2010.483200      17.6123     113.3557     897.7115
2010.486000      16.4284     108.8072     910.2778
2010.488700      27.0350     113.3557     914.2511
2010.491400      25.4428     117.7047     925.3673
2010.494200      24.5201     117.8104     916.9374
2010.496900      16.1344     115.0988     932.8830
2010.499700       9.4716     119.1720     912.5507
2010.502400       7.5855     113.7079     918.3311
2010.505100      25.2795     115.3982     922.6285
2010.507900      52.2573     104.7399     936.3439
2010.510600      40.3034     111.3074     918.3719
2010.513300      38.5642     120.2930     919.6355
2010.516100      35.3308     109.6054     927.1220
2010.518800      57.7198     120.2930     914.8334
2010.521600      42.0508     106.6591     915.5612
2010.524300      72.5478     108.2731     904.3887
2010.527000      36.6699     135.5644     911.9043
2010.529800      47.6358     115.8970     896.8206
2010.532500      43.9124     113.2501     907.0906
2010.535200      58.9201     113.2853     923.6204
2010.538000      44.4187     120.2578     903.5676
2010.540700      43.3572     113.7431     910.1361
2010.543500      45.0392     121.9246     907.2478
2010.546200      81.3172     103.6717     933.6264
2010.548900      44.7126     121.8131     923.9504
2010.551700      31.1094     115.7034     909.7653
2010.554400      39.3889     113.2559     914.0764
2010.557200      77.2264     106.4713     920.3207
2010.559900      52.6165      97.4270     941.5264
2010.562600      42.2712     110.9142     928.1236
2010.565400      53.7515     119.8176     901.3141
2010.568100      24.7324     100.1620     908.6318
2010.570800      56.1521      94.0875     923.3584
2010.573600      52.8533     103.9710     933.8380
2010.576300      66.2851      97.0866     929.4357
2010.579100      84.3547     100.7019     945.0669
2010.581800      50.6079      87.3908     918.9872
2010.584500      66.5872      99.9918     919.1192
2010.587300      62.0310     109.1828     909.0394
2010.590000      63.7294     109.8460     902.0361
2010.592700      43.3164     119.1544     918.5097
2010.595500      55.3355     119.7589     927.8752
2010.598200      38.8255     122.3413     928.1702
2010.601000      68.9714     121.6898     927.9276
2010.603700      59.7284     105.9607     915.5418
2010.606400      66.1054     106.2776     925.2528
2010.609200      39.5522     117.8808     917.5877
2010.611900      50.8937     107.8446     915.3303
2010.614600      61.4513     110.8613     916.3687
2010.617400      51.7510     119.7706     914.6936
2010.620100      18.3717     119.2131     929.9909
2010.622900       7.5528     112.9742     902.4845
2010.625600      66.1136      96.9281     934.0030
2010.628300      38.5479     112.5340     897.8377
2010.631100      50.0282     113.6492     899.8234
2010.633800      60.3245     107.8857     896.9138
2010.636600      54.1761     109.1534     906.4054
2010.639300      44.9004     118.2095     913.6338
2010.642000      62.9047     111.2898     901.6149
2010.644800      78.0838      96.9633     893.3267
2010.647500      72.1967      98.7358     886.4962
2010.650200      49.1055      91.8983     892.4649
2010.653000      55.7683     121.5901     897.7950
2010.655700      72.3028     106.8821     904.6740
2010.658500      52.8452     106.2952     891.9544
2010.661200      78.6227     117.8984     908.8977
2010.663900      74.8014     108.9715     893.7790
2010.666700      62.3821     101.5999     903.3560
2010.669400      71.8374     106.2130     917.6168
2010.672100      69.4287      97.5385     924.6433
2010.674900      62.9782     104.4758     904.3770
2010.677600      65.3951     107.8036     916.8850
2010.680400      78.5329     119.8000     919.5151
2010.683100      73.5766     113.3675     908.1931
2010.685800      68.6938     102.9263     895.9141
2010.688600      68.1386     117.2234     908.7249
2010.691300      48.7707     119.4596     891.6264
2010.694000      73.4623     109.6641     902.7407
2010.696800      91.2216     113.8018     903.0727
2010.699500      68.7020     114.2654     898.0124
2010.702300      78.0021     108.7250     884.4795
2010.705000      71.2903     115.9616     899.1479
2010.707700      72.8989     104.9101     906.2055
2010.710500      62.7659     102.1810     910.2467
2010.713200      73.5929     109.2532     911.4521
2010.715900      82.5828     101.6703     908.5270
2010.718700      80.1333     102.3570     901.0210
2010.721400      73.5684     104.0473     922.4966
2010.724200      61.7779     106.9643     904.8545
2010.726900      74.5401      97.1101     894.3167
2010.729600      70.6045     106.2189     898.0590
2010.732400      87.8984      86.7335     908.1155
2010.735100      60.5041     107.1227     896.4130
2010.737900      78.3369      96.2943     889.3593
2010.740600     108.6135      73.1641     898.8509
2010.743300      74.6462      96.0830     898.7053
2010.746100      76.1078     100.0974     898.8160
2010.748800      71.7721     109.5584     895.4308
2010.751500      84.3138      96.9457     895.2212
2010.754300      76.3691      95.6663     910.8601
2010.757000      97.1005      88.2008     901.0753
2010.759800      89.1068      93.0252     900.6619
2010.762500      82.9584      91.8455     889.8872
2010.765200      81.1784      87.2735     895.6929
2010.768000      80.5334      88.0599     887.5328
2010.770700     100.0890      94.5687     900.8016
2010.773400      86.4041      92.6026     888.8973
2010.776200      94.6265      89.6446     891.1664
2010.778900      92.3239      89.9028     902.2050
2010.781700      98.3661      95.8423     913.2922
2010.784400      98.8969      85.7592     891.4866
2010.787100      89.8825      89.8089     885.8596
2010.789900      82.0766      94.3222     904.5731
2010.792600      97.7619     106.4478     891.8127
2010.795300      97.4108      99.4225     890.4695
2010.798100      80.6967      89.8911     892.6998
2010.800800     105.0943     107.1814     880.5955
2010.803600      91.8911     100.4789     890.1764
2010.806300      86.7471     119.2894     886.2478
2010.809000      84.2812     106.4008     892.0495
2010.811800      76.4589     118.2681     901.0462
2010.814500      72.9969     115.2925     909.1364
2010.817200      73.6909     101.3065     907.6807
2010.820000      71.0046     106.5358     885.2210
2010.822700     104.1308      99.9624     891.5798
2010.825500      74.9565     115.8853     888.1189
2010.828200      84.5180      89.1868     903.0144
2010.830900      76.7692     113.3498     892.0204
2010.833700      89.6784      83.5407     918.0613
2010.836400      78.7860     117.3526     890.6889
2010.839200      89.4906     104.2527     895.4696
2010.841900      79.3739      99.4636     890.1357
2010.844600      82.1746     101.1245     882.3696
2010.847400      98.2845      98.1430     888.4645
2010.850100      81.3662     102.1575     886.1469
2010.852800      93.1976     103.0378     884.5436
2010.855600      58.0219      95.0265     898.1502
2010.858300      68.3345     118.7259     891.1392
2010.861100      90.8787     109.7110     888.0025
2010.863800      54.4537     121.5138     919.9033
2010.866500      85.0977      81.7682     880.5509
2010.869300      75.4464      86.3579     906.5160
2010.872000      97.0924      94.6333     910.2642
2010.874700      87.9474     102.2044     884.4970
2010.877500      81.3580      97.0690     887.0572
2010.880200      96.8719      93.2482     882.2085
2010.883000     105.0208     105.2916     894.4603
2010.885700      93.8263      93.2893     888.7867
2010.888400      89.3109     102.1399     876.5252
2010.891200     107.6500      95.0031     883.1072
2010.893900      82.3869      90.5249     891.7487
2010.896600      91.2379      98.5539     886.2750
2010.899400      81.8969      88.4179     888.1849
2010.902100     101.2485      96.0243     888.1170
2010.904900      80.9334      96.4645     883.0490
2010.907600      97.7864      92.2035     890.4695
2010.910300      71.9681     114.0541     897.9115
2010.913100      99.6236     104.9394     890.1939
2010.915800     103.2898      96.9046     889.8523
2010.918500     112.0755      89.0518     887.5968
2010.921300      79.6270      94.8211     911.4327
2010.924000      18.8616      91.7105     893.9246
2010.926800      69.7390      84.4035     898.8043
2010.929500      85.4815      91.0825     883.2256
2010.932200      92.2667      91.4405     906.7334
2010.935000      77.1693      89.1163     899.1615
2010.937700      74.2298      89.1046     894.9067
2010.940500      81.9868      92.0920     886.3643
2010.943200      70.0737      88.1303     897.2360
2010.945900      89.6620      93.2775     895.2251
2010.948700      79.0881      86.9448     893.7538
2010.951400      87.7269      94.0523     906.3375
2010.954100      46.3865      85.9529     902.8708
2010.956900      81.2519      87.5493     898.1463
2010.959600      84.6078      81.8093     896.7818
2010.962400      71.4945      88.3123     901.0598
2010.965100      82.2317      74.3438     893.1850
2010.967800      97.2393      77.2549     918.7348
2010.970600      69.5348      89.3629     892.9696
2010.973300      77.4877      72.9294     913.9308
2010.976000      66.0809      86.8802     895.9219
2010.978800      55.7765     107.9796     897.8590
2010.981500      81.5295      82.9303     903.0940
2010.984300      62.6271      93.3069     897.0535
2010.987000      70.4575      84.3565     895.8598
2010.989700      71.6088      77.9240     893.9052
2010.992500      54.7966      75.9344     898.9693
2010.995200      59.3855      92.2094     870.7487
2010.997900      85.9061      51.7478     900.5668
2011.000700      71.6251      76.6387     890.2424
2011.003400      51.3346      74.2851     891.4362
2011.006200      50.0690      84.0220     891.8962
2011.008900      47.3990      76.6152     887.2105
2011.011600      44.1492      85.7005     883.5051
2011.014400      40.2871      90.5132     912.3178
2011.017100      23.8179      88.7407     912.1412
2011.019800      25.6551     105.1449     908.7735
2011.022600      36.2453      85.3308     894.4487
2011.025300      17.6532      93.4947     906.0813
2011.028100      47.2438      96.1593     895.3551
2011.030800      28.6190      99.4049     920.6118
2011.033500      42.1977      99.1936     892.0185
2011.036300      21.2622      93.0017     898.6374
2011.039000      36.0820      86.5574     908.9055
2011.041800      33.1589      81.6039     899.5671
2011.044500      57.6790      85.4188     895.1435
2011.047200      16.8530      96.1710     913.6163
2011.050000      33.6896      82.4197     920.8874
2011.052700      42.8346      91.2057     896.0209
2011.055400      45.2352      85.0549     893.6198
2011.058200      52.3634      69.8481     908.3348
2011.060900      50.2650      78.9628     892.9172
2011.063700      44.0512      69.1556     897.4340
2011.066400      37.6906      72.5303     892.1272
2011.069100      30.0561      74.0973     886.0828
2011.071900      35.6493      78.2937     889.9416
2011.074600       0.0000      60.0643     913.5193
2011.077300      35.5758      75.1244     895.9607
2011.080100      37.3558      55.7858     897.4844
2011.082800      33.0854      58.1393     901.2636
2011.085600      28.2598      66.5731     906.4054
2011.088300      31.3380      68.3750     889.8057
2011.091000      35.5676      67.5474     896.7177
2011.093800      37.1843      82.4960     889.5670
2011.096500      38.0743      60.7569     884.7804
2011.099200      37.3639      74.3321     903.1542
2011.102000      55.4090      72.0432     895.3279
2011.104700      47.7991      77.2960     898.1444
2011.107500      37.1598      84.7908     884.6775
2011.110200      26.9043      75.8052     888.8468
2011.112900      17.7103      68.0111     889.0875
2011.115700       0.8410      78.7926     871.1000
2011.118400      28.2108      74.5023     882.7578
2011.121100      28.7497      56.5840     886.0673
2011.123900      28.3414      63.6503     890.9218
2011.126600      37.2333      70.8400     893.2044
2011.129400      47.5623      73.0526     901.6499
2011.132100      25.4183      70.4820     892.5833
2011.134800      42.1569      77.2432     888.9924
2011.137600      27.4269      69.0558     881.8397
2011.140300      29.4029      70.6698     885.5490
2011.143100      33.0527      62.0011     890.7044
2011.145800      41.2261      62.5352     894.6369
2011.148500      32.1627      71.2391     897.5271
2011.151300      31.2972      61.4201     891.3100
2011.154000      17.7103      70.1768     878.9728
2011.156700      16.3059      65.2819     889.5767
2011.159500      33.0201      60.0937     892.7541
2011.162200      55.1886      65.3993     897.3718
2011.165000      23.1238      66.8901     903.6627
2011.167700      38.7357      66.6788     891.7739
2011.170400      24.4384      65.7397     891.8710
2011.173200      39.6339      61.0621     903.9830
2011.175900      50.6406      79.2563     887.7851
2011.178600      35.0695      65.0002     891.0130
2011.181400      29.0436      71.7908     899.8700
2011.184100      94.9858      21.7978     888.1112
2011.186900     121.1062       0.0000     894.7068
2011.189600     150.6152       6.9373     901.6014
2011.192300          nan          nan     864.6794
2011.195100          nan          nan     764.2032
2011.197800          nan          nan     630.0789
2011.200500          nan          nan     481.7114
2011.203300          nan          nan     336.3758
2011.206000          nan          nan     227.1827
2011.208800          nan          nan     169.9024
2011.211500          nan          nan     156.4064
2011.214200          nan          nan     146.1733
2011.217000          nan          nan     121.7978
2011.219700          nan          nan     127.5355
2011.222500          nan          nan     115.2002
2011.225200          nan          nan     128.9951
2011.227900          nan          nan     127.8600
2011.230700          nan          nan     124.6283
2011.233400          nan          nan     120.0248
2011.236100          nan          nan     114.4457
2011.238900          nan          nan     108.1417
2011.241600          nan          nan     102.0568
2011.244400          nan          nan      96.2586
2011.247100          nan          nan      91.6550
2011.249800          nan          nan      88.5058
2011.252600          nan          nan      87.2882
2011.255300          nan          nan      89.9610
2011.258000          nan          nan     103.8859
2011.260800          nan          nan      91.8186
2011.263500          nan          nan     105.5611
2011.266300          nan          nan      78.5283
2011.269000          nan          nan      81.8999
2011.271700          nan          nan      71.7793
2011.274500          nan          nan      87.0902
2011.277200          nan          nan      87.7618
2011.279900          nan          nan      82.8490
2011.282700          nan          nan      85.2412
2011.285400          nan          nan      90.2386
2011.288200          nan          nan      99.5400
2011.290900          nan          nan      68.9086
2011.293600          nan          nan      74.4793
2011.296400          nan          nan      70.0033
2011.299100          nan          nan      67.3654
2011.301800          nan          nan      63.3960
2011.304600          nan          nan      66.3910
2011.307300          nan          nan      67.9380
2011.310100          nan          nan     103.5133
2011.312800          nan          nan      70.4342
2011.315500          nan          nan      79.3319
2011.318300          nan          nan      77.0687
2011.321000          nan          nan      87.3581
2011.323800          nan          nan      73.8892
2011.326500          nan          nan      76.7853
2011.329200          nan          nan      76.0147
2011.332000          nan          nan      93.2704
2011.334700          nan          nan      65.9640
2011.337400          nan          nan      51.6955
2011.340200          nan          nan      60.2419
2011.342900          nan          nan      60.0031
2011.345700          nan          nan      84.2058
2011.348400          nan          nan      82.8335
2011.351100          nan          nan      84.6659
2011.353900          nan          nan      68.1807
2011.356600          nan          nan      64.9819
2011.359300          nan          nan      66.4143
2011.362100          nan          nan     103.8083
2011.364800          nan          nan      70.8496
2011.367600          nan          nan      68.0293
2011.370300          nan          nan      53.3920
2011.373000          nan          nan      57.4138
2011.375800          nan          nan      62.6526
2011.378500          nan          nan      82.0280
2011.381200          nan          nan      92.0049
2011.384000          nan          nan      81.3040
2011.386700          nan          nan      57.5768
2011.389500          nan          nan      61.6549
2011.392200          nan          nan      71.1951
2011.394900          nan          nan      47.4194
2011.397700          nan          nan      56.7868
2011.400400          nan          nan      52.5981
2011.403100          nan          nan      56.6374
2011.405900          nan          nan      66.4920
2011.408600          nan          nan      72.2762
2011.411400          nan          nan      44.6204
2011.414100          nan          nan      52.1380
2011.416800          nan          nan      67.1150
2011.419600          nan          nan      55.4106
2011.422300          nan          nan      57.9825
2011.425100          nan          nan      60.8339
2011.427800          nan          nan      56.4374
2011.430500          nan          nan      47.1690
2011.433300          nan          nan      47.5805
2011.436000          nan          nan      83.9399
2011.438700          nan          nan      76.1894
2011.441500          nan          nan      86.8942
2011.444200          nan          nan      64.6771
2011.447000          nan          nan      58.8346
2011.449700          nan          nan      48.3220
2011.452400          nan          nan      45.4143
2011.455200          nan          nan      58.5532
2011.457900          nan          nan      60.4049
2011.460600          nan          nan      57.6836
2011.463400          nan          nan      53.9743
2011.466100          nan          nan      69.4132
2011.468900          nan          nan      61.2512
2011.471600          nan          nan      79.1805
2011.474300          nan          nan      72.5441
2011.477100          nan          nan      54.5061
2011.479800          nan          nan      56.5364
2011.482500          nan          nan      68.6135
2011.485300          nan          nan      55.8008
2011.488000          nan          nan      52.7029
2011.490800          nan          nan     113.0573
2011.493500          nan          nan      75.4285
2011.496200          nan          nan      47.1282
2011.499000          nan          nan      63.9706
2011.501700          nan          nan      80.9138
2011.504400          nan          nan      72.1578
2011.507200          nan          nan      69.9024
2011.509900          nan          nan      54.4537
2011.512700          nan          nan      67.6255
2011.515400          nan          nan      72.9556
2011.518100          nan          nan      68.4311
2011.520900          nan          nan      41.5614
2011.523600          nan          nan      62.5226
2011.526400          nan          nan      49.4808
2011.529100          nan          nan      58.3125
2011.531800          nan          nan      75.1548
2011.534600          nan          nan      52.2720
2011.537300          nan          nan      43.1530
2011.540000          nan          nan      46.9516
2011.542800          nan          nan      52.9688
2011.545500          nan          nan      56.4491
2011.548300          nan          nan      50.5813
2011.551000          nan          nan      50.6687
2011.553700          nan          nan      48.9955
2011.556500          nan          nan      47.5106
2011.559200          nan          nan      80.0307
2011.561900          nan          nan      47.2117
2011.564700          nan          nan      43.8770
2011.567400          nan          nan      46.1383
2011.570200          nan          nan      54.5663
2011.572900          nan          nan      58.8657
2011.575600          nan          nan      49.0402
2011.578400          nan          nan      27.5626
2011.581100          nan          nan      45.4260
2011.583800          nan          nan      40.7578
2011.586600          nan          nan      45.6725
2011.589300          nan          nan      30.0549
2011.592100          nan          nan      39.6320
2011.594800          nan          nan      47.5126
2011.597500          nan          nan      32.4210
2011.600300          nan          nan      36.5050
2011.603000          nan          nan      38.0617
2011.605700          nan          nan      80.1064
2011.608500          nan          nan      67.1869
2011.611200          nan          nan      43.8110
2011.614000          nan          nan      18.0341
2011.616700          nan          nan      48.2016
2011.619400          nan          nan      56.6801
2011.622200          nan          nan      52.5864
2011.624900          nan          nan      73.4506
2011.627700          nan          nan      42.9589
2011.630400          nan          nan      41.6041
2011.633100          nan          nan      43.3432
2011.635900          nan          nan      47.6853
2011.638600          nan          nan      33.8594
2011.641300          nan          nan      40.5113
2011.644100          nan          nan      45.9365
2011.646800          nan          nan      61.6588
2011.649600          nan          nan      41.6293
2011.652300          nan          nan      26.5145
2011.655000          nan          nan      21.5338
2011.657800          nan          nan      17.3781
2011.660500          nan          nan      33.4343
2011.663200          nan          nan      38.5295
2011.666000          nan          nan      35.1793
2011.668700          nan          nan      21.5590
2011.671500          nan          nan      37.0116
2011.674200          nan          nan      27.9489
2011.676900          nan          nan      41.4857
2011.679700          nan          nan      41.4624
2011.682400          nan          nan      40.5792
2011.685100          nan          nan      21.0078
2011.687900          nan          nan      16.4716
2011.690600          nan          nan      37.8016
2011.693400          nan          nan      43.3510
2011.696100          nan          nan      33.4013
2011.698800          nan          nan      47.0681
2011.701600          nan          nan      30.5305
2011.704300          nan          nan      48.7374
2011.707000          nan          nan      35.2569
2011.709800          nan          nan      58.8773
2011.712500          nan          nan      52.7145
2011.715300          nan          nan      47.8522
2011.718000          nan          nan      48.9353
2011.720700          nan          nan      49.1275
2011.723500          nan          nan      20.1518
2011.726200          nan          nan      25.3208
2011.729000          nan          nan      10.6116
2011.731700          nan          nan      19.2240
2011.734400          nan          nan      15.9009
2011.737200          nan          nan      20.3517
2011.739900          nan          nan      21.4639
2011.742600          nan          nan      32.5356
2011.745400          nan          nan      33.2188
2011.748100          nan          nan      26.7610
2011.750900          nan          nan      37.6463
2011.753600          nan          nan      24.6433
2011.756300          nan          nan      15.0178
2011.759100          nan          nan      27.7548
2011.761800          nan          nan      31.5748
2011.764500          nan          nan      33.7041
2011.767300          nan          nan      15.1769
2011.770000          nan          nan       7.5390
2011.772800          nan          nan      35.9731
2011.775500          nan          nan      17.3179
2011.778200          nan          nan      21.2426
2011.781000          nan          nan      15.5904
2011.783700          nan          nan      24.5715
2011.786400          nan          nan      41.1712
2011.789200          nan          nan     103.6006
2011.791900          nan          nan      61.2085
2011.794700          nan          nan      38.1859
2011.797400          nan          nan      20.7205
2011.800100          nan          nan      13.2631
2011.802900          nan          nan      25.9574
2011.805600          nan          nan      43.2889
2011.808400          nan          nan      43.0890
2011.811100          nan          nan      44.2808
2011.813800          nan          nan      54.9661
2011.816600          nan          nan      38.8653
2011.819300          nan          nan      19.0997
2011.822000          nan          nan      30.5965
2011.824800          nan          nan      29.2067
2011.827500          nan          nan      29.0941
2011.830300          nan          nan      17.1451
2011.833000          nan          nan      10.5223
2011.835700          nan          nan      29.2979
2011.838500          nan          nan       9.5013
2011.841200          nan          nan       9.6722
2011.843900          nan          nan      29.3950
2011.846700          nan          nan      35.8295
2011.849400          nan          nan      47.1923
2011.852200          nan          nan      18.8688
2011.854900          nan          nan      11.0639
2011.857600          nan          nan      22.4209
2011.860400          nan          nan      36.4565
2011.863100          nan          nan      32.9412
2011.865800          nan          nan      25.4683
2011.868600          nan          nan       1.5354
2011.871300          nan          nan      32.6734
2011.874100          nan          nan      41.9923
2011.876800          nan          nan      22.2462
2011.879500          nan          nan      32.2638
2011.882300          nan          nan      33.5119
2011.885000          nan          nan      27.9839
2011.887700          nan          nan      28.0091
2011.890500          nan          nan      32.6307
2011.893200          nan          nan      24.0125
2011.896000          nan          nan      29.0320
2011.898700          nan          nan       9.1617
2011.901400          nan          nan      27.9179
2011.904200          nan          nan      34.2592
2011.906900          nan          nan      22.1433
2011.909700          nan          nan      16.6968
2011.912400          nan          nan      25.5731
2011.915100          nan          nan      22.3452
2011.917900          nan          nan      21.8483
2011.920600          nan          nan      34.3912
2011.923300          nan          nan      22.9740
2011.926100          nan          nan      36.2235
2011.928800          nan          nan      16.1436
2011.931600          nan          nan      20.2547
2011.934300          nan          nan      23.1720
2011.937000          nan          nan      19.1871
2011.939800          nan          nan      33.2033
2011.942500          nan          nan      55.5834
2011.945200          nan          nan      35.8140
2011.948000          nan          nan      31.6679
2011.950700          nan          nan      26.0234
2011.953500          nan          nan      37.9278
2011.956200          nan          nan      18.7931
2011.958900          nan          nan      34.8765
2011.961700          nan          nan      38.2073
2011.964400          nan          nan      17.3121
2011.967100          nan          nan      17.6944
2011.969900          nan          nan      10.9144
2011.972600          nan          nan      23.1157
2011.975400          nan          nan      30.8003
2011.978100          nan          nan      39.3311
2011.980800          nan          nan      34.5931
2011.983600          nan          nan      27.3938
2011.986300          nan          nan       5.0603
2011.989000          nan          nan      23.0129
2011.991800          nan          nan      24.9112
2011.994500          nan          nan      11.6384
2011.997300          nan          nan      19.6840
2012.000000          nan          nan      22.3995
2012.002700          nan          nan      36.0760
2012.005500          nan          nan      40.5481
2012.008200          nan          nan      40.4899
2012.011000          nan          nan      25.6139
2012.013700          nan          nan      25.4062
2012.016400          nan          nan      18.0865
2012.019200          nan          nan      23.9543
2012.021900          nan          nan       9.2665
2012.024600          nan          nan      20.2158
2012.027400          nan          nan      21.9880
2012.030100          nan          nan      11.5705
2012.032900          nan          nan      21.9608
2012.035600          nan          nan      51.5363
2012.038300          nan          nan      50.5522
2012.041100          nan          nan      16.1086
2012.043800          nan          nan      23.6437
2012.046500          nan          nan      18.4825
2012.049300          nan          nan      21.0466
2012.052000          nan          nan      20.5672
2012.054800          nan          nan       1.9333
2012.057500          nan          nan      19.1599
2012.060200          nan          nan      20.3498
2012.063000          nan          nan      26.4854
2012.065700          nan          nan      22.1821
2012.068400          nan          nan      22.2869
2012.071200          nan          nan      15.1595
2012.073900          nan          nan      33.2829
2012.076700          nan          nan      23.7854
2012.079400          nan          nan      22.7042
2012.082100          nan          nan      35.1171
2012.084900          nan          nan      14.3617
2012.087600          nan          nan      30.9381
2012.090300          nan          nan      22.1394
2012.093100          nan          nan      46.9283
2012.095800          nan          nan      33.7235
2012.098600          nan          nan      35.0356
2012.101300          nan          nan      43.4849
2012.104000          nan          nan      36.4273
2012.106800          nan          nan      52.3690
2012.109500          nan          nan      39.2011
2012.112300          nan          nan      31.5981
2012.115000          nan          nan      43.9702
2012.117700          nan          nan      25.5789
2012.120500          nan          nan      26.6975
2012.123200          nan          nan      27.7567
2012.125900          nan          nan      26.9997
2012.128700          nan          nan      14.6955
2012.131400          nan          nan      33.8749
2012.134200          nan          nan      17.2422
2012.136900          nan          nan      19.2977
2012.139600          nan          nan      25.9516
2012.142400          nan          nan       9.0666
2012.145100          nan          nan      18.5640
2012.147800          nan          nan      22.6887
2012.150600          nan          nan      11.3647
2012.153300          nan          nan      14.8334
2012.156100          nan          nan      18.1527
2012.158800          nan          nan      19.8645
2012.161500          nan          nan      10.1244
2012.164300          nan          nan       4.6565
2012.167000          nan          nan       6.7800
2012.169700          nan          nan      10.3922
2012.172500          nan          nan      12.9059
2012.175200          nan          nan       0.0000
2012.178000          nan          nan      21.1786
2012.180700          nan          nan       5.2544
2012.183400          nan          nan      13.7309
2012.186200          nan          nan      24.9675
2012.188900          nan          nan      13.9211
2012.191600          nan          nan       5.9066
2012.194400          nan          nan      11.8403
2012.197100          nan          nan       6.4714
2012.199900          nan          nan      10.4059
2012.202600          nan          nan       8.6395
2012.205300          nan          nan       7.1275
2012.208100          nan          nan      21.3455
2012.210800          nan          nan      16.1785
2012.213600          nan          nan      43.4752
2012.216300          nan          nan      22.3587
2012.219000          nan          nan      20.6720
2012.221800          nan          nan      23.6029
2012.224500          nan          nan      27.1570
2012.227200          nan          nan      18.5504
2012.230000          nan          nan      30.5324
2012.232700          nan          nan      25.4931
2012.235500          nan          nan      20.1712
2012.238200          nan          nan      23.5408
2012.240900          nan          nan      41.3304
2012.243700          nan          nan       8.6356
2012.246400          nan          nan      26.1205
2012.249100          nan          nan       5.7144
2012.251900          nan          nan      20.3925
2012.254600          nan          nan      36.4021
2012.257400          nan          nan      30.7226
2012.260100          nan          nan      15.7126
2012.262800          nan          nan      31.8310
2012.265600          nan          nan      19.0182
2012.268300          nan          nan      11.6870
2012.271000          nan          nan      31.3515
2012.273800          nan          nan      28.0304
2012.276500          nan          nan      41.4488
2012.279300          nan          nan      26.1340
2012.282000          nan          nan      34.8532
2012.284700          nan          nan      19.0532
2012.287500          nan          nan      18.4961
2012.290200          nan          nan      30.8255
2012.293000          nan          nan      29.0301
2012.295700          nan          nan      12.7196
2012.298400          nan          nan      14.4490
2012.301200          nan          nan      18.6494
2012.303900          nan          nan      15.8000
2012.306600          nan          nan       9.8643
2012.309400          nan          nan      43.2345
2012.312100          nan          nan      26.5650
2012.314900          nan          nan      24.2357
2012.317600          nan          nan      28.0790
2012.320300          nan          nan      52.4700
2012.323100          nan          nan      26.9532
2012.325800          nan          nan      34.3757
2012.328500          nan          nan      35.8081
2012.331300          nan          nan      23.6243
2012.334000          nan          nan      27.7276
2012.336800          nan          nan      29.0767
2012.339500          nan          nan      41.1091
2012.342200          nan          nan      50.3212
2012.345000          nan          nan      37.9278
2012.347700          nan          nan      22.8091
2012.350400          nan          nan      41.1635
2012.353200          nan          nan      32.7704
2012.355900          nan          nan      31.0254
2012.358700          nan          nan      37.0659
2012.361400          nan          nan      43.0133
2012.364100          nan          nan      19.1192
2012.366900          nan          nan      34.4785
2012.369600          nan          nan      54.5275
2012.372300          nan          nan      56.2317
2012.375100          nan          nan      48.6287
2012.377800          nan          nan      42.1049
2012.380600          nan          nan      34.3271
2012.383300          nan          nan      36.1498
2012.386000          nan          nan      39.8707
2012.388800          nan          nan      45.8743
2012.391500          nan          nan      42.1281
2012.394300          nan          nan      44.2167
2012.397000          nan          nan      38.4732
2012.399700          nan          nan      45.4764
2012.402500          nan          nan      45.6453
2012.405200          nan          nan      52.5767
2012.407900          nan          nan      39.6805
2012.410700          nan          nan      35.3656
2012.413400          nan          nan      37.4076
2012.416200          nan          nan      41.3110
2012.418900          nan          nan      43.4053
2012.421600          nan          nan      35.1133
2012.424400          nan          nan      60.4398
2012.427100          nan          nan      44.6224
2012.429800          nan          nan      59.8206
2012.432600          nan          nan      45.9209
2012.435300          nan          nan      53.5725
2012.438100          nan          nan      43.4675
2012.440800          nan          nan      60.2826
2012.443500          nan          nan      45.7579
2012.446300          nan          nan      45.7385
2012.449000          nan          nan      32.2386
2012.451700          nan          nan      33.6808
2012.454500          nan          nan      49.3857
2012.457200          nan          nan      55.7872
2012.460000          nan          nan      71.8880
2012.462700          nan          nan      35.8081
2012.465400          nan          nan      42.0893
2012.468200          nan          nan      56.2492
2012.470900          nan          nan      37.5395
2012.473600          nan          nan      52.5010
2012.476400          nan          nan      51.8585
2012.479100          nan          nan      53.0135
2012.481900          nan          nan      49.4633
2012.484600          nan          nan      56.7965
2012.487300          nan          nan      46.8681
2012.490100          nan          nan      50.8958
2012.492800          nan          nan      51.8275
2012.495600          nan          nan      47.0681
2012.498300          nan          nan      59.6945
2012.501000          nan          nan      54.1121
2012.503800          nan          nan      64.6965
2012.506500          nan          nan      64.3704
2012.509200          nan          nan      71.2786
2012.512000          nan          nan      77.3501
2012.514700          nan          nan      62.2838
2012.517500          nan          nan      62.0528
2012.520200          nan          nan      79.4484
2012.522900          nan          nan      65.3720
2012.525700          nan          nan      66.7113
2012.528400          nan          nan      90.5802
2012.531100          nan          nan      69.0561
2012.533900          nan          nan      58.4852
2012.536600          nan          nan      74.3842
2012.539400          nan          nan     156.8586
2012.542100          nan          nan      38.9953
2012.544800          nan          nan      63.5164
2012.547600          nan          nan      50.4028
2012.550300          nan          nan      52.7204
2012.553000          nan          nan      51.3306
2012.555800          nan          nan      64.3588
2012.558500          nan          nan      53.9160
2012.561300          nan          nan      90.7413
2012.564000          nan          nan      70.9758
2012.566700          nan          nan      65.3817
2012.569500          nan          nan      64.7179
2012.572200          nan          nan     100.4290
2012.574900          nan          nan      64.6616
2012.577700          nan          nan      56.8159
2012.580400          nan          nan      62.8215
2012.583200          nan          nan      63.6328
2012.585900          nan          nan      53.0135
2012.588600          nan          nan      54.6032
2012.591400          nan          nan      45.8336
2012.594100          nan          nan      83.9923
2012.596900          nan          nan      64.0851
2012.599600          nan          nan      57.3264
2012.602300          nan          nan      53.9354
2012.605100          nan          nan      61.0668
2012.607800          nan          nan      65.2128
2012.610500          nan          nan      53.9490
2012.613300          nan          nan      70.2498
2012.616000          nan          nan      76.2554
2012.618800          nan          nan      59.1413
2012.621500          nan          nan      78.3730
2012.624200          nan          nan      59.8129
2012.627000          nan          nan      56.7713
2012.629700          nan          nan      54.9875
2012.632400          nan          nan      59.9546
2012.635200          nan          nan      58.3629
2012.637900          nan          nan      54.9506
2012.640700          nan          nan      57.2779
2012.643400          nan          nan      65.3215
2012.646100          nan          nan      77.6354
2012.648900          nan          nan      69.0308
2012.651600          nan          nan      89.2447
2012.654300          nan          nan      81.6708
2012.657100          nan          nan      47.2564
2012.659800          nan          nan      61.4511
2012.662600          nan          nan      58.9045
2012.665300          nan          nan      47.5844
2012.668000          nan          nan      72.3481
2012.670800          nan          nan      95.1183
2012.673500          nan          nan      51.6489
2012.676200          nan          nan      76.4805
2012.679000          nan          nan      69.6384
2012.681700          nan          nan      63.5028
2012.684500          nan          nan      72.2316
2012.687200          nan          nan      69.1706
2012.689900          nan          nan      32.3881
2012.692700          nan          nan      66.5036
2012.695400          nan          nan      79.8773
2012.698200          nan          nan      64.4248
2012.700900          nan          nan      65.5642
2012.703600          nan          nan      65.7059
2012.706400          nan          nan      48.7878
2012.709100          nan          nan      56.1075
2012.711800          nan          nan      51.1869
2012.714600          nan          nan      27.6578
2012.717300          nan          nan      81.1041
2012.720100          nan          nan      68.5805
2012.722800          nan          nan      69.7529
2012.725500          nan          nan      75.4091
2012.728300          nan          nan      87.0359
2012.731000          nan          nan      56.5733
2012.733700          nan          nan      51.5402
2012.736500          nan          nan      58.9802
2012.739200          nan          nan      58.4386
2012.742000          nan          nan      52.0682
2012.744700          nan          nan      63.7823
2012.747400          nan          nan      91.9991
2012.750200          nan          nan      73.3419
2012.752900          nan          nan      69.1784
2012.755600          nan          nan      63.5144
2012.758400          nan          nan      63.6658
2012.761100          nan          nan      54.5042
2012.763900          nan          nan      48.8072
2012.766600          nan          nan      49.1683
2012.769300          nan          nan      49.0246
2012.772100          nan          nan      47.7610
2012.774800          nan          nan      51.5305
2012.777500          nan          nan      52.6214
2012.780300          nan          nan      54.9778
2012.783000          nan          nan      49.7603
2012.785800          nan          nan      53.4405
2012.788500          nan          nan      68.4835
2012.791200          nan          nan      36.1207
2012.794000          nan          nan      81.5621
2012.796700          nan          nan      52.6272
2012.799500          nan          nan      61.1037
2012.802200          nan          nan      61.3075
2012.804900          nan          nan      67.0801
2012.807700          nan          nan      58.7240
2012.810400          nan          nan      76.6863
2012.813100          nan          nan      55.0282
2012.815900          nan          nan      67.6818
2012.818600          nan          nan      40.4627
2012.821400          nan          nan      43.3199
2012.824100          nan          nan      52.4350
2012.826800          nan          nan      43.4442
2012.829600          nan          nan      48.0638
2012.832300          nan          nan      49.9660
2012.835000          nan          nan      63.4795
2012.837800          nan          nan      58.7880
2012.840500          nan          nan      64.1103
2012.843300          nan          nan      49.6477
2012.846000          nan          nan      39.0050
2012.848700          nan          nan      49.8166
2012.851500          nan          nan      59.9235
2012.854200          nan          nan      57.7030
2012.856900          nan          nan      50.9055
2012.859700          nan          nan      38.4266
2012.862400          nan          nan      50.1698
2012.865200          nan          nan      48.0949
2012.867900          nan          nan      69.5239
2012.870600          nan          nan      63.1553
2012.873400          nan          nan      48.6869
2012.876100          nan          nan      49.6943
2012.878900          nan          nan      53.6229
2012.881600          nan          nan      56.4995
2012.884300          nan          nan      58.6483
2012.887100          nan          nan      66.1115
2012.889800          nan          nan      57.7127
2012.892500          nan          nan      62.6876
2012.895300          nan          nan      63.4310
2012.898000          nan          nan      56.9207
2012.900800          nan          nan      54.4071
2012.903500          nan          nan      73.3477
2012.906200          nan          nan      46.2917
2012.909000          nan          nan      49.8515
2012.911700          nan          nan      58.7376
2012.914400          nan          nan      58.1106
2012.917200          nan          nan      59.4014
2012.919900          nan          nan      53.6909
2012.922700          nan          nan      60.8863
2012.925400          nan          nan      66.5056
2012.928100          nan          nan      45.4085
2012.930900          nan          nan      56.6005
2012.933600          nan          nan      43.6130
2012.936300          nan          nan      53.8656
2012.939100          nan          nan      58.1145
2012.941800          nan          nan      53.6986
2012.944600          nan          nan      51.2626
2012.947300          nan          nan      56.0337
2012.950000          nan          nan      46.3460
2012.952800          nan          nan      52.9106
2012.955500          nan          nan      74.8598
2012.958200          nan          nan      68.3806
2012.961000          nan          nan      84.7112
2012.963700          nan          nan     100.1747
2012.966500          nan          nan      61.3405
2012.969200          nan          nan      77.9965
2012.971900          nan          nan      78.3983
2012.974700          nan          nan      79.3028
2012.977400          nan          nan      65.3701
2012.980200          nan          nan      63.3417
2012.982900          nan          nan      69.3822
2012.985600          nan          nan      83.1635
2012.988400          nan          nan      67.4644
2012.991100          nan          nan      49.5215
2012.993800          nan          nan      61.4880
2012.996600          nan          nan      69.6248
2012.999300          nan          nan      39.5466
2013.002100          nan          nan      70.4342
2013.004800          nan          nan      52.3613
2013.007500          nan          nan      45.4434
2013.010300          nan          nan      47.6038
2013.013000          nan          nan      68.4971
2013.015700          nan          nan      20.8952
2013.018500          nan          nan      55.0748
2013.021200          nan          nan      45.9015
2013.024000          nan          nan      57.6448
2013.026700          nan          nan      47.9008
2013.029400          nan          nan      46.0898
2013.032200          nan          nan      54.6362
2013.034900          nan          nan      56.0958
2013.037600          nan          nan      37.8734
2013.040400          nan          nan      51.6392
2013.043100          nan          nan      45.1756
2013.045900          nan          nan      53.0969
2013.048600          nan          nan      56.5985
2013.051300          nan          nan      50.2630
2013.054100          nan          nan      46.8429
2013.056800          nan          nan      54.4634
2013.059500          nan          nan      51.2626
2013.062300          nan          nan      44.7330
2013.065000          nan          nan      47.7513
2013.067800          nan          nan      52.9048
2013.070500          nan          nan      56.7868
2013.073200          nan          nan      45.2920
2013.076000          nan          nan      46.8720
2013.078700          nan          nan      56.0880
2013.081500          nan          nan      35.7130
2013.084200          nan          nan      47.4699
2013.086900          nan          nan      54.1121
2013.089700          nan          nan      75.7915
2013.092400          nan          nan      64.6752
2013.095100          nan          nan      74.2445
2013.097900          nan          nan      62.1324
2013.100600          nan          nan      44.8592
2013.103400          nan          nan      46.6139
2013.106100          nan          nan      25.5789
2013.108800          nan          nan      55.3854
2013.111600          nan          nan      66.7074
2013.114300          nan          nan      64.6092
2013.117000          nan          nan      51.6897
2013.119800          nan          nan      61.6782
2013.122500          nan          nan      63.7338
2013.125300          nan          nan      68.9299
2013.128000          nan          nan      62.0101
2013.130700          nan          nan      55.2223
2013.133500          nan          nan      69.2851
2013.136200          nan          nan      84.3669
2013.138900          nan          nan      47.2156
2013.141700          nan          nan      38.1296
2013.144400          nan          nan      49.0829
2013.147200          nan          nan      39.4864
2013.149900          nan          nan      49.3682
2013.152600          nan          nan      45.2144
2013.155400          nan          nan      55.4203
2013.158100          nan          nan      66.8258
2013.160800          nan          nan      54.5585
2013.163600          nan          nan      66.8608
2013.166300          nan          nan      68.8173
2013.169100          nan          nan      50.4455
2013.171800          nan          nan      63.5241
2013.174500          nan          nan      59.9779
2013.177300          nan          nan      61.5540
2013.180000          nan          nan      90.8849
2013.182800          nan          nan      55.2670
2013.185500          nan          nan      61.7190
2013.188200          nan          nan      58.4309
2013.191000          nan          nan      56.3287
2013.193700          nan          nan      55.7192
2013.196400          nan          nan      66.7035
2013.199200          nan          nan      53.2464
2013.201900          nan          nan      53.5880
2013.204700          nan          nan      71.4416
2013.207400          nan          nan      73.8485
2013.210100          nan          nan      87.4182
2013.212900          nan          nan      74.4347
2013.215600          nan          nan      71.7192
2013.218300          nan          nan      73.1187
2013.221100          nan          nan      65.7796
2013.223800          nan          nan      65.9465
2013.226600          nan          nan      61.3541
2013.229300          nan          nan      68.9357
2013.232000          nan          nan      60.1564
2013.234800          nan          nan      61.4201
2013.237500          nan          nan      75.3159
2013.240200          nan          nan      88.5887
2013.243000          nan          nan      61.1774
2013.245700          nan          nan      71.6066
2013.248500          nan          nan      72.8236
2013.251200          nan          nan      73.3613
2013.253900          nan          nan      79.8036
2013.256700          nan          nan      65.7000
2013.259400          nan          nan      64.3801
2013.262100          nan          nan      70.8069
2013.264900          nan          nan      87.5075
2013.267600          nan          nan      72.9187
2013.270400          nan          nan      81.1448
2013.273100          nan          nan      73.2933
2013.275800          nan          nan      80.8964
2013.278600          nan          nan      80.9410
2013.281300          nan          nan      64.2656
2013.284100          nan          nan      85.6849
2013.286800          nan          nan      72.7266
2013.289500          nan          nan      76.3660
2013.292300          nan          nan      84.4252
2013.295000          nan          nan      69.8461
2013.297700          nan          nan      60.5214
2013.300500          nan          nan      60.1234
2013.303200          nan          nan      68.6019
2013.306000          nan          nan      64.9100
2013.308700          nan          nan      70.7778
2013.311400          nan          nan     101.3432
2013.314200          nan          nan      73.8931
2013.316900          nan          nan      83.8157
2013.319600          nan          nan      77.1715
2013.322400          nan          nan      66.0378
2013.325100          nan          nan      69.6714
2013.327900          nan          nan      84.4853
2013.330600          nan          nan      65.8320
2013.333300          nan          nan      76.0865
2013.336100          nan          nan      71.5231
2013.338800          nan          nan      64.3588
2013.341500          nan          nan      73.6699
2013.344300          nan          nan      69.0095
2013.347000          nan          nan      61.1406
2013.349800          nan          nan      67.1442
2013.352500          nan          nan      59.1335
2013.355200          nan          nan      77.0221
2013.358000          nan          nan      80.4946
2013.360700          nan          nan      78.9476
2013.363400          nan          nan      77.7965
2013.366200          nan          nan      65.3604
2013.368900          nan          nan      70.6380
2013.371700          nan          nan      83.6876
2013.374400          nan          nan      72.3927
2013.377100          nan          nan      78.6719
2013.379900          nan          nan      78.8583
2013.382600          nan          nan      72.0899
2013.385400          nan          nan      73.1109
2013.388100          nan          nan      89.4253
2013.390800          nan          nan      93.1462
2013.393600          nan          nan      74.9646
2013.396300          nan          nan      78.2585
2013.399000          nan          nan      73.3108
2013.401800          nan          nan      78.9650
2013.404500          nan          nan      78.8098
2013.407300          nan          nan      75.1645
2013.410000          nan          nan     105.6426
2013.412700          nan          nan      80.7877
2013.415500          nan          nan      81.3001
2013.418200          nan          nan      91.3352
2013.420900          nan          nan      82.8665
2013.423700          nan          nan      89.2933
2013.426400          nan          nan      75.7876
2013.429200          nan          nan     102.3021
2013.431900          nan          nan      74.5861
2013.434600          nan          nan      98.8451
2013.437400          nan          nan      82.0882
2013.440100          nan          nan      75.5896
2013.442800          nan          nan     107.7428
2013.445600          nan          nan      95.1125
2013.448300          nan          nan      90.0988
2013.451100          nan          nan     107.5137
2013.453800          nan          nan     109.3364
2013.456500          nan          nan      90.7879
2013.459300          nan          nan     100.3630
2013.462000          nan          nan     114.6820
2013.464800          nan          nan     102.6728
2013.467500          nan          nan     103.6724
2013.470200          nan          nan      91.6400
2013.473000          nan          nan      96.2965
2013.475700          nan          nan      82.6142
2013.478400          nan          nan      87.1620
2013.481200          nan          nan      92.4921
2013.483900          nan          nan      95.1629
2013.486700          nan          nan      84.6173
2013.489400          nan          nan      89.7494
2013.492100          nan          nan      90.0833
2013.494900          nan          nan      92.9812
2013.497600          nan          nan     104.3285
2013.500300          nan          nan      85.1298
2013.503100          nan          nan      99.9651
2013.505800          nan          nan      95.2212
2013.508600          nan          nan     116.8482
2013.511300          nan          nan     152.3943
2013.514000          nan          nan      98.1715
2013.516800          nan          nan     116.2872
2013.519500          nan          nan     123.7640
2013.522200          nan          nan     107.9815
2013.525000          nan          nan      91.0072
2013.527700          nan          nan      96.2150
2013.530500          nan          nan      93.5014
2013.533200          nan          nan      99.7011
2013.535900          nan          nan     101.6188
2013.538700          nan          nan      78.9573
2013.541400          nan          nan      92.2262
2013.544100          nan          nan      91.6613
2013.546900          nan          nan     106.7975
2013.549600          nan          nan      96.0985
2013.552400          nan          nan      92.5561
2013.555100          nan          nan     127.6481
2013.557800          nan          nan      92.0262
2013.560600          nan          nan     103.8005
2013.563300          nan          nan      85.2268
2013.566100          nan          nan     105.8347
2013.568800          nan          nan     126.4796
2013.571500          nan          nan      98.9150
2013.574300          nan          nan     103.5793
2013.577000          nan          nan      98.0240
2013.579700          nan          nan     107.9388
2013.582500          nan          nan      84.7299
2013.585200          nan          nan      91.8302
2013.588000          nan          nan      88.1442
2013.590700          nan          nan      98.2841
2013.593400          nan          nan     109.5033
2013.596200          nan          nan      85.4714
2013.598900          nan          nan      91.8690
2013.601600          nan          nan     103.5230
2013.604400          nan          nan     120.2780
2013.607100          nan          nan      86.5467
2013.609900          nan          nan     103.3095
2013.612600          nan          nan     103.3871
2013.615300          nan          nan      92.8531
2013.618100          nan          nan      92.6493
2013.620800          nan          nan      82.5715
2013.623500          nan          nan     105.6309
2013.626300          nan          nan      91.1761
2013.629000          nan          nan      65.8398
2013.631800          nan          nan     137.6948
2013.634500          nan          nan     115.1944
2013.637200          nan          nan      98.8703
2013.640000          nan          nan      97.6630
2013.642700          nan          nan     110.8562
2013.645400          nan          nan     104.5245
2013.648200          nan          nan     102.7970
2013.650900          nan          nan     100.6172
2013.653700          nan          nan     113.8512
2013.656400          nan          nan      92.5561
2013.659100          nan          nan     104.6818
2013.661900          nan          nan     133.6808
2013.664600          nan          nan     105.9628
2013.667400          nan          nan     101.1239
2013.670100          nan          nan      95.1843
2013.672800          nan          nan     105.1826
2013.675600          nan          nan     113.9385
2013.678300          nan          nan      92.5057
2013.681000          nan          nan      98.8373
2013.683800          nan          nan     105.6756
2013.686500          nan          nan      93.7441
2013.689300          nan          nan      90.8383
2013.692000          nan          nan      98.4161
2013.694700          nan          nan     102.9601
2013.697500          nan          nan      91.3449
2013.700200          nan          nan      97.4631
2013.702900          nan          nan     106.5685
2013.705700          nan          nan     109.7440
2013.708400          nan          nan     117.3451
2013.711200          nan          nan      82.7714
2013.713900          nan          nan      79.1242
2013.716600          nan          nan      91.5002
2013.719400          nan          nan      93.8993
2013.722100          nan          nan      95.3299
2013.724800          nan          nan      92.3329
2013.727600          nan          nan      89.6757
2013.730300          nan          nan     106.7897
2013.733100          nan          nan     104.9128
2013.735800          nan          nan      95.9510
2013.738500          nan          nan      80.5334
2013.741300          nan          nan      76.4669
2013.744000          nan          nan      84.5436
2013.746700          nan          nan      98.0396
2013.749500          nan          nan     100.7162
2013.752200          nan          nan     101.5955
2013.755000          nan          nan     107.9078
2013.757700          nan          nan      77.9829
2013.760400          nan          nan      95.2716
2013.763200          nan          nan      95.1727
2013.765900          nan          nan      89.9940
2013.768700          nan          nan     103.5133
2013.771400          nan          nan      90.3764
2013.774100          nan          nan      93.4471
2013.776900          nan          nan     123.2827
2013.779600          nan          nan     120.7419
2013.782300          nan          nan      96.2829
2013.785100          nan          nan      79.1805
2013.787800          nan          nan      96.2499
2013.790600          nan          nan     105.7940
2013.793300          nan          nan      85.8246
2013.796000          nan          nan      70.6904
2013.798800          nan          nan      80.5256
2013.801500          nan          nan      92.2495
2013.804200          nan          nan      84.9764
2013.807000          nan          nan      88.1015
2013.809700          nan          nan      83.6604
2013.812500          nan          nan      87.2086
2013.815200          nan          nan     102.1662
2013.817900          nan          nan      95.6929
2013.820700          nan          nan      90.7432
2013.823400          nan          nan      68.5359
2013.826100          nan          nan      94.9126
2013.828900          nan          nan      86.9019
2013.831600          nan          nan      82.4395
2013.834400          nan          nan      81.1914
2013.837100          nan          nan      88.2063
2013.839800          nan          nan      99.5749
2013.842600          nan          nan      81.6728
2013.845300          nan          nan      88.9827
2013.848000          nan          nan      90.9393
2013.850800          nan          nan     108.9190
2013.853500          nan          nan      86.0634
2013.856300          nan          nan      95.1921
2013.859000          nan          nan     101.9527
2013.861700          nan          nan      96.5217
2013.864500          nan          nan     102.3991
2013.867200          nan          nan      93.5383
2013.870000          nan          nan      92.1602
2013.872700          nan          nan      85.0075
2013.875400          nan          nan      91.7021
2013.878200          nan          nan      94.9553
2013.880900          nan          nan      93.4393
2013.883600          nan          nan      92.4242
2013.886400          nan          nan     102.1099
2013.889100          nan          nan      90.0153
2013.891900          nan          nan     105.7765
2013.894600          nan          nan     103.1716
2013.897300          nan          nan      92.6183
2013.900100          nan          nan     103.4026
2013.902800          nan          nan     112.8613
2013.905500          nan          nan     100.7725
2013.908300          nan          nan      98.0687
2013.911000          nan          nan     100.4406
2013.913000          nan          nan     105.3026
2013.913800          nan          nan     106.2540
2013.916500          nan          nan     104.9496
2013.919200          nan          nan      99.5924
2013.922000          nan          nan      94.7806
2013.924700          nan          nan     104.1907
2013.927400          nan          nan      98.8567
2013.930200          nan          nan      92.4358
2013.932900          nan          nan      93.8120
2013.935700          nan          nan     108.3251
2013.938400          nan          nan      97.9794
2013.941100          nan          nan     100.2135
2013.943900          nan          nan     105.3592
2013.946600          nan          nan      94.5554
2013.949300          nan          nan     103.5094
2013.952100          nan          nan     100.3319
2013.954800          nan          nan     100.9045
2013.957600          nan          nan     118.3350
2013.960300          nan          nan     104.6410
2013.963000          nan          nan     104.7982
2013.965800          nan          nan     110.6446
2013.968500          nan          nan     105.9085
2013.971300          nan          nan      98.0512
2013.974000          nan          nan      97.0574
2013.976700          nan          nan      92.6901
2013.979500          nan          nan      93.1385
2013.982200          nan          nan     102.1545
2013.984900          nan          nan      99.7321
2013.987700          nan          nan     107.7389
2013.990400          nan          nan     110.4699
2013.993200          nan          nan     102.9756
2013.995900          nan          nan     103.9384
2013.998600          nan          nan      94.3108
2014.001400          nan          nan     105.5358
2014.004100          nan          nan     117.1878
2014.006800          nan          nan      98.6879
2014.009600          nan          nan      98.9848
2014.012300          nan          nan     100.9045
2014.015100          nan          nan      99.3828
2014.017800          nan          nan      94.9688
2014.020500          nan          nan     103.1212
2014.023300          nan          nan      91.7079
2014.026000          nan          nan      87.0300
2014.028700          nan          nan     107.5176
2014.031500          nan          nan      91.9835
2014.034200          nan          nan     105.2932
2014.037000          nan          nan      85.8305
2014.039700          nan          nan      89.6601
2014.042400          nan          nan      94.0255
2014.045200          nan          nan      96.4848
2014.047900          nan          nan      94.1148
2014.050700          nan          nan      99.4157
2014.053400          nan          nan      96.5857
2014.056100          nan          nan     104.0665
2014.058900          nan          nan     105.8095
2014.061600          nan          nan      95.6113
2014.064300          nan          nan     109.3092
2014.067100          nan          nan      99.6739
2014.069800          nan          nan     108.1019
2014.072600          nan          nan      94.9475
2014.075300          nan          nan     102.3816
2014.078000          nan          nan     104.1693
2014.080800          nan          nan     101.3995
2014.083500          nan          nan     111.7297
2014.086200          nan          nan      98.8626
2014.089000          nan          nan     102.0575
2014.091700          nan          nan     101.3121
2014.094500          nan          nan      94.8737
2014.097200          nan          nan      99.9592
2014.099900          nan          nan      96.1762
2014.102700          nan          nan      93.9770
2014.105400          nan          nan      82.2531
2014.108100          nan          nan      89.1030
2014.110900          nan          nan      91.6633
2014.113600          nan          nan      94.1342
2014.116400          nan          nan      93.7130
2014.119100          nan          nan     100.9298
2014.121800          nan          nan      81.4942
2014.124600          nan          nan      98.2259
2014.127300          nan          nan      98.4239
2014.130000          nan          nan     103.5870
2014.132800          nan          nan     106.5607
2014.135500          nan          nan      83.0917
2014.138300          nan          nan      98.0861
2014.141000          nan          nan      87.3425
2014.143700          nan          nan      91.3546
2014.146500          nan          nan      89.8833
2014.149200          nan          nan      88.0064
2014.152000          nan          nan      94.8388
2014.154700          nan          nan      95.2115
2014.157400          nan          nan     110.0778
2014.160200          nan          nan     121.4542
2014.162900          nan          nan      92.5251
2014.165600          nan          nan      97.0982
2014.168400          nan          nan      88.4994
2014.171100          nan          nan      96.6595
2014.173900          nan          nan     110.0953
2014.176600          nan          nan      96.9817
2014.179300          nan          nan      91.7758
2014.182100          nan          nan     106.2734
2014.184800          nan          nan     102.0750
2014.187500          nan          nan      93.3986
2014.190300          nan          nan      94.2914
2014.193000          nan          nan      90.8480
2014.195800          nan          nan     106.9955
2014.198500          nan          nan      97.4475
2014.201200          nan          nan     101.5412
2014.204000          nan          nan      85.6150
2014.206700          nan          nan      91.1916
2014.209400          nan          nan      99.7127
2014.212200          nan          nan      92.0651
2014.214900          nan          nan     102.6379
2014.217700          nan          nan      98.8140
2014.220400          nan          nan      94.3574
2014.223100          nan          nan      99.7166
2014.225900          nan          nan     108.2300
2014.228600          nan          nan      99.0819
2014.231300          nan          nan     101.6441
2014.234100          nan          nan     103.3230
2014.236800          nan          nan     117.2364
2014.239600          nan          nan      91.1567
2014.242300          nan          nan     116.2503
2014.245000          nan          nan     116.7259
2014.247800          nan          nan      95.8695
2014.250500          nan          nan      97.3524
2014.253300          nan          nan      93.9809
2014.256000          nan          nan     116.1669
2014.258700          nan          nan     110.7028
2014.261500          nan          nan      97.8862
2014.264200          nan          nan     101.1064
2014.266900          nan          nan      98.8121
2014.269700          nan          nan     106.5471
2014.272400          nan          nan      99.7554
2014.275200          nan          nan     112.9739
2014.277900          nan          nan      99.1712
2014.280600          nan          nan      96.8963
2014.283400          nan          nan      97.4670
2014.286100          nan          nan      98.4355
2014.288800          nan          nan     111.6151
2014.291600          nan          nan     104.5110
2014.294300          nan          nan      96.9953
2014.297100          nan          nan     101.3141
2014.299800          nan          nan     106.2521
2014.302500          nan          nan     108.0727
2014.305300          nan          nan     100.5513
2014.308000          nan          nan      98.5481
2014.310700          nan          nan      98.7383
2014.313500          nan          nan      98.9810
2014.316200          nan          nan      96.4110
2014.319000          nan          nan     115.0546
2014.321700          nan          nan     101.0753
2014.324400          nan          nan     115.2080
2014.327200          nan          nan     127.1550
2014.329900          nan          nan     118.4573
2014.332600          nan          nan     104.0024
2014.335400          nan          nan     126.2447
2014.338100          nan          nan     106.2016
2014.340900          nan          nan     110.4699
2014.343600          nan          nan     109.6372
2014.346300          nan          nan     124.3483
2014.349100          nan          nan     130.5557
2014.351800          nan          nan     130.0025
2014.354600          nan          nan     121.9608
2014.357300          nan          nan     121.4562
2014.360000          nan          nan     137.4949
2014.362800          nan          nan     149.5448
2014.365500          nan          nan     134.7270
2014.368200          nan          nan     122.6499
2014.371000          nan          nan     125.3984
2014.373700          nan          nan     127.2230
2014.376500          nan          nan      98.8004
2014.379200          nan          nan     115.1789
2014.381900          nan          nan     126.6989
2014.384700          nan          nan     131.6330
2014.387400          nan          nan     123.7776
2014.390100          nan          nan     130.9439
2014.392900          nan          nan     128.7971
2014.395600          nan          nan     131.8349
2014.398400          nan          nan     129.9967
2014.401100          nan          nan     123.8611
2014.403800          nan          nan     122.5664
2014.406600          nan          nan     121.2097
2014.409300          nan          nan     133.2285
2014.412000          nan          nan     117.4324
2014.414800          nan          nan     127.1104
2014.417500          nan          nan     125.3460
2014.420300          nan          nan     117.7449
2014.423000          nan          nan     128.9757
2014.425700          nan          nan     101.9857
2014.428500          nan          nan     132.4987
2014.431200          nan          nan     118.2845
2014.433900          nan          nan      96.2150
2014.436700          nan          nan     127.1822
2014.439400          nan          nan     154.3392
2014.442200          nan          nan     133.4828
2014.444900          nan          nan     127.5588
2014.447600          nan          nan     146.6313
2014.450400          nan          nan     138.0927
2014.453100          nan          nan     135.1695
2014.455900          nan          nan     119.4220
2014.458600          nan          nan     146.8681
2014.461300          nan          nan     127.7917
2014.464100          nan          nan     122.4791
2014.466800          nan          nan     118.7310
2014.469500          nan          nan     119.8606
2014.472300          nan          nan     131.0041
2014.475000          nan          nan     132.4133
2014.477800          nan          nan     143.2908
2014.480500          nan          nan     130.6023
2014.483200          nan          nan     110.6097
2014.486000          nan          nan     129.3950
2014.488700          nan          nan     124.7947
2014.491400          nan          nan     146.9633
2014.494200          nan          nan     127.7587
2014.496900          nan          nan     123.5699
2014.499700          nan          nan     143.5665
2014.502400          nan          nan     132.1066
2014.505100          nan          nan     144.4787
2014.507900          nan          nan     133.9583
2014.510600          nan          nan     140.3346
2014.513300          nan          nan     136.3361
2014.516100          nan          nan     130.8624
2014.518800          nan          nan     145.0378
2014.521600          nan          nan     153.2483
2014.524300          nan          nan     157.4662
2014.527000          nan          nan     176.3602
2014.529800          nan          nan     138.6013
2014.532500          nan          nan     139.8222
2014.535200          nan          nan     131.5612
2014.538000          nan          nan     122.7334
2014.540700          nan          nan     115.2157
2014.543500          nan          nan     151.8003
2014.546200          nan          nan     139.0924
2014.548900          nan          nan     135.9363
2014.551700          nan          nan     133.8613
2014.554400          nan          nan     138.2519
2014.557200          nan          nan     153.1260
2014.559900          nan          nan     141.0043
2014.562600          nan          nan     128.7214
2014.565400          nan          nan     173.9475
2014.568100          nan          nan     228.3624
2014.570800          nan          nan     145.0902
2014.573600          nan          nan     141.1635
2014.576300          nan          nan     167.5557
2014.579100          nan          nan     150.9579
2014.581800          nan          nan     162.0722
2014.584500          nan          nan     149.1547
2014.587300          nan          nan     154.4188
2014.590000          nan          nan     147.1671
2014.592700          nan          nan     161.0998
2014.595500          nan          nan     170.5060
2014.598200          nan          nan     127.1803
2014.601000          nan          nan     146.2742
2014.603700          nan          nan     146.0063
2014.606400          nan          nan     154.3993
2014.609200          nan          nan     180.8343
2014.611900          nan          nan     145.5909
2014.614600          nan          nan     134.7678
2014.617400          nan          nan     146.1694
2014.620100          nan          nan     174.8074
2014.622900          nan          nan     158.1669
2014.625600          nan          nan     153.8578
2014.628300          nan          nan     139.3117
2014.631100          nan          nan     157.2798
2014.633800          nan          nan     161.5753
2014.636600          nan          nan     139.4670
2014.639300          nan          nan     154.6769
2014.642000          nan          nan     147.4330
2014.644800          nan          nan     144.8184
2014.647500          nan          nan     135.4821
2014.650200          nan          nan     127.3666
2014.653000          nan          nan     132.6152
2014.655700          nan          nan     132.2483
2014.658500          nan          nan     128.4109
2014.661200          nan          nan     138.1354
2014.663900          nan          nan     131.7533
2014.666700          nan          nan     130.0724
2014.669400          nan          nan     121.5416
2014.672100          nan          nan     139.0361
2014.674900          nan          nan     138.5295
2014.677600          nan          nan     128.2284
2014.680400          nan          nan     138.4771
2014.683100          nan          nan     129.3678
2014.685800          nan          nan     133.8438
2014.688600          nan          nan     147.1748
2014.691300          nan          nan     128.0828
2014.694000          nan          nan     139.7329
2014.696800          nan          nan     138.0209
2014.699500          nan          nan     127.8654
2014.702300          nan          nan     135.0395
2014.705000          nan          nan     140.4259
2014.707700          nan          nan     129.0864
2014.710500          nan          nan     140.3346
2014.713200          nan          nan     149.1197
2014.715900          nan          nan     109.9264
2014.718700          nan          nan     134.6222
2014.721400          nan          nan     126.2020
2014.724200          nan          nan     137.7531
2014.726900          nan          nan     139.6456
2014.729600          nan          nan     132.7238
2014.732400          nan          nan     133.5934
2014.735100          nan          nan     123.4981
2014.737900          nan          nan     115.6195
2014.740600          nan          nan     130.3228
2014.743300          nan          nan     128.2090
2014.746100          nan          nan     132.1338
2014.748800          nan          nan     130.3150
2014.751500          nan          nan     138.7352
2014.754300          nan          nan     157.3808
2014.757000          nan          nan     129.0398
2014.759800          nan          nan     140.8451
2014.762500          nan          nan     141.0451
2014.765200          nan          nan     135.2382
2014.768000          nan          nan     129.1058
2014.770700          nan          nan     133.8982
2014.773400          nan          nan     151.7925
2014.776200          nan          nan     118.3680
2014.778900          nan          nan     127.3802
2014.781700          nan          nan     139.4631
2014.784400          nan          nan     136.8311
2014.787100          nan          nan     121.5998
2014.789900          nan          nan     119.6219
2014.792600          nan          nan     138.7488
2014.795300          nan          nan     136.2631
2014.798100          nan          nan     133.6381
2014.800800          nan          nan     138.0869
2014.803600          nan          nan     137.5104
2014.806300          nan          nan     131.6116
2014.809000          nan          nan     131.7786
2014.811800          nan          nan     128.0770
2014.814500          nan          nan     128.8457
2014.817200          nan          nan     143.7334
2014.820000          nan          nan     154.7973
2014.822700          nan          nan     125.1014
2014.825500          nan          nan     139.2748
2014.828200          nan          nan     127.6189
2014.830900          nan          nan     142.7085
2014.833700          nan          nan     148.2463
2014.836400          nan          nan     150.4668
2014.839200          nan          nan     145.6666
2014.841900          nan          nan     135.2977
2014.844600          nan          nan     126.4757
2014.847400          nan          nan     148.4773
2014.850100          nan          nan     143.1511
2014.852800          nan          nan     145.5463
2014.855600          nan          nan     152.5301
2014.858300          nan          nan     147.3534
2014.861100          nan          nan     137.5163
2014.863800          nan          nan     153.1163
2014.866500          nan          nan     140.7811
2014.869300          nan          nan     143.0657
2014.872000          nan          nan     155.1039
2014.874700          nan          nan     147.0060
2014.877500          nan          nan     145.3406
2014.880200          nan          nan     142.6794
2014.883000          nan          nan     137.6444
2014.885700          nan          nan     139.8009
2014.888400          nan          nan     132.1842
2014.891200          nan          nan     146.7148
2014.893900          nan          nan     127.1744
2014.896600          nan          nan     145.2901
2014.899400          nan          nan     134.4669
2014.902100          nan          nan     146.4547
2014.904900          nan          nan     132.4870
2014.907600          nan          nan     147.0681
2014.910300          nan          nan     141.1227
2014.913100          nan          nan     147.3961
2014.915800          nan          nan     159.1258
2014.918500          nan          nan     140.4336
2014.921300          nan          nan     143.6247
2014.924000          nan          nan     154.5158
2014.926800          nan          nan     151.8042
2014.929500          nan          nan     135.5189
2014.932200          nan          nan     145.0591
2014.935000          nan          nan     141.7399
2014.937700          nan          nan     143.9508
2014.940500          nan          nan     145.4609
2014.943200          nan          nan     150.7521
2014.945900          nan          nan     135.3093
2014.948700          nan          nan     130.5324
2014.951400          nan          nan     146.7362
2014.954100          nan          nan     138.4596
2014.956900          nan          nan     147.7940
2014.959600          nan          nan     143.3180
2014.962400          nan          nan     152.7592
2014.965100          nan          nan     137.6851
2014.967800          nan          nan     159.1005
2014.970600          nan          nan     130.6004
2014.973300          nan          nan     137.9491
2014.976000          nan          nan     145.3716
2014.978800          nan          nan     148.8169
2014.981500          nan          nan     138.9779
2014.984300          nan          nan     143.4325
2014.987000          nan          nan     142.8172
2014.989700          nan          nan     146.7730
2014.992500          nan          nan     149.3274
2014.995200          nan          nan     148.2366
2014.997900          nan          nan     138.6653
2015.000700          nan          nan     144.9465
2015.003400          nan          nan     136.0780
2015.006200          nan          nan     133.3333
2015.008900          nan          nan     131.0060
2015.011600          nan          nan     151.4839
2015.014400          nan          nan     152.0371
2015.017100          nan          nan     152.1225
2015.019800          nan          nan     141.9108
2015.022600          nan          nan     145.7307
2015.025300          nan          nan     132.2075
2015.028100          nan          nan     144.1041
2015.030800          nan          nan     145.0882
2015.033500          nan          nan     145.3076
2015.036300          nan          nan     140.7364
2015.039000          nan          nan     145.4085
2015.041800          nan          nan     147.4272
2015.044500          nan          nan     154.3508
2015.047200          nan          nan     147.5766
2015.050000          nan          nan     150.2727
2015.052700          nan          nan     154.0441
2015.055400          nan          nan     148.3860
2015.058200          nan          nan     145.9423
2015.060900          nan          nan     164.4364
2015.063700          nan          nan     148.8791
2015.066400          nan          nan     144.4108
2015.069100          nan          nan     152.0488
2015.071900          nan          nan     156.5539
2015.074600          nan          nan     136.7709
2015.077300          nan          nan     139.0846
2015.080100          nan          nan     152.8291
2015.082800          nan          nan     149.4303
2015.085600          nan          nan     152.7825
2015.088300          nan          nan     153.0018
2015.091000          nan          nan     135.9091
2015.093800          nan          nan     137.2697
2015.096500          nan          nan     143.2151
2015.099200          nan          nan     157.3012
2015.102000          nan          nan     139.6863
2015.104700          nan          nan     140.5326
2015.107500          nan          nan     148.4326
2015.110200          nan          nan     148.2230
2015.112900          nan          nan     144.9271
2015.115700          nan          nan     139.5097
2015.118400          nan          nan     148.1822
2015.121100          nan          nan     146.9167
2015.123900          nan          nan     161.8878
2015.126600          nan          nan     161.1270
2015.129400          nan          nan     150.6764
2015.132100          nan          nan     144.7311
2015.134800          nan          nan     130.9924
2015.137600          nan          nan     129.5425
2015.140300          nan          nan     138.0869
2015.143100          nan          nan     139.3350
2015.145800          nan          nan     172.6742
2015.148500          nan          nan     147.7067
2015.151300          nan          nan     129.5211
2015.154000          nan          nan     142.8308
2015.156700          nan          nan     151.0142
2015.159500          nan          nan     144.1856
2015.162200          nan          nan     153.2580
2015.165000          nan          nan     145.7598
2015.167700          nan          nan     145.9209
2015.170400          nan          nan     152.1478
2015.173200          nan          nan     138.7624
2015.175900          nan          nan     133.8225
2015.178600          nan          nan     140.6782
2015.181400          nan          nan     125.8099
2015.184100          nan          nan     141.3517
2015.186900          nan          nan     155.6047
2015.189600          nan          nan     148.8538
2015.192300          nan          nan     150.5212
2015.195100          nan          nan     145.1930
2015.197800          nan          nan     142.2543
2015.200500          nan          nan     141.4837
2015.203300          nan          nan     143.2112
2015.206000          nan          nan     148.0561
2015.208800          nan          nan     145.3561
2015.211500          nan          nan     151.1287
2015.214200          nan          nan     146.0005
2015.217000          nan          nan     143.8770
2015.219700          nan          nan     153.4929
2015.222500          nan          nan     142.8754
2015.225200          nan          nan     145.4415
2015.227900          nan          nan     148.2133
2015.230700          nan          nan     152.1109
2015.233400          nan          nan     146.2994
2015.236100          nan          nan     135.9925
2015.238900          nan          nan     155.7522
2015.241600          nan          nan     138.8692
2015.244400          nan          nan     162.6254
2015.247100          nan          nan     153.4172
2015.249800          nan          nan     159.6673
2015.252600          nan          nan     168.1127
2015.255300          nan          nan     149.7816
2015.258000          nan          nan     141.6196
2015.260800          nan          nan     160.0594
2015.263500          nan          nan     148.1123
2015.266300          nan          nan     140.2123
2015.269000          nan          nan     141.7380
2015.271700          nan          nan     148.0483
2015.274500          nan          nan     144.0401
2015.277200          nan          nan     141.7594
2015.279900          nan          nan     166.8355
2015.282700          nan          nan     163.2660
2015.285400          nan          nan     152.3089
2015.288200          nan          nan     164.4966
2015.290900          nan          nan     152.0662
2015.293600          nan          nan     154.3198
2015.296400          nan          nan     147.1438
2015.299100          nan          nan     172.8624
2015.301800          nan          nan     165.4885
2015.304600          nan          nan     165.7660
2015.307300          nan          nan     152.7223
2015.310100          nan          nan     156.5752
2015.312800          nan          nan     156.4957
2015.315500          nan          nan     165.3468
2015.318300          nan          nan     169.5918
2015.321000          nan          nan     156.4685
2015.323800          nan          nan     165.0129
2015.326500          nan          nan     159.4189
2015.329200          nan          nan     157.9611
2015.332000          nan          nan     151.9148
2015.334700          nan          nan     155.8066
2015.337400          nan          nan     180.8711
2015.340200          nan          nan     169.2890
2015.342900          nan          nan     176.9638
2015.345700          nan          nan     162.5323
2015.348400          nan          nan     166.6240
2015.351100          nan          nan     168.2874
2015.353900          nan          nan     156.3113
2015.356600          nan          nan     171.2009
2015.359300          nan          nan     182.3541
2015.362100          nan          nan     146.4896
2015.364800          nan          nan     171.5542
2015.367600          nan          nan     191.3255
2015.370300          nan          nan     162.5420
2015.373000          nan          nan     163.6484
2015.375800          nan          nan     157.6409
2015.378500          nan          nan     159.6304
2015.381200          nan          nan     165.9077
2015.384000          nan          nan     165.1604
2015.386700          nan          nan     163.3572
2015.389500          nan          nan     172.7634
2015.392200          nan          nan     167.3227
2015.394900          nan          nan     164.5548
2015.397700          nan          nan     166.4066
2015.400400          nan          nan     181.2574
2015.403100          nan          nan     150.5425
2015.405900          nan          nan     173.9863
2015.408600          nan          nan     180.4266
2015.411400          nan          nan     186.0673
2015.414100          nan          nan     167.1519
2015.416800          nan          nan     180.4732
2015.419600          nan          nan     186.1352
2015.422300          nan          nan     178.2740
2015.425100          nan          nan     177.5015
2015.427800          nan          nan     162.7846
2015.430500          nan          nan     160.8610
2015.433300          nan          nan     159.4616
2015.436000          nan          nan     165.9194
2015.438700          nan          nan     153.8267
2015.441500          nan          nan     170.6419
2015.444200          nan          nan     188.3616
2015.447000          nan          nan     191.7953
2015.449700          nan          nan     184.0467
2015.452400          nan          nan     200.1495
2015.455200          nan          nan     190.0833
2015.457900          nan          nan     170.9311
2015.460600          nan          nan     177.2608
2015.463400          nan          nan     167.7032
2015.466100          nan          nan     181.3816
2015.468900          nan          nan     182.9170
2015.471600          nan          nan     185.0230
2015.474300          nan          nan     180.1976
2015.477100          nan          nan     171.4164
2015.479800          nan          nan     182.3347
2015.482500          nan          nan     169.5627
2015.485300          nan          nan     194.0643
2015.488000          nan          nan     168.9299
2015.490800          nan          nan     174.9296
2015.493500          nan          nan     188.5207
2015.496200          nan          nan     198.8160
2015.499000          nan          nan     198.7344
2015.501700          nan          nan     178.8563
2015.504400          nan          nan     173.1711
2015.507200          nan          nan     182.5851
2015.509900          nan          nan     177.6723
2015.512700          nan          nan     167.7789
2015.515400          nan          nan     183.6701
2015.518100          nan          nan     168.9338
2015.520900          nan          nan     177.0589
2015.523600          nan          nan     179.0718
2015.526400          nan          nan     196.9332
2015.529100          nan          nan     190.2910
2015.531800          nan          nan     211.2735
2015.534600          nan          nan     199.6021
2015.537300          nan          nan     192.3523
2015.540000          nan          nan     191.0790
2015.542800          nan          nan     182.0804
2015.545500          nan          nan     173.2933
2015.548300          nan          nan     177.3618
2015.551000          nan          nan     185.2249
2015.553700          nan          nan     190.4773
2015.556500          nan          nan     195.2212
2015.559200          nan          nan     198.1774
2015.561900          nan          nan     209.7886
2015.564700          nan          nan     164.0832
2015.567400          nan          nan     180.9527
2015.570200          nan          nan     189.3496
2015.572900          nan          nan     176.4048
2015.575600          nan          nan     207.0731
2015.578400          nan          nan     205.1243
2015.581100          nan          nan     173.7864
2015.583800          nan          nan     179.0077
2015.586600          nan          nan     205.3281
2015.589300          nan          nan     187.1970
2015.592100          nan          nan     208.9540
2015.594800          nan          nan     166.1542
2015.597500          nan          nan     185.0308
2015.600300          nan          nan     183.6119
2015.603000          nan          nan     186.6768
2015.605700          nan          nan     185.9993
2015.608500          nan          nan     199.1246
2015.611200          nan          nan     201.8168
2015.614000          nan          nan     203.3832
2015.616700          nan          nan     198.7344
2015.619400          nan          nan     185.2676
2015.622200          nan          nan     183.0956
2015.624900          nan          nan     187.9481
2015.627700          nan          nan     191.6342
2015.630400          nan          nan     170.1702
2015.633100          nan          nan     162.8118
2015.635900          nan          nan     175.2402
2015.638600          nan          nan     182.4725
2015.641300          nan          nan     162.2838
2015.644100          nan          nan     176.4669
2015.646800          nan          nan     185.8751
2015.649600          nan          nan     190.1163
2015.652300          nan          nan     172.9381
2015.655000          nan          nan     187.7676
2015.657800          nan          nan     180.1918
2015.660500          nan          nan     174.4929
2015.663200          nan          nan     174.0562
2015.666000          nan          nan     181.9756
2015.668700          nan          nan     178.9922
2015.671500          nan          nan     189.4951
2015.674200          nan          nan     216.3202
2015.676900          nan          nan     174.0212
2015.679700          nan          nan     186.5254
2015.682400          nan          nan     179.7822
2015.685100          nan          nan     175.9506
2015.687900          nan          nan     180.6829
2015.690600          nan          nan     162.7031
2015.693400          nan          nan     171.7153
2015.696100          nan          nan     186.3778
2015.698800          nan          nan     182.0688
2015.701600          nan          nan     151.9925
2015.704300          nan          nan     166.5327
2015.707000          nan          nan     160.2011
2015.709800          nan          nan     170.2789
2015.712500          nan          nan     186.9330
2015.715300          nan          nan     169.5549
2015.718000          nan          nan     156.7616
2015.720700          nan          nan     171.2630
2015.723500          nan          nan     163.8638
2015.726200          nan          nan     170.5332
2015.729000          nan          nan     181.2652
2015.731700          nan          nan     178.5749
2015.734400          nan          nan     172.1365
2015.737200          nan          nan     163.1340
2015.739900          nan          nan     183.7147
2015.742600          nan          nan     173.7844
2015.745400          nan          nan     170.5041
2015.748100          nan          nan     171.6551
2015.750900          nan          nan     195.1571
2015.753600          nan          nan     182.8840
2015.756300          nan          nan     169.8228
2015.759100          nan          nan     165.6729
2015.761800          nan          nan     178.0993
2015.764500          nan          nan     199.4623
2015.767300          nan          nan     174.2464
2015.770000          nan          nan     193.5150
2015.772800          nan          nan     164.1297
2015.775500          nan          nan     206.7490
2015.778200          nan          nan     179.1067
2015.781000          nan          nan     186.0770
2015.783700          nan          nan     181.9523
2015.786400          nan          nan     171.1563
2015.789200          nan          nan     174.4289
2015.791900          nan          nan     178.3517
2015.794700          nan          nan     176.4165
2015.797400          nan          nan     182.2376
2015.800100          nan          nan     167.3247
2015.802900          nan          nan     179.8909
2015.805600          nan          nan     165.1779
2015.808400          nan          nan     184.8852
2015.811100          nan          nan     189.7009
2015.813800          nan          nan     195.4386
2015.816600          nan          nan     180.2422
2015.819300          nan          nan     205.4038
2015.822000          nan          nan     174.9161
2015.824800          nan          nan     183.3285
2015.827500          nan          nan     172.3539
2015.830300          nan          nan     165.3196
2015.833000          nan          nan     172.3675
2015.835700          nan          nan     176.5659
2015.838500          nan          nan     174.8947
2015.841200          nan          nan     172.0200
2015.843900          nan          nan     166.4434
2015.846700          nan          nan     168.8057
2015.849400          nan          nan     176.7464
2015.852200          nan          nan     187.4221
2015.854900          nan          nan     184.4737
2015.857600          nan          nan     165.7233
2015.860400          nan          nan     168.0254
2015.863100          nan          nan     159.5334
2015.865800          nan          nan     170.8302
2015.868600          nan          nan     177.0221
2015.871300          nan          nan     187.0747
2015.874100          nan          nan     174.7258
2015.876800          nan          nan     180.1297
2015.879500          nan          nan     175.7604
2015.882300          nan          nan     176.0224
2015.885000          nan          nan     167.7304
2015.887700          nan          nan     172.2665
2015.890500          nan          nan     166.3580
2015.893200          nan          nan     176.5310
2015.896000          nan          nan     184.3689
2015.898700          nan          nan     175.8633
2015.901400          nan          nan     196.3489
2015.904200          nan          nan     178.8428
2015.906900          nan          nan     174.4017
2015.909700          nan          nan     169.6287
2015.912400          nan          nan     179.1223
2015.915100          nan          nan     168.3767
2015.917900          nan          nan     185.2093
2015.920600          nan          nan     191.7001
2015.923300          nan          nan     188.1345
2015.926100          nan          nan     196.1995
2015.928800          nan          nan     182.0493
2015.931600          nan          nan     175.0228
2015.934300          nan          nan     181.2166
2015.937000          nan          nan     171.8997
2015.939800          nan          nan     190.7044
2015.942500          nan          nan     194.0352
2015.945200          nan          nan     175.8555
2015.948000          nan          nan     178.8136
2015.950700          nan          nan     174.0193
2015.953500          nan          nan     200.0835
2015.956200          nan          nan     197.6009
2015.958900          nan          nan     174.3318
2015.961700          nan          nan     186.5331
2015.964400          nan          nan     178.2896
2015.967100          nan          nan     173.6350
2015.969900          nan          nan     168.9804
2015.972600          nan          nan     174.4696
2015.975400          nan          nan     176.4145
2015.978100          nan          nan     181.0866
2015.980800          nan          nan     202.3972
2015.983600          nan          nan     186.7777
2015.986300          nan          nan     206.7839
2015.989000          nan          nan     190.5472
2015.991800          nan          nan     176.6572
2015.994500          nan          nan     176.3349
2015.997300          nan          nan     185.2986
2016.000000          nan          nan     182.6200
2016.002700          nan          nan     184.3883
2016.005500          nan          nan     176.7134
2016.008200          nan          nan     199.1984
2016.011000          nan          nan     177.2336
2016.013700          nan          nan     184.3048
2016.016400          nan          nan     199.9340
2016.019200          nan          nan     180.9216
2016.021900          nan          nan     175.7080
2016.024600          nan          nan     189.3554
2016.027400          nan          nan     183.8060
2016.030100          nan          nan     178.6642
2016.032900          nan          nan     193.4354
2016.035600          nan          nan     188.8138
2016.038300          nan          nan     187.2610
2016.041100          nan          nan     182.5540
2016.043800          nan          nan     181.9329
2016.046500          nan          nan     171.2921
2016.049300          nan          nan     180.4577
2016.052000          nan          nan     179.8948
2016.054800          nan          nan     205.6581
2016.057500          nan          nan     196.0539
2016.060200          nan          nan     184.9978
2016.063000          nan          nan     191.4692
2016.065700          nan          nan     187.6745
2016.068400          nan          nan     194.9786
2016.071200          nan          nan     228.0382
2016.073900          nan          nan     206.0211
2016.076700          nan          nan     172.1675
2016.079400          nan          nan     179.0563
2016.082100          nan          nan     174.1785
2016.084900          nan          nan     185.2676
2016.087600          nan          nan     180.6227
2016.090300          nan          nan     186.3410
2016.093100          nan          nan     191.0169
2016.095800          nan          nan     195.4153
2016.098600          nan          nan     190.0483
2016.101300          nan          nan     184.2912
2016.104000          nan          nan     192.5639
2016.106800          nan          nan     190.6928
2016.109500          nan          nan     191.0790
2016.112300          nan          nan     181.9853
2016.115000          nan          nan     193.2976
2016.117700          nan          nan     201.3160
2016.120500          nan          nan     205.2893
2016.123200          nan          nan     208.2067
2016.125900          nan          nan     197.1350
2016.128700          nan          nan     182.4608
2016.131400          nan          nan     197.1292
2016.134200          nan          nan     193.0084
2016.136900          nan          nan     196.3819
2016.139600          nan          nan     197.6125
2016.142400          nan          nan     179.7900
2016.145100          nan          nan     197.8299
2016.147800          nan          nan     180.6091
2016.150600          nan          nan     186.6709
2016.153300          nan          nan     184.9881
2016.156100          nan          nan     164.9954
2016.158800          nan          nan     171.1699
2016.161500          nan          nan     186.3429
2016.164300          nan          nan     186.8437
2016.167000          nan          nan     177.0842
2016.169700          nan          nan     179.4095
2016.172500          nan          nan     179.1572
2016.175200          nan          nan     167.4470
2016.178000          nan          nan     185.4694
2016.180700          nan          nan     188.2742
2016.183400          nan          nan     199.8680
2016.186200          nan          nan     188.0277
2016.188900          nan          nan     182.8529
2016.191600          nan          nan     186.8728
2016.194400          nan          nan     178.5594
2016.197100          nan          nan     187.0164
2016.199900          nan          nan     183.3751
2016.202600          nan          nan     189.9066
2016.205300          nan          nan     191.6769
2016.208100          nan          nan     187.5192
2016.210800          nan          nan     201.6382
2016.213600          nan          nan     190.7840
2016.216300          nan          nan     189.2234
2016.219000          nan          nan     182.7326
2016.221800          nan          nan     174.3784
2016.224500          nan          nan     172.8081
2016.227200          nan          nan     186.4574
2016.230000          nan          nan     183.1460
2016.232700          nan          nan     183.6526
2016.235500          nan          nan     184.9628
2016.238200          nan          nan     187.3076
2016.240900          nan          nan     189.2991
2016.243700          nan          nan     180.1471
2016.246400          nan          nan     185.7703
2016.249100          nan          nan     178.3730
2016.251900          nan          nan     194.8233
2016.254600          nan          nan     204.9011
2016.257400          nan          nan     192.6590
2016.260100          nan          nan     190.6908
2016.262800          nan          nan     185.6907
2016.265600          nan          nan     198.5462
2016.268300          nan          nan     195.5220
2016.271000          nan          nan     190.3608
2016.273800          nan          nan     196.5663
2016.276500          nan          nan     203.1969
2016.279300          nan          nan     195.8617
2016.282000          nan          nan     205.4485
2016.284700          nan          nan     199.3187
2016.287500          nan          nan     212.0227
2016.290200          nan          nan     199.3303
2016.293000          nan          nan     220.0198
2016.295700          nan          nan     200.8482
2016.298400          nan          nan     193.1423
2016.301200          nan          nan     206.8150
2016.303900          nan          nan     207.7447
2016.306600          nan          nan     199.2721
2016.309400          nan          nan     205.7746
2016.312100          nan          nan     188.0510
2016.314900          nan          nan     194.4603
2016.317600          nan          nan     202.3545
2016.320300          nan          nan     205.7552
2016.323100          nan          nan     204.2509
2016.325800          nan          nan     189.1341
2016.328500          nan          nan     203.1930
2016.331300          nan          nan     203.4861
2016.334000          nan          nan     209.9711
2016.336800          nan          nan     196.8711
2016.339500          nan          nan     215.1323
2016.342200          nan          nan     201.5645
2016.345000          nan          nan     202.1196
2016.347700          nan          nan     205.7319
2016.350400          nan          nan     205.2563
2016.353200          nan          nan     204.1732
2016.355900          nan          nan     211.9723
2016.358700          nan          nan     207.0673
2016.361400          nan          nan     217.4324
2016.364100          nan          nan     208.5444
2016.366900          nan          nan     199.6603
2016.369600          nan          nan     203.1192
2016.372300          nan          nan     210.9707
2016.375100          nan          nan     205.0486
2016.377800          nan          nan     193.5538
2016.380600          nan          nan     205.8114
2016.383300          nan          nan     206.4792
2016.386000          nan          nan     202.1254
2016.388800          nan          nan     214.5092
2016.391500          nan          nan     202.4787
2016.394300          nan          nan     216.3765
2016.397000          nan          nan     219.3773
2016.399700          nan          nan     240.0202
2016.402500          nan          nan     226.5863
2016.405200          nan          nan     207.3585
2016.407900          nan          nan     224.1037
2016.410700          nan          nan     215.7224
2016.413400          nan          nan     229.0145
2016.416200          nan          nan     222.2927
2016.418900          nan          nan     217.9293
2016.421600          nan          nan     220.1731
2016.424400          nan          nan     234.6688
2016.427100          nan          nan     203.5579
2016.429800          nan          nan     202.4962
2016.432600          nan          nan     206.6791
2016.435300          nan          nan     220.6118
2016.438100          nan          nan     221.0854
2016.440800          nan          nan     216.3027
2016.443500          nan          nan     215.8524
2016.446300          nan          nan     224.9151
2016.449000          nan          nan     228.6846
2016.451700          nan          nan     212.2460
2016.454500          nan          nan     222.1957
2016.457200          nan          nan     212.4517
2016.460000          nan          nan     236.1964
2016.462700          nan          nan     206.6849
2016.465400          nan          nan     219.6258
2016.468200          nan          nan     222.3840
2016.470900          nan          nan     211.7568
2016.473600          nan          nan     229.2979
2016.476400          nan          nan     230.5421
2016.479100          nan          nan     217.6090
2016.481900          nan          nan     301.6382
2016.484600          nan          nan     237.1766
2016.487300          nan          nan     229.5464
2016.490100          nan          nan     219.7112
2016.492800          nan          nan     229.5561
2016.495600          nan          nan     224.6569
2016.498300          nan          nan     235.8198
2016.501000          nan          nan     239.0497
2016.503800          nan          nan     252.3807
2016.506500          nan          nan     209.8934
2016.509200          nan          nan     223.3797
2016.512000          nan          nan     230.5835
2016.514700          nan          nan     235.6163
2016.517500          nan          nan     237.6463
2016.520200          nan          nan     235.4083
2016.522900          nan          nan     245.0805
2016.525700          nan          nan     223.2244
2016.528400          nan          nan     236.2779
2016.531100          nan          nan     248.2016
2016.533900          nan          nan     255.9172
2016.536600          nan          nan     235.8567
2016.539400          nan          nan     240.4647
2016.542100          nan          nan     229.3659
2016.544800          nan          nan     223.9989
2016.547600          nan          nan     215.8912
2016.550300          nan          nan     228.2381
2016.553000          nan          nan     217.7352
2016.555800          nan          nan     219.9383
2016.558500          nan          nan     217.6479
2016.561300          nan          nan     225.0995
2016.564000          nan          nan     220.5478
2016.566700          nan          nan     216.9258
2016.569500          nan          nan     215.0682
2016.572200          nan          nan     238.1219
2016.574900          nan          nan     223.2283
2016.577700          nan          nan     217.7701
2016.580400          nan          nan     229.2630
2016.583200          nan          nan     212.5410
2016.585900          nan          nan     219.3987
2016.588600          nan          nan     220.2488
2016.591400          nan          nan     231.0914
2016.594100          nan          nan     231.3574
2016.596900          nan          nan     231.1768
2016.599600          nan          nan     230.6664
2016.602300          nan          nan     254.1082
2016.605100          nan          nan     256.8120
2016.607800          nan          nan     232.6676
2016.610500          nan          nan     212.9214
2016.613300          nan          nan     222.7567
2016.616000          nan          nan     210.4816
2016.618800          nan          nan     232.7471
2016.621500          nan          nan     255.6125
2016.624200          nan          nan     286.5370
2016.627000          nan          nan     231.7203
2016.629700          nan          nan     228.0790
2016.632400          nan          nan     209.0957
2016.635200          nan          nan     229.5541
2016.637900          nan          nan     239.5543
2016.640700          nan          nan     242.7454
2016.643400          nan          nan     218.0244
2016.646100          nan          nan     222.0132
2016.648900          nan          nan     239.7116
2016.651600          nan          nan     247.7785
2016.654300          nan          nan     228.5565
2016.657100          nan          nan     230.5868
2016.659800          nan          nan     229.7405
2016.662600          nan          nan     240.5676
2016.665300          nan          nan     212.9816
2016.668000          nan          nan     213.5290
2016.670800          nan          nan     210.6039
2016.673500          nan          nan     215.2196
2016.676200          nan          nan     214.5267
2016.679000          nan          nan     206.8460
2016.681700          nan          nan     219.8102
2016.684500          nan          nan     219.6859
2016.687200          nan          nan     235.4005
2016.689900          nan          nan     235.9207
2016.692700          nan          nan     219.8626
2016.695400          nan          nan     214.6567
2016.698200          nan          nan     221.1223
2016.700900          nan          nan     220.6293
2016.703600          nan          nan     224.1231
2016.706400          nan          nan     209.3286
2016.709100          nan          nan     211.8209
2016.711800          nan          nan     228.3934
2016.714600          nan          nan     224.6977
2016.717300          nan          nan     231.8950
2016.720100          nan          nan     229.8298
2016.722800          nan          nan     218.8338
2016.725500          nan          nan     225.7691
2016.728300          nan          nan     220.9961
2016.731000          nan          nan     217.8750
2016.733700          nan          nan     236.3730
2016.736500          nan          nan     222.2170
2016.739200          nan          nan     250.6007
2016.742000          nan          nan     227.3491
2016.744700          nan          nan     224.5793
2016.747400          nan          nan     210.1128
2016.750200          nan          nan     213.7600
2016.752900          nan          nan     226.7959
2016.755600          nan          nan     269.9431
2016.758400          nan          nan     233.7584
2016.761100          nan          nan     245.6725
2016.763900          nan          nan     251.4257
2016.766600          nan          nan     228.6438
2016.769300          nan          nan     240.3113
2016.772100          nan          nan     246.1500
2016.774800          nan          nan     226.9551
2016.777500          nan          nan     231.9630
2016.780300          nan          nan     212.3605
2016.783000          nan          nan     209.9885
2016.785800          nan          nan     214.2841
2016.788500          nan          nan     210.4272
2016.791200          nan          nan     227.6655
2016.794000          nan          nan     238.9876
2016.796700          nan          nan     219.3230
2016.799500          nan          nan     222.9643
2016.802200          nan          nan     229.6764
2016.804900          nan          nan     234.2281
2016.807700          nan          nan     226.2253
2016.810400          nan          nan     230.2684
2016.813100          nan          nan     234.4630
2016.815900          nan          nan     241.2819
2016.818600          nan          nan     254.1645
2016.821400          nan          nan     238.8284
2016.824100          nan          nan     238.0869
2016.826800          nan          nan     224.5327
2016.829600          nan          nan     214.7790
2016.832300          nan          nan     234.8046
2016.835000          nan          nan     237.4658
2016.837800          nan          nan     221.5707
2016.840500          nan          nan     226.7280
2016.843300          nan          nan     220.2353
2016.846000          nan          nan     250.7230
2016.848700          nan          nan     213.2922
2016.851500          nan          nan     217.8633
2016.854200          nan          nan     243.8731
2016.856900          nan          nan     233.8361
2016.859700          nan          nan     218.4146
2016.862400          nan          nan     221.2388
2016.865200          nan          nan     204.7206
2016.867900          nan          nan     218.8629
2016.870600          nan          nan     221.2640
2016.873400          nan          nan     234.6396
2016.876100          nan          nan     231.8892
2016.878900          nan          nan     218.6766
2016.881600          nan          nan     226.4660
2016.884300          nan          nan     227.2928
2016.887100          nan          nan     223.2206
2016.889800          nan          nan     213.4746
2016.892500          nan          nan     220.9282
2016.895300          nan          nan     229.4882
2016.898000          nan          nan     218.5951
2016.900800          nan          nan     213.8745
2016.903500          nan          nan     224.6142
2016.906200          nan          nan     226.2796
2016.909000          nan          nan     221.9492
2016.911700          nan          nan     223.8999
2016.914400          nan          nan     217.8730
2016.917200          nan          nan     234.0593
2016.919900          nan          nan     223.4185
2016.922700          nan          nan     219.8121
2016.925400          nan          nan     230.0064
2016.928100          nan          nan     228.5565
2016.930900          nan          nan     230.7459
2016.933600          nan          nan     227.7781
2016.936300          nan          nan     228.9020
2016.939100          nan          nan     228.0945
2016.941800          nan          nan     232.4987
2016.944600          nan          nan     223.2924
2016.947300          nan          nan     221.2543
2016.950000          nan          nan     228.6865
2016.952800          nan          nan     215.1284
2016.955500          nan          nan     238.5586
2016.958200          nan          nan     222.4073
2016.961000          nan          nan     229.8007
2016.963700          nan          nan     224.5599
2016.966500          nan          nan     220.1460
2016.969200          nan          nan     213.7347
2016.971900          nan          nan     214.1754
2016.974700          nan          nan     236.8272
2016.977400          nan          nan     230.7556
2016.980200          nan          nan     224.5249
2016.982900          nan          nan     224.8141
2016.985600          nan          nan     240.9383
2016.988400          nan          nan     231.5864
2016.991100          nan          nan     223.0808
2016.993800          nan          nan     217.2131
2016.996600          nan          nan     215.4118
2016.999300          nan          nan     229.5017
2017.002100          nan          nan     230.3577
2017.004800          nan          nan     233.2557
2017.007500          nan          nan     229.2766
2017.010300          nan          nan     224.4648
2017.013000          nan          nan     228.6923
2017.015700          nan          nan     236.9980
2017.018500          nan          nan     243.3122
2017.021200          nan          nan     226.7824
2017.024000          nan          nan     247.8620
2017.026700          nan          nan     247.1418
2017.029400          nan          nan     234.8842
2017.032200          nan          nan     237.2154
2017.034900          nan          nan     228.8340
2017.037600          nan          nan     235.1851
2017.040400          nan          nan     240.4530
2017.043100          nan          nan     238.4732
2017.045900          nan          nan     224.3502
2017.048600          nan          nan     224.6822
2017.051300          nan          nan     225.2218
2017.054100          nan          nan     231.9901
2017.056800          nan          nan     233.9506
2017.059500          nan          nan     242.2815
2017.062300          nan          nan     234.4300
2017.065000          nan          nan     226.8697
2017.067800          nan          nan     222.8032
2017.070500          nan          nan     226.2544
2017.073200          nan          nan     225.8041
2017.076000          nan          nan     238.0617
2017.078700          nan          nan     244.1080
2017.081500          nan          nan     233.3935
2017.084200          nan          nan     251.4723
2017.086900          nan          nan     245.4939
2017.089700          nan          nan     246.0898
2017.092400          nan          nan     235.5791
2017.095100          nan          nan     251.6547
2017.097900          nan          nan     250.9171
2017.100600          nan          nan     243.4248
2017.103400          nan          nan     228.6846
2017.106100          nan          nan     239.1700
2017.108800          nan          nan     235.6800
2017.111600          nan          nan     227.5549
2017.114300          nan          nan     232.4793
2017.117000          nan          nan     226.7183
2017.119800          nan          nan     225.1519
2017.122500          nan          nan     230.0782
2017.125300          nan          nan     236.2468
2017.128000          nan          nan     235.7033
2017.130700          nan          nan     231.7262
2017.133500          nan          nan     245.5385
2017.136200          nan          nan     227.5258
2017.138900          nan          nan     222.1899
2017.141700          nan          nan     234.2941
2017.144400          nan          nan     228.6554
2017.147200          nan          nan     224.6414
2017.149900          nan          nan     230.8430
2017.152600          nan          nan     234.1369
2017.155400          nan          nan     224.9442
2017.158100          nan          nan     225.4178
2017.160800          nan          nan     224.2338
2017.163600          nan          nan     234.4300
2017.166300          nan          nan     237.9666
2017.169100          nan          nan     229.8919
2017.171800          nan          nan     241.5924
2017.174500          nan          nan     233.9661
2017.177300          nan          nan     232.5569
2017.180000          nan          nan     234.6202
2017.182800          nan          nan     229.0378
2017.185500          nan          nan     237.7434
2017.188200          nan          nan     228.0033
2017.191000          nan          nan     229.6745
2017.193700          nan          nan     222.9760
2017.196400          nan          nan     225.8080
2017.199200          nan          nan     224.8297
2017.201900          nan          nan     232.4346
2017.204700          nan          nan     238.1102
2017.207400          nan          nan     225.0432
2017.210100          nan          nan     228.5332
2017.212900          nan          nan     233.9991
2017.215600          nan          nan     224.3405
2017.218300          nan          nan     240.2104
2017.221100          nan          nan     228.6419
2017.223800          nan          nan     235.2317
2017.226600          nan          nan     236.1109
2017.229300          nan          nan     226.0118
2017.232000          nan          nan     229.4454
2017.234800          nan          nan     236.1828
2017.237500          nan          nan     231.7941
2017.240200          nan          nan     231.6505
2017.243000          nan          nan     233.5119
2017.245700          nan          nan     232.4366
2017.248500          nan          nan     230.5091
2017.251200          nan          nan     235.0162
2017.253900          nan          nan     235.3772
2017.256700          nan          nan     235.2821
2017.259400          nan          nan     227.5821
2017.262100          nan          nan     232.0134
2017.264900          nan          nan     227.7567
2017.267600          nan          nan     240.4375
2017.270400          nan          nan     249.8554
2017.273100          nan          nan     239.6980
2017.275800          nan          nan     237.8443
2017.278600          nan          nan     243.1142
2017.281300          nan          nan     235.8858
2017.284100          nan          nan     245.9287
2017.286800          nan          nan     242.1029
2017.289500          nan          nan     256.7519
2017.292300          nan          nan     244.3254
2017.295000          nan          nan     266.9966
2017.297700          nan          nan     274.9102
2017.300500          nan          nan     244.1953
2017.303200          nan          nan     237.9355
2017.306000          nan          nan     238.4460
2017.308700          nan          nan     230.2199
2017.311400          nan          nan     225.3149
2017.314200          nan          nan     233.1489
2017.316900          nan          nan     252.8096
2017.319600          nan          nan     245.1892
2017.322400          nan          nan     249.7972
2017.325100          nan          nan     239.5233
2017.327900          nan          nan     243.2578
2017.330600          nan          nan     246.7167
2017.333300          nan          nan     243.2734
2017.336100          nan          nan     240.4317
2017.338800          nan          nan     255.5795
2017.341500          nan          nan     275.0500
2017.344300          nan          nan     271.8842
2017.347000          nan          nan     266.2377
2017.349800          nan          nan     252.8077
2017.352500          nan          nan     239.2011
2017.355200          nan          nan     249.4982
2017.358000          nan          nan     253.9257
2017.360700          nan          nan     248.7742
2017.363400          nan          nan     247.9182
2017.366200          nan          nan     251.7964
2017.368900          nan          nan     260.0633
2017.371700          nan          nan     257.6583
2017.374400          nan          nan     248.1939
2017.377100          nan          nan     251.3112
2017.379900          nan          nan     255.9658
2017.382600          nan          nan     251.3616
2017.385400          nan          nan     260.4787
2017.388100          nan          nan     248.9509
2017.390800          nan          nan     260.0885
2017.393600          nan          nan     259.0345
2017.396300          nan          nan     251.7984
2017.399000          nan          nan     258.2523
2017.401800          nan          nan     263.5455
2017.404500          nan          nan     280.6596
2017.407300          nan          nan     273.5961
2017.410000          nan          nan     269.4889
2017.412700          nan          nan     267.6411
2017.415500          nan          nan     262.7147
2017.418200          nan          nan     262.9826
2017.420900          nan          nan     257.8951
2017.423700          nan          nan     257.5399
2017.426400          nan          nan     253.4385
2017.429200          nan          nan     262.5439
2017.431900          nan          nan     268.3030
2017.434600          nan          nan     284.7920
2017.437400          nan          nan     253.5725
2017.440100          nan          nan     286.9543
2017.442800          nan          nan     245.5036
2017.445600          nan          nan     257.7864
2017.448300          nan          nan     254.8186
2017.451100          nan          nan     248.7024
2017.453800          nan          nan     280.7430
2017.456500          nan          nan     264.7315
2017.459300          nan          nan     252.8291
2017.462000          nan          nan     262.9477
2017.464800          nan          nan     262.7400
2017.467500          nan          nan     254.8361
2017.470200          nan          nan     263.9434
2017.473000          nan          nan     266.9617
2017.475700          nan          nan     263.0466
2017.478400          nan          nan     263.8793
2017.481200          nan          nan     282.5870
2017.483900          nan          nan     260.1448
2017.486700          nan          nan     251.7848
2017.489400          nan          nan     261.3987
2017.492100          nan          nan     264.9120
2017.494900          nan          nan     279.0912
2017.497600          nan          nan     291.4206
2017.500300          nan          nan     309.5441
2017.503100          nan          nan     284.6988
2017.505800          nan          nan     281.9989
2017.508600          nan          nan     286.7525
2017.511300          nan          nan     276.5465
2017.514000          nan          nan     273.2739
2017.516800          nan          nan     280.0967
2017.519500          nan          nan     267.0161
2017.522200          nan          nan     267.9730
2017.525000          nan          nan     289.2020
2017.527700          nan          nan     328.3915
2017.530500          nan          nan     298.5481
2017.533200          nan          nan     284.1961
2017.535900          nan          nan     280.4111
2017.538700          nan          nan     301.9158
2017.541400          nan          nan     259.2675
2017.544100          nan          nan     273.5670
2017.546900          nan          nan     276.7445
2017.549600          nan          nan     265.0517
2017.552400          nan          nan     261.9597
2017.555100          nan          nan     276.6106
2017.557800          nan          nan     263.3553
2017.560600          nan          nan     272.5538
2017.563300          nan          nan     264.3258
2017.566100          nan          nan     268.2738
2017.568800          nan          nan     275.1645
2017.571500          nan          nan     265.7660
2017.574300          nan          nan     283.4741
2017.577000          nan          nan     281.4884
2017.579700          nan          nan     260.2962
2017.582500          nan          nan     258.5454
2017.585200          nan          nan     269.7490
2017.588000          nan          nan     259.9061
2017.590700          nan          nan     268.5961
2017.593400          nan          nan     274.1008
2017.596200          nan          nan     264.1259
2017.598900          nan          nan     267.4935
2017.601600          nan          nan     260.3156
2017.604400          nan          nan     267.3965
2017.607100          nan          nan     266.9384
2017.609900          nan          nan     272.6703
2017.612600          nan          nan     264.7198
2017.615300          nan          nan     274.0931
2017.618100          nan          nan     259.2675
2017.620800          nan          nan     258.4930
2017.623500          nan          nan     261.9888
2017.626300          nan          nan     276.4592
2017.629000          nan          nan     248.2560
2017.631800          nan          nan     262.4876
2017.634500          nan          nan     254.4421
2017.637200          nan          nan     256.6936
2017.640000          nan          nan     274.8539
2017.642700          nan          nan     258.2834
2017.645400          nan          nan     323.6224
2017.648200          nan          nan     297.0069
2017.650900          nan          nan     268.3127
2017.653700          nan          nan     250.3931
2017.656400          nan          nan     266.4240
2017.659100          nan          nan     284.2349
2017.661900          nan          nan     277.9790
2017.664600          nan          nan     268.5048
2017.667400          nan          nan     257.0197
2017.670100          nan          nan     262.4003
2017.672800          nan          nan     285.3297
2017.675600          nan          nan     261.8063
2017.678300          nan          nan     274.8190
2017.681000          nan          nan     273.5806
2017.683800          nan          nan     273.8931
2017.686500          nan          nan     269.5763
2017.689300          nan          nan     275.4207
2017.692000          nan          nan     247.8891
2017.694700          nan          nan     266.5948
2017.697500          nan          nan     280.6207
2017.700200          nan          nan     272.8683
2017.702900          nan          nan     266.4473
2017.705700          nan          nan     267.3810
2017.708400          nan          nan     271.9929
2017.711200          nan          nan     284.8813
2017.713900          nan          nan     315.2332
2017.716600          nan          nan     275.0733
2017.719400          nan          nan     273.2778
2017.722100          nan          nan     268.2428
2017.724800          nan          nan     270.0887
2017.727600          nan          nan     271.5445
2017.730300          nan          nan     268.2933
2017.733100          nan          nan     265.8514
2017.735800          nan          nan     270.2673
2017.738500          nan          nan     268.7999
2017.741300          nan          nan     277.6102
2017.744000          nan          nan     275.6459
2017.746700          nan          nan     274.6560
2017.749500          nan          nan     266.4512
2017.752200          nan          nan     274.7355
2017.755000          nan          nan     272.8469
2017.757700          nan          nan     251.3558
2017.760400          nan          nan     243.2986
2017.763200          nan          nan     252.2564
2017.765900          nan          nan     261.3133
2017.768700          nan          nan     254.4188
2017.771400          nan          nan     255.7600
2017.774100          nan          nan     261.0920
2017.776900          nan          nan     287.7618
2017.779600          nan          nan     274.2697
2017.782300          nan          nan     253.4909
2017.785100          nan          nan     262.4973
2017.787800          nan          nan     260.0633
2017.790600          nan          nan     257.1440
2017.793300          nan          nan     263.4290
2017.796000          nan          nan     260.5524
2017.798800          nan          nan     264.6829
2017.801500          nan          nan     264.0482
2017.804200          nan          nan     269.6675
2017.807000          nan          nan     280.9468
2017.809700          nan          nan     271.5290
2017.812500          nan          nan     261.6355
2017.815200          nan          nan     259.4072
2017.817900          nan          nan     255.4630
2017.820700          nan          nan     254.9292
2017.823400          nan          nan     264.4733
2017.826100          nan          nan     272.2821
2017.828900          nan          nan     276.8124
2017.831600          nan          nan     277.1405
2017.834400          nan          nan     274.0484
2017.837100          nan          nan     266.8530
2017.839800          nan          nan     271.8279
2017.842600          nan          nan     274.5511
2017.845300          nan          nan     268.5825
2017.848000          nan          nan     282.2240
2017.850800          nan          nan     273.8213
2017.853500          nan          nan     294.9786
2017.856300          nan          nan     278.5244
2017.859000          nan          nan     284.4407
2017.861700          nan          nan     275.4654
2017.864500          nan          nan     271.2184
2017.867200          nan          nan     263.1476
2017.870000          nan          nan     296.9351
2017.872700          nan          nan     285.5024
2017.875400          nan          nan     274.0562
2017.878200          nan          nan     270.2265
2017.880900          nan          nan     295.4308
2017.883600          nan          nan     274.6191
2017.886400          nan          nan     275.1490
2017.889100          nan          nan     270.9680
2017.891900          nan          nan     277.3113
2017.894600          nan          nan     272.4257
2017.897300          nan          nan     267.6644
2017.900100          nan          nan     286.1566
2017.902800          nan          nan     290.8713
2017.905500          nan          nan     277.0784
2017.908300          nan          nan     280.0443
2017.911000          nan          nan     320.6526
2017.913800          nan          nan     282.9888
2017.916500          nan          nan     287.5250
2017.919200          nan          nan     268.8076
2017.922000          nan          nan     292.9696
2017.924700          nan          nan     279.4251
2017.927400          nan          nan     288.7847
2017.930200          nan          nan     272.5752
2017.932900          nan          nan     277.3285
2017.935700          nan          nan     282.3483
2017.938400          nan          nan     275.3567
2017.941100          nan          nan     274.8423
2017.943900          nan          nan     294.0507
2017.946600          nan          nan     271.5076
2017.949300          nan          nan     272.9420
2017.952100          nan          nan     273.3399
2017.954800          nan          nan     274.1086
2017.957600          nan          nan     282.1309
2017.960300          nan          nan     255.1466
2017.963000          nan          nan     263.5571
2017.965800          nan          nan     270.7176
2017.968500          nan          nan     265.1119
2017.971300          nan          nan     279.2756
2017.974000          nan          nan     282.9383
2017.976700          nan          nan     274.3434
2017.979500          nan          nan     279.1009
2017.982200          nan          nan     293.1346
2017.984900          nan          nan     281.6029
2017.987700          nan          nan     283.2664
2017.990400          nan          nan     273.6311
2017.993200          nan          nan     273.9028
2017.995900          nan          nan     269.2793
2017.998600          nan          nan     269.8422
2018.001400          nan          nan     275.1354
2018.004100          nan          nan     277.1482
2018.006800          nan          nan     282.9597
2018.009600          nan          nan     284.4853
2018.012300          nan          nan     287.0960
2018.015100          nan          nan     281.6747
2018.017800          nan          nan     272.5752
2018.020500          nan          nan     288.3402
2018.023300          nan          nan     281.5777
2018.026000          nan          nan     273.8407
2018.028700          nan          nan     276.6630
2018.031500          nan          nan     287.3930
2018.034200          nan          nan     281.8455
2018.037000          nan          nan     275.4712
2018.039700          nan          nan     289.7494
2018.042400          nan          nan     284.6697
2018.045200          nan          nan     270.6361
2018.047900          nan          nan     278.9146
2018.050700          nan          nan     263.1262
2018.053400          nan          nan     284.8153
2018.056100          nan          nan     280.3898
2018.058900          nan          nan     260.9251
2018.061600          nan          nan     282.4900
2018.064300          nan          nan     272.5790
2018.067100          nan          nan     274.8656
2018.069800          nan          nan     283.2528
2018.072600          nan          nan     282.7093
2018.075300          nan          nan     288.0859
2018.078000          nan          nan     279.9317
2018.080800          nan          nan     264.9294
2018.083500          nan          nan     260.4884
2018.086200          nan          nan     265.7233
2018.089000          nan          nan     235.0220
2018.091700          nan          nan     283.4876
2018.094500          nan          nan     269.7121
2018.097200          nan          nan     276.4708
2018.099900          nan          nan     287.2843
2018.102700          nan          nan     272.5053
2018.105400          nan          nan     277.5170
2018.108100          nan          nan     276.6106
2018.110900          nan          nan     283.3071
2018.113600          nan          nan     273.8601
2018.116400          nan          nan     271.7949
2018.119100          nan          nan     280.9973
2018.121800          nan          nan     274.4230
2018.124600          nan          nan     301.3180
2018.127300          nan          nan     281.4185
2018.130000          nan          nan     278.1692
2018.132800          nan          nan     283.5653
2018.135500          nan          nan     290.3434
2018.138300          nan          nan     278.3187
2018.141000          nan          nan     287.1445
2018.143700          nan          nan     277.5345
2018.146500          nan          nan     278.3187
2018.149200          nan          nan     271.0553
2018.152000          nan          nan     274.9025
2018.154700          nan          nan     275.7701
2018.157400          nan          nan     262.6876
2018.160200          nan          nan     272.4742
2018.162900          nan          nan     287.5425
2018.165600          nan          nan     284.4368
2018.168400          nan          nan     274.7763
2018.171100          nan          nan     281.2768
2018.173900          nan          nan     277.6316
2018.176600          nan          nan     265.1449
2018.179300          nan          nan     266.8860
2018.182100          nan          nan     270.7215
2018.184800          nan          nan     284.3592
2018.187500          nan          nan     286.3254
2018.190300          nan          nan     294.9397
2018.193000          nan          nan     274.1901
2018.195800          nan          nan     305.7785
2018.198500          nan          nan     267.1675
2018.201200          nan          nan     275.4304
2018.204000          nan          nan     280.2694
2018.206700          nan          nan     268.2273
2018.209400          nan          nan     277.2589
2018.212200          nan          nan     282.1619
2018.214900          nan          nan     278.0217
2018.217700          nan          nan     290.9509
2018.220400          nan          nan     285.2598
2018.223100          nan          nan     282.4803
2018.225900          nan          nan     277.7014
2018.228600          nan          nan     287.6240
2018.231300          nan          nan     274.7161
2018.234100          nan          nan     283.5536
2018.236800          nan          nan     303.0067
2018.239600          nan          nan     294.4273
2018.242300          nan          nan     283.1421
2018.245000          nan          nan     290.2347
2018.247800          nan          nan     286.7971
2018.250500          nan          nan     276.5873
2018.253300          nan          nan     302.7834
2018.256000          nan          nan     291.5429
2018.258700          nan          nan     282.7850
2018.261500          nan          nan     289.7300
2018.264200          nan          nan     299.7127
2018.266900          nan          nan     277.0861
2018.269700          nan          nan     295.7084
2018.272400          nan          nan     275.4557
2018.275200          nan          nan     288.0122
2018.277900          nan          nan     269.3880
2018.280600          nan          nan     267.2917
2018.283400          nan          nan     287.0300
2018.286100          nan          nan     283.5731
2018.288800          nan          nan     279.6832
2018.291600          nan          nan     278.5535
2018.294300          nan          nan     288.3616
2018.297100          nan          nan     289.1419
2018.299800          nan          nan     282.8335
2018.302500          nan          nan     292.8939
2018.305300          nan          nan     276.6300
2018.308000          nan          nan     285.0754
2018.310700          nan          nan     287.8356
2018.313500          nan          nan     282.6685
2018.316200          nan          nan     277.9091
2018.319000          nan          nan     291.6555
2018.321700          nan          nan     281.9232
2018.324400          nan          nan     286.2633
2018.327200          nan          nan     277.0900
2018.329900          nan          nan     285.3666
2018.332600          nan          nan     285.9450
2018.335400          nan          nan     307.7214
2018.338100          nan          nan     293.1812
2018.340900          nan          nan     292.9075
2018.343600          nan          nan     299.0567
2018.346300          nan          nan     293.5868
2018.349100          nan          nan     285.8033
2018.351800          nan          nan     288.7110
2018.354600          nan          nan     293.6819
2018.357300          nan          nan     280.1646
2018.360000          nan          nan     288.2703
2018.362800          nan          nan     310.5670
2018.365500          nan          nan     293.4665
2018.368200          nan          nan     301.5218
2018.371000          nan          nan     322.4189
2018.373700          nan          nan     306.2385
2018.376500          nan          nan     298.5811
2018.379200          nan          nan     290.1104
2018.381900          nan          nan     296.7100
2018.384700          nan          nan     287.5580
2018.387400          nan          nan     298.6820
2018.390100          nan          nan     309.9905
2018.392900          nan          nan     305.4349
2018.395600          nan          nan     304.2683
2018.398400          nan          nan     296.5586
2018.401100          nan          nan     297.0438
2018.403800          nan          nan     292.3989
2018.406600          nan          nan     301.6518
2018.409300          nan          nan     298.6122
2018.412000          nan          nan     306.2792
2018.414800          nan          nan     297.7406
2018.417500          nan          nan     299.6914
2018.420300          nan          nan     305.3262
2018.423000          nan          nan     299.3866
2018.425700          nan          nan     309.1597
2018.428500          nan          nan     292.6513
2018.431200          nan          nan     307.0343
2018.433900          nan          nan     310.8911
2018.436700          nan          nan     301.4907
2018.439400          nan          nan     305.9376
2018.442200          nan          nan     311.6772
2018.444900          nan          nan     303.4143
2018.447600          nan          nan     307.4244
2018.450400          nan          nan     304.6391
2018.453100          nan          nan     306.1026
2018.455900          nan          nan     304.2916
2018.458600          nan          nan     312.5934
2018.461300          nan          nan     309.6683
2018.464100          nan          nan     309.3480
2018.466800          nan          nan     295.2154
2018.469500          nan          nan     348.0949
2018.472300          nan          nan     304.7478
2018.475000          nan          nan     319.4491
2018.477800          nan          nan     332.0814
2018.480500          nan          nan     302.1701
2018.483200          nan          nan     333.1878
2018.486000          nan          nan     306.8829
2018.488700          nan          nan     348.0910
2018.491400          nan          nan     347.0622
2018.494200          nan          nan     319.0163
2018.496900          nan          nan     317.6343
2018.499700          nan          nan     300.7939
2018.502400          nan          nan     313.7522
2018.505100          nan          nan     315.7262
2018.507900          nan          nan     304.5245
2018.510600          nan          nan     307.0168
2018.513300          nan          nan     315.9145
2018.516100          nan          nan     316.3454
2018.518800          nan          nan     322.0210
2018.521600          nan          nan     331.1438
2018.524300          nan          nan     317.6420
2018.527000          nan          nan     328.2265
2018.529800          nan          nan     313.2980
2018.532500          nan          nan     305.3825
2018.535200          nan          nan     280.6615
2018.538000          nan          nan     315.1362
2018.540700          nan          nan     317.3412
2018.543500          nan          nan     316.1416
2018.546200          nan          nan     310.8251
2018.548900          nan          nan     298.5365
2018.551700          nan          nan     343.0463
2018.554400          nan          nan     344.0828
2018.557200          nan          nan     332.9024
2018.559900          nan          nan     311.1066
2018.562600          nan          nan     323.2633
2018.565400          nan          nan     282.7792
2018.568100          nan          nan     303.4744
2018.570800          nan          nan     313.3659
2018.573600          nan          nan     334.4941
2018.576300          nan          nan     319.4142
2018.579100          nan          nan     313.1039
2018.581800          nan          nan     333.5546
2018.584500          nan          nan     303.0319
2018.587300          nan          nan     324.7753
2018.590000          nan          nan     310.9222
2018.592700          nan          nan     312.0305
2018.595500          nan          nan     302.5486
2018.598200          nan          nan     328.2051
2018.601000          nan          nan     315.9766
2018.603700          nan          nan     314.1598
2018.606400          nan          nan     318.4243
2018.609200          nan          nan     314.2918
2018.611900          nan          nan     312.0130
2018.614600          nan          nan     314.2918
2018.617400          nan          nan     298.2259
2018.620100          nan          nan     293.3093
2018.622900          nan          nan     319.4685
2018.625600          nan          nan     301.2461
2018.628300          nan          nan     304.2431
2018.631100          nan          nan     304.0742
2018.633800          nan          nan     307.5603
2018.636600          nan          nan     319.1133
2018.639300          nan          nan     334.6183
2018.642000          nan          nan     313.9890
2018.644800          nan          nan     318.9639
2018.647500          nan          nan     328.5759
2018.650200          nan          nan     310.1458
2018.653000          nan          nan     309.8837
2018.655700          nan          nan     316.2988
2018.658500          nan          nan     319.9227
2018.661200          nan          nan     355.8260
2018.663900          nan          nan     319.5714
2018.666700          nan          nan     316.3978
2018.669400          nan          nan     307.3526
2018.672100          nan          nan     317.6323
2018.674900          nan          nan     308.4862
2018.677600          nan          nan     333.8768
2018.680400          nan          nan     321.7958
2018.683100          nan          nan     319.2841
2018.685800          nan          nan     319.6762
2018.688600          nan          nan     315.3516
2018.691300          nan          nan     310.1807
2018.694000          nan          nan     309.4606
2018.696800          nan          nan     310.1885
2018.699500          nan          nan     311.1726
2018.702300          nan          nan     311.3589
2018.705000          nan          nan     309.3849
2018.707700          nan          nan     321.1825
2018.710500          nan          nan     323.3351
2018.713200          nan          nan     324.0125
2018.715900          nan          nan     301.0831
2018.718700          nan          nan     291.4905
2018.721400          nan          nan     307.5254
2018.724200          nan          nan     307.0673
2018.726900          nan          nan     320.8836
2018.729600          nan          nan     316.3260
2018.732400          nan          nan     308.6085
2018.735100          nan          nan     311.7083
2018.737900          nan          nan     313.1388
2018.740600          nan          nan     308.4221
2018.743300          nan          nan     314.7169
2018.746100          nan          nan     322.1064
2018.748800          nan          nan     351.0860
2018.751500          nan          nan     296.9914
2018.754300          nan          nan     305.0020
2018.757000          nan          nan     299.3051
2018.759800          nan          nan     300.4794
2018.762500          nan          nan     321.0738
2018.765200          nan          nan     298.7170
2018.768000          nan          nan     311.6753
2018.770700          nan          nan     312.2498
2018.773400          nan          nan     320.5691
2018.776200          nan          nan     320.3653
2018.778900          nan          nan     309.8682
2018.781700          nan          nan     310.2836
2018.784400          nan          nan     306.6500
2018.787100          nan          nan     319.4142
2018.789900          nan          nan     314.7072
2018.792600          nan          nan     294.6952
2018.795300          nan          nan     293.2355
2018.798100          nan          nan     304.3169
2018.800800          nan          nan     295.3105
2018.803600          nan          nan     297.4417
2018.806300          nan          nan     299.3672
2018.809000          nan          nan     310.0157
2018.811800          nan          nan     319.7713
2018.814500          nan          nan     303.3871
2018.817200          nan          nan     310.4078
2018.820000          nan          nan     356.4801
2018.822700          nan          nan     324.5638
2018.825500          nan          nan     321.0777
2018.828200          nan          nan     321.9123
2018.830900          nan          nan     312.2207
2018.833700          nan          nan     317.0850
2018.836400          nan          nan     306.0871
2018.839200          nan          nan     301.5043
2018.841900          nan          nan     299.9010
2018.844600          nan          nan     310.1865
2018.847400          nan          nan     313.5368
2018.850100          nan          nan     312.7157
2018.852800          nan          nan     305.7357
2018.855600          nan          nan     303.0067
2018.858300          nan          nan     307.8321
2018.861100          nan          nan     323.5272
2018.863800          nan          nan     316.3280
2018.866500          nan          nan     307.4322
2018.869300          nan          nan     309.7731
2018.872000          nan          nan     308.6822
2018.874700          nan          nan     325.5828
2018.877500          nan          nan     306.2346
2018.880200          nan          nan     321.4018
2018.883000          nan          nan     323.9717
2018.885700          nan          nan     309.5130
2018.888400          nan          nan     306.9062
2018.891200          nan          nan     315.8175
2018.893900          nan          nan     318.7348
2018.896600          nan          nan     316.9471
2018.899400          nan          nan     307.0091
2018.902100          nan          nan     310.4544
2018.904900          nan          nan     314.7557
2018.907600          nan          nan     307.5584
2018.910300          nan          nan     317.6731
2018.913100          nan          nan     296.0209
2018.915800          nan          nan     308.2571
2018.918500          nan          nan     312.3605
2018.921300          nan          nan     314.8605
2018.924000          nan          nan     333.6672
2018.926800          nan          nan     311.3143
2018.929500          nan          nan     326.1593
2018.932200          nan          nan     313.7891
2018.935000          nan          nan     313.5426
2018.937700          nan          nan     346.3887
2018.940500          nan          nan     309.4994
2018.943200          nan          nan     311.6870
2018.945900          nan          nan     308.7172
2018.948700          nan          nan     312.8438
2018.951400          nan          nan     321.9919
2018.954100          nan          nan     314.1365
2018.956900          nan          nan     320.9127
2018.959600          nan          nan     323.5564
2018.962400          nan          nan     327.7509
2018.965100          nan          nan     323.8417
2018.967800          nan          nan     314.4995
2018.970600          nan          nan     321.0272
2018.973300          nan          nan     326.5591
2018.976000          nan          nan     323.6786
2018.978800          nan          nan     314.1831
2018.981500          nan          nan     318.6514
2018.984300          nan          nan     345.5191
2018.987000          nan          nan     318.4068
2018.989700          nan          nan     345.2746
2018.992500          nan          nan     332.7588
2018.995200          nan          nan     314.9867
2018.997900          nan          nan     306.5529
2019.000700          nan          nan     312.9467
2019.003400          nan          nan     306.5685
2019.006200          nan          nan     310.3651
2019.008900          nan          nan     308.8356
2019.011600          nan          nan     321.4775
2019.014400          nan          nan     321.8502
2019.017100          nan          nan     322.1996
2019.019800          nan          nan     317.3334
2019.022600          nan          nan     338.8808
2019.025300          nan          nan     303.8704
2019.028100          nan          nan     324.1115
2019.030800          nan          nan     315.1051
2019.033500          nan          nan     315.6777
2019.036300          nan          nan     309.2277
2019.039000          nan          nan     306.6577
2019.041800          nan          nan     309.5343
2019.044500          nan          nan     320.7399
2019.047200          nan          nan     316.4716
2019.050000          nan          nan     325.2606
2019.052700          nan          nan     325.9924
2019.055400          nan          nan     323.7505
2019.058200          nan          nan     325.2509
2019.060900          nan          nan     317.1645
2019.063700          nan          nan     310.6601
2019.066400          nan          nan     310.4544
2019.069100          nan          nan     314.5170
2019.071900          nan          nan     319.2376
2019.074600          nan          nan     324.2551
2019.077300          nan          nan     317.0655
2019.080100          nan          nan     317.5780
2019.082800          nan          nan     334.9735
2019.085600          nan          nan     331.1885
2019.088300          nan          nan     329.6046
2019.091000          nan          nan     324.9345
2019.093800          nan          nan     337.3843
2019.096500          nan          nan     314.4995
2019.099200          nan          nan     323.6748
2019.102000          nan          nan     318.9056
2019.104700          nan          nan     321.6134
2019.107500          nan          nan     311.3298
2019.110200          nan          nan     305.8542
2019.112900          nan          nan     298.2880
2019.115700          nan          nan     335.4840
2019.118400          nan          nan     315.2002
2019.121100          nan          nan     324.1115
2019.123900          nan          nan     320.3381
2019.126600          nan          nan     319.0415
2019.129400          nan          nan     316.1358
2019.132100          nan          nan     315.7214
2019.134800          nan          nan     315.5826
2019.137600          nan          nan     319.9926
2019.140300          nan          nan     317.9410
2019.143100          nan          nan     324.3095
2019.145800          nan          nan     313.2534
2019.148500          nan          nan     319.8587
2019.151300          nan          nan     340.3191
2019.154000          nan          nan     313.8997
2019.156700          nan          nan     319.8412
2019.159500          nan          nan     320.2158
2019.162200          nan          nan     329.1679
2019.165000          nan          nan     329.2281
2019.167700          nan          nan     314.0822
2019.170400          nan          nan     322.9158
2019.173200          nan          nan     309.3829
2019.175900          nan          nan     336.4176
2019.178600          nan          nan     318.7931
2019.181400          nan          nan     312.3663
2019.184100          nan          nan     332.2347
2019.186900          nan          nan     329.4571
2019.189600          nan          nan     332.9335
2019.192300          nan          nan     323.6398
2019.195100          nan          nan     322.2112
2019.197800          nan          nan     312.3683
2019.200500          nan          nan     326.7862
2019.203300          nan          nan     312.2421
2019.206000          nan          nan     315.0352
2019.208800          nan          nan     324.5521
2019.211500          nan          nan     332.1260
2019.214200          nan          nan     327.5432
2019.217000          nan          nan     358.3125
2019.219700          nan          nan     337.4386
2019.222500          nan          nan     323.9252
2019.225200          nan          nan     329.7521
2019.227900          nan          nan     332.6093
2019.230700          nan          nan     330.0452
2019.233400          nan          nan     319.6219
2019.236100          nan          nan     310.9824
2019.238900          nan          nan     320.7147
2019.241600          nan          nan     312.3974
2019.244400          nan          nan     311.6345
2019.247100          nan          nan     319.2900
2019.249800          nan          nan     323.1410
2019.252600          nan          nan     326.0040
2019.255300          nan          nan     338.2752
2019.258000          nan          nan     319.1308
2019.260800          nan          nan     341.2974
2019.263500          nan          nan     315.7786
2019.266300          nan          nan     330.0025
2019.269000          nan          nan     319.7791
2019.271700          nan          nan     329.3853
2019.274500          nan          nan     322.2190
2019.277200          nan          nan     322.5645
2019.279900          nan          nan     317.4246
2019.282700          nan          nan     322.1161
2019.285400          nan          nan     341.8351
2019.288200          nan          nan     324.8646
2019.290900          nan          nan     328.1100
2019.293600          nan          nan     333.9312
2019.296400          nan          nan     329.1970
2019.299100          nan          nan     338.7993
2019.301800          nan          nan     342.0505
2019.304600          nan          nan     323.0905
2019.307300          nan          nan     336.9009
2019.310100          nan          nan     345.3406
2019.312800          nan          nan     335.4141
2019.315500          nan          nan     329.3756
2019.318300          nan          nan     330.3558
2019.321000          nan          nan     329.8822
2019.323800          nan          nan     328.8379
2019.326500          nan          nan     340.2764
2019.329200          nan          nan     339.9445
2019.332000          nan          nan     352.2021
2019.334700          nan          nan     327.2268
2019.337400          nan          nan     329.3503
2019.340200          nan          nan     332.3822
2019.342900          nan          nan     340.4589
2019.345700          nan          nan     339.7814
2019.348400          nan          nan     353.9607
2019.351100          nan          nan     361.0648
2019.353900          nan          nan     336.1284
2019.356600          nan          nan     325.7148
2019.359300          nan          nan     334.1622
2019.362100          nan          nan     346.2509
2019.364800          nan          nan     342.0159
2019.367600          nan          nan     337.5434
2019.370300          nan          nan     338.3140
2019.373000          nan          nan     341.0121
2019.375800          nan          nan     331.6349
2019.378500          nan          nan     332.0581
2019.381200          nan          nan     323.2206
2019.384000          nan          nan     345.7482
2019.386700          nan          nan     339.5252
2019.389500          nan          nan     342.4950
2019.392200          nan          nan     335.5364
2019.394900          nan          nan     349.9583
2019.397700          nan          nan     345.0921
2019.400400          nan          nan     338.3781
2019.403100          nan          nan     360.1894
2019.405900          nan          nan     351.5014
2019.408600          nan          nan     356.0376
2019.411400          nan          nan     345.5657
2019.414100          nan          nan     360.7892
2019.416800          nan          nan     353.3434
2019.419600          nan          nan     369.5006
2019.422300          nan          nan     361.6607
2019.425100          nan          nan     347.2932
2019.427800          nan          nan     358.0000
2019.430500          nan          nan     353.3395
2019.433300          nan          nan     361.7093
2019.436000          nan          nan     346.1364
2019.438700          nan          nan     344.9446
2019.441500          nan          nan     360.7116
2019.444200          nan          nan     361.3774
2019.447000          nan          nan     349.7448
2019.449700          nan          nan     349.0305
2019.452400          nan          nan     343.6072
2019.455200          nan          nan     354.2324
2019.457900          nan          nan     353.4793
2019.460600          nan          nan     342.6367
2019.463400          nan          nan     340.1172
2019.466100          nan          nan     340.1561
2019.468900          nan          nan     360.1467
2019.471600          nan          nan     358.3940
2019.474300          nan          nan     347.3029
2019.477100          nan          nan     348.4249
2019.479800          nan          nan     355.7425
2019.482500          nan          nan     351.3209
2019.485300          nan          nan     376.0166
2019.488000          nan          nan     349.9330
2019.490800          nan          nan     357.8660
2019.493500          nan          nan     367.2626
2019.496200          nan          nan     341.5536
2019.499000          nan          nan     336.5030
2019.501700          nan          nan     350.3426
2019.504400          nan          nan     344.5331
2019.507200          nan          nan     354.7526
2019.509900          nan          nan     343.6499
2019.512700          nan          nan     354.8186
2019.515400          nan          nan     347.2059
2019.518100          nan          nan     350.7075
2019.520900          nan          nan     343.0637
2019.523600          nan          nan     351.0860
2019.526400          nan          nan     345.3017
2019.529100          nan          nan     347.3650
2019.531800          nan          nan     358.2853
2019.534600          nan          nan     349.2304
2019.537300          nan          nan     346.1208
2019.540000          nan          nan     350.9191
2019.542800          nan          nan     361.8840
2019.545500          nan          nan     338.8827
2019.548300          nan          nan     341.8156
2019.551000          nan          nan     344.3448
2019.553700          nan          nan     354.3528
2019.556500          nan          nan     375.5081
2019.559200          nan          nan     357.2080
2019.561900          nan          nan     357.0120
2019.564700          nan          nan     375.7061
2019.567400          nan          nan     353.4114
2019.570200          nan          nan     360.4418
2019.572900          nan          nan     395.6385
2019.575600          nan          nan     378.5768
2019.578400          nan          nan     364.3219
2019.581100          nan          nan     359.9895
2019.583800          nan          nan     347.8387
2019.586600          nan          nan     366.3153
2019.589300          nan          nan     351.2782
2019.592100          nan          nan     366.4590
2019.594800          nan          nan     355.4844
2019.597500          nan          nan     355.4960
2019.600300          nan          nan     361.6724
2019.603000          nan          nan     370.2013
2019.605700          nan          nan     357.6118
2019.608500          nan          nan     356.0803
2019.611200          nan          nan     377.7034
2019.614000          nan          nan     365.1701
2019.616700          nan          nan     367.8973
2019.619400          nan          nan     339.3137
2019.622200          nan          nan     346.5983
2019.624900          nan          nan     358.5667
2019.627700          nan          nan     350.6629
2019.630400          nan          nan     357.1381
2019.633100          nan          nan     377.9246
2019.635900          nan          nan     362.4236
2019.638600          nan          nan     360.9212
2019.641300          nan          nan     369.9897
2019.644100          nan          nan     350.3096
2019.646800          nan          nan     353.6055
2019.649600          nan          nan     344.2691
2019.652300          nan          nan     350.4086
2019.655000          nan          nan     376.0904
2019.657800          nan          nan     376.1137
2019.660500          nan          nan     372.8721
2019.663200          nan          nan     356.9673
2019.666000          nan          nan     374.0717
2019.668700          nan          nan     361.8335
2019.671500          nan          nan     352.0138
2019.674200          nan          nan     354.2965
2019.676900          nan          nan     367.9419
2019.679700          nan          nan     365.3565
2019.682400          nan          nan     349.4400
2019.685100          nan          nan     378.6952
2019.687900          nan          nan     362.1227
2019.690600          nan          nan     357.2235
2019.693400          nan          nan     360.8203
2019.696100          nan          nan     359.3548
2019.698800          nan          nan     348.6190
2019.701600          nan          nan     347.4602
2019.704300          nan          nan     352.1342
2019.707000          nan          nan     364.3607
2019.709800          nan          nan     354.6769
2019.712500          nan          nan     356.6936
2019.715300          nan          nan     343.3840
2019.718000          nan          nan     339.3641
2019.720700          nan          nan     351.9653
2019.723500          nan          nan     358.9336
2019.726200          nan          nan     383.1208
2019.729000          nan          nan     361.3909
2019.731700          nan          nan     340.1735
2019.734400          nan          nan     347.6426
2019.737200          nan          nan     352.8640
2019.739900          nan          nan     363.5028
2019.742600          nan          nan     364.1530
2019.745400          nan          nan     360.0613
2019.748100          nan          nan     353.7937
2019.750900          nan          nan     352.2312
2019.753600          nan          nan     360.5369
2019.756300          nan          nan     385.4520
2019.759100          nan          nan     363.3630
2019.761800          nan          nan     347.5902
2019.764500          nan          nan     364.6771
2019.767300          nan          nan     402.3215
2019.770000          nan          nan     359.1646
2019.772800          nan          nan     353.4308
2019.775500          nan          nan     372.8508
2019.778200          nan          nan     357.4468
2019.781000          nan          nan     357.1614
2019.783700          nan          nan     362.2159
2019.786400          nan          nan     354.1354
2019.789200          nan          nan     368.6252
2019.791900          nan          nan     348.0250
2019.794700          nan          nan     348.6850
2019.797400          nan          nan     368.7766
2019.800100          nan          nan     353.1668
2019.802900          nan          nan     358.2484
2019.805600          nan          nan     355.9968
2019.808400          nan          nan     344.1682
2019.811100          nan          nan     347.1593
2019.813800          nan          nan     359.8284
2019.816600          nan          nan     364.5859
2019.819300          nan          nan     355.2456
2019.822000          nan          nan     347.8891
2019.824800          nan          nan     381.5951
2019.827500          nan          nan     375.0325
2019.830300          nan          nan     370.2459
2019.833000          nan          nan     357.2371
2019.835700          nan          nan     356.1909
2019.838500          nan          nan     353.8792
2019.841200          nan          nan     349.8069
2019.843900          nan          nan     370.2362
2019.846700          nan          nan     347.6057
2019.849400          nan          nan     382.3871
2019.852200          nan          nan     363.9880
2019.854900          nan          nan     349.5351
2019.857600          nan          nan     357.8078
2019.860400          nan          nan     356.4219
2019.863100          nan          nan     365.6573
2019.865800          nan          nan     362.0024
2019.868600          nan          nan     357.2818
2019.871300          nan          nan     357.0450
2019.874100          nan          nan     362.4624
2019.876800          nan          nan     363.3999
2019.879500          nan          nan     361.0746
2019.882300          nan          nan     363.4678
2019.885000          nan          nan     361.1930
2019.887700          nan          nan     355.9192
2019.890500          nan          nan     346.3771
2019.893200          nan          nan     356.4471
2019.896000          nan          nan     369.5510
2019.898700          nan          nan     352.5107
2019.901400          nan          nan     353.2735
2019.904200          nan          nan     367.2820
2019.906900          nan          nan     363.6076
2019.909700          nan          nan     357.5574
2019.912400          nan          nan     344.0983
2019.915100          nan          nan     373.1381
2019.917900          nan          nan     387.7754
2019.920600          nan          nan     361.0357
2019.923300          nan          nan     366.2746
2019.926100          nan          nan     359.8051
2019.928800          nan          nan     359.3859
2019.931600          nan          nan     371.5173
2019.934300          nan          nan     366.9481
2019.937000          nan          nan     358.9006
2019.939800          nan          nan     367.8585
2019.942500          nan          nan     390.8209
2019.945200          nan          nan     372.6353
2019.948000          nan          nan     354.5469
2019.950700          nan          nan     361.7345
2019.953500          nan          nan     363.5998
2019.956200          nan          nan     361.2085
2019.958900          nan          nan     366.4590
2019.961700          nan          nan     356.9440
2019.964400          nan          nan     358.3668
2019.967100          nan          nan     385.1802
2019.969900          nan          nan     363.6348
2019.972600          nan          nan     366.5813
2019.975400          nan          nan     361.4278
2019.978100          nan          nan     363.2136
2019.980800          nan          nan     363.0001
2019.983600          nan          nan     359.8672
2019.986300          nan          nan     351.8857
2019.989000          nan          nan     356.0919
2019.991800          nan          nan     352.6796
2019.994500          nan          nan     359.5081
2019.997300          nan          nan     354.7856
2020.000000          nan          nan     355.6397
2020.002700          nan          nan     347.9804
2020.005500          nan          nan     368.3068
2020.008200          nan          nan     358.6153
2020.011000          nan          nan     370.2867
2020.013700          nan          nan     374.7472
2020.016400          nan          nan     354.2809
2020.019200          nan          nan     367.6527
2020.021900          nan          nan     357.2682
2020.024600          nan          nan     354.9040
2020.027400          nan          nan     353.4094
2020.030100          nan          nan     350.2378
2020.032900          nan          nan     351.7246
2020.035600          nan          nan     352.5573
2020.038300          nan          nan     362.3750
2020.041100          nan          nan     360.0788
2020.043800          nan          nan     362.9341
2020.046500          nan          nan     365.4768
2020.049300          nan          nan     376.5950
2020.052000          nan          nan     368.1457
2020.054800          nan          nan     372.6450
2020.057500          nan          nan     368.6679
2020.060200          nan          nan     366.5036
2020.063000          nan          nan     380.0792
2020.065700          nan          nan     364.0463
2020.068400          nan          nan     361.7811
2020.071200          nan          nan     353.6074
2020.073900          nan          nan     357.0353
2020.076700          nan          nan     363.9861
2020.079400          nan          nan     363.4504
2020.082100          nan          nan     359.0947
2020.084900          nan          nan     351.4587
2020.087600          nan          nan     348.7742
2020.090300          nan          nan     359.7838
2020.093100          nan          nan     348.9101
2020.095800          nan          nan     354.2344
2020.098600          nan          nan     356.6781
2020.101300          nan          nan     362.8642
2020.104000          nan          nan     359.6343
2020.106800          nan          nan     357.6350
2020.109500          nan          nan     357.8621
2020.112300          nan          nan     353.3318
2020.115000          nan          nan     357.9883
2020.117700          nan          nan     357.2604
2020.120500          nan          nan     349.4517
2020.123200          nan          nan     354.3042
2020.125900          nan          nan     365.3021
2020.128700          nan          nan     357.1440
2020.131400          nan          nan     344.9310
2020.134200          nan          nan     347.0390
2020.136900          nan          nan     346.3984
2020.139600          nan          nan     356.9654
2020.142400          nan          nan     349.1993
2020.145100          nan          nan     352.6951
2020.147800          nan          nan     368.9280
2020.150600          nan          nan     356.3889
2020.153300          nan          nan     360.9833
2020.156100          nan          nan     354.0810
2020.158800          nan          nan     370.9059
2020.161500          nan          nan     361.0377
2020.164300          nan          nan     365.1546
2020.167000          nan          nan     352.1885
2020.169700          nan          nan     351.6508
2020.172500          nan          nan     363.1223
2020.175200          nan          nan     371.0340
2020.178000          nan          nan     360.3428
2020.180700          nan          nan     356.2647
2020.183400          nan          nan     361.9771
2020.186200          nan          nan     354.0907
2020.188900          nan          nan     373.2701
2020.191600          nan          nan     392.2669
2020.194400          nan          nan     369.4637
2020.197100          nan          nan     357.3866
2020.199900          nan          nan     364.9935
2020.202600          nan          nan     364.3607
2020.205300          nan          nan     377.1366
2020.208100          nan          nan     370.8282
2020.210800          nan          nan     369.7607
2020.213600          nan          nan     379.9821
2020.216300          nan          nan     373.1148
2020.219000          nan          nan     375.1451
2020.221800          nan          nan     359.2500
2020.224500          nan          nan     367.5343
2020.227200          nan          nan     362.8739
2020.230000          nan          nan     378.1110
2020.232700          nan          nan     370.8574
2020.235500          nan          nan     394.8466
2020.238200          nan          nan     365.4943
2020.240900          nan          nan     362.3304
2020.243700          nan          nan     361.6200
2020.246400          nan          nan     359.4324
2020.249100          nan          nan     369.8208
2020.251900          nan          nan     372.9983
2020.254600          nan          nan     359.5276
2020.257400          nan          nan     352.5418
2020.260100          nan          nan     363.2737
2020.262800          nan          nan     390.3880
2020.265600          nan          nan     367.1733
2020.268300          nan          nan     366.3250
2020.271000          nan          nan     369.1881
2020.273800          nan          nan     370.2556
2020.276500          nan          nan     366.2862
2020.279300          nan          nan     375.0170
2020.282000          nan          nan     375.0791
2020.284700          nan          nan     379.4833
2020.287500          nan          nan     384.0428
2020.290200          nan          nan     367.9943
2020.293000          nan          nan     359.1491
2020.295700          nan          nan     370.1528
2020.298400          nan          nan     370.2323
2020.301200          nan          nan     376.0205
2020.303900          nan          nan     386.1449
2020.306600          nan          nan     398.2375
2020.309400          nan          nan     379.1029
2020.312100          nan          nan     378.1071
2020.314900          nan          nan     370.5934
2020.317600          nan          nan     390.3201
2020.320300          nan          nan     370.4459
2020.323100          nan          nan     367.8973
2020.325800          nan          nan     376.1622
2020.328500          nan          nan     376.1816
2020.331300          nan          nan     408.2203
2020.334000          nan          nan     378.9631
2020.336800          nan          nan     376.6940
2020.339500          nan          nan     400.8075
2020.342200          nan          nan     370.1683
2020.345000          nan          nan     384.6950
2020.347700          nan          nan     371.4474
2020.350400          nan          nan     386.8980
2020.353200          nan          nan     390.7258
2020.355900          nan          nan     402.6844
2020.358700          nan          nan     409.5518
2020.361400          nan          nan     388.0879
2020.364100          nan          nan     386.3021
2020.366900          nan          nan     405.9299
2020.369600          nan          nan     381.3564
2020.372300          nan          nan     384.8270
2020.375100          nan          nan     371.6512
2020.377800          nan          nan     381.8785
2020.380600          nan          nan     380.3412
2020.383300          nan          nan     377.8101
2020.386000          nan          nan     376.6630
2020.388800          nan          nan     379.7919
2020.391500          nan          nan     381.5602
2020.394300          nan          nan     404.6895
2020.397000          nan          nan     391.0305
2020.399700          nan          nan     400.0796
2020.402500          nan          nan     384.3805
2020.405200          nan          nan     387.4415
2020.407900          nan          nan     387.7191
2020.410700          nan          nan     384.7843
2020.413400          nan          nan     393.4238
2020.416200          nan          nan     394.8621
2020.418900          nan          nan     392.2320
2020.421600          nan          nan     377.9149
2020.424400          nan          nan     422.4189
2020.427100          nan          nan     395.9918
2020.429800          nan          nan     386.3099
2020.432600          nan          nan     376.2146
2020.435300          nan          nan     382.7229
2020.438100          nan          nan     379.4115
2020.440800          nan          nan     390.9334
2020.443500          nan          nan     409.2645
2020.446300          nan          nan     392.0631
2020.449000          nan          nan     394.6525
2020.451700          nan          nan     396.1179
2020.454500          nan          nan     396.1199
2020.457200          nan          nan     402.3292
2020.460000          nan          nan     388.9089
2020.462700          nan          nan     384.4601
2020.465400          nan          nan     388.0898
2020.468200          nan          nan     411.5550
2020.470900          nan          nan     375.7371
2020.473600          nan          nan     390.5549
2020.476400          nan          nan     392.4901
2020.479100          nan          nan     396.8885
2020.481900          nan          nan     392.0146
2020.484600          nan          nan     398.1813
2020.487300          nan          nan     412.0810
2020.490100          nan          nan     397.1972
2020.492800          nan          nan     386.0789
2020.495600          nan          nan     401.0268
2020.498300          nan          nan     408.4105
2020.501000          nan          nan     402.8611
2020.503800          nan          nan     396.0073
2020.506500          nan          nan     408.3270
2020.509200          nan          nan     398.4200
2020.512000          nan          nan     394.1070
2020.514700          nan          nan     411.4812
2020.517500          nan          nan     391.8030
2020.520200          nan          nan     400.9686
2020.522900          nan          nan     410.2195
2020.525700          nan          nan     404.1363
2020.528400          nan          nan     395.3706
2020.531100          nan          nan     388.5169
2020.533900          nan          nan     384.8367
2020.536600          nan          nan     392.2087
2020.539400          nan          nan     385.3336
2020.542100          nan          nan     372.0161
2020.544800          nan          nan     384.2990
2020.547600          nan          nan     401.4480
2020.550300          nan          nan     378.2566
2020.553000          nan          nan     407.9194
2020.555800          nan          nan     393.4665
2020.558500          nan          nan     409.1306
2020.561300          nan          nan     397.7911
2020.564000          nan          nan     402.3778
2020.566700          nan          nan     387.7191
2020.569500          nan          nan     405.6911
2020.572200          nan          nan     390.5976
2020.574900          nan          nan     397.8474
2020.577700          nan          nan     399.3575
2020.580400          nan          nan     399.5885
2020.583200          nan          nan     381.9736
2020.585900          nan          nan     391.1741
2020.588600          nan          nan     402.3234
2020.591400          nan          nan     404.4333
2020.594100          nan          nan     410.0507
2020.596900          nan          nan     375.7779
2020.599600          nan          nan     418.5893
2020.602300          nan          nan     401.6945
2020.605100          nan          nan     427.1337
2020.607800          nan          nan     402.3467
2020.610500          nan          nan     442.1961
2020.613300          nan          nan     423.4341
2020.616000          nan          nan     408.8763
2020.618800          nan          nan     442.5591
2020.621500          nan          nan     448.8616
2020.624200          nan          nan     412.2964
2020.627000          nan          nan     396.7779
2020.629700          nan          nan     391.2227
2020.632400          nan          nan     396.5314
2020.635200          nan          nan     397.1525
2020.637900          nan          nan     395.4929
2020.640700          nan          nan     401.9003
2020.643400          nan          nan     388.7614
2020.646100          nan          nan     406.6014
2020.648900          nan          nan     400.1883
2020.651600          nan          nan     410.6679
2020.654300          nan          nan     403.6705
2020.657100          nan          nan     404.1053
2020.659800          nan          nan     390.8247
2020.662600          nan          nan     397.4534
2020.665300          nan          nan     389.9649
2020.668000          nan          nan     382.2667
2020.670800          nan          nan     401.7314
2020.673500          nan          nan     403.7404
2020.676200          nan          nan     396.5100
2020.679000          nan          nan     392.3504
2020.681700          nan          nan     405.5921
2020.684500          nan          nan     410.6233
2020.687200          nan          nan     394.0954
2020.689900          nan          nan     399.6584
2020.692700          nan          nan     392.7716
2020.695400          nan          nan     401.4907
2020.698200          nan          nan     396.8206
2020.700900          nan          nan     402.3642
2020.703600          nan          nan     406.0813
2020.706400          nan          nan     399.2682
2020.709100          nan          nan     393.3170
2020.711800          nan          nan     411.3240
2020.714600          nan          nan     417.9778
2020.717300          nan          nan     408.6027
2020.720100          nan          nan     394.3477
2020.722800          nan          nan     393.2879
2020.725500          nan          nan     402.8126
2020.728300          nan          nan     400.5299
2020.731000          nan          nan     406.3006
2020.733700          nan          nan     400.3940
2020.736500          nan          nan     395.8753
2020.739200          nan          nan     398.7733
2020.742000          nan          nan     403.3425
2020.744700          nan          nan     399.1789
2020.747400          nan          nan     396.4751
2020.750200          nan          nan     403.3949
2020.752900          nan          nan     389.6543
2020.755600          nan          nan     400.8172
2020.758400          nan          nan     404.5925
2020.761100          nan          nan     410.4699
2020.763900          nan          nan     396.7546
2020.766600          nan          nan     394.7728
2020.769300          nan          nan     386.1391
2020.772100          nan          nan     378.1750
2020.774800          nan          nan     396.9487
2020.777500          nan          nan     395.0892
2020.780300          nan          nan     417.0850
2020.783000          nan          nan     387.6822
2020.785800          nan          nan     408.1601
2020.788500          nan          nan     386.3584
2020.791200          nan          nan     388.9497
2020.794000          nan          nan     382.8122
2020.796700          nan          nan     387.5852
2020.799500          nan          nan     376.6882
2020.802200          nan          nan     381.6689
2020.804900          nan          nan     380.9197
2020.807700          nan          nan     391.3275
2020.810400          nan          nan     406.1705
2020.813100          nan          nan     412.9137
2020.815900          nan          nan     388.8294
2020.818600          nan          nan     381.4631
2020.821400          nan          nan     374.9859
2020.824100          nan          nan     389.1943
2020.826800          nan          nan     381.8067
2020.829600          nan          nan     402.5330
2020.832300          nan          nan     384.8580
2020.835000          nan          nan     404.7458
2020.837800          nan          nan     407.9019
2020.840500          nan          nan     386.9194
2020.843300          nan          nan     386.2129
2020.846000          nan          nan     374.0756
2020.848700          nan          nan     394.3244
2020.851500          nan          nan     412.9525
2020.854200          nan          nan     407.9272
2020.856900          nan          nan     389.3146
2020.859700          nan          nan     391.8205
2020.862400          nan          nan     387.4202
2020.865200          nan          nan     389.9435
2020.867900          nan          nan     413.5678
2020.870600          nan          nan     392.8454
2020.873400          nan          nan     404.1771
2020.876100          nan          nan     394.6233
2020.878900          nan          nan     401.1685
2020.881600          nan          nan     408.6492
2020.884300          nan          nan     399.1634
2020.887100          nan          nan     446.1810
2020.889800          nan          nan     399.0780
2020.892500          nan          nan     407.5467
2020.895300          nan          nan     437.9025
2020.898000          nan          nan     402.6476
2020.900800          nan          nan     404.0141
2020.903500          nan          nan     409.3635
2020.906200          nan          nan     405.9861
2020.909000          nan          nan     392.1155
2020.911700          nan          nan     400.6270
2020.914400          nan          nan     410.9474
2020.917200          nan          nan     417.2344
2020.919900          nan          nan     409.5208
2020.922700          nan          nan     413.9172
2020.925400          nan          nan     411.8811
2020.928100          nan          nan     407.8709
2020.930900          nan          nan     408.3076
2020.933600          nan          nan     409.7886
2020.936300          nan          nan     416.1804
2020.939100          nan          nan     407.8107
2020.941800          nan          nan     413.1680
2020.944600          nan          nan     410.4990
2020.947300          nan          nan     418.0322
2020.950000          nan          nan     404.5789
2020.952800          nan          nan     405.2466
2020.955500          nan          nan     419.2783
2020.958200          nan          nan     403.7675
2020.961000          nan          nan     391.9137
2020.963700          nan          nan     406.2967
2020.966500          nan          nan     406.1841
2020.969200          nan          nan     399.6817
2020.971900          nan          nan     405.5785
2020.974700          nan          nan     402.6709
2020.977400          nan          nan     426.8309
2020.980200          nan          nan     403.8122
2020.982900          nan          nan     432.4870
2020.985600          nan          nan     424.0416
2020.988400          nan          nan     411.6423
2020.991100          nan          nan     404.2431
2020.993800          nan          nan     411.4637
2020.996600          nan          nan     414.7188
2020.999300          nan          nan     423.2768
2021.002100          nan          nan     410.9921
2021.004800          nan          nan     411.1027
2021.007500          nan          nan     406.2210
2021.010300          nan          nan     402.9251
2021.013000          nan          nan     394.1517
2021.015700          nan          nan     406.7315
2021.018500          nan          nan     403.5366
2021.021200          nan          nan     409.3597
2021.024000          nan          nan     415.7883
2021.026700          nan          nan     401.4597
2021.029400          nan          nan     412.8457
2021.032200          nan          nan     418.8901
2021.034900          nan          nan     407.6807
2021.037600          nan          nan     418.9969
2021.040400          nan          nan     404.5944
2021.043100          nan          nan     421.2504
2021.045900          nan          nan     381.6825
2021.048600          nan          nan     387.2921
2021.051300          nan          nan     394.1458
2021.054100          nan          nan     412.1547
2021.056800          nan          nan     401.4131
2021.059500          nan          nan     398.1366
2021.062300          nan          nan     403.9442
2021.065000          nan          nan     406.0385
2021.067800          nan          nan     393.3112
2021.070500          nan          nan     407.1022
2021.073200          nan          nan     408.9753
2021.076000          nan          nan     401.7275
2021.078700          nan          nan     399.0062
2021.081500          nan          nan     406.1783
2021.084200          nan          nan     409.3849
2021.086900          nan          nan     405.3184
2021.089700          nan          nan     416.8249
2021.092400          nan          nan     405.8677
2021.095100          nan          nan     388.8682
2021.097900          nan          nan     393.2083
2021.100600          nan          nan     396.8827
2021.103400          nan          nan     418.3195
2021.106100          nan          nan     393.6043
2021.108800          nan          nan     413.4708
2021.111600          nan          nan     413.1427
2021.114300          nan          nan     411.4482
2021.117000          nan          nan     399.3517
2021.119800          nan          nan     400.4076
2021.122500          nan          nan     408.9093
2021.125300          nan          nan     406.5296
2021.128000          nan          nan     399.2682
2021.130700          nan          nan     396.1373
2021.133500          nan          nan     407.8456
2021.136200          nan          nan     411.5006
2021.138900          nan          nan     402.9057
2021.141700          nan          nan     405.8406
2021.144400          nan          nan     406.0890
2021.147200          nan          nan     430.0802
2021.149900          nan          nan     411.3259
2021.152600          nan          nan     399.2876
2021.155400          nan          nan     402.6961
2021.158100          nan          nan     399.2352
2021.160800          nan          nan     398.5171
2021.163600          nan          nan     395.1979
2021.166300          nan          nan     404.3848
2021.169100          nan          nan     389.8717
2021.171800          nan          nan     393.8275
2021.174500          nan          nan     410.6058
2021.177300          nan          nan     410.3108
2021.180000          nan          nan     389.6543
2021.182800          nan          nan     396.3586
2021.185500          nan          nan     398.2705
2021.188200          nan          nan     402.6146
2021.191000          nan          nan     385.3491
2021.193700          nan          nan     386.7447
2021.196400          nan          nan     410.5029
2021.199200          nan          nan     403.8898
2021.201900          nan          nan     409.0569
2021.204700          nan          nan     424.5269
2021.207400          nan          nan     411.2949
2021.210100          nan          nan     388.6508
2021.212900          nan          nan     388.2684
2021.215600          nan          nan     404.4702
2021.218300          nan          nan     404.1616
2021.221100          nan          nan     428.5720
2021.223800          nan          nan     392.9308
2021.226600          nan          nan     407.5545
2021.229300          nan          nan     405.7222
2021.232000          nan          nan     398.6005
2021.234800          nan          nan     411.6345
2021.237500          nan          nan     415.4603
2021.240200          nan          nan     404.3712
2021.243000          nan          nan     408.5231
2021.245700          nan          nan     405.2874
2021.248500          nan          nan     404.2897
2021.251200          nan          nan     407.2866
2021.253900          nan          nan     414.7732
2021.256700          nan          nan     414.0104
2021.259400          nan          nan     400.1514
2021.262100          nan          nan     398.4782
2021.264900          nan          nan     409.0277
2021.267600          nan          nan     407.7234
2021.270400          nan          nan     397.3738
2021.273100          nan          nan     394.6272
2021.275800          nan          nan     398.7112
2021.278600          nan          nan     391.2634
2021.281300          nan          nan     428.3449
2021.284100          nan          nan     414.6354
2021.286800          nan          nan     411.8636
2021.289500          nan          nan     403.9714
2021.292300          nan          nan     425.1596
2021.295000          nan          nan     430.6334
2021.297700          nan          nan     421.3261
2021.300500          nan          nan     422.8945
2021.303200          nan          nan     425.3130
2021.306000          nan          nan     422.1938
2021.308700          nan          nan     409.1597
2021.311400          nan          nan     414.3675
2021.314200          nan          nan     408.3018
2021.316900          nan          nan     419.7966
2021.319600          nan          nan     417.8458
2021.322400          nan          nan     427.8654
2021.325100          nan          nan     432.0290
2021.327900          nan          nan     425.2004
2021.330600          nan          nan     427.9043
2021.333300          nan          nan     413.7541
2021.336100          nan          nan     432.4288
2021.338800          nan          nan     417.5295
2021.341500          nan          nan     444.8068
2021.344300          nan          nan     415.8951
2021.347000          nan          nan     431.3457
2021.349800          nan          nan     434.7600
2021.352500          nan          nan     448.1803
2021.355200          nan          nan     429.0145
2021.358000          nan          nan     415.0527
2021.360700          nan          nan     415.3458
2021.363400          nan          nan     412.1198
2021.366200          nan          nan     421.2679
2021.368900          nan          nan     430.7615
2021.371700          nan          nan     442.4251
2021.374400          nan          nan     431.5165
2021.377100          nan          nan     439.1623
2021.379900          nan          nan     433.8108
2021.382600          nan          nan     435.3054
2021.385400          nan          nan     437.0698
2021.388100          nan          nan     437.2057
2021.390800          nan          nan     421.5649
2021.393600          nan          nan     432.4094
2021.396300          nan          nan     422.1646
2021.399000          nan          nan     429.9734
2021.401800          nan          nan     429.1970
2021.404500          nan          nan     423.4574
2021.407300          nan          nan     443.7994
2021.410000          nan          nan     441.8331
2021.412700          nan          nan     422.5237
2021.415500          nan          nan     425.5537
2021.418200          nan          nan     423.2341
2021.420900          nan          nan     426.1515
2021.423700          nan          nan     426.8542
2021.426400          nan          nan     430.3752
2021.429200          nan          nan     418.3311
2021.431900          nan          nan     414.4917
2021.434600          nan          nan     436.1731
2021.437400          nan          nan     430.7537
2021.440100          nan          nan     419.6956
2021.442800          nan          nan     407.5584
2021.445600          nan          nan     442.0389
2021.448300          nan          nan     429.0223
2021.451100          nan          nan     441.3847
2021.453800          nan          nan     437.8210
2021.456500          nan          nan     427.5122
2021.459300          nan          nan     433.4459
2021.462000          nan          nan     434.9754
2021.464800          nan          nan     426.8095
2021.467500          nan          nan     438.0695
2021.470200          nan          nan     426.6639
2021.473000          nan          nan     434.6377
2021.475700          nan          nan     427.4345
2021.478400          nan          nan     439.9950
2021.481200          nan          nan     431.4234
2021.483900          nan          nan     425.2062
2021.486700          nan          nan     428.5118
2021.489400          nan          nan     423.9116
2021.492100          nan          nan     434.0302
2021.494900          nan          nan     433.7856
2021.497600          nan          nan     423.5971
2021.500300          nan          nan     437.2892
2021.503100          nan          nan     432.2716
2021.505800          nan          nan     452.5398
2021.508600          nan          nan     458.5532
2021.511300          nan          nan     434.8008
2021.514000          nan          nan     445.9694
2021.516800          nan          nan     441.4100
2021.519500          nan          nan     453.3240
2021.522200          nan          nan     447.4505
2021.525000          nan          nan     449.6147
2021.527700          nan          nan     441.5458
2021.530500          nan          nan     429.0689
2021.533200          nan          nan     429.9016
2021.535900          nan          nan     439.1331
2021.538700          nan          nan     437.0135
2021.541400          nan          nan     429.5425
2021.544100          nan          nan     439.0963
2021.546900          nan          nan     442.6872
2021.549600          nan          nan     450.0495
2021.552400          nan          nan     439.4631
2021.555100          nan          nan     435.0414
2021.557800          nan          nan     437.2911
2021.560600          nan          nan     439.4398
2021.563300          nan          nan     448.3181
2021.566100          nan          nan     457.2740
2021.568800          nan          nan     451.6314
2021.571500          nan          nan     411.9975
2021.574300          nan          nan     453.3473
2021.577000          nan          nan     447.8348
2021.579700          nan          nan     470.3643
2021.582500          nan          nan     453.2444
2021.585200          nan          nan     445.4027
2021.588000          nan          nan     449.7875
2021.590700          nan          nan     464.0521
2021.593400          nan          nan     460.8882
2021.596200          nan          nan     440.3579
2021.598900          nan          nan     438.9060
2021.601600          nan          nan     456.5694
2021.604400          nan          nan     426.1670
2021.607100          nan          nan     433.6090
2021.609900          nan          nan     439.5252
2021.612600          nan          nan     433.7118
2021.615300          nan          nan     440.8121
2021.618100          nan          nan     441.2605
2021.620800          nan          nan     428.5118
2021.623500          nan          nan     441.2469
2021.626300          nan          nan     456.1579
2021.629000          nan          nan     449.3022
2021.631800          nan          nan     435.0162
2021.634500          nan          nan     449.9854
2021.637200          nan          nan     439.2069
2021.640000          nan          nan     455.3602
2021.642700          nan          nan     437.4968
2021.645400          nan          nan     448.4365
2021.648200          nan          nan     458.6405
2021.650900          nan          nan     469.3492
2021.653700          nan          nan     481.5369
2021.656400          nan          nan     453.3376
2021.659100          nan          nan     457.6661
2021.661900          nan          nan     464.4442
2021.664600          nan          nan     459.6615
2021.667400          nan          nan     434.2806
2021.670100          nan          nan     424.0416
2021.672800          nan          nan     430.0530
2021.675600          nan          nan     459.1199
2021.678300          nan          nan     438.4712
2021.681000          nan          nan     439.5835
2021.683800          nan          nan     446.3654
2021.686500          nan          nan     448.6325
2021.689300          nan          nan     459.6731
2021.692000          nan          nan     444.2769
2021.694700          nan          nan     460.5427
2021.697500          nan          nan     491.8283
2021.700200          nan          nan     454.6245
2021.702900          nan          nan     442.8502
2021.705700          nan          nan     449.7797
2021.708400          nan          nan     445.2687
2021.711200          nan          nan     426.7338
2021.713900          nan          nan     442.7997
2021.716600          nan          nan     444.4671
2021.719400          nan          nan     453.4055
2021.722100          nan          nan     446.9283
2021.724800          nan          nan     462.3479
2021.727600          nan          nan     489.4544
2021.730300          nan          nan     440.0377
2021.733100          nan          nan     432.6462
2021.735800          nan          nan     439.2069
2021.738500          nan          nan     432.4948
2021.741300          nan          nan     430.9362
2021.744000          nan          nan     456.8606
2021.746700          nan          nan     421.0214
2021.749500          nan          nan     452.4700
2021.752200          nan          nan     445.3211
2021.755000          nan          nan     439.1739
2021.757700          nan          nan     448.9819
2021.760400          nan          nan     442.8949
2021.763200          nan          nan     440.0939
2021.765900          nan          nan     439.6766
2021.768700          nan          nan     436.0275
2021.771400          nan          nan     437.4677
2021.774100          nan          nan     456.8722
2021.776900          nan          nan     449.0557
2021.779600          nan          nan     427.6655
2021.782300          nan          nan     435.0356
2021.785100          nan          nan     442.5358
2021.787800          nan          nan     448.2424
2021.790600          nan          nan     449.7098
2021.793300          nan          nan     438.5935
2021.796000          nan          nan     426.6445
2021.798800          nan          nan     439.1720
2021.801500          nan          nan     441.9845
2021.804200          nan          nan     433.1004
2021.807000          nan          nan     433.0383
2021.809700          nan          nan     440.8509
2021.812500          nan          nan     434.1796
2021.815200          nan          nan     439.9154
2021.817900          nan          nan     431.3923
2021.820700          nan          nan     431.2681
2021.823400          nan          nan     449.1605
2021.826100          nan          nan     432.6307
2021.828900          nan          nan     426.8134
2021.831600          nan          nan     437.3105
2021.834400          nan          nan     438.4712
2021.837100          nan          nan     442.0389
2021.839800          nan          nan     430.6974
2021.842600          nan          nan     439.5097
2021.845300          nan          nan     425.9031
2021.848000          nan          nan     430.7091
2021.850800          nan          nan     430.9226
2021.853500          nan          nan     422.1705
2021.856300          nan          nan     435.6897
2021.859000          nan          nan     448.8771
2021.861700          nan          nan     454.2538
2021.864500          nan          nan     445.5502
2021.867200          nan          nan     434.1816
2021.870000          nan          nan     448.6228
2021.872700          nan          nan     436.8350
2021.875400          nan          nan     446.5246
2021.878200          nan          nan     431.0254
2021.880900          nan          nan     442.1825
2021.883600          nan          nan     456.6199
2021.886400          nan          nan     434.1777
2021.889100          nan          nan     433.4925
2021.891900          nan          nan     463.5552
2021.894600          nan          nan     432.2405
2021.897300          nan          nan     433.3100
2021.900100          nan          nan     439.7970
2021.902800          nan          nan     440.4239
2021.905500          nan          nan     436.4467
2021.908300          nan          nan     439.7154
2021.911000          nan          nan     436.4196
2021.913800          nan          nan     443.4325
2021.916500          nan          nan     466.4415
2021.919200          nan          nan     434.6241
2021.922000          nan          nan     433.0732
2021.924700          nan          nan     437.3862
2021.927400          nan          nan     433.4071
2021.930200          nan          nan     427.3200
2021.932900          nan          nan     430.1035
2021.935700          nan          nan     433.8089
2021.938400          nan          nan     434.0185
2021.941100          nan          nan     426.2525
2021.943900          nan          nan     434.3155
2021.946600          nan          nan     456.9887
2021.949300          nan          nan     452.0526
2021.952100          nan          nan     451.3480
2021.954800          nan          nan     440.5637
2021.957600          nan          nan     451.4567
2021.960300          nan          nan     455.7639
2021.963000          nan          nan     452.8368
2021.965800          nan          nan     443.0113
2021.968500          nan          nan     447.7008
2021.971300          nan          nan     456.5908
2021.974000          nan          nan     432.5724
2021.976700          nan          nan     452.2836
2021.979500          nan          nan     450.8492
2021.982200          nan          nan     450.6920
2021.984900          nan          nan     450.6648
2021.987700          nan          nan     442.3300
2021.990400          nan          nan     424.2299
2021.993200          nan          nan     447.1612
2021.995900          nan          nan     446.9147
2021.998600          nan          nan     448.6403
2022.001400          nan          nan     449.0596
2022.004100          nan          nan     445.9345
2022.006800          nan          nan     443.1122
2022.009600          nan          nan     453.3260
2022.012300          nan          nan     431.9960
2022.015100          nan          nan     436.5632
2022.017800          nan          nan     439.0206
2022.020500          nan          nan     448.1783
2022.023300          nan          nan     454.1082
2022.026000          nan          nan     435.6199
2022.028700          nan          nan     450.9268
2022.031500          nan          nan     442.2465
2022.034200          nan          nan     437.7531
2022.037000          nan          nan     457.6001
2022.039700          nan          nan     446.9963
2022.042400          nan          nan     439.8940
2022.045200          nan          nan     435.6121
2022.047900          nan          nan     432.1978
2022.050700          nan          nan     434.4281
2022.053400          nan          nan     429.7385
2022.056100          nan          nan     429.9229
2022.058900          nan          nan     431.3380
2022.061600          nan          nan     447.0293
2022.064300          nan          nan     439.7310
2022.067100          nan          nan     434.2573
2022.069800          nan          nan     436.4778
2022.072600          nan          nan     451.3966
2022.075300          nan          nan     448.4520
2022.078000          nan          nan     448.2055
2022.080800          nan          nan     444.6651
2022.083500          nan          nan     444.0711
2022.086200          nan          nan     436.6758
2022.089000          nan          nan     465.6806
2022.091700          nan          nan     437.1766
2022.094500          nan          nan     444.1643
2022.097200          nan          nan     436.9669
2022.099900          nan          nan     441.9476
2022.102700          nan          nan     436.8680
2022.105400          nan          nan     433.6944
2022.108100          nan          nan     435.4898
2022.110900          nan          nan     439.4107
2022.113600          nan          nan     438.9080
2022.116400          nan          nan     441.0528
2022.119100          nan          nan     445.8083
2022.121800          nan          nan     443.4655
2022.124600          nan          nan     444.2691
2022.127300          nan          nan     434.7173
2022.130000          nan          nan     439.4476
2022.132800          nan          nan     429.5774
2022.135500          nan          nan     444.3467
2022.138300          nan          nan     450.4435
2022.141000          nan          nan     458.7220
2022.143700          nan          nan     441.5652
2022.146500          nan          nan     448.9839
2022.149200          nan          nan     452.7922
2022.152000          nan          nan     465.6981
2022.154700          nan          nan     456.2666
2022.157400          nan          nan     457.7010
2022.160200          nan          nan     464.9721
2022.162900          nan          nan     451.4742
2022.165600          nan          nan     470.7758
2022.168400          nan          nan     451.3248
2022.171100          nan          nan     454.4983
2022.173900          nan          nan     455.8998
2022.176600          nan          nan     438.5955
2022.179300          nan          nan     442.4504
2022.182100          nan          nan     443.3685
2022.184800          nan          nan     445.3114
2022.187500          nan          nan     441.2954
2022.190300          nan          nan     452.4583
2022.193000          nan          nan     452.7456
2022.195800          nan          nan     457.1013
2022.198500          nan          nan     446.5886
2022.201200          nan          nan     443.3005
2022.204000          nan          nan     442.1670
2022.206700          nan          nan     441.8875
2022.209400          nan          nan     456.5422
2022.212200          nan          nan     455.8687
2022.214900          nan          nan     450.5678
2022.217700          nan          nan     454.8225
2022.220400          nan          nan     444.0323
2022.223100          nan          nan     449.7176
2022.225900          nan          nan     448.6539
2022.228600          nan          nan     442.1611
2022.231300          nan          nan     451.9653
2022.234100          nan          nan     459.7314
2022.236800          nan          nan     445.4764
2022.239600          nan          nan     436.7670
2022.242300          nan          nan     440.3308
2022.245000          nan          nan     435.4005
2022.247800          nan          nan     441.0489
2022.250500          nan          nan     431.6543
2022.253300          nan          nan     428.9893
2022.256000          nan          nan     436.7010
2022.258700          nan          nan     435.0977
2022.261500          nan          nan     455.2631
2022.264200          nan          nan     452.2739
2022.266900          nan          nan     450.4571
2022.269700          nan          nan     456.0356
2022.272400          nan          nan     445.1484
2022.275200          nan          nan     463.0389
2022.277900          nan          nan     442.7667
2022.280600          nan          nan     461.6336
2022.283400          nan          nan     455.9813
2022.286100          nan          nan     453.3842
2022.288800          nan          nan     443.3122
2022.291600          nan          nan     445.3736
2022.294300          nan          nan     464.1589
2022.297100          nan          nan     459.1568
2022.299800          nan          nan     454.3722
2022.302500          nan          nan     459.3917
2022.305300          nan          nan     488.6527
2022.308000          nan          nan     449.4109
2022.310700          nan          nan     458.5279
2022.313500          nan          nan     456.9343
2022.316200          nan          nan     465.6166
2022.319000          nan          nan     460.8785
2022.321700          nan          nan     446.9730
2022.324400          nan          nan     469.8208
2022.327200          nan          nan     465.8417
2022.329900          nan          nan     464.3801
2022.332600          nan          nan     438.1646
2022.335400          nan          nan     447.5456
2022.338100          nan          nan     442.8153
2022.340900          nan          nan     448.3530
2022.343600          nan          nan     441.3595
2022.346300          nan          nan     459.0171
2022.349100          nan          nan     454.8244
2022.351800          nan          nan     456.0492
2022.354600          nan          nan     455.1039
2022.357300          nan          nan     455.2728
2022.360000          nan          nan     463.0311
2022.362800          nan          nan     458.5105
2022.365500          nan          nan     481.4146
2022.368200          nan          nan     465.0246
2022.371000          nan          nan     461.3055
2022.373700          nan          nan     456.7674
2022.376500          nan          nan     461.6705
2022.379200          nan          nan     478.5303
2022.381900          nan          nan     469.2715
2022.384700          nan          nan     464.8537
2022.387400          nan          nan     462.3983
2022.390100          nan          nan     446.6372
2022.392900          nan          nan     455.4902
2022.395600          nan          nan     457.2061
2022.398400          nan          nan     455.2592
2022.401100          nan          nan     470.8263
2022.403800          nan          nan     469.1318
2022.406600          nan          nan     471.9463
2022.409300          nan          nan     465.5448
2022.412000          nan          nan     476.0826
2022.414800          nan          nan     456.2821
2022.417500          nan          nan     467.4877
2022.420300          nan          nan     463.9123
2022.423000          nan          nan     469.8810
2022.425700          nan          nan     468.4466
2022.428500          nan          nan     467.2567
2022.431200          nan          nan     472.1578
2022.433900          nan          nan     474.3764
2022.436700          nan          nan     476.2903
2022.439400          nan          nan     466.2843
2022.442200          nan          nan     455.9852
2022.444900          nan          nan     469.4540
2022.447600          nan          nan     467.2800
2022.450400          nan          nan     479.4561
2022.453100          nan          nan     483.7245
2022.455900          nan          nan     457.6836
2022.458600          nan          nan     478.3769
2022.461300          nan          nan     481.0089
2022.464100          nan          nan     496.8186
2022.466800          nan          nan     470.1023
2022.469500          nan          nan     478.7205
2022.472300          nan          nan     469.7024
2022.475000          nan          nan     498.0978
2022.477800          nan          nan     492.7716
2022.480500          nan          nan     538.1859
2022.483200          nan          nan     545.5191
2022.486000          nan          nan     487.1310
2022.488700          nan          nan     501.1452
2022.491400          nan          nan     514.8955
2022.494200          nan          nan     487.1290
2022.496900          nan          nan     507.7020
2022.499700          nan          nan     485.8984
2022.502400          nan          nan     482.2842
2022.505100          nan          nan     501.5101
2022.507900          nan          nan     498.2375
2022.510600          nan          nan     468.2176
2022.513300          nan          nan     476.4747
2022.516100          nan          nan     492.1932
2022.518800          nan          nan     500.9200
2022.521600          nan          nan     506.8363
2022.524300          nan          nan     470.2323
2022.527000          nan          nan     497.2496
2022.529800          nan          nan     490.8325
2022.532500          nan          nan     482.8122
2022.535200          nan          nan     477.8509
2022.538000          nan          nan     477.7538
2022.540700          nan          nan     477.7228
2022.543500          nan          nan     506.3705
2022.546200          nan          nan     495.3163
2022.548900          nan          nan     491.9932
2022.551700          nan          nan     477.4103
2022.554400          nan          nan     502.0128
2022.557200          nan          nan     500.6367
2022.559900          nan          nan     482.4337
2022.562600          nan          nan     483.0626
2022.565400          nan          nan     486.4186
2022.568100          nan          nan     474.6404
2022.570800          nan          nan     484.5863
2022.573600          nan          nan     486.5176
2022.576300          nan          nan     480.0578
2022.579100          nan          nan     482.8490
2022.581800          nan          nan     499.0004
2022.584500          nan          nan     507.6748
2022.587300          nan          nan     480.1685
2022.590000          nan          nan     476.7309
2022.592700          nan          nan     475.1043
2022.595500          nan          nan     479.1844
2022.598200          nan          nan     504.3188
2022.601000          nan          nan     499.9728
2022.603700          nan          nan     520.0023
2022.606400          nan          nan     508.3367
2022.609200          nan          nan     513.4145
2022.611900          nan          nan     506.2676
2022.614600          nan          nan     511.3803
2022.617400          nan          nan     486.9407
2022.620100          nan          nan     504.8759
2022.622900          nan          nan     499.8428
2022.625600          nan          nan     492.9366
2022.628300          nan          nan     480.3005
2022.631100          nan          nan     487.8608
2022.633800          nan          nan     497.0496
2022.636600          nan          nan     483.9845
2022.639300          nan          nan     510.6485
2022.642000          nan          nan     478.7496
2022.644800          nan          nan     478.0819
2022.647500          nan          nan     500.3377
2022.650200          nan          nan     492.3834
2022.653000          nan          nan     494.5554
2022.655700          nan          nan     479.0737
2022.658500          nan          nan     476.6552
2022.661200          nan          nan     504.3731
2022.663900          nan          nan     520.6992
2022.666700          nan          nan     486.3041
2022.669400          nan          nan     498.6995
2022.672100          nan          nan     485.1841
2022.674900          nan          nan     468.4524
2022.677600          nan          nan     469.1764
2022.680400          nan          nan     452.1788
2022.683100          nan          nan     474.7103
2022.685800          nan          nan     495.5647
2022.688600          nan          nan     482.2784
2022.691300          nan          nan     478.0353
2022.694000          nan          nan     476.4611
2022.696800          nan          nan     475.9429
2022.699500          nan          nan     482.8063
2022.702300          nan          nan     479.5182
2022.705000          nan          nan     481.2574
2022.707700          nan          nan     479.4736
2022.710500          nan          nan     472.3752
2022.713200          nan          nan     506.0890
2022.715900          nan          nan     490.7568
2022.718700          nan          nan     495.7220
2022.721400          nan          nan     474.5026
2022.724200          nan          nan     479.7628
2022.726900          nan          nan     483.7885
2022.729600          nan          nan     478.3245
2022.732400          nan          nan     473.4564
2022.735100          nan          nan     488.0607
2022.737900          nan          nan     482.1192
2022.740600          nan          nan     480.3490
2022.743300          nan          nan     468.1380
2022.746100          nan          nan     475.5352
2022.748800          nan          nan     470.5080
2022.751500          nan          nan     467.1034
2022.754300          nan          nan     482.4803
2022.757000          nan          nan     500.3009
2022.759800          nan          nan     474.3434
2022.762500          nan          nan     463.5882
2022.765200          nan          nan     472.5771
2022.768000          nan          nan     464.3530
2022.770700          nan          nan     472.2957
2022.773400          nan          nan     494.8873
2022.776200          nan          nan     493.6373
2022.778900          nan          nan     454.9972
2022.781700          nan          nan     465.5409
2022.784400          nan          nan     477.3909
2022.787100          nan          nan     470.0169
2022.789900          nan          nan     474.5570
2022.792600          nan          nan     496.8905
2022.795300          nan          nan     491.2265
2022.798100          nan          nan     479.3397
2022.800800          nan          nan     473.4719
2022.803600          nan          nan     474.9976
2022.806300          nan          nan     478.5710
2022.809000          nan          nan     485.5024
2022.811800          nan          nan     480.8925
2022.814500          nan          nan     469.0774
2022.817200          nan          nan     459.2403
2022.820000          nan          nan     463.7027
2022.822700          nan          nan     475.2111
2022.825500          nan          nan     477.2045
2022.828200          nan          nan     477.3171
2022.830900          nan          nan     474.8714
2022.833700          nan          nan     491.9525
2022.836400          nan          nan     484.8852
2022.839200          nan          nan     482.6821
2022.841900          nan          nan     477.5170
2022.844600          nan          nan     488.5169
2022.847400          nan          nan     470.7700
2022.850100          nan          nan     491.4847
2022.852800          nan          nan     478.5089
2022.855600          nan          nan     476.4029
2022.858300          nan          nan     480.9915
2022.861100          nan          nan     476.4165
2022.863800          nan          nan     475.7449
2022.866500          nan          nan     499.6312
2022.869300          nan          nan     477.3559
2022.872000          nan          nan     478.9709
2022.874700          nan          nan     468.7921
2022.877500          nan          nan     474.3279
2022.880200          nan          nan     479.5338
2022.883000          nan          nan     469.4423
2022.885700          nan          nan     467.1364
2022.888400          nan          nan     475.6614
2022.891200          nan          nan     475.0015
2022.893900          nan          nan     485.0968
2022.896600          nan          nan     479.7259
2022.899400          nan          nan     470.0266
2022.902100          nan          nan     498.4006
2022.904900          nan          nan     488.4159
2022.907600          nan          nan     489.2525
2022.910300          nan          nan     473.9164
2022.913100          nan          nan     495.6657
2022.915800          nan          nan     484.1709
2022.918500          nan          nan     475.0655
2022.921300          nan          nan     484.3184
2022.924000          nan          nan     495.5900
2022.926800          nan          nan     483.1538
2022.929500          nan          nan     491.1955
2022.932200          nan          nan     484.5339
2022.935000          nan          nan     491.0654
2022.937700          nan          nan     487.6220
2022.940500          nan          nan     481.1254
2022.943200          nan          nan     484.3650
2022.945900          nan          nan     477.3928
2022.948700          nan          nan     505.7144
2022.951400          nan          nan     496.2519
2022.954100          nan          nan     481.1642
2022.956900          nan          nan     495.6249
2022.959600          nan          nan     488.2645
2022.962400          nan          nan     474.6055
2022.965100          nan          nan     476.9134
2022.967800          nan          nan     481.5233
2022.970600          nan          nan     491.0810
2022.973300          nan          nan     514.3889
2022.976000          nan          nan     494.5671
2022.978800          nan          nan     495.8404
2022.981500          nan          nan     486.5545
2022.984300          nan          nan     485.7140
2022.987000          nan          nan     473.8698
2022.989700          nan          nan     477.4297
2022.992500          nan          nan     462.9205
2022.995200          nan          nan     473.1303
2022.997900          nan          nan     469.3336
2023.000700          nan          nan     483.9380
2023.003400          nan          nan     497.5252
2023.006200          nan          nan     487.9035
2023.008900          nan          nan     493.8139
2023.011600          nan          nan     488.3014
2023.014400          nan          nan     479.5202
2023.017100          nan          nan     478.1246
2023.019800          nan          nan     477.9771
2023.022600          nan          nan     479.8249
2023.025300          nan          nan     494.2080
2023.028100          nan          nan     480.0074
2023.030800          nan          nan     473.0294
2023.033500          nan          nan     486.9116
2023.036300          nan          nan     481.3040
2023.039000          nan          nan     476.8707
2023.041800          nan          nan     469.7665
2023.044500          nan          nan     475.1548
2023.047200          nan          nan     471.8531
2023.050000          nan          nan     477.6607
2023.052700          nan          nan     491.6303
2023.055400          nan          nan     464.0521
2023.058200          nan          nan     482.6608
2023.060900          nan          nan     485.8926
2023.063700          nan          nan     483.1984
2023.066400          nan          nan     481.5427
2023.069100          nan          nan     497.3272
2023.071900          nan          nan     484.3553
2023.074600          nan          nan     491.8710
2023.077300          nan          nan     485.4170
2023.080100          nan          nan     471.5969
2023.082800          nan          nan     478.9495
2023.085600          nan          nan     479.2213
2023.088300          nan          nan     499.9573
2023.091000          nan          nan     471.1524
2023.093800          nan          nan     476.3699
2023.096500          nan          nan     478.5303
2023.099200          nan          nan     475.2751
2023.102000          nan          nan     481.7232
2023.104700          nan          nan     471.1854
2023.107500          nan          nan     482.5715
2023.110200          nan          nan     444.4923
2023.112900          nan          nan     467.1772
2023.115700          nan          nan     481.3680
2023.118400          nan          nan     471.2029
2023.121100          nan          nan     491.2537
2023.123900          nan          nan     469.5743
2023.126600          nan          nan     473.3826
2023.129400          nan          nan     477.4336
2023.132100          nan          nan     486.6554
2023.134800          nan          nan     478.7011
2023.137600          nan          nan     473.9649
2023.140300          nan          nan     473.4467
2023.143100          nan          nan     481.9892
2023.145800          nan          nan     477.3365
2023.148500          nan          nan     476.5504
2023.151300          nan          nan     487.5813
2023.154000          nan          nan     493.8062
2023.156700          nan          nan     490.0677
2023.159500          nan          nan     501.4732
2023.162200          nan          nan     491.5720
2023.165000          nan          nan     482.4803
2023.167700          nan          nan     486.0789
2023.170400          nan          nan     500.7104
2023.173200          nan          nan     492.2863
2023.175900          nan          nan     489.8872
2023.178600          nan          nan     495.9180
2023.181400          nan          nan     487.9035
2023.184100          nan          nan     487.5755
2023.186900          nan          nan     504.4294
2023.189600          nan          nan     483.3032
2023.192300          nan          nan     489.6077
2023.195100          nan          nan     472.4762
2023.197800          nan          nan     481.2147
2023.200500          nan          nan     486.7563
2023.203300          nan          nan     495.7821
2023.206000          nan          nan     495.0290
2023.208800          nan          nan     500.6270
2023.211500          nan          nan     490.4831
2023.214200          nan          nan     486.5972
2023.217000          nan          nan     489.7921
2023.219700          nan          nan     490.5957
2023.222500          nan          nan     511.1745
2023.225200          nan          nan     499.5574
2023.227900          nan          nan     492.2630
2023.230700          nan          nan     501.2694
2023.233400          nan          nan     497.6785
2023.236100          nan          nan     480.6906
2023.238900          nan          nan     484.2563
2023.241600          nan          nan     494.0760
2023.244400          nan          nan     500.0990
2023.247100          nan          nan     494.1653
2023.249800          nan          nan     492.4669
2023.252600          nan          nan     483.9283
2023.255300          nan          nan     487.7851
2023.258000          nan          nan     490.5200
2023.260800          nan          nan     513.9308
2023.263500          nan          nan     510.0992
2023.266300          nan          nan     514.5771
2023.269000          nan          nan     497.7135
2023.271700          nan          nan     496.4440
2023.274500          nan          nan     502.2050
2023.277200          nan          nan     498.2900
2023.279900          nan          nan     493.6975
2023.282700          nan          nan     497.3913
2023.285400          nan          nan     496.1936
2023.288200          nan          nan     522.7508
2023.290900          nan          nan     492.0728
2023.293600          nan          nan     498.9557
2023.296400          nan          nan     498.5598
2023.299100          nan          nan     528.8146
2023.301800          nan          nan     492.1679
2023.304600          nan          nan     502.1215
2023.307300          nan          nan     513.6008
2023.310100          nan          nan     499.1576
2023.312800          nan          nan     493.7014
2023.315500          nan          nan     498.3152
2023.318300          nan          nan     499.3653
2023.321000          nan          nan     493.0006
2023.323800          nan          nan     495.0659
2023.326500          nan          nan     490.6442
2023.329200          nan          nan     506.1802
2023.332000          nan          nan     488.7304
2023.334700          nan          nan     501.2888
2023.337400          nan          nan     507.9815
2023.340200          nan          nan     506.0230
2023.342900          nan          nan     511.1357
2023.345700          nan          nan     510.5359
2023.348400          nan          nan     501.3063
2023.351100          nan          nan     498.7772
2023.353900          nan          nan     480.6867
2023.356600          nan          nan     489.1516
2023.359300          nan          nan     492.9075
2023.362100          nan          nan     505.9163
2023.364800          nan          nan     510.9707
2023.367600          nan          nan     506.8111
2023.370300          nan          nan     494.9164
2023.373000          nan          nan     492.9055
2023.375800          nan          nan     519.8373
2023.378500          nan          nan     511.7452
2023.381200          nan          nan     498.0104
2023.384000          nan          nan     529.4804
2023.386700          nan          nan     507.5351
2023.389500          nan          nan     507.1469
2023.392200          nan          nan     502.7893
2023.394900          nan          nan     500.0543
2023.397700          nan          nan     503.8665
2023.400400          nan          nan     489.7785
2023.403100          nan          nan     502.1740
2023.405900          nan          nan     517.7333
2023.408600          nan          nan     530.1695
2023.411400          nan          nan     508.2843
2023.414100          nan          nan     521.6774
2023.416800          nan          nan     525.9691
2023.419600          nan          nan     528.7874
2023.422300          nan          nan     531.9183
2023.425100          nan          nan     518.9095
2023.427800          nan          nan     505.8697
2023.430500          nan          nan     508.3445
2023.433300          nan          nan     512.8360
2023.436000          nan          nan     520.3575
2023.438700          nan          nan     513.7406
2023.441500          nan          nan     509.5945
2023.444200          nan          nan     516.0465
2023.447000          nan          nan     520.2838
2023.449700          nan          nan     516.2018
2023.452400          nan          nan     519.0512
2023.455200          nan          nan     525.2101
2023.457900          nan          nan     562.8603
2023.460600          nan          nan     514.3481
2023.463400          nan          nan     515.5729
2023.466100          nan          nan     520.7147
2023.468900          nan          nan     518.8979
2023.471600          nan          nan     511.7859
2023.474300          nan          nan     528.7156
2023.477100          nan          nan     512.7953
2023.479800          nan          nan     509.9944
2023.482500          nan          nan     527.8829
2023.485300          nan          nan     514.9886
2023.488000          nan          nan     544.6418
2023.490800          nan          nan     531.5068
2023.493500          nan          nan     547.8717
2023.496200          nan          nan     516.4735
2023.499000          nan          nan     539.3622
2023.501700          nan          nan     519.4744
2023.504400          nan          nan     515.1362
2023.507200          nan          nan     522.2908
2023.509900          nan          nan     512.5119
2023.512700          nan          nan     534.5523
2023.515400          nan          nan     531.7339
2023.518100          nan          nan     531.2739
2023.520900          nan          nan     549.6089
2023.523600          nan          nan     553.1435
2023.526400          nan          nan     591.3352
2023.529100          nan          nan     528.5021
2023.531800          nan          nan     525.0742
2023.534600          nan          nan     520.8486
2023.537300          nan          nan     555.4844
2023.540000          nan          nan     531.4796
2023.542800          nan          nan     527.7936
2023.545500          nan          nan     528.1372
2023.548300          nan          nan     522.0909
2023.551000          nan          nan     531.2448
2023.553700          nan          nan     523.9252
2023.556500          nan          nan     514.8353
2023.559200          nan          nan     529.9753
2023.561900          nan          nan     521.5959
2023.564700          nan          nan     537.7938
2023.567400          nan          nan     528.2110
2023.570200          nan          nan     521.5319
2023.572900          nan          nan     512.1780
2023.575600          nan          nan     543.0152
2023.578400          nan          nan     531.9668
2023.581100          nan          nan     524.4725
2023.583800          nan          nan     535.8431
2023.586600          nan          nan     538.4693
2023.589300          nan          nan     539.3466
2023.592100          nan          nan     540.8568
2023.594800          nan          nan     533.3722
2023.597500          nan          nan     522.2695
2023.600300          nan          nan     527.3666
2023.603000          nan          nan     514.0705
2023.605700          nan          nan     509.4489
2023.608500          nan          nan     510.6679
2023.611200          nan          nan     517.3489
2023.614000          nan          nan     529.1232
2023.616700          nan          nan     528.6846
2023.619400          nan          nan     526.4951
2023.622200          nan          nan     532.7898
2023.624900          nan          nan     541.6914
2023.627700          nan          nan     534.3757
2023.630400          nan          nan     522.8556
2023.633100          nan          nan     526.2602
2023.635900          nan          nan     550.8511
2023.638600          nan          nan     533.8477
2023.641300          nan          nan     522.5431
2023.644100          nan          nan     518.3505
2023.646800          nan          nan     521.4659
2023.649600          nan          nan     520.7341
2023.652300          nan          nan     531.6408
2023.655000          nan          nan     538.6498
2023.657800          nan          nan     527.0153
2023.660500          nan          nan     522.3859
2023.663200          nan          nan     507.0285
2023.666000          nan          nan     498.6471
2023.668700          nan          nan     539.7465
2023.671500          nan          nan     518.1486
2023.674200          nan          nan     532.3318
2023.676900          nan          nan     527.3627
2023.679700          nan          nan     532.9859
2023.682400          nan          nan     517.5217
2023.685100          nan          nan     526.9085
2023.687900          nan          nan     533.3741
2023.690600          nan          nan     528.9330
2023.693400          nan          nan     524.1251
2023.696100          nan          nan     536.8718
2023.698800          nan          nan     550.3931
2023.701600          nan          nan     522.4597
2023.704300          nan          nan     539.0419
2023.707000          nan          nan     527.9683
2023.709800          nan          nan     536.1323
2023.712500          nan          nan     517.5702
2023.715300          nan          nan     524.0067
2023.718000          nan          nan     527.6791
2023.720700          nan          nan     511.2425
2023.723500          nan          nan     499.7186
2023.726200          nan          nan     511.5220
2023.729000          nan          nan     507.7214
2023.731700          nan          nan     524.2745
2023.734400          nan          nan     512.4323
2023.737200          nan          nan     525.2412
2023.739900          nan          nan     516.0387
2023.742600          nan          nan     529.3484
2023.745400          nan          nan     544.1934
2023.748100          nan          nan     544.4593
2023.750900          nan          nan     528.0498
2023.753600          nan          nan     508.9035
2023.756300          nan          nan     526.8600
2023.759100          nan          nan     535.9363
2023.761800          nan          nan     522.5528
2023.764500          nan          nan     517.9895
2023.767300          nan          nan     507.1313
2023.770000          nan          nan     513.6416
2023.772800          nan          nan     517.5760
2023.775500          nan          nan     505.5184
2023.778200          nan          nan     518.8280
2023.781000          nan          nan     528.3604
2023.783700          nan          nan     518.9483
2023.786400          nan          nan     515.3730
2023.789200          nan          nan     517.0539
2023.791900          nan          nan     524.5055
2023.794700          nan          nan     523.3991
2023.797400          nan          nan     520.9127
2023.800100          nan          nan     521.4348
2023.802900          nan          nan     515.0973
2023.805600          nan          nan     522.0559
2023.808400          nan          nan     507.7156
2023.811100          nan          nan     517.9526
2023.813800          nan          nan     516.0504
2023.816600          nan          nan     523.7058
2023.819300          nan          nan     518.0807
2023.822000          nan          nan     529.2009
2023.824800          nan          nan     515.3866
2023.827500          nan          nan     510.0080
2023.830300          nan          nan     510.6407
2023.833000          nan          nan     521.9104
2023.835700          nan          nan     518.4767
2023.838500          nan          nan     525.6391
2023.841200          nan          nan     500.2446
2023.843900          nan          nan     518.1875
2023.846700          nan          nan     538.0132
2023.849400          nan          nan     559.3218
2023.852200          nan          nan     505.9318
2023.854900          nan          nan     509.5227
2023.857600          nan          nan     523.1817
2023.860400          nan          nan     508.4183
2023.863100          nan          nan     521.3902
2023.865800          nan          nan     515.7883
2023.868600          nan          nan     523.8960
2023.871300          nan          nan     512.4420
2023.874100          nan          nan     519.7228
2023.876800          nan          nan     527.0133
2023.879500          nan          nan     527.1725
2023.882300          nan          nan     538.0403
2023.885000          nan          nan     548.0541
2023.887700          nan          nan     529.0029
2023.890500          nan          nan     518.7271
2023.893200          nan          nan     528.0266
2023.896000          nan          nan     511.1881
2023.898700          nan          nan     530.7906
2023.901400          nan          nan     525.1829
2023.904200          nan          nan     513.5659
2023.906900          nan          nan     491.6497
2023.909700          nan          nan     513.3097
2023.912400          nan          nan     504.2470
2023.915100          nan          nan     509.3092
2023.917900          nan          nan     518.9173
2023.920600          nan          nan     519.8160
2023.923300          nan          nan     513.7367
2023.926100          nan          nan     516.6638
2023.928800          nan          nan     523.7640
2023.931600          nan          nan     542.4620
2023.934300          nan          nan     523.5699
2023.937000          nan          nan     529.0029
2023.939800          nan          nan     523.8805
2023.942500          nan          nan     507.6088
2023.945200          nan          nan     513.1893
2023.948000          nan          nan     525.9516
2023.950700          nan          nan     510.5592
2023.953500          nan          nan     524.7773
2023.956200          nan          nan     510.0138
2023.958900          nan          nan     512.4187
2023.961700          nan          nan     529.2979
2023.964400          nan          nan     517.5120
2023.967100          nan          nan     524.5618
2023.969900          nan          nan     512.3333
2023.972600          nan          nan     503.2881
2023.975400          nan          nan     511.1881
2023.978100          nan          nan     512.0849
2023.980800          nan          nan     511.7413
2023.983600          nan          nan     529.2863
2023.986300          nan          nan     522.7081
2023.989000          nan          nan     517.3606
2023.991800          nan          nan     527.1007
2023.994500          nan          nan     515.4642
2023.997300          nan          nan     515.9941
2024.000000          nan          nan     510.0351
2024.002700          nan          nan     526.0448
2024.005500          nan          nan     532.8888
2024.008200          nan          nan     519.9422
2024.011000          nan          nan     537.0737
2024.013700          nan          nan     518.0089
2024.016400          nan          nan     518.2768
2024.019200          nan          nan     511.1706
2024.021900          nan          nan     530.3830
2024.024600          nan          nan     522.3704
2024.027400          nan          nan     514.0628
2024.030100          nan          nan     531.3865
2024.032900          nan          nan     521.8288
2024.035600          nan          nan     539.0827
2024.038300          nan          nan     536.6991
2024.041100          nan          nan     525.0645
2024.043800          nan          nan     521.6755
2024.046500          nan          nan     516.3124
2024.049300          nan          nan     507.7797
2024.052000          nan          nan     508.6881
2024.054800          nan          nan     516.7472
2024.057500          nan          nan     521.7163
2024.060200          nan          nan     529.4513
2024.063000          nan          nan     511.9257
2024.065700          nan          nan     534.6494
2024.068400          nan          nan     510.7009
2024.071200          nan          nan     512.1897
2024.073900          nan          nan     514.5228
2024.076700          nan          nan     512.7759
2024.079400          nan          nan     520.0470
2024.082100          nan          nan     546.1383
2024.084900          nan          nan     536.5807
2024.087600          nan          nan     516.1339
2024.090300          nan          nan     518.9309
2024.093100          nan          nan     520.9224
2024.095800          nan          nan     525.3673
2024.098600          nan          nan     516.7259
2024.101300          nan          nan     520.3750
2024.104000          nan          nan     518.1913
2024.106800          nan          nan     509.3616
2024.109500          nan          nan     524.7753
2024.112300          nan          nan     518.0302
2024.115000          nan          nan     519.9635
2024.117700          nan          nan     538.4441
2024.120500          nan          nan     536.1672
2024.123200          nan          nan     532.2405
2024.125900          nan          nan     523.0090
2024.128700          nan          nan     524.1950
2024.131400          nan          nan     516.2872
2024.134200          nan          nan     522.4383
2024.136900          nan          nan     520.0101
2024.139600          nan          nan     517.3295
2024.142400          nan          nan     516.0135
2024.145100          nan          nan     512.7856
2024.147800          nan          nan     513.8318
2024.150600          nan          nan     507.9272
2024.153300          nan          nan     523.0789
2024.156100          nan          nan     524.5249
2024.158800          nan          nan     513.9521
2024.161500          nan          nan     521.4445
2024.164300          nan          nan     531.4137
2024.167000          nan          nan     541.2916
2024.169700          nan          nan     529.0883
2024.172500          nan          nan     530.0064
2024.175200          nan          nan     525.0354
2024.178000          nan          nan     526.1360
2024.180700          nan          nan     519.4627
2024.183400          nan          nan     529.4493
2024.186200          nan          nan     522.2695
2024.188900          nan          nan     524.4201
2024.191600          nan          nan     529.3542
2024.194400          nan          nan     527.1453
2024.197100          nan          nan     530.7770
2024.199900          nan          nan     527.0056
2024.202600          nan          nan     539.1351
2024.205300          nan          nan     529.7269
2024.208100          nan          nan     535.0686
2024.210800          nan          nan     538.1160
2024.213600          nan          nan     525.8138
2024.216300          nan          nan     526.1496
2024.219000          nan          nan     530.1151
2024.221800          nan          nan     525.1674
2024.224500          nan          nan     522.9003
2024.227200          nan          nan     519.9460
2024.230000          nan          nan     534.0554
2024.232700          nan          nan     535.6995
2024.235500          nan          nan     516.9646
2024.238200          nan          nan     521.0117
2024.240900          nan          nan     521.7609
2024.243700          nan          nan     529.0339
2024.246400          nan          nan     549.0848
2024.249100          nan          nan     532.4560
2024.251900          nan          nan     543.7120
2024.254600          nan          nan     534.6047
2024.257400          nan          nan     522.9372
2024.260100          nan          nan     521.0524
2024.262800          nan          nan     508.6065
2024.265600          nan          nan     529.0417
2024.268300          nan          nan     525.3965
2024.271000          nan          nan     536.5690
2024.273800          nan          nan     518.4126
2024.276500          nan          nan     522.2695
2024.279300          nan          nan     516.8482
2024.282000          nan          nan     521.1145
2024.284700          nan          nan     528.3294
2024.287500          nan          nan     531.7650
2024.290200          nan          nan     537.2193
2024.293000          nan          nan     532.3259
2024.295700          nan          nan     532.1241
2024.298400          nan          nan     548.0968
2024.301200          nan          nan     538.1646
2024.303900          nan          nan     522.9954
2024.306600          nan          nan     526.6969
2024.309400          nan          nan     527.5898
2024.312100          nan          nan     531.1380
2024.314900          nan          nan     546.5129
2024.317600          nan          nan     527.8053
2024.320300          nan          nan     525.9671
2024.323100          nan          nan     541.5303
2024.325800          nan          nan     540.4608
2024.328500          nan          nan     539.8649
2024.331300          nan          nan     537.0815
2024.334000          nan          nan     530.6722
2024.336800          nan          nan     557.9708
2024.339500          nan          nan     529.7541
2024.342200          nan          nan     530.1500
2024.345000          nan          nan     558.9666
2024.347700          nan          nan     558.3610
2024.350400          nan          nan     525.2237
2024.353200          nan          nan     525.4702
2024.355900          nan          nan     555.0612
2024.358700          nan          nan     551.8760
2024.361400          nan          nan     546.1150
2024.364100          nan          nan     532.6986
2024.366900          nan          nan     532.8811
2024.369600          nan          nan     530.6062
2024.372300          nan          nan     542.9997
2024.375100          nan          nan     531.6718
2024.377800          nan          nan     538.0539
2024.380600          nan          nan     537.1727
2024.383300          nan          nan     565.5719
2024.386000          nan          nan     545.8802
2024.388800          nan          nan     549.9602
2024.391500          nan          nan     555.8221
2024.394300          nan          nan     541.6681
2024.397000          nan          nan     537.6599
2024.399700          nan          nan     572.5344
2024.402500          nan          nan     574.0096
2024.405200          nan          nan     551.0084
2024.407900          nan          nan     544.7777
2024.410700          nan          nan     546.5945
2024.413400          nan          nan     541.4760
2024.416200          nan          nan     534.5038
2024.418900          nan          nan     550.9055
2024.421600          nan          nan     533.3314
2024.424400          nan          nan     528.8670
2024.427100          nan          nan     532.6909
2024.429800          nan          nan     552.4933
2024.432600          nan          nan     551.6198
2024.435300          nan          nan     541.0742
2024.438100          nan          nan     540.3832
2024.440800          nan          nan     550.5406
2024.443500          nan          nan     554.2712
2024.446300          nan          nan     556.9693
2024.449000          nan          nan     575.1063
2024.451700          nan          nan     550.6260
2024.454500          nan          nan     571.5076
2024.457200          nan          nan     570.8147
2024.460000          nan          nan     569.8189
2024.462700          nan          nan     556.9266
2024.465400          nan          nan     562.4702
2024.468200          nan          nan     554.4886
2024.470900          nan          nan     563.2213
2024.473600          nan          nan     552.7844
2024.476400          nan          nan     559.5722
2024.479100          nan          nan     552.8077
2024.481900          nan          nan     615.2740
2024.484600          nan          nan     554.2557
2024.487300          nan          nan     561.0027
2024.490100          nan          nan     550.7871
2024.492800          nan          nan     561.4472
2024.495600          nan          nan     578.0062
2024.498300          nan          nan     544.0808
2024.501000          nan          nan     560.9950
2024.503800          nan          nan     594.4467
2024.506500          nan          nan     557.5011
2024.509200          nan          nan     583.6526
2024.512000          nan          nan     573.3089
2024.514700          nan          nan     575.3858
2024.517500          nan          nan     581.2225
2024.520200          nan          nan     565.0595
2024.522900          nan          nan     567.1694
2024.525700          nan          nan     559.4266
2024.528400          nan          nan     545.9229
2024.531100          nan          nan     560.1332
2024.533900          nan          nan     564.5878
2024.536600          nan          nan     547.2466
2024.539400          nan          nan     545.4531
2024.542100          nan          nan     566.3464
2024.544800          nan          nan     581.0788
2024.547600          nan          nan     567.6702
2024.550300          nan          nan     564.2365
2024.553000          nan          nan     576.9308
2024.555800          nan          nan     576.1195
2024.558500          nan          nan     617.6789
2024.561300          nan          nan     619.7616
2024.564000          nan          nan     590.0250
2024.566700          nan          nan     570.1023
2024.569500          nan          nan     553.2580
2024.572200          nan          nan     574.0193
2024.574900          nan          nan     577.4025
2024.577700          nan          nan     559.5800
2024.580400          nan          nan     547.1884
2024.583200          nan          nan     562.1479
2024.585900          nan          nan     558.6968
2024.588600          nan          nan     569.6073
2024.591400          nan          nan     593.6645
2024.594100          nan          nan     572.8896
2024.596900          nan          nan     572.4645
2024.599600          nan          nan     568.7047
2024.602300          nan          nan     571.0592
2024.605100          nan          nan     553.3454
2024.607800          nan          nan     575.1102
2024.610500          nan          nan     587.1911
2024.613300          nan          nan     584.4232
2024.616000          nan          nan     574.9937
2024.618800          nan          nan     569.9451
2024.621500          nan          nan     565.5137
2024.624200          nan          nan     570.2343
2024.627000          nan          nan     554.8050
2024.629700          nan          nan     562.6623
2024.632400          nan          nan     558.4775
2024.635200          nan          nan     560.8746
2024.637900          nan          nan     559.6615
2024.640700          nan          nan     564.6266
2024.643400          nan          nan     570.2886
2024.646100          nan          nan     584.0370
2024.648900          nan          nan     583.2120
2024.651600          nan          nan     569.7956
2024.654300          nan          nan     572.7829
2024.657100          nan          nan     588.9905
2024.659800          nan          nan     572.6043
2024.662600          nan          nan     574.8656
2024.665300          nan          nan     583.3692
2024.668000          nan          nan     586.2361
2024.670800          nan          nan     596.2325
2024.673500          nan          nan     554.5236
2024.676200          nan          nan     561.1114
2024.679000          nan          nan     578.5400
2024.681700          nan          nan     564.8518
2024.684500          nan          nan     569.2774
2024.687200          nan          nan     564.5762
2024.689900          nan          nan     574.4017
2024.692700          nan          nan     557.9495
2024.695400          nan          nan     558.7414
2024.698200          nan          nan     581.8844
2024.700900          nan          nan     573.7514
2024.703600          nan          nan     575.1936
2024.706400          nan          nan     562.2683
2024.709100          nan          nan     558.1358
2024.711800          nan          nan     593.1249
2024.714600          nan          nan     540.6413
2024.717300          nan          nan     569.4152
2024.720100          nan          nan     573.7689
2024.722800          nan          nan     569.7335
2024.725500          nan          nan     554.4091
2024.728300          nan          nan     548.6228
2024.731000          nan          nan     539.7523
2024.733700          nan          nan     549.6322
2024.736500          nan          nan     565.9077
2024.739200          nan          nan     566.8899
2024.742000          nan          nan     555.6591
2024.744700          nan          nan     555.4184
2024.747400          nan          nan     558.6754
2024.750200          nan          nan     579.8773
2024.752900          nan          nan     565.5642
2024.755600          nan          nan     566.0106
2024.758400          nan          nan     570.0266
2024.761100          nan          nan     549.5487
2024.763900          nan          nan     566.0863
2024.766600          nan          nan     561.8471
2024.769300          nan          nan     566.2222
2024.772100          nan          nan     561.0823
2024.774800          nan          nan     558.1048
2024.777500          nan          nan     555.1136
2024.780300          nan          nan     545.3095
2024.783000          nan          nan     546.6878
2024.788500          nan          nan     554.1055
2024.791200          nan          nan     557.4537
2024.794000          nan          nan     558.9278
2024.796700          nan          nan     556.4898
2024.799500          nan          nan     553.7615
2024.802200          nan          nan     549.3410
2024.804900          nan          nan     531.3729
2024.807700          nan          nan     542.7396
2024.810400          nan          nan     562.9535
2024.813100          nan          nan     543.9877
2024.815900          nan          nan     543.5276
2024.818600          nan          nan     549.8767
2024.821400          nan          nan     561.4278
2024.824100          nan          nan     547.0409
2024.826800          nan          nan     554.5372
2024.829600          nan          nan     573.7941
2024.832300          nan          nan     549.8690
2024.835000          nan          nan     551.8333
2024.837800          nan          nan     549.9913
2024.840500          nan          nan     553.1280
2024.843300          nan          nan     563.1029
2024.846000          nan          nan     558.8346
2024.848700          nan          nan     564.5839
2024.851500          nan          nan     549.9932
2024.854200          nan          nan     534.3330
2024.856900          nan          nan     535.6700
2024.859700          nan          nan     539.0749
2024.862400          nan          nan     547.3262
2024.865200          nan          nan     554.3916
2024.867900          nan          nan     553.8559
2024.870600          nan          nan     558.2154
2024.873400          nan          nan     543.4112
2024.876100          nan          nan     571.3601
2024.878900          nan          nan     565.1701
2024.881600          nan          nan     537.1513
2024.884300          nan          nan     544.7777
2024.887100          nan          nan     542.0738
2024.889800          nan          nan     550.5658
2024.892500          nan          nan     560.3408
2024.895300          nan          nan     549.1935
2024.898000          nan          nan     533.4906
2024.900800          nan          nan     540.5773
2024.903500          nan          nan     550.1873
2024.906200          nan          nan     574.1590
2024.909000          nan          nan     578.4973
2024.911700          nan          nan     563.9473
2024.914400          nan          nan     562.4022
2024.917200          nan          nan     561.1833
2024.919900          nan          nan     560.6378
2024.922700          nan          nan     559.4305
2024.925400          nan          nan     555.1117
2024.928100          nan          nan     559.4227
2024.930900          nan          nan     563.7144
2024.933600          nan          nan     540.5617
2024.936300          nan          nan     554.4285
2024.939100          nan          nan     564.1686
2024.941800          nan          nan     558.5978
2024.944600          nan          nan     565.8029
2024.947300          nan          nan     550.6512
2024.950000          nan          nan     555.2748
2024.952800          nan          nan     558.6250
2024.955500          nan          nan     550.0340
2024.958200          nan          nan     547.8076
2024.961000          nan          nan     545.1659
2024.963700          nan          nan     547.9493
2024.966500          nan          nan     552.3341
2024.969200          nan          nan     548.6170
2024.971900          nan          nan     552.8096
2024.974700          nan          nan     557.1420
2024.977400          nan          nan     545.6938
2024.980200          nan          nan     542.3533
2024.982900          nan          nan     555.5795
2024.985600          nan          nan     560.1157
2024.988400          nan          nan     563.3941
2024.991100          nan          nan     544.6088
2024.993800          nan          nan     537.9219
2024.996600          nan          nan     551.3170
2024.999300          nan          nan     563.4387
2025.002100          nan          nan     558.0757
2025.004800          nan          nan     555.3175
2025.007500          nan          nan     551.7324
2025.010300          nan          nan     544.6185
2025.013000          nan          nan     548.5083
2025.015700          nan          nan     555.2631
2025.018500          nan          nan     561.9305
2025.021200          nan          nan     553.9199
2025.024000          nan          nan     548.7762
2025.026700          nan          nan     541.3808
2025.029400          nan          nan     542.0660
2025.032200          nan          nan     549.7118
2025.034900          nan          nan     538.2888
2025.037600          nan          nan     548.4151
2025.040400          nan          nan     537.9025
2025.043100          nan          nan     547.2758
2025.045900          nan          nan     539.8610
2025.048600          nan          nan     556.1637
2025.051300          nan          nan     555.6707
2025.054100          nan          nan     547.0293
2025.056800          nan          nan     543.2345
2025.059500          nan          nan     540.7151
2025.062300          nan          nan     543.9197
2025.065000          nan          nan     548.7451
2025.067800          nan          nan     543.7644
2025.070500          nan          nan     548.2579
2025.073200          nan          nan     538.5819
2025.076000          nan          nan     567.2024
2025.078700          nan          nan     537.9646
2025.081500          nan          nan     555.1447
2025.084200          nan          nan     539.0924
2025.086900          nan          nan     544.8922
2025.089700          nan          nan     549.6496
2025.092400          nan          nan     558.6172
2025.095100          nan          nan     570.4264
2025.097900          nan          nan     548.8169
2025.100600          nan          nan     556.4141
2025.103400          nan          nan     557.8641
2025.106100          nan          nan     558.3163
2025.108800          nan          nan     553.0309
2025.111600          nan          nan     563.0078
2025.114300          nan          nan     556.0609
2025.117000          nan          nan     578.2488
2025.119800          nan          nan     576.4844
2025.122500          nan          nan     577.8684
2025.125300          nan          nan     561.9053
2025.128000          nan          nan     556.8004
2025.130700          nan          nan     575.0713
2025.133500          nan          nan     551.1248
2025.136200          nan          nan     558.6230
2025.138900          nan          nan     551.6237
2025.141700          nan          nan     551.1229
2025.144400          nan          nan     552.4311
2025.147200          nan          nan     554.0247
2025.149900          nan          nan     550.4707
2025.152600          nan          nan     554.7410
2025.155400          nan          nan     548.5549
2025.158100          nan          nan     559.1879
2025.160800          nan          nan     568.8096
2025.163600          nan          nan     563.1126
2025.166300          nan          nan     571.8861
2025.169100          nan          nan     558.3338
2025.171800          nan          nan     548.9839
2025.174500          nan          nan     547.2991
2025.177300          nan          nan     545.7229
2025.180000          nan          nan     543.8518
2025.182800          nan          nan     539.7581
2025.185500          nan          nan     543.3626
2025.188200          nan          nan     543.2112
2025.191000          nan          nan     541.7768
2025.193700          nan          nan     553.3046
2025.196400          nan          nan     580.1510
2025.199200          nan          nan     552.5224
2025.201900          nan          nan     546.0665
2025.204700          nan          nan     558.1941
2025.207400          nan          nan     552.0565
2025.210100          nan          nan     555.7678
2025.212900          nan          nan     554.2149
2025.215600          nan          nan     573.2798
2025.218300          nan          nan     555.6416
2025.221100          nan          nan     561.7675
2025.223800          nan          nan     551.0666
2025.226600          nan          nan     572.3131
2025.229300          nan          nan     565.4031
2025.232000          nan          nan     560.8280
2025.234800          nan          nan     569.6073
2025.237500          nan          nan     567.9555
2025.240200          nan          nan     556.2589
2025.243000          nan          nan     568.4175
2025.245700          nan          nan     541.9476
2025.248500          nan          nan     524.2610
2025.251200          nan          nan     532.4599
2025.253900          nan          nan     532.0464
2025.256700          nan          nan     538.0597
2025.259400          nan          nan     534.0806
2025.262100          nan          nan     530.2840
2025.264900          nan          nan     538.9507
2025.267600          nan          nan     543.3025
2025.270400          nan          nan     539.3564
2025.273100          nan          nan     535.3151
2025.275800          nan          nan     539.9658
2025.278600          nan          nan     532.6423
2025.281300          nan          nan     533.9816
2025.284100          nan          nan     549.4750
2025.286800          nan          nan     545.7055
2025.289500          nan          nan     540.0357
2025.292300          nan          nan     547.0331
2025.295000          nan          nan     568.1807
2025.297700          nan          nan     544.8747
2025.300500          nan          nan     546.3790
2025.303200          nan          nan     549.5972
2025.306000          nan          nan     559.0753
2025.308700          nan          nan     551.4237
2025.311400          nan          nan     554.7740
2025.314200          nan          nan     559.0384
2025.316900          nan          nan     542.6619
2025.319600          nan          nan     544.1118
2025.322400          nan          nan     548.1195
2025.325100          nan          nan     553.5956
2025.327900          nan          nan     560.1023
2025.330600          nan          nan     566.3718
2025.333300          nan          nan     571.8479
2025.336100          nan          nan     575.8556
2025.338800          nan          nan     577.3055
2025.341500          nan          nan     554.6789
2025.344300          nan          nan     541.7186
2025.347000          nan          nan     543.0113
2025.349800          nan          nan     539.8533
2025.352500          nan          nan     548.4462
2025.355200          nan          nan     571.0689
2025.358000          nan          nan     587.6240
2025.360700          nan          nan     545.2280
2025.363400          nan          nan     541.8855
2025.366200          nan          nan     535.7887
2025.368900          nan          nan     556.8353
2025.371700          nan          nan     564.3510
2025.374400          nan          nan     565.2361
2025.377100          nan          nan     590.9179
2025.379900          nan          nan     548.6500
2025.382600          nan          nan     555.0185
2025.385400          nan          nan     544.2963
2025.388100          nan          nan     561.3385
2025.390800          nan          nan     560.9620
2025.393600          nan          nan     553.1551
2025.396300          nan          nan     577.4918
2025.399000          nan          nan     555.0418
2025.401800          nan          nan     549.0770
2025.404500          nan          nan     553.5123
2025.407300          nan          nan     552.3457
2025.410000          nan          nan     555.4960
2025.412700          nan          nan     569.8441
2025.415500          nan          nan     566.0028
2025.418200          nan          nan     552.3807
2025.420900          nan          nan     568.7707
2025.423700          nan          nan     591.3566
2025.426400          nan          nan     548.9645
2025.429200          nan          nan     556.5228
2025.431900          nan          nan     593.5597
2025.434600          nan          nan     551.1753
2025.437400          nan          nan     559.1762
2025.440100          nan          nan     577.6354
2025.442800          nan          nan     581.4379
2025.445600          nan          nan     581.2904
2025.448300          nan          nan     581.9193
2025.451100          nan          nan     578.5400
2025.453800          nan          nan     567.7711
2025.456500          nan          nan     583.7594
2025.459300          nan          nan     585.9741
2025.462000          nan          nan     580.1083
2025.464800          nan          nan     570.3566
2025.467500          nan          nan     552.0507
2025.470200          nan          nan     598.9751
2025.473000          nan          nan     599.0062
2025.475700          nan          nan     569.7238
2025.478400          nan          nan     562.4177
2025.481200          nan          nan     571.2048
2025.483900          nan          nan     589.9474
2025.486700          nan          nan     594.5826
2025.489400          nan          nan     560.5777
2025.492100          nan          nan     573.6738
2025.494900          nan          nan     568.0856
2025.497600          nan          nan     556.1036
2025.500300          nan          nan     565.1371
2025.503100          nan          nan     584.7551
2025.505800          nan          nan     572.3034
2025.508600          nan          nan     580.6848
2025.511300          nan          nan     590.4152
2025.514000          nan          nan     567.3790
2025.516800          nan          nan     574.6598
2025.519500          nan          nan     579.2387
2025.522200          nan          nan     558.7414
2025.525000          nan          nan     566.6938
2025.527700          nan          nan     570.1761
2025.530500          nan          nan     561.0920
2025.533200          nan          nan     572.7809
2025.535900          nan          nan     561.9500
2025.538700          nan          nan     605.1340
2025.541400          nan          nan     571.2727
2025.544100          nan          nan     578.2527
2025.546900          nan          nan     593.4315
2025.549600          nan          nan     576.1234
2025.552400          nan          nan     559.7120
2025.555100          nan          nan     583.2431
2025.557800          nan          nan     577.3210
2025.560600          nan          nan     579.5396
2025.563300          nan          nan     579.7706
2025.566100          nan          nan     577.9227
2025.568800          nan          nan     590.3473
2025.571500          nan          nan     581.4884
2025.574300          nan          nan     571.8939
2025.577000          nan          nan     567.6391
2025.579700          nan          nan     577.3152
2025.582500          nan          nan     578.7865
2025.585200          nan          nan     585.1278
2025.588000          nan          nan     592.3931
2025.590700          nan          nan     614.8237
2025.593400          nan          nan     578.3206
2025.596200          nan          nan     593.2685
2025.598900          nan          nan     615.3904
2025.601600          nan          nan     570.7700
2025.604400          nan          nan     568.4563
2025.607100          nan          nan     592.9871
2025.609900          nan          nan     582.9791
2025.612600          nan          nan     576.7542
2025.615300          nan          nan     564.0463
2025.618100          nan          nan     581.9018
2025.620800          nan          nan     583.9341
2025.623500          nan          nan     578.6215
2025.626300          nan          nan     605.3281
2025.629000          nan          nan     594.1691
2025.631800          nan          nan     602.3525
2025.634500          nan          nan     596.4304
2025.637200          nan          nan     579.6036
2025.640000          nan          nan     591.4828
2025.642700          nan          nan     577.2725
2025.645400          nan          nan     571.5872
2025.648200          nan          nan     565.6767
2025.650900          nan          nan     590.2560
2025.653700          nan          nan     600.0951
2025.656400          nan          nan     559.1277
2025.659100          nan          nan     589.1302
2025.661900          nan          nan     583.6332
2025.664600          nan          nan     572.4102
2025.667400          nan          nan     571.9055
2025.670100          nan          nan     635.1424
2025.672800          nan          nan     587.9171
2025.675600          nan          nan     578.3245
2025.678300          nan          nan     576.0904
2025.681000          nan          nan     575.0869
2025.683800          nan          nan     593.8333
2025.686500          nan          nan     568.1283
2025.689300          nan          nan     577.2608
2025.692000          nan          nan     571.8259
2025.694700          nan          nan     570.2323
2025.697500          nan          nan     569.2735
2025.700200          nan          nan     562.2334
2025.702900          nan          nan     570.5759
2025.705700          nan          nan     566.1931
2025.708400          nan          nan     586.6981
2025.711200          nan          nan     569.1007
2025.713900          nan          nan     571.2650
2025.716600          nan          nan     559.7721
2025.719400          nan          nan     591.2188
2025.722100          nan          nan     568.5262
2025.724800          nan          nan     551.8352
2025.727600          nan          nan     556.8645
2025.730300          nan          nan     553.9238
2025.733100          nan          nan     600.0602
2025.735800          nan          nan     550.2591
2025.738500          nan          nan     568.2700
2025.741300          nan          nan     568.2214
2025.744000          nan          nan     560.5369
2025.746700          nan          nan     554.0344
2025.749500          nan          nan     564.7742
2025.752200          nan          nan     558.6657
2025.755000          nan          nan     555.6047
2025.757700          nan          nan     559.1471
2025.760400          nan          nan     551.4897
2025.763200          nan          nan     541.5982
2025.765900          nan          nan     553.7996
2025.768700          nan          nan     576.8027
2025.771400          nan          nan     556.5054
2025.774100          nan          nan     547.7261
2025.776900          nan          nan     561.3211
2025.779600          nan          nan     570.0557
2025.782300          nan          nan     558.4348
2025.785100          nan          nan     540.6394
2025.787800          nan          nan     548.4850
2025.790600          nan          nan     555.3582
2025.793300          nan          nan     540.1269
2025.796000          nan          nan     567.2994
2025.798800          nan          nan     541.5750
2025.801500          nan          nan     550.2475
2025.804200          nan          nan     540.9461
2025.807000          nan          nan     542.9143
2025.809700          nan          nan     541.7788
2025.812500          nan          nan     544.7641
2025.815200          nan          nan     561.6316
2025.817900          nan          nan     559.1491
2025.820700          nan          nan     569.4404
2025.823400          nan          nan     552.8407
2025.826100          nan          nan     544.3972
2025.828900          nan          nan     539.7077
2025.831600          nan          nan     566.2163
2025.834400          nan          nan     567.0277
2025.837100          nan          nan     564.6577
2025.839800          nan          nan     543.8557
2025.842600          nan          nan     541.1363
2025.845300          nan          nan     549.9194
2025.848000          nan          nan     565.7660
2025.850800          nan          nan     569.2812
2025.853500          nan          nan     552.8679
2025.856300          nan          nan     576.7037
2025.859000          nan          nan     579.0388
2025.861700          nan          nan     575.4557
2025.864500          nan          nan     555.7620
2025.867200          nan          nan     564.4811
2025.870000          nan          nan     545.0552
2025.872700          nan          nan     551.0181
2025.875400          nan          nan     541.1110
2025.878200          nan          nan     551.3403
2025.880900          nan          nan     554.6362
2025.883600          nan          nan     552.2176
2025.886400          nan          nan     559.5198
2025.889100          nan          nan     559.5353
2025.891900          nan          nan     561.7772
2025.894600          nan          nan     554.7759
2025.897300          nan          nan     570.6710
2025.900100          nan          nan     563.3417
2025.902800          nan          nan     550.1465
2025.905500          nan          nan     556.6121
2025.908300          nan          nan     592.1311
2025.911000          nan          nan     566.4900
2025.913800          nan          nan     575.8012
2025.916500          nan          nan     573.6874
2025.919200          nan          nan     565.2769
2025.922000          nan          nan     569.8810
2025.924700          nan          nan     555.2748
2025.927400          nan          nan     573.8291
2025.930200          nan          nan     556.9130
2025.932900          nan          nan     552.9378
2025.935700          nan          nan     548.1376
2025.938400          nan          nan     559.4130
2025.941100          nan          nan     548.4695
2025.943900          nan          nan     559.2830
2025.946600          nan          nan     561.7986
2025.949300          nan          nan     554.2479
2025.952100          nan          nan     555.7057
2025.954800          nan          nan     562.5536
2025.957600          nan          nan     539.8979
2025.960300          nan          nan     554.8225
2025.963000          nan          nan     542.5028
2025.965800          nan          nan     546.8876
2025.968500          nan          nan     541.4333
2025.971300          nan          nan     571.9443
2025.974000          nan          nan     550.6182
2025.976700          nan          nan     560.5874
2025.979500          nan          nan     568.2156
2025.982200          nan          nan     567.5887
2025.984900          nan          nan     562.9593
2025.987700          nan          nan     559.9701
2025.990400          nan          nan     560.1564
2025.993200          nan          nan     556.2880
2025.995900          nan          nan     545.0999
2025.998600          nan          nan     539.5213
2026.001400          nan          nan     553.8093
2026.004100          nan          nan     564.9760
2026.006800          nan          nan     563.3145
2026.009600          nan          nan     566.8841
2026.012300          nan          nan     545.7462
2026.015100          nan          nan     556.5364
2026.017800          nan          nan     559.5256
2026.020500          nan          nan     560.5408
2026.023300          nan          nan     551.1365
2026.026000          nan          nan     552.1439
2026.028700          nan          nan     561.7326
2026.031500          nan          nan     565.2652
2026.034200          nan          nan     556.0279
2026.037000          nan          nan     586.9640
2026.039700          nan          nan     563.4096
2026.042400          nan          nan     579.0543
2026.045200          nan          nan     567.1577
2026.047900          nan          nan     559.4557
2026.050700          nan          nan     567.6372
2026.053400          nan          nan     570.9292
2026.056100          nan          nan     556.2899
2026.058900          nan          nan     547.6310
2026.061600          nan          nan     545.7773
2026.064300          nan          nan     556.8004
2026.067100          nan          nan     565.2245
2026.069800          nan          nan     560.3855
2026.072600          nan          nan     568.2894
2026.075300          nan          nan     554.8497
2026.078000          nan          nan     554.0034
2026.080800          nan          nan     558.0174
2026.083500          nan          nan     556.5054
2026.086200          nan          nan     569.4210
2026.089000          nan          nan     561.3851
2026.091700          nan          nan     555.3543
2026.094500          nan          nan     573.5457
2026.097200          nan          nan     571.7599
2026.099900          nan          nan     590.6617
2026.102700          nan          nan     580.3082
2026.105400          nan          nan     566.2455
2026.108100          nan          nan     575.6556
2026.110900          nan          nan     568.8115
2026.113600          nan          nan     574.0271
2026.116400          nan          nan     564.7353
2026.119100          nan          nan     565.8670
2026.121800          nan          nan     563.9609
2026.124600          nan          nan     604.4100
2026.127300          nan          nan     563.5086
2026.130000          nan          nan     558.3435
2026.132800          nan          nan     570.6865
2026.135500          nan          nan     577.1385
2026.138300          nan          nan     575.4188
2026.141000          nan          nan     574.8171
2026.143700          nan          nan     555.7251
2026.146500          nan          nan     569.4423
2026.149200          nan          nan     551.7091
2026.152000          nan          nan     554.3353
2026.154700          nan          nan     560.9620
2026.157400          nan          nan     560.7116
2026.160200          nan          nan     578.9282
2026.162900          nan          nan     573.8640
2026.165600          nan          nan     559.7255
2026.168400          nan          nan     566.8239
2026.171100          nan          nan     555.3854
2026.173900          nan          nan     562.5381
2026.176600          nan          nan     565.5079
2026.179300          nan          nan     571.2106
2026.182100          nan          nan     563.6290
2026.184800          nan          nan     563.9783
2026.187500          nan          nan     554.4828
2026.190300          nan          nan     562.4100
2026.193000          nan          nan     557.3788
2026.195800          nan          nan     558.9220
2026.198500          nan          nan     564.7004
2026.201200          nan          nan     572.3597
2026.204000          nan          nan     566.8414
2026.206700          nan          nan     560.0439
2026.209400          nan          nan     570.5546
2026.212200          nan          nan     576.6261
2026.214900          nan          nan     556.5558
2026.217700          nan          nan     571.6512
2026.220400          nan          nan     563.0796
2026.223100          nan          nan     568.3030
2026.225900          nan          nan     558.4794
2026.228600          nan          nan     558.3144
2026.231300          nan          nan     573.9222
2026.234100          nan          nan     566.6744
2026.236800          nan          nan     572.7984
2026.239600          nan          nan     555.9347
2026.242300          nan          nan     556.3947
2026.245000          nan          nan     573.6835
2026.247800          nan          nan     562.9826
2026.250500          nan          nan     577.7325
2026.253300          nan          nan     574.8559
2026.256000          nan          nan     562.6448
2026.258700          nan          nan     570.3566
2026.261500          nan          nan     563.3339
2026.264200          nan          nan     591.5973
2026.266900          nan          nan     573.1885
2026.269700          nan          nan     563.5746
2026.272400          nan          nan     617.8090
2026.275200          nan          nan     581.5874
2026.277900          nan          nan     570.6516
2026.280600          nan          nan     566.2066
2026.283400          nan          nan     567.8526
2026.286100          nan          nan     576.8784
2026.288800          nan          nan     569.1221
2026.291600          nan          nan     570.6788
2026.294300          nan          nan     579.1727
2026.297100          nan          nan     569.5336
2026.299800          nan          nan     537.6560
2026.302500          nan          nan     550.2727
2026.305300          nan          nan     556.8645
2026.308000          nan          nan     546.1636
2026.310700          nan          nan     546.2722
2026.313500          nan          nan     544.5447
2026.316200          nan          nan     538.3645
2026.319000          nan          nan     560.6999
2026.321700          nan          nan     552.4738
2026.324400          nan          nan     548.6694
2026.327200          nan          nan     552.2856
2026.329900          nan          nan     554.5294
2026.332600          nan          nan     566.8685
2026.335400          nan          nan     564.4733
2026.338100          nan          nan     560.4961
2026.340900          nan          nan     557.8369
2026.343600          nan          nan     550.6046
2026.346300          nan          nan     582.1736
2026.349100          nan          nan     571.3348
2026.351800          nan          nan     551.3655
